-- ============================================
-- SEED DATA FOR PM2 POSTGRESQL DATABASE
-- Generated by generate_seed.py using Faker vi_VN
-- Generated at: 2026-06-12 15:35:32.722603
-- ============================================

-- Disable triggers for faster loading
SET session_replication_role = 'replica';

-- ============================================
-- DIMENSION TABLES
-- ============================================

INSERT INTO nam_hoc (id, ma, ten, ngay_bat_dau, ngay_ket_thuc, active) VALUES
    ('NH001', 'NH2021-2022', 'Năm học 2021-2022', '2021-09-01', '2022-08-31', TRUE),
    ('NH002', 'NH2022-2023', 'Năm học 2022-2023', '2022-09-01', '2023-08-31', TRUE),
    ('NH003', 'NH2023-2024', 'Năm học 2023-2024', '2023-09-01', '2024-08-31', TRUE),
    ('NH004', 'NH2024-2025', 'Năm học 2024-2025', '2024-09-01', '2025-08-31', TRUE),
    ('NH005', 'NH2025-2026', 'Năm học 2025-2026', '2025-09-01', '2026-08-31', TRUE);

INSERT INTO hoc_ky (id, ma, ten, loai_hoc_ky, nam_hoc_id, ten_nam_hoc, ngay_bat_dau, ngay_ket_thuc, active) VALUES
    ('HK001', 'HK12021-2022', 'Học kỳ 1 Năm học 2021-2022', 'HK1', 'NH001', 'Năm học 2021-2022', '2021-09-01', '2022-01-15', TRUE),
    ('HK002', 'HK22021-2022', 'Học kỳ 2 Năm học 2021-2022', 'HK2', 'NH001', 'Năm học 2021-2022', '2022-02-01', '2022-06-30', TRUE),
    ('HK003', 'HK32021-2022', 'Học kỳ hè Năm học 2021-2022', 'HK3', 'NH001', 'Năm học 2021-2022', '2022-07-01', '2022-08-31', TRUE),
    ('HK004', 'HK12022-2023', 'Học kỳ 1 Năm học 2022-2023', 'HK1', 'NH002', 'Năm học 2022-2023', '2022-09-01', '2023-01-15', TRUE),
    ('HK005', 'HK22022-2023', 'Học kỳ 2 Năm học 2022-2023', 'HK2', 'NH002', 'Năm học 2022-2023', '2023-02-01', '2023-06-30', TRUE),
    ('HK006', 'HK32022-2023', 'Học kỳ hè Năm học 2022-2023', 'HK3', 'NH002', 'Năm học 2022-2023', '2023-07-01', '2023-08-31', TRUE),
    ('HK007', 'HK12023-2024', 'Học kỳ 1 Năm học 2023-2024', 'HK1', 'NH003', 'Năm học 2023-2024', '2023-09-01', '2024-01-15', TRUE),
    ('HK008', 'HK22023-2024', 'Học kỳ 2 Năm học 2023-2024', 'HK2', 'NH003', 'Năm học 2023-2024', '2024-02-01', '2024-06-30', TRUE),
    ('HK009', 'HK32023-2024', 'Học kỳ hè Năm học 2023-2024', 'HK3', 'NH003', 'Năm học 2023-2024', '2024-07-01', '2024-08-31', TRUE),
    ('HK010', 'HK12024-2025', 'Học kỳ 1 Năm học 2024-2025', 'HK1', 'NH004', 'Năm học 2024-2025', '2024-09-01', '2025-01-15', TRUE),
    ('HK011', 'HK22024-2025', 'Học kỳ 2 Năm học 2024-2025', 'HK2', 'NH004', 'Năm học 2024-2025', '2025-02-01', '2025-06-30', TRUE),
    ('HK012', 'HK32024-2025', 'Học kỳ hè Năm học 2024-2025', 'HK3', 'NH004', 'Năm học 2024-2025', '2025-07-01', '2025-08-31', TRUE),
    ('HK013', 'HK12025-2026', 'Học kỳ 1 Năm học 2025-2026', 'HK1', 'NH005', 'Năm học 2025-2026', '2025-09-01', '2026-01-15', TRUE),
    ('HK014', 'HK22025-2026', 'Học kỳ 2 Năm học 2025-2026', 'HK2', 'NH005', 'Năm học 2025-2026', '2026-02-01', '2026-06-30', TRUE),
    ('HK015', 'HK32025-2026', 'Học kỳ hè Năm học 2025-2026', 'HK3', 'NH005', 'Năm học 2025-2026', '2026-07-01', '2026-08-31', TRUE);

INSERT INTO don_vi (id, ma, ten, ten_viet_tat, cap_don_vi, parent_id, active) VALUES
    ('DV001', 'CNTT', 'Khoa Công nghệ thông tin', 'CNTT', 1, NULL, TRUE),
    ('DV002', 'DTVT', 'Khoa Điện tử viễn thông', 'DTVT', 1, NULL, TRUE),
    ('DV003', 'CK', 'Khoa Cơ khí', 'CK', 1, NULL, TRUE),
    ('DV004', 'KT', 'Khoa Kinh tế', 'KT', 1, NULL, TRUE),
    ('DV005', 'NN', 'Khoa Ngoại ngữ', 'NN', 1, NULL, TRUE),
    ('DV006', 'QS', 'Khoa Quân sự', 'QS', 1, NULL, TRUE),
    ('DV007', 'P2', 'Phòng Đào tạo', 'P2', 1, NULL, TRUE),
    ('DV008', 'P7', 'Phòng Sau đại học', 'P7', 1, NULL, TRUE),
    ('DV009', 'BKT', 'Ban Khảo thí', 'BKT', 1, NULL, TRUE),
    ('DV010', 'KHCN', 'Phòng Khoa học Công nghệ', 'KHCN', 1, NULL, TRUE),
    ('DV011', 'TV', 'Trung tâm Thư viện', 'TV', 1, NULL, TRUE),
    ('DV012', 'CNTT-BM1', 'Bộ môn Tin học cơ bản', 'CNTT-BM1', 2, 'DV001', TRUE),
    ('DV013', 'CNTT-BM2', 'Bộ môn Công nghệ phần mềm', 'CNTT-BM2', 2, 'DV001', TRUE),
    ('DV014', 'DTVT-BM1', 'Bộ môn Viễn thông', 'DTVT-BM1', 2, 'DV002', TRUE),
    ('DV015', 'KT-BM1', 'Bộ môn Kế toán', 'KT-BM1', 2, 'DV004', TRUE);

INSERT INTO giang_vien (id, ma_gv, ho_ten, email, so_dien_thoai, don_vi_id, ten_don_vi, hoc_vi, hoc_ham, active) VALUES
    ('GV001', 'GV3977', 'Anh Nhiên Vũ', 'anhnhienvu@fpt.vn', '(06) 4837 5689', 'DV015', 'Bộ môn Kế toán', 'ThS.', 'Giảng viên chính', TRUE),
    ('GV002', 'GV5345', 'Bà Vân Đặng', 'bavandang@fpt.vn', '+84-13-728360', 'DV015', 'Bộ môn Kế toán', 'GS', 'Nghiên cứu viên', TRUE),
    ('GV003', 'GV7813', 'Huy Mai Trần', 'huymaitran@fpt.vn', '+84-25-655 3566', 'DV014', 'Bộ môn Viễn thông', 'GS', 'Giảng viên cao cấp', TRUE),
    ('GV004', 'GV9509', 'Nhiên Hoàng Bùi', 'nhienhoangbui@gmail.com', '(03) 0304 8596', 'DV014', 'Bộ môn Viễn thông', 'GS', 'Nghiên cứu viên', TRUE),
    ('GV005', 'GV9709', 'Thành Hoàng', 'thanhhoang@tlu.edu.vn', '(03)375-2357', 'DV013', 'Bộ môn Công nghệ phần mềm', 'PGS.TS', 'Giảng viên', TRUE),
    ('GV006', 'GV7825', 'Bà Kim Hoàng', 'bakimhoang@viettel.com.vn', '05 7225 3911', 'DV014', 'Bộ môn Viễn thông', 'TS', 'Giảng viên chính', TRUE),
    ('GV007', 'GV7394', 'Cô Bảo Dương', 'cobaoduong@yahoo.com', '+84-35-313 4379', 'DV014', 'Bộ môn Viễn thông', 'TS.', 'Giảng viên chính', TRUE),
    ('GV008', 'GV7992', 'Châu Mai', 'chaumai@viettel.com.vn', '06 3144429', 'DV014', 'Bộ môn Viễn thông', 'TS.', 'Giảng viên chính', TRUE),
    ('GV009', 'GV4753', 'Minh Trần', 'minhtran@tlu.edu.vn', '03 3628355', 'DV015', 'Bộ môn Kế toán', 'ThS', 'Giảng viên chính', TRUE),
    ('GV010', 'GV5241', 'Duyên Mai', 'duyenmai@fpt.vn', '01 1308239', 'DV012', 'Bộ môn Tin học cơ bản', 'TS.', 'Nghiên cứu viên', TRUE),
    ('GV011', 'GV6425', 'Phương Lê', 'phuongle@fpt.vn', '(07) 9221 2919', 'DV012', 'Bộ môn Tin học cơ bản', 'GS', 'Giảng viên chính', TRUE),
    ('GV012', 'GV6991', 'Duyên Trần', 'duyentran@tlu.edu.vn', '+84-28-501402', 'DV015', 'Bộ môn Kế toán', 'GS', 'Giảng viên cao cấp', TRUE),
    ('GV013', 'GV3316', 'Hương Hoàng', 'huonghoang@yahoo.com', '+84-93-933 7275', 'DV015', 'Bộ môn Kế toán', 'PGS.TS', 'Giảng viên cao cấp', TRUE),
    ('GV014', 'GV8617', 'Bảo Dương', 'baoduong@tlu.edu.vn', '(03)697-6923', 'DV014', 'Bộ môn Viễn thông', 'PGS', 'Giảng viên cao cấp', TRUE),
    ('GV015', 'GV2072', 'Bà Kim Phạm', 'bakimpham@gmail.com', '(02)570-1503', 'DV013', 'Bộ môn Công nghệ phần mềm', 'PGS', 'Giảng viên', TRUE),
    ('GV016', 'GV8178', 'Hải Thị Phạm', 'haithipham@tlu.edu.vn', '+84-78-780650', 'DV013', 'Bộ môn Công nghệ phần mềm', 'TS.', 'Giảng viên chính', TRUE),
    ('GV017', 'GV4205', 'Tùng Đức Lê', 'tungducle@yahoo.com', '(09) 1612 2054', 'DV012', 'Bộ môn Tin học cơ bản', 'GS', 'Nghiên cứu viên', TRUE),
    ('GV018', 'GV8897', 'Châu Lê', 'chaule@fpt.vn', '07 6795 2011', 'DV014', 'Bộ môn Viễn thông', 'PGS.TS', 'Nghiên cứu viên', TRUE),
    ('GV019', 'GV2160', 'Huy Xuân Mai', 'huyxuanmai@yahoo.com', '+84-10-604 3158', 'DV013', 'Bộ môn Công nghệ phần mềm', 'ThS.', 'Giảng viên cao cấp', TRUE),
    ('GV020', 'GV5096', 'Chị Khoa Hoàng', 'chikhoahoang@fpt.vn', '+84 61 9468230', 'DV013', 'Bộ môn Công nghệ phần mềm', 'TS', 'Nghiên cứu viên', TRUE),
    ('GV021', 'GV4202', 'Lâm Bùi', 'lambui@viettel.com.vn', '+84-96-792384', 'DV013', 'Bộ môn Công nghệ phần mềm', 'PGS', 'Giảng viên chính', TRUE),
    ('GV022', 'GV6809', 'Nhiên Đặng', 'nhiendang@gmail.com', '01 6645883', 'DV014', 'Bộ môn Viễn thông', 'PGS.TS', 'Giảng viên', TRUE),
    ('GV023', 'GV4760', 'Bà Mai Bùi', 'bamaibui@gmail.com', '(07)944-3780', 'DV012', 'Bộ môn Tin học cơ bản', 'PGS', 'Giảng viên chính', TRUE),
    ('GV024', 'GV9259', 'Thành Phạm', 'thanhpham@tlu.edu.vn', '06 8254 8218', 'DV012', 'Bộ môn Tin học cơ bản', 'GS', 'Nghiên cứu viên', TRUE),
    ('GV025', 'GV3654', 'Quý cô Duyên Vũ', 'quycoduyenvu@gmail.com', '03 8642 7509', 'DV013', 'Bộ môn Công nghệ phần mềm', 'PGS', 'Giảng viên', TRUE),
    ('GV026', 'GV2768', 'Nhật Quang Lê', 'nhatquangle@fpt.vn', '+84 69 5319404', 'DV012', 'Bộ môn Tin học cơ bản', 'PGS', 'Giảng viên cao cấp', TRUE),
    ('GV027', 'GV3013', 'Quý cô Lan Phạm', 'quycolanpham@yahoo.com', '+84-74-171 1942', 'DV012', 'Bộ môn Tin học cơ bản', 'ThS', 'Giảng viên chính', TRUE),
    ('GV028', 'GV2700', 'Khoa Đức Phạm', 'khoaducpham@fpt.vn', '(09)324-2612', 'DV012', 'Bộ môn Tin học cơ bản', 'GS', 'Giảng viên chính', TRUE),
    ('GV029', 'GV8552', 'Huy Tấn Đặng', 'huytandang@tlu.edu.vn', '+84-30-946294', 'DV013', 'Bộ môn Công nghệ phần mềm', 'GS.TS', 'Giảng viên cao cấp', TRUE),
    ('GV030', 'GV8436', 'Bà Lâm Mai', 'balammai@viettel.com.vn', '(06) 8322 3409', 'DV014', 'Bộ môn Viễn thông', 'GS', 'Nghiên cứu viên', TRUE),
    ('GV031', 'GV7855', 'Kim Mai', 'kimmai@fpt.vn', '00 7245754', 'DV015', 'Bộ môn Kế toán', 'PGS', 'Giảng viên chính', TRUE),
    ('GV032', 'GV6106', 'Quý ông Tùng Nguyễn', 'quyongtungnguyen@viettel.com.vn', '+84-42-675 8752', 'DV013', 'Bộ môn Công nghệ phần mềm', 'GS', 'Giảng viên chính', TRUE),
    ('GV033', 'GV8460', 'Phương Mai', 'phuongmai@gmail.com', '03 2775 9021', 'DV014', 'Bộ môn Viễn thông', 'TS', 'Giảng viên cao cấp', TRUE),
    ('GV034', 'GV4652', 'An Thế Trần', 'anthetran@fpt.vn', '+84-17-738 8358', 'DV012', 'Bộ môn Tin học cơ bản', 'PGS.TS', 'Giảng viên', TRUE),
    ('GV035', 'GV8612', 'Châu Vũ', 'chauvu@fpt.vn', '+84-03-873454', 'DV013', 'Bộ môn Công nghệ phần mềm', 'GS.TS', 'Giảng viên', TRUE),
    ('GV036', 'GV6440', 'Hưng Trí Hoàng', 'hungtrihoang@gmail.com', '+84-84-552050', 'DV015', 'Bộ môn Kế toán', 'TS.', 'Giảng viên cao cấp', TRUE),
    ('GV037', 'GV4688', 'Dũng Hoàng Lê', 'dunghoangle@fpt.vn', '07 8021 7460', 'DV013', 'Bộ môn Công nghệ phần mềm', 'TS', 'Nghiên cứu viên', TRUE),
    ('GV038', 'GV3182', 'Lâm Trí Lê', 'lamtrile@tlu.edu.vn', '00 7563 1597', 'DV012', 'Bộ môn Tin học cơ bản', 'ThS', 'Giảng viên cao cấp', TRUE),
    ('GV039', 'GV5135', 'Nam Bảo Dương', 'nambaoduong@viettel.com.vn', '(02) 1867 6773', 'DV014', 'Bộ môn Viễn thông', 'PGS', 'Giảng viên cao cấp', TRUE),
    ('GV040', 'GV8108', 'Ánh Dương', 'anhduong@viettel.com.vn', '(08)141-5851', 'DV015', 'Bộ môn Kế toán', 'TS.', 'Giảng viên chính', TRUE),
    ('GV041', 'GV2992', 'Châu Mai Bảo Vũ', 'chaumaibaovu@gmail.com', '+84-66-841 0386', 'DV012', 'Bộ môn Tin học cơ bản', 'TS.', 'Nghiên cứu viên', TRUE),
    ('GV042', 'GV9278', 'Chị Lâm Nguyễn', 'chilamnguyen@gmail.com', '(00)401-5233', 'DV013', 'Bộ môn Công nghệ phần mềm', 'ThS', 'Nghiên cứu viên', TRUE),
    ('GV043', 'GV5479', 'Vũ Lê', 'vule@tlu.edu.vn', '(00)451-8582', 'DV012', 'Bộ môn Tin học cơ bản', 'TS', 'Giảng viên cao cấp', TRUE),
    ('GV044', 'GV4479', 'Thành Vũ', 'thanhvu@fpt.vn', '(00)988-6793', 'DV013', 'Bộ môn Công nghệ phần mềm', 'TS', 'Nghiên cứu viên', TRUE),
    ('GV045', 'GV5357', 'Dương Lê', 'duongle@viettel.com.vn', '(05)480-7357', 'DV012', 'Bộ môn Tin học cơ bản', 'PGS', 'Giảng viên chính', TRUE),
    ('GV046', 'GV9426', 'Lan Phạm', 'lanpham@gmail.com', '01 9171 1301', 'DV012', 'Bộ môn Tin học cơ bản', 'GS', 'Nghiên cứu viên', TRUE),
    ('GV047', 'GV8302', 'Quý cô Lâm Phạm', 'quycolampham@fpt.vn', '(07) 6991 6868', 'DV015', 'Bộ môn Kế toán', 'PGS', 'Giảng viên chính', TRUE),
    ('GV048', 'GV5528', 'Hoàng Phạm', 'hoangpham@fpt.vn', '03 2702 4636', 'DV014', 'Bộ môn Viễn thông', 'TS.', 'Nghiên cứu viên', TRUE),
    ('GV049', 'GV7626', 'Hải Xuân Bùi', 'haixuanbui@viettel.com.vn', '07 9148492', 'DV012', 'Bộ môn Tin học cơ bản', 'ThS.', 'Giảng viên cao cấp', TRUE),
    ('GV050', 'GV4900', 'Tú Phú Trần', 'tuphutran@yahoo.com', '07 1932 8271', 'DV013', 'Bộ môn Công nghệ phần mềm', 'GS', 'Nghiên cứu viên', TRUE);

-- ============================================
-- MAIN ENTITY TABLES
-- ============================================

INSERT INTO hoc_vien (id, ma_hv, ho_ten, ngay_sinh, noi_sinh, que_quan, email, so_dien_thoai, ma_lop, ten_chuyen_nganh, ten_nganh, ten_khoa_dao_tao, trang_thai, gpa_he4, gpa_he10, so_tin_chi_tich_luy, muc_canh_bao, active) VALUES
    ('HV001', '664432', 'Nhật Bảo Dương', '2003-04-15', 'Hải Phòng', '259 Đường Võ Nguyên Giáp, Bến Nghé, Hồng Bàng, Hải Phòng', 'nhatbaoduong@yahoo.com', '09 5983 2396', 'K64B', 'TCNH', 'TCNH', 'K66', 'dang_hoc', 1.15, 2.9, 82, 1, TRUE),
    ('HV002', '655860', 'Vân Dương', '2003-09-29', 'Bình Phước', '623 Đường Phạm Văn Đồng, Phương Liên, Quận 5, Bình Phước', 'vanduong@tlu.edu.vn', '00 4294 3399', 'K66C', 'HTTT', 'HTTT', 'K65', 'dang_hoc', 2.15, 5.4, 112, 0, TRUE),
    ('HV003', '672049', 'Hải Mai Đặng', '2003-11-02', 'Hà Giang', '32 Đường Võ Nguyên Giáp, Kim Liên, Tân Bình, Hà Giang', 'haimaidang@tlu.edu.vn', '+84-17-845 0937', 'K66C', 'ĐTVT', 'ĐTVT', 'K67', 'thoi_hoc', 1.13, 2.8, 42, 3, FALSE),
    ('HV004', '679528', 'Bà Chi Bùi', '2003-09-29', 'Thừa Thiên Huế', '34 Đường Phạm Văn Đồng, Đa Kao, Hải An, Thừa Thiên Huế', 'bachibui@tlu.edu.vn', '+84 27 8644851', 'K64A', 'TTĐPT', 'TTĐPT', 'K67', 'dang_hoc', 3.99, 10.0, 150, 0, TRUE),
    ('HV005', '663135', 'Chị Hà Mai', '2005-09-23', 'Nam Định', '608 Đường Phạm Văn Đồng, Nhân Chính, Long Biên, Nam Định', 'chihamai@viettel.com.vn', '+84-09-732214', 'K64A', 'ATTT', 'ATTT', 'K66', 'dang_hoc', 2.86, 7.1, 130, 0, TRUE),
    ('HV006', '672765', 'Bảo Tấn Vũ', '2000-07-25', 'Phú Thọ', '711 Đường Võ Nguyên Giáp, Bến Nghé, Bắc Từ Liêm, Phú Thọ', 'baotanvu@tlu.edu.vn', '+84-57-273 6718', 'K64A', 'KTPM', 'KTPM', 'K67', 'thoi_hoc', 3.02, 7.5, 73, 0, FALSE),
    ('HV007', '665380', 'Ngọc Bùi', '1999-11-07', 'Quảng Nam', '392 Đường Trần Hưng Đạo, Tràng Tiền, Kiến An, Quảng Nam', 'ngocbui@tlu.edu.vn', '(03) 0192 3121', 'K66B', 'TTĐPT', 'TTĐPT', 'K66', 'tot_nghiep', 2.8, 7.0, 94, 0, TRUE),
    ('HV008', '654805', 'Thành Nguyễn', '1996-09-29', 'Nghệ An', '129 Đường Trần Hưng Đạo, Cầu Kho, Hồng Bàng, Nghệ An', 'thanhnguyen@yahoo.com', '+84-39-987373', 'K67C', 'KHMT', 'KHMT', 'K65', 'dang_hoc', 3.59, 9.0, 33, 0, TRUE),
    ('HV009', '676693', 'Thảo Đặng', '2001-08-04', 'Hậu Giang', '369 Đường Trường Chinh, Lý Thái Tổ, Quận 8, Hậu Giang', 'thaodang@yahoo.com', '(04)018-7556', 'K65A', 'KTPM', 'KTPM', 'K67', 'dang_hoc', 2.12, 5.3, 91, 0, TRUE),
    ('HV010', '676918', 'Quý cô Lan Trần', '1999-11-21', 'Kon Tum', '667 Đường Trường Chinh, Liễu Giai, Quận 2, Kon Tum', 'quycolantran@fpt.vn', '+84-12-395 8362', 'K67C', 'KTCK', 'KTCK', 'K67', 'dang_hoc', 2.21, 5.5, 92, 0, TRUE),
    ('HV011', '651109', 'Trung Trí Bùi', '1996-04-01', 'Lâm Đồng', '478 Đường Nguyễn Văn Linh, Trúc Bạch, Quận 2, Lâm Đồng', 'trungtribui@tlu.edu.vn', '(03) 0419 9375', 'K63B', 'ATTT', 'ATTT', 'K65', 'thoi_hoc', 2.03, 5.1, 124, 0, FALSE),
    ('HV012', '639628', 'Lâm Thị Nguyễn', '1999-08-29', 'Tây Ninh', '474 Đường Lê Duẩn, Hàng Gai, Bình Thủy, Tây Ninh', 'lamthinguyen@fpt.vn', '(05) 7930 9318', 'K63A', 'ĐTVT', 'ĐTVT', 'K63', 'dang_hoc', 1.13, 2.8, 116, 1, TRUE),
    ('HV013', '658766', 'Quý cô Thảo Dương', '2003-10-14', 'Hà Tĩnh', '690 Đường Hoàng Quốc Việt, Hàng Bạc, Cái Răng, Hà Tĩnh', 'quycothaoduong@tlu.edu.vn', '(02)850-8076', 'K66B', 'KT', 'KT', 'K65', 'thoi_hoc', 1.21, 3.0, 69, 2, FALSE),
    ('HV014', '656177', 'Huy Hữu Trần', '1996-05-16', 'Hải Phòng', '358 Đường Nguyễn Trãi, Thành Công, Nam Từ Liêm, Hải Phòng', 'huyhuutran@yahoo.com', '(05) 9429 1895', 'K63A', 'TTĐPT', 'TTĐPT', 'K65', 'thoi_hoc', 0.56, 1.4, 55, 1, FALSE),
    ('HV015', '651880', 'Anh Nam Bùi', '2005-10-21', 'An Giang', '270 Đường Võ Nguyên Giáp, Tân Định, Liên Chiểu, An Giang', 'anhnambui@viettel.com.vn', '(06) 5206 2591', 'K65C', 'KTCK', 'KTCK', 'K65', 'thoi_hoc', 0.2, 0.5, 55, 1, FALSE),
    ('HV016', '646366', 'Chị Dương Vũ', '1997-04-20', 'Bắc Ninh', '626 Đường Trường Chinh, Hàng Trống, Quận 12, Bắc Ninh', 'chiduongvu@gmail.com', '00 7566 5900', 'K63A', 'TTĐPT', 'TTĐPT', 'K64', 'tot_nghiep', 1.81, 4.5, 124, 0, TRUE),
    ('HV017', '679113', 'Hưng Dương', '1995-12-04', 'Đồng Nai', '696 Đường Võ Nguyên Giáp, Lý Thái Tổ, Long Biên, Đồng Nai', 'hungduong@viettel.com.vn', '(03)839-3872', 'K65A', 'KT', 'KT', 'K67', 'tot_nghiep', 2.86, 7.1, 93, 0, TRUE),
    ('HV018', '666918', 'Yến Trần', '1996-08-30', 'Bình Thuận', '644 Đường Hoàng Quốc Việt, Cống Vị, Long Biên, Bình Thuận', 'yentran@gmail.com', '+84 17 0944699', 'K67C', 'KHMT', 'KHMT', 'K66', 'dang_hoc', 0.18, 0.4, 71, 3, TRUE),
    ('HV019', '679202', 'Vi Mai', '1995-08-24', 'Lai Châu', '845 Đường Võ Nguyên Giáp, Bến Nghé, Phú Nhuận, Lai Châu', 'vimai@yahoo.com', '+84-13-961015', 'K65B', 'TCNH', 'TCNH', 'K67', 'thoi_hoc', 3.44, 8.6, 145, 0, FALSE),
    ('HV020', '635421', 'Hà Nguyễn', '2002-04-05', 'Nghệ An', '16 Đường Nguyễn Trãi, Phúc Xá, Nam Từ Liêm, Nghệ An', 'hanguyen@gmail.com', '01 1968 9077', 'K64A', 'CNTT', 'CNTT', 'K63', 'dang_hoc', 3.43, 8.6, 43, 0, TRUE),
    ('HV021', '652360', 'Ông Thành Bùi', '2003-10-18', 'Bắc Kạn', '922 Đường Nguyễn Văn Linh, Hàng Bạc, Quận 7, Bắc Kạn', 'ongthanhbui@fpt.vn', '(03) 6279 2330', 'K64A', 'ATTT', 'ATTT', 'K65', 'tot_nghiep', 0.95, 2.4, 77, 1, TRUE),
    ('HV022', '633324', 'Minh Vũ', '2001-09-12', 'Sơn La', '249 Đường Nguyễn Trãi, Nhân Chính, Đồ Sơn, Sơn La', 'minhvu@yahoo.com', '+84-07-509 9700', 'K64B', 'TTĐPT', 'TTĐPT', 'K63', 'dang_hoc', 3.14, 7.9, 64, 0, TRUE),
    ('HV023', '673003', 'Dũng Lê', '2001-03-24', 'Hà Tĩnh', '345 Đường Lê Lợi, Hàng Bạc, Nam Từ Liêm, Hà Tĩnh', 'dungle@viettel.com.vn', '(07) 0248 3964', 'K65B', 'CNTT', 'CNTT', 'K67', 'dang_hoc', 3.64, 9.1, 40, 0, TRUE),
    ('HV024', '634787', 'Quý cô Mai Phạm', '2003-04-02', 'Hà Tĩnh', '902 Đường Lê Duẩn, Bến Nghé, Thanh Khê, Hà Tĩnh', 'quycomaipham@viettel.com.vn', '+84-00-169 0063', 'K63A', 'KHMT', 'KHMT', 'K63', 'tot_nghiep', 3.03, 7.6, 136, 0, TRUE),
    ('HV025', '664972', 'Bà Kim Hoàng', '2003-04-07', 'Phú Thọ', '841 Đường Trần Hưng Đạo, Phương Liên, Quận 8, Phú Thọ', 'bakimhoang@yahoo.com', '(06)407-0299', 'K66A', 'TCNH', 'TCNH', 'K66', 'dang_hoc', 0.31, 0.8, 124, 1, TRUE),
    ('HV026', '648141', 'Bác Nhiên Trần', '2003-07-02', 'Bạc Liêu', '934 Đường Lê Duẩn, Cống Vị, Phú Nhuận, Bạc Liêu', 'bacnhientran@viettel.com.vn', '03 2065158', 'K63A', 'KTCK', 'KTCK', 'K64', 'tot_nghiep', 2.78, 6.9, 136, 0, TRUE),
    ('HV027', '646340', 'Huy Thế Bùi', '2005-11-13', 'Long An', '269 Đường Trần Hưng Đạo, Cầu Kho, Quận 8, Long An', 'huythebui@gmail.com', '+84-14-715671', 'K65A', 'ĐTVT', 'ĐTVT', 'K64', 'dang_hoc', 1.78, 4.5, 110, 0, TRUE),
    ('HV028', '657537', 'Bảo Đặng', '2001-11-26', 'Yên Bái', '472 Đường Lê Lợi, Phương Liên, Bắc Từ Liêm, Yên Bái', 'baodang@viettel.com.vn', '+84 10 7957301', 'K64C', 'KTPM', 'KTPM', 'K65', 'tot_nghiep', 1.97, 4.9, 122, 0, TRUE),
    ('HV029', '674894', 'Hà Nguyễn', '2000-12-05', 'Phú Yên', '863 Đường Hoàng Quốc Việt, Giảng Võ, Lê Chân, Phú Yên', 'hanguyen@tlu.edu.vn', '+84-58-310 0111', 'K65A', 'TCNH', 'TCNH', 'K67', 'dang_hoc', 2.94, 7.3, 58, 0, TRUE),
    ('HV030', '674776', 'Nam Thị Phạm', '2005-01-19', 'Điện Biên', '167 Đường Phạm Văn Đồng, Hàng Bạc, Quận 10, Điện Biên', 'namthipham@tlu.edu.vn', '04 0671 8675', 'K63A', 'ĐTVT', 'ĐTVT', 'K67', 'thoi_hoc', 2.04, 5.1, 102, 0, FALSE),
    ('HV031', '675923', 'Quang Mai Bùi', '1996-08-23', 'Hải Dương', '471 Đường Hoàng Quốc Việt, Phương Liên, Ô Môn, Hải Dương', 'quangmaibui@yahoo.com', '01 0717022', 'K66B', 'ĐTVT', 'ĐTVT', 'K67', 'thoi_hoc', 3.78, 9.4, 150, 0, FALSE),
    ('HV032', '633387', 'Chị Lâm Trần', '2001-02-07', 'Đồng Nai', '987 Đường Lê Lợi, Nhân Chính, Thủ Đức, Đồng Nai', 'chilamtran@viettel.com.vn', '+84 36 0170605', 'K64A', 'TCNH', 'TCNH', 'K63', 'thoi_hoc', 3.0, 7.5, 113, 0, FALSE),
    ('HV033', '671525', 'Huy Đức Đặng', '1998-09-18', 'Long An', '993 Đường Hoàng Quốc Việt, Trúc Bạch, Thanh Xuân, Long An', 'huyducdang@fpt.vn', '06 2029484', 'K64B', 'ĐTVT', 'ĐTVT', 'K67', 'tot_nghiep', 1.08, 2.7, 117, 3, TRUE),
    ('HV034', '649060', 'Bảo Bảo Hoàng', '2003-10-14', 'Cà Mau', '726 Đường Nguyễn Văn Linh, Liễu Giai, Quận 11, Cà Mau', 'baobaohoang@tlu.edu.vn', '(04)321-8604', 'K63C', 'ATTT', 'ATTT', 'K64', 'thoi_hoc', 0.34, 0.9, 86, 1, FALSE),
    ('HV035', '661744', 'Hà Đức Vũ', '2002-10-18', 'Hưng Yên', '703 Đường Lê Duẩn, Láng Thượng, Quận 9, Hưng Yên', 'haducvu@gmail.com', '+84 69 9652141', 'K63B', 'KTCK', 'KTCK', 'K66', 'dang_hoc', 2.06, 5.2, 105, 0, TRUE),
    ('HV036', '644807', 'Quý cô Vi Nguyễn', '2000-08-28', 'Lai Châu', '106 Đường Hoàng Quốc Việt, Giảng Võ, Hoàn Kiếm, Lai Châu', 'quycovinguyen@fpt.vn', '+84-88-957 6256', 'K67C', 'KHMT', 'KHMT', 'K64', 'dang_hoc', 0.32, 0.8, 107, 3, TRUE),
    ('HV037', '648318', 'Kim Mai Đặng', '1997-01-01', 'Hồ Chí Minh', '80 Đường Hoàng Quốc Việt, Đa Kao, Quận 8, Hồ Chí Minh', 'kimmaidang@yahoo.com', '+84-63-533 5532', 'K64A', 'KTCK', 'KTCK', 'K64', 'dang_hoc', 0.05, 0.1, 70, 3, TRUE),
    ('HV038', '676960', 'Quý cô Hải Phạm', '2001-02-01', 'Bắc Giang', '168 Đường Lê Duẩn, Bến Thành, Long Biên, Bắc Giang', 'quycohaipham@fpt.vn', '(05)207-3053', 'K65B', 'KHMT', 'KHMT', 'K67', 'thoi_hoc', 0.6, 1.5, 139, 1, FALSE),
    ('HV039', '665054', 'Quý cô Linh Đặng', '1995-08-25', 'Hậu Giang', '76 Đường Trần Hưng Đạo, Láng Hạ, Bình Thủy, Hậu Giang', 'quycolinhdang@gmail.com', '07 8760230', 'K67B', 'ATTT', 'ATTT', 'K66', 'thoi_hoc', 1.42, 3.5, 68, 0, FALSE),
    ('HV040', '674557', 'Bác Nhiên Lê', '2000-04-16', 'Kiên Giang', '62 Đường Phạm Văn Đồng, Trúc Bạch, Đống Đa, Kiên Giang', 'bacnhienle@yahoo.com', '+84 95 4422553', 'K64A', 'TCNH', 'TCNH', 'K67', 'dang_hoc', 1.99, 5.0, 87, 0, TRUE),
    ('HV041', '679459', 'Quý cô Hải Hoàng', '1995-06-15', 'Bình Dương', '260 Đường Trường Chinh, Phương Mai, Quận 6, Bình Dương', 'quycohaihoang@tlu.edu.vn', '+84 91 1155771', 'K66B', 'KHMT', 'KHMT', 'K67', 'dang_hoc', 3.32, 8.3, 111, 0, TRUE),
    ('HV042', '672024', 'Khoa Trí Bùi', '2002-06-01', 'Phú Yên', '447 Đường Võ Nguyên Giáp, Bến Nghé, Phú Nhuận, Phú Yên', 'khoatribui@gmail.com', '+84-02-899919', 'K63A', 'TTĐPT', 'TTĐPT', 'K67', 'dang_hoc', 2.23, 5.6, 52, 0, TRUE),
    ('HV043', '659147', 'Tùng Tấn Nguyễn', '1998-08-31', 'Bắc Kạn', '684 Đường Nguyễn Văn Linh, Phương Mai, Hải An, Bắc Kạn', 'tungtannguyen@tlu.edu.vn', '(01) 1261 8640', 'K64B', 'TCNH', 'TCNH', 'K65', 'dang_hoc', 3.06, 7.7, 32, 0, TRUE),
    ('HV044', '664675', 'Hạnh Trần', '1999-01-24', 'Cao Bằng', '370 Đường Lê Lợi, Phúc Xá, Ô Môn, Cao Bằng', 'hanhtran@tlu.edu.vn', '+84-54-101 9104', 'K66B', 'ATTT', 'ATTT', 'K66', 'dang_hoc', 1.51, 3.8, 114, 0, TRUE),
    ('HV045', '655569', 'Bảo Nguyễn', '2003-09-30', 'Đồng Tháp', '53 Đường Nguyễn Trãi, Láng Thượng, Gò Vấp, Đồng Tháp', 'baonguyen@gmail.com', '09 7381503', 'K64B', 'ATTT', 'ATTT', 'K65', 'dang_hoc', 2.88, 7.2, 92, 0, TRUE),
    ('HV046', '631225', 'Bà Hà Trần', '2000-02-12', 'Trà Vinh', '891 Đường Hoàng Quốc Việt, Kim Liên, Quận 2, Trà Vinh', 'bahatran@gmail.com', '06 9941 8053', 'K65C', 'KHMT', 'KHMT', 'K63', 'thoi_hoc', 0.76, 1.9, 42, 0, FALSE),
    ('HV047', '639234', 'Hải Vũ', '2003-08-28', 'Vĩnh Long', '627 Đường Nguyễn Trãi, Tân Định, Tân Phú, Vĩnh Long', 'haivu@gmail.com', '+84 71 8742806', 'K66C', 'KTCK', 'KTCK', 'K63', 'thoi_hoc', 0.21, 0.5, 98, 0, FALSE),
    ('HV048', '647991', 'Chi Vũ', '2005-07-17', 'Hải Dương', '100 Đường Nguyễn Trãi, Hàng Gai, Quận 12, Hải Dương', 'chivu@yahoo.com', '03 9569082', 'K66C', 'TCNH', 'TCNH', 'K64', 'dang_hoc', 3.5, 8.8, 129, 0, TRUE),
    ('HV049', '638861', 'Trọng Nguyễn', '2004-01-18', 'Quảng Ninh', '861 Đường Nguyễn Trãi, Phương Liên, Kiến An, Quảng Ninh', 'trongnguyen@viettel.com.vn', '02 6977887', 'K67A', 'KTPM', 'KTPM', 'K63', 'dang_hoc', 3.34, 8.3, 89, 0, TRUE),
    ('HV050', '634303', 'Cô Thành Vũ', '1995-09-09', 'An Giang', '773 Đường Trần Hưng Đạo, Phúc Xá, Ngũ Hành Sơn, An Giang', 'cothanhvu@tlu.edu.vn', '(08) 1365 8600', 'K65A', 'ĐTVT', 'ĐTVT', 'K63', 'dang_hoc', 2.07, 5.2, 36, 0, TRUE),
    ('HV051', '651896', 'Kim Vũ', '2000-11-24', 'Cao Bằng', '578 Đường Trường Chinh, Cầu Kho, Hoàn Kiếm, Cao Bằng', 'kimvu@gmail.com', '02 3843960', 'K67C', 'KT', 'KT', 'K65', 'thoi_hoc', 1.19, 3.0, 150, 2, FALSE),
    ('HV052', '657510', 'Hải Trí Hoàng', '1996-10-09', 'Hà Giang', '538 Đường Lê Duẩn, Liễu Giai, Ô Môn, Hà Giang', 'haitrihoang@yahoo.com', '+84-30-823 6241', 'K64C', 'ATTT', 'ATTT', 'K65', 'thoi_hoc', 0.87, 2.2, 57, 3, FALSE),
    ('HV053', '641121', 'Bác Anh Trần', '2000-09-23', 'Gia Lai', '616 Đường Nguyễn Trãi, Tràng Tiền, Hoàng Mai, Gia Lai', 'bacanhtran@viettel.com.vn', '(03) 7693 3885', 'K65B', 'KHMT', 'KHMT', 'K64', 'dang_hoc', 2.98, 7.5, 60, 0, TRUE),
    ('HV054', '648649', 'Nhiên Nguyễn', '1996-04-11', 'Lâm Đồng', '44 Đường Trần Hưng Đạo, Hàng Bạc, Ô Môn, Lâm Đồng', 'nhiennguyen@yahoo.com', '+84 99 7169842', 'K65A', 'HTTT', 'HTTT', 'K64', 'thoi_hoc', 2.4, 6.0, 105, 0, FALSE),
    ('HV055', '636433', 'Hà Bùi', '1996-10-04', 'Phú Yên', '76 Đường Nguyễn Văn Linh, Hàng Bạc, Bình Thạnh, Phú Yên', 'habui@viettel.com.vn', '+84-23-643551', 'K65A', 'KTCK', 'KTCK', 'K63', 'thoi_hoc', 0.8, 2.0, 137, 2, FALSE),
    ('HV056', '667953', 'Tùng Hoàng Đặng', '2003-01-12', 'Quảng Ninh', '821 Đường Nguyễn Văn Linh, Kim Liên, Cầu Giấy, Quảng Ninh', 'tunghoangdang@viettel.com.vn', '(02) 6053 4407', 'K66C', 'TCNH', 'TCNH', 'K66', 'thoi_hoc', 3.19, 8.0, 41, 0, FALSE),
    ('HV057', '651179', 'Quang Vũ', '1995-11-04', 'Bình Thuận', '492 Đường Lê Duẩn, Nhân Chính, Đồ Sơn, Bình Thuận', 'quangvu@gmail.com', '+84 87 3012200', 'K64C', 'KTCK', 'KTCK', 'K65', 'dang_hoc', 1.62, 4.1, 40, 0, TRUE),
    ('HV058', '631557', 'Quý cô Hà Hoàng', '1997-12-27', 'Kiên Giang', '247 Đường Lê Lợi, Phương Liên, Bình Thủy, Kiên Giang', 'quycohahoang@gmail.com', '+84-99-408 4558', 'K64C', 'CNTT', 'CNTT', 'K63', 'thoi_hoc', 2.85, 7.1, 147, 0, FALSE),
    ('HV059', '631251', 'Khoa Mai', '1996-06-23', 'Trà Vinh', '285 Đường Phạm Văn Đồng, Hàng Bạc, Quận 3, Trà Vinh', 'khoamai@viettel.com.vn', '01 6971 6998', 'K63B', 'KTPM', 'KTPM', 'K63', 'dang_hoc', 3.09, 7.7, 91, 0, TRUE),
    ('HV060', '638294', 'Tú Mai Lê', '2005-12-20', 'Lạng Sơn', '423 Đường Lê Lợi, Vĩnh Phúc, Thanh Khê, Lạng Sơn', 'tumaile@gmail.com', '+84-87-770913', 'K65A', 'KT', 'KT', 'K63', 'thoi_hoc', 1.88, 4.7, 130, 0, FALSE),
    ('HV061', '634130', 'Chị Phương Nguyễn', '1995-11-10', 'Cà Mau', '185 Đường Trần Hưng Đạo, Phúc Xá, Cái Răng, Cà Mau', 'chiphuongnguyen@gmail.com', '01 2602550', 'K67A', 'KTCK', 'KTCK', 'K63', 'thoi_hoc', 0.44, 1.1, 75, 0, FALSE),
    ('HV062', '645286', 'Anh Hoàng Hoàng', '1997-10-18', 'Ninh Thuận', '375 Đường Võ Nguyên Giáp, Láng Hạ, Đống Đa, Ninh Thuận', 'anhhoanghoang@yahoo.com', '+84-13-200774', 'K63A', 'ĐTVT', 'ĐTVT', 'K64', 'dang_hoc', 3.4, 8.5, 119, 0, TRUE),
    ('HV063', '649470', 'Nhật Thế Trần', '2001-05-22', 'Điện Biên', '142 Đường Phạm Văn Đồng, Tân Định, Bình Thủy, Điện Biên', 'nhatthetran@yahoo.com', '+84-88-713852', 'K66B', 'KTCK', 'KTCK', 'K64', 'dang_hoc', 1.65, 4.1, 77, 0, TRUE),
    ('HV064', '667358', 'Khoa Đức Hoàng', '1999-11-17', 'Hưng Yên', '81 Đường Hoàng Quốc Việt, Vĩnh Phúc, Bình Thủy, Hưng Yên', 'khoaduchoang@gmail.com', '+84-90-380711', 'K67C', 'KT', 'KT', 'K66', 'thoi_hoc', 1.65, 4.1, 149, 0, FALSE),
    ('HV065', '656270', 'Phương Phạm', '1995-06-09', 'An Giang', '413 Đường Võ Nguyên Giáp, Nhân Chính, Hai Bà Trưng, An Giang', 'phuongpham@tlu.edu.vn', '+84-32-446245', 'K65A', 'KT', 'KT', 'K65', 'thoi_hoc', 3.84, 9.6, 44, 0, FALSE),
    ('HV066', '658344', 'Cô Yến Trần', '1996-09-02', 'Tiền Giang', '734 Đường Nguyễn Văn Linh, Cầu Kho, Ngô Quyền, Tiền Giang', 'coyentran@viettel.com.vn', '+84-62-980 6632', 'K64A', 'KTPM', 'KTPM', 'K65', 'dang_hoc', 1.8, 4.5, 48, 0, TRUE),
    ('HV067', '654095', 'An Bùi', '1996-12-10', 'Hà Tĩnh', '866 Đường Nguyễn Văn Linh, Hàng Trống, Thủ Đức, Hà Tĩnh', 'anbui@tlu.edu.vn', '(07) 4934 1890', 'K66A', 'ĐTVT', 'ĐTVT', 'K65', 'thoi_hoc', 1.55, 3.9, 137, 0, FALSE),
    ('HV068', '653439', 'Nam Bảo Lê', '2003-02-13', 'Ninh Thuận', '879 Đường Nguyễn Văn Linh, Bến Nghé, Quận 5, Ninh Thuận', 'nambaole@gmail.com', '01 6419 3877', 'K67A', 'TTĐPT', 'TTĐPT', 'K65', 'dang_hoc', 0.86, 2.1, 89, 1, TRUE),
    ('HV069', '637423', 'Bà Thành Trần', '2002-10-22', 'Tuyên Quang', '713 Đường Trường Chinh, Kim Liên, Ngô Quyền, Tuyên Quang', 'bathanhtran@gmail.com', '(06)912-9366', 'K64A', 'TTĐPT', 'TTĐPT', 'K63', 'dang_hoc', 1.0, 2.5, 49, 1, TRUE),
    ('HV070', '633957', 'Bảo Nguyễn', '1997-11-22', 'Bắc Kạn', '287 Đường Trần Hưng Đạo, Cô Giang, Quận 9, Bắc Kạn', 'baonguyen@yahoo.com', '06 5431 7094', 'K64C', 'KTCK', 'KTCK', 'K63', 'thoi_hoc', 2.29, 5.7, 76, 0, FALSE),
    ('HV071', '646951', 'Cô Mai Dương', '1995-10-21', 'Nam Định', '89 Đường Lê Lợi, Hàng Gai, Kiến An, Nam Định', 'comaiduong@yahoo.com', '+84-76-047153', 'K67C', 'ATTT', 'ATTT', 'K64', 'dang_hoc', 1.88, 4.7, 88, 0, TRUE),
    ('HV072', '662287', 'Chị Duyên Trần', '1996-04-04', 'Đà Nẵng', '142 Đường Hoàng Quốc Việt, Láng Thượng, Kiến An, Đà Nẵng', 'chiduyentran@fpt.vn', '+84-97-042743', 'K67C', 'KTPM', 'KTPM', 'K66', 'thoi_hoc', 1.45, 3.6, 115, 2, FALSE),
    ('HV073', '679695', 'Dương Đặng', '2002-05-01', 'Thanh Hóa', '438 Đường Lê Lợi, Hàng Trống, Thanh Xuân, Thanh Hóa', 'duongdang@viettel.com.vn', '+84 16 9542848', 'K66B', 'TTĐPT', 'TTĐPT', 'K67', 'thoi_hoc', 0.1, 0.2, 128, 2, FALSE),
    ('HV074', '632341', 'Phương Thế Trần', '2002-04-02', 'An Giang', '77 Đường Nguyễn Trãi, Cô Giang, Quận 9, An Giang', 'phuongthetran@fpt.vn', '(06) 1278 7483', 'K64B', 'KTPM', 'KTPM', 'K63', 'thoi_hoc', 3.74, 9.4, 44, 0, FALSE),
    ('HV075', '632613', 'Tú Lê', '2005-05-02', 'Tây Ninh', '193 Đường Hoàng Quốc Việt, Kim Liên, Đồ Sơn, Tây Ninh', 'tule@yahoo.com', '+84-88-982 0832', 'K67B', 'HTTT', 'HTTT', 'K63', 'thoi_hoc', 0.37, 0.9, 129, 0, FALSE),
    ('HV076', '649762', 'Châu Bùi', '1997-11-23', 'Trà Vinh', '258 Đường Lê Lợi, Trung Tự, Ô Môn, Trà Vinh', 'chaubui@gmail.com', '00 1515835', 'K64B', 'ATTT', 'ATTT', 'K64', 'dang_hoc', 0.27, 0.7, 73, 1, TRUE),
    ('HV077', '639734', 'Cô Lâm Hoàng', '1995-07-12', 'Cà Mau', '988 Đường Trần Hưng Đạo, Đa Kao, Quận 9, Cà Mau', 'colamhoang@gmail.com', '+84-76-020 5934', 'K67B', 'HTTT', 'HTTT', 'K63', 'dang_hoc', 2.04, 5.1, 80, 0, TRUE),
    ('HV078', '634047', 'Thành Đức Hoàng', '2003-03-27', 'Hòa Bình', '39 Đường Hoàng Quốc Việt, Láng Thượng, Kiến An, Hòa Bình', 'thanhduchoang@yahoo.com', '(03) 7061 2828', 'K67B', 'KTCK', 'KTCK', 'K63', 'thoi_hoc', 1.06, 2.7, 110, 0, FALSE),
    ('HV079', '678855', 'Quý cô Hà Bùi', '2003-06-29', 'Bình Phước', '573 Đường Hoàng Quốc Việt, Trung Tự, Liên Chiểu, Bình Phước', 'quycohabui@tlu.edu.vn', '02 6002538', 'K66C', 'KTCK', 'KTCK', 'K67', 'dang_hoc', 3.66, 9.2, 95, 0, TRUE),
    ('HV080', '637094', 'Quang Bảo Nguyễn', '2000-11-15', 'Nghệ An', '800 Đường Võ Nguyên Giáp, Phương Mai, Long Biên, Nghệ An', 'quangbaonguyen@fpt.vn', '+84-14-768 7730', 'K67C', 'TTĐPT', 'TTĐPT', 'K63', 'thoi_hoc', 1.06, 2.7, 80, 0, FALSE),
    ('HV081', '635927', 'Bà Nhật Mai', '2005-11-29', 'Hòa Bình', '928 Đường Lê Duẩn, Kim Liên, Nam Từ Liêm, Hòa Bình', 'banhatmai@tlu.edu.vn', '(04)638-8060', 'K67B', 'KTPM', 'KTPM', 'K63', 'thoi_hoc', 1.56, 3.9, 106, 0, FALSE),
    ('HV082', '669332', 'Hưng Mai', '1999-11-04', 'Bắc Kạn', '780 Đường Nguyễn Trãi, Bến Thành, Quận 5, Bắc Kạn', 'hungmai@tlu.edu.vn', '08 2768950', 'K65A', 'CNTT', 'CNTT', 'K66', 'dang_hoc', 2.52, 6.3, 59, 0, TRUE),
    ('HV083', '664487', 'Phương Mai', '1997-02-07', 'Quảng Nam', '71 Đường Nguyễn Văn Linh, Kim Liên, Quận 11, Quảng Nam', 'phuongmai@tlu.edu.vn', '+84 90 4953199', 'K66C', 'ATTT', 'ATTT', 'K66', 'dang_hoc', 2.54, 6.3, 90, 0, TRUE),
    ('HV084', '662518', 'An Hoàng', '2002-04-15', 'Hòa Bình', '61 Đường Lê Lợi, Bến Nghé, Lê Chân, Hòa Bình', 'anhoang@fpt.vn', '01 7423178', 'K64A', 'TCNH', 'TCNH', 'K66', 'thoi_hoc', 0.8, 2.0, 102, 3, FALSE),
    ('HV085', '633367', 'Tùng Bảo Dương', '2001-05-22', 'Gia Lai', '670 Đường Lê Lợi, Hàng Trống, Long Biên, Gia Lai', 'tungbaoduong@tlu.edu.vn', '(01)141-7578', 'K67B', 'ĐTVT', 'ĐTVT', 'K63', 'tot_nghiep', 2.43, 6.1, 82, 0, TRUE),
    ('HV086', '651415', 'Chị Hà Vũ', '2001-09-19', 'Hà Nam', '136 Đường Võ Nguyên Giáp, Giảng Võ, Liên Chiểu, Hà Nam', 'chihavu@yahoo.com', '+84-19-942263', 'K64C', 'KHMT', 'KHMT', 'K65', 'tot_nghiep', 1.25, 3.1, 59, 2, TRUE),
    ('HV087', '658333', 'Dương Dương', '1996-09-07', 'Hải Phòng', '898 Đường Hoàng Quốc Việt, Liễu Giai, Đống Đa, Hải Phòng', 'duongduong@tlu.edu.vn', '(08)865-4413', 'K66B', 'CNTT', 'CNTT', 'K65', 'tot_nghiep', 3.53, 8.8, 113, 0, TRUE),
    ('HV088', '633878', 'Nhật Dương', '1995-06-16', 'Đắk Lắk', '861 Đường Lê Lợi, Cô Giang, Quận 1, Đắk Lắk', 'nhatduong@fpt.vn', '+84-61-475796', 'K63C', 'KTPM', 'KTPM', 'K63', 'dang_hoc', 3.66, 9.2, 105, 0, TRUE),
    ('HV089', '659817', 'Bác Tùng Nguyễn', '2005-04-02', 'Đồng Nai', '656 Đường Lê Lợi, Thành Công, Tân Bình, Đồng Nai', 'bactungnguyen@gmail.com', '(02) 6993 9973', 'K65C', 'CNTT', 'CNTT', 'K65', 'thoi_hoc', 3.16, 7.9, 65, 0, FALSE),
    ('HV090', '639895', 'Cô Vi Mai', '1996-05-16', 'Thanh Hóa', '661 Đường Hoàng Quốc Việt, Hàng Trống, Thanh Khê, Thanh Hóa', 'covimai@viettel.com.vn', '(07)066-7993', 'K66A', 'ĐTVT', 'ĐTVT', 'K63', 'thoi_hoc', 3.6, 9.0, 110, 0, FALSE),
    ('HV091', '661286', 'Ông Dũng Lê', '2002-07-06', 'Quảng Trị', '777 Đường Hoàng Quốc Việt, Trúc Bạch, Nam Từ Liêm, Quảng Trị', 'ongdungle@gmail.com', '(01)841-6935', 'K66B', 'KTCK', 'KTCK', 'K66', 'dang_hoc', 3.27, 8.2, 93, 0, TRUE),
    ('HV092', '633693', 'Nhật Trần', '1996-03-15', 'Tây Ninh', '191 Đường Trần Hưng Đạo, Trung Tự, Hồng Bàng, Tây Ninh', 'nhattran@fpt.vn', '+84-51-666 3708', 'K65A', 'ATTT', 'ATTT', 'K63', 'dang_hoc', 0.11, 0.3, 45, 1, TRUE),
    ('HV093', '642292', 'Thành Đức Dương', '1997-05-18', 'Kon Tum', '764 Đường Phạm Văn Đồng, Nhân Chính, Quận 8, Kon Tum', 'thanhducduong@viettel.com.vn', '02 9685615', 'K66C', 'CNTT', 'CNTT', 'K64', 'dang_hoc', 2.56, 6.4, 102, 0, TRUE),
    ('HV094', '677193', 'Ánh Hoàng', '1998-06-08', 'Bắc Giang', '360 Đường Trần Hưng Đạo, Vĩnh Phúc, Sơn Trà, Bắc Giang', 'anhhoang@fpt.vn', '02 8259590', 'K67C', 'KT', 'KT', 'K67', 'dang_hoc', 3.54, 8.8, 42, 0, TRUE),
    ('HV095', '672813', 'Lan Nguyễn', '2002-09-24', 'Tiền Giang', '49 Đường Trường Chinh, Bến Thành, Quận 4, Tiền Giang', 'lannguyen@gmail.com', '04 0797 6969', 'K65C', 'HTTT', 'HTTT', 'K67', 'dang_hoc', 3.34, 8.3, 141, 0, TRUE),
    ('HV096', '678048', 'Bà Dương Lê', '2004-02-26', 'Vĩnh Phúc', '278 Đường Phạm Văn Đồng, Vĩnh Phúc, Quận 1, Vĩnh Phúc', 'baduongle@tlu.edu.vn', '(08) 7927 1346', 'K65C', 'KTPM', 'KTPM', 'K67', 'thoi_hoc', 0.76, 1.9, 66, 2, FALSE),
    ('HV097', '641134', 'Chị Vân Trần', '1995-06-14', 'Thanh Hóa', '580 Đường Hoàng Quốc Việt, Cô Giang, Phú Nhuận, Thanh Hóa', 'chivantran@viettel.com.vn', '(01) 4457 0561', 'K63A', 'TCNH', 'TCNH', 'K64', 'dang_hoc', 2.83, 7.1, 126, 0, TRUE),
    ('HV098', '665895', 'Chị Thảo Mai', '1999-09-16', 'Ninh Bình', '880 Đường Trường Chinh, Bến Nghé, Long Biên, Ninh Bình', 'chithaomai@fpt.vn', '(02) 7969 1591', 'K63C', 'KHMT', 'KHMT', 'K66', 'thoi_hoc', 0.29, 0.7, 54, 2, FALSE),
    ('HV099', '636086', 'Chị Duyên Nguyễn', '1999-11-24', 'Đắk Nông', '184 Đường Trường Chinh, Tràng Tiền, Dương Kinh, Đắk Nông', 'chiduyennguyen@gmail.com', '+84-47-279795', 'K66C', 'KT', 'KT', 'K63', 'thoi_hoc', 2.85, 7.1, 83, 0, FALSE),
    ('HV100', '656334', 'Bác Vũ Nguyễn', '2005-12-12', 'Thanh Hóa', '791 Đường Phạm Văn Đồng, Nhân Chính, Cái Răng, Thanh Hóa', 'bacvunguyen@gmail.com', '(03) 1644 8683', 'K66C', 'KTPM', 'KTPM', 'K65', 'dang_hoc', 3.54, 8.8, 118, 0, TRUE),
    ('HV101', '663186', 'Nhiên Thế Hoàng', '2002-11-26', 'Thái Nguyên', '603 Đường Lê Lợi, Cầu Kho, Phú Nhuận, Thái Nguyên', 'nhienthehoang@gmail.com', '(01) 9728 9704', 'K66A', 'ĐTVT', 'ĐTVT', 'K66', 'dang_hoc', 0.41, 1.0, 51, 2, TRUE),
    ('HV102', '668378', 'Hương Phạm', '2001-08-29', 'Quảng Bình', '79 Đường Lê Duẩn, Khương Thượng, Quận 10, Quảng Bình', 'huongpham@gmail.com', '(08) 8650 4512', 'K64B', 'TTĐPT', 'TTĐPT', 'K66', 'dang_hoc', 0.86, 2.1, 101, 3, TRUE),
    ('HV103', '662193', 'Dương Hoàng', '1998-07-22', 'Nghệ An', '516 Đường Trần Hưng Đạo, Đa Kao, Quận 6, Nghệ An', 'duonghoang@gmail.com', '02 2574 3376', 'K64B', 'CNTT', 'CNTT', 'K66', 'thoi_hoc', 1.85, 4.6, 109, 0, FALSE),
    ('HV104', '678058', 'Hưng Hải Đặng', '1995-08-13', 'Hà Nội', '700 Đường Nguyễn Văn Linh, Trúc Bạch, Ô Môn, Hà Nội', 'hunghaidang@gmail.com', '(02)577-6527', 'K63A', 'KTCK', 'KTCK', 'K67', 'thoi_hoc', 2.62, 6.6, 38, 0, FALSE),
    ('HV105', '666031', 'Lâm Phạm', '2003-05-16', 'Đồng Tháp', '412 Đường Hoàng Quốc Việt, Cầu Kho, Ngô Quyền, Đồng Tháp', 'lampham@gmail.com', '03 5333735', 'K64C', 'TCNH', 'TCNH', 'K66', 'thoi_hoc', 3.38, 8.4, 84, 0, FALSE),
    ('HV106', '642692', 'Cô Hải Dương', '2002-02-24', 'Lạng Sơn', '201 Đường Phạm Văn Đồng, Cống Vị, Hồng Bàng, Lạng Sơn', 'cohaiduong@tlu.edu.vn', '+84-31-772 9580', 'K63B', 'ĐTVT', 'ĐTVT', 'K64', 'dang_hoc', 0.6, 1.5, 107, 1, TRUE),
    ('HV107', '638936', 'Hạnh Hữu Bùi', '2000-03-05', 'Đắk Nông', '886 Đường Trần Hưng Đạo, Tân Định, Ngũ Hành Sơn, Đắk Nông', 'hanhhuubui@gmail.com', '(06) 5562 5969', 'K67A', 'KT', 'KT', 'K63', 'thoi_hoc', 0.93, 2.3, 140, 0, FALSE),
    ('HV108', '658847', 'Quý ông Phúc Phạm', '1995-08-03', 'Hà Tĩnh', '584 Đường Nguyễn Trãi, Lý Thái Tổ, Ba Đình, Hà Tĩnh', 'quyongphucpham@viettel.com.vn', '(08) 3105 0589', 'K64C', 'KTPM', 'KTPM', 'K65', 'thoi_hoc', 2.09, 5.2, 30, 0, FALSE),
    ('HV109', '644454', 'Phúc Trần', '2005-05-04', 'Kiên Giang', '905 Đường Trường Chinh, Giảng Võ, Long Biên, Kiên Giang', 'phuctran@tlu.edu.vn', '(05) 1363 3617', 'K64C', 'CNTT', 'CNTT', 'K64', 'dang_hoc', 2.3, 5.8, 136, 0, TRUE),
    ('HV110', '662244', 'Khoa Dương', '1997-03-26', 'Đồng Tháp', '899 Đường Võ Nguyên Giáp, Phương Mai, Quận 1, Đồng Tháp', 'khoaduong@viettel.com.vn', '(08)243-2262', 'K66B', 'CNTT', 'CNTT', 'K66', 'tot_nghiep', 1.54, 3.9, 93, 0, TRUE),
    ('HV111', '666302', 'Tú Vũ', '1996-10-08', 'Thái Nguyên', '251 Đường Hoàng Quốc Việt, Cô Giang, Quận 11, Thái Nguyên', 'tuvu@yahoo.com', '(07)230-0393', 'K65A', 'ATTT', 'ATTT', 'K66', 'tot_nghiep', 3.34, 8.3, 82, 0, TRUE),
    ('HV112', '638432', 'Ngọc Phạm', '1999-01-03', 'Gia Lai', '545 Đường Trường Chinh, Cống Vị, Ngũ Hành Sơn, Gia Lai', 'ngocpham@tlu.edu.vn', '(00) 2803 5353', 'K66C', 'TTĐPT', 'TTĐPT', 'K63', 'dang_hoc', 3.37, 8.4, 35, 0, TRUE),
    ('HV113', '671153', 'Lâm Mai', '1999-11-04', 'Tiền Giang', '758 Đường Hoàng Quốc Việt, Láng Thượng, Quận 4, Tiền Giang', 'lammai@viettel.com.vn', '+84-65-686 6617', 'K65C', 'ATTT', 'ATTT', 'K67', 'thoi_hoc', 2.87, 7.2, 37, 0, FALSE),
    ('HV114', '657898', 'Linh Mai', '1996-08-08', 'Sóc Trăng', '708 Đường Trường Chinh, Phương Mai, Bắc Từ Liêm, Sóc Trăng', 'linhmai@fpt.vn', '+84-78-203383', 'K66C', 'CNTT', 'CNTT', 'K65', 'dang_hoc', 2.13, 5.3, 103, 0, TRUE),
    ('HV115', '652243', 'Lan Đặng', '2005-05-30', 'Sóc Trăng', '354 Đường Lê Duẩn, Liễu Giai, Hải An, Sóc Trăng', 'landang@fpt.vn', '(05) 4175 3989', 'K63B', 'CNTT', 'CNTT', 'K65', 'dang_hoc', 2.12, 5.3, 127, 0, TRUE),
    ('HV116', '678699', 'Bà Vân Nguyễn', '2003-08-07', 'Sóc Trăng', '252 Đường Lê Lợi, Cống Vị, Nam Từ Liêm, Sóc Trăng', 'bavannguyen@fpt.vn', '01 2505 1085', 'K63A', 'KTPM', 'KTPM', 'K67', 'dang_hoc', 2.25, 5.6, 112, 0, TRUE),
    ('HV117', '658568', 'Kim Quang Vũ', '2000-10-09', 'Hải Dương', '264 Đường Lê Lợi, Đa Kao, Long Biên, Hải Dương', 'kimquangvu@yahoo.com', '(01) 3531 2628', 'K67C', 'KT', 'KT', 'K65', 'dang_hoc', 3.13, 7.8, 88, 0, TRUE),
    ('HV118', '673673', 'Phương Thế Vũ', '1996-09-03', 'Bến Tre', '751 Đường Phạm Văn Đồng, Khương Thượng, Thốt Nốt, Bến Tre', 'phuongthevu@tlu.edu.vn', '+84-12-834 8927', 'K63C', 'ATTT', 'ATTT', 'K67', 'dang_hoc', 0.46, 1.2, 80, 1, TRUE),
    ('HV119', '632829', 'Ông Quang Bùi', '2004-12-12', 'Thừa Thiên Huế', '955 Đường Phạm Văn Đồng, Giảng Võ, Ô Môn, Thừa Thiên Huế', 'ongquangbui@tlu.edu.vn', '+84-12-690477', 'K66B', 'KTCK', 'KTCK', 'K63', 'dang_hoc', 0.4, 1.0, 39, 3, TRUE),
    ('HV120', '638342', 'Bà Bảo Mai', '1995-08-22', 'Bình Phước', '616 Đường Võ Nguyên Giáp, Tân Định, Quận 12, Bình Phước', 'babaomai@yahoo.com', '(03) 3115 9638', 'K67B', 'KT', 'KT', 'K63', 'dang_hoc', 1.52, 3.8, 101, 0, TRUE),
    ('HV121', '632322', 'Tùng Văn Phạm', '1999-01-02', 'Quảng Bình', '23 Đường Hoàng Quốc Việt, Vĩnh Phúc, Hải An, Quảng Bình', 'tungvanpham@viettel.com.vn', '+84 18 4752910', 'K63C', 'TCNH', 'TCNH', 'K63', 'dang_hoc', 0.73, 1.8, 124, 0, TRUE),
    ('HV122', '662235', 'Bảo Hải Trần', '1996-09-26', 'Bà Rịa - Vũng Tàu', '849 Đường Hoàng Quốc Việt, Bến Thành, Hải Châu, Bà Rịa - Vũng Tàu', 'baohaitran@yahoo.com', '(04)626-8151', 'K65B', 'ĐTVT', 'ĐTVT', 'K66', 'tot_nghiep', 2.46, 6.2, 51, 0, TRUE),
    ('HV123', '662158', 'Linh Nguyễn', '2003-11-17', 'Lạng Sơn', '490 Đường Lê Lợi, Giảng Võ, Cầu Giấy, Lạng Sơn', 'linhnguyen@yahoo.com', '+84 14 2864458', 'K65C', 'KTPM', 'KTPM', 'K66', 'tot_nghiep', 1.13, 2.8, 45, 3, TRUE),
    ('HV124', '667614', 'Hải Vũ', '1997-04-21', 'Bắc Kạn', '465 Đường Trần Hưng Đạo, Láng Hạ, Long Biên, Bắc Kạn', 'haivu@tlu.edu.vn', '+84-65-419388', 'K64A', 'ĐTVT', 'ĐTVT', 'K66', 'thoi_hoc', 1.92, 4.8, 103, 0, FALSE),
    ('HV125', '669363', 'Quang Mai', '1998-12-13', 'Nghệ An', '454 Đường Trần Hưng Đạo, Cô Giang, Kiến An, Nghệ An', 'quangmai@tlu.edu.vn', '04 7323 1330', 'K64C', 'KT', 'KT', 'K66', 'dang_hoc', 1.54, 3.9, 136, 0, TRUE),
    ('HV126', '658585', 'Chị Hà Lê', '1997-05-19', 'Phú Yên', '283 Đường Nguyễn Trãi, Hàng Bạc, Thanh Khê, Phú Yên', 'chihale@fpt.vn', '03 4096 6774', 'K64C', 'TCNH', 'TCNH', 'K65', 'dang_hoc', 2.4, 6.0, 92, 0, TRUE),
    ('HV127', '669668', 'Bảo Phú Vũ', '2001-01-07', 'Hưng Yên', '551 Đường Lê Duẩn, Cống Vị, Bình Thủy, Hưng Yên', 'baophuvu@viettel.com.vn', '+84 64 2360188', 'K67C', 'TCNH', 'TCNH', 'K66', 'tot_nghiep', 1.51, 3.8, 106, 0, TRUE),
    ('HV128', '642952', 'Trung Thị Hoàng', '2003-10-19', 'Bạc Liêu', '151 Đường Hoàng Quốc Việt, Bến Nghé, Quận 3, Bạc Liêu', 'trungthihoang@gmail.com', '+84-45-185228', 'K67B', 'KTCK', 'KTCK', 'K64', 'dang_hoc', 3.51, 8.8, 48, 0, TRUE),
    ('HV129', '634599', 'Anh Hoàng Nguyễn', '2000-10-10', 'Phú Thọ', '443 Đường Lê Lợi, Cầu Kho, Gò Vấp, Phú Thọ', 'anhhoangnguyen@tlu.edu.vn', '+84-93-444500', 'K64B', 'HTTT', 'HTTT', 'K63', 'thoi_hoc', 1.48, 3.7, 62, 2, FALSE),
    ('HV130', '641713', 'Trọng Mai', '1998-05-15', 'Hải Dương', '253 Đường Lê Duẩn, Thành Công, Kiến An, Hải Dương', 'trongmai@yahoo.com', '07 0025553', 'K66B', 'ATTT', 'ATTT', 'K64', 'dang_hoc', 1.94, 4.8, 99, 0, TRUE),
    ('HV131', '651743', 'Chị Ánh Bùi', '2002-11-02', 'Lạng Sơn', '337 Đường Lê Lợi, Kim Liên, Kiến An, Lạng Sơn', 'chianhbui@tlu.edu.vn', '07 0137843', 'K67C', 'KTCK', 'KTCK', 'K65', 'thoi_hoc', 0.67, 1.7, 58, 0, FALSE),
    ('HV132', '668610', 'Bảo Phạm', '1996-02-25', 'Hà Giang', '380 Đường Phạm Văn Đồng, Phương Liên, Quận 3, Hà Giang', 'baopham@tlu.edu.vn', '+84-93-728 2205', 'K67C', 'HTTT', 'HTTT', 'K66', 'dang_hoc', 3.0, 7.5, 146, 0, TRUE),
    ('HV133', '632178', 'Hà Phạm', '1996-09-13', 'Kiên Giang', '602 Đường Nguyễn Trãi, Hàng Bạc, Quận 7, Kiên Giang', 'hapham@tlu.edu.vn', '05 6580990', 'K65B', 'TCNH', 'TCNH', 'K63', 'dang_hoc', 0.65, 1.6, 80, 1, TRUE),
    ('HV134', '674423', 'Nhật Phạm', '2000-09-14', 'Cần Thơ', '155 Đường Nguyễn Trãi, Cống Vị, Quận 12, Cần Thơ', 'nhatpham@yahoo.com', '08 4099 1589', 'K67B', 'KT', 'KT', 'K67', 'dang_hoc', 1.6, 4.0, 150, 0, TRUE),
    ('HV135', '644921', 'Phương Nguyễn', '2004-05-13', 'Phú Yên', '770 Đường Nguyễn Trãi, Nhân Chính, Phú Nhuận, Phú Yên', 'phuongnguyen@yahoo.com', '+84-07-728880', 'K64C', 'ATTT', 'ATTT', 'K64', 'tot_nghiep', 3.28, 8.2, 34, 0, TRUE),
    ('HV136', '644497', 'Thành Vũ', '2005-02-19', 'Bà Rịa - Vũng Tàu', '797 Đường Lê Lợi, Phúc Xá, Hải Châu, Bà Rịa - Vũng Tàu', 'thanhvu@tlu.edu.vn', '+84-19-763 9908', 'K65B', 'TTĐPT', 'TTĐPT', 'K64', 'thoi_hoc', 3.76, 9.4, 92, 0, FALSE),
    ('HV137', '663541', 'Cô Kim Nguyễn', '2001-01-09', 'Bắc Giang', '782 Đường Nguyễn Văn Linh, Nhân Chính, Quận 4, Bắc Giang', 'cokimnguyen@gmail.com', '(06)627-2110', 'K64C', 'KHMT', 'KHMT', 'K66', 'tot_nghiep', 2.86, 7.1, 137, 0, TRUE),
    ('HV138', '665261', 'Bảo Mai', '2001-10-22', 'Kiên Giang', '51 Đường Võ Nguyên Giáp, Bến Thành, Cẩm Lệ, Kiên Giang', 'baomai@viettel.com.vn', '(04) 5515 1563', 'K66C', 'ĐTVT', 'ĐTVT', 'K66', 'thoi_hoc', 0.81, 2.0, 134, 3, FALSE),
    ('HV139', '658961', 'Bà Thành Lê', '2000-01-25', 'Tuyên Quang', '813 Đường Võ Nguyên Giáp, Phúc Xá, Tân Bình, Tuyên Quang', 'bathanhle@fpt.vn', '03 3238 0184', 'K67C', 'ATTT', 'ATTT', 'K65', 'dang_hoc', 1.64, 4.1, 135, 0, TRUE),
    ('HV140', '665260', 'Anh Hoàng Dương', '2000-01-11', 'Phú Thọ', '373 Đường Hoàng Quốc Việt, Thành Công, Hoàn Kiếm, Phú Thọ', 'anhhoangduong@tlu.edu.vn', '+84 35 5860414', 'K64A', 'ATTT', 'ATTT', 'K66', 'dang_hoc', 0.14, 0.4, 124, 0, TRUE),
    ('HV141', '672683', 'Phương Dương', '1995-01-10', 'Phú Thọ', '225 Đường Võ Nguyên Giáp, Láng Thượng, Quận 5, Phú Thọ', 'phuongduong@viettel.com.vn', '(03)862-7117', 'K66B', 'KHMT', 'KHMT', 'K67', 'thoi_hoc', 1.25, 3.1, 41, 3, FALSE),
    ('HV142', '642746', 'Dương Vũ', '1997-07-28', 'Bạc Liêu', '633 Đường Phạm Văn Đồng, Láng Hạ, Quận 2, Bạc Liêu', 'duongvu@yahoo.com', '(07)202-5518', 'K63C', 'KT', 'KT', 'K64', 'tot_nghiep', 1.03, 2.6, 43, 3, TRUE),
    ('HV143', '641283', 'An Trí Đặng', '2005-02-17', 'Quảng Bình', '242 Đường Trần Hưng Đạo, Hàng Bạc, Ba Đình, Quảng Bình', 'antridang@tlu.edu.vn', '09 0219 0238', 'K63A', 'KHMT', 'KHMT', 'K64', 'tot_nghiep', 3.39, 8.5, 96, 0, TRUE),
    ('HV144', '636184', 'Trung Nguyễn', '1998-09-04', 'Thái Nguyên', '292 Đường Võ Nguyên Giáp, Trúc Bạch, Hồng Bàng, Thái Nguyên', 'trungnguyen@viettel.com.vn', '(05)125-1264', 'K64C', 'KHMT', 'KHMT', 'K63', 'dang_hoc', 0.95, 2.4, 101, 3, TRUE),
    ('HV145', '668875', 'Quý cô Nhật Bùi', '1999-12-05', 'Đồng Nai', '903 Đường Lê Lợi, Hàng Bạc, Tân Bình, Đồng Nai', 'quyconhatbui@fpt.vn', '+84-30-227420', 'K63B', 'ĐTVT', 'ĐTVT', 'K66', 'dang_hoc', 3.25, 8.1, 127, 0, TRUE),
    ('HV146', '645664', 'Nam Xuân Mai', '2004-05-08', 'Đồng Tháp', '185 Đường Nguyễn Văn Linh, Phúc Xá, Gò Vấp, Đồng Tháp', 'namxuanmai@gmail.com', '02 5835 0918', 'K67C', 'CNTT', 'CNTT', 'K64', 'dang_hoc', 0.87, 2.2, 89, 2, TRUE),
    ('HV147', '641304', 'Khoa Mai Bảo Đặng', '1999-05-13', 'Thái Bình', '180 Đường Nguyễn Văn Linh, Phương Liên, Tân Bình, Thái Bình', 'khoamaibaodang@yahoo.com', '07 8376 8402', 'K65C', 'TCNH', 'TCNH', 'K64', 'dang_hoc', 2.37, 5.9, 136, 0, TRUE),
    ('HV148', '634936', 'Dương Mai', '2001-08-02', 'Hà Nam', '707 Đường Lê Lợi, Cống Vị, Quận 12, Hà Nam', 'duongmai@yahoo.com', '+84-28-567 5339', 'K65C', 'CNTT', 'CNTT', 'K63', 'dang_hoc', 1.27, 3.2, 54, 0, TRUE),
    ('HV149', '644991', 'Chị Vi Bùi', '2001-05-30', 'Thái Bình', '173 Đường Hoàng Quốc Việt, Hàng Trống, Ô Môn, Thái Bình', 'chivibui@yahoo.com', '+84-34-110065', 'K66B', 'ĐTVT', 'ĐTVT', 'K64', 'thoi_hoc', 0.66, 1.7, 98, 1, FALSE),
    ('HV150', '663228', 'Hà Mai', '2001-11-27', 'Bắc Ninh', '937 Đường Lê Lợi, Thành Công, Thủ Đức, Bắc Ninh', 'hamai@viettel.com.vn', '+84 47 2596679', 'K65C', 'KT', 'KT', 'K66', 'dang_hoc', 2.52, 6.3, 108, 0, TRUE),
    ('HV151', '631616', 'Cô Lâm Dương', '1998-04-13', 'Quảng Ninh', '180 Đường Hoàng Quốc Việt, Bến Thành, Gò Vấp, Quảng Ninh', 'colamduong@tlu.edu.vn', '03 3464 5547', 'K65B', 'HTTT', 'HTTT', 'K63', 'tot_nghiep', 3.5, 8.8, 59, 0, TRUE),
    ('HV152', '646569', 'Phương Lê', '2000-07-04', 'Hòa Bình', '723 Đường Hoàng Quốc Việt, Bến Thành, Quận 6, Hòa Bình', 'phuongle@fpt.vn', '05 4714508', 'K63B', 'KTPM', 'KTPM', 'K64', 'dang_hoc', 3.86, 9.7, 113, 0, TRUE),
    ('HV153', '632579', 'Chị Hà Trần', '2000-02-22', 'Bình Dương', '339 Đường Trần Hưng Đạo, Phương Mai, Quận 10, Bình Dương', 'chihatran@gmail.com', '00 3944979', 'K67B', 'KHMT', 'KHMT', 'K63', 'thoi_hoc', 0.94, 2.3, 83, 1, FALSE),
    ('HV154', '646919', 'Khoa Thị Bùi', '2001-01-27', 'Yên Bái', '540 Đường Lê Lợi, Lý Thái Tổ, Phú Nhuận, Yên Bái', 'khoathibui@gmail.com', '09 8868 9278', 'K63B', 'KTPM', 'KTPM', 'K64', 'dang_hoc', 3.51, 8.8, 37, 0, TRUE),
    ('HV155', '657938', 'Quý cô Vi Bùi', '2002-07-07', 'Lào Cai', '949 Đường Hoàng Quốc Việt, Lý Thái Tổ, Bình Thủy, Lào Cai', 'quycovibui@yahoo.com', '+84 19 2786316', 'K67B', 'CNTT', 'CNTT', 'K65', 'thoi_hoc', 2.09, 5.2, 62, 0, FALSE),
    ('HV156', '659209', 'Bác Quang Phạm', '1997-04-13', 'Cần Thơ', '636 Đường Lê Duẩn, Giảng Võ, Quận 10, Cần Thơ', 'bacquangpham@fpt.vn', '+84-34-046 7405', 'K63B', 'KT', 'KT', 'K65', 'dang_hoc', 2.55, 6.4, 67, 0, TRUE),
    ('HV157', '644987', 'Ông Trung Lê', '2004-11-08', 'Nam Định', '783 Đường Lê Duẩn, Lý Thái Tổ, Quận 3, Nam Định', 'ongtrungle@gmail.com', '+84-87-135 1670', 'K64A', 'KT', 'KT', 'K64', 'tot_nghiep', 3.7, 9.2, 150, 0, TRUE),
    ('HV158', '648081', 'Bác Minh Phạm', '2003-01-06', 'Quảng Ngãi', '896 Đường Nguyễn Trãi, Thành Công, Quận 5, Quảng Ngãi', 'bacminhpham@viettel.com.vn', '+84 60 2335809', 'K63B', 'KHMT', 'KHMT', 'K64', 'thoi_hoc', 0.58, 1.4, 92, 3, FALSE),
    ('HV159', '657214', 'Chị Hải Nguyễn', '2004-03-29', 'Thanh Hóa', '773 Đường Lê Duẩn, Láng Hạ, Quận 10, Thanh Hóa', 'chihainguyen@gmail.com', '(00) 4616 2074', 'K63C', 'ĐTVT', 'ĐTVT', 'K65', 'dang_hoc', 2.08, 5.2, 118, 0, TRUE),
    ('HV160', '632432', 'Cô Phương Hoàng', '2003-01-13', 'Đồng Nai', '307 Đường Nguyễn Văn Linh, Khương Thượng, Cẩm Lệ, Đồng Nai', 'cophuonghoang@fpt.vn', '(08)285-3610', 'K65C', 'KT', 'KT', 'K63', 'dang_hoc', 2.43, 6.1, 71, 0, TRUE),
    ('HV161', '645262', 'Cô Bảo Phạm', '1997-04-06', 'Lạng Sơn', '608 Đường Lê Duẩn, Giảng Võ, Ngô Quyền, Lạng Sơn', 'cobaopham@yahoo.com', '08 1189906', 'K65C', 'ATTT', 'ATTT', 'K64', 'dang_hoc', 1.93, 4.8, 69, 0, TRUE),
    ('HV162', '656842', 'Thành Mai', '1999-05-05', 'Hồ Chí Minh', '660 Đường Trần Hưng Đạo, Nhân Chính, Hai Bà Trưng, Hồ Chí Minh', 'thanhmai@yahoo.com', '(07) 3171 1676', 'K67B', 'CNTT', 'CNTT', 'K65', 'dang_hoc', 0.24, 0.6, 71, 1, TRUE),
    ('HV163', '679170', 'Quý cô Hà Dương', '1999-11-13', 'Cần Thơ', '943 Đường Lê Duẩn, Hàng Bạc, Ô Môn, Cần Thơ', 'quycohaduong@fpt.vn', '+84-35-198988', 'K63C', 'KHMT', 'KHMT', 'K67', 'dang_hoc', 3.45, 8.6, 66, 0, TRUE),
    ('HV164', '649930', 'Trung Vũ', '2000-09-12', 'Hà Tĩnh', '512 Đường Trần Hưng Đạo, Trung Tự, Ô Môn, Hà Tĩnh', 'trungvu@tlu.edu.vn', '(05)437-4399', 'K63C', 'KTPM', 'KTPM', 'K64', 'dang_hoc', 3.81, 9.5, 48, 0, TRUE),
    ('HV165', '636491', 'Lâm Mai', '2003-04-26', 'Tây Ninh', '357 Đường Võ Nguyên Giáp, Vĩnh Phúc, Hoàng Mai, Tây Ninh', 'lammai@fpt.vn', '09 0549 0920', 'K67C', 'TTĐPT', 'TTĐPT', 'K63', 'dang_hoc', 3.75, 9.4, 120, 0, TRUE),
    ('HV166', '639496', 'Mai Hoàng', '1999-02-17', 'Quảng Ninh', '344 Đường Phạm Văn Đồng, Hàng Trống, Quận 3, Quảng Ninh', 'maihoang@yahoo.com', '(02) 4361 2663', 'K67C', 'TCNH', 'TCNH', 'K63', 'dang_hoc', 3.9, 9.8, 30, 0, TRUE),
    ('HV167', '678882', 'Quý cô Lan Hoàng', '1999-10-10', 'Tiền Giang', '553 Đường Nguyễn Trãi, Phương Liên, Hoàn Kiếm, Tiền Giang', 'quycolanhoang@viettel.com.vn', '+84-98-003 7060', 'K66B', 'TCNH', 'TCNH', 'K67', 'dang_hoc', 2.68, 6.7, 146, 0, TRUE),
    ('HV168', '645964', 'Thành Đặng', '2001-03-03', 'Hậu Giang', '115 Đường Nguyễn Văn Linh, Cô Giang, Hải An, Hậu Giang', 'thanhdang@fpt.vn', '+84-92-663427', 'K65C', 'KT', 'KT', 'K64', 'dang_hoc', 2.17, 5.4, 113, 0, TRUE),
    ('HV169', '632555', 'Bà Dương Lê', '2004-04-23', 'Hồ Chí Minh', '532 Đường Trần Hưng Đạo, Trung Tự, Hải An, Hồ Chí Minh', 'baduongle@viettel.com.vn', '+84-77-485891', 'K67B', 'TCNH', 'TCNH', 'K63', 'tot_nghiep', 1.87, 4.7, 33, 0, TRUE),
    ('HV170', '651048', 'Hạnh Phạm', '1998-04-25', 'Lào Cai', '916 Đường Lê Lợi, Cầu Kho, Long Biên, Lào Cai', 'hanhpham@gmail.com', '(03) 7993 5017', 'K67C', 'ĐTVT', 'ĐTVT', 'K65', 'tot_nghiep', 3.57, 8.9, 50, 0, TRUE),
    ('HV171', '673155', 'Hải Văn Phạm', '2004-01-30', 'Ninh Bình', '355 Đường Nguyễn Văn Linh, Láng Hạ, Quận 6, Ninh Bình', 'haivanpham@yahoo.com', '+84 06 7414433', 'K63C', 'ĐTVT', 'ĐTVT', 'K67', 'thoi_hoc', 1.05, 2.6, 64, 1, FALSE),
    ('HV172', '643112', 'Nhật Đặng', '1997-01-10', 'Quảng Nam', '491 Đường Trần Hưng Đạo, Hàng Trống, Ngô Quyền, Quảng Nam', 'nhatdang@viettel.com.vn', '07 8502 1409', 'K64A', 'ATTT', 'ATTT', 'K64', 'dang_hoc', 2.58, 6.5, 67, 0, TRUE),
    ('HV173', '639908', 'Ông Minh Phạm', '2002-09-16', 'Thái Bình', '963 Đường Phạm Văn Đồng, Hàng Bạc, Quận 10, Thái Bình', 'ongminhpham@gmail.com', '+84-38-260 3957', 'K64C', 'KHMT', 'KHMT', 'K63', 'dang_hoc', 2.61, 6.5, 98, 0, TRUE),
    ('HV174', '662180', 'Hoàng Thị Bùi', '1995-09-15', 'Lai Châu', '976 Đường Lê Lợi, Đa Kao, Ngũ Hành Sơn, Lai Châu', 'hoangthibui@viettel.com.vn', '02 5877 1286', 'K67A', 'CNTT', 'CNTT', 'K66', 'tot_nghiep', 2.84, 7.1, 139, 0, TRUE),
    ('HV175', '637833', 'Hồng Bùi', '2005-07-14', 'Nam Định', '928 Đường Hoàng Quốc Việt, Giảng Võ, Quận 11, Nam Định', 'hongbui@gmail.com', '08 9802 6823', 'K63C', 'HTTT', 'HTTT', 'K63', 'tot_nghiep', 3.44, 8.6, 47, 0, TRUE),
    ('HV176', '654689', 'Khoa Mai Phạm', '1995-11-04', 'Đồng Tháp', '43 Đường Trần Hưng Đạo, Phúc Xá, Cầu Giấy, Đồng Tháp', 'khoamaipham@fpt.vn', '+84-84-482 2591', 'K64C', 'TCNH', 'TCNH', 'K65', 'dang_hoc', 2.48, 6.2, 148, 0, TRUE),
    ('HV177', '652396', 'Bác Quang Dương', '1999-01-12', 'Cao Bằng', '174 Đường Nguyễn Văn Linh, Cầu Kho, Cầu Giấy, Cao Bằng', 'bacquangduong@tlu.edu.vn', '(04) 7487 9253', 'K63A', 'KHMT', 'KHMT', 'K65', 'thoi_hoc', 3.12, 7.8, 81, 0, FALSE),
    ('HV178', '655316', 'Bà Ánh Mai', '1995-07-12', 'Hưng Yên', '956 Đường Trường Chinh, Tràng Tiền, Bắc Từ Liêm, Hưng Yên', 'baanhmai@tlu.edu.vn', '+84 92 4266346', 'K65A', 'ATTT', 'ATTT', 'K65', 'tot_nghiep', 2.97, 7.4, 34, 0, TRUE),
    ('HV179', '671765', 'Phương Hoàng', '2003-11-10', 'Lào Cai', '224 Đường Nguyễn Văn Linh, Phương Liên, Ninh Kiều, Lào Cai', 'phuonghoang@fpt.vn', '08 1487 0024', 'K63A', 'TTĐPT', 'TTĐPT', 'K67', 'thoi_hoc', 0.73, 1.8, 131, 0, FALSE),
    ('HV180', '678233', 'Quý cô Hải Mai', '2000-02-08', 'Bắc Kạn', '575 Đường Lê Duẩn, Cống Vị, Liên Chiểu, Bắc Kạn', 'quycohaimai@viettel.com.vn', '(07) 9000 9170', 'K67B', 'ĐTVT', 'ĐTVT', 'K67', 'thoi_hoc', 2.4, 6.0, 133, 0, FALSE),
    ('HV181', '673987', 'Chị Vân Mai', '2000-03-05', 'Vĩnh Phúc', '533 Đường Võ Nguyên Giáp, Hàng Bạc, Dương Kinh, Vĩnh Phúc', 'chivanmai@fpt.vn', '(08) 7836 7686', 'K66C', 'HTTT', 'HTTT', 'K67', 'tot_nghiep', 3.95, 9.9, 70, 0, TRUE),
    ('HV182', '667174', 'Huy Hoàng Nguyễn', '2000-05-21', 'Lào Cai', '742 Đường Võ Nguyên Giáp, Tân Định, Quận 2, Lào Cai', 'huyhoangnguyen@fpt.vn', '+84-45-521262', 'K67B', 'KTCK', 'KTCK', 'K66', 'tot_nghiep', 1.34, 3.4, 58, 2, TRUE),
    ('HV183', '635914', 'Anh Anh Đặng', '2002-06-29', 'Quảng Ninh', '416 Đường Lê Lợi, Đa Kao, Cẩm Lệ, Quảng Ninh', 'anhanhdang@viettel.com.vn', '+84-77-167 4275', 'K66B', 'KTPM', 'KTPM', 'K63', 'dang_hoc', 0.01, 0.0, 49, 2, TRUE),
    ('HV184', '678959', 'Bảo Thị Phạm', '1995-03-05', 'Vĩnh Phúc', '52 Đường Lê Duẩn, Bến Thành, Ninh Kiều, Vĩnh Phúc', 'baothipham@tlu.edu.vn', '+84-75-398 9487', 'K67C', 'ĐTVT', 'ĐTVT', 'K67', 'tot_nghiep', 3.81, 9.5, 64, 0, TRUE),
    ('HV185', '643061', 'Trung Dương', '1999-06-16', 'Lai Châu', '492 Đường Lê Lợi, Giảng Võ, Quận 10, Lai Châu', 'trungduong@yahoo.com', '+84-92-031 0268', 'K64B', 'KHMT', 'KHMT', 'K64', 'thoi_hoc', 2.65, 6.6, 92, 0, FALSE),
    ('HV186', '652306', 'Hải Bảo Dương', '1997-09-17', 'Tiền Giang', '160 Đường Lê Duẩn, Thành Công, Hai Bà Trưng, Tiền Giang', 'haibaoduong@gmail.com', '+84 86 2713177', 'K67C', 'HTTT', 'HTTT', 'K65', 'thoi_hoc', 2.67, 6.7, 142, 0, FALSE),
    ('HV187', '657591', 'Quang Hoàng', '1996-08-18', 'Đồng Tháp', '401 Đường Nguyễn Trãi, Đa Kao, Hải An, Đồng Tháp', 'quanghoang@yahoo.com', '+84-12-702706', 'K63A', 'KTCK', 'KTCK', 'K65', 'dang_hoc', 0.91, 2.3, 73, 3, TRUE),
    ('HV188', '678236', 'Hà Thị Hoàng', '2003-02-05', 'Phú Thọ', '945 Đường Võ Nguyên Giáp, Tân Định, Bình Thủy, Phú Thọ', 'hathihoang@gmail.com', '(06) 7981 7455', 'K63C', 'TCNH', 'TCNH', 'K67', 'dang_hoc', 1.89, 4.7, 38, 0, TRUE),
    ('HV189', '676359', 'Châu Hoàng Trần', '2000-12-24', 'Hà Giang', '426 Đường Trường Chinh, Trúc Bạch, Cầu Giấy, Hà Giang', 'chauhoangtran@yahoo.com', '+84 12 0124316', 'K65B', 'ATTT', 'ATTT', 'K67', 'dang_hoc', 3.84, 9.6, 56, 0, TRUE),
    ('HV190', '645684', 'Linh Bùi', '1999-06-09', 'Hà Giang', '417 Đường Trường Chinh, Tân Định, Quận 8, Hà Giang', 'linhbui@gmail.com', '+84 00 4308970', 'K67A', 'KHMT', 'KHMT', 'K64', 'thoi_hoc', 1.01, 2.5, 73, 3, FALSE),
    ('HV191', '637461', 'Tú Đức Lê', '1995-03-16', 'Khánh Hòa', '994 Đường Lê Lợi, Hàng Trống, Quận 3, Khánh Hòa', 'tuducle@viettel.com.vn', '(00)581-6832', 'K63C', 'KHMT', 'KHMT', 'K63', 'dang_hoc', 2.32, 5.8, 31, 0, TRUE),
    ('HV192', '664820', 'An Đức Vũ', '1999-05-09', 'Kon Tum', '29 Đường Trần Hưng Đạo, Hàng Bạc, Bình Thủy, Kon Tum', 'anducvu@tlu.edu.vn', '08 0973 0613', 'K65C', 'TTĐPT', 'TTĐPT', 'K66', 'dang_hoc', 2.78, 6.9, 72, 0, TRUE),
    ('HV193', '675919', 'Thành Đức Mai', '1998-12-28', 'Long An', '219 Đường Nguyễn Trãi, Bến Nghé, Hoàn Kiếm, Long An', 'thanhducmai@viettel.com.vn', '+84-14-917 2298', 'K66A', 'CNTT', 'CNTT', 'K67', 'tot_nghiep', 2.18, 5.5, 127, 0, TRUE),
    ('HV194', '634066', 'Nhật Dương', '1996-06-06', 'Long An', '620 Đường Trường Chinh, Lý Thái Tổ, Long Biên, Long An', 'nhatduong@fpt.vn', '+84 06 9896494', 'K63C', 'ĐTVT', 'ĐTVT', 'K63', 'thoi_hoc', 3.59, 9.0, 70, 0, FALSE),
    ('HV195', '644696', 'Chi Nguyễn', '2001-03-23', 'Nam Định', '857 Đường Trần Hưng Đạo, Cô Giang, Quận 1, Nam Định', 'chinguyen@tlu.edu.vn', '(05) 9366 8832', 'K67A', 'ĐTVT', 'ĐTVT', 'K64', 'thoi_hoc', 0.47, 1.2, 80, 0, FALSE),
    ('HV196', '635075', 'Quý cô Hương Trần', '2005-03-11', 'Quảng Ninh', '556 Đường Phạm Văn Đồng, Hàng Trống, Quận 11, Quảng Ninh', 'quycohuongtran@viettel.com.vn', '+84-84-483770', 'K66A', 'KT', 'KT', 'K63', 'dang_hoc', 2.56, 6.4, 59, 0, TRUE),
    ('HV197', '636594', 'Chị Xuân Vũ', '2005-03-14', 'Quảng Ngãi', '627 Đường Lê Duẩn, Hàng Gai, Hải Châu, Quảng Ngãi', 'chixuanvu@gmail.com', '06 1836274', 'K63B', 'KTCK', 'KTCK', 'K63', 'dang_hoc', 0.25, 0.6, 143, 2, TRUE),
    ('HV198', '644607', 'Quý cô Bảo Vũ', '1997-02-09', 'Cà Mau', '634 Đường Lê Lợi, Liễu Giai, Quận 3, Cà Mau', 'quycobaovu@fpt.vn', '03 7748931', 'K64C', 'HTTT', 'HTTT', 'K64', 'dang_hoc', 3.37, 8.4, 92, 0, TRUE),
    ('HV199', '651330', 'Cô Ánh Bùi', '1997-02-11', 'Hồ Chí Minh', '604 Đường Trần Hưng Đạo, Liễu Giai, Lê Chân, Hồ Chí Minh', 'coanhbui@gmail.com', '(04) 3435 6263', 'K63A', 'TCNH', 'TCNH', 'K65', 'thoi_hoc', 3.87, 9.7, 57, 0, FALSE),
    ('HV200', '677663', 'Phương Thế Mai', '1996-11-17', 'Hòa Bình', '889 Đường Trần Hưng Đạo, Láng Hạ, Cầu Giấy, Hòa Bình', 'phuongthemai@viettel.com.vn', '(02)776-1435', 'K63C', 'KHMT', 'KHMT', 'K67', 'thoi_hoc', 0.54, 1.4, 61, 1, FALSE),
    ('HV201', '668145', 'Bảo Dương', '1997-04-22', 'Tây Ninh', '939 Đường Nguyễn Trãi, Hàng Bạc, Quận 4, Tây Ninh', 'baoduong@gmail.com', '06 3635063', 'K66A', 'ATTT', 'ATTT', 'K66', 'dang_hoc', 1.12, 2.8, 41, 2, TRUE),
    ('HV202', '653398', 'Khoa Nguyễn', '1995-05-02', 'Bạc Liêu', '867 Đường Phạm Văn Đồng, Láng Hạ, Quận 3, Bạc Liêu', 'khoanguyen@viettel.com.vn', '(07)097-8664', 'K66A', 'TTĐPT', 'TTĐPT', 'K65', 'dang_hoc', 2.49, 6.2, 58, 0, TRUE),
    ('HV203', '657107', 'Quý cô Lâm Dương', '1998-01-27', 'Lai Châu', '289 Đường Hoàng Quốc Việt, Bến Thành, Liên Chiểu, Lai Châu', 'quycolamduong@fpt.vn', '09 6045656', 'K65C', 'ATTT', 'ATTT', 'K65', 'dang_hoc', 2.05, 5.1, 102, 0, TRUE),
    ('HV204', '636469', 'Nhiên Hải Lê', '2005-06-08', 'Bình Phước', '666 Đường Lê Duẩn, Phúc Xá, Quận 3, Bình Phước', 'nhienhaile@gmail.com', '+84-62-897 4242', 'K64B', 'KTPM', 'KTPM', 'K63', 'tot_nghiep', 3.1, 7.8, 42, 0, TRUE),
    ('HV205', '665567', 'Cô Hà Phạm', '1999-04-22', 'Sóc Trăng', '747 Đường Trường Chinh, Tràng Tiền, Phú Nhuận, Sóc Trăng', 'cohapham@gmail.com', '(01) 3271 2431', 'K66B', 'ĐTVT', 'ĐTVT', 'K66', 'dang_hoc', 2.27, 5.7, 124, 0, TRUE),
    ('HV206', '655548', 'Chị Bảo Hoàng', '2001-01-07', 'Sóc Trăng', '374 Đường Lê Lợi, Trúc Bạch, Long Biên, Sóc Trăng', 'chibaohoang@viettel.com.vn', '03 4145 5321', 'K67B', 'HTTT', 'HTTT', 'K65', 'tot_nghiep', 3.22, 8.1, 119, 0, TRUE),
    ('HV207', '672299', 'Chị Thành Vũ', '2004-05-29', 'Vĩnh Phúc', '717 Đường Trường Chinh, Tân Định, Ba Đình, Vĩnh Phúc', 'chithanhvu@fpt.vn', '+84 69 9461976', 'K63A', 'TTĐPT', 'TTĐPT', 'K67', 'thoi_hoc', 0.74, 1.9, 61, 3, FALSE),
    ('HV208', '647302', 'Quý cô Hương Lê', '2005-04-17', 'Quảng Ninh', '148 Đường Nguyễn Trãi, Kim Liên, Quận 11, Quảng Ninh', 'quycohuongle@gmail.com', '+84-17-565 0784', 'K63C', 'KT', 'KT', 'K64', 'thoi_hoc', 1.64, 4.1, 77, 0, FALSE),
    ('HV209', '647336', 'Nhật Lê', '1997-11-30', 'Ninh Bình', '755 Đường Hoàng Quốc Việt, Tân Định, Long Biên, Ninh Bình', 'nhatle@gmail.com', '01 6364635', 'K67B', 'TTĐPT', 'TTĐPT', 'K64', 'dang_hoc', 3.54, 8.8, 83, 0, TRUE),
    ('HV210', '668058', 'Cô Phương Lê', '2001-06-18', 'Tiền Giang', '173 Đường Lê Duẩn, Tân Định, Tân Phú, Tiền Giang', 'cophuongle@fpt.vn', '(07) 1316 7812', 'K64B', 'TCNH', 'TCNH', 'K66', 'tot_nghiep', 2.14, 5.4, 88, 0, TRUE),
    ('HV211', '648339', 'Hà Đức Hoàng', '1997-04-02', 'Hưng Yên', '333 Đường Lê Lợi, Phương Liên, Quận 2, Hưng Yên', 'haduchoang@fpt.vn', '+84 72 7199468', 'K66C', 'CNTT', 'CNTT', 'K64', 'thoi_hoc', 2.05, 5.1, 115, 0, FALSE),
    ('HV212', '659118', 'Dũng Vũ', '2002-11-13', 'Bình Dương', '303 Đường Hoàng Quốc Việt, Lý Thái Tổ, Quận 8, Bình Dương', 'dungvu@fpt.vn', '+84-70-985229', 'K66B', 'KHMT', 'KHMT', 'K65', 'tot_nghiep', 2.84, 7.1, 50, 0, TRUE),
    ('HV213', '655534', 'Trọng Dương', '1998-02-04', 'Đồng Tháp', '657 Đường Trần Hưng Đạo, Hàng Trống, Ô Môn, Đồng Tháp', 'trongduong@tlu.edu.vn', '+84-03-521 9195', 'K64A', 'KHMT', 'KHMT', 'K65', 'dang_hoc', 3.0, 7.5, 141, 0, TRUE),
    ('HV214', '662754', 'Nhật Phạm', '1996-05-17', 'Gia Lai', '717 Đường Hoàng Quốc Việt, Cô Giang, Dương Kinh, Gia Lai', 'nhatpham@fpt.vn', '03 2199265', 'K67B', 'ĐTVT', 'ĐTVT', 'K66', 'thoi_hoc', 3.04, 7.6, 107, 0, FALSE),
    ('HV215', '675695', 'Hưng Vũ', '1997-07-30', 'Hà Nội', '63 Đường Trần Hưng Đạo, Phương Liên, Liên Chiểu, Hà Nội', 'hungvu@tlu.edu.vn', '+84-19-743 0613', 'K66B', 'TTĐPT', 'TTĐPT', 'K67', 'thoi_hoc', 2.14, 5.4, 81, 0, FALSE),
    ('HV216', '678796', 'Hoàng Lê', '2003-10-27', 'Lào Cai', '730 Đường Lê Lợi, Hàng Bạc, Kiến An, Lào Cai', 'hoangle@gmail.com', '(08)938-8170', 'K63C', 'HTTT', 'HTTT', 'K67', 'dang_hoc', 3.64, 9.1, 122, 0, TRUE),
    ('HV217', '647413', 'An Vũ', '1999-05-01', 'Lâm Đồng', '560 Đường Lê Duẩn, Bến Nghé, Cẩm Lệ, Lâm Đồng', 'anvu@viettel.com.vn', '+84 47 4225254', 'K64A', 'KT', 'KT', 'K64', 'tot_nghiep', 2.06, 5.2, 130, 0, TRUE),
    ('HV218', '666543', 'Hà Trí Mai', '1997-03-01', 'Bà Rịa - Vũng Tàu', '278 Đường Nguyễn Văn Linh, Hàng Bạc, Quận 11, Bà Rịa - Vũng Tàu', 'hatrimai@tlu.edu.vn', '(07) 6441 0396', 'K67B', 'KT', 'KT', 'K66', 'tot_nghiep', 1.66, 4.1, 136, 0, TRUE),
    ('HV219', '638971', 'Phương Phú Bùi', '1997-11-24', 'Ninh Thuận', '451 Đường Trường Chinh, Bến Nghé, Ninh Kiều, Ninh Thuận', 'phuongphubui@gmail.com', '01 7021424', 'K65A', 'ATTT', 'ATTT', 'K63', 'thoi_hoc', 0.6, 1.5, 80, 3, FALSE),
    ('HV220', '658764', 'Bác Trọng Mai', '2001-05-11', 'Nghệ An', '678 Đường Nguyễn Trãi, Lý Thái Tổ, Hai Bà Trưng, Nghệ An', 'bactrongmai@yahoo.com', '(03) 4740 8559', 'K66C', 'ATTT', 'ATTT', 'K65', 'dang_hoc', 1.77, 4.4, 54, 0, TRUE),
    ('HV221', '672711', 'Cô Hà Lê', '1996-02-25', 'Hưng Yên', '11 Đường Lê Duẩn, Bến Thành, Đồ Sơn, Hưng Yên', 'cohale@gmail.com', '+84 52 7870029', 'K66A', 'KT', 'KT', 'K67', 'thoi_hoc', 1.02, 2.5, 51, 3, FALSE),
    ('HV222', '677952', 'Bà Hà Phạm', '2003-06-17', 'Cà Mau', '955 Đường Hoàng Quốc Việt, Phúc Xá, Cầu Giấy, Cà Mau', 'bahapham@tlu.edu.vn', '+84-61-757 0176', 'K66B', 'ĐTVT', 'ĐTVT', 'K67', 'dang_hoc', 1.66, 4.1, 90, 0, TRUE),
    ('HV223', '632888', 'Quý ông Châu Dương', '2001-04-17', 'Quảng Bình', '768 Đường Lê Lợi, Đa Kao, Quận 10, Quảng Bình', 'quyongchauduong@tlu.edu.vn', '(02)943-1034', 'K66C', 'KHMT', 'KHMT', 'K63', 'dang_hoc', 2.61, 6.5, 93, 0, TRUE),
    ('HV224', '638267', 'Dũng Trần', '1999-03-13', 'Tây Ninh', '168 Đường Võ Nguyên Giáp, Khương Thượng, Cái Răng, Tây Ninh', 'dungtran@fpt.vn', '+84-79-934526', 'K65B', 'ATTT', 'ATTT', 'K63', 'dang_hoc', 0.08, 0.2, 100, 0, TRUE),
    ('HV225', '661912', 'Chị Bảo Mai', '2005-09-11', 'Vĩnh Phúc', '65 Đường Trần Hưng Đạo, Hàng Trống, Cái Răng, Vĩnh Phúc', 'chibaomai@gmail.com', '+84-74-735 2522', 'K64C', 'HTTT', 'HTTT', 'K66', 'dang_hoc', 1.3, 3.2, 119, 1, TRUE),
    ('HV226', '655859', 'Ông Minh Lê', '1995-07-23', 'Hà Nội', '21 Đường Nguyễn Trãi, Láng Thượng, Quận 7, Hà Nội', 'ongminhle@tlu.edu.vn', '+84 34 0900861', 'K63B', 'KHMT', 'KHMT', 'K65', 'thoi_hoc', 1.63, 4.1, 37, 0, FALSE),
    ('HV227', '672675', 'Huy Đức Lê', '1995-11-11', 'Tiền Giang', '526 Đường Nguyễn Văn Linh, Bến Thành, Sơn Trà, Tiền Giang', 'huyducle@yahoo.com', '(06)779-3785', 'K65B', 'TCNH', 'TCNH', 'K67', 'dang_hoc', 3.2, 8.0, 120, 0, TRUE),
    ('HV228', '647635', 'Hải Mai Bảo Dương', '2002-05-20', 'Hà Tĩnh', '703 Đường Trần Hưng Đạo, Láng Thượng, Cẩm Lệ, Hà Tĩnh', 'haimaibaoduong@gmail.com', '+84 92 2695161', 'K67B', 'CNTT', 'CNTT', 'K64', 'dang_hoc', 2.92, 7.3, 99, 0, TRUE),
    ('HV229', '656229', 'Phúc Hải Hoàng', '2001-01-08', 'Cần Thơ', '243 Đường Võ Nguyên Giáp, Tràng Tiền, Bình Thạnh, Cần Thơ', 'phuchaihoang@fpt.vn', '09 2763 2474', 'K64B', 'HTTT', 'HTTT', 'K65', 'tot_nghiep', 1.09, 2.7, 64, 1, TRUE),
    ('HV230', '639174', 'Nhật Phạm', '2000-11-26', 'Tiền Giang', '77 Đường Trường Chinh, Lý Thái Tổ, Đồ Sơn, Tiền Giang', 'nhatpham@gmail.com', '+84-83-682 5989', 'K66A', 'HTTT', 'HTTT', 'K63', 'thoi_hoc', 0.46, 1.2, 34, 0, FALSE),
    ('HV231', '663098', 'Hải Vũ', '2004-06-23', 'Bắc Kạn', '19 Đường Nguyễn Văn Linh, Tràng Tiền, Thanh Khê, Bắc Kạn', 'haivu@yahoo.com', '+84-26-669074', 'K65C', 'TCNH', 'TCNH', 'K66', 'thoi_hoc', 3.82, 9.5, 102, 0, FALSE),
    ('HV232', '642801', 'Quý ông Trung Dương', '2003-11-25', 'Lào Cai', '959 Đường Trường Chinh, Khương Thượng, Quận 3, Lào Cai', 'quyongtrungduong@gmail.com', '+84-43-875048', 'K65A', 'ĐTVT', 'ĐTVT', 'K64', 'tot_nghiep', 2.2, 5.5, 106, 0, TRUE),
    ('HV233', '675037', 'Khoa Dương', '2002-10-15', 'Hậu Giang', '712 Đường Lê Duẩn, Kim Liên, Đống Đa, Hậu Giang', 'khoaduong@yahoo.com', '(00)551-1341', 'K64B', 'KT', 'KT', 'K67', 'thoi_hoc', 1.24, 3.1, 106, 3, FALSE),
    ('HV234', '665500', 'Hưng Hữu Trần', '2005-09-04', 'Hà Nam', '507 Đường Trần Hưng Đạo, Cống Vị, Cẩm Lệ, Hà Nam', 'hunghuutran@gmail.com', '+84 62 5653505', 'K65C', 'KTPM', 'KTPM', 'K66', 'thoi_hoc', 0.94, 2.3, 146, 3, FALSE),
    ('HV235', '643037', 'Hà Hoàng', '2001-12-27', 'Vĩnh Phúc', '45 Đường Võ Nguyên Giáp, Hàng Trống, Quận 3, Vĩnh Phúc', 'hahoang@tlu.edu.vn', '(05)077-7124', 'K66B', 'KTCK', 'KTCK', 'K64', 'tot_nghiep', 1.98, 5.0, 69, 0, TRUE),
    ('HV236', '645656', 'Cô Hải Phạm', '2000-08-31', 'Quảng Ninh', '428 Đường Hoàng Quốc Việt, Cầu Kho, Quận 6, Quảng Ninh', 'cohaipham@fpt.vn', '07 6359931', 'K64A', 'HTTT', 'HTTT', 'K64', 'thoi_hoc', 1.29, 3.2, 44, 1, FALSE),
    ('HV237', '668275', 'Trung Đức Hoàng', '1996-03-27', 'Quảng Ngãi', '649 Đường Trường Chinh, Đa Kao, Ninh Kiều, Quảng Ngãi', 'trungduchoang@tlu.edu.vn', '+84-27-071 7030', 'K65A', 'KTCK', 'KTCK', 'K66', 'thoi_hoc', 0.3, 0.8, 144, 3, FALSE),
    ('HV238', '661962', 'Ông Khoa Hoàng', '1995-12-10', 'Nghệ An', '565 Đường Lê Lợi, Tràng Tiền, Bình Thạnh, Nghệ An', 'ongkhoahoang@gmail.com', '+84-89-634 8005', 'K66C', 'KHMT', 'KHMT', 'K66', 'thoi_hoc', 1.69, 4.2, 142, 0, FALSE),
    ('HV239', '664162', 'Quang Vũ', '1999-12-02', 'Long An', '152 Đường Võ Nguyên Giáp, Láng Thượng, Quận 10, Long An', 'quangvu@viettel.com.vn', '00 6388 2406', 'K67B', 'CNTT', 'CNTT', 'K66', 'dang_hoc', 2.71, 6.8, 53, 0, TRUE),
    ('HV240', '663639', 'Kim Mai Bảo Hoàng', '2003-02-09', 'Bến Tre', '541 Đường Lê Duẩn, Láng Hạ, Tân Bình, Bến Tre', 'kimmaibaohoang@fpt.vn', '+84 28 4119002', 'K65A', 'TCNH', 'TCNH', 'K66', 'thoi_hoc', 0.09, 0.2, 145, 3, FALSE),
    ('HV241', '645147', 'Quý ông Dũng Hoàng', '2005-09-14', 'Đà Nẵng', '88 Đường Lê Duẩn, Phúc Xá, Bình Thủy, Đà Nẵng', 'quyongdunghoang@tlu.edu.vn', '(05)862-1017', 'K66A', 'KT', 'KT', 'K64', 'tot_nghiep', 1.9, 4.8, 45, 0, TRUE),
    ('HV242', '643087', 'Nhật Lê', '2005-05-12', 'Cần Thơ', '153 Đường Trần Hưng Đạo, Cống Vị, Quận 5, Cần Thơ', 'nhatle@fpt.vn', '+84-31-850816', 'K66B', 'ATTT', 'ATTT', 'K64', 'tot_nghiep', 2.9, 7.2, 146, 0, TRUE),
    ('HV243', '654002', 'Phúc Quang Nguyễn', '1997-09-18', 'Phú Yên', '370 Đường Lê Duẩn, Hàng Gai, Quận 10, Phú Yên', 'phucquangnguyen@gmail.com', '06 0002459', 'K67B', 'HTTT', 'HTTT', 'K65', 'thoi_hoc', 0.98, 2.5, 130, 1, FALSE),
    ('HV244', '648871', 'Chị Thành Nguyễn', '2004-07-11', 'Quảng Nam', '388 Đường Lê Lợi, Trung Tự, Hải An, Quảng Nam', 'chithanhnguyen@viettel.com.vn', '(08)457-6007', 'K64B', 'TTĐPT', 'TTĐPT', 'K64', 'dang_hoc', 3.18, 8.0, 141, 0, TRUE),
    ('HV245', '676970', 'Nhật Phạm', '2000-10-30', 'Sóc Trăng', '103 Đường Trường Chinh, Phúc Xá, Kiến An, Sóc Trăng', 'nhatpham@viettel.com.vn', '+84-13-209710', 'K66A', 'KHMT', 'KHMT', 'K67', 'dang_hoc', 2.33, 5.8, 75, 0, TRUE),
    ('HV246', '634739', 'Cô Hương Nguyễn', '2000-07-21', 'Bắc Ninh', '119 Đường Võ Nguyên Giáp, Phúc Xá, Phú Nhuận, Bắc Ninh', 'cohuongnguyen@viettel.com.vn', '(00)776-7105', 'K65C', 'KTCK', 'KTCK', 'K63', 'tot_nghiep', 1.0, 2.5, 69, 3, TRUE),
    ('HV247', '644453', 'Chị Nhật Mai', '2004-02-17', 'Tây Ninh', '950 Đường Lê Lợi, Láng Hạ, Quận 6, Tây Ninh', 'chinhatmai@gmail.com', '(05) 4420 8342', 'K67C', 'TTĐPT', 'TTĐPT', 'K64', 'tot_nghiep', 0.51, 1.3, 148, 3, TRUE),
    ('HV248', '669088', 'Tú Hoàng Vũ', '1999-04-08', 'Đồng Tháp', '136 Đường Lê Lợi, Cầu Kho, Hoàng Mai, Đồng Tháp', 'tuhoangvu@tlu.edu.vn', '+84-15-190 4933', 'K63B', 'KT', 'KT', 'K66', 'thoi_hoc', 0.65, 1.6, 122, 3, FALSE),
    ('HV249', '631432', 'Bà Hương Vũ', '2001-09-14', 'Bình Phước', '572 Đường Trường Chinh, Giảng Võ, Quận 8, Bình Phước', 'bahuongvu@fpt.vn', '07 2014 4194', 'K66A', 'TCNH', 'TCNH', 'K63', 'thoi_hoc', 1.22, 3.0, 100, 2, FALSE),
    ('HV250', '646612', 'Nhật Trần', '1996-10-09', 'Hà Nam', '123 Đường Lê Lợi, Trúc Bạch, Tân Bình, Hà Nam', 'nhattran@fpt.vn', '+84-75-943 3663', 'K66A', 'ATTT', 'ATTT', 'K64', 'dang_hoc', 1.12, 2.8, 38, 3, TRUE),
    ('HV251', '641701', 'Nhật Tấn Đặng', '1996-12-21', 'Đắk Lắk', '337 Đường Phạm Văn Đồng, Khương Thượng, Quận 1, Đắk Lắk', 'nhattandang@yahoo.com', '+84-36-898614', 'K65B', 'KTPM', 'KTPM', 'K64', 'thoi_hoc', 0.89, 2.2, 49, 0, FALSE),
    ('HV252', '675654', 'Anh Bùi', '1997-01-25', 'Thái Bình', '663 Đường Lê Duẩn, Tràng Tiền, Bình Thạnh, Thái Bình', 'anhbui@tlu.edu.vn', '04 4645186', 'K67B', 'KTCK', 'KTCK', 'K67', 'tot_nghiep', 2.75, 6.9, 119, 0, TRUE),
    ('HV253', '645169', 'Ngọc Mai', '2004-02-14', 'Cần Thơ', '37 Đường Phạm Văn Đồng, Nhân Chính, Đống Đa, Cần Thơ', 'ngocmai@gmail.com', '+84-65-217 1363', 'K67B', 'KT', 'KT', 'K64', 'dang_hoc', 3.72, 9.3, 69, 0, TRUE),
    ('HV254', '663084', 'Châu Vũ', '2004-11-19', 'Hải Dương', '143 Đường Hoàng Quốc Việt, Liễu Giai, Bình Thạnh, Hải Dương', 'chauvu@tlu.edu.vn', '(09)548-0094', 'K67C', 'HTTT', 'HTTT', 'K66', 'thoi_hoc', 0.51, 1.3, 133, 3, FALSE),
    ('HV255', '669693', 'Thảo Trần', '1996-02-24', 'Lào Cai', '588 Đường Võ Nguyên Giáp, Bến Thành, Dương Kinh, Lào Cai', 'thaotran@fpt.vn', '00 4351154', 'K64B', 'HTTT', 'HTTT', 'K66', 'dang_hoc', 0.45, 1.1, 77, 3, TRUE),
    ('HV256', '646046', 'Ngọc Vũ', '1996-04-07', 'Quảng Nam', '561 Đường Trường Chinh, Liễu Giai, Quận 1, Quảng Nam', 'ngocvu@fpt.vn', '+84 33 5876595', 'K66C', 'KTCK', 'KTCK', 'K64', 'dang_hoc', 0.31, 0.8, 126, 2, TRUE),
    ('HV257', '642760', 'Ông Thành Hoàng', '2005-08-16', 'Bình Thuận', '643 Đường Trần Hưng Đạo, Phương Mai, Quận 12, Bình Thuận', 'ongthanhhoang@gmail.com', '(07) 3892 9604', 'K64B', 'KHMT', 'KHMT', 'K64', 'dang_hoc', 1.83, 4.6, 48, 0, TRUE),
    ('HV258', '636392', 'Phương Lê', '2000-06-10', 'Hưng Yên', '606 Đường Trần Hưng Đạo, Tràng Tiền, Hai Bà Trưng, Hưng Yên', 'phuongle@gmail.com', '+84-99-967 8750', 'K64C', 'CNTT', 'CNTT', 'K63', 'dang_hoc', 0.65, 1.6, 125, 1, TRUE),
    ('HV259', '668561', 'Hạnh Đức Trần', '2001-10-27', 'Kiên Giang', '992 Đường Lê Lợi, Cầu Kho, Hai Bà Trưng, Kiên Giang', 'hanhductran@viettel.com.vn', '(00) 1746 8525', 'K66C', 'ĐTVT', 'ĐTVT', 'K66', 'dang_hoc', 3.53, 8.8, 86, 0, TRUE),
    ('HV260', '664671', 'Duyên Đặng', '2005-04-10', 'Quảng Ninh', '654 Đường Nguyễn Trãi, Vĩnh Phúc, Hoàng Mai, Quảng Ninh', 'duyendang@yahoo.com', '(04)035-0694', 'K65B', 'KTCK', 'KTCK', 'K66', 'thoi_hoc', 1.48, 3.7, 68, 2, FALSE),
    ('HV261', '633884', 'Huy Dương', '1997-01-15', 'Đắk Lắk', '165 Đường Trần Hưng Đạo, Thành Công, Quận 2, Đắk Lắk', 'huyduong@fpt.vn', '04 9745651', 'K66A', 'KHMT', 'KHMT', 'K63', 'thoi_hoc', 1.8, 4.5, 110, 0, FALSE),
    ('HV262', '662209', 'Lâm Hải Dương', '2002-04-07', 'Hưng Yên', '492 Đường Hoàng Quốc Việt, Bến Thành, Quận 1, Hưng Yên', 'lamhaiduong@fpt.vn', '(05) 4989 1366', 'K65B', 'HTTT', 'HTTT', 'K66', 'thoi_hoc', 0.88, 2.2, 50, 0, FALSE),
    ('HV263', '636909', 'Hương Lê', '2001-01-11', 'Bắc Giang', '440 Đường Lê Lợi, Hàng Bạc, Hồng Bàng, Bắc Giang', 'huongle@viettel.com.vn', '+84-54-070856', 'K64B', 'KHMT', 'KHMT', 'K63', 'thoi_hoc', 0.06, 0.1, 125, 0, FALSE),
    ('HV264', '648996', 'Cô An Phạm', '2002-10-27', 'Bình Thuận', '981 Đường Võ Nguyên Giáp, Kim Liên, Sơn Trà, Bình Thuận', 'coanpham@viettel.com.vn', '+84-03-907283', 'K67B', 'CNTT', 'CNTT', 'K64', 'tot_nghiep', 1.71, 4.3, 129, 0, TRUE),
    ('HV265', '662115', 'Nhật Mai', '1999-10-04', 'Cần Thơ', '734 Đường Võ Nguyên Giáp, Trung Tự, Quận 11, Cần Thơ', 'nhatmai@yahoo.com', '+84 57 7640532', 'K66A', 'CNTT', 'CNTT', 'K66', 'dang_hoc', 3.22, 8.1, 128, 0, TRUE),
    ('HV266', '643487', 'Nhật Hoàng', '1995-06-19', 'Bắc Ninh', '825 Đường Lê Duẩn, Nhân Chính, Thủ Đức, Bắc Ninh', 'nhathoang@yahoo.com', '08 4008 0655', 'K66A', 'KHMT', 'KHMT', 'K64', 'tot_nghiep', 1.42, 3.5, 115, 3, TRUE),
    ('HV267', '652356', 'Nhật Phạm', '2004-04-09', 'Tiền Giang', '157 Đường Nguyễn Văn Linh, Láng Hạ, Dương Kinh, Tiền Giang', 'nhatpham@yahoo.com', '+84-96-529 9547', 'K66C', 'KTPM', 'KTPM', 'K65', 'tot_nghiep', 3.31, 8.3, 147, 0, TRUE),
    ('HV268', '675601', 'Chị Chi Vũ', '1997-12-02', 'Hà Nội', '701 Đường Trường Chinh, Láng Thượng, Kiến An, Hà Nội', 'chichivu@viettel.com.vn', '(00)212-5913', 'K63C', 'TCNH', 'TCNH', 'K67', 'dang_hoc', 1.58, 4.0, 88, 0, TRUE),
    ('HV269', '641368', 'Bà Kim Dương', '2005-08-05', 'Tiền Giang', '458 Đường Nguyễn Văn Linh, Vĩnh Phúc, Thốt Nốt, Tiền Giang', 'bakimduong@yahoo.com', '+84-26-107 5837', 'K67B', 'KTCK', 'KTCK', 'K64', 'thoi_hoc', 3.56, 8.9, 96, 0, FALSE),
    ('HV270', '632994', 'Anh Nhiên Vũ', '1995-07-27', 'Ninh Thuận', '352 Đường Lê Lợi, Cô Giang, Ba Đình, Ninh Thuận', 'anhnhienvu@tlu.edu.vn', '(03) 2469 2854', 'K67C', 'TCNH', 'TCNH', 'K63', 'dang_hoc', 1.81, 4.5, 119, 0, TRUE),
    ('HV271', '653128', 'Vũ Bùi', '1996-03-20', 'Bắc Kạn', '797 Đường Võ Nguyên Giáp, Tràng Tiền, Ô Môn, Bắc Kạn', 'vubui@yahoo.com', '05 1614244', 'K66B', 'KTPM', 'KTPM', 'K65', 'dang_hoc', 1.37, 3.4, 140, 3, TRUE),
    ('HV272', '658619', 'Xuân Mai', '2000-01-22', 'Lào Cai', '326 Đường Nguyễn Trãi, Khương Thượng, Phú Nhuận, Lào Cai', 'xuanmai@viettel.com.vn', '+84-65-905689', 'K66B', 'KHMT', 'KHMT', 'K65', 'dang_hoc', 1.36, 3.4, 112, 3, TRUE),
    ('HV273', '638248', 'Nhật Dương', '1998-11-09', 'Khánh Hòa', '927 Đường Trường Chinh, Bến Thành, Quận 4, Khánh Hòa', 'nhatduong@viettel.com.vn', '+84 66 0129415', 'K66B', 'ATTT', 'ATTT', 'K63', 'dang_hoc', 3.94, 9.8, 56, 0, TRUE),
    ('HV274', '652800', 'Quý cô Lâm Bùi', '2004-07-03', 'Yên Bái', '364 Đường Lê Duẩn, Tân Định, Dương Kinh, Yên Bái', 'quycolambui@fpt.vn', '(03)179-2891', 'K66A', 'TCNH', 'TCNH', 'K65', 'dang_hoc', 2.55, 6.4, 39, 0, TRUE),
    ('HV275', '646078', 'Khoa Hoàng', '1997-07-19', 'Bình Phước', '729 Đường Lê Lợi, Vĩnh Phúc, Hai Bà Trưng, Bình Phước', 'khoahoang@fpt.vn', '(04)041-1292', 'K67B', 'KTCK', 'KTCK', 'K64', 'dang_hoc', 0.19, 0.5, 37, 3, TRUE),
    ('HV276', '645737', 'Cô Mai Phạm', '2000-12-23', 'Ninh Thuận', '874 Đường Phạm Văn Đồng, Giảng Võ, Quận 9, Ninh Thuận', 'comaipham@yahoo.com', '09 5334 7097', 'K67A', 'HTTT', 'HTTT', 'K64', 'dang_hoc', 2.02, 5.0, 133, 0, TRUE),
    ('HV277', '637780', 'Cô Thảo Hoàng', '2002-01-08', 'Bạc Liêu', '390 Đường Võ Nguyên Giáp, Cống Vị, Hoàn Kiếm, Bạc Liêu', 'cothaohoang@viettel.com.vn', '06 8104773', 'K64A', 'ĐTVT', 'ĐTVT', 'K63', 'tot_nghiep', 2.09, 5.2, 108, 0, TRUE),
    ('HV278', '661746', 'Cô Dương Trần', '2004-02-04', 'Tuyên Quang', '598 Đường Nguyễn Trãi, Cầu Kho, Hoàng Mai, Tuyên Quang', 'coduongtran@tlu.edu.vn', '09 5522548', 'K66C', 'KTPM', 'KTPM', 'K66', 'dang_hoc', 2.72, 6.8, 103, 0, TRUE),
    ('HV279', '662478', 'Bà Vân Trần', '1996-03-03', 'Đắk Nông', '831 Đường Trần Hưng Đạo, Phương Liên, Ô Môn, Đắk Nông', 'bavantran@gmail.com', '+84-44-533164', 'K65A', 'KT', 'KT', 'K66', 'thoi_hoc', 3.68, 9.2, 38, 0, FALSE),
    ('HV280', '662141', 'Anh Văn Hoàng', '2000-08-06', 'Khánh Hòa', '50 Đường Hoàng Quốc Việt, Bến Thành, Ngô Quyền, Khánh Hòa', 'anhvanhoang@viettel.com.vn', '(00)405-4115', 'K66C', 'KTPM', 'KTPM', 'K66', 'dang_hoc', 0.75, 1.9, 73, 1, TRUE),
    ('HV281', '633282', 'Anh Nam Lê', '1998-04-14', 'Quảng Ngãi', '985 Đường Nguyễn Văn Linh, Tràng Tiền, Quận 1, Quảng Ngãi', 'anhnamle@tlu.edu.vn', '+84-17-735190', 'K67C', 'CNTT', 'CNTT', 'K63', 'dang_hoc', 0.64, 1.6, 71, 0, TRUE),
    ('HV282', '672806', 'Bác Phúc Mai', '1998-12-18', 'Lai Châu', '229 Đường Nguyễn Văn Linh, Nhân Chính, Long Biên, Lai Châu', 'bacphucmai@tlu.edu.vn', '+84-18-857515', 'K64B', 'KT', 'KT', 'K67', 'dang_hoc', 1.31, 3.3, 143, 1, TRUE),
    ('HV283', '638263', 'Anh Hoàng Lê', '2005-04-13', 'Phú Thọ', '40 Đường Trường Chinh, Hàng Bạc, Quận 11, Phú Thọ', 'anhhoangle@viettel.com.vn', '+84-01-794 9436', 'K65B', 'TCNH', 'TCNH', 'K63', 'dang_hoc', 0.34, 0.9, 137, 3, TRUE),
    ('HV284', '635187', 'Bà Phương Mai', '1997-02-28', 'Long An', '248 Đường Nguyễn Văn Linh, Cầu Kho, Hồng Bàng, Long An', 'baphuongmai@yahoo.com', '(06)268-1135', 'K67A', 'CNTT', 'CNTT', 'K63', 'tot_nghiep', 1.27, 3.2, 50, 0, TRUE),
    ('HV285', '671888', 'An Nguyễn', '2002-05-01', 'Phú Yên', '913 Đường Lê Lợi, Cống Vị, Long Biên, Phú Yên', 'annguyen@yahoo.com', '(04)716-1561', 'K64B', 'KHMT', 'KHMT', 'K67', 'thoi_hoc', 0.7, 1.8, 145, 1, FALSE),
    ('HV286', '641030', 'Kim Hải Trần', '2005-09-30', 'Hà Giang', '724 Đường Trần Hưng Đạo, Cống Vị, Thanh Khê, Hà Giang', 'kimhaitran@gmail.com', '+84-35-148 1269', 'K64B', 'KHMT', 'KHMT', 'K64', 'thoi_hoc', 0.38, 0.9, 67, 2, FALSE),
    ('HV287', '636159', 'Quý cô Lâm Đặng', '2001-01-23', 'Nam Định', '730 Đường Trường Chinh, Nhân Chính, Cầu Giấy, Nam Định', 'quycolamdang@fpt.vn', '05 3479189', 'K64B', 'TCNH', 'TCNH', 'K63', 'dang_hoc', 3.65, 9.1, 64, 0, TRUE),
    ('HV288', '649272', 'Hoàng Lê', '2002-11-11', 'Bình Thuận', '778 Đường Lê Lợi, Nhân Chính, Quận 12, Bình Thuận', 'hoangle@tlu.edu.vn', '(01)685-8582', 'K65A', 'KHMT', 'KHMT', 'K64', 'dang_hoc', 1.7, 4.2, 114, 0, TRUE),
    ('HV289', '667239', 'Khoa Trí Lê', '2004-11-28', 'Quảng Ngãi', '947 Đường Phạm Văn Đồng, Hàng Trống, Quận 8, Quảng Ngãi', 'khoatrile@gmail.com', '05 6596416', 'K66A', 'KT', 'KT', 'K66', 'dang_hoc', 2.87, 7.2, 81, 0, TRUE),
    ('HV290', '659783', 'Anh Hoàng Bùi', '1998-04-03', 'Hồ Chí Minh', '7 Đường Hoàng Quốc Việt, Cô Giang, Lê Chân, Hồ Chí Minh', 'anhhoangbui@viettel.com.vn', '(01) 4818 0576', 'K65A', 'HTTT', 'HTTT', 'K65', 'dang_hoc', 3.23, 8.1, 124, 0, TRUE),
    ('HV291', '656101', 'Bác Quang Phạm', '1999-04-09', 'Hà Tĩnh', '280 Đường Trường Chinh, Bến Nghé, Tân Phú, Hà Tĩnh', 'bacquangpham@fpt.vn', '+84-20-043203', 'K63B', 'ATTT', 'ATTT', 'K65', 'tot_nghiep', 1.83, 4.6, 131, 0, TRUE),
    ('HV292', '672161', 'An Xuân Phạm', '1995-06-12', 'Quảng Ngãi', '40 Đường Phạm Văn Đồng, Hàng Bạc, Lê Chân, Quảng Ngãi', 'anxuanpham@gmail.com', '+84-63-659434', 'K64B', 'TTĐPT', 'TTĐPT', 'K67', 'dang_hoc', 2.25, 5.6, 79, 0, TRUE),
    ('HV293', '632218', 'An Hải Đặng', '1997-01-24', 'Hà Nội', '940 Đường Phạm Văn Đồng, Cống Vị, Đống Đa, Hà Nội', 'anhaidang@gmail.com', '03 4755 2303', 'K64A', 'HTTT', 'HTTT', 'K63', 'thoi_hoc', 2.79, 7.0, 141, 0, FALSE),
    ('HV294', '641249', 'Bà Nhật Mai', '2000-07-08', 'Lạng Sơn', '646 Đường Trường Chinh, Khương Thượng, Quận 11, Lạng Sơn', 'banhatmai@viettel.com.vn', '+84-11-051318', 'K64C', 'KHMT', 'KHMT', 'K64', 'thoi_hoc', 2.23, 5.6, 107, 0, FALSE),
    ('HV295', '676241', 'Tú Lê', '2003-10-06', 'Thái Bình', '533 Đường Trần Hưng Đạo, Tràng Tiền, Quận 9, Thái Bình', 'tule@fpt.vn', '+84-41-389853', 'K65B', 'ATTT', 'ATTT', 'K67', 'dang_hoc', 0.86, 2.1, 108, 3, TRUE),
    ('HV296', '661171', 'Ông Thành Lê', '1998-02-27', 'Điện Biên', '411 Đường Lê Duẩn, Bến Nghé, Long Biên, Điện Biên', 'ongthanhle@gmail.com', '+84-76-575190', 'K65B', 'KT', 'KT', 'K66', 'dang_hoc', 1.36, 3.4, 93, 2, TRUE),
    ('HV297', '661961', 'Vân Mai', '2002-10-18', 'Hồ Chí Minh', '226 Đường Nguyễn Văn Linh, Trung Tự, Quận 10, Hồ Chí Minh', 'vanmai@viettel.com.vn', '+84 04 6140366', 'K64C', 'KT', 'KT', 'K66', 'thoi_hoc', 0.74, 1.9, 103, 2, FALSE),
    ('HV298', '657144', 'Chị Kim Dương', '2004-04-20', 'Quảng Nam', '897 Đường Nguyễn Văn Linh, Bến Thành, Hải Châu, Quảng Nam', 'chikimduong@yahoo.com', '+84 04 3660600', 'K65B', 'ĐTVT', 'ĐTVT', 'K65', 'thoi_hoc', 0.48, 1.2, 138, 0, FALSE),
    ('HV299', '664214', 'Chị An Lê', '2005-08-11', 'Long An', '812 Đường Lê Lợi, Khương Thượng, Dương Kinh, Long An', 'chianle@viettel.com.vn', '+84-80-319573', 'K66A', 'KHMT', 'KHMT', 'K66', 'thoi_hoc', 0.94, 2.3, 120, 3, FALSE),
    ('HV300', '631324', 'Anh Thành Hoàng', '2000-06-19', 'Kiên Giang', '861 Đường Trường Chinh, Liễu Giai, Hoàn Kiếm, Kiên Giang', 'anhthanhhoang@fpt.vn', '+84 78 9980019', 'K63C', 'KTPM', 'KTPM', 'K63', 'thoi_hoc', 3.52, 8.8, 75, 0, FALSE),
    ('HV301', '662008', 'Chi Đặng', '1998-12-29', 'Bến Tre', '51 Đường Lê Duẩn, Bến Thành, Thanh Khê, Bến Tre', 'chidang@viettel.com.vn', '03 3118 1364', 'K66B', 'ATTT', 'ATTT', 'K66', 'dang_hoc', 2.78, 6.9, 128, 0, TRUE),
    ('HV302', '647483', 'Bà Linh Mai', '1995-12-27', 'Lai Châu', '465 Đường Trường Chinh, Tân Định, Thốt Nốt, Lai Châu', 'balinhmai@yahoo.com', '+84-04-835262', 'K64A', 'KT', 'KT', 'K64', 'thoi_hoc', 0.38, 0.9, 33, 2, FALSE),
    ('HV303', '649364', 'Linh Trần', '1996-06-07', 'Quảng Ngãi', '64 Đường Nguyễn Trãi, Cống Vị, Sơn Trà, Quảng Ngãi', 'linhtran@gmail.com', '(03) 3911 1878', 'K63B', 'ATTT', 'ATTT', 'K64', 'dang_hoc', 1.92, 4.8, 85, 0, TRUE),
    ('HV304', '653929', 'Quý cô Nhật Đặng', '1996-12-18', 'Gia Lai', '779 Đường Nguyễn Văn Linh, Bến Thành, Kiến An, Gia Lai', 'quyconhatdang@fpt.vn', '+84-00-383 4533', 'K66B', 'TTĐPT', 'TTĐPT', 'K65', 'thoi_hoc', 0.46, 1.2, 103, 2, FALSE),
    ('HV305', '656659', 'Khoa Tấn Trần', '1999-08-25', 'Hà Nam', '116 Đường Trần Hưng Đạo, Cầu Kho, Thốt Nốt, Hà Nam', 'khoatantran@fpt.vn', '+84 51 1356402', 'K65C', 'KTCK', 'KTCK', 'K65', 'dang_hoc', 0.89, 2.2, 43, 1, TRUE),
    ('HV306', '648339', 'Hưng Mai', '2002-03-11', 'Sóc Trăng', '939 Đường Nguyễn Trãi, Láng Thượng, Hoàng Mai, Sóc Trăng', 'hungmai@yahoo.com', '05 4754418', 'K65A', 'TTĐPT', 'TTĐPT', 'K64', 'tot_nghiep', 1.99, 5.0, 94, 0, TRUE),
    ('HV307', '645121', 'Minh Thế Dương', '2003-11-21', 'Điện Biên', '233 Đường Trần Hưng Đạo, Hàng Bạc, Quận 4, Điện Biên', 'minhtheduong@viettel.com.vn', '02 3785 1368', 'K66B', 'KTCK', 'KTCK', 'K64', 'thoi_hoc', 1.89, 4.7, 141, 0, FALSE),
    ('HV308', '672837', 'Hưng Phạm', '1995-02-04', 'Cần Thơ', '420 Đường Nguyễn Văn Linh, Hàng Gai, Tân Phú, Cần Thơ', 'hungpham@viettel.com.vn', '+84-66-335106', 'K65C', 'ATTT', 'ATTT', 'K67', 'thoi_hoc', 1.44, 3.6, 41, 2, FALSE),
    ('HV309', '641314', 'Thành Hoàng Dương', '1996-04-24', 'Lạng Sơn', '879 Đường Nguyễn Văn Linh, Trung Tự, Tân Phú, Lạng Sơn', 'thanhhoangduong@yahoo.com', '+84 62 0177335', 'K66C', 'HTTT', 'HTTT', 'K64', 'thoi_hoc', 1.13, 2.8, 78, 0, FALSE),
    ('HV310', '662595', 'Chị Linh Nguyễn', '2003-12-04', 'Hà Nam', '621 Đường Phạm Văn Đồng, Cầu Kho, Thốt Nốt, Hà Nam', 'chilinhnguyen@yahoo.com', '06 7770 1477', 'K63A', 'KHMT', 'KHMT', 'K66', 'dang_hoc', 2.83, 7.1, 50, 0, TRUE),
    ('HV311', '662617', 'Anh Tùng Bùi', '2003-05-19', 'Trà Vinh', '134 Đường Hoàng Quốc Việt, Hàng Gai, Hải Châu, Trà Vinh', 'anhtungbui@fpt.vn', '(04) 2184 4209', 'K65A', 'KHMT', 'KHMT', 'K66', 'tot_nghiep', 2.23, 5.6, 148, 0, TRUE),
    ('HV312', '633907', 'Dương Vũ', '2004-04-01', 'Bắc Ninh', '112 Đường Trần Hưng Đạo, Liễu Giai, Long Biên, Bắc Ninh', 'duongvu@tlu.edu.vn', '(08)039-1140', 'K66A', 'TCNH', 'TCNH', 'K63', 'dang_hoc', 3.03, 7.6, 142, 0, TRUE),
    ('HV313', '631383', 'Nam Phú Trần', '2002-07-27', 'Quảng Bình', '300 Đường Trường Chinh, Cô Giang, Quận 5, Quảng Bình', 'namphutran@fpt.vn', '+84-16-686887', 'K67A', 'KHMT', 'KHMT', 'K63', 'thoi_hoc', 0.98, 2.5, 125, 3, FALSE),
    ('HV314', '641642', 'Bà Bảo Bùi', '1997-01-22', 'Sơn La', '543 Đường Lê Lợi, Kim Liên, Tân Phú, Sơn La', 'babaobui@yahoo.com', '03 7278111', 'K64B', 'KTPM', 'KTPM', 'K64', 'dang_hoc', 2.39, 6.0, 92, 0, TRUE),
    ('HV315', '666431', 'Bà Xuân Phạm', '2002-05-19', 'Bình Phước', '609 Đường Nguyễn Văn Linh, Cô Giang, Hồng Bàng, Bình Phước', 'baxuanpham@tlu.edu.vn', '05 8828 7122', 'K66B', 'KHMT', 'KHMT', 'K66', 'dang_hoc', 0.84, 2.1, 52, 2, TRUE),
    ('HV316', '656020', 'Kim Mai', '1996-02-03', 'Bắc Giang', '69 Đường Lê Lợi, Phương Mai, Thốt Nốt, Bắc Giang', 'kimmai@yahoo.com', '03 5545 1441', 'K64A', 'KT', 'KT', 'K65', 'thoi_hoc', 2.76, 6.9, 114, 0, FALSE),
    ('HV317', '651341', 'Lâm Hải Lê', '1997-02-13', 'Lào Cai', '763 Đường Nguyễn Văn Linh, Cống Vị, Hoàn Kiếm, Lào Cai', 'lamhaile@yahoo.com', '+84 62 0715364', 'K67B', 'KHMT', 'KHMT', 'K65', 'thoi_hoc', 0.99, 2.5, 139, 0, FALSE),
    ('HV318', '658767', 'Chị Bảo Bùi', '1995-02-04', 'Cần Thơ', '642 Đường Trường Chinh, Trúc Bạch, Ngô Quyền, Cần Thơ', 'chibaobui@tlu.edu.vn', '(05)439-7736', 'K63B', 'HTTT', 'HTTT', 'K65', 'dang_hoc', 0.29, 0.7, 76, 0, TRUE),
    ('HV319', '679953', 'Anh Châu Nguyễn', '1998-06-12', 'Quảng Bình', '640 Đường Lê Lợi, Phương Mai, Bình Thủy, Quảng Bình', 'anhchaunguyen@fpt.vn', '00 3441 5811', 'K65B', 'CNTT', 'CNTT', 'K67', 'thoi_hoc', 1.44, 3.6, 76, 3, FALSE),
    ('HV320', '652086', 'Lâm Bảo Mai', '2001-01-10', 'Sóc Trăng', '619 Đường Nguyễn Trãi, Tân Định, Nam Từ Liêm, Sóc Trăng', 'lambaomai@viettel.com.vn', '(07)558-5362', 'K64C', 'KTPM', 'KTPM', 'K65', 'tot_nghiep', 2.0, 5.0, 127, 0, TRUE),
    ('HV321', '673848', 'Quang Lê', '2001-01-08', 'Ninh Bình', '778 Đường Võ Nguyên Giáp, Phương Liên, Sơn Trà, Ninh Bình', 'quangle@viettel.com.vn', '09 4946401', 'K66A', 'HTTT', 'HTTT', 'K67', 'thoi_hoc', 1.13, 2.8, 97, 0, FALSE),
    ('HV322', '639030', 'Cô Phương Dương', '1996-10-29', 'Đắk Nông', '975 Đường Phạm Văn Đồng, Bến Thành, Hoàn Kiếm, Đắk Nông', 'cophuongduong@gmail.com', '+84-81-431 2027', 'K64C', 'KHMT', 'KHMT', 'K63', 'dang_hoc', 2.27, 5.7, 78, 0, TRUE),
    ('HV323', '632788', 'Kim Quang Dương', '2000-03-10', 'Lai Châu', '242 Đường Nguyễn Văn Linh, Hàng Gai, Dương Kinh, Lai Châu', 'kimquangduong@yahoo.com', '(06) 8498 5021', 'K65A', 'TTĐPT', 'TTĐPT', 'K63', 'tot_nghiep', 0.48, 1.2, 110, 0, TRUE),
    ('HV324', '646840', 'Thành Nguyễn', '1999-10-06', 'Quảng Ninh', '747 Đường Nguyễn Văn Linh, Tân Định, Quận 3, Quảng Ninh', 'thanhnguyen@viettel.com.vn', '+84-92-726520', 'K66A', 'ĐTVT', 'ĐTVT', 'K64', 'dang_hoc', 2.45, 6.1, 137, 0, TRUE),
    ('HV325', '653751', 'Anh Đức Phạm', '2004-04-09', 'Đồng Tháp', '296 Đường Trần Hưng Đạo, Bến Thành, Cẩm Lệ, Đồng Tháp', 'anhducpham@viettel.com.vn', '+84-39-095 1045', 'K64B', 'KHMT', 'KHMT', 'K65', 'dang_hoc', 1.98, 5.0, 141, 0, TRUE),
    ('HV326', '633420', 'Lâm Đặng', '1995-01-26', 'Ninh Bình', '396 Đường Trần Hưng Đạo, Phương Mai, Cái Răng, Ninh Bình', 'lamdang@fpt.vn', '+84-91-926458', 'K65C', 'ĐTVT', 'ĐTVT', 'K63', 'thoi_hoc', 1.43, 3.6, 144, 3, FALSE),
    ('HV327', '653180', 'Quý ông Quang Hoàng', '1995-01-27', 'Gia Lai', '463 Đường Trần Hưng Đạo, Cống Vị, Long Biên, Gia Lai', 'quyongquanghoang@viettel.com.vn', '+84-01-818 2344', 'K64C', 'ĐTVT', 'ĐTVT', 'K65', 'dang_hoc', 3.36, 8.4, 54, 0, TRUE),
    ('HV328', '648608', 'Hải Đức Dương', '2000-03-29', 'An Giang', '789 Đường Võ Nguyên Giáp, Thành Công, Hải Châu, An Giang', 'haiducduong@yahoo.com', '08 0303 7992', 'K66B', 'KTPM', 'KTPM', 'K64', 'dang_hoc', 3.23, 8.1, 76, 0, TRUE),
    ('HV329', '644141', 'Cô Hạnh Lê', '1995-08-01', 'Thanh Hóa', '660 Đường Nguyễn Trãi, Liễu Giai, Quận 6, Thanh Hóa', 'cohanhle@viettel.com.vn', '(06)994-4488', 'K66A', 'HTTT', 'HTTT', 'K64', 'dang_hoc', 3.29, 8.2, 34, 0, TRUE),
    ('HV330', '674953', 'Bà Linh Hoàng', '2001-11-08', 'Cao Bằng', '355 Đường Phạm Văn Đồng, Trúc Bạch, Phú Nhuận, Cao Bằng', 'balinhhoang@yahoo.com', '+84 70 7296548', 'K64A', 'ATTT', 'ATTT', 'K67', 'dang_hoc', 3.21, 8.0, 84, 0, TRUE),
    ('HV331', '633621', 'Hạnh Tấn Lê', '1997-03-16', 'Bắc Ninh', '342 Đường Nguyễn Văn Linh, Bến Nghé, Hải Châu, Bắc Ninh', 'hanhtanle@tlu.edu.vn', '08 3543 9704', 'K64C', 'KHMT', 'KHMT', 'K63', 'thoi_hoc', 0.49, 1.2, 36, 1, FALSE),
    ('HV332', '672799', 'Vũ Dương', '1999-08-24', 'Vĩnh Phúc', '993 Đường Nguyễn Văn Linh, Tân Định, Đống Đa, Vĩnh Phúc', 'vuduong@tlu.edu.vn', '04 2407 9929', 'K63C', 'TCNH', 'TCNH', 'K67', 'dang_hoc', 1.13, 2.8, 138, 0, TRUE),
    ('HV333', '677097', 'An Mai Bảo Mai', '2001-05-02', 'Điện Biên', '526 Đường Hoàng Quốc Việt, Hàng Gai, Quận 3, Điện Biên', 'anmaibaomai@tlu.edu.vn', '+84 79 6219260', 'K63B', 'HTTT', 'HTTT', 'K67', 'thoi_hoc', 3.4, 8.5, 106, 0, FALSE),
    ('HV334', '666690', 'Tú Dương', '2000-08-24', 'Đắk Lắk', '340 Đường Trường Chinh, Phương Mai, Liên Chiểu, Đắk Lắk', 'tuduong@gmail.com', '02 5725144', 'K67C', 'TCNH', 'TCNH', 'K66', 'tot_nghiep', 3.84, 9.6, 108, 0, TRUE),
    ('HV335', '635608', 'Quý cô Hải Bùi', '1996-12-05', 'Gia Lai', '699 Đường Lê Lợi, Cống Vị, Bình Thủy, Gia Lai', 'quycohaibui@gmail.com', '(01)833-4388', 'K65C', 'CNTT', 'CNTT', 'K63', 'dang_hoc', 2.0, 5.0, 61, 0, TRUE),
    ('HV336', '668035', 'Quý cô Dương Vũ', '2004-11-20', 'Đắk Nông', '440 Đường Nguyễn Trãi, Liễu Giai, Quận 3, Đắk Nông', 'quycoduongvu@gmail.com', '(04) 7891 7625', 'K63C', 'ĐTVT', 'ĐTVT', 'K66', 'dang_hoc', 0.9, 2.2, 30, 1, TRUE),
    ('HV337', '648173', 'Linh Dương', '1999-05-23', 'Bắc Kạn', '584 Đường Nguyễn Văn Linh, Trúc Bạch, Hoàng Mai, Bắc Kạn', 'linhduong@tlu.edu.vn', '(01)167-3993', 'K63C', 'CNTT', 'CNTT', 'K64', 'dang_hoc', 2.49, 6.2, 97, 0, TRUE),
    ('HV338', '661620', 'Kim Đức Mai', '2002-03-20', 'Đồng Nai', '758 Đường Hoàng Quốc Việt, Tân Định, Ngũ Hành Sơn, Đồng Nai', 'kimducmai@gmail.com', '(00) 0122 8770', 'K65A', 'KHMT', 'KHMT', 'K66', 'dang_hoc', 3.5, 8.8, 39, 0, TRUE),
    ('HV339', '672442', 'Hoàng Hữu Bùi', '2002-05-10', 'Bạc Liêu', '730 Đường Lê Lợi, Vĩnh Phúc, Dương Kinh, Bạc Liêu', 'hoanghuubui@fpt.vn', '+84-80-069 9735', 'K65B', 'CNTT', 'CNTT', 'K67', 'thoi_hoc', 1.32, 3.3, 146, 0, FALSE),
    ('HV340', '641951', 'Bác Thành Phạm', '2002-03-20', 'Khánh Hòa', '909 Đường Hoàng Quốc Việt, Phương Mai, Quận 10, Khánh Hòa', 'bacthanhpham@fpt.vn', '03 9713 6526', 'K67C', 'ĐTVT', 'ĐTVT', 'K64', 'tot_nghiep', 2.95, 7.4, 32, 0, TRUE),
    ('HV341', '652904', 'Hoàng Đặng', '2000-02-24', 'Nghệ An', '255 Đường Lê Duẩn, Hàng Gai, Thanh Xuân, Nghệ An', 'hoangdang@gmail.com', '(03) 8744 5876', 'K64A', 'KT', 'KT', 'K65', 'dang_hoc', 1.27, 3.2, 142, 0, TRUE),
    ('HV342', '671554', 'An Nguyễn', '1997-08-09', 'Thái Bình', '720 Đường Nguyễn Trãi, Cầu Kho, Gò Vấp, Thái Bình', 'annguyen@tlu.edu.vn', '(07)410-2383', 'K67C', 'KTCK', 'KTCK', 'K67', 'dang_hoc', 2.24, 5.6, 99, 0, TRUE),
    ('HV343', '641296', 'Cô Hải Dương', '1998-11-22', 'Phú Yên', '95 Đường Phạm Văn Đồng, Liễu Giai, Bình Thủy, Phú Yên', 'cohaiduong@yahoo.com', '(00)434-1779', 'K64C', 'HTTT', 'HTTT', 'K64', 'thoi_hoc', 0.86, 2.1, 128, 0, FALSE),
    ('HV344', '636695', 'Kim Phạm', '1999-03-01', 'Bà Rịa - Vũng Tàu', '433 Đường Võ Nguyên Giáp, Cống Vị, Đống Đa, Bà Rịa - Vũng Tàu', 'kimpham@yahoo.com', '+84 14 3838582', 'K64C', 'KHMT', 'KHMT', 'K63', 'tot_nghiep', 1.51, 3.8, 136, 0, TRUE),
    ('HV345', '668535', 'Tùng Mai', '1996-05-18', 'Tuyên Quang', '924 Đường Phạm Văn Đồng, Bến Thành, Cẩm Lệ, Tuyên Quang', 'tungmai@fpt.vn', '+84-93-455632', 'K64B', 'TTĐPT', 'TTĐPT', 'K66', 'thoi_hoc', 1.12, 2.8, 71, 1, FALSE),
    ('HV346', '647348', 'Lâm Đặng', '2004-11-04', 'Hà Nội', '629 Đường Võ Nguyên Giáp, Hàng Bạc, Quận 5, Hà Nội', 'lamdang@tlu.edu.vn', '+84 96 2576974', 'K65C', 'KTCK', 'KTCK', 'K64', 'thoi_hoc', 1.5, 3.8, 138, 0, FALSE),
    ('HV347', '648337', 'Phúc Phạm', '1997-11-12', 'Quảng Ninh', '347 Đường Lê Duẩn, Phương Liên, Thủ Đức, Quảng Ninh', 'phucpham@gmail.com', '+84-35-621791', 'K67B', 'TTĐPT', 'TTĐPT', 'K64', 'dang_hoc', 2.96, 7.4, 31, 0, TRUE),
    ('HV348', '664458', 'Quang Trần', '2005-03-23', 'Quảng Bình', '248 Đường Nguyễn Văn Linh, Kim Liên, Hải Châu, Quảng Bình', 'quangtran@tlu.edu.vn', '(08)722-5380', 'K66C', 'ATTT', 'ATTT', 'K66', 'thoi_hoc', 0.06, 0.1, 76, 0, FALSE),
    ('HV349', '678437', 'Ngọc Vũ', '2004-06-23', 'Cần Thơ', '307 Đường Trường Chinh, Cầu Kho, Hoàn Kiếm, Cần Thơ', 'ngocvu@viettel.com.vn', '03 6646 6606', 'K67A', 'HTTT', 'HTTT', 'K67', 'dang_hoc', 3.66, 9.2, 58, 0, TRUE),
    ('HV350', '675395', 'Chị An Đặng', '1998-04-24', 'Đồng Nai', '756 Đường Phạm Văn Đồng, Tân Định, Thanh Xuân, Đồng Nai', 'chiandang@tlu.edu.vn', '00 7171325', 'K65B', 'ĐTVT', 'ĐTVT', 'K67', 'tot_nghiep', 0.84, 2.1, 33, 0, TRUE),
    ('HV351', '651837', 'Dũng Trần', '1998-03-12', 'Cần Thơ', '114 Đường Phạm Văn Đồng, Trúc Bạch, Lê Chân, Cần Thơ', 'dungtran@yahoo.com', '+84 36 5410121', 'K67B', 'KT', 'KT', 'K65', 'dang_hoc', 2.11, 5.3, 32, 0, TRUE),
    ('HV352', '677943', 'Bảo Dương', '2001-05-01', 'Thái Bình', '805 Đường Võ Nguyên Giáp, Nhân Chính, Kiến An, Thái Bình', 'baoduong@fpt.vn', '+84 18 8822943', 'K67C', 'TCNH', 'TCNH', 'K67', 'dang_hoc', 3.68, 9.2, 126, 0, TRUE),
    ('HV353', '668916', 'Ông Nam Dương', '2001-06-11', 'Thái Bình', '393 Đường Lê Duẩn, Cầu Kho, Thốt Nốt, Thái Bình', 'ongnamduong@tlu.edu.vn', '(04)550-3092', 'K65C', 'KT', 'KT', 'K66', 'dang_hoc', 1.97, 4.9, 90, 0, TRUE),
    ('HV354', '679794', 'Cô Thành Mai', '2003-07-15', 'Vĩnh Phúc', '339 Đường Hoàng Quốc Việt, Láng Thượng, Gò Vấp, Vĩnh Phúc', 'cothanhmai@tlu.edu.vn', '+84-77-220 7146', 'K63B', 'KTPM', 'KTPM', 'K67', 'tot_nghiep', 0.38, 0.9, 134, 3, TRUE),
    ('HV355', '634366', 'Tú Trí Vũ', '2003-05-02', 'Long An', '66 Đường Nguyễn Văn Linh, Đa Kao, Thủ Đức, Long An', 'tutrivu@yahoo.com', '00 3458064', 'K66C', 'ATTT', 'ATTT', 'K63', 'dang_hoc', 2.64, 6.6, 74, 0, TRUE),
    ('HV356', '653559', 'Chị Thành Đặng', '2002-01-01', 'Hà Tĩnh', '962 Đường Lê Duẩn, Hàng Trống, Tân Phú, Hà Tĩnh', 'chithanhdang@gmail.com', '02 5341 8943', 'K63B', 'TTĐPT', 'TTĐPT', 'K65', 'thoi_hoc', 3.22, 8.1, 33, 0, FALSE),
    ('HV357', '663524', 'Hưng Mai Bảo Trần', '1997-04-18', 'Vĩnh Phúc', '265 Đường Trần Hưng Đạo, Vĩnh Phúc, Phú Nhuận, Vĩnh Phúc', 'hungmaibaotran@tlu.edu.vn', '+84-78-032024', 'K63A', 'ATTT', 'ATTT', 'K66', 'thoi_hoc', 1.86, 4.7, 79, 0, FALSE),
    ('HV358', '631002', 'Mai Bùi', '1999-02-13', 'Hà Tĩnh', '880 Đường Trường Chinh, Láng Hạ, Thanh Khê, Hà Tĩnh', 'maibui@tlu.edu.vn', '(09)922-7718', 'K66B', 'TTĐPT', 'TTĐPT', 'K63', 'tot_nghiep', 1.17, 2.9, 66, 0, TRUE),
    ('HV359', '649556', 'Quý ông Vũ Lê', '2003-07-08', 'Quảng Trị', '561 Đường Võ Nguyên Giáp, Hàng Gai, Tân Phú, Quảng Trị', 'quyongvule@yahoo.com', '03 5953846', 'K64B', 'HTTT', 'HTTT', 'K64', 'dang_hoc', 2.65, 6.6, 128, 0, TRUE),
    ('HV360', '668649', 'Anh Nam Hoàng', '1999-10-16', 'Quảng Trị', '160 Đường Nguyễn Văn Linh, Lý Thái Tổ, Quận 8, Quảng Trị', 'anhnamhoang@fpt.vn', '(04)904-6445', 'K67A', 'TTĐPT', 'TTĐPT', 'K66', 'dang_hoc', 1.29, 3.2, 69, 2, TRUE),
    ('HV361', '662682', 'An Đặng', '2004-12-03', 'Tây Ninh', '111 Đường Hoàng Quốc Việt, Phương Liên, Ninh Kiều, Tây Ninh', 'andang@yahoo.com', '+84 96 8495698', 'K63A', 'HTTT', 'HTTT', 'K66', 'dang_hoc', 2.76, 6.9, 55, 0, TRUE),
    ('HV362', '639006', 'Quý ông Bảo Vũ', '1996-02-17', 'Đắk Lắk', '414 Đường Lê Lợi, Phương Mai, Lê Chân, Đắk Lắk', 'quyongbaovu@yahoo.com', '+84 74 3037256', 'K66B', 'ATTT', 'ATTT', 'K63', 'dang_hoc', 3.13, 7.8, 57, 0, TRUE),
    ('HV363', '666492', 'Cô Hà Vũ', '1996-01-13', 'Sóc Trăng', '109 Đường Lê Lợi, Hàng Bạc, Quận 2, Sóc Trăng', 'cohavu@gmail.com', '+84-14-747 2726', 'K64B', 'KT', 'KT', 'K66', 'thoi_hoc', 2.48, 6.2, 119, 0, FALSE),
    ('HV364', '651567', 'Chị Vi Dương', '2005-08-26', 'Đắk Nông', '371 Đường Trần Hưng Đạo, Kim Liên, Quận 2, Đắk Nông', 'chividuong@yahoo.com', '+84-83-349 9802', 'K67A', 'TCNH', 'TCNH', 'K65', 'tot_nghiep', 3.58, 8.9, 65, 0, TRUE),
    ('HV365', '655468', 'Bác Thành Phạm', '1997-05-16', 'Cần Thơ', '891 Đường Nguyễn Trãi, Khương Thượng, Tân Bình, Cần Thơ', 'bacthanhpham@yahoo.com', '01 3716 4424', 'K67C', 'KHMT', 'KHMT', 'K65', 'dang_hoc', 2.18, 5.5, 138, 0, TRUE),
    ('HV366', '637790', 'Chị Dương Phạm', '1995-04-15', 'Thái Bình', '579 Đường Trần Hưng Đạo, Trung Tự, Hải An, Thái Bình', 'chiduongpham@yahoo.com', '03 3941246', 'K66B', 'KHMT', 'KHMT', 'K63', 'dang_hoc', 3.88, 9.7, 124, 0, TRUE),
    ('HV367', '659763', 'Bà Hải Hoàng', '2002-03-29', 'Cần Thơ', '543 Đường Lê Lợi, Cô Giang, Đống Đa, Cần Thơ', 'bahaihoang@tlu.edu.vn', '(08) 2514 9083', 'K65B', 'KT', 'KT', 'K65', 'dang_hoc', 3.05, 7.6, 57, 0, TRUE),
    ('HV368', '654276', 'Bảo Mai Bảo Vũ', '2002-07-06', 'Lai Châu', '559 Đường Nguyễn Trãi, Liễu Giai, Quận 7, Lai Châu', 'baomaibaovu@gmail.com', '+84-53-012184', 'K65A', 'HTTT', 'HTTT', 'K65', 'dang_hoc', 3.73, 9.3, 59, 0, TRUE),
    ('HV369', '665412', 'Bà Thảo Đặng', '2004-05-07', 'Phú Thọ', '690 Đường Võ Nguyên Giáp, Lý Thái Tổ, Hai Bà Trưng, Phú Thọ', 'bathaodang@yahoo.com', '03 0222898', 'K66A', 'TCNH', 'TCNH', 'K66', 'thoi_hoc', 0.51, 1.3, 111, 2, FALSE),
    ('HV370', '677968', 'Cô Hà Mai', '2004-04-29', 'Hồ Chí Minh', '498 Đường Trần Hưng Đạo, Tràng Tiền, Thanh Khê, Hồ Chí Minh', 'cohamai@yahoo.com', '+84 66 4120843', 'K67C', 'KT', 'KT', 'K67', 'dang_hoc', 0.86, 2.1, 122, 2, TRUE),
    ('HV371', '671516', 'Cô Mai Trần', '2002-10-11', 'Quảng Bình', '606 Đường Trường Chinh, Giảng Võ, Quận 10, Quảng Bình', 'comaitran@yahoo.com', '01 9109 9066', 'K67B', 'ĐTVT', 'ĐTVT', 'K67', 'tot_nghiep', 1.06, 2.7, 113, 2, TRUE),
    ('HV372', '633148', 'Hạnh Thị Dương', '1996-03-07', 'Sóc Trăng', '921 Đường Trường Chinh, Liễu Giai, Hai Bà Trưng, Sóc Trăng', 'hanhthiduong@fpt.vn', '+84-80-787671', 'K67A', 'KTCK', 'KTCK', 'K63', 'thoi_hoc', 1.09, 2.7, 140, 3, FALSE),
    ('HV373', '632080', 'Trọng Thế Mai', '2004-04-17', 'Đắk Nông', '826 Đường Trần Hưng Đạo, Cô Giang, Hải An, Đắk Nông', 'trongthemai@fpt.vn', '(06)748-8284', 'K66C', 'KTCK', 'KTCK', 'K63', 'dang_hoc', 2.05, 5.1, 126, 0, TRUE),
    ('HV374', '646491', 'Bảo Lê', '1999-03-31', 'Đắk Nông', '678 Đường Trần Hưng Đạo, Kim Liên, Quận 12, Đắk Nông', 'baole@viettel.com.vn', '+84-44-856433', 'K63A', 'ĐTVT', 'ĐTVT', 'K64', 'dang_hoc', 2.65, 6.6, 150, 0, TRUE),
    ('HV375', '642857', 'Hải Mai', '2000-10-12', 'An Giang', '813 Đường Võ Nguyên Giáp, Phúc Xá, Phú Nhuận, An Giang', 'haimai@gmail.com', '09 4161012', 'K63B', 'TTĐPT', 'TTĐPT', 'K64', 'thoi_hoc', 1.24, 3.1, 110, 1, FALSE),
    ('HV376', '648681', 'An Mai Bảo Mai', '2003-11-23', 'Trà Vinh', '193 Đường Phạm Văn Đồng, Bến Nghé, Quận 9, Trà Vinh', 'anmaibaomai@fpt.vn', '+84 74 7951032', 'K64A', 'HTTT', 'HTTT', 'K64', 'dang_hoc', 2.15, 5.4, 137, 0, TRUE),
    ('HV377', '673039', 'Anh Thế Nguyễn', '2004-04-30', 'Yên Bái', '511 Đường Phạm Văn Đồng, Giảng Võ, Cái Răng, Yên Bái', 'anhthenguyen@gmail.com', '(07) 5889 9628', 'K65B', 'KTPM', 'KTPM', 'K67', 'dang_hoc', 3.19, 8.0, 84, 0, TRUE),
    ('HV378', '667949', 'Kim Nguyễn', '2002-12-19', 'Đắk Nông', '259 Đường Hoàng Quốc Việt, Bến Nghé, Tân Phú, Đắk Nông', 'kimnguyen@tlu.edu.vn', '05 9523 8605', 'K66A', 'KHMT', 'KHMT', 'K66', 'tot_nghiep', 2.99, 7.5, 136, 0, TRUE),
    ('HV379', '633130', 'Bác Tùng Bùi', '2004-09-06', 'Tây Ninh', '38 Đường Nguyễn Văn Linh, Phương Liên, Liên Chiểu, Tây Ninh', 'bactungbui@viettel.com.vn', '+84 09 8866384', 'K63B', 'CNTT', 'CNTT', 'K63', 'thoi_hoc', 0.63, 1.6, 81, 3, FALSE),
    ('HV380', '675861', 'Ông Tú Mai', '2003-07-04', 'Khánh Hòa', '843 Đường Trường Chinh, Vĩnh Phúc, Ô Môn, Khánh Hòa', 'ongtumai@viettel.com.vn', '+84-81-195671', 'K67A', 'CNTT', 'CNTT', 'K67', 'dang_hoc', 0.06, 0.1, 147, 1, TRUE),
    ('HV381', '666073', 'Hạnh Phạm', '2005-08-01', 'Bắc Kạn', '163 Đường Võ Nguyên Giáp, Láng Hạ, Quận 12, Bắc Kạn', 'hanhpham@tlu.edu.vn', '(05) 7374 5446', 'K64A', 'HTTT', 'HTTT', 'K66', 'tot_nghiep', 2.31, 5.8, 141, 0, TRUE),
    ('HV382', '651844', 'Quý cô Hương Bùi', '1997-10-07', 'Đắk Nông', '578 Đường Lê Lợi, Phương Liên, Liên Chiểu, Đắk Nông', 'quycohuongbui@gmail.com', '+84-08-983 8086', 'K67C', 'HTTT', 'HTTT', 'K65', 'thoi_hoc', 0.62, 1.6, 49, 3, FALSE),
    ('HV383', '654746', 'An Văn Phạm', '2004-08-28', 'Thanh Hóa', '82 Đường Trường Chinh, Phương Mai, Quận 5, Thanh Hóa', 'anvanpham@gmail.com', '+84-52-296 8343', 'K67A', 'KTPM', 'KTPM', 'K65', 'thoi_hoc', 0.16, 0.4, 66, 1, FALSE),
    ('HV384', '651411', 'Vi Trần', '1995-06-05', 'Sóc Trăng', '230 Đường Lê Duẩn, Láng Thượng, Ô Môn, Sóc Trăng', 'vitran@gmail.com', '+84-58-723784', 'K65B', 'KTPM', 'KTPM', 'K65', 'dang_hoc', 2.61, 6.5, 140, 0, TRUE),
    ('HV385', '652327', 'Anh Bảo Hoàng', '2005-11-26', 'Long An', '972 Đường Hoàng Quốc Việt, Cô Giang, Quận 7, Long An', 'anhbaohoang@fpt.vn', '+84-23-335 8900', 'K65C', 'KHMT', 'KHMT', 'K65', 'tot_nghiep', 0.95, 2.4, 124, 1, TRUE),
    ('HV386', '658011', 'Thành Bùi', '2000-03-20', 'Quảng Trị', '378 Đường Nguyễn Trãi, Lý Thái Tổ, Long Biên, Quảng Trị', 'thanhbui@tlu.edu.vn', '(01)566-1214', 'K67C', 'TTĐPT', 'TTĐPT', 'K65', 'thoi_hoc', 1.41, 3.5, 73, 3, FALSE),
    ('HV387', '666730', 'Bà Bảo Vũ', '2005-11-25', 'Bà Rịa - Vũng Tàu', '761 Đường Lê Duẩn, Trúc Bạch, Quận 1, Bà Rịa - Vũng Tàu', 'babaovu@viettel.com.vn', '(09) 9739 5623', 'K65B', 'TCNH', 'TCNH', 'K66', 'tot_nghiep', 2.89, 7.2, 51, 0, TRUE),
    ('HV388', '638585', 'Châu Lê', '1998-09-05', 'Vĩnh Long', '892 Đường Hoàng Quốc Việt, Vĩnh Phúc, Hoàng Mai, Vĩnh Long', 'chaule@tlu.edu.vn', '02 7337120', 'K66A', 'KTCK', 'KTCK', 'K63', 'thoi_hoc', 3.38, 8.4, 47, 0, FALSE),
    ('HV389', '657948', 'Anh Lê', '2003-12-30', 'Tiền Giang', '368 Đường Lê Duẩn, Cầu Kho, Quận 9, Tiền Giang', 'anhle@viettel.com.vn', '+84-34-068 0839', 'K65C', 'KHMT', 'KHMT', 'K65', 'dang_hoc', 2.53, 6.3, 66, 0, TRUE),
    ('HV390', '668998', 'Ông Khoa Mai', '2001-11-02', 'Nghệ An', '511 Đường Nguyễn Trãi, Tràng Tiền, Quận 12, Nghệ An', 'ongkhoamai@gmail.com', '00 4596014', 'K65A', 'ĐTVT', 'ĐTVT', 'K66', 'thoi_hoc', 0.18, 0.4, 91, 0, FALSE),
    ('HV391', '642569', 'Thành Hoàng', '1998-01-24', 'Quảng Ngãi', '79 Đường Nguyễn Trãi, Láng Thượng, Quận 12, Quảng Ngãi', 'thanhhoang@tlu.edu.vn', '04 6666 6996', 'K64C', 'ATTT', 'ATTT', 'K64', 'tot_nghiep', 1.01, 2.5, 45, 2, TRUE),
    ('HV392', '665257', 'Quý ông Tú Vũ', '2004-01-21', 'Đồng Nai', '186 Đường Trần Hưng Đạo, Phương Mai, Ngô Quyền, Đồng Nai', 'quyongtuvu@tlu.edu.vn', '03 3120 8544', 'K67B', 'KTCK', 'KTCK', 'K66', 'dang_hoc', 1.49, 3.7, 87, 0, TRUE),
    ('HV393', '633722', 'Mai Lê', '1996-04-09', 'Quảng Bình', '63 Đường Trần Hưng Đạo, Thành Công, Ba Đình, Quảng Bình', 'maile@gmail.com', '08 5855464', 'K65A', 'KTCK', 'KTCK', 'K63', 'thoi_hoc', 3.01, 7.5, 71, 0, FALSE),
    ('HV394', '677528', 'Nhật Bảo Mai', '1998-05-12', 'Cần Thơ', '735 Đường Phạm Văn Đồng, Tràng Tiền, Ngũ Hành Sơn, Cần Thơ', 'nhatbaomai@yahoo.com', '+84 10 0466609', 'K66C', 'KT', 'KT', 'K67', 'tot_nghiep', 3.64, 9.1, 126, 0, TRUE),
    ('HV395', '634759', 'Chị An Lê', '2001-10-26', 'Bắc Kạn', '423 Đường Nguyễn Trãi, Cầu Kho, Ngũ Hành Sơn, Bắc Kạn', 'chianle@yahoo.com', '+84-97-189869', 'K63C', 'TCNH', 'TCNH', 'K63', 'thoi_hoc', 3.96, 9.9, 76, 0, FALSE),
    ('HV396', '673844', 'Ánh Mai', '1999-02-07', 'Khánh Hòa', '422 Đường Phạm Văn Đồng, Giảng Võ, Thốt Nốt, Khánh Hòa', 'anhmai@yahoo.com', '+84-82-201 9340', 'K65A', 'CNTT', 'CNTT', 'K67', 'tot_nghiep', 1.05, 2.6, 57, 2, TRUE),
    ('HV397', '638734', 'Hải Đức Nguyễn', '2004-11-08', 'Tây Ninh', '75 Đường Trần Hưng Đạo, Giảng Võ, Đống Đa, Tây Ninh', 'haiducnguyen@fpt.vn', '(02) 4798 7069', 'K66C', 'KT', 'KT', 'K63', 'tot_nghiep', 2.29, 5.7, 33, 0, TRUE),
    ('HV398', '647236', 'Dương Hoàng', '1995-07-16', 'Điện Biên', '11 Đường Lê Duẩn, Liễu Giai, Ninh Kiều, Điện Biên', 'duonghoang@tlu.edu.vn', '+84-54-756 8285', 'K66B', 'ATTT', 'ATTT', 'K64', 'dang_hoc', 3.96, 9.9, 138, 0, TRUE),
    ('HV399', '672465', 'Hương Vũ', '1995-10-14', 'Tuyên Quang', '449 Đường Võ Nguyên Giáp, Hàng Gai, Sơn Trà, Tuyên Quang', 'huongvu@tlu.edu.vn', '(08)510-7001', 'K63C', 'TCNH', 'TCNH', 'K67', 'dang_hoc', 3.27, 8.2, 94, 0, TRUE),
    ('HV400', '661469', 'Linh Hoàng', '1998-01-29', 'Lâm Đồng', '787 Đường Trần Hưng Đạo, Láng Thượng, Dương Kinh, Lâm Đồng', 'linhhoang@fpt.vn', '+84 83 5240721', 'K67C', 'KHMT', 'KHMT', 'K66', 'thoi_hoc', 1.31, 3.3, 66, 2, FALSE),
    ('HV401', '671563', 'Anh Quang Đặng', '1997-10-18', 'Cần Thơ', '9 Đường Nguyễn Văn Linh, Giảng Võ, Sơn Trà, Cần Thơ', 'anhquangdang@fpt.vn', '06 5704 8607', 'K64B', 'CNTT', 'CNTT', 'K67', 'thoi_hoc', 1.68, 4.2, 78, 0, FALSE),
    ('HV402', '678792', 'Bà Hương Hoàng', '1997-10-21', 'Quảng Ngãi', '69 Đường Nguyễn Trãi, Láng Thượng, Thanh Khê, Quảng Ngãi', 'bahuonghoang@yahoo.com', '05 1511 4254', 'K66A', 'HTTT', 'HTTT', 'K67', 'dang_hoc', 1.32, 3.3, 116, 1, TRUE),
    ('HV403', '635310', 'Bảo Hải Mai', '2000-09-21', 'Cần Thơ', '981 Đường Lê Lợi, Láng Thượng, Quận 1, Cần Thơ', 'baohaimai@gmail.com', '07 7135854', 'K65B', 'KHMT', 'KHMT', 'K63', 'thoi_hoc', 3.78, 9.4, 150, 0, FALSE),
    ('HV404', '634111', 'Nhiên Đức Trần', '2003-09-25', 'Sơn La', '667 Đường Võ Nguyên Giáp, Nhân Chính, Bắc Từ Liêm, Sơn La', 'nhienductran@tlu.edu.vn', '07 8046 6219', 'K66C', 'HTTT', 'HTTT', 'K63', 'tot_nghiep', 2.53, 6.3, 126, 0, TRUE),
    ('HV405', '663284', 'Xuân Vũ', '1996-03-15', 'Phú Yên', '386 Đường Lê Duẩn, Lý Thái Tổ, Hải Châu, Phú Yên', 'xuanvu@yahoo.com', '(06) 9654 8026', 'K64A', 'KT', 'KT', 'K66', 'dang_hoc', 3.42, 8.6, 40, 0, TRUE),
    ('HV406', '641276', 'Hạnh Mai', '2000-09-11', 'Quảng Trị', '185 Đường Lê Duẩn, Lý Thái Tổ, Quận 9, Quảng Trị', 'hanhmai@viettel.com.vn', '(07)093-8896', 'K63B', 'KTCK', 'KTCK', 'K64', 'thoi_hoc', 2.67, 6.7, 130, 0, FALSE),
    ('HV407', '647971', 'Huy Dương', '2003-04-05', 'Thanh Hóa', '841 Đường Nguyễn Văn Linh, Láng Thượng, Ô Môn, Thanh Hóa', 'huyduong@tlu.edu.vn', '(03) 1209 5787', 'K66C', 'KHMT', 'KHMT', 'K64', 'thoi_hoc', 2.36, 5.9, 98, 0, FALSE),
    ('HV408', '643141', 'Phương Hải Hoàng', '2001-06-04', 'Hà Giang', '217 Đường Võ Nguyên Giáp, Phương Mai, Bình Thủy, Hà Giang', 'phuonghaihoang@viettel.com.vn', '02 7647363', 'K63B', 'TTĐPT', 'TTĐPT', 'K64', 'dang_hoc', 3.83, 9.6, 62, 0, TRUE),
    ('HV409', '666672', 'Yến Đặng', '2000-05-22', 'Quảng Ngãi', '933 Đường Lê Duẩn, Hàng Gai, Hồng Bàng, Quảng Ngãi', 'yendang@yahoo.com', '09 7483 4401', 'K64C', 'TCNH', 'TCNH', 'K66', 'tot_nghiep', 0.86, 2.1, 136, 2, TRUE),
    ('HV410', '673799', 'Hà Đặng', '1996-01-15', 'Bà Rịa - Vũng Tàu', '831 Đường Hoàng Quốc Việt, Lý Thái Tổ, Nam Từ Liêm, Bà Rịa - Vũng Tàu', 'hadang@gmail.com', '+84-30-366 4123', 'K66B', 'KTCK', 'KTCK', 'K67', 'tot_nghiep', 3.75, 9.4, 39, 0, TRUE),
    ('HV411', '674949', 'Chị Lâm Đặng', '2002-08-12', 'Đồng Nai', '788 Đường Phạm Văn Đồng, Đa Kao, Hai Bà Trưng, Đồng Nai', 'chilamdang@fpt.vn', '(08)786-9840', 'K63B', 'KT', 'KT', 'K67', 'tot_nghiep', 1.68, 4.2, 118, 0, TRUE),
    ('HV412', '641220', 'Hưng Đặng', '1999-01-31', 'Đồng Tháp', '868 Đường Lê Lợi, Liễu Giai, Hoàng Mai, Đồng Tháp', 'hungdang@fpt.vn', '01 7996610', 'K66B', 'TCNH', 'TCNH', 'K64', 'thoi_hoc', 0.12, 0.3, 106, 0, FALSE),
    ('HV413', '661330', 'Vũ Hoàng', '2002-01-21', 'Cần Thơ', '938 Đường Hoàng Quốc Việt, Kim Liên, Ô Môn, Cần Thơ', 'vuhoang@viettel.com.vn', '+84-69-017 2896', 'K65A', 'ĐTVT', 'ĐTVT', 'K66', 'dang_hoc', 1.05, 2.6, 99, 3, TRUE),
    ('HV414', '668870', 'Phương Hoàng', '2003-05-25', 'Vĩnh Phúc', '560 Đường Võ Nguyên Giáp, Phương Mai, Bình Thủy, Vĩnh Phúc', 'phuonghoang@yahoo.com', '(03) 0143 2043', 'K63B', 'KTCK', 'KTCK', 'K66', 'thoi_hoc', 1.43, 3.6, 98, 1, FALSE),
    ('HV415', '679362', 'Nhật Bảo Mai', '2001-05-29', 'Vĩnh Long', '288 Đường Phạm Văn Đồng, Phúc Xá, Quận 6, Vĩnh Long', 'nhatbaomai@yahoo.com', '(01) 6173 4631', 'K66A', 'HTTT', 'HTTT', 'K67', 'tot_nghiep', 2.82, 7.0, 80, 0, TRUE),
    ('HV416', '652563', 'Dũng Dương', '1995-09-26', 'Quảng Nam', '107 Đường Võ Nguyên Giáp, Nhân Chính, Lê Chân, Quảng Nam', 'dungduong@gmail.com', '+84-83-217712', 'K64A', 'KHMT', 'KHMT', 'K65', 'thoi_hoc', 2.3, 5.8, 40, 0, FALSE),
    ('HV417', '646305', 'Trọng Bùi', '1995-12-18', 'Quảng Nam', '821 Đường Trường Chinh, Đa Kao, Hải Châu, Quảng Nam', 'trongbui@gmail.com', '05 4573546', 'K63A', 'ĐTVT', 'ĐTVT', 'K64', 'dang_hoc', 3.89, 9.7, 36, 0, TRUE),
    ('HV418', '646827', 'Vân Bùi', '2003-09-12', 'Quảng Trị', '762 Đường Trường Chinh, Tràng Tiền, Ngô Quyền, Quảng Trị', 'vanbui@fpt.vn', '(00) 5283 0799', 'K65C', 'ATTT', 'ATTT', 'K64', 'thoi_hoc', 1.49, 3.7, 99, 3, FALSE),
    ('HV419', '645058', 'Châu Hữu Bùi', '2002-06-26', 'Bình Thuận', '884 Đường Trần Hưng Đạo, Giảng Võ, Hải An, Bình Thuận', 'chauhuubui@fpt.vn', '+84 47 0513440', 'K63B', 'KT', 'KT', 'K64', 'thoi_hoc', 1.66, 4.1, 78, 0, FALSE),
    ('HV420', '631759', 'Trọng Đức Mai', '2000-10-07', 'Bến Tre', '914 Đường Nguyễn Trãi, Phương Mai, Phú Nhuận, Bến Tre', 'trongducmai@fpt.vn', '09 4924963', 'K67A', 'TTĐPT', 'TTĐPT', 'K63', 'thoi_hoc', 3.16, 7.9, 111, 0, FALSE),
    ('HV421', '679907', 'Quý ông Nhiên Hoàng', '2002-11-28', 'Hòa Bình', '517 Đường Trường Chinh, Hàng Bạc, Long Biên, Hòa Bình', 'quyongnhienhoang@gmail.com', '+84-21-426 2875', 'K65A', 'KT', 'KT', 'K67', 'dang_hoc', 1.54, 3.9, 130, 0, TRUE),
    ('HV422', '633593', 'Châu Nguyễn', '1999-09-09', 'Cao Bằng', '750 Đường Lê Duẩn, Cống Vị, Bình Thủy, Cao Bằng', 'chaunguyen@yahoo.com', '(02) 1384 6685', 'K67B', 'TCNH', 'TCNH', 'K63', 'dang_hoc', 1.33, 3.3, 91, 1, TRUE),
    ('HV423', '669907', 'Bà Hạnh Phạm', '1999-08-21', 'Hưng Yên', '677 Đường Nguyễn Trãi, Hàng Gai, Thủ Đức, Hưng Yên', 'bahanhpham@fpt.vn', '(02)016-1145', 'K64C', 'HTTT', 'HTTT', 'K66', 'dang_hoc', 1.07, 2.7, 142, 1, TRUE),
    ('HV424', '673564', 'Ánh Lê', '1995-06-08', 'Cà Mau', '253 Đường Nguyễn Văn Linh, Hàng Bạc, Hoàn Kiếm, Cà Mau', 'anhle@tlu.edu.vn', '(08) 2860 4650', 'K65C', 'CNTT', 'CNTT', 'K67', 'dang_hoc', 2.51, 6.3, 104, 0, TRUE),
    ('HV425', '669692', 'Quý ông Châu Nguyễn', '2002-05-29', 'Hồ Chí Minh', '581 Đường Nguyễn Văn Linh, Tân Định, Cầu Giấy, Hồ Chí Minh', 'quyongchaunguyen@viettel.com.vn', '04 7565 4924', 'K64A', 'KT', 'KT', 'K66', 'dang_hoc', 1.1, 2.8, 139, 1, TRUE),
    ('HV426', '644624', 'Quý cô An Mai', '2003-03-12', 'Lâm Đồng', '608 Đường Trần Hưng Đạo, Đa Kao, Quận 6, Lâm Đồng', 'quycoanmai@tlu.edu.vn', '(07) 1504 4092', 'K65C', 'KTCK', 'KTCK', 'K64', 'dang_hoc', 3.12, 7.8, 61, 0, TRUE),
    ('HV427', '658159', 'Nam Phú Phạm', '1997-11-18', 'Bắc Ninh', '81 Đường Nguyễn Văn Linh, Láng Hạ, Quận 10, Bắc Ninh', 'namphupham@viettel.com.vn', '07 4764 6178', 'K66A', 'KT', 'KT', 'K65', 'thoi_hoc', 0.22, 0.6, 45, 1, FALSE),
    ('HV428', '635074', 'Chị Hà Dương', '1999-03-14', 'Quảng Bình', '636 Đường Trường Chinh, Tân Định, Ninh Kiều, Quảng Bình', 'chihaduong@fpt.vn', '+84-59-758678', 'K66A', 'HTTT', 'HTTT', 'K63', 'thoi_hoc', 0.68, 1.7, 77, 3, FALSE),
    ('HV429', '644840', 'Bác Anh Phạm', '2004-11-30', 'Đắk Nông', '174 Đường Trường Chinh, Phúc Xá, Quận 4, Đắk Nông', 'bacanhpham@tlu.edu.vn', '+84-57-077491', 'K66B', 'KHMT', 'KHMT', 'K64', 'dang_hoc', 2.88, 7.2, 89, 0, TRUE),
    ('HV430', '631245', 'Ông Anh Phạm', '1999-04-04', 'Quảng Bình', '723 Đường Phạm Văn Đồng, Phương Liên, Ninh Kiều, Quảng Bình', 'onganhpham@viettel.com.vn', '+84-13-715 0421', 'K63A', 'ATTT', 'ATTT', 'K63', 'tot_nghiep', 2.28, 5.7, 125, 0, TRUE),
    ('HV431', '678241', 'Ánh Mai', '2005-04-26', 'Đồng Nai', '714 Đường Võ Nguyên Giáp, Cầu Kho, Quận 9, Đồng Nai', 'anhmai@gmail.com', '+84 73 1348967', 'K65C', 'CNTT', 'CNTT', 'K67', 'dang_hoc', 3.83, 9.6, 141, 0, TRUE),
    ('HV432', '655635', 'Khoa Bùi', '1996-12-25', 'Thái Bình', '360 Đường Trần Hưng Đạo, Đa Kao, Quận 10, Thái Bình', 'khoabui@yahoo.com', '+84-45-208159', 'K67A', 'TTĐPT', 'TTĐPT', 'K65', 'dang_hoc', 3.75, 9.4, 148, 0, TRUE),
    ('HV433', '665822', 'Bà Dương Đặng', '2002-02-12', 'Yên Bái', '448 Đường Lê Lợi, Tân Định, Thanh Khê, Yên Bái', 'baduongdang@fpt.vn', '+84-87-361455', 'K65A', 'ĐTVT', 'ĐTVT', 'K66', 'dang_hoc', 1.5, 3.8, 66, 0, TRUE),
    ('HV434', '644050', 'Lan Đặng', '1998-01-03', 'Vĩnh Long', '37 Đường Lê Duẩn, Cống Vị, Quận 7, Vĩnh Long', 'landang@gmail.com', '+84-92-212135', 'K63B', 'KHMT', 'KHMT', 'K64', 'thoi_hoc', 0.53, 1.3, 142, 3, FALSE),
    ('HV435', '679739', 'Nam Thế Đặng', '2001-11-17', 'Đắk Nông', '729 Đường Võ Nguyên Giáp, Láng Hạ, Quận 10, Đắk Nông', 'namthedang@tlu.edu.vn', '08 9120 2087', 'K65C', 'TTĐPT', 'TTĐPT', 'K67', 'thoi_hoc', 3.45, 8.6, 35, 0, FALSE),
    ('HV436', '638466', 'Linh Đặng', '2004-08-31', 'Hà Nam', '411 Đường Hoàng Quốc Việt, Trúc Bạch, Hoàn Kiếm, Hà Nam', 'linhdang@gmail.com', '+84-74-683 0044', 'K63A', 'CNTT', 'CNTT', 'K63', 'tot_nghiep', 1.15, 2.9, 95, 3, TRUE),
    ('HV437', '675359', 'Tùng Lê', '2002-03-13', 'Hà Nội', '112 Đường Lê Duẩn, Lý Thái Tổ, Ô Môn, Hà Nội', 'tungle@gmail.com', '+84 71 2029860', 'K67B', 'CNTT', 'CNTT', 'K67', 'tot_nghiep', 2.11, 5.3, 118, 0, TRUE),
    ('HV438', '661375', 'Tùng Trí Trần', '2004-02-18', 'Trà Vinh', '555 Đường Trường Chinh, Bến Nghé, Hải Châu, Trà Vinh', 'tungtritran@viettel.com.vn', '(04) 1818 1332', 'K63A', 'HTTT', 'HTTT', 'K66', 'thoi_hoc', 3.69, 9.2, 120, 0, FALSE),
    ('HV439', '676269', 'Quang Bảo Trần', '2000-05-06', 'Thừa Thiên Huế', '766 Đường Trường Chinh, Cầu Kho, Tân Bình, Thừa Thiên Huế', 'quangbaotran@viettel.com.vn', '+84 81 4219356', 'K63A', 'TCNH', 'TCNH', 'K67', 'dang_hoc', 2.51, 6.3, 94, 0, TRUE),
    ('HV440', '646904', 'Bảo Thị Mai', '2003-01-15', 'Đà Nẵng', '843 Đường Hoàng Quốc Việt, Bến Thành, Quận 9, Đà Nẵng', 'baothimai@gmail.com', '(07)951-9125', 'K67C', 'KT', 'KT', 'K64', 'dang_hoc', 3.34, 8.3, 134, 0, TRUE),
    ('HV441', '631189', 'Mai Dương', '1996-10-04', 'Khánh Hòa', '982 Đường Trần Hưng Đạo, Phương Liên, Đống Đa, Khánh Hòa', 'maiduong@fpt.vn', '+84-32-260625', 'K63A', 'KTCK', 'KTCK', 'K63', 'dang_hoc', 3.55, 8.9, 55, 0, TRUE),
    ('HV442', '654029', 'Chị Dương Nguyễn', '1999-06-27', 'Lâm Đồng', '928 Đường Hoàng Quốc Việt, Phúc Xá, Hoàng Mai, Lâm Đồng', 'chiduongnguyen@yahoo.com', '+84 39 8594088', 'K67A', 'ATTT', 'ATTT', 'K65', 'dang_hoc', 3.72, 9.3, 73, 0, TRUE),
    ('HV443', '641988', 'Bảo Trần', '2002-12-14', 'Tiền Giang', '990 Đường Võ Nguyên Giáp, Đa Kao, Quận 10, Tiền Giang', 'baotran@viettel.com.vn', '(04) 4721 3008', 'K65A', 'HTTT', 'HTTT', 'K64', 'dang_hoc', 3.84, 9.6, 136, 0, TRUE),
    ('HV444', '645462', 'Lâm Hoàng Vũ', '2004-10-12', 'Bình Thuận', '88 Đường Lê Lợi, Thành Công, Long Biên, Bình Thuận', 'lamhoangvu@tlu.edu.vn', '01 7341 6739', 'K64C', 'KT', 'KT', 'K64', 'thoi_hoc', 3.81, 9.5, 149, 0, FALSE),
    ('HV445', '658365', 'Hoàng Tấn Mai', '1996-10-16', 'Khánh Hòa', '452 Đường Trường Chinh, Đa Kao, Hồng Bàng, Khánh Hòa', 'hoangtanmai@gmail.com', '01 4626435', 'K65C', 'HTTT', 'HTTT', 'K65', 'tot_nghiep', 1.51, 3.8, 118, 0, TRUE),
    ('HV446', '646184', 'Nhật Hoàng Đặng', '2004-04-27', 'Cần Thơ', '998 Đường Hoàng Quốc Việt, Khương Thượng, Quận 7, Cần Thơ', 'nhathoangdang@viettel.com.vn', '+84 52 9929074', 'K65C', 'TTĐPT', 'TTĐPT', 'K64', 'thoi_hoc', 3.69, 9.2, 97, 0, FALSE),
    ('HV447', '632158', 'Quý cô Thảo Mai', '2001-04-21', 'Lạng Sơn', '653 Đường Phạm Văn Đồng, Trung Tự, Ba Đình, Lạng Sơn', 'quycothaomai@tlu.edu.vn', '05 7785 2429', 'K66B', 'HTTT', 'HTTT', 'K63', 'dang_hoc', 1.68, 4.2, 81, 0, TRUE),
    ('HV448', '679623', 'Hạnh Mai Bảo Hoàng', '1996-10-23', 'Nam Định', '934 Đường Phạm Văn Đồng, Phúc Xá, Thủ Đức, Nam Định', 'hanhmaibaohoang@yahoo.com', '+84-89-974 1748', 'K67B', 'ĐTVT', 'ĐTVT', 'K67', 'dang_hoc', 1.33, 3.3, 134, 3, TRUE),
    ('HV449', '633610', 'Bác Nam Phạm', '2003-02-20', 'Bình Phước', '941 Đường Trường Chinh, Bến Nghé, Thủ Đức, Bình Phước', 'bacnampham@tlu.edu.vn', '+84-35-384 8030', 'K67A', 'TCNH', 'TCNH', 'K63', 'thoi_hoc', 0.96, 2.4, 43, 1, FALSE),
    ('HV450', '637871', 'Huy Quang Đặng', '1997-05-15', 'Quảng Trị', '848 Đường Võ Nguyên Giáp, Láng Thượng, Hồng Bàng, Quảng Trị', 'huyquangdang@tlu.edu.vn', '+84 14 2971008', 'K66C', 'TCNH', 'TCNH', 'K63', 'dang_hoc', 1.38, 3.4, 87, 3, TRUE),
    ('HV451', '655949', 'Lâm Trí Phạm', '2005-01-13', 'Phú Yên', '363 Đường Trường Chinh, Hàng Bạc, Quận 12, Phú Yên', 'lamtripham@fpt.vn', '02 3982 7554', 'K64A', 'KTCK', 'KTCK', 'K65', 'tot_nghiep', 1.63, 4.1, 54, 0, TRUE),
    ('HV452', '656921', 'Chị Bảo Mai', '2002-09-28', 'Thái Bình', '815 Đường Lê Lợi, Hàng Gai, Ô Môn, Thái Bình', 'chibaomai@gmail.com', '08 3391 4282', 'K67C', 'HTTT', 'HTTT', 'K65', 'dang_hoc', 3.7, 9.2, 111, 0, TRUE),
    ('HV453', '644665', 'Nam Thế Đặng', '1996-07-19', 'Hà Nam', '932 Đường Trần Hưng Đạo, Phúc Xá, Quận 5, Hà Nam', 'namthedang@yahoo.com', '+84-25-391 2173', 'K64A', 'CNTT', 'CNTT', 'K64', 'dang_hoc', 1.69, 4.2, 87, 0, TRUE),
    ('HV454', '679710', 'Khoa Phạm', '2005-04-06', 'Lào Cai', '311 Đường Nguyễn Trãi, Khương Thượng, Hồng Bàng, Lào Cai', 'khoapham@yahoo.com', '03 7082 0170', 'K65C', 'KTCK', 'KTCK', 'K67', 'dang_hoc', 2.73, 6.8, 34, 0, TRUE),
    ('HV455', '657795', 'Quý ông Trung Phạm', '1998-08-30', 'Hà Nội', '306 Đường Lê Lợi, Láng Hạ, Cầu Giấy, Hà Nội', 'quyongtrungpham@viettel.com.vn', '(05) 3040 8669', 'K65B', 'KHMT', 'KHMT', 'K65', 'dang_hoc', 0.32, 0.8, 150, 0, TRUE),
    ('HV456', '633126', 'Lâm Văn Đặng', '1995-08-25', 'Cà Mau', '884 Đường Trường Chinh, Hàng Gai, Hồng Bàng, Cà Mau', 'lamvandang@tlu.edu.vn', '+84-45-831 4697', 'K67C', 'KTCK', 'KTCK', 'K63', 'dang_hoc', 3.73, 9.3, 31, 0, TRUE),
    ('HV457', '638922', 'Hải Bảo Đặng', '2003-12-03', 'Bến Tre', '738 Đường Võ Nguyên Giáp, Vĩnh Phúc, Kiến An, Bến Tre', 'haibaodang@viettel.com.vn', '+84-37-043 9208', 'K67C', 'HTTT', 'HTTT', 'K63', 'thoi_hoc', 0.92, 2.3, 118, 3, FALSE),
    ('HV458', '647395', 'Nam Xuân Trần', '2005-01-21', 'Hà Tĩnh', '990 Đường Phạm Văn Đồng, Cô Giang, Thanh Khê, Hà Tĩnh', 'namxuantran@tlu.edu.vn', '+84-02-708 7672', 'K65A', 'KTPM', 'KTPM', 'K64', 'dang_hoc', 3.51, 8.8, 41, 0, TRUE),
    ('HV459', '653985', 'Cô Hải Phạm', '1997-01-24', 'Phú Thọ', '458 Đường Lê Lợi, Tân Định, Ngũ Hành Sơn, Phú Thọ', 'cohaipham@yahoo.com', '(04) 1226 3161', 'K65B', 'TTĐPT', 'TTĐPT', 'K65', 'dang_hoc', 0.17, 0.4, 107, 3, TRUE),
    ('HV460', '639375', 'Cô Thành Trần', '1998-06-13', 'Đà Nẵng', '532 Đường Võ Nguyên Giáp, Cống Vị, Phú Nhuận, Đà Nẵng', 'cothanhtran@tlu.edu.vn', '(02)875-5235', 'K67C', 'KTCK', 'KTCK', 'K63', 'thoi_hoc', 1.43, 3.6, 37, 2, FALSE),
    ('HV461', '645151', 'Hạnh Thị Vũ', '1996-06-22', 'Đắk Nông', '451 Đường Lê Lợi, Kim Liên, Tân Phú, Đắk Nông', 'hanhthivu@viettel.com.vn', '04 3829614', 'K64A', 'KT', 'KT', 'K64', 'thoi_hoc', 0.06, 0.1, 124, 0, FALSE),
    ('HV462', '659904', 'Chị Hương Bùi', '1996-07-03', 'Đồng Tháp', '601 Đường Lê Lợi, Tràng Tiền, Quận 12, Đồng Tháp', 'chihuongbui@yahoo.com', '+84-44-043 1740', 'K66C', 'KTPM', 'KTPM', 'K65', 'thoi_hoc', 0.96, 2.4, 78, 2, FALSE),
    ('HV463', '673497', 'Tú Đức Bùi', '2002-10-27', 'Đắk Lắk', '656 Đường Trường Chinh, Kim Liên, Cẩm Lệ, Đắk Lắk', 'tuducbui@gmail.com', '+84-97-188778', 'K67B', 'ATTT', 'ATTT', 'K67', 'tot_nghiep', 3.22, 8.1, 63, 0, TRUE),
    ('HV464', '642943', 'Nhật Đức Nguyễn', '2003-12-19', 'Quảng Nam', '253 Đường Trần Hưng Đạo, Kim Liên, Ba Đình, Quảng Nam', 'nhatducnguyen@tlu.edu.vn', '08 1906 9682', 'K63C', 'ĐTVT', 'ĐTVT', 'K64', 'thoi_hoc', 2.12, 5.3, 130, 0, FALSE),
    ('HV465', '673308', 'Quý cô Ánh Hoàng', '2005-04-16', 'Bình Định', '236 Đường Phạm Văn Đồng, Lý Thái Tổ, Quận 12, Bình Định', 'quycoanhhoang@gmail.com', '(09)087-1895', 'K67B', 'HTTT', 'HTTT', 'K67', 'thoi_hoc', 1.72, 4.3, 41, 0, FALSE),
    ('HV466', '669638', 'Quý cô Vân Phạm', '2003-06-16', 'Nghệ An', '565 Đường Trần Hưng Đạo, Phúc Xá, Hoàn Kiếm, Nghệ An', 'quycovanpham@viettel.com.vn', '(05) 3856 1127', 'K63B', 'KTPM', 'KTPM', 'K66', 'dang_hoc', 1.04, 2.6, 144, 0, TRUE),
    ('HV467', '657986', 'Quý ông Hưng Nguyễn', '1996-10-07', 'Bình Phước', '964 Đường Nguyễn Văn Linh, Giảng Võ, Quận 8, Bình Phước', 'quyonghungnguyen@yahoo.com', '(02) 0420 7058', 'K64C', 'ĐTVT', 'ĐTVT', 'K65', 'dang_hoc', 0.13, 0.3, 130, 2, TRUE),
    ('HV468', '672259', 'Hạnh Dương', '2005-08-17', 'Tây Ninh', '241 Đường Trường Chinh, Hàng Bạc, Hồng Bàng, Tây Ninh', 'hanhduong@yahoo.com', '06 7343 0220', 'K64B', 'ATTT', 'ATTT', 'K67', 'dang_hoc', 0.73, 1.8, 34, 2, TRUE),
    ('HV469', '654805', 'Phương Trần', '1998-09-21', 'Hòa Bình', '9 Đường Nguyễn Văn Linh, Phương Mai, Tân Bình, Hòa Bình', 'phuongtran@tlu.edu.vn', '03 2489289', 'K66A', 'CNTT', 'CNTT', 'K65', 'tot_nghiep', 3.67, 9.2, 70, 0, TRUE),
    ('HV470', '662972', 'Vũ Mai', '2005-01-30', 'Long An', '175 Đường Lê Duẩn, Hàng Gai, Ngũ Hành Sơn, Long An', 'vumai@viettel.com.vn', '(04)815-4662', 'K66C', 'HTTT', 'HTTT', 'K66', 'dang_hoc', 1.94, 4.8, 139, 0, TRUE),
    ('HV471', '645564', 'Quý cô Hà Vũ', '2001-04-16', 'Sóc Trăng', '455 Đường Phạm Văn Đồng, Nhân Chính, Hồng Bàng, Sóc Trăng', 'quycohavu@tlu.edu.vn', '+84-37-042528', 'K64C', 'KT', 'KT', 'K64', 'dang_hoc', 2.48, 6.2, 113, 0, TRUE),
    ('HV472', '679112', 'Bác Trung Trần', '1996-12-24', 'Cao Bằng', '302 Đường Lê Lợi, Kim Liên, Ngũ Hành Sơn, Cao Bằng', 'bactrungtran@gmail.com', '04 2548174', 'K67C', 'TCNH', 'TCNH', 'K67', 'thoi_hoc', 1.31, 3.3, 64, 1, FALSE),
    ('HV473', '651293', 'Bà Yến Mai', '2001-11-02', 'Cần Thơ', '856 Đường Nguyễn Trãi, Cống Vị, Quận 2, Cần Thơ', 'bayenmai@viettel.com.vn', '+84 08 3918918', 'K64A', 'KTPM', 'KTPM', 'K65', 'dang_hoc', 1.87, 4.7, 58, 0, TRUE),
    ('HV474', '635847', 'Ông Trọng Phạm', '1997-04-16', 'Vĩnh Long', '393 Đường Lê Lợi, Kim Liên, Thanh Xuân, Vĩnh Long', 'ongtrongpham@yahoo.com', '(06)733-8055', 'K67C', 'KHMT', 'KHMT', 'K63', 'dang_hoc', 3.48, 8.7, 51, 0, TRUE),
    ('HV475', '638607', 'Quý ông Quang Dương', '1998-05-10', 'Phú Yên', '429 Đường Hoàng Quốc Việt, Giảng Võ, Dương Kinh, Phú Yên', 'quyongquangduong@tlu.edu.vn', '(05)776-1563', 'K67C', 'KT', 'KT', 'K63', 'tot_nghiep', 2.73, 6.8, 144, 0, TRUE),
    ('HV476', '666171', 'Dũng Hoàng Vũ', '2005-05-20', 'Hậu Giang', '61 Đường Trần Hưng Đạo, Trung Tự, Ngô Quyền, Hậu Giang', 'dunghoangvu@tlu.edu.vn', '+84 36 9906180', 'K67A', 'KTPM', 'KTPM', 'K66', 'thoi_hoc', 2.55, 6.4, 103, 0, FALSE),
    ('HV477', '674649', 'Dương Phạm', '1996-09-18', 'Vĩnh Phúc', '823 Đường Lê Lợi, Bến Nghé, Quận 1, Vĩnh Phúc', 'duongpham@yahoo.com', '06 0047 4011', 'K66C', 'ATTT', 'ATTT', 'K67', 'dang_hoc', 0.68, 1.7, 120, 2, TRUE),
    ('HV478', '639955', 'Thành Mai Bảo Nguyễn', '1995-02-23', 'Hồ Chí Minh', '157 Đường Nguyễn Trãi, Bến Nghé, Bắc Từ Liêm, Hồ Chí Minh', 'thanhmaibaonguyen@viettel.com.vn', '+84-92-869 2626', 'K64C', 'HTTT', 'HTTT', 'K63', 'dang_hoc', 3.74, 9.4, 32, 0, TRUE),
    ('HV479', '651208', 'Bác Thành Nguyễn', '2003-12-05', 'Hậu Giang', '201 Đường Nguyễn Trãi, Láng Thượng, Ngô Quyền, Hậu Giang', 'bacthanhnguyen@yahoo.com', '03 5858 5413', 'K67A', 'TTĐPT', 'TTĐPT', 'K65', 'thoi_hoc', 2.27, 5.7, 69, 0, FALSE),
    ('HV480', '657163', 'Quý cô Phương Mai', '1998-09-29', 'Hải Phòng', '131 Đường Hoàng Quốc Việt, Hàng Trống, Quận 2, Hải Phòng', 'quycophuongmai@gmail.com', '+84 83 5829083', 'K67A', 'KT', 'KT', 'K65', 'dang_hoc', 3.65, 9.1, 73, 0, TRUE),
    ('HV481', '672479', 'Bảo Vũ', '1995-07-02', 'Hòa Bình', '121 Đường Hoàng Quốc Việt, Hàng Trống, Hồng Bàng, Hòa Bình', 'baovu@tlu.edu.vn', '05 6480 8209', 'K63C', 'KT', 'KT', 'K67', 'thoi_hoc', 3.54, 8.8, 148, 0, FALSE),
    ('HV482', '645758', 'Quý cô An Trần', '2005-02-11', 'An Giang', '746 Đường Lê Lợi, Hàng Bạc, Ngô Quyền, An Giang', 'quycoantran@tlu.edu.vn', '(07)116-8419', 'K64C', 'ATTT', 'ATTT', 'K64', 'thoi_hoc', 1.4, 3.5, 141, 0, FALSE),
    ('HV483', '678743', 'Bà Vi Dương', '2004-04-09', 'Đà Nẵng', '705 Đường Hoàng Quốc Việt, Đa Kao, Quận 1, Đà Nẵng', 'baviduong@viettel.com.vn', '06 4356925', 'K64C', 'KHMT', 'KHMT', 'K67', 'dang_hoc', 2.5, 6.2, 102, 0, TRUE),
    ('HV484', '653160', 'Hải Phú Bùi', '2002-09-08', 'Vĩnh Long', '205 Đường Trần Hưng Đạo, Kim Liên, Hoàng Mai, Vĩnh Long', 'haiphubui@viettel.com.vn', '+84-02-183468', 'K66A', 'KTPM', 'KTPM', 'K65', 'dang_hoc', 0.47, 1.2, 145, 0, TRUE),
    ('HV485', '664367', 'Bà Duyên Bùi', '1998-08-15', 'Quảng Ninh', '270 Đường Lê Lợi, Bến Nghé, Đống Đa, Quảng Ninh', 'baduyenbui@fpt.vn', '07 8269592', 'K64C', 'ATTT', 'ATTT', 'K66', 'tot_nghiep', 3.94, 9.8, 97, 0, TRUE),
    ('HV486', '658497', 'Minh Phạm', '1997-05-25', 'Quảng Ninh', '305 Đường Phạm Văn Đồng, Nhân Chính, Quận 1, Quảng Ninh', 'minhpham@tlu.edu.vn', '(06) 8541 5162', 'K67A', 'TCNH', 'TCNH', 'K65', 'dang_hoc', 1.02, 2.5, 44, 1, TRUE),
    ('HV487', '634481', 'Mai Đặng', '1999-11-14', 'Phú Yên', '128 Đường Trường Chinh, Cống Vị, Lê Chân, Phú Yên', 'maidang@yahoo.com', '(00)238-8452', 'K67C', 'CNTT', 'CNTT', 'K63', 'tot_nghiep', 2.22, 5.6, 39, 0, TRUE),
    ('HV488', '669534', 'Quý ông Hoàng Phạm', '1996-03-12', 'Bắc Giang', '921 Đường Nguyễn Văn Linh, Trung Tự, Sơn Trà, Bắc Giang', 'quyonghoangpham@gmail.com', '+84-98-196 8284', 'K64A', 'KTCK', 'KTCK', 'K66', 'tot_nghiep', 2.42, 6.0, 92, 0, TRUE),
    ('HV489', '634143', 'Hoàng Bùi', '1997-08-04', 'Đắk Nông', '479 Đường Hoàng Quốc Việt, Vĩnh Phúc, Quận 12, Đắk Nông', 'hoangbui@yahoo.com', '+84-75-211 4326', 'K67A', 'HTTT', 'HTTT', 'K63', 'thoi_hoc', 1.53, 3.8, 100, 0, FALSE),
    ('HV490', '638764', 'Hưng Xuân Phạm', '1995-04-30', 'Điện Biên', '577 Đường Lê Duẩn, Kim Liên, Quận 7, Điện Biên', 'hungxuanpham@yahoo.com', '02 7271 8542', 'K67C', 'TTĐPT', 'TTĐPT', 'K63', 'dang_hoc', 0.53, 1.3, 94, 2, TRUE),
    ('HV491', '657237', 'Quý cô Lâm Vũ', '2004-07-13', 'An Giang', '887 Đường Trần Hưng Đạo, Phúc Xá, Quận 8, An Giang', 'quycolamvu@yahoo.com', '(07)604-5089', 'K65B', 'TTĐPT', 'TTĐPT', 'K65', 'thoi_hoc', 3.56, 8.9, 131, 0, FALSE),
    ('HV492', '679881', 'Bà Phương Dương', '2003-09-19', 'Cao Bằng', '502 Đường Phạm Văn Đồng, Cống Vị, Long Biên, Cao Bằng', 'baphuongduong@fpt.vn', '+84-59-666 0075', 'K66B', 'KTCK', 'KTCK', 'K67', 'dang_hoc', 3.22, 8.1, 87, 0, TRUE),
    ('HV493', '651829', 'Quý ông Tú Mai', '2002-09-21', 'Long An', '676 Đường Phạm Văn Đồng, Thành Công, Quận 6, Long An', 'quyongtumai@tlu.edu.vn', '(08) 5341 6427', 'K66B', 'CNTT', 'CNTT', 'K65', 'tot_nghiep', 3.93, 9.8, 136, 0, TRUE),
    ('HV494', '632528', 'Cô Thảo Bùi', '1996-10-21', 'Hà Nam', '637 Đường Trường Chinh, Hàng Trống, Quận 8, Hà Nam', 'cothaobui@gmail.com', '+84-94-498225', 'K65A', 'TTĐPT', 'TTĐPT', 'K63', 'dang_hoc', 2.65, 6.6, 145, 0, TRUE),
    ('HV495', '634684', 'Quý ông Trung Hoàng', '2005-07-25', 'Khánh Hòa', '777 Đường Trần Hưng Đạo, Trúc Bạch, Hải An, Khánh Hòa', 'quyongtrunghoang@fpt.vn', '+84 68 3829247', 'K66A', 'KT', 'KT', 'K63', 'tot_nghiep', 3.45, 8.6, 100, 0, TRUE),
    ('HV496', '643265', 'Ông Châu Hoàng', '2001-10-31', 'Phú Thọ', '190 Đường Trần Hưng Đạo, Cầu Kho, Sơn Trà, Phú Thọ', 'ongchauhoang@fpt.vn', '01 0768926', 'K66C', 'KTCK', 'KTCK', 'K64', 'thoi_hoc', 3.75, 9.4, 88, 0, FALSE),
    ('HV497', '652492', 'Xuân Đặng', '1999-12-25', 'Quảng Ngãi', '782 Đường Nguyễn Văn Linh, Giảng Võ, Hoàn Kiếm, Quảng Ngãi', 'xuandang@tlu.edu.vn', '+84-32-238 1266', 'K64A', 'KT', 'KT', 'K65', 'tot_nghiep', 0.92, 2.3, 140, 2, TRUE),
    ('HV498', '642862', 'Hạnh Lê', '2002-11-30', 'Điện Biên', '490 Đường Lê Duẩn, Bến Nghé, Thốt Nốt, Điện Biên', 'hanhle@fpt.vn', '(05)812-1685', 'K67A', 'TCNH', 'TCNH', 'K64', 'dang_hoc', 2.53, 6.3, 57, 0, TRUE),
    ('HV499', '671417', 'Kim Hoàng', '2001-08-20', 'Điện Biên', '678 Đường Trường Chinh, Hàng Bạc, Long Biên, Điện Biên', 'kimhoang@viettel.com.vn', '(02)583-5184', 'K64A', 'HTTT', 'HTTT', 'K67', 'tot_nghiep', 1.82, 4.5, 90, 0, TRUE),
    ('HV500', '647480', 'Quý ông Tú Dương', '1996-12-26', 'Yên Bái', '26 Đường Hoàng Quốc Việt, Bến Nghé, Bình Thủy, Yên Bái', 'quyongtuduong@viettel.com.vn', '+84-27-259 8210', 'K64A', 'KHMT', 'KHMT', 'K64', 'thoi_hoc', 0.68, 1.7, 113, 3, FALSE);

INSERT INTO mon_hoc (id, ma_mon, ten_mon, so_tin_chi, so_tiet, don_vi_ql_id, ten_don_vi_ql, active) VALUES
    ('MH001', 'IT101', 'Nhập môn Công nghệ thông tin', 3, 45, 'DV001', 'Khoa Công nghệ thông tin', TRUE),
    ('MH002', 'IT102', 'Lập trình cơ bản', 4, 60, 'DV001', 'Khoa Công nghệ thông tin', TRUE),
    ('MH003', 'IT201', 'Cấu trúc dữ liệu và giải thuật', 4, 60, 'DV001', 'Khoa Công nghệ thông tin', TRUE),
    ('MH004', 'IT202', 'Cơ sở dữ liệu', 3, 45, 'DV001', 'Khoa Công nghệ thông tin', TRUE),
    ('MH005', 'IT203', 'Mạng máy tính', 3, 45, 'DV001', 'Khoa Công nghệ thông tin', TRUE),
    ('MH006', 'IT301', 'Phát triển ứng dụng Web', 3, 45, 'DV001', 'Khoa Công nghệ thông tin', TRUE),
    ('MH007', 'IT302', 'Trí tuệ nhân tạo', 3, 45, 'DV001', 'Khoa Công nghệ thông tin', TRUE),
    ('MH008', 'IT303', 'Học máy', 3, 45, 'DV001', 'Khoa Công nghệ thông tin', TRUE),
    ('MH009', 'IT304', 'An toàn và bảo mật thông tin', 3, 45, 'DV001', 'Khoa Công nghệ thông tin', TRUE),
    ('MH010', 'KT101', 'Kinh tế vi mô', 3, 45, 'DV004', 'Khoa Kinh tế', TRUE),
    ('MH011', 'KT102', 'Kinh tế vĩ mô', 3, 45, 'DV004', 'Khoa Kinh tế', TRUE),
    ('MH012', 'KT201', 'Nguyên lý kế toán', 4, 60, 'DV004', 'Khoa Kinh tế', TRUE),
    ('MH013', 'KT202', 'Tài chính doanh nghiệp', 3, 45, 'DV004', 'Khoa Kinh tế', TRUE),
    ('MH014', 'KT301', 'Kinh tế lượng', 3, 45, 'DV004', 'Khoa Kinh tế', TRUE),
    ('MH015', 'NN101', 'Tiếng Anh cơ bản', 4, 60, 'DV005', 'Khoa Ngoại ngữ', TRUE),
    ('MH016', 'NN102', 'Tiếng Anh học thuật', 3, 45, 'DV005', 'Khoa Ngoại ngữ', TRUE),
    ('MH017', 'NN201', 'Tiếng Anh chuyên ngành', 3, 45, 'DV005', 'Khoa Ngoại ngữ', TRUE),
    ('MH018', 'NN202', 'Tiếng Trung cơ bản', 4, 60, 'DV005', 'Khoa Ngoại ngữ', TRUE),
    ('MH019', 'QS101', 'Giáo dục Quốc phòng', 2, 30, 'DV006', 'Khoa Quân sự', TRUE),
    ('MH020', 'QS102', 'Điều lệnh Quân đội', 2, 30, 'DV006', 'Khoa Quân sự', TRUE),
    ('MH021', 'QS201', 'Chiến thuật bộ binh', 3, 45, 'DV006', 'Khoa Quân sự', TRUE),
    ('MH022', 'QS202', 'Kỹ thuật quân sự', 3, 45, 'DV006', 'Khoa Quân sự', TRUE),
    ('MH023', 'CS428', 'Robust system-worthy benchmark', 2, 52, 'DV013', 'Bộ môn Công nghệ phần mềm', TRUE),
    ('MH024', 'PHY887', 'Progressive encompassing model', 4, 37, 'DV014', 'Bộ môn Viễn thông', TRUE),
    ('MH025', 'PHY546', 'Function-based intangible product', 4, 51, 'DV012', 'Bộ môn Tin học cơ bản', TRUE),
    ('MH026', 'CHEM794', 'Compatible client-server system engine', 3, 41, 'DV015', 'Bộ môn Kế toán', TRUE),
    ('MH027', 'CHEM106', 'Down-sized methodical flexibility', 3, 36, 'DV013', 'Bộ môn Công nghệ phần mềm', TRUE),
    ('MH028', 'CS900', 'Ergonomic demand-driven capacity', 4, 47, 'DV013', 'Bộ môn Công nghệ phần mềm', TRUE),
    ('MH029', 'CS728', 'Fundamental incremental synergy', 2, 32, 'DV014', 'Bộ môn Viễn thông', TRUE),
    ('MH030', 'MATH559', 'Cross-group 24hour knowledge user', 4, 60, 'DV012', 'Bộ môn Tin học cơ bản', TRUE),
    ('MH031', 'CHEM492', 'Exclusive asynchronous alliance', 3, 34, 'DV012', 'Bộ môn Tin học cơ bản', TRUE),
    ('MH032', 'CS758', 'Inverse maximized forecast', 4, 37, 'DV013', 'Bộ môn Công nghệ phần mềm', TRUE),
    ('MH033', 'MATH371', 'Reactive fault-tolerant Internet solution', 4, 33, 'DV012', 'Bộ môn Tin học cơ bản', TRUE),
    ('MH034', 'MATH998', 'Networked intermediate data-warehouse', 3, 50, 'DV013', 'Bộ môn Công nghệ phần mềm', TRUE),
    ('MH035', 'CS527', 'Innovative executive utilization', 2, 60, 'DV013', 'Bộ môn Công nghệ phần mềm', TRUE),
    ('MH036', 'CS430', 'Stand-alone national project', 2, 36, 'DV013', 'Bộ môn Công nghệ phần mềm', TRUE),
    ('MH037', 'CHEM420', 'User-centric intermediate approach', 3, 35, 'DV013', 'Bộ môn Công nghệ phần mềm', TRUE),
    ('MH038', 'PHY504', 'Secured zero-defect middleware', 3, 55, 'DV013', 'Bộ môn Công nghệ phần mềm', TRUE),
    ('MH039', 'PHY188', 'Horizontal well-modulated circuit', 3, 39, 'DV012', 'Bộ môn Tin học cơ bản', TRUE),
    ('MH040', 'MATH908', 'Stand-alone responsive strategy', 4, 58, 'DV013', 'Bộ môn Công nghệ phần mềm', TRUE),
    ('MH041', 'CS382', 'Seamless context-sensitive infrastructure', 4, 37, 'DV015', 'Bộ môn Kế toán', TRUE),
    ('MH042', 'CS898', 'Phased cohesive initiative', 3, 32, 'DV013', 'Bộ môn Công nghệ phần mềm', TRUE),
    ('MH043', 'PHY829', 'Managed modular focus group', 2, 39, 'DV014', 'Bộ môn Viễn thông', TRUE),
    ('MH044', 'CS575', 'Enhanced 24/7 leverage', 3, 30, 'DV013', 'Bộ môn Công nghệ phần mềm', TRUE),
    ('MH045', 'CS718', 'Face-to-face bandwidth-monitored encoding', 2, 56, 'DV014', 'Bộ môn Viễn thông', TRUE),
    ('MH046', 'CHEM667', 'Synergized bottom-line monitoring', 4, 58, 'DV015', 'Bộ môn Kế toán', TRUE),
    ('MH047', 'CS612', 'Automated 4thgeneration strategy', 4, 45, 'DV015', 'Bộ môn Kế toán', TRUE),
    ('MH048', 'CHEM889', 'Centralized systemic policy', 4, 33, 'DV015', 'Bộ môn Kế toán', TRUE),
    ('MH049', 'PHY904', 'Re-engineered context-sensitive interface', 4, 50, 'DV012', 'Bộ môn Tin học cơ bản', TRUE),
    ('MH050', 'CS774', 'Face-to-face global parallelism', 3, 54, 'DV012', 'Bộ môn Tin học cơ bản', TRUE),
    ('MH051', 'MATH882', 'Proactive foreground emulation', 2, 45, 'DV015', 'Bộ môn Kế toán', TRUE),
    ('MH052', 'CHEM184', 'Automated heuristic pricing structure', 4, 48, 'DV012', 'Bộ môn Tin học cơ bản', TRUE),
    ('MH053', 'MATH862', 'Quality-focused local Graphic Interface', 4, 57, 'DV014', 'Bộ môn Viễn thông', TRUE),
    ('MH054', 'MATH608', 'Organic background conglomeration', 2, 41, 'DV015', 'Bộ môn Kế toán', TRUE),
    ('MH055', 'PHY749', 'Profit-focused methodical software', 3, 32, 'DV013', 'Bộ môn Công nghệ phần mềm', TRUE),
    ('MH056', 'MATH569', 'Secured client-driven database', 3, 55, 'DV012', 'Bộ môn Tin học cơ bản', TRUE),
    ('MH057', 'CS148', 'Versatile modular complexity', 2, 59, 'DV015', 'Bộ môn Kế toán', TRUE),
    ('MH058', 'MATH105', 'Proactive global hub', 3, 55, 'DV013', 'Bộ môn Công nghệ phần mềm', TRUE),
    ('MH059', 'CS958', 'De-engineered zero tolerance neural-net', 4, 44, 'DV013', 'Bộ môn Công nghệ phần mềm', TRUE),
    ('MH060', 'PHY835', 'Synergistic mobile analyzer', 4, 59, 'DV012', 'Bộ môn Tin học cơ bản', TRUE),
    ('MH061', 'PHY563', 'Reactive intangible contingency', 4, 38, 'DV012', 'Bộ môn Tin học cơ bản', TRUE),
    ('MH062', 'CHEM292', 'Sharable fault-tolerant implementation', 3, 37, 'DV015', 'Bộ môn Kế toán', TRUE),
    ('MH063', 'MATH935', 'Implemented even-keeled complexity', 2, 31, 'DV012', 'Bộ môn Tin học cơ bản', TRUE),
    ('MH064', 'CS960', 'Synchronized real-time budgetary management', 2, 60, 'DV012', 'Bộ môn Tin học cơ bản', TRUE),
    ('MH065', 'MATH771', 'Digitized upward-trending emulation', 2, 60, 'DV015', 'Bộ môn Kế toán', TRUE),
    ('MH066', 'MATH808', 'User-friendly eco-centric framework', 4, 55, 'DV014', 'Bộ môn Viễn thông', TRUE),
    ('MH067', 'CS639', 'Customizable grid-enabled info-mediaries', 4, 57, 'DV014', 'Bộ môn Viễn thông', TRUE),
    ('MH068', 'CS441', 'Decentralized systemic productivity', 4, 38, 'DV014', 'Bộ môn Viễn thông', TRUE),
    ('MH069', 'CHEM272', 'Mandatory value-added moratorium', 4, 57, 'DV015', 'Bộ môn Kế toán', TRUE),
    ('MH070', 'CHEM177', 'Implemented secondary ability', 3, 41, 'DV013', 'Bộ môn Công nghệ phần mềm', TRUE),
    ('MH071', 'CHEM141', 'Re-contextualized global open system', 3, 35, 'DV013', 'Bộ môn Công nghệ phần mềm', TRUE),
    ('MH072', 'MATH659', 'Innovative systemic support', 3, 41, 'DV014', 'Bộ môn Viễn thông', TRUE),
    ('MH073', 'CS219', 'Cross-platform client-server policy', 3, 38, 'DV013', 'Bộ môn Công nghệ phần mềm', TRUE),
    ('MH074', 'PHY418', 'Centralized leadingedge knowledge user', 4, 47, 'DV013', 'Bộ môn Công nghệ phần mềm', TRUE),
    ('MH075', 'CHEM371', 'Distributed contextually-based pricing structure', 2, 60, 'DV012', 'Bộ môn Tin học cơ bản', TRUE),
    ('MH076', 'CHEM207', 'Vision-oriented empowering parallelism', 2, 51, 'DV014', 'Bộ môn Viễn thông', TRUE),
    ('MH077', 'CS623', 'Business-focused empowering concept', 4, 32, 'DV013', 'Bộ môn Công nghệ phần mềm', TRUE),
    ('MH078', 'CS712', 'Devolved uniform solution', 2, 34, 'DV015', 'Bộ môn Kế toán', TRUE),
    ('MH079', 'CHEM343', 'Innovative multi-state collaboration', 2, 51, 'DV015', 'Bộ môn Kế toán', TRUE),
    ('MH080', 'PHY434', 'Operative responsive project', 3, 57, 'DV012', 'Bộ môn Tin học cơ bản', TRUE);

INSERT INTO lop_hoc_phan (id, ma_lhp, ten_lhp, mon_hoc_id, ma_mon, ten_mon, hoc_ky_id, ten_hoc_ky, giang_vien_id, ten_giang_vien, si_so_toi_da, phong, active) VALUES
    ('LHP001', 'CHEM184_HK12022-2023_1', 'Automated heuristic pricing structure - Học kỳ 1 Năm học 2022-2023 - Lớp 1', 'MH052', 'CHEM184', 'Automated heuristic pricing structure', 'HK004', 'Học kỳ 1 Năm học 2022-2023', 'GV032', 'Quý ông Tùng Nguyễn', 42, 'P260', TRUE),
    ('LHP002', 'CHEM292_HK22025-2026_2', 'Sharable fault-tolerant implementation - Học kỳ 2 Năm học 2025-2026 - Lớp 2', 'MH062', 'CHEM292', 'Sharable fault-tolerant implementation', 'HK014', 'Học kỳ 2 Năm học 2025-2026', 'GV032', 'Quý ông Tùng Nguyễn', 55, 'P455', TRUE),
    ('LHP003', 'KT101_HK32025-2026_3', 'Kinh tế vi mô - Học kỳ hè Năm học 2025-2026 - Lớp 3', 'MH010', 'KT101', 'Kinh tế vi mô', 'HK015', 'Học kỳ hè Năm học 2025-2026', 'GV023', 'Bà Mai Bùi', 55, 'P208', TRUE),
    ('LHP004', 'CS382_HK32022-2023_4', 'Seamless context-sensitive infrastructure - Học kỳ hè Năm học 2022-2023 - Lớp 4', 'MH041', 'CS382', 'Seamless context-sensitive infrastructure', 'HK006', 'Học kỳ hè Năm học 2022-2023', 'GV043', 'Vũ Lê', 42, 'P257', TRUE),
    ('LHP005', 'CHEM343_HK12021-2022_5', 'Innovative multi-state collaboration - Học kỳ 1 Năm học 2021-2022 - Lớp 5', 'MH079', 'CHEM343', 'Innovative multi-state collaboration', 'HK001', 'Học kỳ 1 Năm học 2021-2022', 'GV015', 'Bà Kim Phạm', 54, 'P388', TRUE),
    ('LHP006', 'CS623_HK12021-2022_6', 'Business-focused empowering concept - Học kỳ 1 Năm học 2021-2022 - Lớp 6', 'MH077', 'CS623', 'Business-focused empowering concept', 'HK001', 'Học kỳ 1 Năm học 2021-2022', 'GV025', 'Quý cô Duyên Vũ', 36, 'P443', TRUE),
    ('LHP007', 'MATH771_HK12021-2022_7', 'Digitized upward-trending emulation - Học kỳ 1 Năm học 2021-2022 - Lớp 7', 'MH065', 'MATH771', 'Digitized upward-trending emulation', 'HK001', 'Học kỳ 1 Năm học 2021-2022', 'GV040', 'Ánh Dương', 32, 'P423', TRUE),
    ('LHP008', 'CS758_HK22021-2022_8', 'Inverse maximized forecast - Học kỳ 2 Năm học 2021-2022 - Lớp 8', 'MH032', 'CS758', 'Inverse maximized forecast', 'HK002', 'Học kỳ 2 Năm học 2021-2022', 'GV018', 'Châu Lê', 57, 'P477', TRUE),
    ('LHP009', 'IT303_HK12025-2026_9', 'Học máy - Học kỳ 1 Năm học 2025-2026 - Lớp 9', 'MH008', 'IT303', 'Học máy', 'HK013', 'Học kỳ 1 Năm học 2025-2026', 'GV004', 'Nhiên Hoàng Bùi', 46, 'P355', TRUE),
    ('LHP010', 'PHY504_HK12025-2026_10', 'Secured zero-defect middleware - Học kỳ 1 Năm học 2025-2026 - Lớp 10', 'MH038', 'PHY504', 'Secured zero-defect middleware', 'HK013', 'Học kỳ 1 Năm học 2025-2026', 'GV004', 'Nhiên Hoàng Bùi', 35, 'P156', TRUE),
    ('LHP011', 'MATH569_HK32022-2023_11', 'Secured client-driven database - Học kỳ hè Năm học 2022-2023 - Lớp 11', 'MH056', 'MATH569', 'Secured client-driven database', 'HK006', 'Học kỳ hè Năm học 2022-2023', 'GV041', 'Châu Mai Bảo Vũ', 69, 'P346', TRUE),
    ('LHP012', 'IT201_HK22024-2025_12', 'Cấu trúc dữ liệu và giải thuật - Học kỳ 2 Năm học 2024-2025 - Lớp 12', 'MH003', 'IT201', 'Cấu trúc dữ liệu và giải thuật', 'HK011', 'Học kỳ 2 Năm học 2024-2025', 'GV046', 'Lan Phạm', 30, 'P426', TRUE),
    ('LHP013', 'CS219_HK32021-2022_13', 'Cross-platform client-server policy - Học kỳ hè Năm học 2021-2022 - Lớp 13', 'MH073', 'CS219', 'Cross-platform client-server policy', 'HK003', 'Học kỳ hè Năm học 2021-2022', 'GV036', 'Hưng Trí Hoàng', 70, 'P322', TRUE),
    ('LHP014', 'CHEM207_HK32024-2025_14', 'Vision-oriented empowering parallelism - Học kỳ hè Năm học 2024-2025 - Lớp 14', 'MH076', 'CHEM207', 'Vision-oriented empowering parallelism', 'HK012', 'Học kỳ hè Năm học 2024-2025', 'GV012', 'Duyên Trần', 56, 'P191', TRUE),
    ('LHP015', 'PHY749_HK12025-2026_15', 'Profit-focused methodical software - Học kỳ 1 Năm học 2025-2026 - Lớp 15', 'MH055', 'PHY749', 'Profit-focused methodical software', 'HK013', 'Học kỳ 1 Năm học 2025-2026', 'GV031', 'Kim Mai', 62, 'P284', TRUE),
    ('LHP016', 'CS774_HK22024-2025_16', 'Face-to-face global parallelism - Học kỳ 2 Năm học 2024-2025 - Lớp 16', 'MH050', 'CS774', 'Face-to-face global parallelism', 'HK011', 'Học kỳ 2 Năm học 2024-2025', 'GV003', 'Huy Mai Trần', 63, 'P249', TRUE),
    ('LHP017', 'CS728_HK32025-2026_17', 'Fundamental incremental synergy - Học kỳ hè Năm học 2025-2026 - Lớp 17', 'MH029', 'CS728', 'Fundamental incremental synergy', 'HK015', 'Học kỳ hè Năm học 2025-2026', 'GV023', 'Bà Mai Bùi', 63, 'P271', TRUE),
    ('LHP018', 'CS639_HK32022-2023_18', 'Customizable grid-enabled info-mediaries - Học kỳ hè Năm học 2022-2023 - Lớp 18', 'MH067', 'CS639', 'Customizable grid-enabled info-mediaries', 'HK006', 'Học kỳ hè Năm học 2022-2023', 'GV020', 'Chị Khoa Hoàng', 35, 'P459', TRUE),
    ('LHP019', 'PHY546_HK32021-2022_19', 'Function-based intangible product - Học kỳ hè Năm học 2021-2022 - Lớp 19', 'MH025', 'PHY546', 'Function-based intangible product', 'HK003', 'Học kỳ hè Năm học 2021-2022', 'GV045', 'Dương Lê', 70, 'P308', TRUE),
    ('LHP020', 'CHEM177_HK32023-2024_20', 'Implemented secondary ability - Học kỳ hè Năm học 2023-2024 - Lớp 20', 'MH070', 'CHEM177', 'Implemented secondary ability', 'HK009', 'Học kỳ hè Năm học 2023-2024', 'GV015', 'Bà Kim Phạm', 36, 'P356', TRUE),
    ('LHP021', 'CHEM492_HK32022-2023_21', 'Exclusive asynchronous alliance - Học kỳ hè Năm học 2022-2023 - Lớp 21', 'MH031', 'CHEM492', 'Exclusive asynchronous alliance', 'HK006', 'Học kỳ hè Năm học 2022-2023', 'GV050', 'Tú Phú Trần', 77, 'P387', TRUE),
    ('LHP022', 'QS202_HK12024-2025_22', 'Kỹ thuật quân sự - Học kỳ 1 Năm học 2024-2025 - Lớp 22', 'MH022', 'QS202', 'Kỹ thuật quân sự', 'HK010', 'Học kỳ 1 Năm học 2024-2025', 'GV049', 'Hải Xuân Bùi', 71, 'P127', TRUE),
    ('LHP023', 'MATH808_HK22024-2025_23', 'User-friendly eco-centric framework - Học kỳ 2 Năm học 2024-2025 - Lớp 23', 'MH066', 'MATH808', 'User-friendly eco-centric framework', 'HK011', 'Học kỳ 2 Năm học 2024-2025', 'GV016', 'Hải Thị Phạm', 46, 'P337', TRUE),
    ('LHP024', 'CS527_HK12021-2022_24', 'Innovative executive utilization - Học kỳ 1 Năm học 2021-2022 - Lớp 24', 'MH035', 'CS527', 'Innovative executive utilization', 'HK001', 'Học kỳ 1 Năm học 2021-2022', 'GV020', 'Chị Khoa Hoàng', 53, 'P309', TRUE),
    ('LHP025', 'MATH998_HK32023-2024_25', 'Networked intermediate data-warehouse - Học kỳ hè Năm học 2023-2024 - Lớp 25', 'MH034', 'MATH998', 'Networked intermediate data-warehouse', 'HK009', 'Học kỳ hè Năm học 2023-2024', 'GV050', 'Tú Phú Trần', 33, 'P382', TRUE),
    ('LHP026', 'NN202_HK12021-2022_26', 'Tiếng Trung cơ bản - Học kỳ 1 Năm học 2021-2022 - Lớp 26', 'MH018', 'NN202', 'Tiếng Trung cơ bản', 'HK001', 'Học kỳ 1 Năm học 2021-2022', 'GV041', 'Châu Mai Bảo Vũ', 66, 'P185', TRUE),
    ('LHP027', 'MATH105_HK12021-2022_27', 'Proactive global hub - Học kỳ 1 Năm học 2021-2022 - Lớp 27', 'MH058', 'MATH105', 'Proactive global hub', 'HK001', 'Học kỳ 1 Năm học 2021-2022', 'GV005', 'Thành Hoàng', 68, 'P332', TRUE),
    ('LHP028', 'KT201_HK22021-2022_28', 'Nguyên lý kế toán - Học kỳ 2 Năm học 2021-2022 - Lớp 28', 'MH012', 'KT201', 'Nguyên lý kế toán', 'HK002', 'Học kỳ 2 Năm học 2021-2022', 'GV027', 'Quý cô Lan Phạm', 77, 'P373', TRUE),
    ('LHP029', 'MATH908_HK22021-2022_29', 'Stand-alone responsive strategy - Học kỳ 2 Năm học 2021-2022 - Lớp 29', 'MH040', 'MATH908', 'Stand-alone responsive strategy', 'HK002', 'Học kỳ 2 Năm học 2021-2022', 'GV042', 'Chị Lâm Nguyễn', 68, 'P223', TRUE),
    ('LHP030', 'CS612_HK12025-2026_30', 'Automated 4thgeneration strategy - Học kỳ 1 Năm học 2025-2026 - Lớp 30', 'MH047', 'CS612', 'Automated 4thgeneration strategy', 'HK013', 'Học kỳ 1 Năm học 2025-2026', 'GV031', 'Kim Mai', 64, 'P340', TRUE),
    ('LHP031', 'CS774_HK12025-2026_31', 'Face-to-face global parallelism - Học kỳ 1 Năm học 2025-2026 - Lớp 31', 'MH050', 'CS774', 'Face-to-face global parallelism', 'HK013', 'Học kỳ 1 Năm học 2025-2026', 'GV019', 'Huy Xuân Mai', 43, 'P273', TRUE),
    ('LHP032', 'PHY749_HK32024-2025_32', 'Profit-focused methodical software - Học kỳ hè Năm học 2024-2025 - Lớp 32', 'MH055', 'PHY749', 'Profit-focused methodical software', 'HK012', 'Học kỳ hè Năm học 2024-2025', 'GV039', 'Nam Bảo Dương', 41, 'P421', TRUE),
    ('LHP033', 'CS898_HK12023-2024_33', 'Phased cohesive initiative - Học kỳ 1 Năm học 2023-2024 - Lớp 33', 'MH042', 'CS898', 'Phased cohesive initiative', 'HK007', 'Học kỳ 1 Năm học 2023-2024', 'GV041', 'Châu Mai Bảo Vũ', 52, 'P479', TRUE),
    ('LHP034', 'PHY749_HK22025-2026_34', 'Profit-focused methodical software - Học kỳ 2 Năm học 2025-2026 - Lớp 34', 'MH055', 'PHY749', 'Profit-focused methodical software', 'HK014', 'Học kỳ 2 Năm học 2025-2026', 'GV029', 'Huy Tấn Đặng', 65, 'P104', TRUE),
    ('LHP035', 'QS102_HK22021-2022_35', 'Điều lệnh Quân đội - Học kỳ 2 Năm học 2021-2022 - Lớp 35', 'MH020', 'QS102', 'Điều lệnh Quân đội', 'HK002', 'Học kỳ 2 Năm học 2021-2022', 'GV048', 'Hoàng Phạm', 63, 'P227', TRUE),
    ('LHP036', 'MATH371_HK12023-2024_36', 'Reactive fault-tolerant Internet solution - Học kỳ 1 Năm học 2023-2024 - Lớp 36', 'MH033', 'MATH371', 'Reactive fault-tolerant Internet solution', 'HK007', 'Học kỳ 1 Năm học 2023-2024', 'GV033', 'Phương Mai', 70, 'P219', TRUE),
    ('LHP037', 'PHY188_HK12024-2025_37', 'Horizontal well-modulated circuit - Học kỳ 1 Năm học 2024-2025 - Lớp 37', 'MH039', 'PHY188', 'Horizontal well-modulated circuit', 'HK010', 'Học kỳ 1 Năm học 2024-2025', 'GV027', 'Quý cô Lan Phạm', 43, 'P312', TRUE),
    ('LHP038', 'MATH935_HK32023-2024_38', 'Implemented even-keeled complexity - Học kỳ hè Năm học 2023-2024 - Lớp 38', 'MH063', 'MATH935', 'Implemented even-keeled complexity', 'HK009', 'Học kỳ hè Năm học 2023-2024', 'GV009', 'Minh Trần', 57, 'P396', TRUE),
    ('LHP039', 'CHEM889_HK12024-2025_39', 'Centralized systemic policy - Học kỳ 1 Năm học 2024-2025 - Lớp 39', 'MH048', 'CHEM889', 'Centralized systemic policy', 'HK010', 'Học kỳ 1 Năm học 2024-2025', 'GV043', 'Vũ Lê', 38, 'P241', TRUE),
    ('LHP040', 'MATH808_HK12022-2023_40', 'User-friendly eco-centric framework - Học kỳ 1 Năm học 2022-2023 - Lớp 40', 'MH066', 'MATH808', 'User-friendly eco-centric framework', 'HK004', 'Học kỳ 1 Năm học 2022-2023', 'GV010', 'Duyên Mai', 45, 'P318', TRUE),
    ('LHP041', 'CS441_HK22024-2025_41', 'Decentralized systemic productivity - Học kỳ 2 Năm học 2024-2025 - Lớp 41', 'MH068', 'CS441', 'Decentralized systemic productivity', 'HK011', 'Học kỳ 2 Năm học 2024-2025', 'GV022', 'Nhiên Đặng', 49, 'P142', TRUE),
    ('LHP042', 'CS382_HK22021-2022_42', 'Seamless context-sensitive infrastructure - Học kỳ 2 Năm học 2021-2022 - Lớp 42', 'MH041', 'CS382', 'Seamless context-sensitive infrastructure', 'HK002', 'Học kỳ 2 Năm học 2021-2022', 'GV028', 'Khoa Đức Phạm', 40, 'P129', TRUE),
    ('LHP043', 'PHY546_HK22024-2025_43', 'Function-based intangible product - Học kỳ 2 Năm học 2024-2025 - Lớp 43', 'MH025', 'PHY546', 'Function-based intangible product', 'HK011', 'Học kỳ 2 Năm học 2024-2025', 'GV023', 'Bà Mai Bùi', 48, 'P127', TRUE),
    ('LHP044', 'QS202_HK12022-2023_44', 'Kỹ thuật quân sự - Học kỳ 1 Năm học 2022-2023 - Lớp 44', 'MH022', 'QS202', 'Kỹ thuật quân sự', 'HK004', 'Học kỳ 1 Năm học 2022-2023', 'GV036', 'Hưng Trí Hoàng', 65, 'P243', TRUE),
    ('LHP045', 'CS612_HK12025-2026_45', 'Automated 4thgeneration strategy - Học kỳ 1 Năm học 2025-2026 - Lớp 45', 'MH047', 'CS612', 'Automated 4thgeneration strategy', 'HK013', 'Học kỳ 1 Năm học 2025-2026', 'GV009', 'Minh Trần', 61, 'P309', TRUE),
    ('LHP046', 'NN202_HK12022-2023_46', 'Tiếng Trung cơ bản - Học kỳ 1 Năm học 2022-2023 - Lớp 46', 'MH018', 'NN202', 'Tiếng Trung cơ bản', 'HK004', 'Học kỳ 1 Năm học 2022-2023', 'GV045', 'Dương Lê', 34, 'P469', TRUE),
    ('LHP047', 'PHY434_HK32023-2024_47', 'Operative responsive project - Học kỳ hè Năm học 2023-2024 - Lớp 47', 'MH080', 'PHY434', 'Operative responsive project', 'HK009', 'Học kỳ hè Năm học 2023-2024', 'GV006', 'Bà Kim Hoàng', 68, 'P303', TRUE),
    ('LHP048', 'MATH659_HK32021-2022_48', 'Innovative systemic support - Học kỳ hè Năm học 2021-2022 - Lớp 48', 'MH072', 'MATH659', 'Innovative systemic support', 'HK003', 'Học kỳ hè Năm học 2021-2022', 'GV034', 'An Thế Trần', 47, 'P370', TRUE),
    ('LHP049', 'PHY504_HK32021-2022_49', 'Secured zero-defect middleware - Học kỳ hè Năm học 2021-2022 - Lớp 49', 'MH038', 'PHY504', 'Secured zero-defect middleware', 'HK003', 'Học kỳ hè Năm học 2021-2022', 'GV027', 'Quý cô Lan Phạm', 39, 'P432', TRUE),
    ('LHP050', 'PHY835_HK32022-2023_50', 'Synergistic mobile analyzer - Học kỳ hè Năm học 2022-2023 - Lớp 50', 'MH060', 'PHY835', 'Synergistic mobile analyzer', 'HK006', 'Học kỳ hè Năm học 2022-2023', 'GV009', 'Minh Trần', 34, 'P133', TRUE),
    ('LHP051', 'MATH908_HK12022-2023_51', 'Stand-alone responsive strategy - Học kỳ 1 Năm học 2022-2023 - Lớp 51', 'MH040', 'MATH908', 'Stand-alone responsive strategy', 'HK004', 'Học kỳ 1 Năm học 2022-2023', 'GV012', 'Duyên Trần', 55, 'P264', TRUE),
    ('LHP052', 'IT302_HK22025-2026_52', 'Trí tuệ nhân tạo - Học kỳ 2 Năm học 2025-2026 - Lớp 52', 'MH007', 'IT302', 'Trí tuệ nhân tạo', 'HK014', 'Học kỳ 2 Năm học 2025-2026', 'GV011', 'Phương Lê', 42, 'P109', TRUE),
    ('LHP053', 'CHEM889_HK22024-2025_53', 'Centralized systemic policy - Học kỳ 2 Năm học 2024-2025 - Lớp 53', 'MH048', 'CHEM889', 'Centralized systemic policy', 'HK011', 'Học kỳ 2 Năm học 2024-2025', 'GV012', 'Duyên Trần', 58, 'P193', TRUE),
    ('LHP054', 'MATH935_HK22021-2022_54', 'Implemented even-keeled complexity - Học kỳ 2 Năm học 2021-2022 - Lớp 54', 'MH063', 'MATH935', 'Implemented even-keeled complexity', 'HK002', 'Học kỳ 2 Năm học 2021-2022', 'GV034', 'An Thế Trần', 52, 'P455', TRUE),
    ('LHP055', 'MATH908_HK22025-2026_55', 'Stand-alone responsive strategy - Học kỳ 2 Năm học 2025-2026 - Lớp 55', 'MH040', 'MATH908', 'Stand-alone responsive strategy', 'HK014', 'Học kỳ 2 Năm học 2025-2026', 'GV011', 'Phương Lê', 40, 'P405', TRUE),
    ('LHP056', 'CHEM207_HK12023-2024_56', 'Vision-oriented empowering parallelism - Học kỳ 1 Năm học 2023-2024 - Lớp 56', 'MH076', 'CHEM207', 'Vision-oriented empowering parallelism', 'HK007', 'Học kỳ 1 Năm học 2023-2024', 'GV014', 'Bảo Dương', 49, 'P498', TRUE),
    ('LHP057', 'MATH659_HK32025-2026_57', 'Innovative systemic support - Học kỳ hè Năm học 2025-2026 - Lớp 57', 'MH072', 'MATH659', 'Innovative systemic support', 'HK015', 'Học kỳ hè Năm học 2025-2026', 'GV030', 'Bà Lâm Mai', 55, 'P115', TRUE),
    ('LHP058', 'MATH998_HK32022-2023_58', 'Networked intermediate data-warehouse - Học kỳ hè Năm học 2022-2023 - Lớp 58', 'MH034', 'MATH998', 'Networked intermediate data-warehouse', 'HK006', 'Học kỳ hè Năm học 2022-2023', 'GV004', 'Nhiên Hoàng Bùi', 65, 'P401', TRUE),
    ('LHP059', 'MATH771_HK32021-2022_59', 'Digitized upward-trending emulation - Học kỳ hè Năm học 2021-2022 - Lớp 59', 'MH065', 'MATH771', 'Digitized upward-trending emulation', 'HK003', 'Học kỳ hè Năm học 2021-2022', 'GV018', 'Châu Lê', 62, 'P336', TRUE),
    ('LHP060', 'MATH808_HK32024-2025_60', 'User-friendly eco-centric framework - Học kỳ hè Năm học 2024-2025 - Lớp 60', 'MH066', 'MATH808', 'User-friendly eco-centric framework', 'HK012', 'Học kỳ hè Năm học 2024-2025', 'GV023', 'Bà Mai Bùi', 68, 'P293', TRUE),
    ('LHP061', 'MATH569_HK12023-2024_61', 'Secured client-driven database - Học kỳ 1 Năm học 2023-2024 - Lớp 61', 'MH056', 'MATH569', 'Secured client-driven database', 'HK007', 'Học kỳ 1 Năm học 2023-2024', 'GV004', 'Nhiên Hoàng Bùi', 30, 'P349', TRUE),
    ('LHP062', 'CS612_HK22023-2024_62', 'Automated 4thgeneration strategy - Học kỳ 2 Năm học 2023-2024 - Lớp 62', 'MH047', 'CS612', 'Automated 4thgeneration strategy', 'HK008', 'Học kỳ 2 Năm học 2023-2024', 'GV030', 'Bà Lâm Mai', 36, 'P432', TRUE),
    ('LHP063', 'CHEM272_HK22023-2024_63', 'Mandatory value-added moratorium - Học kỳ 2 Năm học 2023-2024 - Lớp 63', 'MH069', 'CHEM272', 'Mandatory value-added moratorium', 'HK008', 'Học kỳ 2 Năm học 2023-2024', 'GV012', 'Duyên Trần', 62, 'P285', TRUE),
    ('LHP064', 'CS758_HK22022-2023_64', 'Inverse maximized forecast - Học kỳ 2 Năm học 2022-2023 - Lớp 64', 'MH032', 'CS758', 'Inverse maximized forecast', 'HK005', 'Học kỳ 2 Năm học 2022-2023', 'GV005', 'Thành Hoàng', 54, 'P255', TRUE),
    ('LHP065', 'CS428_HK22023-2024_65', 'Robust system-worthy benchmark - Học kỳ 2 Năm học 2023-2024 - Lớp 65', 'MH023', 'CS428', 'Robust system-worthy benchmark', 'HK008', 'Học kỳ 2 Năm học 2023-2024', 'GV016', 'Hải Thị Phạm', 31, 'P232', TRUE),
    ('LHP066', 'MATH608_HK22021-2022_66', 'Organic background conglomeration - Học kỳ 2 Năm học 2021-2022 - Lớp 66', 'MH054', 'MATH608', 'Organic background conglomeration', 'HK002', 'Học kỳ 2 Năm học 2021-2022', 'GV037', 'Dũng Hoàng Lê', 74, 'P407', TRUE),
    ('LHP067', 'MATH371_HK22022-2023_67', 'Reactive fault-tolerant Internet solution - Học kỳ 2 Năm học 2022-2023 - Lớp 67', 'MH033', 'MATH371', 'Reactive fault-tolerant Internet solution', 'HK005', 'Học kỳ 2 Năm học 2022-2023', 'GV050', 'Tú Phú Trần', 67, 'P359', TRUE),
    ('LHP068', 'QS201_HK22024-2025_68', 'Chiến thuật bộ binh - Học kỳ 2 Năm học 2024-2025 - Lớp 68', 'MH021', 'QS201', 'Chiến thuật bộ binh', 'HK011', 'Học kỳ 2 Năm học 2024-2025', 'GV045', 'Dương Lê', 41, 'P275', TRUE),
    ('LHP069', 'CS148_HK12025-2026_69', 'Versatile modular complexity - Học kỳ 1 Năm học 2025-2026 - Lớp 69', 'MH057', 'CS148', 'Versatile modular complexity', 'HK013', 'Học kỳ 1 Năm học 2025-2026', 'GV029', 'Huy Tấn Đặng', 43, 'P407', TRUE),
    ('LHP070', 'PHY434_HK12021-2022_70', 'Operative responsive project - Học kỳ 1 Năm học 2021-2022 - Lớp 70', 'MH080', 'PHY434', 'Operative responsive project', 'HK001', 'Học kỳ 1 Năm học 2021-2022', 'GV027', 'Quý cô Lan Phạm', 77, 'P381', TRUE),
    ('LHP071', 'PHY546_HK12025-2026_71', 'Function-based intangible product - Học kỳ 1 Năm học 2025-2026 - Lớp 71', 'MH025', 'PHY546', 'Function-based intangible product', 'HK013', 'Học kỳ 1 Năm học 2025-2026', 'GV036', 'Hưng Trí Hoàng', 39, 'P416', TRUE),
    ('LHP072', 'QS201_HK32025-2026_72', 'Chiến thuật bộ binh - Học kỳ hè Năm học 2025-2026 - Lớp 72', 'MH021', 'QS201', 'Chiến thuật bộ binh', 'HK015', 'Học kỳ hè Năm học 2025-2026', 'GV020', 'Chị Khoa Hoàng', 58, 'P342', TRUE),
    ('LHP073', 'KT102_HK22023-2024_73', 'Kinh tế vĩ mô - Học kỳ 2 Năm học 2023-2024 - Lớp 73', 'MH011', 'KT102', 'Kinh tế vĩ mô', 'HK008', 'Học kỳ 2 Năm học 2023-2024', 'GV040', 'Ánh Dương', 55, 'P305', TRUE),
    ('LHP074', 'KT201_HK32025-2026_74', 'Nguyên lý kế toán - Học kỳ hè Năm học 2025-2026 - Lớp 74', 'MH012', 'KT201', 'Nguyên lý kế toán', 'HK015', 'Học kỳ hè Năm học 2025-2026', 'GV044', 'Thành Vũ', 31, 'P344', TRUE),
    ('LHP075', 'MATH569_HK32023-2024_75', 'Secured client-driven database - Học kỳ hè Năm học 2023-2024 - Lớp 75', 'MH056', 'MATH569', 'Secured client-driven database', 'HK009', 'Học kỳ hè Năm học 2023-2024', 'GV040', 'Ánh Dương', 40, 'P316', TRUE),
    ('LHP076', 'MATH808_HK32023-2024_76', 'User-friendly eco-centric framework - Học kỳ hè Năm học 2023-2024 - Lớp 76', 'MH066', 'MATH808', 'User-friendly eco-centric framework', 'HK009', 'Học kỳ hè Năm học 2023-2024', 'GV003', 'Huy Mai Trần', 53, 'P249', TRUE),
    ('LHP077', 'MATH559_HK32021-2022_77', 'Cross-group 24hour knowledge user - Học kỳ hè Năm học 2021-2022 - Lớp 77', 'MH030', 'MATH559', 'Cross-group 24hour knowledge user', 'HK003', 'Học kỳ hè Năm học 2021-2022', 'GV010', 'Duyên Mai', 76, 'P470', TRUE),
    ('LHP078', 'PHY546_HK32023-2024_78', 'Function-based intangible product - Học kỳ hè Năm học 2023-2024 - Lớp 78', 'MH025', 'PHY546', 'Function-based intangible product', 'HK009', 'Học kỳ hè Năm học 2023-2024', 'GV006', 'Bà Kim Hoàng', 77, 'P191', TRUE),
    ('LHP079', 'PHY904_HK12023-2024_79', 'Re-engineered context-sensitive interface - Học kỳ 1 Năm học 2023-2024 - Lớp 79', 'MH049', 'PHY904', 'Re-engineered context-sensitive interface', 'HK007', 'Học kỳ 1 Năm học 2023-2024', 'GV006', 'Bà Kim Hoàng', 49, 'P193', TRUE),
    ('LHP080', 'PHY835_HK12025-2026_80', 'Synergistic mobile analyzer - Học kỳ 1 Năm học 2025-2026 - Lớp 80', 'MH060', 'PHY835', 'Synergistic mobile analyzer', 'HK013', 'Học kỳ 1 Năm học 2025-2026', 'GV047', 'Quý cô Lâm Phạm', 50, 'P382', TRUE),
    ('LHP081', 'KT201_HK32021-2022_81', 'Nguyên lý kế toán - Học kỳ hè Năm học 2021-2022 - Lớp 81', 'MH012', 'KT201', 'Nguyên lý kế toán', 'HK003', 'Học kỳ hè Năm học 2021-2022', 'GV005', 'Thành Hoàng', 56, 'P473', TRUE),
    ('LHP082', 'CHEM272_HK22024-2025_82', 'Mandatory value-added moratorium - Học kỳ 2 Năm học 2024-2025 - Lớp 82', 'MH069', 'CHEM272', 'Mandatory value-added moratorium', 'HK011', 'Học kỳ 2 Năm học 2024-2025', 'GV021', 'Lâm Bùi', 35, 'P320', TRUE),
    ('LHP083', 'CHEM343_HK32025-2026_83', 'Innovative multi-state collaboration - Học kỳ hè Năm học 2025-2026 - Lớp 83', 'MH079', 'CHEM343', 'Innovative multi-state collaboration', 'HK015', 'Học kỳ hè Năm học 2025-2026', 'GV025', 'Quý cô Duyên Vũ', 38, 'P274', TRUE),
    ('LHP084', 'MATH771_HK22024-2025_84', 'Digitized upward-trending emulation - Học kỳ 2 Năm học 2024-2025 - Lớp 84', 'MH065', 'MATH771', 'Digitized upward-trending emulation', 'HK011', 'Học kỳ 2 Năm học 2024-2025', 'GV014', 'Bảo Dương', 51, 'P157', TRUE),
    ('LHP085', 'MATH808_HK32024-2025_85', 'User-friendly eco-centric framework - Học kỳ hè Năm học 2024-2025 - Lớp 85', 'MH066', 'MATH808', 'User-friendly eco-centric framework', 'HK012', 'Học kỳ hè Năm học 2024-2025', 'GV043', 'Vũ Lê', 47, 'P474', TRUE),
    ('LHP086', 'CS623_HK22023-2024_86', 'Business-focused empowering concept - Học kỳ 2 Năm học 2023-2024 - Lớp 86', 'MH077', 'CS623', 'Business-focused empowering concept', 'HK008', 'Học kỳ 2 Năm học 2023-2024', 'GV048', 'Hoàng Phạm', 56, 'P158', TRUE),
    ('LHP087', 'MATH105_HK22021-2022_87', 'Proactive global hub - Học kỳ 2 Năm học 2021-2022 - Lớp 87', 'MH058', 'MATH105', 'Proactive global hub', 'HK002', 'Học kỳ 2 Năm học 2021-2022', 'GV041', 'Châu Mai Bảo Vũ', 40, 'P436', TRUE),
    ('LHP088', 'MATH105_HK12025-2026_88', 'Proactive global hub - Học kỳ 1 Năm học 2025-2026 - Lớp 88', 'MH058', 'MATH105', 'Proactive global hub', 'HK013', 'Học kỳ 1 Năm học 2025-2026', 'GV010', 'Duyên Mai', 50, 'P399', TRUE),
    ('LHP089', 'MATH771_HK32021-2022_89', 'Digitized upward-trending emulation - Học kỳ hè Năm học 2021-2022 - Lớp 89', 'MH065', 'MATH771', 'Digitized upward-trending emulation', 'HK003', 'Học kỳ hè Năm học 2021-2022', 'GV008', 'Châu Mai', 33, 'P411', TRUE),
    ('LHP090', 'KT301_HK32023-2024_90', 'Kinh tế lượng - Học kỳ hè Năm học 2023-2024 - Lớp 90', 'MH014', 'KT301', 'Kinh tế lượng', 'HK009', 'Học kỳ hè Năm học 2023-2024', 'GV018', 'Châu Lê', 63, 'P228', TRUE),
    ('LHP091', 'MATH608_HK22024-2025_91', 'Organic background conglomeration - Học kỳ 2 Năm học 2024-2025 - Lớp 91', 'MH054', 'MATH608', 'Organic background conglomeration', 'HK011', 'Học kỳ 2 Năm học 2024-2025', 'GV005', 'Thành Hoàng', 39, 'P485', TRUE),
    ('LHP092', 'QS202_HK22023-2024_92', 'Kỹ thuật quân sự - Học kỳ 2 Năm học 2023-2024 - Lớp 92', 'MH022', 'QS202', 'Kỹ thuật quân sự', 'HK008', 'Học kỳ 2 Năm học 2023-2024', 'GV018', 'Châu Lê', 42, 'P207', TRUE),
    ('LHP093', 'NN201_HK22022-2023_93', 'Tiếng Anh chuyên ngành - Học kỳ 2 Năm học 2022-2023 - Lớp 93', 'MH017', 'NN201', 'Tiếng Anh chuyên ngành', 'HK005', 'Học kỳ 2 Năm học 2022-2023', 'GV027', 'Quý cô Lan Phạm', 77, 'P146', TRUE),
    ('LHP094', 'IT101_HK22025-2026_94', 'Nhập môn Công nghệ thông tin - Học kỳ 2 Năm học 2025-2026 - Lớp 94', 'MH001', 'IT101', 'Nhập môn Công nghệ thông tin', 'HK014', 'Học kỳ 2 Năm học 2025-2026', 'GV029', 'Huy Tấn Đặng', 42, 'P138', TRUE),
    ('LHP095', 'IT203_HK32022-2023_95', 'Mạng máy tính - Học kỳ hè Năm học 2022-2023 - Lớp 95', 'MH005', 'IT203', 'Mạng máy tính', 'HK006', 'Học kỳ hè Năm học 2022-2023', 'GV030', 'Bà Lâm Mai', 48, 'P380', TRUE),
    ('LHP096', 'MATH908_HK12023-2024_96', 'Stand-alone responsive strategy - Học kỳ 1 Năm học 2023-2024 - Lớp 96', 'MH040', 'MATH908', 'Stand-alone responsive strategy', 'HK007', 'Học kỳ 1 Năm học 2023-2024', 'GV025', 'Quý cô Duyên Vũ', 57, 'P209', TRUE),
    ('LHP097', 'PHY188_HK22022-2023_97', 'Horizontal well-modulated circuit - Học kỳ 2 Năm học 2022-2023 - Lớp 97', 'MH039', 'PHY188', 'Horizontal well-modulated circuit', 'HK005', 'Học kỳ 2 Năm học 2022-2023', 'GV042', 'Chị Lâm Nguyễn', 64, 'P431', TRUE),
    ('LHP098', 'MATH569_HK12021-2022_98', 'Secured client-driven database - Học kỳ 1 Năm học 2021-2022 - Lớp 98', 'MH056', 'MATH569', 'Secured client-driven database', 'HK001', 'Học kỳ 1 Năm học 2021-2022', 'GV040', 'Ánh Dương', 79, 'P357', TRUE),
    ('LHP099', 'CHEM420_HK12025-2026_99', 'User-centric intermediate approach - Học kỳ 1 Năm học 2025-2026 - Lớp 99', 'MH037', 'CHEM420', 'User-centric intermediate approach', 'HK013', 'Học kỳ 1 Năm học 2025-2026', 'GV010', 'Duyên Mai', 71, 'P421', TRUE),
    ('LHP100', 'CHEM343_HK32021-2022_100', 'Innovative multi-state collaboration - Học kỳ hè Năm học 2021-2022 - Lớp 100', 'MH079', 'CHEM343', 'Innovative multi-state collaboration', 'HK003', 'Học kỳ hè Năm học 2021-2022', 'GV026', 'Nhật Quang Lê', 60, 'P180', TRUE),
    ('LHP101', 'CHEM184_HK32022-2023_101', 'Automated heuristic pricing structure - Học kỳ hè Năm học 2022-2023 - Lớp 101', 'MH052', 'CHEM184', 'Automated heuristic pricing structure', 'HK006', 'Học kỳ hè Năm học 2022-2023', 'GV032', 'Quý ông Tùng Nguyễn', 47, 'P191', TRUE),
    ('LHP102', 'IT102_HK22023-2024_102', 'Lập trình cơ bản - Học kỳ 2 Năm học 2023-2024 - Lớp 102', 'MH002', 'IT102', 'Lập trình cơ bản', 'HK008', 'Học kỳ 2 Năm học 2023-2024', 'GV015', 'Bà Kim Phạm', 36, 'P220', TRUE),
    ('LHP103', 'NN102_HK32023-2024_103', 'Tiếng Anh học thuật - Học kỳ hè Năm học 2023-2024 - Lớp 103', 'MH016', 'NN102', 'Tiếng Anh học thuật', 'HK009', 'Học kỳ hè Năm học 2023-2024', 'GV003', 'Huy Mai Trần', 31, 'P461', TRUE),
    ('LHP104', 'IT303_HK22024-2025_104', 'Học máy - Học kỳ 2 Năm học 2024-2025 - Lớp 104', 'MH008', 'IT303', 'Học máy', 'HK011', 'Học kỳ 2 Năm học 2024-2025', 'GV039', 'Nam Bảo Dương', 66, 'P191', TRUE),
    ('LHP105', 'PHY749_HK12022-2023_105', 'Profit-focused methodical software - Học kỳ 1 Năm học 2022-2023 - Lớp 105', 'MH055', 'PHY749', 'Profit-focused methodical software', 'HK004', 'Học kỳ 1 Năm học 2022-2023', 'GV022', 'Nhiên Đặng', 67, 'P353', TRUE),
    ('LHP106', 'CS382_HK12022-2023_106', 'Seamless context-sensitive infrastructure - Học kỳ 1 Năm học 2022-2023 - Lớp 106', 'MH041', 'CS382', 'Seamless context-sensitive infrastructure', 'HK004', 'Học kỳ 1 Năm học 2022-2023', 'GV003', 'Huy Mai Trần', 52, 'P413', TRUE),
    ('LHP107', 'CHEM177_HK22023-2024_107', 'Implemented secondary ability - Học kỳ 2 Năm học 2023-2024 - Lớp 107', 'MH070', 'CHEM177', 'Implemented secondary ability', 'HK008', 'Học kỳ 2 Năm học 2023-2024', 'GV021', 'Lâm Bùi', 58, 'P144', TRUE),
    ('LHP108', 'CS428_HK32025-2026_108', 'Robust system-worthy benchmark - Học kỳ hè Năm học 2025-2026 - Lớp 108', 'MH023', 'CS428', 'Robust system-worthy benchmark', 'HK015', 'Học kỳ hè Năm học 2025-2026', 'GV033', 'Phương Mai', 60, 'P450', TRUE),
    ('LHP109', 'PHY434_HK22025-2026_109', 'Operative responsive project - Học kỳ 2 Năm học 2025-2026 - Lớp 109', 'MH080', 'PHY434', 'Operative responsive project', 'HK014', 'Học kỳ 2 Năm học 2025-2026', 'GV009', 'Minh Trần', 43, 'P484', TRUE),
    ('LHP110', 'CS960_HK32021-2022_110', 'Synchronized real-time budgetary management - Học kỳ hè Năm học 2021-2022 - Lớp 110', 'MH064', 'CS960', 'Synchronized real-time budgetary management', 'HK003', 'Học kỳ hè Năm học 2021-2022', 'GV032', 'Quý ông Tùng Nguyễn', 51, 'P288', TRUE),
    ('LHP111', 'NN201_HK12025-2026_111', 'Tiếng Anh chuyên ngành - Học kỳ 1 Năm học 2025-2026 - Lớp 111', 'MH017', 'NN201', 'Tiếng Anh chuyên ngành', 'HK013', 'Học kỳ 1 Năm học 2025-2026', 'GV036', 'Hưng Trí Hoàng', 73, 'P348', TRUE),
    ('LHP112', 'IT301_HK32023-2024_112', 'Phát triển ứng dụng Web - Học kỳ hè Năm học 2023-2024 - Lớp 112', 'MH006', 'IT301', 'Phát triển ứng dụng Web', 'HK009', 'Học kỳ hè Năm học 2023-2024', 'GV027', 'Quý cô Lan Phạm', 41, 'P424', TRUE),
    ('LHP113', 'MATH908_HK12023-2024_113', 'Stand-alone responsive strategy - Học kỳ 1 Năm học 2023-2024 - Lớp 113', 'MH040', 'MATH908', 'Stand-alone responsive strategy', 'HK007', 'Học kỳ 1 Năm học 2023-2024', 'GV019', 'Huy Xuân Mai', 47, 'P180', TRUE),
    ('LHP114', 'CS712_HK22021-2022_114', 'Devolved uniform solution - Học kỳ 2 Năm học 2021-2022 - Lớp 114', 'MH078', 'CS712', 'Devolved uniform solution', 'HK002', 'Học kỳ 2 Năm học 2021-2022', 'GV010', 'Duyên Mai', 76, 'P216', TRUE),
    ('LHP115', 'MATH371_HK22022-2023_115', 'Reactive fault-tolerant Internet solution - Học kỳ 2 Năm học 2022-2023 - Lớp 115', 'MH033', 'MATH371', 'Reactive fault-tolerant Internet solution', 'HK005', 'Học kỳ 2 Năm học 2022-2023', 'GV008', 'Châu Mai', 80, 'P276', TRUE),
    ('LHP116', 'CS774_HK22021-2022_116', 'Face-to-face global parallelism - Học kỳ 2 Năm học 2021-2022 - Lớp 116', 'MH050', 'CS774', 'Face-to-face global parallelism', 'HK002', 'Học kỳ 2 Năm học 2021-2022', 'GV044', 'Thành Vũ', 70, 'P275', TRUE),
    ('LHP117', 'CHEM177_HK22022-2023_117', 'Implemented secondary ability - Học kỳ 2 Năm học 2022-2023 - Lớp 117', 'MH070', 'CHEM177', 'Implemented secondary ability', 'HK005', 'Học kỳ 2 Năm học 2022-2023', 'GV042', 'Chị Lâm Nguyễn', 30, 'P388', TRUE),
    ('LHP118', 'CS575_HK12024-2025_118', 'Enhanced 24/7 leverage - Học kỳ 1 Năm học 2024-2025 - Lớp 118', 'MH044', 'CS575', 'Enhanced 24/7 leverage', 'HK010', 'Học kỳ 1 Năm học 2024-2025', 'GV020', 'Chị Khoa Hoàng', 73, 'P477', TRUE),
    ('LHP119', 'KT202_HK32025-2026_119', 'Tài chính doanh nghiệp - Học kỳ hè Năm học 2025-2026 - Lớp 119', 'MH013', 'KT202', 'Tài chính doanh nghiệp', 'HK015', 'Học kỳ hè Năm học 2025-2026', 'GV010', 'Duyên Mai', 68, 'P129', TRUE),
    ('LHP120', 'CS148_HK22023-2024_120', 'Versatile modular complexity - Học kỳ 2 Năm học 2023-2024 - Lớp 120', 'MH057', 'CS148', 'Versatile modular complexity', 'HK008', 'Học kỳ 2 Năm học 2023-2024', 'GV010', 'Duyên Mai', 41, 'P414', TRUE);

-- ============================================
-- FACT TABLES
-- ============================================

INSERT INTO diem (id, hoc_vien_id, ma_hv, ho_ten_hv, mon_hoc_id, ma_mon, ten_mon, so_tin_chi, hoc_ky_id, ten_hoc_ky, lop_hoc_phan_id, diem_chuyen_can, diem_thuong_xuyen, diem_thi, diem_tong_ket, diem_chu, diem_he4, dat) VALUES
    (1, 'HV399', '672465', 'Hương Vũ', 'MH034', 'MATH998', 'Networked intermediate data-warehouse', 3, 'HK010', 'Học kỳ 1 Năm học 2024-2025', 'LHP007', 7.29, 7.69, 5.49, 6.11, 'C+', 2.5, TRUE),
    (2, 'HV324', '646840', 'Thành Nguyễn', 'MH048', 'CHEM889', 'Centralized systemic policy', 4, 'HK009', 'Học kỳ hè Năm học 2023-2024', 'LHP056', 9.44, 5.22, 5.26, 5.67, 'C', 2.0, TRUE),
    (3, 'HV180', '678233', 'Quý cô Hải Mai', 'MH005', 'IT203', 'Mạng máy tính', 3, 'HK001', 'Học kỳ 1 Năm học 2021-2022', 'LHP047', 4.62, 4.29, 4.51, 4.48, 'D', 1.0, FALSE),
    (4, 'HV381', '666073', 'Hạnh Phạm', 'MH002', 'IT102', 'Lập trình cơ bản', 4, 'HK004', 'Học kỳ 1 Năm học 2022-2023', 'LHP114', 6.92, 5.52, 9.38, 8.36, 'B+', 3.5, TRUE),
    (5, 'HV159', '657214', 'Chị Hải Nguyễn', 'MH059', 'CS958', 'De-engineered zero tolerance neural-net', 4, 'HK008', 'Học kỳ 2 Năm học 2023-2024', 'LHP102', 7.57, 8.81, 8.25, 8.29, 'B+', 3.5, TRUE),
    (6, 'HV120', '638342', 'Bà Bảo Mai', 'MH026', 'CHEM794', 'Compatible client-server system engine', 3, 'HK013', 'Học kỳ 1 Năm học 2025-2026', 'LHP045', 7.27, 5.67, 7.75, 7.29, 'B', 3.0, TRUE),
    (7, 'HV258', '636392', 'Phương Lê', 'MH020', 'QS102', 'Điều lệnh Quân đội', 2, 'HK007', 'Học kỳ 1 Năm học 2023-2024', 'LHP021', 7.1, 7.11, 3.79, 4.78, 'D', 1.0, FALSE),
    (8, 'HV004', '679528', 'Bà Chi Bùi', 'MH004', 'IT202', 'Cơ sở dữ liệu', 3, 'HK011', 'Học kỳ 2 Năm học 2024-2025', 'LHP064', 6.01, 10, 8.35, 8.44, 'B+', 3.5, TRUE),
    (9, 'HV005', '663135', 'Chị Hà Mai', 'MH065', 'MATH771', 'Digitized upward-trending emulation', 2, 'HK005', 'Học kỳ 2 Năm học 2022-2023', 'LHP015', 9.96, 3.14, 9.08, 7.98, 'B', 3.0, TRUE),
    (10, 'HV386', '658011', 'Thành Bùi', 'MH019', 'QS101', 'Giáo dục Quốc phòng', 2, 'HK007', 'Học kỳ 1 Năm học 2023-2024', 'LHP056', 8.49, 5.23, 4.39, 4.97, 'D', 1.0, FALSE),
    (11, 'HV167', '678882', 'Quý cô Lan Hoàng', 'MH053', 'MATH862', 'Quality-focused local Graphic Interface', 4, 'HK014', 'Học kỳ 2 Năm học 2025-2026', 'LHP063', 9.83, 10, 6.96, 7.85, 'B', 3.0, TRUE),
    (12, 'HV169', '632555', 'Bà Dương Lê', 'MH018', 'NN202', 'Tiếng Trung cơ bản', 4, 'HK013', 'Học kỳ 1 Năm học 2025-2026', 'LHP082', 7.1, 4.83, 9.69, 8.46, 'B+', 3.5, TRUE),
    (13, 'HV040', '674557', 'Bác Nhiên Lê', 'MH004', 'IT202', 'Cơ sở dữ liệu', 3, 'HK003', 'Học kỳ hè Năm học 2021-2022', 'LHP049', 9.92, 4.02, 8.88, 8.01, 'B+', 3.5, TRUE),
    (14, 'HV398', '647236', 'Dương Hoàng', 'MH033', 'MATH371', 'Reactive fault-tolerant Internet solution', 4, 'HK003', 'Học kỳ hè Năm học 2021-2022', 'LHP088', 7.17, 3.95, 6.63, 6.15, 'C+', 2.5, TRUE),
    (15, 'HV494', '632528', 'Cô Thảo Bùi', 'MH021', 'QS201', 'Chiến thuật bộ binh', 3, 'HK003', 'Học kỳ hè Năm học 2021-2022', 'LHP011', 7.85, 5.66, 8.0, 7.52, 'B', 3.0, TRUE),
    (16, 'HV402', '678792', 'Bà Hương Hoàng', 'MH057', 'CS148', 'Versatile modular complexity', 2, 'HK004', 'Học kỳ 1 Năm học 2022-2023', 'LHP015', 6.7, 4.48, 7.6, 6.88, 'C+', 2.5, TRUE),
    (17, 'HV405', '663284', 'Xuân Vũ', 'MH050', 'CS774', 'Face-to-face global parallelism', 3, 'HK001', 'Học kỳ 1 Năm học 2021-2022', 'LHP012', 6.91, 10, 5.62, 6.62, 'C+', 2.5, TRUE),
    (18, 'HV161', '645262', 'Cô Bảo Phạm', 'MH016', 'NN102', 'Tiếng Anh học thuật', 3, 'HK003', 'Học kỳ hè Năm học 2021-2022', 'LHP115', 6.1, 9.21, 4.6, 5.67, 'C', 2.0, TRUE),
    (19, 'HV056', '667953', 'Tùng Hoàng Đặng', 'MH041', 'CS382', 'Seamless context-sensitive infrastructure', 4, 'HK004', 'Học kỳ 1 Năm học 2022-2023', 'LHP106', 9.46, 6.23, 10, 9.19, 'A+', 4.0, TRUE),
    (20, 'HV397', '638734', 'Hải Đức Nguyễn', 'MH038', 'PHY504', 'Secured zero-defect middleware', 3, 'HK001', 'Học kỳ 1 Năm học 2021-2022', 'LHP037', 7.0, 4.94, 5.84, 5.78, 'C', 2.0, TRUE),
    (21, 'HV012', '639628', 'Lâm Thị Nguyễn', 'MH076', 'CHEM207', 'Vision-oriented empowering parallelism', 2, 'HK015', 'Học kỳ hè Năm học 2025-2026', 'LHP112', 8.59, 4.54, 4.17, 4.69, 'D', 1.0, FALSE),
    (22, 'HV263', '636909', 'Hương Lê', 'MH004', 'IT202', 'Cơ sở dữ liệu', 3, 'HK003', 'Học kỳ hè Năm học 2021-2022', 'LHP038', 9.86, 6.42, 8.52, 8.24, 'B+', 3.5, TRUE),
    (23, 'HV385', '652327', 'Anh Bảo Hoàng', 'MH049', 'PHY904', 'Re-engineered context-sensitive interface', 4, 'HK001', 'Học kỳ 1 Năm học 2021-2022', 'LHP080', 6.35, 7.29, 7.44, 7.3, 'B', 3.0, TRUE),
    (24, 'HV014', '656177', 'Huy Hữu Trần', 'MH013', 'KT202', 'Tài chính doanh nghiệp', 3, 'HK013', 'Học kỳ 1 Năm học 2025-2026', 'LHP028', 6.27, 6.07, 5.39, 5.61, 'C', 2.0, TRUE),
    (25, 'HV270', '632994', 'Anh Nhiên Vũ', 'MH025', 'PHY546', 'Function-based intangible product', 4, 'HK013', 'Học kỳ 1 Năm học 2025-2026', 'LHP071', 6.59, 6.96, 8.32, 7.87, 'B', 3.0, TRUE),
    (26, 'HV456', '633126', 'Lâm Văn Đặng', 'MH072', 'MATH659', 'Innovative systemic support', 3, 'HK006', 'Học kỳ hè Năm học 2022-2023', 'LHP027', 5.42, 5.36, 4.0, 4.41, 'D', 1.0, FALSE),
    (27, 'HV118', '673673', 'Phương Thế Vũ', 'MH031', 'CHEM492', 'Exclusive asynchronous alliance', 3, 'HK011', 'Học kỳ 2 Năm học 2024-2025', 'LHP070', 7.05, 9.13, 9.49, 9.17, 'A+', 4.0, TRUE),
    (28, 'HV093', '642292', 'Thành Đức Dương', 'MH003', 'IT201', 'Cấu trúc dữ liệu và giải thuật', 4, 'HK012', 'Học kỳ hè Năm học 2024-2025', 'LHP045', 8.93, 8.49, 10, 9.59, 'A+', 4.0, TRUE),
    (29, 'HV346', '647348', 'Lâm Đặng', 'MH015', 'NN101', 'Tiếng Anh cơ bản', 4, 'HK005', 'Học kỳ 2 Năm học 2022-2023', 'LHP014', 9.43, 5.08, 8.57, 7.96, 'B', 3.0, TRUE),
    (30, 'HV117', '658568', 'Kim Quang Vũ', 'MH022', 'QS202', 'Kỹ thuật quân sự', 3, 'HK015', 'Học kỳ hè Năm học 2025-2026', 'LHP049', 4.99, 6.8, 9.01, 8.16, 'B+', 3.5, TRUE),
    (31, 'HV464', '642943', 'Nhật Đức Nguyễn', 'MH009', 'IT304', 'An toàn và bảo mật thông tin', 3, 'HK006', 'Học kỳ hè Năm học 2022-2023', 'LHP029', 5.46, 8.04, 8.36, 8.01, 'B+', 3.5, TRUE),
    (32, 'HV134', '674423', 'Nhật Phạm', 'MH003', 'IT201', 'Cấu trúc dữ liệu và giải thuật', 4, 'HK004', 'Học kỳ 1 Năm học 2022-2023', 'LHP087', 9.78, 7.01, 7.08, 7.34, 'B', 3.0, TRUE),
    (33, 'HV194', '634066', 'Nhật Dương', 'MH019', 'QS101', 'Giáo dục Quốc phòng', 2, 'HK012', 'Học kỳ hè Năm học 2024-2025', 'LHP057', 8.94, 2.63, 5.34, 5.16, 'D+', 1.5, TRUE),
    (34, 'HV201', '668145', 'Bảo Dương', 'MH063', 'MATH935', 'Implemented even-keeled complexity', 2, 'HK008', 'Học kỳ 2 Năm học 2023-2024', 'LHP049', 4.9, 9.06, 7.51, 7.56, 'B', 3.0, TRUE),
    (35, 'HV097', '641134', 'Chị Vân Trần', 'MH054', 'MATH608', 'Organic background conglomeration', 2, 'HK001', 'Học kỳ 1 Năm học 2021-2022', 'LHP002', 8.81, 4.97, 10, 8.88, 'A', 4.0, TRUE),
    (36, 'HV116', '678699', 'Bà Vân Nguyễn', 'MH038', 'PHY504', 'Secured zero-defect middleware', 3, 'HK003', 'Học kỳ hè Năm học 2021-2022', 'LHP049', 6.45, 10, 3.9, 5.37, 'D+', 1.5, TRUE),
    (37, 'HV434', '644050', 'Lan Đặng', 'MH002', 'IT102', 'Lập trình cơ bản', 4, 'HK001', 'Học kỳ 1 Năm học 2021-2022', 'LHP042', 5.69, 6.76, 8.97, 8.2, 'B+', 3.5, TRUE),
    (38, 'HV062', '645286', 'Anh Hoàng Hoàng', 'MH072', 'MATH659', 'Innovative systemic support', 3, 'HK014', 'Học kỳ 2 Năm học 2025-2026', 'LHP052', 5.22, 5.62, 8.94, 7.9, 'B', 3.0, TRUE),
    (39, 'HV249', '631432', 'Bà Hương Vũ', 'MH051', 'MATH882', 'Proactive foreground emulation', 2, 'HK009', 'Học kỳ hè Năm học 2023-2024', 'LHP017', 6.48, 7.56, 9.21, 8.61, 'A', 4.0, TRUE),
    (40, 'HV362', '639006', 'Quý ông Bảo Vũ', 'MH014', 'KT301', 'Kinh tế lượng', 3, 'HK001', 'Học kỳ 1 Năm học 2021-2022', 'LHP115', 8.52, 5.35, 4.48, 5.06, 'D+', 1.5, TRUE),
    (41, 'HV064', '667358', 'Khoa Đức Hoàng', 'MH065', 'MATH771', 'Digitized upward-trending emulation', 2, 'HK012', 'Học kỳ hè Năm học 2024-2025', 'LHP105', 6.8, 10, 7.1, 7.65, 'B', 3.0, TRUE),
    (42, 'HV443', '641988', 'Bảo Trần', 'MH017', 'NN201', 'Tiếng Anh chuyên ngành', 3, 'HK013', 'Học kỳ 1 Năm học 2025-2026', 'LHP111', 5.97, 6.55, 4.37, 4.97, 'D', 1.0, FALSE),
    (43, 'HV124', '667614', 'Hải Vũ', 'MH045', 'CS718', 'Face-to-face bandwidth-monitored encoding', 2, 'HK008', 'Học kỳ 2 Năm học 2023-2024', 'LHP032', 6.29, 8.9, 6.7, 7.1, 'B', 3.0, TRUE),
    (44, 'HV453', '644665', 'Nam Thế Đặng', 'MH044', 'CS575', 'Enhanced 24/7 leverage', 3, 'HK008', 'Học kỳ 2 Năm học 2023-2024', 'LHP064', 9.41, 8.97, 7.35, 7.88, 'B', 3.0, TRUE),
    (45, 'HV290', '659783', 'Anh Hoàng Bùi', 'MH038', 'PHY504', 'Secured zero-defect middleware', 3, 'HK001', 'Học kỳ 1 Năm học 2021-2022', 'LHP079', 7.42, 6.5, 6.16, 6.36, 'C+', 2.5, TRUE),
    (46, 'HV353', '668916', 'Ông Nam Dương', 'MH018', 'NN202', 'Tiếng Trung cơ bản', 4, 'HK015', 'Học kỳ hè Năm học 2025-2026', 'LHP031', 8.23, 5.0, 9.83, 8.71, 'A', 4.0, TRUE),
    (47, 'HV143', '641283', 'An Trí Đặng', 'MH011', 'KT102', 'Kinh tế vĩ mô', 3, 'HK008', 'Học kỳ 2 Năm học 2023-2024', 'LHP073', 9.41, 7.25, 7.58, 7.7, 'B', 3.0, TRUE),
    (48, 'HV465', '673308', 'Quý cô Ánh Hoàng', 'MH006', 'IT301', 'Phát triển ứng dụng Web', 3, 'HK015', 'Học kỳ hè Năm học 2025-2026', 'LHP077', 8.3, 9.06, 6.27, 7.03, 'B', 3.0, TRUE),
    (49, 'HV360', '668649', 'Anh Nam Hoàng', 'MH049', 'PHY904', 'Re-engineered context-sensitive interface', 4, 'HK015', 'Học kỳ hè Năm học 2025-2026', 'LHP061', 5.91, 6.78, 4.76, 5.28, 'D+', 1.5, TRUE),
    (50, 'HV042', '672024', 'Khoa Trí Bùi', 'MH069', 'CHEM272', 'Mandatory value-added moratorium', 4, 'HK015', 'Học kỳ hè Năm học 2025-2026', 'LHP088', 5.31, 10, 3.32, 4.86, 'D', 1.0, FALSE),
    (51, 'HV432', '655635', 'Khoa Bùi', 'MH005', 'IT203', 'Mạng máy tính', 3, 'HK010', 'Học kỳ 1 Năm học 2024-2025', 'LHP086', 5.01, 8.62, 6.15, 6.53, 'C+', 2.5, TRUE),
    (52, 'HV381', '666073', 'Hạnh Phạm', 'MH060', 'PHY835', 'Synergistic mobile analyzer', 4, 'HK015', 'Học kỳ hè Năm học 2025-2026', 'LHP044', 8.37, 10, 8.38, 8.7, 'A', 4.0, TRUE),
    (53, 'HV416', '652563', 'Dũng Dương', 'MH062', 'CHEM292', 'Sharable fault-tolerant implementation', 3, 'HK013', 'Học kỳ 1 Năm học 2025-2026', 'LHP050', 5.42, 7.65, 4.55, 5.26, 'D+', 1.5, TRUE),
    (54, 'HV176', '654689', 'Khoa Mai Phạm', 'MH069', 'CHEM272', 'Mandatory value-added moratorium', 4, 'HK008', 'Học kỳ 2 Năm học 2023-2024', 'LHP063', 4.56, 9.1, 4.46, 5.4, 'D+', 1.5, TRUE),
    (55, 'HV068', '653439', 'Nam Bảo Lê', 'MH037', 'CHEM420', 'User-centric intermediate approach', 3, 'HK005', 'Học kỳ 2 Năm học 2022-2023', 'LHP008', 5.23, 5.25, 7.61, 6.9, 'C+', 2.5, TRUE),
    (56, 'HV085', '633367', 'Tùng Bảo Dương', 'MH049', 'PHY904', 'Re-engineered context-sensitive interface', 4, 'HK002', 'Học kỳ 2 Năm học 2021-2022', 'LHP022', 9.56, 7.28, 8.24, 8.18, 'B+', 3.5, TRUE),
    (57, 'HV194', '634066', 'Nhật Dương', 'MH046', 'CHEM667', 'Synergized bottom-line monitoring', 4, 'HK005', 'Học kỳ 2 Năm học 2022-2023', 'LHP034', 7.51, 8.03, 7.62, 7.69, 'B', 3.0, TRUE),
    (58, 'HV159', '657214', 'Chị Hải Nguyễn', 'MH055', 'PHY749', 'Profit-focused methodical software', 3, 'HK009', 'Học kỳ hè Năm học 2023-2024', 'LHP110', 7.59, 8.1, 8.0, 7.98, 'B', 3.0, TRUE),
    (59, 'HV426', '644624', 'Quý cô An Mai', 'MH015', 'NN101', 'Tiếng Anh cơ bản', 4, 'HK011', 'Học kỳ 2 Năm học 2024-2025', 'LHP083', 7.32, 7.35, 7.53, 7.48, 'B', 3.0, TRUE),
    (60, 'HV343', '641296', 'Cô Hải Dương', 'MH068', 'CS441', 'Decentralized systemic productivity', 4, 'HK012', 'Học kỳ hè Năm học 2024-2025', 'LHP059', 6.58, 6.47, 8.98, 8.24, 'B+', 3.5, TRUE),
    (61, 'HV217', '647413', 'An Vũ', 'MH005', 'IT203', 'Mạng máy tính', 3, 'HK015', 'Học kỳ hè Năm học 2025-2026', 'LHP089', 6.24, 9.02, 6.23, 6.79, 'C+', 2.5, TRUE),
    (62, 'HV255', '669693', 'Thảo Trần', 'MH067', 'CS639', 'Customizable grid-enabled info-mediaries', 4, 'HK005', 'Học kỳ 2 Năm học 2022-2023', 'LHP028', 7.54, 5.78, 5.72, 5.92, 'C', 2.0, TRUE),
    (63, 'HV493', '651829', 'Quý ông Tú Mai', 'MH042', 'CS898', 'Phased cohesive initiative', 3, 'HK008', 'Học kỳ 2 Năm học 2023-2024', 'LHP061', 5.05, 7.64, 4.94, 5.49, 'D+', 1.5, TRUE),
    (64, 'HV362', '639006', 'Quý ông Bảo Vũ', 'MH059', 'CS958', 'De-engineered zero tolerance neural-net', 4, 'HK003', 'Học kỳ hè Năm học 2021-2022', 'LHP071', 5.51, 3.65, 8.17, 7.0, 'B', 3.0, TRUE),
    (65, 'HV172', '643112', 'Nhật Đặng', 'MH049', 'PHY904', 'Re-engineered context-sensitive interface', 4, 'HK011', 'Học kỳ 2 Năm học 2024-2025', 'LHP109', 6.02, 5.2, 4.65, 4.9, 'D', 1.0, FALSE),
    (66, 'HV001', '664432', 'Nhật Bảo Dương', 'MH018', 'NN202', 'Tiếng Trung cơ bản', 4, 'HK004', 'Học kỳ 1 Năm học 2022-2023', 'LHP046', 7.96, 4.03, 4.1, 4.47, 'D', 1.0, FALSE),
    (67, 'HV147', '641304', 'Khoa Mai Bảo Đặng', 'MH066', 'MATH808', 'User-friendly eco-centric framework', 4, 'HK010', 'Học kỳ 1 Năm học 2024-2025', 'LHP057', 6.18, 5.29, 2.99, 3.77, 'F', 0.0, FALSE),
    (68, 'HV384', '651411', 'Vi Trần', 'MH056', 'MATH569', 'Secured client-driven database', 3, 'HK013', 'Học kỳ 1 Năm học 2025-2026', 'LHP055', 8.24, 10, 4.17, 5.74, 'C', 2.0, TRUE),
    (69, 'HV462', '659904', 'Chị Hương Bùi', 'MH017', 'NN201', 'Tiếng Anh chuyên ngành', 3, 'HK005', 'Học kỳ 2 Năm học 2022-2023', 'LHP093', 7.08, 9.58, 7.35, 7.77, 'B', 3.0, TRUE),
    (70, 'HV110', '662244', 'Khoa Dương', 'MH002', 'IT102', 'Lập trình cơ bản', 4, 'HK012', 'Học kỳ hè Năm học 2024-2025', 'LHP024', 7.49, 5.1, 5.13, 5.36, 'D+', 1.5, TRUE),
    (71, 'HV042', '672024', 'Khoa Trí Bùi', 'MH079', 'CHEM343', 'Innovative multi-state collaboration', 2, 'HK006', 'Học kỳ hè Năm học 2022-2023', 'LHP053', 4.92, 7.09, 5.5, 5.76, 'C', 2.0, TRUE),
    (72, 'HV205', '665567', 'Cô Hà Phạm', 'MH031', 'CHEM492', 'Exclusive asynchronous alliance', 3, 'HK014', 'Học kỳ 2 Năm học 2025-2026', 'LHP105', 7.18, 7.45, 8.22, 7.96, 'B', 3.0, TRUE),
    (73, 'HV133', '632178', 'Hà Phạm', 'MH001', 'IT101', 'Nhập môn Công nghệ thông tin', 3, 'HK004', 'Học kỳ 1 Năm học 2022-2023', 'LHP072', 8.79, 8.03, 5.53, 6.36, 'C+', 2.5, TRUE),
    (74, 'HV029', '674894', 'Hà Nguyễn', 'MH074', 'PHY418', 'Centralized leadingedge knowledge user', 4, 'HK010', 'Học kỳ 1 Năm học 2024-2025', 'LHP006', 7.18, 6.89, 4.23, 5.06, 'D+', 1.5, TRUE),
    (75, 'HV456', '633126', 'Lâm Văn Đặng', 'MH019', 'QS101', 'Giáo dục Quốc phòng', 2, 'HK012', 'Học kỳ hè Năm học 2024-2025', 'LHP043', 3.44, 4.7, 6.73, 6.0, 'C+', 2.5, TRUE),
    (76, 'HV158', '648081', 'Bác Minh Phạm', 'MH079', 'CHEM343', 'Innovative multi-state collaboration', 2, 'HK009', 'Học kỳ hè Năm học 2023-2024', 'LHP020', 8.66, 7.29, 6.16, 6.64, 'C+', 2.5, TRUE),
    (77, 'HV486', '658497', 'Minh Phạm', 'MH034', 'MATH998', 'Networked intermediate data-warehouse', 3, 'HK004', 'Học kỳ 1 Năm học 2022-2023', 'LHP109', 8.19, 9.21, 3.01, 4.77, 'D', 1.0, FALSE),
    (78, 'HV097', '641134', 'Chị Vân Trần', 'MH011', 'KT102', 'Kinh tế vĩ mô', 3, 'HK003', 'Học kỳ hè Năm học 2021-2022', 'LHP021', 9.05, 4.72, 7.9, 7.38, 'B', 3.0, TRUE),
    (79, 'HV290', '659783', 'Anh Hoàng Bùi', 'MH002', 'IT102', 'Lập trình cơ bản', 4, 'HK005', 'Học kỳ 2 Năm học 2022-2023', 'LHP067', 7.28, 6.27, 9.08, 8.34, 'B+', 3.5, TRUE),
    (80, 'HV497', '652492', 'Xuân Đặng', 'MH045', 'CS718', 'Face-to-face bandwidth-monitored encoding', 2, 'HK007', 'Học kỳ 1 Năm học 2023-2024', 'LHP051', 5.84, 4.2, 7.37, 6.58, 'C+', 2.5, TRUE),
    (81, 'HV133', '632178', 'Hà Phạm', 'MH013', 'KT202', 'Tài chính doanh nghiệp', 3, 'HK005', 'Học kỳ 2 Năm học 2022-2023', 'LHP092', 6.53, 5.21, 7.64, 7.04, 'B', 3.0, TRUE),
    (82, 'HV050', '634303', 'Cô Thành Vũ', 'MH016', 'NN102', 'Tiếng Anh học thuật', 3, 'HK012', 'Học kỳ hè Năm học 2024-2025', 'LHP023', 9.62, 8.61, 6.17, 7.01, 'B', 3.0, TRUE),
    (83, 'HV241', '645147', 'Quý ông Dũng Hoàng', 'MH020', 'QS102', 'Điều lệnh Quân đội', 2, 'HK013', 'Học kỳ 1 Năm học 2025-2026', 'LHP050', 4.99, 5.06, 6.66, 6.17, 'C+', 2.5, TRUE),
    (84, 'HV467', '657986', 'Quý ông Hưng Nguyễn', 'MH044', 'CS575', 'Enhanced 24/7 leverage', 3, 'HK015', 'Học kỳ hè Năm học 2025-2026', 'LHP015', 5.79, 9.9, 9.05, 8.9, 'A', 4.0, TRUE),
    (85, 'HV049', '638861', 'Trọng Nguyễn', 'MH053', 'MATH862', 'Quality-focused local Graphic Interface', 4, 'HK014', 'Học kỳ 2 Năm học 2025-2026', 'LHP009', 7.96, 5.46, 7.39, 7.06, 'B', 3.0, TRUE),
    (86, 'HV310', '662595', 'Chị Linh Nguyễn', 'MH028', 'CS900', 'Ergonomic demand-driven capacity', 4, 'HK012', 'Học kỳ hè Năm học 2024-2025', 'LHP063', 7.0, 5.74, 4.05, 4.69, 'D', 1.0, FALSE),
    (87, 'HV261', '633884', 'Huy Dương', 'MH022', 'QS202', 'Kỹ thuật quân sự', 3, 'HK002', 'Học kỳ 2 Năm học 2021-2022', 'LHP036', 5.7, 7.14, 9.85, 8.89, 'A', 4.0, TRUE),
    (88, 'HV313', '631383', 'Nam Phú Trần', 'MH048', 'CHEM889', 'Centralized systemic policy', 4, 'HK005', 'Học kỳ 2 Năm học 2022-2023', 'LHP068', 9.37, 9.6, 4.06, 5.7, 'C', 2.0, TRUE),
    (89, 'HV101', '663186', 'Nhiên Thế Hoàng', 'MH051', 'MATH882', 'Proactive foreground emulation', 2, 'HK012', 'Học kỳ hè Năm học 2024-2025', 'LHP009', 6.66, 9.5, 7.32, 7.69, 'B', 3.0, TRUE),
    (90, 'HV440', '646904', 'Bảo Thị Mai', 'MH069', 'CHEM272', 'Mandatory value-added moratorium', 4, 'HK011', 'Học kỳ 2 Năm học 2024-2025', 'LHP082', 6.8, 6.93, 7.47, 7.3, 'B', 3.0, TRUE),
    (91, 'HV004', '679528', 'Bà Chi Bùi', 'MH032', 'CS758', 'Inverse maximized forecast', 4, 'HK013', 'Học kỳ 1 Năm học 2025-2026', 'LHP079', 4.98, 5.98, 3.04, 3.82, 'F', 0.0, FALSE),
    (92, 'HV184', '678959', 'Bảo Thị Phạm', 'MH014', 'KT301', 'Kinh tế lượng', 3, 'HK012', 'Học kỳ hè Năm học 2024-2025', 'LHP094', 9.89, 7.16, 3.84, 5.11, 'D+', 1.5, TRUE),
    (93, 'HV286', '641030', 'Kim Hải Trần', 'MH008', 'IT303', 'Học máy', 3, 'HK001', 'Học kỳ 1 Năm học 2021-2022', 'LHP072', 8.7, 9.61, 3.65, 5.34, 'D+', 1.5, TRUE),
    (94, 'HV444', '645462', 'Lâm Hoàng Vũ', 'MH052', 'CHEM184', 'Automated heuristic pricing structure', 4, 'HK009', 'Học kỳ hè Năm học 2023-2024', 'LHP084', 10, 6.53, 3.85, 5.0, 'D+', 1.5, TRUE),
    (95, 'HV027', '646340', 'Huy Thế Bùi', 'MH047', 'CS612', 'Automated 4thgeneration strategy', 4, 'HK007', 'Học kỳ 1 Năm học 2023-2024', 'LHP087', 4.56, 7.46, 7.82, 7.42, 'B', 3.0, TRUE),
    (96, 'HV464', '642943', 'Nhật Đức Nguyễn', 'MH025', 'PHY546', 'Function-based intangible product', 4, 'HK014', 'Học kỳ 2 Năm học 2025-2026', 'LHP108', 6.3, 5.84, 9.27, 8.29, 'B+', 3.5, TRUE),
    (97, 'HV370', '677968', 'Cô Hà Mai', 'MH001', 'IT101', 'Nhập môn Công nghệ thông tin', 3, 'HK010', 'Học kỳ 1 Năm học 2024-2025', 'LHP119', 8.91, 8.23, 6.3, 6.95, 'C+', 2.5, TRUE),
    (98, 'HV385', '652327', 'Anh Bảo Hoàng', 'MH070', 'CHEM177', 'Implemented secondary ability', 3, 'HK010', 'Học kỳ 1 Năm học 2024-2025', 'LHP038', 6.1, 9.83, 8.85, 8.77, 'A', 4.0, TRUE),
    (99, 'HV020', '635421', 'Hà Nguyễn', 'MH070', 'CHEM177', 'Implemented secondary ability', 3, 'HK010', 'Học kỳ 1 Năm học 2024-2025', 'LHP055', 6.03, 4.6, 9.73, 8.33, 'B+', 3.5, TRUE),
    (100, 'HV228', '647635', 'Hải Mai Bảo Dương', 'MH074', 'PHY418', 'Centralized leadingedge knowledge user', 4, 'HK006', 'Học kỳ hè Năm học 2022-2023', 'LHP039', 9.1, 8.14, 7.77, 7.98, 'B', 3.0, TRUE),
    (101, 'HV041', '679459', 'Quý cô Hải Hoàng', 'MH036', 'CS430', 'Stand-alone national project', 2, 'HK006', 'Học kỳ hè Năm học 2022-2023', 'LHP022', 9.2, 5.0, 10, 8.92, 'A', 4.0, TRUE),
    (102, 'HV419', '645058', 'Châu Hữu Bùi', 'MH011', 'KT102', 'Kinh tế vĩ mô', 3, 'HK005', 'Học kỳ 2 Năm học 2022-2023', 'LHP120', 7.06, 7.13, 2.98, 4.22, 'D', 1.0, FALSE),
    (103, 'HV175', '637833', 'Hồng Bùi', 'MH044', 'CS575', 'Enhanced 24/7 leverage', 3, 'HK010', 'Học kỳ 1 Năm học 2024-2025', 'LHP118', 7.85, 8.8, 3.87, 5.26, 'D+', 1.5, TRUE),
    (104, 'HV031', '675923', 'Quang Mai Bùi', 'MH009', 'IT304', 'An toàn và bảo mật thông tin', 3, 'HK009', 'Học kỳ hè Năm học 2023-2024', 'LHP020', 6.16, 5.96, 5.55, 5.7, 'C', 2.0, TRUE),
    (105, 'HV032', '633387', 'Chị Lâm Trần', 'MH027', 'CHEM106', 'Down-sized methodical flexibility', 3, 'HK013', 'Học kỳ 1 Năm học 2025-2026', 'LHP041', 5.59, 7.75, 7.08, 7.07, 'B', 3.0, TRUE),
    (106, 'HV378', '667949', 'Kim Nguyễn', 'MH050', 'CS774', 'Face-to-face global parallelism', 3, 'HK008', 'Học kỳ 2 Năm học 2023-2024', 'LHP092', 9.25, 3.75, 4.78, 5.02, 'D+', 1.5, TRUE),
    (107, 'HV207', '672299', 'Chị Thành Vũ', 'MH052', 'CHEM184', 'Automated heuristic pricing structure', 4, 'HK015', 'Học kỳ hè Năm học 2025-2026', 'LHP101', 8.37, 6.18, 7.89, 7.59, 'B', 3.0, TRUE),
    (108, 'HV396', '673844', 'Ánh Mai', 'MH040', 'MATH908', 'Stand-alone responsive strategy', 4, 'HK003', 'Học kỳ hè Năm học 2021-2022', 'LHP028', 6.2, 7.76, 9.28, 8.67, 'A', 4.0, TRUE),
    (109, 'HV180', '678233', 'Quý cô Hải Mai', 'MH009', 'IT304', 'An toàn và bảo mật thông tin', 3, 'HK008', 'Học kỳ 2 Năm học 2023-2024', 'LHP086', 8.42, 4.5, 5.61, 5.67, 'C', 2.0, TRUE),
    (110, 'HV230', '639174', 'Nhật Phạm', 'MH047', 'CS612', 'Automated 4thgeneration strategy', 4, 'HK003', 'Học kỳ hè Năm học 2021-2022', 'LHP102', 6.0, 5.64, 7.36, 6.88, 'C+', 2.5, TRUE),
    (111, 'HV177', '652396', 'Bác Quang Dương', 'MH031', 'CHEM492', 'Exclusive asynchronous alliance', 3, 'HK008', 'Học kỳ 2 Năm học 2023-2024', 'LHP046', 4.46, 7.5, 5.68, 5.92, 'C', 2.0, TRUE),
    (112, 'HV135', '644921', 'Phương Nguyễn', 'MH025', 'PHY546', 'Function-based intangible product', 4, 'HK012', 'Học kỳ hè Năm học 2024-2025', 'LHP081', 9.34, 10, 10, 9.93, 'A+', 4.0, TRUE),
    (113, 'HV352', '677943', 'Bảo Dương', 'MH069', 'CHEM272', 'Mandatory value-added moratorium', 4, 'HK011', 'Học kỳ 2 Năm học 2024-2025', 'LHP082', 6.64, 7.2, 9.74, 8.92, 'A', 4.0, TRUE),
    (114, 'HV271', '653128', 'Vũ Bùi', 'MH034', 'MATH998', 'Networked intermediate data-warehouse', 3, 'HK005', 'Học kỳ 2 Năm học 2022-2023', 'LHP105', 6.39, 6.82, 5.72, 6.01, 'C+', 2.5, TRUE),
    (115, 'HV094', '677193', 'Ánh Hoàng', 'MH007', 'IT302', 'Trí tuệ nhân tạo', 3, 'HK001', 'Học kỳ 1 Năm học 2021-2022', 'LHP074', 6.56, 5.88, 1.72, 3.04, 'F', 0.0, FALSE),
    (116, 'HV082', '669332', 'Hưng Mai', 'MH058', 'MATH105', 'Proactive global hub', 3, 'HK009', 'Học kỳ hè Năm học 2023-2024', 'LHP002', 6.03, 4.34, 7.6, 6.79, 'C+', 2.5, TRUE),
    (117, 'HV349', '678437', 'Ngọc Vũ', 'MH031', 'CHEM492', 'Exclusive asynchronous alliance', 3, 'HK013', 'Học kỳ 1 Năm học 2025-2026', 'LHP090', 6.74, 6.53, 8.29, 7.79, 'B', 3.0, TRUE),
    (118, 'HV393', '633722', 'Mai Lê', 'MH006', 'IT301', 'Phát triển ứng dụng Web', 3, 'HK005', 'Học kỳ 2 Năm học 2022-2023', 'LHP117', 5.37, 8.93, 5.25, 6.0, 'C+', 2.5, TRUE),
    (119, 'HV251', '641701', 'Nhật Tấn Đặng', 'MH018', 'NN202', 'Tiếng Trung cơ bản', 4, 'HK012', 'Học kỳ hè Năm học 2024-2025', 'LHP005', 8.93, 9.51, 3.7, 5.39, 'D+', 1.5, TRUE),
    (120, 'HV343', '641296', 'Cô Hải Dương', 'MH061', 'PHY563', 'Reactive intangible contingency', 4, 'HK001', 'Học kỳ 1 Năm học 2021-2022', 'LHP007', 7.88, 6.99, 4.0, 4.98, 'D', 1.0, FALSE),
    (121, 'HV106', '642692', 'Cô Hải Dương', 'MH011', 'KT102', 'Kinh tế vĩ mô', 3, 'HK014', 'Học kỳ 2 Năm học 2025-2026', 'LHP100', 7.42, 9.71, 7.75, 8.11, 'B+', 3.5, TRUE),
    (122, 'HV052', '657510', 'Hải Trí Hoàng', 'MH003', 'IT201', 'Cấu trúc dữ liệu và giải thuật', 4, 'HK010', 'Học kỳ 1 Năm học 2024-2025', 'LHP056', 9.19, 7.32, 3.32, 4.71, 'D', 1.0, FALSE),
    (123, 'HV319', '679953', 'Anh Châu Nguyễn', 'MH045', 'CS718', 'Face-to-face bandwidth-monitored encoding', 2, 'HK001', 'Học kỳ 1 Năm học 2021-2022', 'LHP088', 8.66, 8.57, 4.53, 5.75, 'C', 2.0, TRUE),
    (124, 'HV160', '632432', 'Cô Phương Hoàng', 'MH057', 'CS148', 'Versatile modular complexity', 2, 'HK013', 'Học kỳ 1 Năm học 2025-2026', 'LHP069', 4.96, 7.51, 2.07, 3.45, 'F', 0.0, FALSE),
    (125, 'HV400', '661469', 'Linh Hoàng', 'MH016', 'NN102', 'Tiếng Anh học thuật', 3, 'HK008', 'Học kỳ 2 Năm học 2023-2024', 'LHP118', 6.94, 6.59, 6.29, 6.42, 'C+', 2.5, TRUE),
    (126, 'HV012', '639628', 'Lâm Thị Nguyễn', 'MH039', 'PHY188', 'Horizontal well-modulated circuit', 3, 'HK014', 'Học kỳ 2 Năm học 2025-2026', 'LHP085', 8.42, 9.3, 2.59, 4.51, 'D', 1.0, FALSE),
    (127, 'HV337', '648173', 'Linh Dương', 'MH026', 'CHEM794', 'Compatible client-server system engine', 3, 'HK014', 'Học kỳ 2 Năm học 2025-2026', 'LHP078', 8.77, 9.13, 4.67, 5.97, 'C', 2.0, TRUE),
    (128, 'HV285', '671888', 'An Nguyễn', 'MH026', 'CHEM794', 'Compatible client-server system engine', 3, 'HK003', 'Học kỳ hè Năm học 2021-2022', 'LHP066', 5.48, 7.04, 4.36, 5.0, 'D+', 1.5, TRUE),
    (129, 'HV042', '672024', 'Khoa Trí Bùi', 'MH025', 'PHY546', 'Function-based intangible product', 4, 'HK010', 'Học kỳ 1 Năm học 2024-2025', 'LHP060', 8.07, 9.66, 10, 9.74, 'A+', 4.0, TRUE),
    (130, 'HV292', '672161', 'An Xuân Phạm', 'MH015', 'NN101', 'Tiếng Anh cơ bản', 4, 'HK004', 'Học kỳ 1 Năm học 2022-2023', 'LHP062', 7.56, 3.46, 6.28, 5.85, 'C', 2.0, TRUE),
    (131, 'HV056', '667953', 'Tùng Hoàng Đặng', 'MH048', 'CHEM889', 'Centralized systemic policy', 4, 'HK010', 'Học kỳ 1 Năm học 2024-2025', 'LHP039', 4.13, 4.25, 8.62, 7.3, 'B', 3.0, TRUE),
    (132, 'HV094', '677193', 'Ánh Hoàng', 'MH006', 'IT301', 'Phát triển ứng dụng Web', 3, 'HK001', 'Học kỳ 1 Năm học 2021-2022', 'LHP034', 6.03, 10, 7.49, 7.85, 'B', 3.0, TRUE),
    (133, 'HV270', '632994', 'Anh Nhiên Vũ', 'MH037', 'CHEM420', 'User-centric intermediate approach', 3, 'HK008', 'Học kỳ 2 Năm học 2023-2024', 'LHP021', 6.79, 8.4, 7.71, 7.75, 'B', 3.0, TRUE),
    (134, 'HV296', '661171', 'Ông Thành Lê', 'MH017', 'NN201', 'Tiếng Anh chuyên ngành', 3, 'HK001', 'Học kỳ 1 Năm học 2021-2022', 'LHP103', 9.23, 6.27, 8.08, 7.83, 'B', 3.0, TRUE),
    (135, 'HV398', '647236', 'Dương Hoàng', 'MH052', 'CHEM184', 'Automated heuristic pricing structure', 4, 'HK007', 'Học kỳ 1 Năm học 2023-2024', 'LHP048', 7.54, 7.14, 10, 9.18, 'A+', 4.0, TRUE),
    (136, 'HV269', '641368', 'Bà Kim Dương', 'MH049', 'PHY904', 'Re-engineered context-sensitive interface', 4, 'HK007', 'Học kỳ 1 Năm học 2023-2024', 'LHP079', 7.36, 5.44, 3.36, 4.17, 'D', 1.0, FALSE),
    (137, 'HV459', '653985', 'Cô Hải Phạm', 'MH059', 'CS958', 'De-engineered zero tolerance neural-net', 4, 'HK003', 'Học kỳ hè Năm học 2021-2022', 'LHP023', 5.04, 8.48, 5.26, 5.88, 'C', 2.0, TRUE),
    (138, 'HV346', '647348', 'Lâm Đặng', 'MH007', 'IT302', 'Trí tuệ nhân tạo', 3, 'HK002', 'Học kỳ 2 Năm học 2021-2022', 'LHP106', 7.18, 8.82, 3.79, 5.14, 'D+', 1.5, TRUE),
    (139, 'HV181', '673987', 'Chị Vân Mai', 'MH066', 'MATH808', 'User-friendly eco-centric framework', 4, 'HK008', 'Học kỳ 2 Năm học 2023-2024', 'LHP010', 9.22, 8.94, 2.36, 4.36, 'D', 1.0, FALSE),
    (140, 'HV268', '675601', 'Chị Chi Vũ', 'MH063', 'MATH935', 'Implemented even-keeled complexity', 2, 'HK009', 'Học kỳ hè Năm học 2023-2024', 'LHP038', 5.16, 9.39, 5.28, 6.09, 'C+', 2.5, TRUE),
    (141, 'HV040', '674557', 'Bác Nhiên Lê', 'MH012', 'KT201', 'Nguyên lý kế toán', 4, 'HK014', 'Học kỳ 2 Năm học 2025-2026', 'LHP027', 8.34, 7.25, 6.29, 6.69, 'C+', 2.5, TRUE),
    (142, 'HV399', '672465', 'Hương Vũ', 'MH078', 'CS712', 'Devolved uniform solution', 2, 'HK007', 'Học kỳ 1 Năm học 2023-2024', 'LHP001', 4.1, 9.18, 8.96, 8.52, 'A', 4.0, TRUE),
    (143, 'HV203', '657107', 'Quý cô Lâm Dương', 'MH033', 'MATH371', 'Reactive fault-tolerant Internet solution', 4, 'HK007', 'Học kỳ 1 Năm học 2023-2024', 'LHP036', 5.4, 7.07, 8.96, 8.23, 'B+', 3.5, TRUE),
    (144, 'HV058', '631557', 'Quý cô Hà Hoàng', 'MH002', 'IT102', 'Lập trình cơ bản', 4, 'HK015', 'Học kỳ hè Năm học 2025-2026', 'LHP048', 7.31, 6.08, 2.47, 3.68, 'F', 0.0, FALSE),
    (145, 'HV421', '679907', 'Quý ông Nhiên Hoàng', 'MH015', 'NN101', 'Tiếng Anh cơ bản', 4, 'HK003', 'Học kỳ hè Năm học 2021-2022', 'LHP014', 5.58, 7.71, 10, 9.1, 'A+', 4.0, TRUE),
    (146, 'HV040', '674557', 'Bác Nhiên Lê', 'MH020', 'QS102', 'Điều lệnh Quân đội', 2, 'HK015', 'Học kỳ hè Năm học 2025-2026', 'LHP119', 10, 5.94, 6.44, 6.7, 'C+', 2.5, TRUE),
    (147, 'HV488', '669534', 'Quý ông Hoàng Phạm', 'MH018', 'NN202', 'Tiếng Trung cơ bản', 4, 'HK012', 'Học kỳ hè Năm học 2024-2025', 'LHP056', 8.92, 8.08, 6.87, 7.32, 'B', 3.0, TRUE),
    (148, 'HV384', '651411', 'Vi Trần', 'MH024', 'PHY887', 'Progressive encompassing model', 4, 'HK007', 'Học kỳ 1 Năm học 2023-2024', 'LHP074', 6.19, 4.67, 5.69, 5.53, 'C', 2.0, TRUE),
    (149, 'HV295', '676241', 'Tú Lê', 'MH061', 'PHY563', 'Reactive intangible contingency', 4, 'HK010', 'Học kỳ 1 Năm học 2024-2025', 'LHP098', 5.73, 8.45, 9.88, 9.18, 'A+', 4.0, TRUE),
    (150, 'HV088', '633878', 'Nhật Dương', 'MH022', 'QS202', 'Kỹ thuật quân sự', 3, 'HK014', 'Học kỳ 2 Năm học 2025-2026', 'LHP013', 6.98, 5.37, 9.04, 8.1, 'B+', 3.5, TRUE),
    (151, 'HV181', '673987', 'Chị Vân Mai', 'MH008', 'IT303', 'Học máy', 3, 'HK013', 'Học kỳ 1 Năm học 2025-2026', 'LHP009', 4.65, 6.15, 3.78, 4.34, 'D', 1.0, FALSE),
    (152, 'HV196', '635075', 'Quý cô Hương Trần', 'MH034', 'MATH998', 'Networked intermediate data-warehouse', 3, 'HK004', 'Học kỳ 1 Năm học 2022-2023', 'LHP075', 9.07, 8.0, 6.66, 7.17, 'B', 3.0, TRUE),
    (153, 'HV368', '654276', 'Bảo Mai Bảo Vũ', 'MH073', 'CS219', 'Cross-platform client-server policy', 3, 'HK010', 'Học kỳ 1 Năm học 2024-2025', 'LHP023', 7.2, 8.57, 7.08, 7.39, 'B', 3.0, TRUE),
    (154, 'HV270', '632994', 'Anh Nhiên Vũ', 'MH068', 'CS441', 'Decentralized systemic productivity', 4, 'HK001', 'Học kỳ 1 Năm học 2021-2022', 'LHP026', 5.95, 7.42, 3.63, 4.62, 'D', 1.0, FALSE),
    (155, 'HV195', '644696', 'Chi Nguyễn', 'MH045', 'CS718', 'Face-to-face bandwidth-monitored encoding', 2, 'HK001', 'Học kỳ 1 Năm học 2021-2022', 'LHP094', 7.49, 8.88, 9.76, 9.36, 'A+', 4.0, TRUE),
    (156, 'HV352', '677943', 'Bảo Dương', 'MH042', 'CS898', 'Phased cohesive initiative', 3, 'HK012', 'Học kỳ hè Năm học 2024-2025', 'LHP043', 5.29, 7.33, 3.96, 4.77, 'D', 1.0, FALSE),
    (157, 'HV050', '634303', 'Cô Thành Vũ', 'MH009', 'IT304', 'An toàn và bảo mật thông tin', 3, 'HK005', 'Học kỳ 2 Năm học 2022-2023', 'LHP097', 6.76, 5.85, 8.15, 7.55, 'B', 3.0, TRUE),
    (158, 'HV434', '644050', 'Lan Đặng', 'MH071', 'CHEM141', 'Re-contextualized global open system', 3, 'HK007', 'Học kỳ 1 Năm học 2023-2024', 'LHP027', 6.68, 7.93, 8.59, 8.27, 'B+', 3.5, TRUE),
    (159, 'HV315', '666431', 'Bà Xuân Phạm', 'MH008', 'IT303', 'Học máy', 3, 'HK003', 'Học kỳ hè Năm học 2021-2022', 'LHP012', 9.94, 7.75, 6.4, 7.02, 'B', 3.0, TRUE),
    (160, 'HV496', '643265', 'Ông Châu Hoàng', 'MH026', 'CHEM794', 'Compatible client-server system engine', 3, 'HK013', 'Học kỳ 1 Năm học 2025-2026', 'LHP101', 5.14, 10, 8.36, 8.36, 'B+', 3.5, TRUE),
    (161, 'HV248', '669088', 'Tú Hoàng Vũ', 'MH030', 'MATH559', 'Cross-group 24hour knowledge user', 4, 'HK009', 'Học kỳ hè Năm học 2023-2024', 'LHP085', 8.57, 8.97, 8.61, 8.68, 'A', 4.0, TRUE),
    (162, 'HV116', '678699', 'Bà Vân Nguyễn', 'MH077', 'CS623', 'Business-focused empowering concept', 4, 'HK005', 'Học kỳ 2 Năm học 2022-2023', 'LHP037', 5.38, 4.47, 5.66, 5.4, 'D+', 1.5, TRUE),
    (163, 'HV494', '632528', 'Cô Thảo Bùi', 'MH056', 'MATH569', 'Secured client-driven database', 3, 'HK011', 'Học kỳ 2 Năm học 2024-2025', 'LHP066', 8.69, 10, 5.08, 6.42, 'C+', 2.5, TRUE),
    (164, 'HV176', '654689', 'Khoa Mai Phạm', 'MH028', 'CS900', 'Ergonomic demand-driven capacity', 4, 'HK004', 'Học kỳ 1 Năm học 2022-2023', 'LHP116', 10, 9.56, 5.85, 7.01, 'B', 3.0, TRUE),
    (165, 'HV044', '664675', 'Hạnh Trần', 'MH049', 'PHY904', 'Re-engineered context-sensitive interface', 4, 'HK008', 'Học kỳ 2 Năm học 2023-2024', 'LHP090', 6.5, 6.03, 8.54, 7.83, 'B', 3.0, TRUE),
    (166, 'HV097', '641134', 'Chị Vân Trần', 'MH070', 'CHEM177', 'Implemented secondary ability', 3, 'HK012', 'Học kỳ hè Năm học 2024-2025', 'LHP022', 6.92, 7.56, 8.05, 7.84, 'B', 3.0, TRUE),
    (167, 'HV290', '659783', 'Anh Hoàng Bùi', 'MH014', 'KT301', 'Kinh tế lượng', 3, 'HK002', 'Học kỳ 2 Năm học 2021-2022', 'LHP081', 6.56, 3.98, 5.03, 4.97, 'D', 1.0, FALSE),
    (168, 'HV171', '673155', 'Hải Văn Phạm', 'MH062', 'CHEM292', 'Sharable fault-tolerant implementation', 3, 'HK011', 'Học kỳ 2 Năm học 2024-2025', 'LHP120', 7.97, 8.44, 5.28, 6.18, 'C+', 2.5, TRUE),
    (169, 'HV349', '678437', 'Ngọc Vũ', 'MH016', 'NN102', 'Tiếng Anh học thuật', 3, 'HK011', 'Học kỳ 2 Năm học 2024-2025', 'LHP108', 4.59, 7.64, 3.99, 4.78, 'D', 1.0, FALSE),
    (170, 'HV237', '668275', 'Trung Đức Hoàng', 'MH001', 'IT101', 'Nhập môn Công nghệ thông tin', 3, 'HK006', 'Học kỳ hè Năm học 2022-2023', 'LHP096', 5.85, 9.94, 7.58, 7.88, 'B', 3.0, TRUE),
    (171, 'HV454', '679710', 'Khoa Phạm', 'MH066', 'MATH808', 'User-friendly eco-centric framework', 4, 'HK012', 'Học kỳ hè Năm học 2024-2025', 'LHP060', 8.23, 8.31, 4.61, 5.71, 'C', 2.0, TRUE),
    (172, 'HV295', '676241', 'Tú Lê', 'MH001', 'IT101', 'Nhập môn Công nghệ thông tin', 3, 'HK005', 'Học kỳ 2 Năm học 2022-2023', 'LHP039', 5.1, 5.12, 5.98, 5.72, 'C', 2.0, TRUE),
    (173, 'HV069', '637423', 'Bà Thành Trần', 'MH070', 'CHEM177', 'Implemented secondary ability', 3, 'HK005', 'Học kỳ 2 Năm học 2022-2023', 'LHP117', 7.09, 7.89, 9.47, 8.92, 'A', 4.0, TRUE),
    (174, 'HV121', '632322', 'Tùng Văn Phạm', 'MH043', 'PHY829', 'Managed modular focus group', 2, 'HK006', 'Học kỳ hè Năm học 2022-2023', 'LHP069', 5.05, 7.6, 9.7, 8.81, 'A', 4.0, TRUE),
    (175, 'HV229', '656229', 'Phúc Hải Hoàng', 'MH025', 'PHY546', 'Function-based intangible product', 4, 'HK007', 'Học kỳ 1 Năm học 2023-2024', 'LHP086', 9.34, 8.53, 3.7, 5.23, 'D+', 1.5, TRUE),
    (176, 'HV376', '648681', 'An Mai Bảo Mai', 'MH048', 'CHEM889', 'Centralized systemic policy', 4, 'HK003', 'Học kỳ hè Năm học 2021-2022', 'LHP117', 7.37, 8.66, 8.19, 8.21, 'B+', 3.5, TRUE),
    (177, 'HV221', '672711', 'Cô Hà Lê', 'MH034', 'MATH998', 'Networked intermediate data-warehouse', 3, 'HK002', 'Học kỳ 2 Năm học 2021-2022', 'LHP033', 9.1, 9.38, 8.51, 8.74, 'A', 4.0, TRUE),
    (178, 'HV378', '667949', 'Kim Nguyễn', 'MH078', 'CS712', 'Devolved uniform solution', 2, 'HK010', 'Học kỳ 1 Năm học 2024-2025', 'LHP110', 8.8, 6.76, 3.82, 4.9, 'D', 1.0, FALSE),
    (179, 'HV324', '646840', 'Thành Nguyễn', 'MH008', 'IT303', 'Học máy', 3, 'HK010', 'Học kỳ 1 Năm học 2024-2025', 'LHP046', 8.29, 4.41, 6.71, 6.41, 'C+', 2.5, TRUE),
    (180, 'HV007', '665380', 'Ngọc Bùi', 'MH043', 'PHY829', 'Managed modular focus group', 2, 'HK008', 'Học kỳ 2 Năm học 2023-2024', 'LHP048', 9.37, 9.42, 5.05, 6.36, 'C+', 2.5, TRUE),
    (181, 'HV312', '633907', 'Dương Vũ', 'MH051', 'MATH882', 'Proactive foreground emulation', 2, 'HK015', 'Học kỳ hè Năm học 2025-2026', 'LHP005', 6.22, 6.41, 8.37, 7.76, 'B', 3.0, TRUE),
    (182, 'HV141', '672683', 'Phương Dương', 'MH054', 'MATH608', 'Organic background conglomeration', 2, 'HK010', 'Học kỳ 1 Năm học 2024-2025', 'LHP001', 8.69, 7.59, 8.44, 8.29, 'B+', 3.5, TRUE),
    (183, 'HV047', '639234', 'Hải Vũ', 'MH013', 'KT202', 'Tài chính doanh nghiệp', 3, 'HK002', 'Học kỳ 2 Năm học 2021-2022', 'LHP061', 7.37, 8.73, 4.51, 5.64, 'C', 2.0, TRUE),
    (184, 'HV191', '637461', 'Tú Đức Lê', 'MH064', 'CS960', 'Synchronized real-time budgetary management', 2, 'HK010', 'Học kỳ 1 Năm học 2024-2025', 'LHP070', 5.99, 8.84, 5.26, 6.05, 'C+', 2.5, TRUE),
    (185, 'HV186', '652306', 'Hải Bảo Dương', 'MH070', 'CHEM177', 'Implemented secondary ability', 3, 'HK008', 'Học kỳ 2 Năm học 2023-2024', 'LHP107', 7.66, 3.84, 8.38, 7.4, 'B', 3.0, TRUE),
    (186, 'HV113', '671153', 'Lâm Mai', 'MH043', 'PHY829', 'Managed modular focus group', 2, 'HK006', 'Học kỳ hè Năm học 2022-2023', 'LHP060', 8.56, 6.54, 7.99, 7.76, 'B', 3.0, TRUE),
    (187, 'HV001', '664432', 'Nhật Bảo Dương', 'MH024', 'PHY887', 'Progressive encompassing model', 4, 'HK006', 'Học kỳ hè Năm học 2022-2023', 'LHP118', 8.93, 6.61, 2.92, 4.25, 'D', 1.0, FALSE),
    (188, 'HV284', '635187', 'Bà Phương Mai', 'MH057', 'CS148', 'Versatile modular complexity', 2, 'HK013', 'Học kỳ 1 Năm học 2025-2026', 'LHP069', 9.76, 7.33, 3.96, 5.22, 'D+', 1.5, TRUE),
    (189, 'HV109', '644454', 'Phúc Trần', 'MH020', 'QS102', 'Điều lệnh Quân đội', 2, 'HK012', 'Học kỳ hè Năm học 2024-2025', 'LHP039', 6.2, 7.91, 9.11, 8.58, 'A', 4.0, TRUE),
    (190, 'HV453', '644665', 'Nam Thế Đặng', 'MH074', 'PHY418', 'Centralized leadingedge knowledge user', 4, 'HK010', 'Học kỳ 1 Năm học 2024-2025', 'LHP011', 6.51, 4.67, 4.52, 4.75, 'D', 1.0, FALSE),
    (191, 'HV441', '631189', 'Mai Dương', 'MH047', 'CS612', 'Automated 4thgeneration strategy', 4, 'HK010', 'Học kỳ 1 Năm học 2024-2025', 'LHP010', 9.93, 6.42, 6.65, 6.93, 'C+', 2.5, TRUE),
    (192, 'HV468', '672259', 'Hạnh Dương', 'MH045', 'CS718', 'Face-to-face bandwidth-monitored encoding', 2, 'HK009', 'Học kỳ hè Năm học 2023-2024', 'LHP053', 6.29, 5.48, 3.49, 4.17, 'D', 1.0, FALSE),
    (193, 'HV049', '638861', 'Trọng Nguyễn', 'MH049', 'PHY904', 'Re-engineered context-sensitive interface', 4, 'HK008', 'Học kỳ 2 Năm học 2023-2024', 'LHP022', 7.76, 9.57, 3.12, 4.87, 'D', 1.0, FALSE),
    (194, 'HV292', '672161', 'An Xuân Phạm', 'MH025', 'PHY546', 'Function-based intangible product', 4, 'HK011', 'Học kỳ 2 Năm học 2024-2025', 'LHP043', 4.73, 5.71, 6.81, 6.38, 'C+', 2.5, TRUE),
    (195, 'HV242', '643087', 'Nhật Lê', 'MH007', 'IT302', 'Trí tuệ nhân tạo', 3, 'HK012', 'Học kỳ hè Năm học 2024-2025', 'LHP061', 6.65, 8.76, 3.95, 5.18, 'D+', 1.5, TRUE),
    (196, 'HV093', '642292', 'Thành Đức Dương', 'MH014', 'KT301', 'Kinh tế lượng', 3, 'HK011', 'Học kỳ 2 Năm học 2024-2025', 'LHP015', 8.78, 6.89, 4.07, 5.11, 'D+', 1.5, TRUE),
    (197, 'HV282', '672806', 'Bác Phúc Mai', 'MH022', 'QS202', 'Kỹ thuật quân sự', 3, 'HK008', 'Học kỳ 2 Năm học 2023-2024', 'LHP092', 7.7, 6.12, 7.91, 7.53, 'B', 3.0, TRUE),
    (198, 'HV391', '642569', 'Thành Hoàng', 'MH080', 'PHY434', 'Operative responsive project', 3, 'HK015', 'Học kỳ hè Năm học 2025-2026', 'LHP103', 10, 7.64, 8.72, 8.63, 'A', 4.0, TRUE),
    (199, 'HV389', '657948', 'Anh Lê', 'MH048', 'CHEM889', 'Centralized systemic policy', 4, 'HK012', 'Học kỳ hè Năm học 2024-2025', 'LHP010', 5.35, 5.55, 7.56, 6.93, 'C+', 2.5, TRUE),
    (200, 'HV067', '654095', 'An Bùi', 'MH031', 'CHEM492', 'Exclusive asynchronous alliance', 3, 'HK015', 'Học kỳ hè Năm học 2025-2026', 'LHP013', 6.1, 6.72, 5.4, 5.73, 'C', 2.0, TRUE),
    (201, 'HV323', '632788', 'Kim Quang Dương', 'MH025', 'PHY546', 'Function-based intangible product', 4, 'HK002', 'Học kỳ 2 Năm học 2021-2022', 'LHP091', 4.88, 6.34, 5.19, 5.39, 'D+', 1.5, TRUE),
    (202, 'HV319', '679953', 'Anh Châu Nguyễn', 'MH061', 'PHY563', 'Reactive intangible contingency', 4, 'HK010', 'Học kỳ 1 Năm học 2024-2025', 'LHP102', 6.89, 5.17, 7.09, 6.68, 'C+', 2.5, TRUE),
    (203, 'HV394', '677528', 'Nhật Bảo Mai', 'MH074', 'PHY418', 'Centralized leadingedge knowledge user', 4, 'HK015', 'Học kỳ hè Năm học 2025-2026', 'LHP027', 9.75, 5.06, 5.41, 5.78, 'C', 2.0, TRUE),
    (204, 'HV349', '678437', 'Ngọc Vũ', 'MH045', 'CS718', 'Face-to-face bandwidth-monitored encoding', 2, 'HK013', 'Học kỳ 1 Năm học 2025-2026', 'LHP036', 8.43, 7.58, 5.99, 6.55, 'C+', 2.5, TRUE),
    (205, 'HV373', '632080', 'Trọng Thế Mai', 'MH028', 'CS900', 'Ergonomic demand-driven capacity', 4, 'HK008', 'Học kỳ 2 Năm học 2023-2024', 'LHP009', 8.78, 8.76, 7.45, 7.84, 'B', 3.0, TRUE),
    (206, 'HV100', '656334', 'Bác Vũ Nguyễn', 'MH064', 'CS960', 'Synchronized real-time budgetary management', 2, 'HK009', 'Học kỳ hè Năm học 2023-2024', 'LHP101', 7.66, 5.71, 2.97, 3.99, 'F', 0.0, FALSE),
    (207, 'HV087', '658333', 'Dương Dương', 'MH034', 'MATH998', 'Networked intermediate data-warehouse', 3, 'HK002', 'Học kỳ 2 Năm học 2021-2022', 'LHP019', 6.27, 5.98, 3.89, 4.54, 'D', 1.0, FALSE),
    (208, 'HV242', '643087', 'Nhật Lê', 'MH018', 'NN202', 'Tiếng Trung cơ bản', 4, 'HK001', 'Học kỳ 1 Năm học 2021-2022', 'LHP026', 7.74, 5.92, 4.67, 5.23, 'D+', 1.5, TRUE),
    (209, 'HV064', '667358', 'Khoa Đức Hoàng', 'MH024', 'PHY887', 'Progressive encompassing model', 4, 'HK005', 'Học kỳ 2 Năm học 2022-2023', 'LHP074', 7.55, 6.1, 6.6, 6.6, 'C+', 2.5, TRUE),
    (210, 'HV344', '636695', 'Kim Phạm', 'MH058', 'MATH105', 'Proactive global hub', 3, 'HK014', 'Học kỳ 2 Năm học 2025-2026', 'LHP088', 9.7, 6.75, 10, 9.32, 'A+', 4.0, TRUE),
    (211, 'HV158', '648081', 'Bác Minh Phạm', 'MH049', 'PHY904', 'Re-engineered context-sensitive interface', 4, 'HK003', 'Học kỳ hè Năm học 2021-2022', 'LHP099', 8.74, 4.93, 8.39, 7.73, 'B', 3.0, TRUE),
    (212, 'HV461', '645151', 'Hạnh Thị Vũ', 'MH007', 'IT302', 'Trí tuệ nhân tạo', 3, 'HK014', 'Học kỳ 2 Năm học 2025-2026', 'LHP052', 6.68, 8.68, 7.16, 7.42, 'B', 3.0, TRUE),
    (213, 'HV058', '631557', 'Quý cô Hà Hoàng', 'MH077', 'CS623', 'Business-focused empowering concept', 4, 'HK007', 'Học kỳ 1 Năm học 2023-2024', 'LHP074', 8.29, 3.98, 8.12, 7.31, 'B', 3.0, TRUE),
    (214, 'HV165', '636491', 'Lâm Mai', 'MH034', 'MATH998', 'Networked intermediate data-warehouse', 3, 'HK014', 'Học kỳ 2 Năm học 2025-2026', 'LHP033', 7.69, 4.84, 5.13, 5.33, 'D+', 1.5, TRUE),
    (215, 'HV044', '664675', 'Hạnh Trần', 'MH040', 'MATH908', 'Stand-alone responsive strategy', 4, 'HK012', 'Học kỳ hè Năm học 2024-2025', 'LHP044', 8.71, 4.65, 5.79, 5.85, 'C', 2.0, TRUE),
    (216, 'HV452', '656921', 'Chị Bảo Mai', 'MH062', 'CHEM292', 'Sharable fault-tolerant implementation', 3, 'HK008', 'Học kỳ 2 Năm học 2023-2024', 'LHP088', 7.81, 6.83, 7.94, 7.71, 'B', 3.0, TRUE),
    (217, 'HV058', '631557', 'Quý cô Hà Hoàng', 'MH047', 'CS612', 'Automated 4thgeneration strategy', 4, 'HK008', 'Học kỳ 2 Năm học 2023-2024', 'LHP062', 4.97, 8.73, 4.17, 5.16, 'D+', 1.5, TRUE),
    (218, 'HV397', '638734', 'Hải Đức Nguyễn', 'MH003', 'IT201', 'Cấu trúc dữ liệu và giải thuật', 4, 'HK014', 'Học kỳ 2 Năm học 2025-2026', 'LHP010', 10, 6.5, 5.94, 6.46, 'C+', 2.5, TRUE),
    (219, 'HV183', '635914', 'Anh Anh Đặng', 'MH054', 'MATH608', 'Organic background conglomeration', 2, 'HK014', 'Học kỳ 2 Năm học 2025-2026', 'LHP005', 8.13, 8.84, 9.84, 9.47, 'A+', 4.0, TRUE),
    (220, 'HV229', '656229', 'Phúc Hải Hoàng', 'MH009', 'IT304', 'An toàn và bảo mật thông tin', 3, 'HK005', 'Học kỳ 2 Năm học 2022-2023', 'LHP050', 5.84, 9.2, 6.64, 7.07, 'B', 3.0, TRUE),
    (221, 'HV131', '651743', 'Chị Ánh Bùi', 'MH070', 'CHEM177', 'Implemented secondary ability', 3, 'HK011', 'Học kỳ 2 Năm học 2024-2025', 'LHP080', 6.29, 7.43, 4.85, 5.51, 'C', 2.0, TRUE),
    (222, 'HV402', '678792', 'Bà Hương Hoàng', 'MH047', 'CS612', 'Automated 4thgeneration strategy', 4, 'HK009', 'Học kỳ hè Năm học 2023-2024', 'LHP109', 6.15, 9.15, 10, 9.45, 'A+', 4.0, TRUE),
    (223, 'HV053', '641121', 'Bác Anh Trần', 'MH011', 'KT102', 'Kinh tế vĩ mô', 3, 'HK014', 'Học kỳ 2 Năm học 2025-2026', 'LHP070', 6.94, 7.56, 6.23, 6.56, 'C+', 2.5, TRUE),
    (224, 'HV010', '676918', 'Quý cô Lan Trần', 'MH008', 'IT303', 'Học máy', 3, 'HK013', 'Học kỳ 1 Năm học 2025-2026', 'LHP009', 5.81, 9.91, 7.99, 8.16, 'B+', 3.5, TRUE),
    (225, 'HV090', '639895', 'Cô Vi Mai', 'MH006', 'IT301', 'Phát triển ứng dụng Web', 3, 'HK006', 'Học kỳ hè Năm học 2022-2023', 'LHP037', 10, 5.72, 9.07, 8.5, 'A', 4.0, TRUE),
    (226, 'HV248', '669088', 'Tú Hoàng Vũ', 'MH003', 'IT201', 'Cấu trúc dữ liệu và giải thuật', 4, 'HK005', 'Học kỳ 2 Năm học 2022-2023', 'LHP093', 6.76, 6.35, 4.34, 4.98, 'D', 1.0, FALSE),
    (227, 'HV338', '661620', 'Kim Đức Mai', 'MH063', 'MATH935', 'Implemented even-keeled complexity', 2, 'HK003', 'Học kỳ hè Năm học 2021-2022', 'LHP045', 10, 7.06, 6.26, 6.8, 'C+', 2.5, TRUE),
    (228, 'HV428', '635074', 'Chị Hà Dương', 'MH069', 'CHEM272', 'Mandatory value-added moratorium', 4, 'HK010', 'Học kỳ 1 Năm học 2024-2025', 'LHP098', 8.55, 8.77, 3.91, 5.34, 'D+', 1.5, TRUE),
    (229, 'HV402', '678792', 'Bà Hương Hoàng', 'MH008', 'IT303', 'Học máy', 3, 'HK010', 'Học kỳ 1 Năm học 2024-2025', 'LHP110', 8.68, 4.33, 6.26, 6.11, 'C+', 2.5, TRUE),
    (230, 'HV057', '651179', 'Quang Vũ', 'MH055', 'PHY749', 'Profit-focused methodical software', 3, 'HK007', 'Học kỳ 1 Năm học 2023-2024', 'LHP053', 9.06, 4.65, 7.61, 7.17, 'B', 3.0, TRUE),
    (231, 'HV477', '674649', 'Dương Phạm', 'MH066', 'MATH808', 'User-friendly eco-centric framework', 4, 'HK008', 'Học kỳ 2 Năm học 2023-2024', 'LHP046', 8.12, 10.0, 6.18, 7.14, 'B', 3.0, TRUE),
    (232, 'HV364', '651567', 'Chị Vi Dương', 'MH018', 'NN202', 'Tiếng Trung cơ bản', 4, 'HK004', 'Học kỳ 1 Năm học 2022-2023', 'LHP046', 8.37, 6.51, 9.32, 8.66, 'A', 4.0, TRUE),
    (233, 'HV309', '641314', 'Thành Hoàng Dương', 'MH012', 'KT201', 'Nguyên lý kế toán', 4, 'HK010', 'Học kỳ 1 Năm học 2024-2025', 'LHP011', 5.6, 8.14, 4.88, 5.6, 'C', 2.0, TRUE),
    (234, 'HV334', '666690', 'Tú Dương', 'MH043', 'PHY829', 'Managed modular focus group', 2, 'HK003', 'Học kỳ hè Năm học 2021-2022', 'LHP053', 5.9, 6.12, 4.19, 4.75, 'D', 1.0, FALSE),
    (235, 'HV322', '639030', 'Cô Phương Dương', 'MH014', 'KT301', 'Kinh tế lượng', 3, 'HK014', 'Học kỳ 2 Năm học 2025-2026', 'LHP102', 6.35, 9.0, 9.5, 9.08, 'A+', 4.0, TRUE),
    (236, 'HV362', '639006', 'Quý ông Bảo Vũ', 'MH058', 'MATH105', 'Proactive global hub', 3, 'HK013', 'Học kỳ 1 Năm học 2025-2026', 'LHP088', 5.56, 4.73, 7.81, 6.97, 'C+', 2.5, TRUE),
    (237, 'HV272', '658619', 'Xuân Mai', 'MH076', 'CHEM207', 'Vision-oriented empowering parallelism', 2, 'HK005', 'Học kỳ 2 Năm học 2022-2023', 'LHP093', 9.4, 9.31, 9.98, 9.79, 'A+', 4.0, TRUE),
    (238, 'HV286', '641030', 'Kim Hải Trần', 'MH046', 'CHEM667', 'Synergized bottom-line monitoring', 4, 'HK005', 'Học kỳ 2 Năm học 2022-2023', 'LHP097', 8.78, 9.18, 9.78, 9.56, 'A+', 4.0, TRUE),
    (239, 'HV198', '644607', 'Quý cô Bảo Vũ', 'MH014', 'KT301', 'Kinh tế lượng', 3, 'HK008', 'Học kỳ 2 Năm học 2023-2024', 'LHP077', 7.32, 7.5, 9.75, 9.05, 'A+', 4.0, TRUE),
    (240, 'HV384', '651411', 'Vi Trần', 'MH079', 'CHEM343', 'Innovative multi-state collaboration', 2, 'HK007', 'Học kỳ 1 Năm học 2023-2024', 'LHP081', 5.66, 8.53, 4.34, 5.31, 'D+', 1.5, TRUE),
    (241, 'HV307', '645121', 'Minh Thế Dương', 'MH024', 'PHY887', 'Progressive encompassing model', 4, 'HK005', 'Học kỳ 2 Năm học 2022-2023', 'LHP050', 8.23, 5.29, 5.0, 5.38, 'D+', 1.5, TRUE),
    (242, 'HV306', '648339', 'Hưng Mai', 'MH045', 'CS718', 'Face-to-face bandwidth-monitored encoding', 2, 'HK012', 'Học kỳ hè Năm học 2024-2025', 'LHP073', 5.83, 8.72, 3.66, 4.89, 'D', 1.0, FALSE),
    (243, 'HV336', '668035', 'Quý cô Dương Vũ', 'MH032', 'CS758', 'Inverse maximized forecast', 4, 'HK004', 'Học kỳ 1 Năm học 2022-2023', 'LHP040', 8.71, 9.71, 6.84, 7.6, 'B', 3.0, TRUE),
    (244, 'HV247', '644453', 'Chị Nhật Mai', 'MH079', 'CHEM343', 'Innovative multi-state collaboration', 2, 'HK013', 'Học kỳ 1 Năm học 2025-2026', 'LHP018', 6.33, 9.69, 6.57, 7.17, 'B', 3.0, TRUE),
    (245, 'HV064', '667358', 'Khoa Đức Hoàng', 'MH052', 'CHEM184', 'Automated heuristic pricing structure', 4, 'HK006', 'Học kỳ hè Năm học 2022-2023', 'LHP101', 5.68, 4.82, 4.78, 4.88, 'D', 1.0, FALSE),
    (246, 'HV145', '668875', 'Quý cô Nhật Bùi', 'MH053', 'MATH862', 'Quality-focused local Graphic Interface', 4, 'HK005', 'Học kỳ 2 Năm học 2022-2023', 'LHP074', 4.9, 9.72, 2.56, 4.23, 'D', 1.0, FALSE),
    (247, 'HV204', '636469', 'Nhiên Hải Lê', 'MH047', 'CS612', 'Automated 4thgeneration strategy', 4, 'HK013', 'Học kỳ 1 Năm học 2025-2026', 'LHP030', 7.58, 7.85, 10, 9.33, 'A+', 4.0, TRUE),
    (248, 'HV270', '632994', 'Anh Nhiên Vũ', 'MH030', 'MATH559', 'Cross-group 24hour knowledge user', 4, 'HK009', 'Học kỳ hè Năm học 2023-2024', 'LHP049', 6.23, 4.63, 3.8, 4.21, 'D', 1.0, FALSE),
    (249, 'HV397', '638734', 'Hải Đức Nguyễn', 'MH044', 'CS575', 'Enhanced 24/7 leverage', 3, 'HK014', 'Học kỳ 2 Năm học 2025-2026', 'LHP083', 7.69, 9.94, 7.8, 8.22, 'B+', 3.5, TRUE),
    (250, 'HV347', '648337', 'Phúc Phạm', 'MH017', 'NN201', 'Tiếng Anh chuyên ngành', 3, 'HK014', 'Học kỳ 2 Năm học 2025-2026', 'LHP075', 8.25, 4.98, 8.63, 7.86, 'B', 3.0, TRUE),
    (251, 'HV224', '638267', 'Dũng Trần', 'MH076', 'CHEM207', 'Vision-oriented empowering parallelism', 2, 'HK014', 'Học kỳ 2 Năm học 2025-2026', 'LHP071', 6.58, 8.62, 7.97, 7.96, 'B', 3.0, TRUE),
    (252, 'HV015', '651880', 'Anh Nam Bùi', 'MH078', 'CS712', 'Devolved uniform solution', 2, 'HK015', 'Học kỳ hè Năm học 2025-2026', 'LHP013', 6.02, 7.89, 9.27, 8.67, 'A', 4.0, TRUE),
    (253, 'HV037', '648318', 'Kim Mai Đặng', 'MH064', 'CS960', 'Synchronized real-time budgetary management', 2, 'HK001', 'Học kỳ 1 Năm học 2021-2022', 'LHP022', 6.07, 7.68, 5.0, 5.65, 'C', 2.0, TRUE),
    (254, 'HV224', '638267', 'Dũng Trần', 'MH077', 'CS623', 'Business-focused empowering concept', 4, 'HK001', 'Học kỳ 1 Năm học 2021-2022', 'LHP006', 9.42, 5.34, 5.0, 5.51, 'C', 2.0, TRUE),
    (255, 'HV124', '667614', 'Hải Vũ', 'MH017', 'NN201', 'Tiếng Anh chuyên ngành', 3, 'HK015', 'Học kỳ hè Năm học 2025-2026', 'LHP085', 8.42, 7.56, 9.08, 8.71, 'A', 4.0, TRUE),
    (256, 'HV139', '658961', 'Bà Thành Lê', 'MH063', 'MATH935', 'Implemented even-keeled complexity', 2, 'HK010', 'Học kỳ 1 Năm học 2024-2025', 'LHP062', 9.36, 4.62, 6.86, 6.66, 'C+', 2.5, TRUE),
    (257, 'HV431', '678241', 'Ánh Mai', 'MH037', 'CHEM420', 'User-centric intermediate approach', 3, 'HK005', 'Học kỳ 2 Năm học 2022-2023', 'LHP021', 9.24, 5.25, 4.11, 4.85, 'D', 1.0, FALSE),
    (258, 'HV454', '679710', 'Khoa Phạm', 'MH067', 'CS639', 'Customizable grid-enabled info-mediaries', 4, 'HK012', 'Học kỳ hè Năm học 2024-2025', 'LHP100', 7.77, 4.99, 4.28, 4.77, 'D', 1.0, FALSE),
    (259, 'HV204', '636469', 'Nhiên Hải Lê', 'MH042', 'CS898', 'Phased cohesive initiative', 3, 'HK014', 'Học kỳ 2 Năm học 2025-2026', 'LHP093', 10, 9.97, 3.52, 5.46, 'D+', 1.5, TRUE),
    (260, 'HV302', '647483', 'Bà Linh Mai', 'MH059', 'CS958', 'De-engineered zero tolerance neural-net', 4, 'HK008', 'Học kỳ 2 Năm học 2023-2024', 'LHP049', 5.92, 5.54, 7.25, 6.77, 'C+', 2.5, TRUE),
    (261, 'HV312', '633907', 'Dương Vũ', 'MH014', 'KT301', 'Kinh tế lượng', 3, 'HK009', 'Học kỳ hè Năm học 2023-2024', 'LHP090', 6.39, 5.42, 8.11, 7.4, 'B', 3.0, TRUE),
    (262, 'HV081', '635927', 'Bà Nhật Mai', 'MH063', 'MATH935', 'Implemented even-keeled complexity', 2, 'HK009', 'Học kỳ hè Năm học 2023-2024', 'LHP038', 6.34, 7.66, 7.56, 7.46, 'B', 3.0, TRUE),
    (263, 'HV487', '634481', 'Mai Đặng', 'MH054', 'MATH608', 'Organic background conglomeration', 2, 'HK015', 'Học kỳ hè Năm học 2025-2026', 'LHP002', 8.74, 5.07, 6.48, 6.42, 'C+', 2.5, TRUE),
    (264, 'HV097', '641134', 'Chị Vân Trần', 'MH064', 'CS960', 'Synchronized real-time budgetary management', 2, 'HK005', 'Học kỳ 2 Năm học 2022-2023', 'LHP026', 9.76, 10, 8.56, 8.97, 'A', 4.0, TRUE),
    (265, 'HV128', '642952', 'Trung Thị Hoàng', 'MH035', 'CS527', 'Innovative executive utilization', 2, 'HK012', 'Học kỳ hè Năm học 2024-2025', 'LHP007', 8.26, 4.66, 8.05, 7.4, 'B', 3.0, TRUE),
    (266, 'HV473', '651293', 'Bà Yến Mai', 'MH040', 'MATH908', 'Stand-alone responsive strategy', 4, 'HK015', 'Học kỳ hè Năm học 2025-2026', 'LHP044', 9.89, 4.26, 4.7, 5.13, 'D+', 1.5, TRUE),
    (267, 'HV499', '671417', 'Kim Hoàng', 'MH079', 'CHEM343', 'Innovative multi-state collaboration', 2, 'HK009', 'Học kỳ hè Năm học 2023-2024', 'LHP056', 8.28, 7.5, 8.77, 8.47, 'B+', 3.5, TRUE),
    (268, 'HV150', '663228', 'Hà Mai', 'MH011', 'KT102', 'Kinh tế vĩ mô', 3, 'HK003', 'Học kỳ hè Năm học 2021-2022', 'LHP007', 6.76, 9.37, 7.51, 7.81, 'B', 3.0, TRUE),
    (269, 'HV258', '636392', 'Phương Lê', 'MH045', 'CS718', 'Face-to-face bandwidth-monitored encoding', 2, 'HK011', 'Học kỳ 2 Năm học 2024-2025', 'LHP070', 5.91, 8.56, 6.11, 6.58, 'C+', 2.5, TRUE),
    (270, 'HV326', '633420', 'Lâm Đặng', 'MH048', 'CHEM889', 'Centralized systemic policy', 4, 'HK007', 'Học kỳ 1 Năm học 2023-2024', 'LHP054', 6.78, 6.85, 9.53, 8.72, 'A', 4.0, TRUE),
    (271, 'HV422', '633593', 'Châu Nguyễn', 'MH073', 'CS219', 'Cross-platform client-server policy', 3, 'HK010', 'Học kỳ 1 Năm học 2024-2025', 'LHP042', 7.97, 6.01, 8.45, 7.91, 'B', 3.0, TRUE),
    (272, 'HV125', '669363', 'Quang Mai', 'MH057', 'CS148', 'Versatile modular complexity', 2, 'HK004', 'Học kỳ 1 Năm học 2022-2023', 'LHP094', 7.07, 4.07, 7.45, 6.73, 'C+', 2.5, TRUE),
    (273, 'HV284', '635187', 'Bà Phương Mai', 'MH021', 'QS201', 'Chiến thuật bộ binh', 3, 'HK009', 'Học kỳ hè Năm học 2023-2024', 'LHP084', 6.11, 3.75, 8.47, 7.29, 'B', 3.0, TRUE),
    (274, 'HV240', '663639', 'Kim Mai Bảo Hoàng', 'MH018', 'NN202', 'Tiếng Trung cơ bản', 4, 'HK015', 'Học kỳ hè Năm học 2025-2026', 'LHP096', 6.15, 9.81, 9.78, 9.42, 'A+', 4.0, TRUE),
    (275, 'HV104', '678058', 'Hưng Hải Đặng', 'MH078', 'CS712', 'Devolved uniform solution', 2, 'HK004', 'Học kỳ 1 Năm học 2022-2023', 'LHP019', 6.37, 7.85, 4.3, 5.21, 'D+', 1.5, TRUE),
    (276, 'HV452', '656921', 'Chị Bảo Mai', 'MH033', 'MATH371', 'Reactive fault-tolerant Internet solution', 4, 'HK002', 'Học kỳ 2 Năm học 2021-2022', 'LHP049', 7.2, 5.02, 4.59, 4.94, 'D', 1.0, FALSE),
    (277, 'HV271', '653128', 'Vũ Bùi', 'MH066', 'MATH808', 'User-friendly eco-centric framework', 4, 'HK012', 'Học kỳ hè Năm học 2024-2025', 'LHP060', 7.06, 6.74, 7.33, 7.18, 'B', 3.0, TRUE),
    (278, 'HV370', '677968', 'Cô Hà Mai', 'MH054', 'MATH608', 'Organic background conglomeration', 2, 'HK011', 'Học kỳ 2 Năm học 2024-2025', 'LHP091', 9.39, 5.6, 6.05, 6.29, 'C+', 2.5, TRUE),
    (279, 'HV217', '647413', 'An Vũ', 'MH035', 'CS527', 'Innovative executive utilization', 2, 'HK003', 'Học kỳ hè Năm học 2021-2022', 'LHP011', 6.68, 9.33, 7.49, 7.78, 'B', 3.0, TRUE),
    (280, 'HV059', '631251', 'Khoa Mai', 'MH022', 'QS202', 'Kỹ thuật quân sự', 3, 'HK002', 'Học kỳ 2 Năm học 2021-2022', 'LHP049', 4.48, 8.48, 4.27, 5.13, 'D+', 1.5, TRUE),
    (281, 'HV137', '663541', 'Cô Kim Nguyễn', 'MH056', 'MATH569', 'Secured client-driven database', 3, 'HK011', 'Học kỳ 2 Năm học 2024-2025', 'LHP108', 8.0, 9.32, 7.57, 7.96, 'B', 3.0, TRUE),
    (282, 'HV287', '636159', 'Quý cô Lâm Đặng', 'MH061', 'PHY563', 'Reactive intangible contingency', 4, 'HK005', 'Học kỳ 2 Năm học 2022-2023', 'LHP119', 9.9, 5.88, 4.3, 5.18, 'D+', 1.5, TRUE),
    (283, 'HV079', '678855', 'Quý cô Hà Bùi', 'MH069', 'CHEM272', 'Mandatory value-added moratorium', 4, 'HK013', 'Học kỳ 1 Năm học 2025-2026', 'LHP112', 6.92, 7.49, 7.9, 7.72, 'B', 3.0, TRUE),
    (284, 'HV436', '638466', 'Linh Đặng', 'MH018', 'NN202', 'Tiếng Trung cơ bản', 4, 'HK008', 'Học kỳ 2 Năm học 2023-2024', 'LHP015', 8.64, 8.89, 5.01, 6.15, 'C+', 2.5, TRUE),
    (285, 'HV349', '678437', 'Ngọc Vũ', 'MH075', 'CHEM371', 'Distributed contextually-based pricing structure', 2, 'HK010', 'Học kỳ 1 Năm học 2024-2025', 'LHP090', 7.07, 4.76, 3.5, 4.11, 'D', 1.0, FALSE),
    (286, 'HV444', '645462', 'Lâm Hoàng Vũ', 'MH050', 'CS774', 'Face-to-face global parallelism', 3, 'HK003', 'Học kỳ hè Năm học 2021-2022', 'LHP057', 9.12, 7.55, 4.33, 5.45, 'D+', 1.5, TRUE),
    (287, 'HV064', '667358', 'Khoa Đức Hoàng', 'MH048', 'CHEM889', 'Centralized systemic policy', 4, 'HK007', 'Học kỳ 1 Năm học 2023-2024', 'LHP010', 7.27, 7.36, 5.96, 6.37, 'C+', 2.5, TRUE),
    (288, 'HV401', '671563', 'Anh Quang Đặng', 'MH058', 'MATH105', 'Proactive global hub', 3, 'HK014', 'Học kỳ 2 Năm học 2025-2026', 'LHP052', 8.32, 10, 6.84, 7.62, 'B', 3.0, TRUE),
    (289, 'HV360', '668649', 'Anh Nam Hoàng', 'MH024', 'PHY887', 'Progressive encompassing model', 4, 'HK002', 'Học kỳ 2 Năm học 2021-2022', 'LHP108', 5.7, 4.64, 3.58, 4.0, 'D', 1.0, FALSE),
    (290, 'HV483', '678743', 'Bà Vi Dương', 'MH047', 'CS612', 'Automated 4thgeneration strategy', 4, 'HK001', 'Học kỳ 1 Năm học 2021-2022', 'LHP080', 4.07, 4.1, 9.47, 7.85, 'B', 3.0, TRUE),
    (291, 'HV304', '653929', 'Quý cô Nhật Đặng', 'MH042', 'CS898', 'Phased cohesive initiative', 3, 'HK009', 'Học kỳ hè Năm học 2023-2024', 'LHP111', 9.35, 4.48, 8.41, 7.72, 'B', 3.0, TRUE),
    (292, 'HV121', '632322', 'Tùng Văn Phạm', 'MH070', 'CHEM177', 'Implemented secondary ability', 3, 'HK002', 'Học kỳ 2 Năm học 2021-2022', 'LHP115', 10, 5.24, 3.42, 4.44, 'D', 1.0, FALSE),
    (293, 'HV198', '644607', 'Quý cô Bảo Vũ', 'MH018', 'NN202', 'Tiếng Trung cơ bản', 4, 'HK005', 'Học kỳ 2 Năm học 2022-2023', 'LHP040', 6.23, 7.85, 3.6, 4.71, 'D', 1.0, FALSE),
    (294, 'HV197', '636594', 'Chị Xuân Vũ', 'MH031', 'CHEM492', 'Exclusive asynchronous alliance', 3, 'HK004', 'Học kỳ 1 Năm học 2022-2023', 'LHP068', 7.23, 5.53, 4.31, 4.85, 'D', 1.0, FALSE),
    (295, 'HV146', '645664', 'Nam Xuân Mai', 'MH046', 'CHEM667', 'Synergized bottom-line monitoring', 4, 'HK006', 'Học kỳ hè Năm học 2022-2023', 'LHP009', 5.6, 9.13, 8.3, 8.19, 'B+', 3.5, TRUE),
    (296, 'HV408', '643141', 'Phương Hải Hoàng', 'MH044', 'CS575', 'Enhanced 24/7 leverage', 3, 'HK007', 'Học kỳ 1 Năm học 2023-2024', 'LHP027', 8.22, 8.96, 6.68, 7.29, 'B', 3.0, TRUE),
    (297, 'HV305', '656659', 'Khoa Tấn Trần', 'MH052', 'CHEM184', 'Automated heuristic pricing structure', 4, 'HK012', 'Học kỳ hè Năm học 2024-2025', 'LHP039', 8.79, 8.43, 4.78, 5.91, 'C', 2.0, TRUE),
    (298, 'HV432', '655635', 'Khoa Bùi', 'MH009', 'IT304', 'An toàn và bảo mật thông tin', 3, 'HK001', 'Học kỳ 1 Năm học 2021-2022', 'LHP034', 5.65, 9.57, 7.85, 7.98, 'B', 3.0, TRUE),
    (299, 'HV063', '649470', 'Nhật Thế Trần', 'MH065', 'MATH771', 'Digitized upward-trending emulation', 2, 'HK013', 'Học kỳ 1 Năm học 2025-2026', 'LHP004', 7.59, 4.93, 6.56, 6.34, 'C+', 2.5, TRUE),
    (300, 'HV212', '659118', 'Dũng Vũ', 'MH057', 'CS148', 'Versatile modular complexity', 2, 'HK012', 'Học kỳ hè Năm học 2024-2025', 'LHP097', 6.98, 5.47, 7.79, 7.24, 'B', 3.0, TRUE),
    (301, 'HV346', '647348', 'Lâm Đặng', 'MH048', 'CHEM889', 'Centralized systemic policy', 4, 'HK011', 'Học kỳ 2 Năm học 2024-2025', 'LHP053', 6.15, 4.39, 10, 8.49, 'B+', 3.5, TRUE),
    (302, 'HV281', '633282', 'Anh Nam Lê', 'MH059', 'CS958', 'De-engineered zero tolerance neural-net', 4, 'HK014', 'Học kỳ 2 Năm học 2025-2026', 'LHP055', 8.86, 8.65, 9.41, 9.21, 'A+', 4.0, TRUE),
    (303, 'HV423', '669907', 'Bà Hạnh Phạm', 'MH075', 'CHEM371', 'Distributed contextually-based pricing structure', 2, 'HK014', 'Học kỳ 2 Năm học 2025-2026', 'LHP106', 6.95, 7.72, 3.73, 4.85, 'D', 1.0, FALSE),
    (304, 'HV365', '655468', 'Bác Thành Phạm', 'MH028', 'CS900', 'Ergonomic demand-driven capacity', 4, 'HK015', 'Học kỳ hè Năm học 2025-2026', 'LHP042', 8.36, 6.78, 7.1, 7.16, 'B', 3.0, TRUE),
    (305, 'HV285', '671888', 'An Nguyễn', 'MH017', 'NN201', 'Tiếng Anh chuyên ngành', 3, 'HK015', 'Học kỳ hè Năm học 2025-2026', 'LHP098', 8.21, 7.35, 2.75, 4.22, 'D', 1.0, FALSE),
    (306, 'HV292', '672161', 'An Xuân Phạm', 'MH060', 'PHY835', 'Synergistic mobile analyzer', 4, 'HK004', 'Học kỳ 1 Năm học 2022-2023', 'LHP022', 6.52, 6.39, 3.71, 4.53, 'D', 1.0, FALSE),
    (307, 'HV179', '671765', 'Phương Hoàng', 'MH050', 'CS774', 'Face-to-face global parallelism', 3, 'HK002', 'Học kỳ 2 Năm học 2021-2022', 'LHP116', 5.54, 6.32, 8.59, 7.83, 'B', 3.0, TRUE),
    (308, 'HV484', '653160', 'Hải Phú Bùi', 'MH041', 'CS382', 'Seamless context-sensitive infrastructure', 4, 'HK001', 'Học kỳ 1 Năm học 2021-2022', 'LHP035', 7.72, 7.83, 7.78, 7.79, 'B', 3.0, TRUE),
    (309, 'HV496', '643265', 'Ông Châu Hoàng', 'MH051', 'MATH882', 'Proactive foreground emulation', 2, 'HK005', 'Học kỳ 2 Năm học 2022-2023', 'LHP104', 7.89, 8.29, 3.82, 5.12, 'D+', 1.5, TRUE),
    (310, 'HV381', '666073', 'Hạnh Phạm', 'MH078', 'CS712', 'Devolved uniform solution', 2, 'HK003', 'Học kỳ hè Năm học 2021-2022', 'LHP016', 7.39, 7.95, 6.47, 6.86, 'C+', 2.5, TRUE),
    (311, 'HV291', '656101', 'Bác Quang Phạm', 'MH001', 'IT101', 'Nhập môn Công nghệ thông tin', 3, 'HK004', 'Học kỳ 1 Năm học 2022-2023', 'LHP029', 9.27, 6.0, 9.39, 8.7, 'A', 4.0, TRUE),
    (312, 'HV153', '632579', 'Chị Hà Trần', 'MH031', 'CHEM492', 'Exclusive asynchronous alliance', 3, 'HK010', 'Học kỳ 1 Năm học 2024-2025', 'LHP037', 9.14, 5.05, 9.24, 8.39, 'B+', 3.5, TRUE),
    (313, 'HV147', '641304', 'Khoa Mai Bảo Đặng', 'MH012', 'KT201', 'Nguyên lý kế toán', 4, 'HK009', 'Học kỳ hè Năm học 2023-2024', 'LHP020', 9.71, 7.91, 3.91, 5.29, 'D+', 1.5, TRUE),
    (314, 'HV289', '667239', 'Khoa Trí Lê', 'MH023', 'CS428', 'Robust system-worthy benchmark', 2, 'HK003', 'Học kỳ hè Năm học 2021-2022', 'LHP095', 6.49, 10, 8.21, 8.4, 'B+', 3.5, TRUE),
    (315, 'HV098', '665895', 'Chị Thảo Mai', 'MH005', 'IT203', 'Mạng máy tính', 3, 'HK014', 'Học kỳ 2 Năm học 2025-2026', 'LHP087', 5.56, 8.0, 8.91, 8.4, 'B+', 3.5, TRUE),
    (316, 'HV186', '652306', 'Hải Bảo Dương', 'MH046', 'CHEM667', 'Synergized bottom-line monitoring', 4, 'HK003', 'Học kỳ hè Năm học 2021-2022', 'LHP104', 6.4, 4.84, 8.12, 7.29, 'B', 3.0, TRUE),
    (317, 'HV224', '638267', 'Dũng Trần', 'MH061', 'PHY563', 'Reactive intangible contingency', 4, 'HK014', 'Học kỳ 2 Năm học 2025-2026', 'LHP072', 5.52, 9.11, 3.36, 4.72, 'D', 1.0, FALSE),
    (318, 'HV362', '639006', 'Quý ông Bảo Vũ', 'MH022', 'QS202', 'Kỹ thuật quân sự', 3, 'HK002', 'Học kỳ 2 Năm học 2021-2022', 'LHP107', 9.35, 7.9, 5.35, 6.26, 'C+', 2.5, TRUE),
    (319, 'HV241', '645147', 'Quý ông Dũng Hoàng', 'MH019', 'QS101', 'Giáo dục Quốc phòng', 2, 'HK015', 'Học kỳ hè Năm học 2025-2026', 'LHP009', 8.14, 5.7, 2.83, 3.93, 'F', 0.0, FALSE),
    (320, 'HV193', '675919', 'Thành Đức Mai', 'MH043', 'PHY829', 'Managed modular focus group', 2, 'HK008', 'Học kỳ 2 Năm học 2023-2024', 'LHP117', 9.21, 9.07, 6.99, 7.62, 'B', 3.0, TRUE),
    (321, 'HV420', '631759', 'Trọng Đức Mai', 'MH041', 'CS382', 'Seamless context-sensitive infrastructure', 4, 'HK008', 'Học kỳ 2 Năm học 2023-2024', 'LHP030', 10, 9.6, 3.59, 5.44, 'D+', 1.5, TRUE),
    (322, 'HV246', '634739', 'Cô Hương Nguyễn', 'MH021', 'QS201', 'Chiến thuật bộ binh', 3, 'HK010', 'Học kỳ 1 Năm học 2024-2025', 'LHP076', 6.93, 5.3, 7.93, 7.3, 'B', 3.0, TRUE),
    (323, 'HV442', '654029', 'Chị Dương Nguyễn', 'MH007', 'IT302', 'Trí tuệ nhân tạo', 3, 'HK011', 'Học kỳ 2 Năm học 2024-2025', 'LHP055', 6.37, 6.23, 6.25, 6.26, 'C+', 2.5, TRUE),
    (324, 'HV276', '645737', 'Cô Mai Phạm', 'MH055', 'PHY749', 'Profit-focused methodical software', 3, 'HK014', 'Học kỳ 2 Năm học 2025-2026', 'LHP034', 8.06, 9.14, 6.83, 7.41, 'B', 3.0, TRUE),
    (325, 'HV499', '671417', 'Kim Hoàng', 'MH036', 'CS430', 'Stand-alone national project', 2, 'HK005', 'Học kỳ 2 Năm học 2022-2023', 'LHP022', 8.72, 6.84, 4.36, 5.29, 'D+', 1.5, TRUE),
    (326, 'HV077', '639734', 'Cô Lâm Hoàng', 'MH033', 'MATH371', 'Reactive fault-tolerant Internet solution', 4, 'HK008', 'Học kỳ 2 Năm học 2023-2024', 'LHP027', 5.28, 9.54, 6.72, 7.14, 'B', 3.0, TRUE),
    (327, 'HV440', '646904', 'Bảo Thị Mai', 'MH055', 'PHY749', 'Profit-focused methodical software', 3, 'HK014', 'Học kỳ 2 Năm học 2025-2026', 'LHP034', 7.44, 8.3, 7.41, 7.59, 'B', 3.0, TRUE),
    (328, 'HV096', '678048', 'Bà Dương Lê', 'MH025', 'PHY546', 'Function-based intangible product', 4, 'HK008', 'Học kỳ 2 Năm học 2023-2024', 'LHP117', 9.04, 4.15, 4.95, 5.2, 'D+', 1.5, TRUE),
    (329, 'HV021', '652360', 'Ông Thành Bùi', 'MH051', 'MATH882', 'Proactive foreground emulation', 2, 'HK009', 'Học kỳ hè Năm học 2023-2024', 'LHP083', 5.81, 5.38, 9.26, 8.14, 'B+', 3.5, TRUE),
    (330, 'HV419', '645058', 'Châu Hữu Bùi', 'MH052', 'CHEM184', 'Automated heuristic pricing structure', 4, 'HK014', 'Học kỳ 2 Năm học 2025-2026', 'LHP098', 4.72, 7.31, 5.87, 6.04, 'C+', 2.5, TRUE),
    (331, 'HV467', '657986', 'Quý ông Hưng Nguyễn', 'MH054', 'MATH608', 'Organic background conglomeration', 2, 'HK010', 'Học kỳ 1 Năm học 2024-2025', 'LHP015', 6.56, 5.2, 8.62, 7.73, 'B', 3.0, TRUE),
    (332, 'HV102', '668378', 'Hương Phạm', 'MH017', 'NN201', 'Tiếng Anh chuyên ngành', 3, 'HK010', 'Học kỳ 1 Năm học 2024-2025', 'LHP085', 5.25, 5.22, 3.82, 4.24, 'D', 1.0, FALSE),
    (333, 'HV339', '672442', 'Hoàng Hữu Bùi', 'MH035', 'CS527', 'Innovative executive utilization', 2, 'HK004', 'Học kỳ 1 Năm học 2022-2023', 'LHP075', 6.77, 3.99, 4.78, 4.82, 'D', 1.0, FALSE),
    (334, 'HV403', '635310', 'Bảo Hải Mai', 'MH038', 'PHY504', 'Secured zero-defect middleware', 3, 'HK015', 'Học kỳ hè Năm học 2025-2026', 'LHP010', 6.2, 9.98, 4.44, 5.73, 'C', 2.0, TRUE),
    (335, 'HV002', '655860', 'Vân Dương', 'MH035', 'CS527', 'Innovative executive utilization', 2, 'HK015', 'Học kỳ hè Năm học 2025-2026', 'LHP094', 8.34, 10, 8.93, 9.08, 'A+', 4.0, TRUE),
    (336, 'HV500', '647480', 'Quý ông Tú Dương', 'MH028', 'CS900', 'Ergonomic demand-driven capacity', 4, 'HK002', 'Học kỳ 2 Năm học 2021-2022', 'LHP033', 6.58, 10.0, 5.47, 6.48, 'C+', 2.5, TRUE),
    (337, 'HV461', '645151', 'Hạnh Thị Vũ', 'MH002', 'IT102', 'Lập trình cơ bản', 4, 'HK008', 'Học kỳ 2 Năm học 2023-2024', 'LHP102', 7.93, 8.27, 4.47, 5.57, 'C', 2.0, TRUE),
    (338, 'HV333', '677097', 'An Mai Bảo Mai', 'MH079', 'CHEM343', 'Innovative multi-state collaboration', 2, 'HK009', 'Học kỳ hè Năm học 2023-2024', 'LHP119', 5.32, 7.67, 8.55, 8.05, 'B+', 3.5, TRUE),
    (339, 'HV118', '673673', 'Phương Thế Vũ', 'MH058', 'MATH105', 'Proactive global hub', 3, 'HK008', 'Học kỳ 2 Năm học 2023-2024', 'LHP037', 5.62, 5.86, 8.65, 7.79, 'B', 3.0, TRUE),
    (340, 'HV498', '642862', 'Hạnh Lê', 'MH001', 'IT101', 'Nhập môn Công nghệ thông tin', 3, 'HK011', 'Học kỳ 2 Năm học 2024-2025', 'LHP071', 6.95, 5.48, 3.57, 4.29, 'D', 1.0, FALSE),
    (341, 'HV239', '664162', 'Quang Vũ', 'MH040', 'MATH908', 'Stand-alone responsive strategy', 4, 'HK005', 'Học kỳ 2 Năm học 2022-2023', 'LHP058', 7.7, 3.89, 6.79, 6.3, 'C+', 2.5, TRUE),
    (342, 'HV019', '679202', 'Vi Mai', 'MH039', 'PHY188', 'Horizontal well-modulated circuit', 3, 'HK015', 'Học kỳ hè Năm học 2025-2026', 'LHP007', 8.15, 3.53, 4.5, 4.67, 'D', 1.0, FALSE),
    (343, 'HV254', '663084', 'Châu Vũ', 'MH013', 'KT202', 'Tài chính doanh nghiệp', 3, 'HK015', 'Học kỳ hè Năm học 2025-2026', 'LHP119', 8.13, 9.0, 5.82, 6.69, 'C+', 2.5, TRUE),
    (344, 'HV355', '634366', 'Tú Trí Vũ', 'MH008', 'IT303', 'Học máy', 3, 'HK003', 'Học kỳ hè Năm học 2021-2022', 'LHP099', 8.92, 4.93, 7.05, 6.82, 'C+', 2.5, TRUE),
    (345, 'HV415', '679362', 'Nhật Bảo Mai', 'MH013', 'KT202', 'Tài chính doanh nghiệp', 3, 'HK010', 'Học kỳ 1 Năm học 2024-2025', 'LHP023', 7.7, 5.31, 5.4, 5.61, 'C', 2.0, TRUE),
    (346, 'HV191', '637461', 'Tú Đức Lê', 'MH051', 'MATH882', 'Proactive foreground emulation', 2, 'HK007', 'Học kỳ 1 Năm học 2023-2024', 'LHP002', 9.28, 4.66, 8.86, 8.06, 'B+', 3.5, TRUE),
    (347, 'HV197', '636594', 'Chị Xuân Vũ', 'MH023', 'CS428', 'Robust system-worthy benchmark', 2, 'HK012', 'Học kỳ hè Năm học 2024-2025', 'LHP105', 6.02, 5.4, 3.66, 4.24, 'D', 1.0, FALSE),
    (348, 'HV063', '649470', 'Nhật Thế Trần', 'MH041', 'CS382', 'Seamless context-sensitive infrastructure', 4, 'HK005', 'Học kỳ 2 Năm học 2022-2023', 'LHP037', 9.67, 9.38, 3.31, 5.16, 'D+', 1.5, TRUE),
    (349, 'HV338', '661620', 'Kim Đức Mai', 'MH032', 'CS758', 'Inverse maximized forecast', 4, 'HK012', 'Học kỳ hè Năm học 2024-2025', 'LHP037', 8.39, 3.38, 7.86, 7.02, 'B', 3.0, TRUE),
    (350, 'HV342', '671554', 'An Nguyễn', 'MH056', 'MATH569', 'Secured client-driven database', 3, 'HK014', 'Học kỳ 2 Năm học 2025-2026', 'LHP051', 8.36, 6.25, 6.35, 6.53, 'C+', 2.5, TRUE),
    (351, 'HV476', '666171', 'Dũng Hoàng Vũ', 'MH034', 'MATH998', 'Networked intermediate data-warehouse', 3, 'HK014', 'Học kỳ 2 Năm học 2025-2026', 'LHP025', 4.38, 7.63, 8.84, 8.15, 'B+', 3.5, TRUE),
    (352, 'HV159', '657214', 'Chị Hải Nguyễn', 'MH008', 'IT303', 'Học máy', 3, 'HK002', 'Học kỳ 2 Năm học 2021-2022', 'LHP060', 7.57, 4.0, 4.42, 4.65, 'D', 1.0, FALSE),
    (353, 'HV387', '666730', 'Bà Bảo Vũ', 'MH053', 'MATH862', 'Quality-focused local Graphic Interface', 4, 'HK005', 'Học kỳ 2 Năm học 2022-2023', 'LHP101', 9.81, 5.95, 6.33, 6.6, 'C+', 2.5, TRUE),
    (354, 'HV435', '679739', 'Nam Thế Đặng', 'MH078', 'CS712', 'Devolved uniform solution', 2, 'HK015', 'Học kỳ hè Năm học 2025-2026', 'LHP075', 7.3, 8.02, 8.3, 8.14, 'B+', 3.5, TRUE),
    (355, 'HV499', '671417', 'Kim Hoàng', 'MH002', 'IT102', 'Lập trình cơ bản', 4, 'HK003', 'Học kỳ hè Năm học 2021-2022', 'LHP064', 6.58, 9.82, 5.39, 6.39, 'C+', 2.5, TRUE),
    (356, 'HV234', '665500', 'Hưng Hữu Trần', 'MH047', 'CS612', 'Automated 4thgeneration strategy', 4, 'HK008', 'Học kỳ 2 Năm học 2023-2024', 'LHP062', 9.76, 9.0, 6.28, 7.17, 'B', 3.0, TRUE),
    (357, 'HV101', '663186', 'Nhiên Thế Hoàng', 'MH049', 'PHY904', 'Re-engineered context-sensitive interface', 4, 'HK010', 'Học kỳ 1 Năm học 2024-2025', 'LHP021', 7.16, 4.69, 5.68, 5.63, 'C', 2.0, TRUE),
    (358, 'HV209', '647336', 'Nhật Lê', 'MH022', 'QS202', 'Kỹ thuật quân sự', 3, 'HK012', 'Học kỳ hè Năm học 2024-2025', 'LHP064', 6.3, 10, 6.98, 7.52, 'B', 3.0, TRUE),
    (359, 'HV231', '663098', 'Hải Vũ', 'MH065', 'MATH771', 'Digitized upward-trending emulation', 2, 'HK002', 'Học kỳ 2 Năm học 2021-2022', 'LHP015', 8.84, 8.29, 7.32, 7.67, 'B', 3.0, TRUE),
    (360, 'HV028', '657537', 'Bảo Đặng', 'MH013', 'KT202', 'Tài chính doanh nghiệp', 3, 'HK010', 'Học kỳ 1 Năm học 2024-2025', 'LHP024', 4.71, 5.36, 8.78, 7.69, 'B', 3.0, TRUE),
    (361, 'HV384', '651411', 'Vi Trần', 'MH078', 'CS712', 'Devolved uniform solution', 2, 'HK015', 'Học kỳ hè Năm học 2025-2026', 'LHP044', 8.67, 7.65, 3.36, 4.75, 'D', 1.0, FALSE),
    (362, 'HV076', '649762', 'Châu Bùi', 'MH040', 'MATH908', 'Stand-alone responsive strategy', 4, 'HK008', 'Học kỳ 2 Năm học 2023-2024', 'LHP021', 5.48, 6.24, 9.83, 8.68, 'A', 4.0, TRUE),
    (363, 'HV448', '679623', 'Hạnh Mai Bảo Hoàng', 'MH015', 'NN101', 'Tiếng Anh cơ bản', 4, 'HK004', 'Học kỳ 1 Năm học 2022-2023', 'LHP096', 4.98, 7.76, 5.15, 5.66, 'C', 2.0, TRUE),
    (364, 'HV091', '661286', 'Ông Dũng Lê', 'MH008', 'IT303', 'Học máy', 3, 'HK014', 'Học kỳ 2 Năm học 2025-2026', 'LHP098', 10, 3.7, 5.91, 5.87, 'C', 2.0, TRUE),
    (365, 'HV131', '651743', 'Chị Ánh Bùi', 'MH036', 'CS430', 'Stand-alone national project', 2, 'HK010', 'Học kỳ 1 Năm học 2024-2025', 'LHP046', 6.2, 6.33, 9.25, 8.36, 'B+', 3.5, TRUE),
    (366, 'HV048', '647991', 'Chi Vũ', 'MH049', 'PHY904', 'Re-engineered context-sensitive interface', 4, 'HK003', 'Học kỳ hè Năm học 2021-2022', 'LHP039', 3.94, 6.61, 4.04, 4.54, 'D', 1.0, FALSE),
    (367, 'HV067', '654095', 'An Bùi', 'MH007', 'IT302', 'Trí tuệ nhân tạo', 3, 'HK013', 'Học kỳ 1 Năm học 2025-2026', 'LHP019', 6.32, 9.73, 5.03, 6.1, 'C+', 2.5, TRUE),
    (368, 'HV329', '644141', 'Cô Hạnh Lê', 'MH006', 'IT301', 'Phát triển ứng dụng Web', 3, 'HK004', 'Học kỳ 1 Năm học 2022-2023', 'LHP119', 8.73, 3.96, 7.03, 6.59, 'C+', 2.5, TRUE),
    (369, 'HV378', '667949', 'Kim Nguyễn', 'MH042', 'CS898', 'Phased cohesive initiative', 3, 'HK002', 'Học kỳ 2 Năm học 2021-2022', 'LHP076', 8.21, 3.34, 8.75, 7.61, 'B', 3.0, TRUE),
    (370, 'HV071', '646951', 'Cô Mai Dương', 'MH063', 'MATH935', 'Implemented even-keeled complexity', 2, 'HK008', 'Học kỳ 2 Năm học 2023-2024', 'LHP043', 7.09, 8.69, 9.65, 9.2, 'A+', 4.0, TRUE),
    (371, 'HV410', '673799', 'Hà Đặng', 'MH005', 'IT203', 'Mạng máy tính', 3, 'HK015', 'Học kỳ hè Năm học 2025-2026', 'LHP073', 5.95, 7.24, 10.0, 9.04, 'A+', 4.0, TRUE),
    (372, 'HV388', '638585', 'Châu Lê', 'MH024', 'PHY887', 'Progressive encompassing model', 4, 'HK005', 'Học kỳ 2 Năm học 2022-2023', 'LHP043', 6.21, 8.53, 8.21, 8.08, 'B+', 3.5, TRUE),
    (373, 'HV323', '632788', 'Kim Quang Dương', 'MH012', 'KT201', 'Nguyên lý kế toán', 4, 'HK002', 'Học kỳ 2 Năm học 2021-2022', 'LHP028', 6.37, 5.15, 8.66, 7.73, 'B', 3.0, TRUE),
    (374, 'HV492', '679881', 'Bà Phương Dương', 'MH002', 'IT102', 'Lập trình cơ bản', 4, 'HK001', 'Học kỳ 1 Năm học 2021-2022', 'LHP029', 8.47, 7.08, 6.35, 6.71, 'C+', 2.5, TRUE),
    (375, 'HV286', '641030', 'Kim Hải Trần', 'MH039', 'PHY188', 'Horizontal well-modulated circuit', 3, 'HK009', 'Học kỳ hè Năm học 2023-2024', 'LHP069', 9.5, 6.72, 8.19, 8.03, 'B+', 3.5, TRUE),
    (376, 'HV145', '668875', 'Quý cô Nhật Bùi', 'MH009', 'IT304', 'An toàn và bảo mật thông tin', 3, 'HK013', 'Học kỳ 1 Năm học 2025-2026', 'LHP040', 8.13, 5.88, 2.25, 3.56, 'F', 0.0, FALSE),
    (377, 'HV046', '631225', 'Bà Hà Trần', 'MH072', 'MATH659', 'Innovative systemic support', 3, 'HK015', 'Học kỳ hè Năm học 2025-2026', 'LHP057', 5.22, 8.5, 8.12, 7.91, 'B', 3.0, TRUE),
    (378, 'HV151', '631616', 'Cô Lâm Dương', 'MH015', 'NN101', 'Tiếng Anh cơ bản', 4, 'HK012', 'Học kỳ hè Năm học 2024-2025', 'LHP041', 8.8, 3.29, 5.47, 5.37, 'D+', 1.5, TRUE),
    (379, 'HV005', '663135', 'Chị Hà Mai', 'MH048', 'CHEM889', 'Centralized systemic policy', 4, 'HK009', 'Học kỳ hè Năm học 2023-2024', 'LHP071', 9.8, 6.75, 4.45, 5.45, 'D+', 1.5, TRUE),
    (380, 'HV298', '657144', 'Chị Kim Dương', 'MH050', 'CS774', 'Face-to-face global parallelism', 3, 'HK010', 'Học kỳ 1 Năm học 2024-2025', 'LHP072', 5.51, 5.91, 6.05, 5.97, 'C', 2.0, TRUE),
    (381, 'HV070', '633957', 'Bảo Nguyễn', 'MH002', 'IT102', 'Lập trình cơ bản', 4, 'HK004', 'Học kỳ 1 Năm học 2022-2023', 'LHP028', 6.19, 6.29, 7.64, 7.23, 'B', 3.0, TRUE),
    (382, 'HV015', '651880', 'Anh Nam Bùi', 'MH047', 'CS612', 'Automated 4thgeneration strategy', 4, 'HK011', 'Học kỳ 2 Năm học 2024-2025', 'LHP014', 8.54, 9.35, 6.08, 6.98, 'C+', 2.5, TRUE),
    (383, 'HV215', '675695', 'Hưng Vũ', 'MH073', 'CS219', 'Cross-platform client-server policy', 3, 'HK014', 'Học kỳ 2 Năm học 2025-2026', 'LHP002', 5.56, 8.38, 4.61, 5.46, 'D+', 1.5, TRUE),
    (384, 'HV279', '662478', 'Bà Vân Trần', 'MH020', 'QS102', 'Điều lệnh Quân đội', 2, 'HK008', 'Học kỳ 2 Năm học 2023-2024', 'LHP049', 8.7, 6.76, 8.71, 8.32, 'B+', 3.5, TRUE),
    (385, 'HV207', '672299', 'Chị Thành Vũ', 'MH036', 'CS430', 'Stand-alone national project', 2, 'HK009', 'Học kỳ hè Năm học 2023-2024', 'LHP013', 6.8, 8.3, 6.88, 7.16, 'B', 3.0, TRUE),
    (386, 'HV420', '631759', 'Trọng Đức Mai', 'MH047', 'CS612', 'Automated 4thgeneration strategy', 4, 'HK004', 'Học kỳ 1 Năm học 2022-2023', 'LHP091', 8.79, 7.07, 9.01, 8.6, 'A', 4.0, TRUE),
    (387, 'HV311', '662617', 'Anh Tùng Bùi', 'MH044', 'CS575', 'Enhanced 24/7 leverage', 3, 'HK007', 'Học kỳ 1 Năm học 2023-2024', 'LHP015', 6.19, 8.31, 9.28, 8.78, 'A', 4.0, TRUE),
    (388, 'HV369', '665412', 'Bà Thảo Đặng', 'MH026', 'CHEM794', 'Compatible client-server system engine', 3, 'HK007', 'Học kỳ 1 Năm học 2023-2024', 'LHP105', 8.5, 7.37, 7.43, 7.53, 'B', 3.0, TRUE),
    (389, 'HV378', '667949', 'Kim Nguyễn', 'MH034', 'MATH998', 'Networked intermediate data-warehouse', 3, 'HK004', 'Học kỳ 1 Năm học 2022-2023', 'LHP069', 8.48, 9.19, 3.63, 5.23, 'D+', 1.5, TRUE),
    (390, 'HV369', '665412', 'Bà Thảo Đặng', 'MH001', 'IT101', 'Nhập môn Công nghệ thông tin', 3, 'HK015', 'Học kỳ hè Năm học 2025-2026', 'LHP054', 6.94, 6.77, 4.38, 5.12, 'D+', 1.5, TRUE),
    (391, 'HV296', '661171', 'Ông Thành Lê', 'MH011', 'KT102', 'Kinh tế vĩ mô', 3, 'HK007', 'Học kỳ 1 Năm học 2023-2024', 'LHP040', 8.58, 8.36, 8.69, 8.62, 'A', 4.0, TRUE),
    (392, 'HV078', '634047', 'Thành Đức Hoàng', 'MH022', 'QS202', 'Kỹ thuật quân sự', 3, 'HK004', 'Học kỳ 1 Năm học 2022-2023', 'LHP044', 9.1, 5.37, 5.46, 5.81, 'C', 2.0, TRUE),
    (393, 'HV365', '655468', 'Bác Thành Phạm', 'MH043', 'PHY829', 'Managed modular focus group', 2, 'HK002', 'Học kỳ 2 Năm học 2021-2022', 'LHP113', 8.86, 8.89, 4.31, 5.68, 'C', 2.0, TRUE),
    (394, 'HV484', '653160', 'Hải Phú Bùi', 'MH018', 'NN202', 'Tiếng Trung cơ bản', 4, 'HK007', 'Học kỳ 1 Năm học 2023-2024', 'LHP112', 5.77, 6.32, 5.76, 5.87, 'C', 2.0, TRUE),
    (395, 'HV369', '665412', 'Bà Thảo Đặng', 'MH051', 'MATH882', 'Proactive foreground emulation', 2, 'HK011', 'Học kỳ 2 Năm học 2024-2025', 'LHP113', 7.77, 5.45, 8.52, 7.83, 'B', 3.0, TRUE),
    (396, 'HV184', '678959', 'Bảo Thị Phạm', 'MH001', 'IT101', 'Nhập môn Công nghệ thông tin', 3, 'HK009', 'Học kỳ hè Năm học 2023-2024', 'LHP056', 10, 8.63, 6.55, 7.31, 'B', 3.0, TRUE),
    (397, 'HV439', '676269', 'Quang Bảo Trần', 'MH063', 'MATH935', 'Implemented even-keeled complexity', 2, 'HK010', 'Học kỳ 1 Năm học 2024-2025', 'LHP038', 6.22, 3.47, 4.0, 4.11, 'D', 1.0, FALSE),
    (398, 'HV243', '654002', 'Phúc Quang Nguyễn', 'MH048', 'CHEM889', 'Centralized systemic policy', 4, 'HK003', 'Học kỳ hè Năm học 2021-2022', 'LHP092', 7.25, 9.2, 3.7, 5.16, 'D+', 1.5, TRUE),
    (399, 'HV245', '676970', 'Nhật Phạm', 'MH031', 'CHEM492', 'Exclusive asynchronous alliance', 3, 'HK011', 'Học kỳ 2 Năm học 2024-2025', 'LHP109', 9.13, 8.57, 4.13, 5.52, 'C', 2.0, TRUE),
    (400, 'HV160', '632432', 'Cô Phương Hoàng', 'MH059', 'CS958', 'De-engineered zero tolerance neural-net', 4, 'HK013', 'Học kỳ 1 Năm học 2025-2026', 'LHP101', 10, 8.57, 7.73, 8.12, 'B+', 3.5, TRUE),
    (401, 'HV013', '658766', 'Quý cô Thảo Dương', 'MH025', 'PHY546', 'Function-based intangible product', 4, 'HK007', 'Học kỳ 1 Năm học 2023-2024', 'LHP115', 7.93, 7.43, 10, 9.28, 'A+', 4.0, TRUE),
    (402, 'HV467', '657986', 'Quý ông Hưng Nguyễn', 'MH038', 'PHY504', 'Secured zero-defect middleware', 3, 'HK011', 'Học kỳ 2 Năm học 2024-2025', 'LHP007', 5.2, 5.28, 8.62, 7.61, 'B', 3.0, TRUE),
    (403, 'HV312', '633907', 'Dương Vũ', 'MH027', 'CHEM106', 'Down-sized methodical flexibility', 3, 'HK013', 'Học kỳ 1 Năm học 2025-2026', 'LHP082', 8.8, 7.0, 6.92, 7.13, 'B', 3.0, TRUE),
    (404, 'HV293', '632218', 'An Hải Đặng', 'MH015', 'NN101', 'Tiếng Anh cơ bản', 4, 'HK013', 'Học kỳ 1 Năm học 2025-2026', 'LHP118', 9.59, 5.03, 5.49, 5.81, 'C', 2.0, TRUE),
    (405, 'HV321', '673848', 'Quang Lê', 'MH080', 'PHY434', 'Operative responsive project', 3, 'HK007', 'Học kỳ 1 Năm học 2023-2024', 'LHP039', 5.52, 6.47, 5.63, 5.79, 'C', 2.0, TRUE),
    (406, 'HV123', '662158', 'Linh Nguyễn', 'MH004', 'IT202', 'Cơ sở dữ liệu', 3, 'HK014', 'Học kỳ 2 Năm học 2025-2026', 'LHP001', 8.59, 3.84, 3.13, 3.81, 'F', 0.0, FALSE),
    (407, 'HV116', '678699', 'Bà Vân Nguyễn', 'MH040', 'MATH908', 'Stand-alone responsive strategy', 4, 'HK006', 'Học kỳ hè Năm học 2022-2023', 'LHP107', 7.7, 7.25, 7.79, 7.67, 'B', 3.0, TRUE),
    (408, 'HV376', '648681', 'An Mai Bảo Mai', 'MH077', 'CS623', 'Business-focused empowering concept', 4, 'HK011', 'Học kỳ 2 Năm học 2024-2025', 'LHP012', 9.11, 6.61, 3.83, 4.91, 'D', 1.0, FALSE),
    (409, 'HV180', '678233', 'Quý cô Hải Mai', 'MH070', 'CHEM177', 'Implemented secondary ability', 3, 'HK009', 'Học kỳ hè Năm học 2023-2024', 'LHP020', 10, 7.72, 8.0, 8.15, 'B+', 3.5, TRUE),
    (410, 'HV365', '655468', 'Bác Thành Phạm', 'MH007', 'IT302', 'Trí tuệ nhân tạo', 3, 'HK012', 'Học kỳ hè Năm học 2024-2025', 'LHP045', 5.34, 9.04, 7.78, 7.79, 'B', 3.0, TRUE),
    (411, 'HV285', '671888', 'An Nguyễn', 'MH017', 'NN201', 'Tiếng Anh chuyên ngành', 3, 'HK007', 'Học kỳ 1 Năm học 2023-2024', 'LHP085', 9.07, 8.03, 5.19, 6.15, 'C+', 2.5, TRUE),
    (412, 'HV395', '634759', 'Chị An Lê', 'MH035', 'CS527', 'Innovative executive utilization', 2, 'HK007', 'Học kỳ 1 Năm học 2023-2024', 'LHP115', 6.65, 6.88, 7.57, 7.34, 'B', 3.0, TRUE),
    (413, 'HV118', '673673', 'Phương Thế Vũ', 'MH015', 'NN101', 'Tiếng Anh cơ bản', 4, 'HK002', 'Học kỳ 2 Năm học 2021-2022', 'LHP067', 8.8, 7.73, 9.48, 9.06, 'A+', 4.0, TRUE),
    (414, 'HV227', '672675', 'Huy Đức Lê', 'MH015', 'NN101', 'Tiếng Anh cơ bản', 4, 'HK004', 'Học kỳ 1 Năm học 2022-2023', 'LHP111', 10, 9.79, 4.08, 5.81, 'C', 2.0, TRUE),
    (415, 'HV364', '651567', 'Chị Vi Dương', 'MH071', 'CHEM141', 'Re-contextualized global open system', 3, 'HK003', 'Học kỳ hè Năm học 2021-2022', 'LHP033', 9.78, 4.35, 5.85, 5.94, 'C', 2.0, TRUE),
    (416, 'HV319', '679953', 'Anh Châu Nguyễn', 'MH029', 'CS728', 'Fundamental incremental synergy', 2, 'HK002', 'Học kỳ 2 Năm học 2021-2022', 'LHP102', 9.62, 7.42, 7.32, 7.57, 'B', 3.0, TRUE),
    (417, 'HV314', '641642', 'Bà Bảo Bùi', 'MH008', 'IT303', 'Học máy', 3, 'HK015', 'Học kỳ hè Năm học 2025-2026', 'LHP078', 7.25, 9.83, 7.79, 8.15, 'B+', 3.5, TRUE),
    (418, 'HV481', '672479', 'Bảo Vũ', 'MH006', 'IT301', 'Phát triển ứng dụng Web', 3, 'HK007', 'Học kỳ 1 Năm học 2023-2024', 'LHP095', 6.4, 6.21, 4.11, 4.76, 'D', 1.0, FALSE),
    (419, 'HV172', '643112', 'Nhật Đặng', 'MH070', 'CHEM177', 'Implemented secondary ability', 3, 'HK008', 'Học kỳ 2 Năm học 2023-2024', 'LHP107', 8.1, 7.59, 9.18, 8.75, 'A', 4.0, TRUE),
    (420, 'HV096', '678048', 'Bà Dương Lê', 'MH007', 'IT302', 'Trí tuệ nhân tạo', 3, 'HK006', 'Học kỳ hè Năm học 2022-2023', 'LHP006', 7.71, 6.83, 3.55, 4.62, 'D', 1.0, FALSE),
    (421, 'HV104', '678058', 'Hưng Hải Đặng', 'MH051', 'MATH882', 'Proactive foreground emulation', 2, 'HK006', 'Học kỳ hè Năm học 2022-2023', 'LHP086', 7.43, 5.62, 5.77, 5.9, 'C', 2.0, TRUE),
    (422, 'HV110', '662244', 'Khoa Dương', 'MH053', 'MATH862', 'Quality-focused local Graphic Interface', 4, 'HK002', 'Học kỳ 2 Năm học 2021-2022', 'LHP057', 9.13, 4.44, 8.16, 7.51, 'B', 3.0, TRUE),
    (423, 'HV413', '661330', 'Vũ Hoàng', 'MH076', 'CHEM207', 'Vision-oriented empowering parallelism', 2, 'HK007', 'Học kỳ 1 Năm học 2023-2024', 'LHP056', 10, 7.97, 6.41, 7.08, 'B', 3.0, TRUE),
    (424, 'HV314', '641642', 'Bà Bảo Bùi', 'MH071', 'CHEM141', 'Re-contextualized global open system', 3, 'HK008', 'Học kỳ 2 Năm học 2023-2024', 'LHP004', 9.86, 7.48, 3.41, 4.87, 'D', 1.0, FALSE),
    (425, 'HV165', '636491', 'Lâm Mai', 'MH014', 'KT301', 'Kinh tế lượng', 3, 'HK001', 'Học kỳ 1 Năm học 2021-2022', 'LHP098', 8.72, 7.05, 8.68, 8.36, 'B+', 3.5, TRUE),
    (426, 'HV375', '642857', 'Hải Mai', 'MH039', 'PHY188', 'Horizontal well-modulated circuit', 3, 'HK003', 'Học kỳ hè Năm học 2021-2022', 'LHP081', 6.45, 8.17, 6.58, 6.88, 'C+', 2.5, TRUE),
    (427, 'HV366', '637790', 'Chị Dương Phạm', 'MH071', 'CHEM141', 'Re-contextualized global open system', 3, 'HK007', 'Học kỳ 1 Năm học 2023-2024', 'LHP058', 7.95, 4.85, 8.66, 7.82, 'B', 3.0, TRUE),
    (428, 'HV377', '673039', 'Anh Thế Nguyễn', 'MH059', 'CS958', 'De-engineered zero tolerance neural-net', 4, 'HK007', 'Học kỳ 1 Năm học 2023-2024', 'LHP089', 5.53, 6.22, 6.75, 6.52, 'C+', 2.5, TRUE),
    (429, 'HV412', '641220', 'Hưng Đặng', 'MH046', 'CHEM667', 'Synergized bottom-line monitoring', 4, 'HK003', 'Học kỳ hè Năm học 2021-2022', 'LHP063', 9.11, 6.05, 4.48, 5.26, 'D+', 1.5, TRUE),
    (430, 'HV408', '643141', 'Phương Hải Hoàng', 'MH065', 'MATH771', 'Digitized upward-trending emulation', 2, 'HK009', 'Học kỳ hè Năm học 2023-2024', 'LHP119', 7.36, 10, 7.8, 8.19, 'B+', 3.5, TRUE),
    (431, 'HV094', '677193', 'Ánh Hoàng', 'MH052', 'CHEM184', 'Automated heuristic pricing structure', 4, 'HK008', 'Học kỳ 2 Năm học 2023-2024', 'LHP120', 6.99, 5.57, 7.32, 6.94, 'C+', 2.5, TRUE),
    (432, 'HV186', '652306', 'Hải Bảo Dương', 'MH076', 'CHEM207', 'Vision-oriented empowering parallelism', 2, 'HK001', 'Học kỳ 1 Năm học 2021-2022', 'LHP022', 10, 3.93, 4.35, 4.83, 'D', 1.0, FALSE),
    (433, 'HV324', '646840', 'Thành Nguyễn', 'MH041', 'CS382', 'Seamless context-sensitive infrastructure', 4, 'HK006', 'Học kỳ hè Năm học 2022-2023', 'LHP004', 6.94, 7.51, 5.63, 6.14, 'C+', 2.5, TRUE),
    (434, 'HV059', '631251', 'Khoa Mai', 'MH027', 'CHEM106', 'Down-sized methodical flexibility', 3, 'HK009', 'Học kỳ hè Năm học 2023-2024', 'LHP060', 5.28, 6.0, 7.18, 6.75, 'C+', 2.5, TRUE),
    (435, 'HV277', '637780', 'Cô Thảo Hoàng', 'MH023', 'CS428', 'Robust system-worthy benchmark', 2, 'HK012', 'Học kỳ hè Năm học 2024-2025', 'LHP016', 5.82, 10, 3.26, 4.87, 'D', 1.0, FALSE),
    (436, 'HV162', '656842', 'Thành Mai', 'MH012', 'KT201', 'Nguyên lý kế toán', 4, 'HK002', 'Học kỳ 2 Năm học 2021-2022', 'LHP028', 7.44, 7.38, 6.71, 6.92, 'C+', 2.5, TRUE),
    (437, 'HV499', '671417', 'Kim Hoàng', 'MH074', 'PHY418', 'Centralized leadingedge knowledge user', 4, 'HK010', 'Học kỳ 1 Năm học 2024-2025', 'LHP078', 9.27, 8.88, 6.54, 7.28, 'B', 3.0, TRUE),
    (438, 'HV050', '634303', 'Cô Thành Vũ', 'MH069', 'CHEM272', 'Mandatory value-added moratorium', 4, 'HK014', 'Học kỳ 2 Năm học 2025-2026', 'LHP059', 6.7, 4.13, 2.91, 3.54, 'F', 0.0, FALSE),
    (439, 'HV233', '675037', 'Khoa Dương', 'MH069', 'CHEM272', 'Mandatory value-added moratorium', 4, 'HK008', 'Học kỳ 2 Năm học 2023-2024', 'LHP063', 10, 8.32, 8.09, 8.33, 'B+', 3.5, TRUE),
    (440, 'HV158', '648081', 'Bác Minh Phạm', 'MH044', 'CS575', 'Enhanced 24/7 leverage', 3, 'HK005', 'Học kỳ 2 Năm học 2022-2023', 'LHP023', 7.31, 9.86, 4.62, 5.94, 'C', 2.0, TRUE),
    (441, 'HV020', '635421', 'Hà Nguyễn', 'MH041', 'CS382', 'Seamless context-sensitive infrastructure', 4, 'HK005', 'Học kỳ 2 Năm học 2022-2023', 'LHP033', 8.09, 3.74, 9.39, 8.13, 'B+', 3.5, TRUE),
    (442, 'HV225', '661912', 'Chị Bảo Mai', 'MH049', 'PHY904', 'Re-engineered context-sensitive interface', 4, 'HK012', 'Học kỳ hè Năm học 2024-2025', 'LHP034', 8.02, 4.81, 4.19, 4.69, 'D', 1.0, FALSE),
    (443, 'HV003', '672049', 'Hải Mai Đặng', 'MH003', 'IT201', 'Cấu trúc dữ liệu và giải thuật', 4, 'HK001', 'Học kỳ 1 Năm học 2021-2022', 'LHP080', 9.77, 4.16, 3.55, 4.3, 'D', 1.0, FALSE),
    (444, 'HV015', '651880', 'Anh Nam Bùi', 'MH052', 'CHEM184', 'Automated heuristic pricing structure', 4, 'HK006', 'Học kỳ hè Năm học 2022-2023', 'LHP101', 6.14, 7.87, 6.79, 6.94, 'C+', 2.5, TRUE),
    (445, 'HV038', '676960', 'Quý cô Hải Phạm', 'MH023', 'CS428', 'Robust system-worthy benchmark', 2, 'HK005', 'Học kỳ 2 Năm học 2022-2023', 'LHP051', 8.19, 9.43, 5.59, 6.62, 'C+', 2.5, TRUE),
    (446, 'HV422', '633593', 'Châu Nguyễn', 'MH030', 'MATH559', 'Cross-group 24hour knowledge user', 4, 'HK010', 'Học kỳ 1 Năm học 2024-2025', 'LHP041', 7.87, 5.04, 6.53, 6.36, 'C+', 2.5, TRUE),
    (447, 'HV432', '655635', 'Khoa Bùi', 'MH056', 'MATH569', 'Secured client-driven database', 3, 'HK007', 'Học kỳ 1 Năm học 2023-2024', 'LHP061', 8.05, 3.95, 3.15, 3.8, 'F', 0.0, FALSE),
    (448, 'HV430', '631245', 'Ông Anh Phạm', 'MH062', 'CHEM292', 'Sharable fault-tolerant implementation', 3, 'HK004', 'Học kỳ 1 Năm học 2022-2023', 'LHP047', 10, 9.3, 4.7, 6.15, 'C+', 2.5, TRUE),
    (449, 'HV346', '647348', 'Lâm Đặng', 'MH033', 'MATH371', 'Reactive fault-tolerant Internet solution', 4, 'HK005', 'Học kỳ 2 Năm học 2022-2023', 'LHP067', 6.41, 9.11, 7.62, 7.8, 'B', 3.0, TRUE),
    (450, 'HV164', '649930', 'Trung Vũ', 'MH007', 'IT302', 'Trí tuệ nhân tạo', 3, 'HK013', 'Học kỳ 1 Năm học 2025-2026', 'LHP024', 9.0, 7.95, 2.8, 4.45, 'D', 1.0, FALSE),
    (451, 'HV258', '636392', 'Phương Lê', 'MH036', 'CS430', 'Stand-alone national project', 2, 'HK005', 'Học kỳ 2 Năm học 2022-2023', 'LHP094', 9.94, 8.72, 6.84, 7.53, 'B', 3.0, TRUE),
    (452, 'HV186', '652306', 'Hải Bảo Dương', 'MH008', 'IT303', 'Học máy', 3, 'HK012', 'Học kỳ hè Năm học 2024-2025', 'LHP021', 4.34, 8.03, 5.38, 5.8, 'C', 2.0, TRUE),
    (453, 'HV347', '648337', 'Phúc Phạm', 'MH037', 'CHEM420', 'User-centric intermediate approach', 3, 'HK002', 'Học kỳ 2 Năm học 2021-2022', 'LHP067', 6.36, 6.49, 4.17, 4.85, 'D', 1.0, FALSE),
    (454, 'HV271', '653128', 'Vũ Bùi', 'MH044', 'CS575', 'Enhanced 24/7 leverage', 3, 'HK007', 'Học kỳ 1 Năm học 2023-2024', 'LHP026', 5.98, 4.95, 8.41, 7.48, 'B', 3.0, TRUE),
    (455, 'HV238', '661962', 'Ông Khoa Hoàng', 'MH070', 'CHEM177', 'Implemented secondary ability', 3, 'HK003', 'Học kỳ hè Năm học 2021-2022', 'LHP061', 9.6, 7.93, 5.04, 6.07, 'C+', 2.5, TRUE),
    (456, 'HV323', '632788', 'Kim Quang Dương', 'MH045', 'CS718', 'Face-to-face bandwidth-monitored encoding', 2, 'HK001', 'Học kỳ 1 Năm học 2021-2022', 'LHP118', 6.51, 8.53, 5.75, 6.39, 'C+', 2.5, TRUE),
    (457, 'HV073', '679695', 'Dương Đặng', 'MH019', 'QS101', 'Giáo dục Quốc phòng', 2, 'HK005', 'Học kỳ 2 Năm học 2022-2023', 'LHP105', 9.55, 9.79, 3.62, 5.45, 'D+', 1.5, TRUE),
    (458, 'HV089', '659817', 'Bác Tùng Nguyễn', 'MH058', 'MATH105', 'Proactive global hub', 3, 'HK007', 'Học kỳ 1 Năm học 2023-2024', 'LHP097', 5.67, 5.29, 10, 8.62, 'A', 4.0, TRUE),
    (459, 'HV198', '644607', 'Quý cô Bảo Vũ', 'MH080', 'PHY434', 'Operative responsive project', 3, 'HK014', 'Học kỳ 2 Năm học 2025-2026', 'LHP109', 10, 8.69, 8.65, 8.79, 'A', 4.0, TRUE),
    (460, 'HV423', '669907', 'Bà Hạnh Phạm', 'MH042', 'CS898', 'Phased cohesive initiative', 3, 'HK001', 'Học kỳ 1 Năm học 2021-2022', 'LHP024', 7.61, 4.72, 10, 8.7, 'A', 4.0, TRUE),
    (461, 'HV264', '648996', 'Cô An Phạm', 'MH046', 'CHEM667', 'Synergized bottom-line monitoring', 4, 'HK009', 'Học kỳ hè Năm học 2023-2024', 'LHP037', 7.31, 7.82, 9.02, 8.61, 'A', 4.0, TRUE),
    (462, 'HV133', '632178', 'Hà Phạm', 'MH079', 'CHEM343', 'Innovative multi-state collaboration', 2, 'HK002', 'Học kỳ 2 Năm học 2021-2022', 'LHP114', 6.41, 6.69, 7.31, 7.1, 'B', 3.0, TRUE),
    (463, 'HV047', '639234', 'Hải Vũ', 'MH040', 'MATH908', 'Stand-alone responsive strategy', 4, 'HK014', 'Học kỳ 2 Năm học 2025-2026', 'LHP055', 7.14, 7.87, 4.96, 5.76, 'C', 2.0, TRUE),
    (464, 'HV407', '647971', 'Huy Dương', 'MH010', 'KT101', 'Kinh tế vi mô', 3, 'HK001', 'Học kỳ 1 Năm học 2021-2022', 'LHP046', 8.14, 10, 4.44, 5.92, 'C', 2.0, TRUE),
    (465, 'HV008', '654805', 'Thành Nguyễn', 'MH048', 'CHEM889', 'Centralized systemic policy', 4, 'HK010', 'Học kỳ 1 Năm học 2024-2025', 'LHP039', 10, 6.14, 5.62, 6.16, 'C+', 2.5, TRUE),
    (466, 'HV023', '673003', 'Dũng Lê', 'MH067', 'CS639', 'Customizable grid-enabled info-mediaries', 4, 'HK003', 'Học kỳ hè Năm học 2021-2022', 'LHP003', 6.95, 7.12, 6.56, 6.71, 'C+', 2.5, TRUE),
    (467, 'HV362', '639006', 'Quý ông Bảo Vũ', 'MH026', 'CHEM794', 'Compatible client-server system engine', 3, 'HK006', 'Học kỳ hè Năm học 2022-2023', 'LHP011', 7.37, 5.7, 5.5, 5.73, 'C', 2.0, TRUE),
    (468, 'HV177', '652396', 'Bác Quang Dương', 'MH075', 'CHEM371', 'Distributed contextually-based pricing structure', 2, 'HK001', 'Học kỳ 1 Năm học 2021-2022', 'LHP056', 7.12, 6.96, 5.49, 5.95, 'C', 2.0, TRUE),
    (469, 'HV177', '652396', 'Bác Quang Dương', 'MH030', 'MATH559', 'Cross-group 24hour knowledge user', 4, 'HK012', 'Học kỳ hè Năm học 2024-2025', 'LHP087', 5.21, 7.02, 4.58, 5.13, 'D+', 1.5, TRUE),
    (470, 'HV056', '667953', 'Tùng Hoàng Đặng', 'MH007', 'IT302', 'Trí tuệ nhân tạo', 3, 'HK011', 'Học kỳ 2 Năm học 2024-2025', 'LHP083', 8.82, 5.8, 10, 9.04, 'A+', 4.0, TRUE),
    (471, 'HV072', '662287', 'Chị Duyên Trần', 'MH015', 'NN101', 'Tiếng Anh cơ bản', 4, 'HK014', 'Học kỳ 2 Năm học 2025-2026', 'LHP017', 6.63, 9.35, 6.71, 7.23, 'B', 3.0, TRUE),
    (472, 'HV157', '644987', 'Ông Trung Lê', 'MH015', 'NN101', 'Tiếng Anh cơ bản', 4, 'HK015', 'Học kỳ hè Năm học 2025-2026', 'LHP078', 8.25, 4.42, 8.4, 7.59, 'B', 3.0, TRUE),
    (473, 'HV194', '634066', 'Nhật Dương', 'MH071', 'CHEM141', 'Re-contextualized global open system', 3, 'HK003', 'Học kỳ hè Năm học 2021-2022', 'LHP071', 6.3, 5.16, 4.21, 4.61, 'D', 1.0, FALSE),
    (474, 'HV381', '666073', 'Hạnh Phạm', 'MH020', 'QS102', 'Điều lệnh Quân đội', 2, 'HK004', 'Học kỳ 1 Năm học 2022-2023', 'LHP055', 9.58, 8.4, 5.14, 6.24, 'C+', 2.5, TRUE),
    (475, 'HV316', '656020', 'Kim Mai', 'MH020', 'QS102', 'Điều lệnh Quân đội', 2, 'HK001', 'Học kỳ 1 Năm học 2021-2022', 'LHP101', 9.64, 10, 8.62, 9.0, 'A+', 4.0, TRUE),
    (476, 'HV145', '668875', 'Quý cô Nhật Bùi', 'MH047', 'CS612', 'Automated 4thgeneration strategy', 4, 'HK004', 'Học kỳ 1 Năm học 2022-2023', 'LHP092', 8.69, 9.07, 4.32, 5.71, 'C', 2.0, TRUE),
    (477, 'HV291', '656101', 'Bác Quang Phạm', 'MH077', 'CS623', 'Business-focused empowering concept', 4, 'HK010', 'Học kỳ 1 Năm học 2024-2025', 'LHP094', 7.17, 8.51, 6.88, 7.24, 'B', 3.0, TRUE),
    (478, 'HV289', '667239', 'Khoa Trí Lê', 'MH012', 'KT201', 'Nguyên lý kế toán', 4, 'HK014', 'Học kỳ 2 Năm học 2025-2026', 'LHP091', 5.33, 7.94, 9.34, 8.66, 'A', 4.0, TRUE),
    (479, 'HV356', '653559', 'Chị Thành Đặng', 'MH034', 'MATH998', 'Networked intermediate data-warehouse', 3, 'HK015', 'Học kỳ hè Năm học 2025-2026', 'LHP095', 6.21, 8.64, 4.28, 5.34, 'D+', 1.5, TRUE),
    (480, 'HV267', '652356', 'Nhật Phạm', 'MH037', 'CHEM420', 'User-centric intermediate approach', 3, 'HK012', 'Học kỳ hè Năm học 2024-2025', 'LHP116', 7.8, 5.22, 5.01, 5.33, 'D+', 1.5, TRUE),
    (481, 'HV155', '657938', 'Quý cô Vi Bùi', 'MH018', 'NN202', 'Tiếng Trung cơ bản', 4, 'HK006', 'Học kỳ hè Năm học 2022-2023', 'LHP076', 10, 6.19, 3.42, 4.64, 'D', 1.0, FALSE),
    (482, 'HV308', '672837', 'Hưng Phạm', 'MH066', 'MATH808', 'User-friendly eco-centric framework', 4, 'HK007', 'Học kỳ 1 Năm học 2023-2024', 'LHP027', 6.88, 4.4, 5.9, 5.7, 'C', 2.0, TRUE),
    (483, 'HV320', '652086', 'Lâm Bảo Mai', 'MH035', 'CS527', 'Innovative executive utilization', 2, 'HK008', 'Học kỳ 2 Năm học 2023-2024', 'LHP053', 6.24, 5.98, 9.18, 8.25, 'B+', 3.5, TRUE),
    (484, 'HV425', '669692', 'Quý ông Châu Nguyễn', 'MH049', 'PHY904', 'Re-engineered context-sensitive interface', 4, 'HK014', 'Học kỳ 2 Năm học 2025-2026', 'LHP022', 7.83, 4.95, 5.89, 5.89, 'C', 2.0, TRUE),
    (485, 'HV139', '658961', 'Bà Thành Lê', 'MH047', 'CS612', 'Automated 4thgeneration strategy', 4, 'HK013', 'Học kỳ 1 Năm học 2025-2026', 'LHP030', 6.42, 4.23, 10, 8.49, 'B+', 3.5, TRUE),
    (486, 'HV005', '663135', 'Chị Hà Mai', 'MH009', 'IT304', 'An toàn và bảo mật thông tin', 3, 'HK013', 'Học kỳ 1 Năm học 2025-2026', 'LHP086', 8.39, 7.44, 10, 9.33, 'A+', 4.0, TRUE),
    (487, 'HV011', '651109', 'Trung Trí Bùi', 'MH005', 'IT203', 'Mạng máy tính', 3, 'HK008', 'Học kỳ 2 Năm học 2023-2024', 'LHP112', 5.28, 4.46, 6.84, 6.21, 'C+', 2.5, TRUE),
    (488, 'HV189', '676359', 'Châu Hoàng Trần', 'MH022', 'QS202', 'Kỹ thuật quân sự', 3, 'HK011', 'Học kỳ 2 Năm học 2024-2025', 'LHP104', 6.99, 8.54, 4.19, 5.34, 'D+', 1.5, TRUE),
    (489, 'HV495', '634684', 'Quý ông Trung Hoàng', 'MH039', 'PHY188', 'Horizontal well-modulated circuit', 3, 'HK003', 'Học kỳ hè Năm học 2021-2022', 'LHP034', 9.4, 7.24, 2.87, 4.4, 'D', 1.0, FALSE),
    (490, 'HV349', '678437', 'Ngọc Vũ', 'MH035', 'CS527', 'Innovative executive utilization', 2, 'HK002', 'Học kỳ 2 Năm học 2021-2022', 'LHP053', 7.22, 4.61, 7.36, 6.79, 'C+', 2.5, TRUE),
    (491, 'HV090', '639895', 'Cô Vi Mai', 'MH069', 'CHEM272', 'Mandatory value-added moratorium', 4, 'HK015', 'Học kỳ hè Năm học 2025-2026', 'LHP119', 9.93, 9.61, 10, 9.92, 'A+', 4.0, TRUE),
    (492, 'HV128', '642952', 'Trung Thị Hoàng', 'MH035', 'CS527', 'Innovative executive utilization', 2, 'HK012', 'Học kỳ hè Năm học 2024-2025', 'LHP053', 6.72, 5.82, 6.19, 6.17, 'C+', 2.5, TRUE),
    (493, 'HV042', '672024', 'Khoa Trí Bùi', 'MH074', 'PHY418', 'Centralized leadingedge knowledge user', 4, 'HK013', 'Học kỳ 1 Năm học 2025-2026', 'LHP106', 6.65, 8.65, 5.93, 6.54, 'C+', 2.5, TRUE),
    (494, 'HV485', '664367', 'Bà Duyên Bùi', 'MH042', 'CS898', 'Phased cohesive initiative', 3, 'HK005', 'Học kỳ 2 Năm học 2022-2023', 'LHP075', 4.74, 6.75, 7.45, 7.04, 'B', 3.0, TRUE),
    (495, 'HV492', '679881', 'Bà Phương Dương', 'MH064', 'CS960', 'Synchronized real-time budgetary management', 2, 'HK002', 'Học kỳ 2 Năm học 2021-2022', 'LHP026', 6.49, 4.49, 5.57, 5.45, 'D+', 1.5, TRUE),
    (496, 'HV016', '646366', 'Chị Dương Vũ', 'MH039', 'PHY188', 'Horizontal well-modulated circuit', 3, 'HK001', 'Học kỳ 1 Năm học 2021-2022', 'LHP014', 6.2, 7.7, 3.65, 4.71, 'D', 1.0, FALSE),
    (497, 'HV313', '631383', 'Nam Phú Trần', 'MH003', 'IT201', 'Cấu trúc dữ liệu và giải thuật', 4, 'HK003', 'Học kỳ hè Năm học 2021-2022', 'LHP068', 9.67, 5.12, 7.64, 7.34, 'B', 3.0, TRUE),
    (498, 'HV399', '672465', 'Hương Vũ', 'MH076', 'CHEM207', 'Vision-oriented empowering parallelism', 2, 'HK010', 'Học kỳ 1 Năm học 2024-2025', 'LHP002', 10, 5.81, 10, 9.16, 'A+', 4.0, TRUE),
    (499, 'HV327', '653180', 'Quý ông Quang Hoàng', 'MH065', 'MATH771', 'Digitized upward-trending emulation', 2, 'HK015', 'Học kỳ hè Năm học 2025-2026', 'LHP063', 6.47, 6.73, 2.14, 3.49, 'F', 0.0, FALSE),
    (500, 'HV451', '655949', 'Lâm Trí Phạm', 'MH030', 'MATH559', 'Cross-group 24hour knowledge user', 4, 'HK009', 'Học kỳ hè Năm học 2023-2024', 'LHP107', 7.84, 6.83, 5.83, 6.23, 'C+', 2.5, TRUE);

INSERT INTO diem (id, hoc_vien_id, ma_hv, ho_ten_hv, mon_hoc_id, ma_mon, ten_mon, so_tin_chi, hoc_ky_id, ten_hoc_ky, lop_hoc_phan_id, diem_chuyen_can, diem_thuong_xuyen, diem_thi, diem_tong_ket, diem_chu, diem_he4, dat) VALUES
    (501, 'HV260', '664671', 'Duyên Đặng', 'MH024', 'PHY887', 'Progressive encompassing model', 4, 'HK008', 'Học kỳ 2 Năm học 2023-2024', 'LHP085', 9.14, 9.72, 5.83, 6.94, 'C+', 2.5, TRUE),
    (502, 'HV096', '678048', 'Bà Dương Lê', 'MH028', 'CS900', 'Ergonomic demand-driven capacity', 4, 'HK005', 'Học kỳ 2 Năm học 2022-2023', 'LHP001', 5.89, 9.35, 5.5, 6.31, 'C+', 2.5, TRUE),
    (503, 'HV099', '636086', 'Chị Duyên Nguyễn', 'MH024', 'PHY887', 'Progressive encompassing model', 4, 'HK005', 'Học kỳ 2 Năm học 2022-2023', 'LHP105', 4.51, 9.49, 3.01, 4.45, 'D', 1.0, FALSE),
    (504, 'HV064', '667358', 'Khoa Đức Hoàng', 'MH003', 'IT201', 'Cấu trúc dữ liệu và giải thuật', 4, 'HK012', 'Học kỳ hè Năm học 2024-2025', 'LHP009', 9.52, 7.4, 6.46, 6.95, 'C+', 2.5, TRUE),
    (505, 'HV082', '669332', 'Hưng Mai', 'MH048', 'CHEM889', 'Centralized systemic policy', 4, 'HK007', 'Học kỳ 1 Năm học 2023-2024', 'LHP094', 6.34, 4.78, 7.43, 6.79, 'C+', 2.5, TRUE),
    (506, 'HV012', '639628', 'Lâm Thị Nguyễn', 'MH021', 'QS201', 'Chiến thuật bộ binh', 3, 'HK004', 'Học kỳ 1 Năm học 2022-2023', 'LHP076', 5.54, 8.5, 9.8, 9.11, 'A+', 4.0, TRUE),
    (507, 'HV362', '639006', 'Quý ông Bảo Vũ', 'MH033', 'MATH371', 'Reactive fault-tolerant Internet solution', 4, 'HK012', 'Học kỳ hè Năm học 2024-2025', 'LHP106', 4.35, 6.6, 5.67, 5.72, 'C', 2.0, TRUE),
    (508, 'HV358', '631002', 'Mai Bùi', 'MH034', 'MATH998', 'Networked intermediate data-warehouse', 3, 'HK001', 'Học kỳ 1 Năm học 2021-2022', 'LHP090', 6.78, 10, 4.6, 5.9, 'C', 2.0, TRUE),
    (509, 'HV354', '679794', 'Cô Thành Mai', 'MH053', 'MATH862', 'Quality-focused local Graphic Interface', 4, 'HK014', 'Học kỳ 2 Năm học 2025-2026', 'LHP105', 7.6, 5.35, 9.62, 8.57, 'A', 4.0, TRUE),
    (510, 'HV022', '633324', 'Minh Vũ', 'MH004', 'IT202', 'Cơ sở dữ liệu', 3, 'HK014', 'Học kỳ 2 Năm học 2025-2026', 'LHP013', 6.19, 10, 6.02, 6.83, 'C+', 2.5, TRUE),
    (511, 'HV286', '641030', 'Kim Hải Trần', 'MH040', 'MATH908', 'Stand-alone responsive strategy', 4, 'HK005', 'Học kỳ 2 Năm học 2022-2023', 'LHP003', 8.34, 9.65, 7.97, 8.35, 'B+', 3.5, TRUE),
    (512, 'HV098', '665895', 'Chị Thảo Mai', 'MH050', 'CS774', 'Face-to-face global parallelism', 3, 'HK001', 'Học kỳ 1 Năm học 2021-2022', 'LHP068', 8.38, 8.65, 8.1, 8.24, 'B+', 3.5, TRUE),
    (513, 'HV344', '636695', 'Kim Phạm', 'MH050', 'CS774', 'Face-to-face global parallelism', 3, 'HK007', 'Học kỳ 1 Năm học 2023-2024', 'LHP107', 6.84, 5.49, 9.66, 8.55, 'A', 4.0, TRUE),
    (514, 'HV248', '669088', 'Tú Hoàng Vũ', 'MH054', 'MATH608', 'Organic background conglomeration', 2, 'HK014', 'Học kỳ 2 Năm học 2025-2026', 'LHP007', 7.08, 5.06, 5.14, 5.32, 'D+', 1.5, TRUE),
    (515, 'HV163', '679170', 'Quý cô Hà Dương', 'MH058', 'MATH105', 'Proactive global hub', 3, 'HK007', 'Học kỳ 1 Năm học 2023-2024', 'LHP116', 8.39, 5.2, 9.18, 8.31, 'B+', 3.5, TRUE),
    (516, 'HV469', '654805', 'Phương Trần', 'MH024', 'PHY887', 'Progressive encompassing model', 4, 'HK013', 'Học kỳ 1 Năm học 2025-2026', 'LHP088', 7.68, 8.8, 9.55, 9.22, 'A+', 4.0, TRUE),
    (517, 'HV401', '671563', 'Anh Quang Đặng', 'MH029', 'CS728', 'Fundamental incremental synergy', 2, 'HK002', 'Học kỳ 2 Năm học 2021-2022', 'LHP112', 8.92, 6.29, 6.21, 6.5, 'C+', 2.5, TRUE),
    (518, 'HV175', '637833', 'Hồng Bùi', 'MH022', 'QS202', 'Kỹ thuật quân sự', 3, 'HK008', 'Học kỳ 2 Năm học 2023-2024', 'LHP092', 5.53, 6.49, 4.64, 5.1, 'D+', 1.5, TRUE),
    (519, 'HV390', '668998', 'Ông Khoa Mai', 'MH074', 'PHY418', 'Centralized leadingedge knowledge user', 4, 'HK014', 'Học kỳ 2 Năm học 2025-2026', 'LHP041', 6.76, 4.06, 5.55, 5.37, 'D+', 1.5, TRUE),
    (520, 'HV007', '665380', 'Ngọc Bùi', 'MH052', 'CHEM184', 'Automated heuristic pricing structure', 4, 'HK014', 'Học kỳ 2 Năm học 2025-2026', 'LHP113', 8.58, 7.79, 10, 9.42, 'A+', 4.0, TRUE),
    (521, 'HV499', '671417', 'Kim Hoàng', 'MH053', 'MATH862', 'Quality-focused local Graphic Interface', 4, 'HK009', 'Học kỳ hè Năm học 2023-2024', 'LHP031', 8.29, 4.33, 5.45, 5.51, 'C', 2.0, TRUE),
    (522, 'HV162', '656842', 'Thành Mai', 'MH050', 'CS774', 'Face-to-face global parallelism', 3, 'HK001', 'Học kỳ 1 Năm học 2021-2022', 'LHP019', 7.15, 4.48, 8.84, 7.8, 'B', 3.0, TRUE),
    (523, 'HV040', '674557', 'Bác Nhiên Lê', 'MH038', 'PHY504', 'Secured zero-defect middleware', 3, 'HK014', 'Học kỳ 2 Năm học 2025-2026', 'LHP059', 9.75, 7.9, 6.12, 6.84, 'C+', 2.5, TRUE),
    (524, 'HV085', '633367', 'Tùng Bảo Dương', 'MH073', 'CS219', 'Cross-platform client-server policy', 3, 'HK015', 'Học kỳ hè Năm học 2025-2026', 'LHP057', 5.89, 7.43, 5.62, 6.01, 'C+', 2.5, TRUE),
    (525, 'HV401', '671563', 'Anh Quang Đặng', 'MH025', 'PHY546', 'Function-based intangible product', 4, 'HK015', 'Học kỳ hè Năm học 2025-2026', 'LHP035', 8.69, 7.57, 9.37, 8.94, 'A', 4.0, TRUE),
    (526, 'HV420', '631759', 'Trọng Đức Mai', 'MH057', 'CS148', 'Versatile modular complexity', 2, 'HK006', 'Học kỳ hè Năm học 2022-2023', 'LHP074', 7.93, 4.69, 8.89, 7.95, 'B', 3.0, TRUE),
    (527, 'HV146', '645664', 'Nam Xuân Mai', 'MH076', 'CHEM207', 'Vision-oriented empowering parallelism', 2, 'HK014', 'Học kỳ 2 Năm học 2025-2026', 'LHP078', 5.09, 4.61, 8.33, 7.26, 'B', 3.0, TRUE),
    (528, 'HV136', '644497', 'Thành Vũ', 'MH066', 'MATH808', 'User-friendly eco-centric framework', 4, 'HK006', 'Học kỳ hè Năm học 2022-2023', 'LHP015', 6.96, 4.78, 8.37, 7.51, 'B', 3.0, TRUE),
    (529, 'HV386', '658011', 'Thành Bùi', 'MH021', 'QS201', 'Chiến thuật bộ binh', 3, 'HK010', 'Học kỳ 1 Năm học 2024-2025', 'LHP067', 7.94, 7.35, 9.43, 8.87, 'A', 4.0, TRUE),
    (530, 'HV051', '651896', 'Kim Vũ', 'MH043', 'PHY829', 'Managed modular focus group', 2, 'HK009', 'Học kỳ hè Năm học 2023-2024', 'LHP063', 7.87, 4.3, 8.97, 7.93, 'B', 3.0, TRUE),
    (531, 'HV202', '653398', 'Khoa Nguyễn', 'MH008', 'IT303', 'Học máy', 3, 'HK012', 'Học kỳ hè Năm học 2024-2025', 'LHP034', 4.76, 6.32, 4.61, 4.97, 'D', 1.0, FALSE),
    (532, 'HV354', '679794', 'Cô Thành Mai', 'MH001', 'IT101', 'Nhập môn Công nghệ thông tin', 3, 'HK012', 'Học kỳ hè Năm học 2024-2025', 'LHP063', 5.14, 6.09, 7.97, 7.31, 'B', 3.0, TRUE),
    (533, 'HV467', '657986', 'Quý ông Hưng Nguyễn', 'MH044', 'CS575', 'Enhanced 24/7 leverage', 3, 'HK007', 'Học kỳ 1 Năm học 2023-2024', 'LHP008', 6.13, 5.27, 8.65, 7.72, 'B', 3.0, TRUE),
    (534, 'HV207', '672299', 'Chị Thành Vũ', 'MH030', 'MATH559', 'Cross-group 24hour knowledge user', 4, 'HK008', 'Học kỳ 2 Năm học 2023-2024', 'LHP114', 6.3, 8.28, 9.59, 9.0, 'A+', 4.0, TRUE),
    (535, 'HV406', '641276', 'Hạnh Mai', 'MH050', 'CS774', 'Face-to-face global parallelism', 3, 'HK002', 'Học kỳ 2 Năm học 2021-2022', 'LHP116', 5.4, 9.62, 4.86, 5.87, 'C', 2.0, TRUE),
    (536, 'HV315', '666431', 'Bà Xuân Phạm', 'MH062', 'CHEM292', 'Sharable fault-tolerant implementation', 3, 'HK015', 'Học kỳ hè Năm học 2025-2026', 'LHP109', 9.04, 6.99, 4.51, 5.46, 'D+', 1.5, TRUE),
    (537, 'HV176', '654689', 'Khoa Mai Phạm', 'MH011', 'KT102', 'Kinh tế vĩ mô', 3, 'HK014', 'Học kỳ 2 Năm học 2025-2026', 'LHP088', 6.77, 4.35, 6.93, 6.4, 'C+', 2.5, TRUE),
    (538, 'HV002', '655860', 'Vân Dương', 'MH075', 'CHEM371', 'Distributed contextually-based pricing structure', 2, 'HK011', 'Học kỳ 2 Năm học 2024-2025', 'LHP093', 9.19, 4.14, 6.53, 6.32, 'C+', 2.5, TRUE),
    (539, 'HV369', '665412', 'Bà Thảo Đặng', 'MH032', 'CS758', 'Inverse maximized forecast', 4, 'HK014', 'Học kỳ 2 Năm học 2025-2026', 'LHP080', 5.64, 3.94, 5.78, 5.4, 'D+', 1.5, TRUE),
    (540, 'HV436', '638466', 'Linh Đặng', 'MH078', 'CS712', 'Devolved uniform solution', 2, 'HK015', 'Học kỳ hè Năm học 2025-2026', 'LHP080', 8.29, 4.74, 8.0, 7.38, 'B', 3.0, TRUE),
    (541, 'HV336', '668035', 'Quý cô Dương Vũ', 'MH040', 'MATH908', 'Stand-alone responsive strategy', 4, 'HK005', 'Học kỳ 2 Năm học 2022-2023', 'LHP078', 9.19, 6.12, 7.89, 7.66, 'B', 3.0, TRUE),
    (542, 'HV490', '638764', 'Hưng Xuân Phạm', 'MH014', 'KT301', 'Kinh tế lượng', 3, 'HK002', 'Học kỳ 2 Năm học 2021-2022', 'LHP071', 7.66, 7.37, 3.42, 4.64, 'D', 1.0, FALSE),
    (543, 'HV185', '643061', 'Trung Dương', 'MH049', 'PHY904', 'Re-engineered context-sensitive interface', 4, 'HK010', 'Học kỳ 1 Năm học 2024-2025', 'LHP085', 7.47, 10, 10, 9.75, 'A+', 4.0, TRUE),
    (544, 'HV295', '676241', 'Tú Lê', 'MH030', 'MATH559', 'Cross-group 24hour knowledge user', 4, 'HK011', 'Học kỳ 2 Năm học 2024-2025', 'LHP019', 7.43, 7.38, 5.46, 6.04, 'C+', 2.5, TRUE),
    (545, 'HV200', '677663', 'Phương Thế Mai', 'MH048', 'CHEM889', 'Centralized systemic policy', 4, 'HK001', 'Học kỳ 1 Năm học 2021-2022', 'LHP019', 5.77, 4.59, 8.4, 7.37, 'B', 3.0, TRUE),
    (546, 'HV148', '634936', 'Dương Mai', 'MH072', 'MATH659', 'Innovative systemic support', 3, 'HK013', 'Học kỳ 1 Năm học 2025-2026', 'LHP003', 10, 8.87, 7.95, 8.34, 'B+', 3.5, TRUE),
    (547, 'HV359', '649556', 'Quý ông Vũ Lê', 'MH058', 'MATH105', 'Proactive global hub', 3, 'HK009', 'Học kỳ hè Năm học 2023-2024', 'LHP115', 9.51, 5.08, 8.28, 7.76, 'B', 3.0, TRUE),
    (548, 'HV421', '679907', 'Quý ông Nhiên Hoàng', 'MH021', 'QS201', 'Chiến thuật bộ binh', 3, 'HK010', 'Học kỳ 1 Năm học 2024-2025', 'LHP037', 5.52, 7.82, 6.29, 6.52, 'C+', 2.5, TRUE),
    (549, 'HV295', '676241', 'Tú Lê', 'MH009', 'IT304', 'An toàn và bảo mật thông tin', 3, 'HK014', 'Học kỳ 2 Năm học 2025-2026', 'LHP005', 7.5, 8.52, 9.57, 9.15, 'A+', 4.0, TRUE),
    (550, 'HV389', '657948', 'Anh Lê', 'MH009', 'IT304', 'An toàn và bảo mật thông tin', 3, 'HK005', 'Học kỳ 2 Năm học 2022-2023', 'LHP109', 9.74, 5.86, 7.7, 7.54, 'B', 3.0, TRUE),
    (551, 'HV189', '676359', 'Châu Hoàng Trần', 'MH029', 'CS728', 'Fundamental incremental synergy', 2, 'HK005', 'Học kỳ 2 Năm học 2022-2023', 'LHP044', 8.15, 4.26, 7.21, 6.71, 'C+', 2.5, TRUE),
    (552, 'HV393', '633722', 'Mai Lê', 'MH028', 'CS900', 'Ergonomic demand-driven capacity', 4, 'HK015', 'Học kỳ hè Năm học 2025-2026', 'LHP059', 10, 8.99, 8.56, 8.79, 'A', 4.0, TRUE),
    (553, 'HV073', '679695', 'Dương Đặng', 'MH036', 'CS430', 'Stand-alone national project', 2, 'HK002', 'Học kỳ 2 Năm học 2021-2022', 'LHP001', 7.45, 5.32, 6.44, 6.32, 'C+', 2.5, TRUE),
    (554, 'HV067', '654095', 'An Bùi', 'MH012', 'KT201', 'Nguyên lý kế toán', 4, 'HK001', 'Học kỳ 1 Năm học 2021-2022', 'LHP088', 5.37, 6.57, 5.57, 5.75, 'C', 2.0, TRUE),
    (555, 'HV257', '642760', 'Ông Thành Hoàng', 'MH013', 'KT202', 'Tài chính doanh nghiệp', 3, 'HK010', 'Học kỳ 1 Năm học 2024-2025', 'LHP033', 7.79, 6.77, 6.15, 6.44, 'C+', 2.5, TRUE),
    (556, 'HV177', '652396', 'Bác Quang Dương', 'MH028', 'CS900', 'Ergonomic demand-driven capacity', 4, 'HK012', 'Học kỳ hè Năm học 2024-2025', 'LHP056', 7.61, 9.11, 7.74, 8.0, 'B+', 3.5, TRUE),
    (557, 'HV388', '638585', 'Châu Lê', 'MH016', 'NN102', 'Tiếng Anh học thuật', 3, 'HK011', 'Học kỳ 2 Năm học 2024-2025', 'LHP037', 7.96, 8.18, 5.06, 5.97, 'C', 2.0, TRUE),
    (558, 'HV341', '652904', 'Hoàng Đặng', 'MH030', 'MATH559', 'Cross-group 24hour knowledge user', 4, 'HK004', 'Học kỳ 1 Năm học 2022-2023', 'LHP107', 9.59, 5.44, 5.51, 5.9, 'C', 2.0, TRUE),
    (559, 'HV328', '648608', 'Hải Đức Dương', 'MH043', 'PHY829', 'Managed modular focus group', 2, 'HK001', 'Học kỳ 1 Năm học 2021-2022', 'LHP055', 4.74, 4.26, 7.05, 6.26, 'C+', 2.5, TRUE),
    (560, 'HV192', '664820', 'An Đức Vũ', 'MH067', 'CS639', 'Customizable grid-enabled info-mediaries', 4, 'HK002', 'Học kỳ 2 Năm học 2021-2022', 'LHP097', 8.72, 5.38, 6.63, 6.59, 'C+', 2.5, TRUE),
    (561, 'HV398', '647236', 'Dương Hoàng', 'MH019', 'QS101', 'Giáo dục Quốc phòng', 2, 'HK012', 'Học kỳ hè Năm học 2024-2025', 'LHP064', 9.56, 7.01, 5.9, 6.49, 'C+', 2.5, TRUE),
    (562, 'HV324', '646840', 'Thành Nguyễn', 'MH043', 'PHY829', 'Managed modular focus group', 2, 'HK001', 'Học kỳ 1 Năm học 2021-2022', 'LHP089', 9.1, 7.91, 5.69, 6.47, 'C+', 2.5, TRUE),
    (563, 'HV351', '651837', 'Dũng Trần', 'MH012', 'KT201', 'Nguyên lý kế toán', 4, 'HK011', 'Học kỳ 2 Năm học 2024-2025', 'LHP066', 5.22, 7.38, 8.04, 7.62, 'B', 3.0, TRUE),
    (564, 'HV237', '668275', 'Trung Đức Hoàng', 'MH037', 'CHEM420', 'User-centric intermediate approach', 3, 'HK009', 'Học kỳ hè Năm học 2023-2024', 'LHP003', 5.56, 6.02, 3.59, 4.28, 'D', 1.0, FALSE),
    (565, 'HV472', '679112', 'Bác Trung Trần', 'MH036', 'CS430', 'Stand-alone national project', 2, 'HK009', 'Học kỳ hè Năm học 2023-2024', 'LHP043', 8.87, 5.65, 6.0, 6.21, 'C+', 2.5, TRUE),
    (566, 'HV094', '677193', 'Ánh Hoàng', 'MH050', 'CS774', 'Face-to-face global parallelism', 3, 'HK003', 'Học kỳ hè Năm học 2021-2022', 'LHP047', 7.02, 4.36, 7.84, 7.06, 'B', 3.0, TRUE),
    (567, 'HV346', '647348', 'Lâm Đặng', 'MH057', 'CS148', 'Versatile modular complexity', 2, 'HK008', 'Học kỳ 2 Năm học 2023-2024', 'LHP120', 9.61, 7.38, 9.92, 9.38, 'A+', 4.0, TRUE),
    (568, 'HV390', '668998', 'Ông Khoa Mai', 'MH021', 'QS201', 'Chiến thuật bộ binh', 3, 'HK003', 'Học kỳ hè Năm học 2021-2022', 'LHP007', 7.58, 9.07, 7.84, 8.06, 'B+', 3.5, TRUE),
    (569, 'HV119', '632829', 'Ông Quang Bùi', 'MH025', 'PHY546', 'Function-based intangible product', 4, 'HK015', 'Học kỳ hè Năm học 2025-2026', 'LHP056', 7.18, 9.86, 9.68, 9.47, 'A+', 4.0, TRUE),
    (570, 'HV115', '652243', 'Lan Đặng', 'MH068', 'CS441', 'Decentralized systemic productivity', 4, 'HK009', 'Học kỳ hè Năm học 2023-2024', 'LHP087', 8.18, 7.23, 9.04, 8.59, 'A', 4.0, TRUE),
    (571, 'HV288', '649272', 'Hoàng Lê', 'MH014', 'KT301', 'Kinh tế lượng', 3, 'HK013', 'Học kỳ 1 Năm học 2025-2026', 'LHP088', 9.92, 5.18, 4.91, 5.47, 'D+', 1.5, TRUE),
    (572, 'HV468', '672259', 'Hạnh Dương', 'MH055', 'PHY749', 'Profit-focused methodical software', 3, 'HK001', 'Học kỳ 1 Năm học 2021-2022', 'LHP047', 5.86, 8.51, 3.41, 4.68, 'D', 1.0, FALSE),
    (573, 'HV197', '636594', 'Chị Xuân Vũ', 'MH009', 'IT304', 'An toàn và bảo mật thông tin', 3, 'HK002', 'Học kỳ 2 Năm học 2021-2022', 'LHP021', 8.84, 4.65, 9.96, 8.79, 'A', 4.0, TRUE),
    (574, 'HV383', '654746', 'An Văn Phạm', 'MH075', 'CHEM371', 'Distributed contextually-based pricing structure', 2, 'HK008', 'Học kỳ 2 Năm học 2023-2024', 'LHP002', 6.14, 4.82, 6.95, 6.44, 'C+', 2.5, TRUE),
    (575, 'HV070', '633957', 'Bảo Nguyễn', 'MH041', 'CS382', 'Seamless context-sensitive infrastructure', 4, 'HK003', 'Học kỳ hè Năm học 2021-2022', 'LHP015', 6.54, 9.61, 2.86, 4.58, 'D', 1.0, FALSE),
    (576, 'HV304', '653929', 'Quý cô Nhật Đặng', 'MH027', 'CHEM106', 'Down-sized methodical flexibility', 3, 'HK008', 'Học kỳ 2 Năm học 2023-2024', 'LHP116', 8.36, 7.75, 3.76, 5.02, 'D+', 1.5, TRUE),
    (577, 'HV057', '651179', 'Quang Vũ', 'MH001', 'IT101', 'Nhập môn Công nghệ thông tin', 3, 'HK010', 'Học kỳ 1 Năm học 2024-2025', 'LHP006', 6.04, 6.75, 9.04, 8.28, 'B+', 3.5, TRUE),
    (578, 'HV275', '646078', 'Khoa Hoàng', 'MH043', 'PHY829', 'Managed modular focus group', 2, 'HK001', 'Học kỳ 1 Năm học 2021-2022', 'LHP070', 5.9, 6.18, 6.38, 6.3, 'C+', 2.5, TRUE),
    (579, 'HV219', '638971', 'Phương Phú Bùi', 'MH030', 'MATH559', 'Cross-group 24hour knowledge user', 4, 'HK013', 'Học kỳ 1 Năm học 2025-2026', 'LHP060', 5.96, 8.03, 5.96, 6.37, 'C+', 2.5, TRUE),
    (580, 'HV462', '659904', 'Chị Hương Bùi', 'MH075', 'CHEM371', 'Distributed contextually-based pricing structure', 2, 'HK014', 'Học kỳ 2 Năm học 2025-2026', 'LHP006', 9.48, 5.18, 5.78, 6.03, 'C+', 2.5, TRUE),
    (581, 'HV007', '665380', 'Ngọc Bùi', 'MH070', 'CHEM177', 'Implemented secondary ability', 3, 'HK010', 'Học kỳ 1 Năm học 2024-2025', 'LHP043', 9.38, 8.38, 3.59, 5.13, 'D+', 1.5, TRUE),
    (582, 'HV249', '631432', 'Bà Hương Vũ', 'MH013', 'KT202', 'Tài chính doanh nghiệp', 3, 'HK008', 'Học kỳ 2 Năm học 2023-2024', 'LHP104', 5.28, 8.01, 6.62, 6.77, 'C+', 2.5, TRUE),
    (583, 'HV110', '662244', 'Khoa Dương', 'MH057', 'CS148', 'Versatile modular complexity', 2, 'HK009', 'Học kỳ hè Năm học 2023-2024', 'LHP058', 5.16, 8.18, 7.56, 7.44, 'B', 3.0, TRUE),
    (584, 'HV057', '651179', 'Quang Vũ', 'MH007', 'IT302', 'Trí tuệ nhân tạo', 3, 'HK001', 'Học kỳ 1 Năm học 2021-2022', 'LHP015', 7.04, 6.92, 8.78, 8.24, 'B+', 3.5, TRUE),
    (585, 'HV473', '651293', 'Bà Yến Mai', 'MH001', 'IT101', 'Nhập môn Công nghệ thông tin', 3, 'HK007', 'Học kỳ 1 Năm học 2023-2024', 'LHP056', 5.12, 4.87, 4.03, 4.31, 'D', 1.0, FALSE),
    (586, 'HV398', '647236', 'Dương Hoàng', 'MH032', 'CS758', 'Inverse maximized forecast', 4, 'HK015', 'Học kỳ hè Năm học 2025-2026', 'LHP006', 6.55, 7.42, 6.13, 6.43, 'C+', 2.5, TRUE),
    (587, 'HV416', '652563', 'Dũng Dương', 'MH070', 'CHEM177', 'Implemented secondary ability', 3, 'HK003', 'Học kỳ hè Năm học 2021-2022', 'LHP084', 9.47, 9.87, 5.51, 6.78, 'C+', 2.5, TRUE),
    (588, 'HV312', '633907', 'Dương Vũ', 'MH018', 'NN202', 'Tiếng Trung cơ bản', 4, 'HK008', 'Học kỳ 2 Năm học 2023-2024', 'LHP033', 6.4, 9.07, 8.67, 8.52, 'A', 4.0, TRUE),
    (589, 'HV329', '644141', 'Cô Hạnh Lê', 'MH025', 'PHY546', 'Function-based intangible product', 4, 'HK003', 'Học kỳ hè Năm học 2021-2022', 'LHP019', 6.13, 4.54, 9.46, 8.14, 'B+', 3.5, TRUE),
    (590, 'HV446', '646184', 'Nhật Hoàng Đặng', 'MH019', 'QS101', 'Giáo dục Quốc phòng', 2, 'HK005', 'Học kỳ 2 Năm học 2022-2023', 'LHP033', 7.81, 6.97, 8.16, 7.89, 'B', 3.0, TRUE),
    (591, 'HV112', '638432', 'Ngọc Phạm', 'MH022', 'QS202', 'Kỹ thuật quân sự', 3, 'HK011', 'Học kỳ 2 Năm học 2024-2025', 'LHP054', 10, 3.99, 2.64, 3.65, 'F', 0.0, FALSE),
    (592, 'HV148', '634936', 'Dương Mai', 'MH078', 'CS712', 'Devolved uniform solution', 2, 'HK009', 'Học kỳ hè Năm học 2023-2024', 'LHP081', 10, 8.53, 8.22, 8.46, 'B+', 3.5, TRUE),
    (593, 'HV460', '639375', 'Cô Thành Trần', 'MH002', 'IT102', 'Lập trình cơ bản', 4, 'HK003', 'Học kỳ hè Năm học 2021-2022', 'LHP083', 7.52, 6.25, 6.24, 6.37, 'C+', 2.5, TRUE),
    (594, 'HV344', '636695', 'Kim Phạm', 'MH026', 'CHEM794', 'Compatible client-server system engine', 3, 'HK009', 'Học kỳ hè Năm học 2023-2024', 'LHP054', 8.11, 6.44, 4.35, 5.14, 'D+', 1.5, TRUE),
    (595, 'HV089', '659817', 'Bác Tùng Nguyễn', 'MH034', 'MATH998', 'Networked intermediate data-warehouse', 3, 'HK013', 'Học kỳ 1 Năm học 2025-2026', 'LHP018', 4.32, 5.33, 10, 8.5, 'A', 4.0, TRUE),
    (596, 'HV120', '638342', 'Bà Bảo Mai', 'MH054', 'MATH608', 'Organic background conglomeration', 2, 'HK002', 'Học kỳ 2 Năm học 2021-2022', 'LHP066', 8.44, 7.23, 7.41, 7.48, 'B', 3.0, TRUE),
    (597, 'HV484', '653160', 'Hải Phú Bùi', 'MH003', 'IT201', 'Cấu trúc dữ liệu và giải thuật', 4, 'HK002', 'Học kỳ 2 Năm học 2021-2022', 'LHP048', 5.97, 4.89, 5.32, 5.3, 'D+', 1.5, TRUE),
    (598, 'HV395', '634759', 'Chị An Lê', 'MH038', 'PHY504', 'Secured zero-defect middleware', 3, 'HK006', 'Học kỳ hè Năm học 2022-2023', 'LHP062', 7.11, 8.11, 6.35, 6.78, 'C+', 2.5, TRUE),
    (599, 'HV378', '667949', 'Kim Nguyễn', 'MH008', 'IT303', 'Học máy', 3, 'HK005', 'Học kỳ 2 Năm học 2022-2023', 'LHP034', 8.4, 5.06, 6.28, 6.25, 'C+', 2.5, TRUE),
    (600, 'HV473', '651293', 'Bà Yến Mai', 'MH055', 'PHY749', 'Profit-focused methodical software', 3, 'HK002', 'Học kỳ 2 Năm học 2021-2022', 'LHP034', 7.81, 9.68, 9.16, 9.13, 'A+', 4.0, TRUE),
    (601, 'HV298', '657144', 'Chị Kim Dương', 'MH048', 'CHEM889', 'Centralized systemic policy', 4, 'HK004', 'Học kỳ 1 Năm học 2022-2023', 'LHP107', 6.34, 7.53, 9.96, 9.11, 'A+', 4.0, TRUE),
    (602, 'HV065', '656270', 'Phương Phạm', 'MH028', 'CS900', 'Ergonomic demand-driven capacity', 4, 'HK004', 'Học kỳ 1 Năm học 2022-2023', 'LHP057', 8.15, 4.21, 9.21, 8.1, 'B+', 3.5, TRUE),
    (603, 'HV377', '673039', 'Anh Thế Nguyễn', 'MH071', 'CHEM141', 'Re-contextualized global open system', 3, 'HK007', 'Học kỳ 1 Năm học 2023-2024', 'LHP010', 8.03, 6.21, 2.14, 3.54, 'F', 0.0, FALSE),
    (604, 'HV464', '642943', 'Nhật Đức Nguyễn', 'MH056', 'MATH569', 'Secured client-driven database', 3, 'HK004', 'Học kỳ 1 Năm học 2022-2023', 'LHP019', 8.99, 8.76, 9.72, 9.45, 'A+', 4.0, TRUE),
    (605, 'HV056', '667953', 'Tùng Hoàng Đặng', 'MH058', 'MATH105', 'Proactive global hub', 3, 'HK010', 'Học kỳ 1 Năm học 2024-2025', 'LHP078', 10, 6.75, 6.6, 6.97, 'C+', 2.5, TRUE),
    (606, 'HV248', '669088', 'Tú Hoàng Vũ', 'MH011', 'KT102', 'Kinh tế vĩ mô', 3, 'HK008', 'Học kỳ 2 Năm học 2023-2024', 'LHP073', 6.51, 9.3, 8.38, 8.38, 'B+', 3.5, TRUE),
    (607, 'HV125', '669363', 'Quang Mai', 'MH051', 'MATH882', 'Proactive foreground emulation', 2, 'HK001', 'Học kỳ 1 Năm học 2021-2022', 'LHP081', 6.83, 6.51, 5.94, 6.15, 'C+', 2.5, TRUE),
    (608, 'HV312', '633907', 'Dương Vũ', 'MH004', 'IT202', 'Cơ sở dữ liệu', 3, 'HK009', 'Học kỳ hè Năm học 2023-2024', 'LHP081', 9.98, 6.27, 3.62, 4.79, 'D', 1.0, FALSE),
    (609, 'HV098', '665895', 'Chị Thảo Mai', 'MH066', 'MATH808', 'User-friendly eco-centric framework', 4, 'HK015', 'Học kỳ hè Năm học 2025-2026', 'LHP061', 9.6, 6.14, 7.32, 7.31, 'B', 3.0, TRUE),
    (610, 'HV483', '678743', 'Bà Vi Dương', 'MH018', 'NN202', 'Tiếng Trung cơ bản', 4, 'HK006', 'Học kỳ hè Năm học 2022-2023', 'LHP047', 6.46, 9.38, 6.77, 7.26, 'B', 3.0, TRUE),
    (611, 'HV433', '665822', 'Bà Dương Đặng', 'MH040', 'MATH908', 'Stand-alone responsive strategy', 4, 'HK014', 'Học kỳ 2 Năm học 2025-2026', 'LHP055', 9.69, 9.28, 3.89, 5.55, 'C', 2.0, TRUE),
    (612, 'HV282', '672806', 'Bác Phúc Mai', 'MH024', 'PHY887', 'Progressive encompassing model', 4, 'HK005', 'Học kỳ 2 Năm học 2022-2023', 'LHP061', 8.16, 5.7, 9.05, 8.29, 'B+', 3.5, TRUE),
    (613, 'HV229', '656229', 'Phúc Hải Hoàng', 'MH065', 'MATH771', 'Digitized upward-trending emulation', 2, 'HK013', 'Học kỳ 1 Năm học 2025-2026', 'LHP110', 9.18, 5.57, 9.29, 8.53, 'A', 4.0, TRUE),
    (614, 'HV459', '653985', 'Cô Hải Phạm', 'MH074', 'PHY418', 'Centralized leadingedge knowledge user', 4, 'HK015', 'Học kỳ hè Năm học 2025-2026', 'LHP086', 9.63, 4.73, 6.49, 6.45, 'C+', 2.5, TRUE),
    (615, 'HV223', '632888', 'Quý ông Châu Dương', 'MH002', 'IT102', 'Lập trình cơ bản', 4, 'HK006', 'Học kỳ hè Năm học 2022-2023', 'LHP019', 4.28, 5.44, 4.95, 4.98, 'D', 1.0, FALSE),
    (616, 'HV256', '646046', 'Ngọc Vũ', 'MH007', 'IT302', 'Trí tuệ nhân tạo', 3, 'HK009', 'Học kỳ hè Năm học 2023-2024', 'LHP027', 5.98, 4.38, 3.44, 3.88, 'F', 0.0, FALSE),
    (617, 'HV231', '663098', 'Hải Vũ', 'MH021', 'QS201', 'Chiến thuật bộ binh', 3, 'HK005', 'Học kỳ 2 Năm học 2022-2023', 'LHP119', 5.48, 6.05, 5.65, 5.72, 'C', 2.0, TRUE),
    (618, 'HV091', '661286', 'Ông Dũng Lê', 'MH052', 'CHEM184', 'Automated heuristic pricing structure', 4, 'HK011', 'Học kỳ 2 Năm học 2024-2025', 'LHP097', 9.21, 6.58, 6.09, 6.5, 'C+', 2.5, TRUE),
    (619, 'HV290', '659783', 'Anh Hoàng Bùi', 'MH057', 'CS148', 'Versatile modular complexity', 2, 'HK003', 'Học kỳ hè Năm học 2021-2022', 'LHP076', 5.73, 6.77, 5.29, 5.63, 'C', 2.0, TRUE),
    (620, 'HV326', '633420', 'Lâm Đặng', 'MH055', 'PHY749', 'Profit-focused methodical software', 3, 'HK014', 'Học kỳ 2 Năm học 2025-2026', 'LHP034', 8.56, 8.14, 6.87, 7.29, 'B', 3.0, TRUE),
    (621, 'HV410', '673799', 'Hà Đặng', 'MH069', 'CHEM272', 'Mandatory value-added moratorium', 4, 'HK014', 'Học kỳ 2 Năm học 2025-2026', 'LHP005', 6.73, 5.9, 6.79, 6.61, 'C+', 2.5, TRUE),
    (622, 'HV171', '673155', 'Hải Văn Phạm', 'MH044', 'CS575', 'Enhanced 24/7 leverage', 3, 'HK003', 'Học kỳ hè Năm học 2021-2022', 'LHP020', 4.9, 9.24, 4.82, 5.71, 'C', 2.0, TRUE),
    (623, 'HV324', '646840', 'Thành Nguyễn', 'MH042', 'CS898', 'Phased cohesive initiative', 3, 'HK002', 'Học kỳ 2 Năm học 2021-2022', 'LHP092', 5.96, 5.35, 2.47, 3.39, 'F', 0.0, FALSE),
    (624, 'HV075', '632613', 'Tú Lê', 'MH057', 'CS148', 'Versatile modular complexity', 2, 'HK009', 'Học kỳ hè Năm học 2023-2024', 'LHP043', 7.31, 7.94, 5.09, 5.88, 'C', 2.0, TRUE),
    (625, 'HV052', '657510', 'Hải Trí Hoàng', 'MH042', 'CS898', 'Phased cohesive initiative', 3, 'HK009', 'Học kỳ hè Năm học 2023-2024', 'LHP014', 5.54, 7.16, 8.74, 8.1, 'B+', 3.5, TRUE),
    (626, 'HV490', '638764', 'Hưng Xuân Phạm', 'MH044', 'CS575', 'Enhanced 24/7 leverage', 3, 'HK014', 'Học kỳ 2 Năm học 2025-2026', 'LHP118', 6.38, 8.25, 6.23, 6.65, 'C+', 2.5, TRUE),
    (627, 'HV132', '668610', 'Bảo Phạm', 'MH028', 'CS900', 'Ergonomic demand-driven capacity', 4, 'HK008', 'Học kỳ 2 Năm học 2023-2024', 'LHP063', 6.11, 5.24, 7.56, 6.95, 'C+', 2.5, TRUE),
    (628, 'HV460', '639375', 'Cô Thành Trần', 'MH019', 'QS101', 'Giáo dục Quốc phòng', 2, 'HK012', 'Học kỳ hè Năm học 2024-2025', 'LHP106', 9.15, 4.85, 4.8, 5.25, 'D+', 1.5, TRUE),
    (629, 'HV400', '661469', 'Linh Hoàng', 'MH043', 'PHY829', 'Managed modular focus group', 2, 'HK002', 'Học kỳ 2 Năm học 2021-2022', 'LHP113', 10, 4.77, 3.39, 4.33, 'D', 1.0, FALSE),
    (630, 'HV498', '642862', 'Hạnh Lê', 'MH017', 'NN201', 'Tiếng Anh chuyên ngành', 3, 'HK006', 'Học kỳ hè Năm học 2022-2023', 'LHP022', 6.84, 6.52, 9.9, 8.92, 'A', 4.0, TRUE),
    (631, 'HV133', '632178', 'Hà Phạm', 'MH039', 'PHY188', 'Horizontal well-modulated circuit', 3, 'HK014', 'Học kỳ 2 Năm học 2025-2026', 'LHP034', 6.13, 8.82, 4.2, 5.31, 'D+', 1.5, TRUE),
    (632, 'HV297', '661961', 'Vân Mai', 'MH019', 'QS101', 'Giáo dục Quốc phòng', 2, 'HK002', 'Học kỳ 2 Năm học 2021-2022', 'LHP064', 9.19, 6.17, 5.62, 6.09, 'C+', 2.5, TRUE),
    (633, 'HV085', '633367', 'Tùng Bảo Dương', 'MH054', 'MATH608', 'Organic background conglomeration', 2, 'HK014', 'Học kỳ 2 Năm học 2025-2026', 'LHP068', 4.49, 8.61, 7.03, 7.09, 'B', 3.0, TRUE),
    (634, 'HV457', '638922', 'Hải Bảo Đặng', 'MH073', 'CS219', 'Cross-platform client-server policy', 3, 'HK004', 'Học kỳ 1 Năm học 2022-2023', 'LHP110', 6.52, 7.58, 3.49, 4.61, 'D', 1.0, FALSE),
    (635, 'HV419', '645058', 'Châu Hữu Bùi', 'MH011', 'KT102', 'Kinh tế vĩ mô', 3, 'HK011', 'Học kỳ 2 Năm học 2024-2025', 'LHP111', 6.83, 4.92, 4.62, 4.9, 'D', 1.0, FALSE),
    (636, 'HV371', '671516', 'Cô Mai Trần', 'MH045', 'CS718', 'Face-to-face bandwidth-monitored encoding', 2, 'HK008', 'Học kỳ 2 Năm học 2023-2024', 'LHP051', 7.96, 4.78, 6.85, 6.55, 'C+', 2.5, TRUE),
    (637, 'HV229', '656229', 'Phúc Hải Hoàng', 'MH013', 'KT202', 'Tài chính doanh nghiệp', 3, 'HK012', 'Học kỳ hè Năm học 2024-2025', 'LHP001', 5.74, 8.73, 7.61, 7.65, 'B', 3.0, TRUE),
    (638, 'HV394', '677528', 'Nhật Bảo Mai', 'MH036', 'CS430', 'Stand-alone national project', 2, 'HK007', 'Học kỳ 1 Năm học 2023-2024', 'LHP036', 5.24, 6.7, 6.26, 6.25, 'C+', 2.5, TRUE),
    (639, 'HV143', '641283', 'An Trí Đặng', 'MH026', 'CHEM794', 'Compatible client-server system engine', 3, 'HK001', 'Học kỳ 1 Năm học 2021-2022', 'LHP047', 5.03, 5.72, 6.5, 6.19, 'C+', 2.5, TRUE),
    (640, 'HV195', '644696', 'Chi Nguyễn', 'MH029', 'CS728', 'Fundamental incremental synergy', 2, 'HK002', 'Học kỳ 2 Năm học 2021-2022', 'LHP079', 5.33, 9.32, 9.47, 9.03, 'A+', 4.0, TRUE),
    (641, 'HV116', '678699', 'Bà Vân Nguyễn', 'MH068', 'CS441', 'Decentralized systemic productivity', 4, 'HK011', 'Học kỳ 2 Năm học 2024-2025', 'LHP041', 8.62, 9.21, 6.26, 7.09, 'B', 3.0, TRUE),
    (642, 'HV478', '639955', 'Thành Mai Bảo Nguyễn', 'MH046', 'CHEM667', 'Synergized bottom-line monitoring', 4, 'HK003', 'Học kỳ hè Năm học 2021-2022', 'LHP023', 8.29, 7.52, 10, 9.33, 'A+', 4.0, TRUE),
    (643, 'HV095', '672813', 'Lan Nguyễn', 'MH032', 'CS758', 'Inverse maximized forecast', 4, 'HK007', 'Học kỳ 1 Năm học 2023-2024', 'LHP009', 7.26, 7.32, 6.88, 7.01, 'B', 3.0, TRUE),
    (644, 'HV130', '641713', 'Trọng Mai', 'MH019', 'QS101', 'Giáo dục Quốc phòng', 2, 'HK010', 'Học kỳ 1 Năm học 2024-2025', 'LHP077', 7.69, 7.73, 7.94, 7.88, 'B', 3.0, TRUE),
    (645, 'HV480', '657163', 'Quý cô Phương Mai', 'MH013', 'KT202', 'Tài chính doanh nghiệp', 3, 'HK008', 'Học kỳ 2 Năm học 2023-2024', 'LHP074', 8.54, 7.92, 10, 9.44, 'A+', 4.0, TRUE),
    (646, 'HV252', '675654', 'Anh Bùi', 'MH024', 'PHY887', 'Progressive encompassing model', 4, 'HK008', 'Học kỳ 2 Năm học 2023-2024', 'LHP088', 3.75, 9.45, 4.85, 5.66, 'C', 2.0, TRUE),
    (647, 'HV145', '668875', 'Quý cô Nhật Bùi', 'MH072', 'MATH659', 'Innovative systemic support', 3, 'HK001', 'Học kỳ 1 Năm học 2021-2022', 'LHP111', 7.26, 7.96, 7.69, 7.7, 'B', 3.0, TRUE),
    (648, 'HV044', '664675', 'Hạnh Trần', 'MH061', 'PHY563', 'Reactive intangible contingency', 4, 'HK013', 'Học kỳ 1 Năm học 2025-2026', 'LHP054', 5.53, 8.75, 9.32, 8.83, 'A', 4.0, TRUE),
    (649, 'HV180', '678233', 'Quý cô Hải Mai', 'MH073', 'CS219', 'Cross-platform client-server policy', 3, 'HK010', 'Học kỳ 1 Năm học 2024-2025', 'LHP116', 7.55, 7.73, 8.75, 8.43, 'B+', 3.5, TRUE),
    (650, 'HV423', '669907', 'Bà Hạnh Phạm', 'MH009', 'IT304', 'An toàn và bảo mật thông tin', 3, 'HK011', 'Học kỳ 2 Năm học 2024-2025', 'LHP095', 5.92, 7.79, 5.54, 6.03, 'C+', 2.5, TRUE),
    (651, 'HV410', '673799', 'Hà Đặng', 'MH064', 'CS960', 'Synchronized real-time budgetary management', 2, 'HK014', 'Học kỳ 2 Năm học 2025-2026', 'LHP083', 10.0, 3.7, 2.76, 3.67, 'F', 0.0, FALSE),
    (652, 'HV015', '651880', 'Anh Nam Bùi', 'MH038', 'PHY504', 'Secured zero-defect middleware', 3, 'HK008', 'Học kỳ 2 Năm học 2023-2024', 'LHP041', 5.32, 6.32, 7.2, 6.83, 'C+', 2.5, TRUE),
    (653, 'HV271', '653128', 'Vũ Bùi', 'MH063', 'MATH935', 'Implemented even-keeled complexity', 2, 'HK011', 'Học kỳ 2 Năm học 2024-2025', 'LHP007', 8.93, 9.85, 9.68, 9.64, 'A+', 4.0, TRUE),
    (654, 'HV257', '642760', 'Ông Thành Hoàng', 'MH062', 'CHEM292', 'Sharable fault-tolerant implementation', 3, 'HK015', 'Học kỳ hè Năm học 2025-2026', 'LHP012', 5.47, 9.48, 6.34, 6.88, 'C+', 2.5, TRUE),
    (655, 'HV124', '667614', 'Hải Vũ', 'MH020', 'QS102', 'Điều lệnh Quân đội', 2, 'HK014', 'Học kỳ 2 Năm học 2025-2026', 'LHP076', 7.62, 7.64, 8.03, 7.91, 'B', 3.0, TRUE),
    (656, 'HV481', '672479', 'Bảo Vũ', 'MH037', 'CHEM420', 'User-centric intermediate approach', 3, 'HK009', 'Học kỳ hè Năm học 2023-2024', 'LHP057', 8.51, 10, 3.84, 5.54, 'C', 2.0, TRUE),
    (657, 'HV247', '644453', 'Chị Nhật Mai', 'MH042', 'CS898', 'Phased cohesive initiative', 3, 'HK014', 'Học kỳ 2 Năm học 2025-2026', 'LHP055', 7.2, 9.8, 8.13, 8.37, 'B+', 3.5, TRUE),
    (658, 'HV345', '668535', 'Tùng Mai', 'MH066', 'MATH808', 'User-friendly eco-centric framework', 4, 'HK011', 'Học kỳ 2 Năm học 2024-2025', 'LHP023', 6.69, 7.64, 5.62, 6.13, 'C+', 2.5, TRUE),
    (659, 'HV460', '639375', 'Cô Thành Trần', 'MH027', 'CHEM106', 'Down-sized methodical flexibility', 3, 'HK008', 'Học kỳ 2 Năm học 2023-2024', 'LHP036', 8.57, 8.56, 3.86, 5.27, 'D+', 1.5, TRUE),
    (660, 'HV146', '645664', 'Nam Xuân Mai', 'MH061', 'PHY563', 'Reactive intangible contingency', 4, 'HK014', 'Học kỳ 2 Năm học 2025-2026', 'LHP065', 5.29, 5.18, 8.48, 7.5, 'B', 3.0, TRUE),
    (661, 'HV342', '671554', 'An Nguyễn', 'MH010', 'KT101', 'Kinh tế vi mô', 3, 'HK008', 'Học kỳ 2 Năm học 2023-2024', 'LHP102', 5.93, 7.76, 9.75, 8.97, 'A', 4.0, TRUE),
    (662, 'HV461', '645151', 'Hạnh Thị Vũ', 'MH038', 'PHY504', 'Secured zero-defect middleware', 3, 'HK004', 'Học kỳ 1 Năm học 2022-2023', 'LHP029', 8.49, 4.3, 9.27, 8.2, 'B+', 3.5, TRUE),
    (663, 'HV479', '651208', 'Bác Thành Nguyễn', 'MH022', 'QS202', 'Kỹ thuật quân sự', 3, 'HK011', 'Học kỳ 2 Năm học 2024-2025', 'LHP074', 7.64, 7.7, 6.08, 6.56, 'C+', 2.5, TRUE),
    (664, 'HV153', '632579', 'Chị Hà Trần', 'MH071', 'CHEM141', 'Re-contextualized global open system', 3, 'HK007', 'Học kỳ 1 Năm học 2023-2024', 'LHP029', 9.56, 5.28, 6.03, 6.23, 'C+', 2.5, TRUE),
    (665, 'HV098', '665895', 'Chị Thảo Mai', 'MH061', 'PHY563', 'Reactive intangible contingency', 4, 'HK003', 'Học kỳ hè Năm học 2021-2022', 'LHP007', 9.28, 5.02, 4.44, 5.04, 'D+', 1.5, TRUE),
    (666, 'HV225', '661912', 'Chị Bảo Mai', 'MH012', 'KT201', 'Nguyên lý kế toán', 4, 'HK010', 'Học kỳ 1 Năm học 2024-2025', 'LHP031', 5.4, 6.01, 7.64, 7.09, 'B', 3.0, TRUE),
    (667, 'HV083', '664487', 'Phương Mai', 'MH062', 'CHEM292', 'Sharable fault-tolerant implementation', 3, 'HK007', 'Học kỳ 1 Năm học 2023-2024', 'LHP022', 6.69, 8.4, 2.54, 4.12, 'D', 1.0, FALSE),
    (668, 'HV438', '661375', 'Tùng Trí Trần', 'MH029', 'CS728', 'Fundamental incremental synergy', 2, 'HK004', 'Học kỳ 1 Năm học 2022-2023', 'LHP076', 8.94, 7.61, 4.91, 5.85, 'C', 2.0, TRUE),
    (669, 'HV380', '675861', 'Ông Tú Mai', 'MH042', 'CS898', 'Phased cohesive initiative', 3, 'HK014', 'Học kỳ 2 Năm học 2025-2026', 'LHP095', 9.9, 7.05, 5.29, 6.1, 'C+', 2.5, TRUE),
    (670, 'HV048', '647991', 'Chi Vũ', 'MH009', 'IT304', 'An toàn và bảo mật thông tin', 3, 'HK014', 'Học kỳ 2 Năm học 2025-2026', 'LHP041', 7.8, 5.54, 7.83, 7.37, 'B', 3.0, TRUE),
    (671, 'HV441', '631189', 'Mai Dương', 'MH043', 'PHY829', 'Managed modular focus group', 2, 'HK007', 'Học kỳ 1 Năm học 2023-2024', 'LHP042', 9.32, 10, 8.79, 9.09, 'A+', 4.0, TRUE),
    (672, 'HV361', '662682', 'An Đặng', 'MH047', 'CS612', 'Automated 4thgeneration strategy', 4, 'HK010', 'Học kỳ 1 Năm học 2024-2025', 'LHP076', 9.51, 7.78, 3.83, 5.18, 'D+', 1.5, TRUE),
    (673, 'HV359', '649556', 'Quý ông Vũ Lê', 'MH023', 'CS428', 'Robust system-worthy benchmark', 2, 'HK015', 'Học kỳ hè Năm học 2025-2026', 'LHP108', 7.69, 8.43, 8.12, 8.14, 'B+', 3.5, TRUE),
    (674, 'HV073', '679695', 'Dương Đặng', 'MH045', 'CS718', 'Face-to-face bandwidth-monitored encoding', 2, 'HK003', 'Học kỳ hè Năm học 2021-2022', 'LHP020', 5.38, 8.81, 5.98, 6.49, 'C+', 2.5, TRUE),
    (675, 'HV130', '641713', 'Trọng Mai', 'MH011', 'KT102', 'Kinh tế vĩ mô', 3, 'HK014', 'Học kỳ 2 Năm học 2025-2026', 'LHP083', 8.95, 3.29, 9.6, 8.28, 'B+', 3.5, TRUE),
    (676, 'HV055', '636433', 'Hà Bùi', 'MH050', 'CS774', 'Face-to-face global parallelism', 3, 'HK012', 'Học kỳ hè Năm học 2024-2025', 'LHP072', 8.73, 6.36, 5.52, 6.01, 'C+', 2.5, TRUE),
    (677, 'HV212', '659118', 'Dũng Vũ', 'MH072', 'MATH659', 'Innovative systemic support', 3, 'HK014', 'Học kỳ 2 Năm học 2025-2026', 'LHP052', 7.19, 7.28, 7.84, 7.66, 'B', 3.0, TRUE),
    (678, 'HV466', '669638', 'Quý cô Vân Phạm', 'MH049', 'PHY904', 'Re-engineered context-sensitive interface', 4, 'HK006', 'Học kỳ hè Năm học 2022-2023', 'LHP025', 7.73, 5.26, 9.38, 8.39, 'B+', 3.5, TRUE),
    (679, 'HV287', '636159', 'Quý cô Lâm Đặng', 'MH016', 'NN102', 'Tiếng Anh học thuật', 3, 'HK005', 'Học kỳ 2 Năm học 2022-2023', 'LHP044', 9.15, 7.13, 7.89, 7.86, 'B', 3.0, TRUE),
    (680, 'HV230', '639174', 'Nhật Phạm', 'MH008', 'IT303', 'Học máy', 3, 'HK007', 'Học kỳ 1 Năm học 2023-2024', 'LHP025', 10.0, 4.22, 6.02, 6.05, 'C+', 2.5, TRUE),
    (681, 'HV452', '656921', 'Chị Bảo Mai', 'MH020', 'QS102', 'Điều lệnh Quân đội', 2, 'HK009', 'Học kỳ hè Năm học 2023-2024', 'LHP062', 8.58, 6.4, 7.89, 7.66, 'B', 3.0, TRUE),
    (682, 'HV451', '655949', 'Lâm Trí Phạm', 'MH069', 'CHEM272', 'Mandatory value-added moratorium', 4, 'HK003', 'Học kỳ hè Năm học 2021-2022', 'LHP097', 6.91, 5.46, 10, 8.78, 'A', 4.0, TRUE),
    (683, 'HV003', '672049', 'Hải Mai Đặng', 'MH039', 'PHY188', 'Horizontal well-modulated circuit', 3, 'HK002', 'Học kỳ 2 Năm học 2021-2022', 'LHP118', 5.09, 5.53, 9.1, 7.99, 'B', 3.0, TRUE),
    (684, 'HV173', '639908', 'Ông Minh Phạm', 'MH072', 'MATH659', 'Innovative systemic support', 3, 'HK003', 'Học kỳ hè Năm học 2021-2022', 'LHP048', 6.65, 8.17, 4.91, 5.74, 'C', 2.0, TRUE),
    (685, 'HV470', '662972', 'Vũ Mai', 'MH032', 'CS758', 'Inverse maximized forecast', 4, 'HK008', 'Học kỳ 2 Năm học 2023-2024', 'LHP096', 7.4, 6.06, 7.54, 7.23, 'B', 3.0, TRUE),
    (686, 'HV240', '663639', 'Kim Mai Bảo Hoàng', 'MH052', 'CHEM184', 'Automated heuristic pricing structure', 4, 'HK009', 'Học kỳ hè Năm học 2023-2024', 'LHP019', 9.4, 9.56, 8.73, 8.97, 'A', 4.0, TRUE),
    (687, 'HV115', '652243', 'Lan Đặng', 'MH076', 'CHEM207', 'Vision-oriented empowering parallelism', 2, 'HK008', 'Học kỳ 2 Năm học 2023-2024', 'LHP069', 8.91, 4.55, 6.94, 6.66, 'C+', 2.5, TRUE),
    (688, 'HV177', '652396', 'Bác Quang Dương', 'MH004', 'IT202', 'Cơ sở dữ liệu', 3, 'HK002', 'Học kỳ 2 Năm học 2021-2022', 'LHP013', 7.99, 7.64, 10, 9.33, 'A+', 4.0, TRUE),
    (689, 'HV150', '663228', 'Hà Mai', 'MH011', 'KT102', 'Kinh tế vĩ mô', 3, 'HK014', 'Học kỳ 2 Năm học 2025-2026', 'LHP099', 4.6, 7.7, 3.47, 4.43, 'D', 1.0, FALSE),
    (690, 'HV209', '647336', 'Nhật Lê', 'MH038', 'PHY504', 'Secured zero-defect middleware', 3, 'HK010', 'Học kỳ 1 Năm học 2024-2025', 'LHP041', 9.09, 8.23, 8.26, 8.34, 'B+', 3.5, TRUE),
    (691, 'HV413', '661330', 'Vũ Hoàng', 'MH042', 'CS898', 'Phased cohesive initiative', 3, 'HK008', 'Học kỳ 2 Năm học 2023-2024', 'LHP110', 7.69, 9.29, 4.73, 5.94, 'C', 2.0, TRUE),
    (692, 'HV433', '665822', 'Bà Dương Đặng', 'MH036', 'CS430', 'Stand-alone national project', 2, 'HK011', 'Học kỳ 2 Năm học 2024-2025', 'LHP090', 9.71, 5.31, 7.08, 6.99, 'C+', 2.5, TRUE),
    (693, 'HV017', '679113', 'Hưng Dương', 'MH078', 'CS712', 'Devolved uniform solution', 2, 'HK006', 'Học kỳ hè Năm học 2022-2023', 'LHP056', 9.97, 8.03, 4.17, 5.52, 'C', 2.0, TRUE),
    (694, 'HV106', '642692', 'Cô Hải Dương', 'MH066', 'MATH808', 'User-friendly eco-centric framework', 4, 'HK009', 'Học kỳ hè Năm học 2023-2024', 'LHP076', 6.05, 5.98, 5.41, 5.59, 'C', 2.0, TRUE),
    (695, 'HV411', '674949', 'Chị Lâm Đặng', 'MH023', 'CS428', 'Robust system-worthy benchmark', 2, 'HK011', 'Học kỳ 2 Năm học 2024-2025', 'LHP039', 6.89, 8.24, 10, 9.34, 'A+', 4.0, TRUE),
    (696, 'HV357', '663524', 'Hưng Mai Bảo Trần', 'MH009', 'IT304', 'An toàn và bảo mật thông tin', 3, 'HK006', 'Học kỳ hè Năm học 2022-2023', 'LHP003', 5.8, 4.16, 5.92, 5.56, 'C', 2.0, TRUE),
    (697, 'HV183', '635914', 'Anh Anh Đặng', 'MH080', 'PHY434', 'Operative responsive project', 3, 'HK004', 'Học kỳ 1 Năm học 2022-2023', 'LHP113', 7.66, 9.22, 9.73, 9.42, 'A+', 4.0, TRUE),
    (698, 'HV356', '653559', 'Chị Thành Đặng', 'MH018', 'NN202', 'Tiếng Trung cơ bản', 4, 'HK001', 'Học kỳ 1 Năm học 2021-2022', 'LHP026', 9.56, 8.35, 2.2, 4.17, 'D', 1.0, FALSE),
    (699, 'HV084', '662518', 'An Hoàng', 'MH024', 'PHY887', 'Progressive encompassing model', 4, 'HK010', 'Học kỳ 1 Năm học 2024-2025', 'LHP003', 8.31, 8.63, 8.98, 8.84, 'A', 4.0, TRUE),
    (700, 'HV193', '675919', 'Thành Đức Mai', 'MH078', 'CS712', 'Devolved uniform solution', 2, 'HK011', 'Học kỳ 2 Năm học 2024-2025', 'LHP056', 5.62, 8.41, 8.08, 7.9, 'B', 3.0, TRUE),
    (701, 'HV257', '642760', 'Ông Thành Hoàng', 'MH042', 'CS898', 'Phased cohesive initiative', 3, 'HK010', 'Học kỳ 1 Năm học 2024-2025', 'LHP023', 8.22, 6.63, 8.84, 8.34, 'B+', 3.5, TRUE),
    (702, 'HV326', '633420', 'Lâm Đặng', 'MH040', 'MATH908', 'Stand-alone responsive strategy', 4, 'HK001', 'Học kỳ 1 Năm học 2021-2022', 'LHP008', 7.7, 6.47, 9.68, 8.84, 'A', 4.0, TRUE),
    (703, 'HV163', '679170', 'Quý cô Hà Dương', 'MH056', 'MATH569', 'Secured client-driven database', 3, 'HK004', 'Học kỳ 1 Năm học 2022-2023', 'LHP091', 8.47, 7.86, 7.74, 7.84, 'B', 3.0, TRUE),
    (704, 'HV437', '675359', 'Tùng Lê', 'MH017', 'NN201', 'Tiếng Anh chuyên ngành', 3, 'HK005', 'Học kỳ 2 Năm học 2022-2023', 'LHP093', 5.15, 6.56, 4.66, 5.09, 'D+', 1.5, TRUE),
    (705, 'HV408', '643141', 'Phương Hải Hoàng', 'MH002', 'IT102', 'Lập trình cơ bản', 4, 'HK012', 'Học kỳ hè Năm học 2024-2025', 'LHP005', 4.54, 7.86, 9.73, 8.84, 'A', 4.0, TRUE),
    (706, 'HV119', '632829', 'Ông Quang Bùi', 'MH051', 'MATH882', 'Proactive foreground emulation', 2, 'HK010', 'Học kỳ 1 Năm học 2024-2025', 'LHP037', 7.14, 8.03, 8.74, 8.44, 'B+', 3.5, TRUE),
    (707, 'HV356', '653559', 'Chị Thành Đặng', 'MH045', 'CS718', 'Face-to-face bandwidth-monitored encoding', 2, 'HK015', 'Học kỳ hè Năm học 2025-2026', 'LHP119', 7.37, 7.97, 8.36, 8.18, 'B+', 3.5, TRUE),
    (708, 'HV155', '657938', 'Quý cô Vi Bùi', 'MH012', 'KT201', 'Nguyên lý kế toán', 4, 'HK015', 'Học kỳ hè Năm học 2025-2026', 'LHP074', 6.32, 9.46, 6.13, 6.81, 'C+', 2.5, TRUE),
    (709, 'HV385', '652327', 'Anh Bảo Hoàng', 'MH037', 'CHEM420', 'User-centric intermediate approach', 3, 'HK005', 'Học kỳ 2 Năm học 2022-2023', 'LHP011', 9.43, 6.28, 5.82, 6.27, 'C+', 2.5, TRUE),
    (710, 'HV442', '654029', 'Chị Dương Nguyễn', 'MH075', 'CHEM371', 'Distributed contextually-based pricing structure', 2, 'HK011', 'Học kỳ 2 Năm học 2024-2025', 'LHP060', 6.09, 8.42, 9.23, 8.76, 'A', 4.0, TRUE),
    (711, 'HV027', '646340', 'Huy Thế Bùi', 'MH041', 'CS382', 'Seamless context-sensitive infrastructure', 4, 'HK006', 'Học kỳ hè Năm học 2022-2023', 'LHP004', 7.7, 9.52, 2.63, 4.51, 'D', 1.0, FALSE),
    (712, 'HV449', '633610', 'Bác Nam Phạm', 'MH028', 'CS900', 'Ergonomic demand-driven capacity', 4, 'HK002', 'Học kỳ 2 Năm học 2021-2022', 'LHP030', 5.76, 5.71, 7.75, 7.14, 'B', 3.0, TRUE),
    (713, 'HV285', '671888', 'An Nguyễn', 'MH020', 'QS102', 'Điều lệnh Quân đội', 2, 'HK006', 'Học kỳ hè Năm học 2022-2023', 'LHP115', 5.94, 5.25, 9.14, 8.04, 'B+', 3.5, TRUE),
    (714, 'HV289', '667239', 'Khoa Trí Lê', 'MH020', 'QS102', 'Điều lệnh Quân đội', 2, 'HK004', 'Học kỳ 1 Năm học 2022-2023', 'LHP041', 6.58, 8.89, 2.01, 3.85, 'F', 0.0, FALSE),
    (715, 'HV128', '642952', 'Trung Thị Hoàng', 'MH043', 'PHY829', 'Managed modular focus group', 2, 'HK008', 'Học kỳ 2 Năm học 2023-2024', 'LHP031', 6.33, 4.39, 6.12, 5.79, 'C', 2.0, TRUE),
    (716, 'HV023', '673003', 'Dũng Lê', 'MH049', 'PHY904', 'Re-engineered context-sensitive interface', 4, 'HK015', 'Học kỳ hè Năm học 2025-2026', 'LHP095', 8.79, 10, 10, 9.88, 'A+', 4.0, TRUE),
    (717, 'HV043', '659147', 'Tùng Tấn Nguyễn', 'MH050', 'CS774', 'Face-to-face global parallelism', 3, 'HK003', 'Học kỳ hè Năm học 2021-2022', 'LHP110', 8.53, 6.22, 5.77, 6.13, 'C+', 2.5, TRUE),
    (718, 'HV210', '668058', 'Cô Phương Lê', 'MH023', 'CS428', 'Robust system-worthy benchmark', 2, 'HK012', 'Học kỳ hè Năm học 2024-2025', 'LHP001', 7.74, 6.55, 8.81, 8.25, 'B+', 3.5, TRUE),
    (719, 'HV225', '661912', 'Chị Bảo Mai', 'MH003', 'IT201', 'Cấu trúc dữ liệu và giải thuật', 4, 'HK003', 'Học kỳ hè Năm học 2021-2022', 'LHP102', 9.24, 4.75, 6.95, 6.74, 'C+', 2.5, TRUE),
    (720, 'HV085', '633367', 'Tùng Bảo Dương', 'MH051', 'MATH882', 'Proactive foreground emulation', 2, 'HK003', 'Học kỳ hè Năm học 2021-2022', 'LHP074', 8.92, 7.0, 4.26, 5.27, 'D+', 1.5, TRUE),
    (721, 'HV329', '644141', 'Cô Hạnh Lê', 'MH054', 'MATH608', 'Organic background conglomeration', 2, 'HK012', 'Học kỳ hè Năm học 2024-2025', 'LHP092', 8.69, 10, 10, 9.87, 'A+', 4.0, TRUE),
    (722, 'HV307', '645121', 'Minh Thế Dương', 'MH070', 'CHEM177', 'Implemented secondary ability', 3, 'HK007', 'Học kỳ 1 Năm học 2023-2024', 'LHP107', 6.48, 6.03, 3.34, 4.19, 'D', 1.0, FALSE),
    (723, 'HV175', '637833', 'Hồng Bùi', 'MH068', 'CS441', 'Decentralized systemic productivity', 4, 'HK004', 'Học kỳ 1 Năm học 2022-2023', 'LHP010', 8.28, 8.04, 4.72, 5.74, 'C', 2.0, TRUE),
    (724, 'HV273', '638248', 'Nhật Dương', 'MH003', 'IT201', 'Cấu trúc dữ liệu và giải thuật', 4, 'HK002', 'Học kỳ 2 Năm học 2021-2022', 'LHP009', 10, 6.21, 7.78, 7.69, 'B', 3.0, TRUE),
    (725, 'HV191', '637461', 'Tú Đức Lê', 'MH013', 'KT202', 'Tài chính doanh nghiệp', 3, 'HK006', 'Học kỳ hè Năm học 2022-2023', 'LHP024', 10, 7.13, 8.41, 8.32, 'B+', 3.5, TRUE),
    (726, 'HV287', '636159', 'Quý cô Lâm Đặng', 'MH028', 'CS900', 'Ergonomic demand-driven capacity', 4, 'HK006', 'Học kỳ hè Năm học 2022-2023', 'LHP034', 8.29, 7.9, 8.59, 8.42, 'B+', 3.5, TRUE),
    (727, 'HV452', '656921', 'Chị Bảo Mai', 'MH060', 'PHY835', 'Synergistic mobile analyzer', 4, 'HK002', 'Học kỳ 2 Năm học 2021-2022', 'LHP010', 6.93, 5.86, 8.42, 7.76, 'B', 3.0, TRUE),
    (728, 'HV287', '636159', 'Quý cô Lâm Đặng', 'MH018', 'NN202', 'Tiếng Trung cơ bản', 4, 'HK005', 'Học kỳ 2 Năm học 2022-2023', 'LHP077', 4.37, 9.33, 6.95, 7.17, 'B', 3.0, TRUE),
    (729, 'HV121', '632322', 'Tùng Văn Phạm', 'MH006', 'IT301', 'Phát triển ứng dụng Web', 3, 'HK012', 'Học kỳ hè Năm học 2024-2025', 'LHP034', 8.19, 7.73, 6.53, 6.94, 'C+', 2.5, TRUE),
    (730, 'HV392', '665257', 'Quý ông Tú Vũ', 'MH015', 'NN101', 'Tiếng Anh cơ bản', 4, 'HK003', 'Học kỳ hè Năm học 2021-2022', 'LHP017', 7.85, 8.77, 2.77, 4.48, 'D', 1.0, FALSE),
    (731, 'HV148', '634936', 'Dương Mai', 'MH059', 'CS958', 'De-engineered zero tolerance neural-net', 4, 'HK009', 'Học kỳ hè Năm học 2023-2024', 'LHP119', 6.0, 4.53, 8.09, 7.17, 'B', 3.0, TRUE),
    (732, 'HV338', '661620', 'Kim Đức Mai', 'MH051', 'MATH882', 'Proactive foreground emulation', 2, 'HK003', 'Học kỳ hè Năm học 2021-2022', 'LHP015', 8.19, 10, 6.19, 7.15, 'B', 3.0, TRUE),
    (733, 'HV465', '673308', 'Quý cô Ánh Hoàng', 'MH013', 'KT202', 'Tài chính doanh nghiệp', 3, 'HK006', 'Học kỳ hè Năm học 2022-2023', 'LHP111', 6.07, 8.84, 3.44, 4.79, 'D', 1.0, FALSE),
    (734, 'HV443', '641988', 'Bảo Trần', 'MH071', 'CHEM141', 'Re-contextualized global open system', 3, 'HK013', 'Học kỳ 1 Năm học 2025-2026', 'LHP044', 3.99, 7.86, 4.22, 4.93, 'D', 1.0, FALSE),
    (735, 'HV004', '679528', 'Bà Chi Bùi', 'MH060', 'PHY835', 'Synergistic mobile analyzer', 4, 'HK009', 'Học kỳ hè Năm học 2023-2024', 'LHP045', 7.07, 2.46, 8.86, 7.4, 'B', 3.0, TRUE),
    (736, 'HV089', '659817', 'Bác Tùng Nguyễn', 'MH034', 'MATH998', 'Networked intermediate data-warehouse', 3, 'HK014', 'Học kỳ 2 Năm học 2025-2026', 'LHP047', 5.25, 7.68, 4.47, 5.19, 'D+', 1.5, TRUE),
    (737, 'HV281', '633282', 'Anh Nam Lê', 'MH005', 'IT203', 'Mạng máy tính', 3, 'HK003', 'Học kỳ hè Năm học 2021-2022', 'LHP088', 9.37, 4.1, 5.43, 5.56, 'C', 2.0, TRUE),
    (738, 'HV341', '652904', 'Hoàng Đặng', 'MH069', 'CHEM272', 'Mandatory value-added moratorium', 4, 'HK003', 'Học kỳ hè Năm học 2021-2022', 'LHP018', 9.47, 6.01, 4.13, 5.04, 'D+', 1.5, TRUE),
    (739, 'HV490', '638764', 'Hưng Xuân Phạm', 'MH016', 'NN102', 'Tiếng Anh học thuật', 3, 'HK007', 'Học kỳ 1 Năm học 2023-2024', 'LHP057', 9.31, 9.91, 3.84, 5.6, 'C', 2.0, TRUE),
    (740, 'HV339', '672442', 'Hoàng Hữu Bùi', 'MH009', 'IT304', 'An toàn và bảo mật thông tin', 3, 'HK009', 'Học kỳ hè Năm học 2023-2024', 'LHP028', 6.84, 9.91, 5.96, 6.84, 'C+', 2.5, TRUE),
    (741, 'HV316', '656020', 'Kim Mai', 'MH065', 'MATH771', 'Digitized upward-trending emulation', 2, 'HK008', 'Học kỳ 2 Năm học 2023-2024', 'LHP092', 5.69, 10, 8.38, 8.43, 'B+', 3.5, TRUE),
    (742, 'HV132', '668610', 'Bảo Phạm', 'MH070', 'CHEM177', 'Implemented secondary ability', 3, 'HK015', 'Học kỳ hè Năm học 2025-2026', 'LHP073', 7.82, 5.93, 8.08, 7.62, 'B', 3.0, TRUE),
    (743, 'HV456', '633126', 'Lâm Văn Đặng', 'MH033', 'MATH371', 'Reactive fault-tolerant Internet solution', 4, 'HK013', 'Học kỳ 1 Năm học 2025-2026', 'LHP043', 10, 4.57, 4.86, 5.32, 'D+', 1.5, TRUE),
    (744, 'HV027', '646340', 'Huy Thế Bùi', 'MH020', 'QS102', 'Điều lệnh Quân đội', 2, 'HK011', 'Học kỳ 2 Năm học 2024-2025', 'LHP077', 5.86, 9.65, 3.9, 5.24, 'D+', 1.5, TRUE),
    (745, 'HV090', '639895', 'Cô Vi Mai', 'MH017', 'NN201', 'Tiếng Anh chuyên ngành', 3, 'HK012', 'Học kỳ hè Năm học 2024-2025', 'LHP015', 8.51, 7.26, 3.88, 5.01, 'D+', 1.5, TRUE),
    (746, 'HV012', '639628', 'Lâm Thị Nguyễn', 'MH037', 'CHEM420', 'User-centric intermediate approach', 3, 'HK001', 'Học kỳ 1 Năm học 2021-2022', 'LHP043', 6.52, 4.17, 9.16, 7.9, 'B', 3.0, TRUE),
    (747, 'HV169', '632555', 'Bà Dương Lê', 'MH016', 'NN102', 'Tiếng Anh học thuật', 3, 'HK008', 'Học kỳ 2 Năm học 2023-2024', 'LHP110', 9.12, 9.68, 7.94, 8.41, 'B+', 3.5, TRUE),
    (748, 'HV123', '662158', 'Linh Nguyễn', 'MH074', 'PHY418', 'Centralized leadingedge knowledge user', 4, 'HK009', 'Học kỳ hè Năm học 2023-2024', 'LHP117', 7.87, 4.17, 5.06, 5.16, 'D+', 1.5, TRUE),
    (749, 'HV486', '658497', 'Minh Phạm', 'MH074', 'PHY418', 'Centralized leadingedge knowledge user', 4, 'HK011', 'Học kỳ 2 Năm học 2024-2025', 'LHP024', 6.79, 5.38, 6.31, 6.17, 'C+', 2.5, TRUE),
    (750, 'HV487', '634481', 'Mai Đặng', 'MH011', 'KT102', 'Kinh tế vĩ mô', 3, 'HK011', 'Học kỳ 2 Năm học 2024-2025', 'LHP106', 5.96, 8.82, 4.68, 5.64, 'C', 2.0, TRUE),
    (751, 'HV018', '666918', 'Yến Trần', 'MH041', 'CS382', 'Seamless context-sensitive infrastructure', 4, 'HK012', 'Học kỳ hè Năm học 2024-2025', 'LHP062', 8.94, 6.06, 6.54, 6.68, 'C+', 2.5, TRUE),
    (752, 'HV407', '647971', 'Huy Dương', 'MH051', 'MATH882', 'Proactive foreground emulation', 2, 'HK009', 'Học kỳ hè Năm học 2023-2024', 'LHP078', 7.8, 8.22, 5.14, 6.02, 'C+', 2.5, TRUE),
    (753, 'HV074', '632341', 'Phương Thế Trần', 'MH030', 'MATH559', 'Cross-group 24hour knowledge user', 4, 'HK003', 'Học kỳ hè Năm học 2021-2022', 'LHP077', 7.91, 8.28, 8.41, 8.33, 'B+', 3.5, TRUE),
    (754, 'HV417', '646305', 'Trọng Bùi', 'MH079', 'CHEM343', 'Innovative multi-state collaboration', 2, 'HK007', 'Học kỳ 1 Năm học 2023-2024', 'LHP102', 8.88, 9.96, 9.82, 9.75, 'A+', 4.0, TRUE),
    (755, 'HV081', '635927', 'Bà Nhật Mai', 'MH062', 'CHEM292', 'Sharable fault-tolerant implementation', 3, 'HK008', 'Học kỳ 2 Năm học 2023-2024', 'LHP070', 6.15, 6.59, 7.24, 7.0, 'B', 3.0, TRUE),
    (756, 'HV331', '633621', 'Hạnh Tấn Lê', 'MH050', 'CS774', 'Face-to-face global parallelism', 3, 'HK002', 'Học kỳ 2 Năm học 2021-2022', 'LHP116', 5.81, 9.06, 3.55, 4.88, 'D', 1.0, FALSE),
    (757, 'HV041', '679459', 'Quý cô Hải Hoàng', 'MH070', 'CHEM177', 'Implemented secondary ability', 3, 'HK002', 'Học kỳ 2 Năm học 2021-2022', 'LHP077', 5.9, 6.13, 5.46, 5.64, 'C', 2.0, TRUE),
    (758, 'HV072', '662287', 'Chị Duyên Trần', 'MH008', 'IT303', 'Học máy', 3, 'HK002', 'Học kỳ 2 Năm học 2021-2022', 'LHP111', 5.65, 4.88, 9.44, 8.15, 'B+', 3.5, TRUE),
    (759, 'HV080', '637094', 'Quang Bảo Nguyễn', 'MH029', 'CS728', 'Fundamental incremental synergy', 2, 'HK004', 'Học kỳ 1 Năm học 2022-2023', 'LHP112', 6.17, 4.23, 7.42, 6.66, 'C+', 2.5, TRUE),
    (760, 'HV190', '645684', 'Linh Bùi', 'MH078', 'CS712', 'Devolved uniform solution', 2, 'HK009', 'Học kỳ hè Năm học 2023-2024', 'LHP102', 7.0, 6.24, 9.18, 8.37, 'B+', 3.5, TRUE),
    (761, 'HV297', '661961', 'Vân Mai', 'MH034', 'MATH998', 'Networked intermediate data-warehouse', 3, 'HK010', 'Học kỳ 1 Năm học 2024-2025', 'LHP088', 9.29, 5.37, 8.55, 7.99, 'B', 3.0, TRUE),
    (762, 'HV188', '678236', 'Hà Thị Hoàng', 'MH022', 'QS202', 'Kỹ thuật quân sự', 3, 'HK007', 'Học kỳ 1 Năm học 2023-2024', 'LHP007', 7.97, 8.38, 7.25, 7.55, 'B', 3.0, TRUE),
    (763, 'HV217', '647413', 'An Vũ', 'MH054', 'MATH608', 'Organic background conglomeration', 2, 'HK009', 'Học kỳ hè Năm học 2023-2024', 'LHP011', 8.18, 8.51, 3.23, 4.78, 'D', 1.0, FALSE),
    (764, 'HV288', '649272', 'Hoàng Lê', 'MH075', 'CHEM371', 'Distributed contextually-based pricing structure', 2, 'HK004', 'Học kỳ 1 Năm học 2022-2023', 'LHP093', 5.04, 5.92, 9.08, 8.04, 'B+', 3.5, TRUE),
    (765, 'HV073', '679695', 'Dương Đặng', 'MH005', 'IT203', 'Mạng máy tính', 3, 'HK009', 'Học kỳ hè Năm học 2023-2024', 'LHP109', 7.82, 7.65, 7.39, 7.49, 'B', 3.0, TRUE),
    (766, 'HV123', '662158', 'Linh Nguyễn', 'MH012', 'KT201', 'Nguyên lý kế toán', 4, 'HK014', 'Học kỳ 2 Năm học 2025-2026', 'LHP015', 6.47, 4.01, 8.04, 7.07, 'B', 3.0, TRUE),
    (767, 'HV411', '674949', 'Chị Lâm Đặng', 'MH079', 'CHEM343', 'Innovative multi-state collaboration', 2, 'HK013', 'Học kỳ 1 Năm học 2025-2026', 'LHP075', 6.48, 7.5, 3.75, 4.77, 'D', 1.0, FALSE),
    (768, 'HV172', '643112', 'Nhật Đặng', 'MH028', 'CS900', 'Ergonomic demand-driven capacity', 4, 'HK013', 'Học kỳ 1 Năm học 2025-2026', 'LHP116', 7.35, 6.81, 8.46, 8.02, 'B+', 3.5, TRUE),
    (769, 'HV171', '673155', 'Hải Văn Phạm', 'MH053', 'MATH862', 'Quality-focused local Graphic Interface', 4, 'HK005', 'Học kỳ 2 Năm học 2022-2023', 'LHP059', 9.09, 6.67, 7.75, 7.67, 'B', 3.0, TRUE),
    (770, 'HV225', '661912', 'Chị Bảo Mai', 'MH034', 'MATH998', 'Networked intermediate data-warehouse', 3, 'HK005', 'Học kỳ 2 Năm học 2022-2023', 'LHP059', 10, 8.33, 8.56, 8.65, 'A', 4.0, TRUE),
    (771, 'HV150', '663228', 'Hà Mai', 'MH029', 'CS728', 'Fundamental incremental synergy', 2, 'HK014', 'Học kỳ 2 Năm học 2025-2026', 'LHP117', 6.93, 9.4, 8.27, 8.37, 'B+', 3.5, TRUE),
    (772, 'HV285', '671888', 'An Nguyễn', 'MH052', 'CHEM184', 'Automated heuristic pricing structure', 4, 'HK003', 'Học kỳ hè Năm học 2021-2022', 'LHP002', 8.05, 5.98, 4.0, 4.8, 'D', 1.0, FALSE),
    (773, 'HV226', '655859', 'Ông Minh Lê', 'MH011', 'KT102', 'Kinh tế vĩ mô', 3, 'HK011', 'Học kỳ 2 Năm học 2024-2025', 'LHP024', 10, 5.57, 5.33, 5.84, 'C', 2.0, TRUE),
    (774, 'HV363', '666492', 'Cô Hà Vũ', 'MH058', 'MATH105', 'Proactive global hub', 3, 'HK012', 'Học kỳ hè Năm học 2024-2025', 'LHP048', 8.22, 9.38, 4.27, 5.69, 'C', 2.0, TRUE),
    (775, 'HV189', '676359', 'Châu Hoàng Trần', 'MH025', 'PHY546', 'Function-based intangible product', 4, 'HK011', 'Học kỳ 2 Năm học 2024-2025', 'LHP043', 4.82, 8.57, 3.77, 4.83, 'D', 1.0, FALSE),
    (776, 'HV119', '632829', 'Ông Quang Bùi', 'MH037', 'CHEM420', 'User-centric intermediate approach', 3, 'HK002', 'Học kỳ 2 Năm học 2021-2022', 'LHP040', 5.11, 4.74, 5.86, 5.56, 'C', 2.0, TRUE),
    (777, 'HV179', '671765', 'Phương Hoàng', 'MH021', 'QS201', 'Chiến thuật bộ binh', 3, 'HK009', 'Học kỳ hè Năm học 2023-2024', 'LHP002', 8.52, 8.14, 7.52, 7.74, 'B', 3.0, TRUE),
    (778, 'HV080', '637094', 'Quang Bảo Nguyễn', 'MH038', 'PHY504', 'Secured zero-defect middleware', 3, 'HK003', 'Học kỳ hè Năm học 2021-2022', 'LHP049', 6.41, 8.61, 4.11, 5.24, 'D+', 1.5, TRUE),
    (779, 'HV006', '672765', 'Bảo Tấn Vũ', 'MH061', 'PHY563', 'Reactive intangible contingency', 4, 'HK006', 'Học kỳ hè Năm học 2022-2023', 'LHP106', 7.31, 10, 4.87, 6.14, 'C+', 2.5, TRUE),
    (780, 'HV194', '634066', 'Nhật Dương', 'MH054', 'MATH608', 'Organic background conglomeration', 2, 'HK012', 'Học kỳ hè Năm học 2024-2025', 'LHP032', 7.5, 7.31, 6.72, 6.92, 'C+', 2.5, TRUE),
    (781, 'HV483', '678743', 'Bà Vi Dương', 'MH022', 'QS202', 'Kỹ thuật quân sự', 3, 'HK014', 'Học kỳ 2 Năm học 2025-2026', 'LHP078', 8.4, 5.16, 2.61, 3.7, 'F', 0.0, FALSE),
    (782, 'HV101', '663186', 'Nhiên Thế Hoàng', 'MH044', 'CS575', 'Enhanced 24/7 leverage', 3, 'HK014', 'Học kỳ 2 Năm học 2025-2026', 'LHP003', 7.36, 9.45, 7.76, 8.06, 'B+', 3.5, TRUE),
    (783, 'HV387', '666730', 'Bà Bảo Vũ', 'MH015', 'NN101', 'Tiếng Anh cơ bản', 4, 'HK011', 'Học kỳ 2 Năm học 2024-2025', 'LHP086', 8.63, 7.78, 5.47, 6.25, 'C+', 2.5, TRUE),
    (784, 'HV136', '644497', 'Thành Vũ', 'MH072', 'MATH659', 'Innovative systemic support', 3, 'HK008', 'Học kỳ 2 Năm học 2023-2024', 'LHP012', 7.41, 6.78, 3.61, 4.62, 'D', 1.0, FALSE),
    (785, 'HV070', '633957', 'Bảo Nguyễn', 'MH020', 'QS102', 'Điều lệnh Quân đội', 2, 'HK014', 'Học kỳ 2 Năm học 2025-2026', 'LHP046', 9.97, 6.84, 6.25, 6.74, 'C+', 2.5, TRUE),
    (786, 'HV003', '672049', 'Hải Mai Đặng', 'MH052', 'CHEM184', 'Automated heuristic pricing structure', 4, 'HK011', 'Học kỳ 2 Năm học 2024-2025', 'LHP025', 6.91, 5.73, 4.61, 5.07, 'D+', 1.5, TRUE),
    (787, 'HV467', '657986', 'Quý ông Hưng Nguyễn', 'MH075', 'CHEM371', 'Distributed contextually-based pricing structure', 2, 'HK007', 'Học kỳ 1 Năm học 2023-2024', 'LHP062', 4.98, 8.42, 4.93, 5.63, 'C', 2.0, TRUE),
    (788, 'HV180', '678233', 'Quý cô Hải Mai', 'MH029', 'CS728', 'Fundamental incremental synergy', 2, 'HK002', 'Học kỳ 2 Năm học 2021-2022', 'LHP108', 8.44, 3.96, 6.16, 5.95, 'C', 2.0, TRUE),
    (789, 'HV151', '631616', 'Cô Lâm Dương', 'MH034', 'MATH998', 'Networked intermediate data-warehouse', 3, 'HK008', 'Học kỳ 2 Năm học 2023-2024', 'LHP078', 6.19, 8.36, 4.23, 5.25, 'D+', 1.5, TRUE),
    (790, 'HV353', '668916', 'Ông Nam Dương', 'MH011', 'KT102', 'Kinh tế vĩ mô', 3, 'HK007', 'Học kỳ 1 Năm học 2023-2024', 'LHP097', 6.11, 7.13, 10, 9.04, 'A+', 4.0, TRUE),
    (791, 'HV329', '644141', 'Cô Hạnh Lê', 'MH057', 'CS148', 'Versatile modular complexity', 2, 'HK004', 'Học kỳ 1 Năm học 2022-2023', 'LHP108', 4.77, 8.34, 3.65, 4.7, 'D', 1.0, FALSE),
    (792, 'HV110', '662244', 'Khoa Dương', 'MH034', 'MATH998', 'Networked intermediate data-warehouse', 3, 'HK004', 'Học kỳ 1 Năm học 2022-2023', 'LHP032', 6.34, 5.84, 8.89, 8.03, 'B+', 3.5, TRUE),
    (793, 'HV488', '669534', 'Quý ông Hoàng Phạm', 'MH057', 'CS148', 'Versatile modular complexity', 2, 'HK008', 'Học kỳ 2 Năm học 2023-2024', 'LHP120', 10, 8.36, 5.01, 6.18, 'C+', 2.5, TRUE),
    (794, 'HV388', '638585', 'Châu Lê', 'MH012', 'KT201', 'Nguyên lý kế toán', 4, 'HK014', 'Học kỳ 2 Năm học 2025-2026', 'LHP108', 5.48, 8.22, 3.97, 4.97, 'D', 1.0, FALSE),
    (795, 'HV416', '652563', 'Dũng Dương', 'MH041', 'CS382', 'Seamless context-sensitive infrastructure', 4, 'HK002', 'Học kỳ 2 Năm học 2021-2022', 'LHP042', 7.87, 5.21, 10, 8.83, 'A', 4.0, TRUE),
    (796, 'HV228', '647635', 'Hải Mai Bảo Dương', 'MH074', 'PHY418', 'Centralized leadingedge knowledge user', 4, 'HK011', 'Học kỳ 2 Năm học 2024-2025', 'LHP085', 5.48, 6.36, 7.48, 7.06, 'B', 3.0, TRUE),
    (797, 'HV485', '664367', 'Bà Duyên Bùi', 'MH074', 'PHY418', 'Centralized leadingedge knowledge user', 4, 'HK009', 'Học kỳ hè Năm học 2023-2024', 'LHP104', 9.3, 6.29, 7.99, 7.78, 'B', 3.0, TRUE),
    (798, 'HV375', '642857', 'Hải Mai', 'MH028', 'CS900', 'Ergonomic demand-driven capacity', 4, 'HK015', 'Học kỳ hè Năm học 2025-2026', 'LHP047', 4.68, 6.42, 6.3, 6.16, 'C+', 2.5, TRUE),
    (799, 'HV167', '678882', 'Quý cô Lan Hoàng', 'MH026', 'CHEM794', 'Compatible client-server system engine', 3, 'HK015', 'Học kỳ hè Năm học 2025-2026', 'LHP072', 6.39, 4.34, 4.67, 4.77, 'D', 1.0, FALSE),
    (800, 'HV390', '668998', 'Ông Khoa Mai', 'MH006', 'IT301', 'Phát triển ứng dụng Web', 3, 'HK014', 'Học kỳ 2 Năm học 2025-2026', 'LHP078', 9.19, 5.11, 3.16, 4.15, 'D', 1.0, FALSE),
    (801, 'HV442', '654029', 'Chị Dương Nguyễn', 'MH079', 'CHEM343', 'Innovative multi-state collaboration', 2, 'HK003', 'Học kỳ hè Năm học 2021-2022', 'LHP100', 9.45, 10, 8.72, 9.05, 'A+', 4.0, TRUE),
    (802, 'HV244', '648871', 'Chị Thành Nguyễn', 'MH034', 'MATH998', 'Networked intermediate data-warehouse', 3, 'HK011', 'Học kỳ 2 Năm học 2024-2025', 'LHP072', 6.89, 8.59, 7.91, 7.94, 'B', 3.0, TRUE),
    (803, 'HV322', '639030', 'Cô Phương Dương', 'MH036', 'CS430', 'Stand-alone national project', 2, 'HK001', 'Học kỳ 1 Năm học 2021-2022', 'LHP089', 9.34, 3.74, 8.06, 7.32, 'B', 3.0, TRUE),
    (804, 'HV229', '656229', 'Phúc Hải Hoàng', 'MH013', 'KT202', 'Tài chính doanh nghiệp', 3, 'HK013', 'Học kỳ 1 Năm học 2025-2026', 'LHP044', 7.75, 4.33, 6.91, 6.48, 'C+', 2.5, TRUE),
    (805, 'HV006', '672765', 'Bảo Tấn Vũ', 'MH014', 'KT301', 'Kinh tế lượng', 3, 'HK007', 'Học kỳ 1 Năm học 2023-2024', 'LHP091', 8.61, 7.95, 5.47, 6.28, 'C+', 2.5, TRUE),
    (806, 'HV275', '646078', 'Khoa Hoàng', 'MH075', 'CHEM371', 'Distributed contextually-based pricing structure', 2, 'HK007', 'Học kỳ 1 Năm học 2023-2024', 'LHP103', 7.61, 7.73, 6.03, 6.53, 'C+', 2.5, TRUE),
    (807, 'HV038', '676960', 'Quý cô Hải Phạm', 'MH060', 'PHY835', 'Synergistic mobile analyzer', 4, 'HK002', 'Học kỳ 2 Năm học 2021-2022', 'LHP118', 6.05, 7.22, 8.53, 8.02, 'B+', 3.5, TRUE),
    (808, 'HV394', '677528', 'Nhật Bảo Mai', 'MH034', 'MATH998', 'Networked intermediate data-warehouse', 3, 'HK007', 'Học kỳ 1 Năm học 2023-2024', 'LHP015', 6.58, 4.06, 8.82, 7.65, 'B', 3.0, TRUE),
    (809, 'HV401', '671563', 'Anh Quang Đặng', 'MH007', 'IT302', 'Trí tuệ nhân tạo', 3, 'HK002', 'Học kỳ 2 Năm học 2021-2022', 'LHP048', 8.03, 7.03, 9.11, 8.59, 'A', 4.0, TRUE),
    (810, 'HV232', '642801', 'Quý ông Trung Dương', 'MH022', 'QS202', 'Kỹ thuật quân sự', 3, 'HK014', 'Học kỳ 2 Năm học 2025-2026', 'LHP083', 7.22, 6.13, 4.83, 5.33, 'D+', 1.5, TRUE),
    (811, 'HV011', '651109', 'Trung Trí Bùi', 'MH080', 'PHY434', 'Operative responsive project', 3, 'HK012', 'Học kỳ hè Năm học 2024-2025', 'LHP098', 7.27, 7.5, 6.6, 6.85, 'C+', 2.5, TRUE),
    (812, 'HV423', '669907', 'Bà Hạnh Phạm', 'MH015', 'NN101', 'Tiếng Anh cơ bản', 4, 'HK012', 'Học kỳ hè Năm học 2024-2025', 'LHP048', 7.02, 4.76, 7.41, 6.84, 'C+', 2.5, TRUE),
    (813, 'HV402', '678792', 'Bà Hương Hoàng', 'MH063', 'MATH935', 'Implemented even-keeled complexity', 2, 'HK008', 'Học kỳ 2 Năm học 2023-2024', 'LHP114', 6.24, 8.82, 5.66, 6.35, 'C+', 2.5, TRUE),
    (814, 'HV360', '668649', 'Anh Nam Hoàng', 'MH013', 'KT202', 'Tài chính doanh nghiệp', 3, 'HK001', 'Học kỳ 1 Năm học 2021-2022', 'LHP064', 5.75, 5.52, 3.98, 4.46, 'D', 1.0, FALSE),
    (815, 'HV114', '657898', 'Linh Mai', 'MH050', 'CS774', 'Face-to-face global parallelism', 3, 'HK004', 'Học kỳ 1 Năm học 2022-2023', 'LHP011', 8.66, 7.46, 5.1, 5.93, 'C', 2.0, TRUE),
    (816, 'HV261', '633884', 'Huy Dương', 'MH007', 'IT302', 'Trí tuệ nhân tạo', 3, 'HK011', 'Học kỳ 2 Năm học 2024-2025', 'LHP098', 8.52, 5.8, 6.6, 6.63, 'C+', 2.5, TRUE),
    (817, 'HV409', '666672', 'Yến Đặng', 'MH003', 'IT201', 'Cấu trúc dữ liệu và giải thuật', 4, 'HK001', 'Học kỳ 1 Năm học 2021-2022', 'LHP062', 8.47, 4.54, 7.77, 7.2, 'B', 3.0, TRUE),
    (818, 'HV262', '662209', 'Lâm Hải Dương', 'MH052', 'CHEM184', 'Automated heuristic pricing structure', 4, 'HK003', 'Học kỳ hè Năm học 2021-2022', 'LHP047', 8.66, 9.51, 7.26, 7.85, 'B', 3.0, TRUE),
    (819, 'HV310', '662595', 'Chị Linh Nguyễn', 'MH079', 'CHEM343', 'Innovative multi-state collaboration', 2, 'HK007', 'Học kỳ 1 Năm học 2023-2024', 'LHP031', 9.15, 7.51, 7.32, 7.54, 'B', 3.0, TRUE),
    (820, 'HV283', '638263', 'Anh Hoàng Lê', 'MH044', 'CS575', 'Enhanced 24/7 leverage', 3, 'HK012', 'Học kỳ hè Năm học 2024-2025', 'LHP118', 10, 4.3, 3.1, 4.03, 'D', 1.0, FALSE),
    (821, 'HV046', '631225', 'Bà Hà Trần', 'MH043', 'PHY829', 'Managed modular focus group', 2, 'HK011', 'Học kỳ 2 Năm học 2024-2025', 'LHP029', 6.45, 7.94, 9.04, 8.56, 'A', 4.0, TRUE),
    (822, 'HV248', '669088', 'Tú Hoàng Vũ', 'MH031', 'CHEM492', 'Exclusive asynchronous alliance', 3, 'HK011', 'Học kỳ 2 Năm học 2024-2025', 'LHP118', 9.55, 8.31, 7.19, 7.65, 'B', 3.0, TRUE),
    (823, 'HV319', '679953', 'Anh Châu Nguyễn', 'MH002', 'IT102', 'Lập trình cơ bản', 4, 'HK009', 'Học kỳ hè Năm học 2023-2024', 'LHP089', 4.71, 8.69, 8.25, 7.98, 'B', 3.0, TRUE),
    (824, 'HV036', '644807', 'Quý cô Vi Nguyễn', 'MH006', 'IT301', 'Phát triển ứng dụng Web', 3, 'HK006', 'Học kỳ hè Năm học 2022-2023', 'LHP120', 8.09, 6.66, 8.47, 8.07, 'B+', 3.5, TRUE),
    (825, 'HV159', '657214', 'Chị Hải Nguyễn', 'MH060', 'PHY835', 'Synergistic mobile analyzer', 4, 'HK007', 'Học kỳ 1 Năm học 2023-2024', 'LHP098', 6.88, 4.74, 6.39, 6.11, 'C+', 2.5, TRUE),
    (826, 'HV173', '639908', 'Ông Minh Phạm', 'MH039', 'PHY188', 'Horizontal well-modulated circuit', 3, 'HK002', 'Học kỳ 2 Năm học 2021-2022', 'LHP043', 5.99, 5.67, 7.28, 6.83, 'C+', 2.5, TRUE),
    (827, 'HV180', '678233', 'Quý cô Hải Mai', 'MH068', 'CS441', 'Decentralized systemic productivity', 4, 'HK009', 'Học kỳ hè Năm học 2023-2024', 'LHP100', 9.85, 4.77, 7.55, 7.23, 'B', 3.0, TRUE),
    (828, 'HV352', '677943', 'Bảo Dương', 'MH033', 'MATH371', 'Reactive fault-tolerant Internet solution', 4, 'HK004', 'Học kỳ 1 Năm học 2022-2023', 'LHP022', 6.58, 7.76, 7.22, 7.26, 'B', 3.0, TRUE),
    (829, 'HV373', '632080', 'Trọng Thế Mai', 'MH061', 'PHY563', 'Reactive intangible contingency', 4, 'HK014', 'Học kỳ 2 Năm học 2025-2026', 'LHP113', 6.58, 9.04, 4.94, 5.92, 'C', 2.0, TRUE),
    (830, 'HV318', '658767', 'Chị Bảo Bùi', 'MH004', 'IT202', 'Cơ sở dữ liệu', 3, 'HK003', 'Học kỳ hè Năm học 2021-2022', 'LHP053', 6.71, 9.73, 4.92, 6.06, 'C+', 2.5, TRUE),
    (831, 'HV290', '659783', 'Anh Hoàng Bùi', 'MH063', 'MATH935', 'Implemented even-keeled complexity', 2, 'HK005', 'Học kỳ 2 Năm học 2022-2023', 'LHP051', 5.34, 3.88, 10, 8.31, 'B+', 3.5, TRUE),
    (832, 'HV180', '678233', 'Quý cô Hải Mai', 'MH046', 'CHEM667', 'Synergized bottom-line monitoring', 4, 'HK005', 'Học kỳ 2 Năm học 2022-2023', 'LHP060', 8.47, 8.46, 3.56, 5.03, 'D+', 1.5, TRUE),
    (833, 'HV002', '655860', 'Vân Dương', 'MH039', 'PHY188', 'Horizontal well-modulated circuit', 3, 'HK003', 'Học kỳ hè Năm học 2021-2022', 'LHP071', 8.19, 7.41, 3.99, 5.1, 'D+', 1.5, TRUE),
    (834, 'HV440', '646904', 'Bảo Thị Mai', 'MH056', 'MATH569', 'Secured client-driven database', 3, 'HK010', 'Học kỳ 1 Năm học 2024-2025', 'LHP085', 7.54, 7.92, 5.46, 6.16, 'C+', 2.5, TRUE),
    (835, 'HV279', '662478', 'Bà Vân Trần', 'MH047', 'CS612', 'Automated 4thgeneration strategy', 4, 'HK014', 'Học kỳ 2 Năm học 2025-2026', 'LHP048', 10, 7.6, 3.29, 4.82, 'D', 1.0, FALSE),
    (836, 'HV082', '669332', 'Hưng Mai', 'MH006', 'IT301', 'Phát triển ứng dụng Web', 3, 'HK005', 'Học kỳ 2 Năm học 2022-2023', 'LHP098', 6.23, 4.95, 8.38, 7.48, 'B', 3.0, TRUE),
    (837, 'HV474', '635847', 'Ông Trọng Phạm', 'MH052', 'CHEM184', 'Automated heuristic pricing structure', 4, 'HK008', 'Học kỳ 2 Năm học 2023-2024', 'LHP106', 7.18, 5.99, 7.29, 7.02, 'B', 3.0, TRUE),
    (838, 'HV250', '646612', 'Nhật Trần', 'MH078', 'CS712', 'Devolved uniform solution', 2, 'HK013', 'Học kỳ 1 Năm học 2025-2026', 'LHP069', 5.13, 9.07, 3.28, 4.63, 'D', 1.0, FALSE),
    (839, 'HV165', '636491', 'Lâm Mai', 'MH009', 'IT304', 'An toàn và bảo mật thông tin', 3, 'HK015', 'Học kỳ hè Năm học 2025-2026', 'LHP051', 9.11, 8.17, 7.91, 8.08, 'B+', 3.5, TRUE),
    (840, 'HV272', '658619', 'Xuân Mai', 'MH001', 'IT101', 'Nhập môn Công nghệ thông tin', 3, 'HK010', 'Học kỳ 1 Năm học 2024-2025', 'LHP025', 5.33, 6.05, 6.93, 6.6, 'C+', 2.5, TRUE),
    (841, 'HV146', '645664', 'Nam Xuân Mai', 'MH055', 'PHY749', 'Profit-focused methodical software', 3, 'HK002', 'Học kỳ 2 Năm học 2021-2022', 'LHP050', 6.73, 9.57, 9.23, 9.05, 'A+', 4.0, TRUE),
    (842, 'HV157', '644987', 'Ông Trung Lê', 'MH006', 'IT301', 'Phát triển ứng dụng Web', 3, 'HK012', 'Học kỳ hè Năm học 2024-2025', 'LHP109', 7.31, 6.84, 6.53, 6.67, 'C+', 2.5, TRUE),
    (843, 'HV118', '673673', 'Phương Thế Vũ', 'MH045', 'CS718', 'Face-to-face bandwidth-monitored encoding', 2, 'HK006', 'Học kỳ hè Năm học 2022-2023', 'LHP068', 8.71, 9.08, 7.34, 7.83, 'B', 3.0, TRUE),
    (844, 'HV161', '645262', 'Cô Bảo Phạm', 'MH030', 'MATH559', 'Cross-group 24hour knowledge user', 4, 'HK007', 'Học kỳ 1 Năm học 2023-2024', 'LHP009', 7.91, 4.58, 6.13, 6.0, 'C+', 2.5, TRUE),
    (845, 'HV450', '637871', 'Huy Quang Đặng', 'MH023', 'CS428', 'Robust system-worthy benchmark', 2, 'HK001', 'Học kỳ 1 Năm học 2021-2022', 'LHP009', 8.78, 9.45, 4.89, 6.19, 'C+', 2.5, TRUE),
    (846, 'HV014', '656177', 'Huy Hữu Trần', 'MH034', 'MATH998', 'Networked intermediate data-warehouse', 3, 'HK003', 'Học kỳ hè Năm học 2021-2022', 'LHP095', 8.7, 10, 7.03, 7.79, 'B', 3.0, TRUE),
    (847, 'HV170', '651048', 'Hạnh Phạm', 'MH072', 'MATH659', 'Innovative systemic support', 3, 'HK010', 'Học kỳ 1 Năm học 2024-2025', 'LHP108', 5.1, 4.44, 5.29, 5.1, 'D+', 1.5, TRUE),
    (848, 'HV465', '673308', 'Quý cô Ánh Hoàng', 'MH007', 'IT302', 'Trí tuệ nhân tạo', 3, 'HK012', 'Học kỳ hè Năm học 2024-2025', 'LHP051', 6.11, 4.57, 9.83, 8.41, 'B+', 3.5, TRUE),
    (849, 'HV455', '657795', 'Quý ông Trung Phạm', 'MH001', 'IT101', 'Nhập môn Công nghệ thông tin', 3, 'HK010', 'Học kỳ 1 Năm học 2024-2025', 'LHP025', 7.58, 8.35, 5.31, 6.15, 'C+', 2.5, TRUE),
    (850, 'HV095', '672813', 'Lan Nguyễn', 'MH076', 'CHEM207', 'Vision-oriented empowering parallelism', 2, 'HK010', 'Học kỳ 1 Năm học 2024-2025', 'LHP100', 6.32, 4.05, 6.6, 6.06, 'C+', 2.5, TRUE),
    (851, 'HV083', '664487', 'Phương Mai', 'MH043', 'PHY829', 'Managed modular focus group', 2, 'HK010', 'Học kỳ 1 Năm học 2024-2025', 'LHP066', 7.09, 9.62, 7.1, 7.6, 'B', 3.0, TRUE),
    (852, 'HV193', '675919', 'Thành Đức Mai', 'MH019', 'QS101', 'Giáo dục Quốc phòng', 2, 'HK005', 'Học kỳ 2 Năm học 2022-2023', 'LHP017', 6.08, 6.14, 7.02, 6.75, 'C+', 2.5, TRUE),
    (853, 'HV361', '662682', 'An Đặng', 'MH046', 'CHEM667', 'Synergized bottom-line monitoring', 4, 'HK005', 'Học kỳ 2 Năm học 2022-2023', 'LHP105', 5.54, 9.01, 4.15, 5.26, 'D+', 1.5, TRUE),
    (854, 'HV065', '656270', 'Phương Phạm', 'MH068', 'CS441', 'Decentralized systemic productivity', 4, 'HK010', 'Học kỳ 1 Năm học 2024-2025', 'LHP069', 6.29, 10, 5.04, 6.15, 'C+', 2.5, TRUE),
    (855, 'HV461', '645151', 'Hạnh Thị Vũ', 'MH060', 'PHY835', 'Synergistic mobile analyzer', 4, 'HK001', 'Học kỳ 1 Năm học 2021-2022', 'LHP046', 5.43, 4.97, 4.65, 4.79, 'D', 1.0, FALSE),
    (856, 'HV324', '646840', 'Thành Nguyễn', 'MH007', 'IT302', 'Trí tuệ nhân tạo', 3, 'HK002', 'Học kỳ 2 Năm học 2021-2022', 'LHP049', 5.0, 6.34, 1.91, 3.1, 'F', 0.0, FALSE),
    (857, 'HV242', '643087', 'Nhật Lê', 'MH006', 'IT301', 'Phát triển ứng dụng Web', 3, 'HK009', 'Học kỳ hè Năm học 2023-2024', 'LHP112', 6.57, 10, 9.01, 8.96, 'A', 4.0, TRUE),
    (858, 'HV461', '645151', 'Hạnh Thị Vũ', 'MH044', 'CS575', 'Enhanced 24/7 leverage', 3, 'HK015', 'Học kỳ hè Năm học 2025-2026', 'LHP002', 6.36, 4.6, 3.28, 3.85, 'F', 0.0, FALSE),
    (859, 'HV029', '674894', 'Hà Nguyễn', 'MH014', 'KT301', 'Kinh tế lượng', 3, 'HK001', 'Học kỳ 1 Năm học 2021-2022', 'LHP042', 7.23, 7.76, 5.21, 5.92, 'C', 2.0, TRUE),
    (860, 'HV496', '643265', 'Ông Châu Hoàng', 'MH022', 'QS202', 'Kỹ thuật quân sự', 3, 'HK015', 'Học kỳ hè Năm học 2025-2026', 'LHP050', 8.1, 4.1, 5.03, 5.15, 'D+', 1.5, TRUE),
    (861, 'HV268', '675601', 'Chị Chi Vũ', 'MH016', 'NN102', 'Tiếng Anh học thuật', 3, 'HK001', 'Học kỳ 1 Năm học 2021-2022', 'LHP055', 5.3, 9.64, 7.21, 7.5, 'B', 3.0, TRUE),
    (862, 'HV222', '677952', 'Bà Hà Phạm', 'MH038', 'PHY504', 'Secured zero-defect middleware', 3, 'HK013', 'Học kỳ 1 Năm học 2025-2026', 'LHP010', 7.97, 4.72, 8.01, 7.35, 'B', 3.0, TRUE),
    (863, 'HV224', '638267', 'Dũng Trần', 'MH010', 'KT101', 'Kinh tế vi mô', 3, 'HK013', 'Học kỳ 1 Năm học 2025-2026', 'LHP026', 7.74, 6.28, 9.05, 8.36, 'B+', 3.5, TRUE),
    (864, 'HV040', '674557', 'Bác Nhiên Lê', 'MH075', 'CHEM371', 'Distributed contextually-based pricing structure', 2, 'HK001', 'Học kỳ 1 Năm học 2021-2022', 'LHP003', 4.72, 8.17, 7.36, 7.26, 'B', 3.0, TRUE),
    (865, 'HV115', '652243', 'Lan Đặng', 'MH044', 'CS575', 'Enhanced 24/7 leverage', 3, 'HK003', 'Học kỳ hè Năm học 2021-2022', 'LHP060', 7.03, 8.34, 6.5, 6.92, 'C+', 2.5, TRUE),
    (866, 'HV329', '644141', 'Cô Hạnh Lê', 'MH001', 'IT101', 'Nhập môn Công nghệ thông tin', 3, 'HK001', 'Học kỳ 1 Năm học 2021-2022', 'LHP113', 5.63, 5.87, 4.14, 4.63, 'D', 1.0, FALSE),
    (867, 'HV486', '658497', 'Minh Phạm', 'MH028', 'CS900', 'Ergonomic demand-driven capacity', 4, 'HK012', 'Học kỳ hè Năm học 2024-2025', 'LHP082', 7.27, 4.32, 4.75, 4.92, 'D', 1.0, FALSE),
    (868, 'HV261', '633884', 'Huy Dương', 'MH073', 'CS219', 'Cross-platform client-server policy', 3, 'HK012', 'Học kỳ hè Năm học 2024-2025', 'LHP073', 5.53, 4.98, 9.17, 7.97, 'B', 3.0, TRUE),
    (869, 'HV102', '668378', 'Hương Phạm', 'MH028', 'CS900', 'Ergonomic demand-driven capacity', 4, 'HK003', 'Học kỳ hè Năm học 2021-2022', 'LHP008', 5.92, 8.9, 9.5, 9.02, 'A+', 4.0, TRUE),
    (870, 'HV019', '679202', 'Vi Mai', 'MH041', 'CS382', 'Seamless context-sensitive infrastructure', 4, 'HK007', 'Học kỳ 1 Năm học 2023-2024', 'LHP010', 5.69, 6.68, 7.28, 7.0, 'B', 3.0, TRUE),
    (871, 'HV377', '673039', 'Anh Thế Nguyễn', 'MH012', 'KT201', 'Nguyên lý kế toán', 4, 'HK004', 'Học kỳ 1 Năm học 2022-2023', 'LHP114', 9.91, 9.69, 2.84, 4.92, 'D', 1.0, FALSE),
    (872, 'HV112', '638432', 'Ngọc Phạm', 'MH063', 'MATH935', 'Implemented even-keeled complexity', 2, 'HK012', 'Học kỳ hè Năm học 2024-2025', 'LHP072', 6.87, 8.18, 6.5, 6.87, 'C+', 2.5, TRUE),
    (873, 'HV470', '662972', 'Vũ Mai', 'MH059', 'CS958', 'De-engineered zero tolerance neural-net', 4, 'HK013', 'Học kỳ 1 Năm học 2025-2026', 'LHP042', 5.31, 6.14, 9.24, 8.22, 'B+', 3.5, TRUE),
    (874, 'HV192', '664820', 'An Đức Vũ', 'MH024', 'PHY887', 'Progressive encompassing model', 4, 'HK014', 'Học kỳ 2 Năm học 2025-2026', 'LHP117', 6.22, 6.61, 10, 8.95, 'A', 4.0, TRUE),
    (875, 'HV038', '676960', 'Quý cô Hải Phạm', 'MH006', 'IT301', 'Phát triển ứng dụng Web', 3, 'HK002', 'Học kỳ 2 Năm học 2021-2022', 'LHP116', 5.35, 9.73, 3.62, 5.02, 'D+', 1.5, TRUE),
    (876, 'HV416', '652563', 'Dũng Dương', 'MH022', 'QS202', 'Kỹ thuật quân sự', 3, 'HK007', 'Học kỳ 1 Năm học 2023-2024', 'LHP025', 5.56, 4.25, 3.02, 3.52, 'F', 0.0, FALSE),
    (877, 'HV350', '675395', 'Chị An Đặng', 'MH001', 'IT101', 'Nhập môn Công nghệ thông tin', 3, 'HK003', 'Học kỳ hè Năm học 2021-2022', 'LHP065', 7.22, 7.26, 4.49, 5.32, 'D+', 1.5, TRUE),
    (878, 'HV053', '641121', 'Bác Anh Trần', 'MH047', 'CS612', 'Automated 4thgeneration strategy', 4, 'HK001', 'Học kỳ 1 Năm học 2021-2022', 'LHP027', 8.31, 3.41, 5.99, 5.71, 'C', 2.0, TRUE),
    (879, 'HV153', '632579', 'Chị Hà Trần', 'MH037', 'CHEM420', 'User-centric intermediate approach', 3, 'HK002', 'Học kỳ 2 Năm học 2021-2022', 'LHP018', 10, 3.72, 7.27, 6.83, 'C+', 2.5, TRUE),
    (880, 'HV131', '651743', 'Chị Ánh Bùi', 'MH015', 'NN101', 'Tiếng Anh cơ bản', 4, 'HK010', 'Học kỳ 1 Năm học 2024-2025', 'LHP058', 9.08, 6.45, 4.94, 5.66, 'C', 2.0, TRUE),
    (881, 'HV158', '648081', 'Bác Minh Phạm', 'MH027', 'CHEM106', 'Down-sized methodical flexibility', 3, 'HK012', 'Học kỳ hè Năm học 2024-2025', 'LHP032', 9.5, 5.5, 9.43, 8.65, 'A', 4.0, TRUE),
    (882, 'HV361', '662682', 'An Đặng', 'MH006', 'IT301', 'Phát triển ứng dụng Web', 3, 'HK015', 'Học kỳ hè Năm học 2025-2026', 'LHP007', 7.38, 10, 4.75, 6.06, 'C+', 2.5, TRUE),
    (883, 'HV286', '641030', 'Kim Hải Trần', 'MH043', 'PHY829', 'Managed modular focus group', 2, 'HK010', 'Học kỳ 1 Năm học 2024-2025', 'LHP107', 5.5, 8.09, 4.21, 5.11, 'D+', 1.5, TRUE),
    (884, 'HV067', '654095', 'An Bùi', 'MH019', 'QS101', 'Giáo dục Quốc phòng', 2, 'HK004', 'Học kỳ 1 Năm học 2022-2023', 'LHP070', 5.44, 5.0, 4.63, 4.79, 'D', 1.0, FALSE),
    (885, 'HV227', '672675', 'Huy Đức Lê', 'MH012', 'KT201', 'Nguyên lý kế toán', 4, 'HK014', 'Học kỳ 2 Năm học 2025-2026', 'LHP080', 4.85, 4.24, 3.89, 4.06, 'D', 1.0, FALSE),
    (886, 'HV298', '657144', 'Chị Kim Dương', 'MH074', 'PHY418', 'Centralized leadingedge knowledge user', 4, 'HK015', 'Học kỳ hè Năm học 2025-2026', 'LHP108', 6.36, 9.47, 5.95, 6.69, 'C+', 2.5, TRUE),
    (887, 'HV216', '678796', 'Hoàng Lê', 'MH035', 'CS527', 'Innovative executive utilization', 2, 'HK008', 'Học kỳ 2 Năm học 2023-2024', 'LHP033', 6.27, 6.37, 6.65, 6.56, 'C+', 2.5, TRUE),
    (888, 'HV315', '666431', 'Bà Xuân Phạm', 'MH007', 'IT302', 'Trí tuệ nhân tạo', 3, 'HK008', 'Học kỳ 2 Năm học 2023-2024', 'LHP089', 5.38, 7.71, 8.17, 7.8, 'B', 3.0, TRUE),
    (889, 'HV011', '651109', 'Trung Trí Bùi', 'MH013', 'KT202', 'Tài chính doanh nghiệp', 3, 'HK013', 'Học kỳ 1 Năm học 2025-2026', 'LHP070', 5.08, 10, 4.93, 5.96, 'C', 2.0, TRUE),
    (890, 'HV225', '661912', 'Chị Bảo Mai', 'MH035', 'CS527', 'Innovative executive utilization', 2, 'HK008', 'Học kỳ 2 Năm học 2023-2024', 'LHP027', 9.65, 5.98, 4.46, 5.28, 'D+', 1.5, TRUE),
    (891, 'HV088', '633878', 'Nhật Dương', 'MH033', 'MATH371', 'Reactive fault-tolerant Internet solution', 4, 'HK006', 'Học kỳ hè Năm học 2022-2023', 'LHP063', 8.78, 8.66, 8.85, 8.81, 'A', 4.0, TRUE),
    (892, 'HV137', '663541', 'Cô Kim Nguyễn', 'MH025', 'PHY546', 'Function-based intangible product', 4, 'HK015', 'Học kỳ hè Năm học 2025-2026', 'LHP061', 5.29, 4.61, 7.21, 6.5, 'C+', 2.5, TRUE),
    (893, 'HV375', '642857', 'Hải Mai', 'MH008', 'IT303', 'Học máy', 3, 'HK004', 'Học kỳ 1 Năm học 2022-2023', 'LHP066', 10, 5.97, 6.18, 6.52, 'C+', 2.5, TRUE),
    (894, 'HV348', '664458', 'Quang Trần', 'MH073', 'CS219', 'Cross-platform client-server policy', 3, 'HK002', 'Học kỳ 2 Năm học 2021-2022', 'LHP054', 5.61, 9.38, 6.13, 6.73, 'C+', 2.5, TRUE),
    (895, 'HV260', '664671', 'Duyên Đặng', 'MH041', 'CS382', 'Seamless context-sensitive infrastructure', 4, 'HK004', 'Học kỳ 1 Năm học 2022-2023', 'LHP106', 5.45, 9.15, 4.94, 5.83, 'C', 2.0, TRUE),
    (896, 'HV100', '656334', 'Bác Vũ Nguyễn', 'MH027', 'CHEM106', 'Down-sized methodical flexibility', 3, 'HK006', 'Học kỳ hè Năm học 2022-2023', 'LHP074', 5.17, 7.1, 4.0, 4.74, 'D', 1.0, FALSE),
    (897, 'HV450', '637871', 'Huy Quang Đặng', 'MH028', 'CS900', 'Ergonomic demand-driven capacity', 4, 'HK015', 'Học kỳ hè Năm học 2025-2026', 'LHP072', 9.9, 5.48, 3.67, 4.66, 'D', 1.0, FALSE),
    (898, 'HV386', '658011', 'Thành Bùi', 'MH067', 'CS639', 'Customizable grid-enabled info-mediaries', 4, 'HK011', 'Học kỳ 2 Năm học 2024-2025', 'LHP046', 5.85, 8.35, 6.6, 6.88, 'C+', 2.5, TRUE),
    (899, 'HV371', '671516', 'Cô Mai Trần', 'MH036', 'CS430', 'Stand-alone national project', 2, 'HK006', 'Học kỳ hè Năm học 2022-2023', 'LHP082', 7.77, 8.16, 5.01, 5.92, 'C', 2.0, TRUE),
    (900, 'HV397', '638734', 'Hải Đức Nguyễn', 'MH061', 'PHY563', 'Reactive intangible contingency', 4, 'HK007', 'Học kỳ 1 Năm học 2023-2024', 'LHP035', 9.78, 6.89, 10, 9.36, 'A+', 4.0, TRUE),
    (901, 'HV379', '633130', 'Bác Tùng Bùi', 'MH080', 'PHY434', 'Operative responsive project', 3, 'HK004', 'Học kỳ 1 Năm học 2022-2023', 'LHP044', 6.13, 7.04, 8.97, 8.3, 'B+', 3.5, TRUE),
    (902, 'HV330', '674953', 'Bà Linh Hoàng', 'MH031', 'CHEM492', 'Exclusive asynchronous alliance', 3, 'HK004', 'Học kỳ 1 Năm học 2022-2023', 'LHP047', 7.64, 9.47, 6.27, 7.05, 'B', 3.0, TRUE),
    (903, 'HV336', '668035', 'Quý cô Dương Vũ', 'MH016', 'NN102', 'Tiếng Anh học thuật', 3, 'HK006', 'Học kỳ hè Năm học 2022-2023', 'LHP027', 8.76, 10, 7.27, 7.97, 'B', 3.0, TRUE),
    (904, 'HV426', '644624', 'Quý cô An Mai', 'MH018', 'NN202', 'Tiếng Trung cơ bản', 4, 'HK015', 'Học kỳ hè Năm học 2025-2026', 'LHP072', 7.63, 6.39, 5.52, 5.9, 'C', 2.0, TRUE),
    (905, 'HV216', '678796', 'Hoàng Lê', 'MH006', 'IT301', 'Phát triển ứng dụng Web', 3, 'HK004', 'Học kỳ 1 Năm học 2022-2023', 'LHP100', 6.99, 3.54, 5.82, 5.48, 'D+', 1.5, TRUE),
    (906, 'HV098', '665895', 'Chị Thảo Mai', 'MH061', 'PHY563', 'Reactive intangible contingency', 4, 'HK007', 'Học kỳ 1 Năm học 2023-2024', 'LHP064', 9.23, 5.88, 8.79, 8.25, 'B+', 3.5, TRUE),
    (907, 'HV086', '651415', 'Chị Hà Vũ', 'MH005', 'IT203', 'Mạng máy tính', 3, 'HK001', 'Học kỳ 1 Năm học 2021-2022', 'LHP061', 7.56, 9.29, 8.73, 8.73, 'A', 4.0, TRUE),
    (908, 'HV064', '667358', 'Khoa Đức Hoàng', 'MH042', 'CS898', 'Phased cohesive initiative', 3, 'HK011', 'Học kỳ 2 Năm học 2024-2025', 'LHP061', 6.98, 7.08, 5.86, 6.22, 'C+', 2.5, TRUE),
    (909, 'HV183', '635914', 'Anh Anh Đặng', 'MH075', 'CHEM371', 'Distributed contextually-based pricing structure', 2, 'HK014', 'Học kỳ 2 Năm học 2025-2026', 'LHP006', 7.1, 7.98, 7.31, 7.42, 'B', 3.0, TRUE),
    (910, 'HV163', '679170', 'Quý cô Hà Dương', 'MH031', 'CHEM492', 'Exclusive asynchronous alliance', 3, 'HK009', 'Học kỳ hè Năm học 2023-2024', 'LHP070', 7.54, 8.93, 7.52, 7.81, 'B', 3.0, TRUE),
    (911, 'HV490', '638764', 'Hưng Xuân Phạm', 'MH012', 'KT201', 'Nguyên lý kế toán', 4, 'HK012', 'Học kỳ hè Năm học 2024-2025', 'LHP056', 6.83, 8.12, 3.38, 4.67, 'D', 1.0, FALSE),
    (912, 'HV176', '654689', 'Khoa Mai Phạm', 'MH068', 'CS441', 'Decentralized systemic productivity', 4, 'HK005', 'Học kỳ 2 Năm học 2022-2023', 'LHP086', 10, 7.2, 8.25, 8.22, 'B+', 3.5, TRUE),
    (913, 'HV002', '655860', 'Vân Dương', 'MH010', 'KT101', 'Kinh tế vi mô', 3, 'HK001', 'Học kỳ 1 Năm học 2021-2022', 'LHP031', 7.87, 6.42, 3.24, 4.34, 'D', 1.0, FALSE),
    (914, 'HV145', '668875', 'Quý cô Nhật Bùi', 'MH023', 'CS428', 'Robust system-worthy benchmark', 2, 'HK014', 'Học kỳ 2 Năm học 2025-2026', 'LHP109', 7.56, 6.19, 9.07, 8.34, 'B+', 3.5, TRUE),
    (915, 'HV220', '658764', 'Bác Trọng Mai', 'MH029', 'CS728', 'Fundamental incremental synergy', 2, 'HK004', 'Học kỳ 1 Năm học 2022-2023', 'LHP101', 6.02, 7.57, 7.26, 7.2, 'B', 3.0, TRUE),
    (916, 'HV113', '671153', 'Lâm Mai', 'MH076', 'CHEM207', 'Vision-oriented empowering parallelism', 2, 'HK006', 'Học kỳ hè Năm học 2022-2023', 'LHP048', 5.1, 8.12, 4.46, 5.26, 'D+', 1.5, TRUE),
    (917, 'HV174', '662180', 'Hoàng Thị Bùi', 'MH079', 'CHEM343', 'Innovative multi-state collaboration', 2, 'HK012', 'Học kỳ hè Năm học 2024-2025', 'LHP029', 8.26, 8.96, 6.81, 7.38, 'B', 3.0, TRUE),
    (918, 'HV076', '649762', 'Châu Bùi', 'MH042', 'CS898', 'Phased cohesive initiative', 3, 'HK010', 'Học kỳ 1 Năm học 2024-2025', 'LHP035', 9.1, 4.03, 7.66, 7.08, 'B', 3.0, TRUE),
    (919, 'HV401', '671563', 'Anh Quang Đặng', 'MH074', 'PHY418', 'Centralized leadingedge knowledge user', 4, 'HK011', 'Học kỳ 2 Năm học 2024-2025', 'LHP097', 4.96, 8.33, 9.6, 8.88, 'A', 4.0, TRUE),
    (920, 'HV216', '678796', 'Hoàng Lê', 'MH018', 'NN202', 'Tiếng Trung cơ bản', 4, 'HK006', 'Học kỳ hè Năm học 2022-2023', 'LHP082', 10, 3.59, 5.66, 5.68, 'C', 2.0, TRUE),
    (921, 'HV087', '658333', 'Dương Dương', 'MH072', 'MATH659', 'Innovative systemic support', 3, 'HK005', 'Học kỳ 2 Năm học 2022-2023', 'LHP065', 9.11, 9.48, 5.23, 6.46, 'C+', 2.5, TRUE),
    (922, 'HV033', '671525', 'Huy Đức Đặng', 'MH009', 'IT304', 'An toàn và bảo mật thông tin', 3, 'HK001', 'Học kỳ 1 Năm học 2021-2022', 'LHP076', 8.31, 8.51, 4.83, 5.92, 'C', 2.0, TRUE),
    (923, 'HV283', '638263', 'Anh Hoàng Lê', 'MH062', 'CHEM292', 'Sharable fault-tolerant implementation', 3, 'HK009', 'Học kỳ hè Năm học 2023-2024', 'LHP113', 6.87, 4.66, 4.68, 4.89, 'D', 1.0, FALSE),
    (924, 'HV199', '651330', 'Cô Ánh Bùi', 'MH017', 'NN201', 'Tiếng Anh chuyên ngành', 3, 'HK013', 'Học kỳ 1 Năm học 2025-2026', 'LHP111', 8.5, 9.08, 7.64, 8.01, 'B+', 3.5, TRUE),
    (925, 'HV141', '672683', 'Phương Dương', 'MH078', 'CS712', 'Devolved uniform solution', 2, 'HK008', 'Học kỳ 2 Năm học 2023-2024', 'LHP006', 6.24, 4.99, 6.42, 6.12, 'C+', 2.5, TRUE),
    (926, 'HV348', '664458', 'Quang Trần', 'MH071', 'CHEM141', 'Re-contextualized global open system', 3, 'HK010', 'Học kỳ 1 Năm học 2024-2025', 'LHP066', 6.64, 5.74, 8.87, 8.02, 'B+', 3.5, TRUE),
    (927, 'HV126', '658585', 'Chị Hà Lê', 'MH078', 'CS712', 'Devolved uniform solution', 2, 'HK010', 'Học kỳ 1 Năm học 2024-2025', 'LHP070', 6.04, 8.38, 6.53, 6.85, 'C+', 2.5, TRUE),
    (928, 'HV320', '652086', 'Lâm Bảo Mai', 'MH063', 'MATH935', 'Implemented even-keeled complexity', 2, 'HK003', 'Học kỳ hè Năm học 2021-2022', 'LHP055', 8.38, 8.68, 7.28, 7.67, 'B', 3.0, TRUE),
    (929, 'HV210', '668058', 'Cô Phương Lê', 'MH049', 'PHY904', 'Re-engineered context-sensitive interface', 4, 'HK007', 'Học kỳ 1 Năm học 2023-2024', 'LHP079', 6.22, 4.76, 5.05, 5.11, 'D+', 1.5, TRUE),
    (930, 'HV383', '654746', 'An Văn Phạm', 'MH079', 'CHEM343', 'Innovative multi-state collaboration', 2, 'HK006', 'Học kỳ hè Năm học 2022-2023', 'LHP031', 8.67, 7.96, 3.49, 4.9, 'D', 1.0, FALSE),
    (931, 'HV026', '648141', 'Bác Nhiên Trần', 'MH071', 'CHEM141', 'Re-contextualized global open system', 3, 'HK010', 'Học kỳ 1 Năm học 2024-2025', 'LHP018', 5.79, 9.08, 10, 9.39, 'A+', 4.0, TRUE),
    (932, 'HV389', '657948', 'Anh Lê', 'MH033', 'MATH371', 'Reactive fault-tolerant Internet solution', 4, 'HK013', 'Học kỳ 1 Năm học 2025-2026', 'LHP102', 9.8, 6.87, 4.36, 5.41, 'D+', 1.5, TRUE),
    (933, 'HV221', '672711', 'Cô Hà Lê', 'MH041', 'CS382', 'Seamless context-sensitive infrastructure', 4, 'HK001', 'Học kỳ 1 Năm học 2021-2022', 'LHP036', 7.36, 4.23, 4.64, 4.83, 'D', 1.0, FALSE),
    (934, 'HV264', '648996', 'Cô An Phạm', 'MH060', 'PHY835', 'Synergistic mobile analyzer', 4, 'HK005', 'Học kỳ 2 Năm học 2022-2023', 'LHP098', 8.43, 6.49, 4.38, 5.21, 'D+', 1.5, TRUE),
    (935, 'HV096', '678048', 'Bà Dương Lê', 'MH051', 'MATH882', 'Proactive foreground emulation', 2, 'HK006', 'Học kỳ hè Năm học 2022-2023', 'LHP083', 7.16, 5.74, 9.51, 8.52, 'A', 4.0, TRUE),
    (936, 'HV022', '633324', 'Minh Vũ', 'MH037', 'CHEM420', 'User-centric intermediate approach', 3, 'HK002', 'Học kỳ 2 Năm học 2021-2022', 'LHP099', 8.95, 6.42, 5.08, 5.74, 'C', 2.0, TRUE),
    (937, 'HV166', '639496', 'Mai Hoàng', 'MH065', 'MATH771', 'Digitized upward-trending emulation', 2, 'HK011', 'Học kỳ 2 Năm học 2024-2025', 'LHP084', 8.61, 5.87, 9.33, 8.57, 'A', 4.0, TRUE),
    (938, 'HV202', '653398', 'Khoa Nguyễn', 'MH025', 'PHY546', 'Function-based intangible product', 4, 'HK003', 'Học kỳ hè Năm học 2021-2022', 'LHP019', 8.89, 6.04, 6.41, 6.59, 'C+', 2.5, TRUE),
    (939, 'HV027', '646340', 'Huy Thế Bùi', 'MH003', 'IT201', 'Cấu trúc dữ liệu và giải thuật', 4, 'HK013', 'Học kỳ 1 Năm học 2025-2026', 'LHP102', 7.03, 7.3, 6.25, 6.54, 'C+', 2.5, TRUE),
    (940, 'HV248', '669088', 'Tú Hoàng Vũ', 'MH014', 'KT301', 'Kinh tế lượng', 3, 'HK013', 'Học kỳ 1 Năm học 2025-2026', 'LHP056', 5.64, 6.72, 8.35, 7.76, 'B', 3.0, TRUE),
    (941, 'HV112', '638432', 'Ngọc Phạm', 'MH014', 'KT301', 'Kinh tế lượng', 3, 'HK008', 'Học kỳ 2 Năm học 2023-2024', 'LHP096', 10, 10, 4.93, 6.45, 'C+', 2.5, TRUE),
    (942, 'HV417', '646305', 'Trọng Bùi', 'MH061', 'PHY563', 'Reactive intangible contingency', 4, 'HK008', 'Học kỳ 2 Năm học 2023-2024', 'LHP105', 8.88, 4.65, 6.62, 6.45, 'C+', 2.5, TRUE),
    (943, 'HV248', '669088', 'Tú Hoàng Vũ', 'MH024', 'PHY887', 'Progressive encompassing model', 4, 'HK007', 'Học kỳ 1 Năm học 2023-2024', 'LHP103', 6.55, 5.38, 7.32, 6.85, 'C+', 2.5, TRUE),
    (944, 'HV108', '658847', 'Quý ông Phúc Phạm', 'MH009', 'IT304', 'An toàn và bảo mật thông tin', 3, 'HK001', 'Học kỳ 1 Năm học 2021-2022', 'LHP081', 6.54, 4.01, 10, 8.46, 'B+', 3.5, TRUE),
    (945, 'HV361', '662682', 'An Đặng', 'MH017', 'NN201', 'Tiếng Anh chuyên ngành', 3, 'HK015', 'Học kỳ hè Năm học 2025-2026', 'LHP073', 7.84, 6.38, 8.72, 8.16, 'B+', 3.5, TRUE),
    (946, 'HV240', '663639', 'Kim Mai Bảo Hoàng', 'MH072', 'MATH659', 'Innovative systemic support', 3, 'HK009', 'Học kỳ hè Năm học 2023-2024', 'LHP114', 5.72, 4.52, 5.36, 5.23, 'D+', 1.5, TRUE),
    (947, 'HV244', '648871', 'Chị Thành Nguyễn', 'MH030', 'MATH559', 'Cross-group 24hour knowledge user', 4, 'HK002', 'Học kỳ 2 Năm học 2021-2022', 'LHP068', 8.3, 6.06, 6.26, 6.42, 'C+', 2.5, TRUE),
    (948, 'HV140', '665260', 'Anh Hoàng Dương', 'MH050', 'CS774', 'Face-to-face global parallelism', 3, 'HK010', 'Học kỳ 1 Năm học 2024-2025', 'LHP098', 5.38, 6.92, 9.91, 8.86, 'A', 4.0, TRUE),
    (949, 'HV327', '653180', 'Quý ông Quang Hoàng', 'MH040', 'MATH908', 'Stand-alone responsive strategy', 4, 'HK013', 'Học kỳ 1 Năm học 2025-2026', 'LHP070', 10, 5.98, 6.81, 6.97, 'C+', 2.5, TRUE),
    (950, 'HV120', '638342', 'Bà Bảo Mai', 'MH014', 'KT301', 'Kinh tế lượng', 3, 'HK002', 'Học kỳ 2 Năm học 2021-2022', 'LHP042', 9.19, 5.68, 5.3, 5.77, 'C', 2.0, TRUE),
    (951, 'HV061', '634130', 'Chị Phương Nguyễn', 'MH055', 'PHY749', 'Profit-focused methodical software', 3, 'HK002', 'Học kỳ 2 Năm học 2021-2022', 'LHP039', 5.49, 5.55, 4.89, 5.08, 'D+', 1.5, TRUE),
    (952, 'HV220', '658764', 'Bác Trọng Mai', 'MH078', 'CS712', 'Devolved uniform solution', 2, 'HK003', 'Học kỳ hè Năm học 2021-2022', 'LHP055', 8.1, 5.97, 8.32, 7.83, 'B', 3.0, TRUE),
    (953, 'HV441', '631189', 'Mai Dương', 'MH008', 'IT303', 'Học máy', 3, 'HK001', 'Học kỳ 1 Năm học 2021-2022', 'LHP114', 6.23, 7.98, 7.14, 7.21, 'B', 3.0, TRUE),
    (954, 'HV007', '665380', 'Ngọc Bùi', 'MH050', 'CS774', 'Face-to-face global parallelism', 3, 'HK012', 'Học kỳ hè Năm học 2024-2025', 'LHP043', 6.75, 5.94, 4.42, 4.96, 'D', 1.0, FALSE),
    (955, 'HV085', '633367', 'Tùng Bảo Dương', 'MH053', 'MATH862', 'Quality-focused local Graphic Interface', 4, 'HK001', 'Học kỳ 1 Năm học 2021-2022', 'LHP079', 8.4, 9.12, 8.72, 8.77, 'A', 4.0, TRUE),
    (956, 'HV299', '664214', 'Chị An Lê', 'MH034', 'MATH998', 'Networked intermediate data-warehouse', 3, 'HK008', 'Học kỳ 2 Năm học 2023-2024', 'LHP017', 9.05, 8.17, 4.31, 5.55, 'C', 2.0, TRUE),
    (957, 'HV059', '631251', 'Khoa Mai', 'MH032', 'CS758', 'Inverse maximized forecast', 4, 'HK005', 'Học kỳ 2 Năm học 2022-2023', 'LHP064', 7.43, 6.88, 9.04, 8.45, 'B+', 3.5, TRUE),
    (958, 'HV319', '679953', 'Anh Châu Nguyễn', 'MH005', 'IT203', 'Mạng máy tính', 3, 'HK009', 'Học kỳ hè Năm học 2023-2024', 'LHP010', 9.41, 3.88, 4.81, 5.08, 'D+', 1.5, TRUE),
    (959, 'HV174', '662180', 'Hoàng Thị Bùi', 'MH043', 'PHY829', 'Managed modular focus group', 2, 'HK009', 'Học kỳ hè Năm học 2023-2024', 'LHP116', 9.53, 4.36, 8.16, 7.53, 'B', 3.0, TRUE),
    (960, 'HV022', '633324', 'Minh Vũ', 'MH054', 'MATH608', 'Organic background conglomeration', 2, 'HK015', 'Học kỳ hè Năm học 2025-2026', 'LHP107', 7.19, 7.54, 5.82, 6.3, 'C+', 2.5, TRUE),
    (961, 'HV236', '645656', 'Cô Hải Phạm', 'MH033', 'MATH371', 'Reactive fault-tolerant Internet solution', 4, 'HK004', 'Học kỳ 1 Năm học 2022-2023', 'LHP029', 5.87, 7.32, 4.37, 5.11, 'D+', 1.5, TRUE),
    (962, 'HV298', '657144', 'Chị Kim Dương', 'MH014', 'KT301', 'Kinh tế lượng', 3, 'HK006', 'Học kỳ hè Năm học 2022-2023', 'LHP064', 6.94, 9.41, 4.26, 5.56, 'C', 2.0, TRUE),
    (963, 'HV438', '661375', 'Tùng Trí Trần', 'MH062', 'CHEM292', 'Sharable fault-tolerant implementation', 3, 'HK012', 'Học kỳ hè Năm học 2024-2025', 'LHP117', 9.54, 8.83, 8.85, 8.91, 'A', 4.0, TRUE),
    (964, 'HV360', '668649', 'Anh Nam Hoàng', 'MH008', 'IT303', 'Học máy', 3, 'HK012', 'Học kỳ hè Năm học 2024-2025', 'LHP081', 6.97, 7.6, 3.67, 4.78, 'D', 1.0, FALSE),
    (965, 'HV117', '658568', 'Kim Quang Vũ', 'MH021', 'QS201', 'Chiến thuật bộ binh', 3, 'HK007', 'Học kỳ 1 Năm học 2023-2024', 'LHP018', 10, 5.46, 9.96, 9.07, 'A+', 4.0, TRUE),
    (966, 'HV454', '679710', 'Khoa Phạm', 'MH067', 'CS639', 'Customizable grid-enabled info-mediaries', 4, 'HK015', 'Học kỳ hè Năm học 2025-2026', 'LHP030', 5.51, 5.97, 6.59, 6.36, 'C+', 2.5, TRUE),
    (967, 'HV093', '642292', 'Thành Đức Dương', 'MH035', 'CS527', 'Innovative executive utilization', 2, 'HK011', 'Học kỳ 2 Năm học 2024-2025', 'LHP066', 5.55, 8.8, 5.2, 5.95, 'C', 2.0, TRUE),
    (968, 'HV338', '661620', 'Kim Đức Mai', 'MH009', 'IT304', 'An toàn và bảo mật thông tin', 3, 'HK010', 'Học kỳ 1 Năm học 2024-2025', 'LHP009', 5.79, 7.8, 8.27, 7.93, 'B', 3.0, TRUE),
    (969, 'HV429', '644840', 'Bác Anh Phạm', 'MH058', 'MATH105', 'Proactive global hub', 3, 'HK005', 'Học kỳ 2 Năm học 2022-2023', 'LHP087', 4.74, 8.39, 4.24, 5.12, 'D+', 1.5, TRUE),
    (970, 'HV113', '671153', 'Lâm Mai', 'MH054', 'MATH608', 'Organic background conglomeration', 2, 'HK006', 'Học kỳ hè Năm học 2022-2023', 'LHP062', 9.69, 8.62, 4.66, 5.95, 'C', 2.0, TRUE),
    (971, 'HV211', '648339', 'Hà Đức Hoàng', 'MH033', 'MATH371', 'Reactive fault-tolerant Internet solution', 4, 'HK012', 'Học kỳ hè Năm học 2024-2025', 'LHP067', 5.8, 8.58, 6.1, 6.57, 'C+', 2.5, TRUE),
    (972, 'HV027', '646340', 'Huy Thế Bùi', 'MH032', 'CS758', 'Inverse maximized forecast', 4, 'HK014', 'Học kỳ 2 Năm học 2025-2026', 'LHP007', 8.16, 7.05, 10, 9.22, 'A+', 4.0, TRUE),
    (973, 'HV014', '656177', 'Huy Hữu Trần', 'MH067', 'CS639', 'Customizable grid-enabled info-mediaries', 4, 'HK001', 'Học kỳ 1 Năm học 2021-2022', 'LHP058', 5.22, 9.67, 5.1, 6.03, 'C+', 2.5, TRUE),
    (974, 'HV241', '645147', 'Quý ông Dũng Hoàng', 'MH062', 'CHEM292', 'Sharable fault-tolerant implementation', 3, 'HK013', 'Học kỳ 1 Năm học 2025-2026', 'LHP041', 7.96, 6.55, 8.82, 8.28, 'B+', 3.5, TRUE),
    (975, 'HV161', '645262', 'Cô Bảo Phạm', 'MH075', 'CHEM371', 'Distributed contextually-based pricing structure', 2, 'HK001', 'Học kỳ 1 Năm học 2021-2022', 'LHP066', 9.2, 5.95, 2.94, 4.17, 'D', 1.0, FALSE),
    (976, 'HV002', '655860', 'Vân Dương', 'MH040', 'MATH908', 'Stand-alone responsive strategy', 4, 'HK010', 'Học kỳ 1 Năm học 2024-2025', 'LHP090', 8.52, 8.99, 8.51, 8.6, 'A', 4.0, TRUE),
    (977, 'HV455', '657795', 'Quý ông Trung Phạm', 'MH061', 'PHY563', 'Reactive intangible contingency', 4, 'HK002', 'Học kỳ 2 Năm học 2021-2022', 'LHP111', 9.49, 9.66, 4.68, 6.15, 'C+', 2.5, TRUE),
    (978, 'HV311', '662617', 'Anh Tùng Bùi', 'MH075', 'CHEM371', 'Distributed contextually-based pricing structure', 2, 'HK003', 'Học kỳ hè Năm học 2021-2022', 'LHP082', 7.22, 7.14, 5.48, 5.99, 'C', 2.0, TRUE),
    (979, 'HV389', '657948', 'Anh Lê', 'MH036', 'CS430', 'Stand-alone national project', 2, 'HK006', 'Học kỳ hè Năm học 2022-2023', 'LHP052', 8.75, 5.97, 10, 9.07, 'A+', 4.0, TRUE),
    (980, 'HV223', '632888', 'Quý ông Châu Dương', 'MH051', 'MATH882', 'Proactive foreground emulation', 2, 'HK011', 'Học kỳ 2 Năm học 2024-2025', 'LHP020', 9.1, 7.2, 6.67, 7.02, 'B', 3.0, TRUE),
    (981, 'HV224', '638267', 'Dũng Trần', 'MH018', 'NN202', 'Tiếng Trung cơ bản', 4, 'HK008', 'Học kỳ 2 Năm học 2023-2024', 'LHP097', 8.62, 8.31, 9.1, 8.9, 'A', 4.0, TRUE),
    (982, 'HV407', '647971', 'Huy Dương', 'MH027', 'CHEM106', 'Down-sized methodical flexibility', 3, 'HK002', 'Học kỳ 2 Năm học 2021-2022', 'LHP087', 5.82, 4.79, 8.04, 7.16, 'B', 3.0, TRUE),
    (983, 'HV463', '673497', 'Tú Đức Bùi', 'MH027', 'CHEM106', 'Down-sized methodical flexibility', 3, 'HK005', 'Học kỳ 2 Năm học 2022-2023', 'LHP118', 10, 8.8, 7.68, 8.14, 'B+', 3.5, TRUE),
    (984, 'HV315', '666431', 'Bà Xuân Phạm', 'MH031', 'CHEM492', 'Exclusive asynchronous alliance', 3, 'HK015', 'Học kỳ hè Năm học 2025-2026', 'LHP031', 9.95, 10, 2.76, 4.92, 'D', 1.0, FALSE),
    (985, 'HV132', '668610', 'Bảo Phạm', 'MH069', 'CHEM272', 'Mandatory value-added moratorium', 4, 'HK014', 'Học kỳ 2 Năm học 2025-2026', 'LHP093', 10, 8.55, 7.57, 8.01, 'B+', 3.5, TRUE),
    (986, 'HV351', '651837', 'Dũng Trần', 'MH068', 'CS441', 'Decentralized systemic productivity', 4, 'HK006', 'Học kỳ hè Năm học 2022-2023', 'LHP075', 9.91, 4.55, 9.07, 8.25, 'B+', 3.5, TRUE),
    (987, 'HV080', '637094', 'Quang Bảo Nguyễn', 'MH072', 'MATH659', 'Innovative systemic support', 3, 'HK014', 'Học kỳ 2 Năm học 2025-2026', 'LHP104', 5.57, 7.25, 4.97, 5.48, 'D+', 1.5, TRUE),
    (988, 'HV312', '633907', 'Dương Vũ', 'MH047', 'CS612', 'Automated 4thgeneration strategy', 4, 'HK009', 'Học kỳ hè Năm học 2023-2024', 'LHP033', 8.49, 6.96, 9.05, 8.58, 'A', 4.0, TRUE),
    (989, 'HV018', '666918', 'Yến Trần', 'MH041', 'CS382', 'Seamless context-sensitive infrastructure', 4, 'HK002', 'Học kỳ 2 Năm học 2021-2022', 'LHP042', 6.29, 8.8, 9.55, 9.07, 'A+', 4.0, TRUE),
    (990, 'HV084', '662518', 'An Hoàng', 'MH017', 'NN201', 'Tiếng Anh chuyên ngành', 3, 'HK009', 'Học kỳ hè Năm học 2023-2024', 'LHP093', 6.15, 6.2, 7.08, 6.81, 'C+', 2.5, TRUE),
    (991, 'HV318', '658767', 'Chị Bảo Bùi', 'MH067', 'CS639', 'Customizable grid-enabled info-mediaries', 4, 'HK015', 'Học kỳ hè Năm học 2025-2026', 'LHP109', 8.87, 6.35, 8.42, 8.05, 'B+', 3.5, TRUE),
    (992, 'HV360', '668649', 'Anh Nam Hoàng', 'MH052', 'CHEM184', 'Automated heuristic pricing structure', 4, 'HK007', 'Học kỳ 1 Năm học 2023-2024', 'LHP015', 5.56, 8.28, 7.8, 7.67, 'B', 3.0, TRUE),
    (993, 'HV363', '666492', 'Cô Hà Vũ', 'MH001', 'IT101', 'Nhập môn Công nghệ thông tin', 3, 'HK013', 'Học kỳ 1 Năm học 2025-2026', 'LHP021', 6.48, 8.71, 8.12, 8.07, 'B+', 3.5, TRUE),
    (994, 'HV489', '634143', 'Hoàng Bùi', 'MH072', 'MATH659', 'Innovative systemic support', 3, 'HK003', 'Học kỳ hè Năm học 2021-2022', 'LHP048', 5.93, 4.65, 4.57, 4.72, 'D', 1.0, FALSE),
    (995, 'HV287', '636159', 'Quý cô Lâm Đặng', 'MH001', 'IT101', 'Nhập môn Công nghệ thông tin', 3, 'HK015', 'Học kỳ hè Năm học 2025-2026', 'LHP108', 8.83, 5.23, 4.09, 4.79, 'D', 1.0, FALSE),
    (996, 'HV411', '674949', 'Chị Lâm Đặng', 'MH062', 'CHEM292', 'Sharable fault-tolerant implementation', 3, 'HK010', 'Học kỳ 1 Năm học 2024-2025', 'LHP018', 6.15, 10, 6.88, 7.43, 'B', 3.0, TRUE),
    (997, 'HV281', '633282', 'Anh Nam Lê', 'MH029', 'CS728', 'Fundamental incremental synergy', 2, 'HK007', 'Học kỳ 1 Năm học 2023-2024', 'LHP050', 8.15, 7.64, 7.73, 7.75, 'B', 3.0, TRUE),
    (998, 'HV383', '654746', 'An Văn Phạm', 'MH079', 'CHEM343', 'Innovative multi-state collaboration', 2, 'HK008', 'Học kỳ 2 Năm học 2023-2024', 'LHP029', 8.13, 6.98, 8.05, 7.84, 'B', 3.0, TRUE),
    (999, 'HV268', '675601', 'Chị Chi Vũ', 'MH071', 'CHEM141', 'Re-contextualized global open system', 3, 'HK011', 'Học kỳ 2 Năm học 2024-2025', 'LHP056', 8.33, 5.94, 4.39, 5.1, 'D+', 1.5, TRUE),
    (1000, 'HV217', '647413', 'An Vũ', 'MH050', 'CS774', 'Face-to-face global parallelism', 3, 'HK013', 'Học kỳ 1 Năm học 2025-2026', 'LHP031', 9.69, 8.57, 9.99, 9.67, 'A+', 4.0, TRUE);

INSERT INTO diem (id, hoc_vien_id, ma_hv, ho_ten_hv, mon_hoc_id, ma_mon, ten_mon, so_tin_chi, hoc_ky_id, ten_hoc_ky, lop_hoc_phan_id, diem_chuyen_can, diem_thuong_xuyen, diem_thi, diem_tong_ket, diem_chu, diem_he4, dat) VALUES
    (1001, 'HV229', '656229', 'Phúc Hải Hoàng', 'MH027', 'CHEM106', 'Down-sized methodical flexibility', 3, 'HK011', 'Học kỳ 2 Năm học 2024-2025', 'LHP105', 9.17, 4.64, 4.84, 5.23, 'D+', 1.5, TRUE),
    (1002, 'HV311', '662617', 'Anh Tùng Bùi', 'MH073', 'CS219', 'Cross-platform client-server policy', 3, 'HK004', 'Học kỳ 1 Năm học 2022-2023', 'LHP079', 7.77, 5.48, 8.89, 8.1, 'B+', 3.5, TRUE),
    (1003, 'HV023', '673003', 'Dũng Lê', 'MH069', 'CHEM272', 'Mandatory value-added moratorium', 4, 'HK010', 'Học kỳ 1 Năm học 2024-2025', 'LHP012', 5.32, 3.08, 5.29, 4.85, 'D', 1.0, FALSE),
    (1004, 'HV123', '662158', 'Linh Nguyễn', 'MH014', 'KT301', 'Kinh tế lượng', 3, 'HK002', 'Học kỳ 2 Năm học 2021-2022', 'LHP080', 9.12, 5.77, 5.83, 6.14, 'C+', 2.5, TRUE),
    (1005, 'HV292', '672161', 'An Xuân Phạm', 'MH065', 'MATH771', 'Digitized upward-trending emulation', 2, 'HK010', 'Học kỳ 1 Năm học 2024-2025', 'LHP070', 8.74, 6.55, 6.84, 6.97, 'C+', 2.5, TRUE),
    (1006, 'HV243', '654002', 'Phúc Quang Nguyễn', 'MH026', 'CHEM794', 'Compatible client-server system engine', 3, 'HK006', 'Học kỳ hè Năm học 2022-2023', 'LHP027', 6.63, 4.15, 8.62, 7.53, 'B', 3.0, TRUE),
    (1007, 'HV151', '631616', 'Cô Lâm Dương', 'MH039', 'PHY188', 'Horizontal well-modulated circuit', 3, 'HK007', 'Học kỳ 1 Năm học 2023-2024', 'LHP021', 5.65, 9.04, 10, 9.37, 'A+', 4.0, TRUE),
    (1008, 'HV318', '658767', 'Chị Bảo Bùi', 'MH063', 'MATH935', 'Implemented even-keeled complexity', 2, 'HK015', 'Học kỳ hè Năm học 2025-2026', 'LHP021', 6.49, 6.72, 7.4, 7.17, 'B', 3.0, TRUE),
    (1009, 'HV325', '653751', 'Anh Đức Phạm', 'MH001', 'IT101', 'Nhập môn Công nghệ thông tin', 3, 'HK003', 'Học kỳ hè Năm học 2021-2022', 'LHP007', 5.47, 8.05, 6.02, 6.37, 'C+', 2.5, TRUE),
    (1010, 'HV242', '643087', 'Nhật Lê', 'MH017', 'NN201', 'Tiếng Anh chuyên ngành', 3, 'HK013', 'Học kỳ 1 Năm học 2025-2026', 'LHP111', 6.82, 5.84, 4.85, 5.24, 'D+', 1.5, TRUE),
    (1011, 'HV282', '672806', 'Bác Phúc Mai', 'MH071', 'CHEM141', 'Re-contextualized global open system', 3, 'HK001', 'Học kỳ 1 Năm học 2021-2022', 'LHP037', 7.47, 8.19, 2.72, 4.29, 'D', 1.0, FALSE),
    (1012, 'HV393', '633722', 'Mai Lê', 'MH023', 'CS428', 'Robust system-worthy benchmark', 2, 'HK002', 'Học kỳ 2 Năm học 2021-2022', 'LHP078', 10, 3.89, 8.85, 7.97, 'B', 3.0, TRUE),
    (1013, 'HV482', '645758', 'Quý cô An Trần', 'MH078', 'CS712', 'Devolved uniform solution', 2, 'HK001', 'Học kỳ 1 Năm học 2021-2022', 'LHP064', 5.56, 8.03, 10, 9.16, 'A+', 4.0, TRUE),
    (1014, 'HV366', '637790', 'Chị Dương Phạm', 'MH045', 'CS718', 'Face-to-face bandwidth-monitored encoding', 2, 'HK007', 'Học kỳ 1 Năm học 2023-2024', 'LHP107', 8.77, 5.45, 7.29, 7.07, 'B', 3.0, TRUE),
    (1015, 'HV206', '655548', 'Chị Bảo Hoàng', 'MH014', 'KT301', 'Kinh tế lượng', 3, 'HK010', 'Học kỳ 1 Năm học 2024-2025', 'LHP027', 8.4, 8.0, 8.27, 8.23, 'B+', 3.5, TRUE),
    (1016, 'HV162', '656842', 'Thành Mai', 'MH054', 'MATH608', 'Organic background conglomeration', 2, 'HK003', 'Học kỳ hè Năm học 2021-2022', 'LHP101', 8.21, 7.26, 3.29, 4.57, 'D', 1.0, FALSE),
    (1017, 'HV430', '631245', 'Ông Anh Phạm', 'MH066', 'MATH808', 'User-friendly eco-centric framework', 4, 'HK004', 'Học kỳ 1 Năm học 2022-2023', 'LHP040', 5.33, 7.8, 3.98, 4.88, 'D', 1.0, FALSE),
    (1018, 'HV446', '646184', 'Nhật Hoàng Đặng', 'MH072', 'MATH659', 'Innovative systemic support', 3, 'HK010', 'Học kỳ 1 Năm học 2024-2025', 'LHP041', 6.42, 9.2, 3.56, 4.97, 'D', 1.0, FALSE),
    (1019, 'HV003', '672049', 'Hải Mai Đặng', 'MH043', 'PHY829', 'Managed modular focus group', 2, 'HK005', 'Học kỳ 2 Năm học 2022-2023', 'LHP118', 6.1, 7.1, 8.53, 8.0, 'B+', 3.5, TRUE),
    (1020, 'HV341', '652904', 'Hoàng Đặng', 'MH061', 'PHY563', 'Reactive intangible contingency', 4, 'HK008', 'Học kỳ 2 Năm học 2023-2024', 'LHP080', 7.0, 5.85, 7.0, 6.77, 'C+', 2.5, TRUE),
    (1021, 'HV140', '665260', 'Anh Hoàng Dương', 'MH033', 'MATH371', 'Reactive fault-tolerant Internet solution', 4, 'HK009', 'Học kỳ hè Năm học 2023-2024', 'LHP044', 9.11, 4.4, 6.72, 6.49, 'C+', 2.5, TRUE),
    (1022, 'HV208', '647302', 'Quý cô Hương Lê', 'MH073', 'CS219', 'Cross-platform client-server policy', 3, 'HK009', 'Học kỳ hè Năm học 2023-2024', 'LHP022', 8.13, 7.89, 5.37, 6.15, 'C+', 2.5, TRUE),
    (1023, 'HV076', '649762', 'Châu Bùi', 'MH009', 'IT304', 'An toàn và bảo mật thông tin', 3, 'HK007', 'Học kỳ 1 Năm học 2023-2024', 'LHP098', 6.52, 5.41, 8.16, 7.45, 'B', 3.0, TRUE),
    (1024, 'HV390', '668998', 'Ông Khoa Mai', 'MH019', 'QS101', 'Giáo dục Quốc phòng', 2, 'HK012', 'Học kỳ hè Năm học 2024-2025', 'LHP062', 6.94, 8.66, 4.71, 5.72, 'C', 2.0, TRUE),
    (1025, 'HV466', '669638', 'Quý cô Vân Phạm', 'MH057', 'CS148', 'Versatile modular complexity', 2, 'HK008', 'Học kỳ 2 Năm học 2023-2024', 'LHP120', 7.96, 8.42, 4.58, 5.68, 'C', 2.0, TRUE),
    (1026, 'HV333', '677097', 'An Mai Bảo Mai', 'MH027', 'CHEM106', 'Down-sized methodical flexibility', 3, 'HK002', 'Học kỳ 2 Năm học 2021-2022', 'LHP076', 4.3, 8.04, 7.85, 7.53, 'B', 3.0, TRUE),
    (1027, 'HV012', '639628', 'Lâm Thị Nguyễn', 'MH049', 'PHY904', 'Re-engineered context-sensitive interface', 4, 'HK005', 'Học kỳ 2 Năm học 2022-2023', 'LHP077', 8.14, 8.45, 5.77, 6.54, 'C+', 2.5, TRUE),
    (1028, 'HV430', '631245', 'Ông Anh Phạm', 'MH033', 'MATH371', 'Reactive fault-tolerant Internet solution', 4, 'HK002', 'Học kỳ 2 Năm học 2021-2022', 'LHP099', 5.87, 8.62, 2.64, 4.16, 'D', 1.0, FALSE),
    (1029, 'HV156', '659209', 'Bác Quang Phạm', 'MH078', 'CS712', 'Devolved uniform solution', 2, 'HK008', 'Học kỳ 2 Năm học 2023-2024', 'LHP030', 6.8, 8.02, 10, 9.28, 'A+', 4.0, TRUE),
    (1030, 'HV190', '645684', 'Linh Bùi', 'MH013', 'KT202', 'Tài chính doanh nghiệp', 3, 'HK009', 'Học kỳ hè Năm học 2023-2024', 'LHP062', 9.98, 8.55, 5.93, 6.86, 'C+', 2.5, TRUE),
    (1031, 'HV281', '633282', 'Anh Nam Lê', 'MH010', 'KT101', 'Kinh tế vi mô', 3, 'HK008', 'Học kỳ 2 Năm học 2023-2024', 'LHP031', 6.47, 9.22, 9.02, 8.8, 'A', 4.0, TRUE),
    (1032, 'HV085', '633367', 'Tùng Bảo Dương', 'MH001', 'IT101', 'Nhập môn Công nghệ thông tin', 3, 'HK011', 'Học kỳ 2 Năm học 2024-2025', 'LHP019', 6.12, 8.44, 9.19, 8.73, 'A', 4.0, TRUE),
    (1033, 'HV166', '639496', 'Mai Hoàng', 'MH002', 'IT102', 'Lập trình cơ bản', 4, 'HK008', 'Học kỳ 2 Năm học 2023-2024', 'LHP102', 9.09, 6.04, 6.65, 6.77, 'C+', 2.5, TRUE),
    (1034, 'HV457', '638922', 'Hải Bảo Đặng', 'MH052', 'CHEM184', 'Automated heuristic pricing structure', 4, 'HK014', 'Học kỳ 2 Năm học 2025-2026', 'LHP076', 5.88, 9.51, 3.84, 5.18, 'D+', 1.5, TRUE),
    (1035, 'HV217', '647413', 'An Vũ', 'MH012', 'KT201', 'Nguyên lý kế toán', 4, 'HK010', 'Học kỳ 1 Năm học 2024-2025', 'LHP036', 8.6, 8.82, 7.12, 7.61, 'B', 3.0, TRUE),
    (1036, 'HV233', '675037', 'Khoa Dương', 'MH028', 'CS900', 'Ergonomic demand-driven capacity', 4, 'HK009', 'Học kỳ hè Năm học 2023-2024', 'LHP044', 5.06, 9.53, 8.62, 8.45, 'B+', 3.5, TRUE),
    (1037, 'HV023', '673003', 'Dũng Lê', 'MH056', 'MATH569', 'Secured client-driven database', 3, 'HK015', 'Học kỳ hè Năm học 2025-2026', 'LHP083', 9.05, 4.93, 10, 8.89, 'A', 4.0, TRUE),
    (1038, 'HV201', '668145', 'Bảo Dương', 'MH028', 'CS900', 'Ergonomic demand-driven capacity', 4, 'HK010', 'Học kỳ 1 Năm học 2024-2025', 'LHP063', 7.09, 8.38, 9.06, 8.73, 'A', 4.0, TRUE),
    (1039, 'HV146', '645664', 'Nam Xuân Mai', 'MH007', 'IT302', 'Trí tuệ nhân tạo', 3, 'HK005', 'Học kỳ 2 Năm học 2022-2023', 'LHP071', 8.4, 8.6, 6.53, 7.13, 'B', 3.0, TRUE),
    (1040, 'HV151', '631616', 'Cô Lâm Dương', 'MH018', 'NN202', 'Tiếng Trung cơ bản', 4, 'HK004', 'Học kỳ 1 Năm học 2022-2023', 'LHP046', 5.04, 8.04, 8.36, 7.96, 'B', 3.0, TRUE),
    (1041, 'HV274', '652800', 'Quý cô Lâm Bùi', 'MH034', 'MATH998', 'Networked intermediate data-warehouse', 3, 'HK009', 'Học kỳ hè Năm học 2023-2024', 'LHP025', 10, 7.61, 5.95, 6.69, 'C+', 2.5, TRUE),
    (1042, 'HV064', '667358', 'Khoa Đức Hoàng', 'MH028', 'CS900', 'Ergonomic demand-driven capacity', 4, 'HK006', 'Học kỳ hè Năm học 2022-2023', 'LHP104', 9.32, 6.96, 6.35, 6.77, 'C+', 2.5, TRUE),
    (1043, 'HV196', '635075', 'Quý cô Hương Trần', 'MH050', 'CS774', 'Face-to-face global parallelism', 3, 'HK013', 'Học kỳ 1 Năm học 2025-2026', 'LHP031', 10, 9.61, 5.06, 6.46, 'C+', 2.5, TRUE),
    (1044, 'HV345', '668535', 'Tùng Mai', 'MH077', 'CS623', 'Business-focused empowering concept', 4, 'HK004', 'Học kỳ 1 Năm học 2022-2023', 'LHP118', 9.29, 6.45, 2.84, 4.2, 'D', 1.0, FALSE),
    (1045, 'HV246', '634739', 'Cô Hương Nguyễn', 'MH042', 'CS898', 'Phased cohesive initiative', 3, 'HK006', 'Học kỳ hè Năm học 2022-2023', 'LHP001', 5.36, 6.11, 7.98, 7.34, 'B', 3.0, TRUE),
    (1046, 'HV433', '665822', 'Bà Dương Đặng', 'MH068', 'CS441', 'Decentralized systemic productivity', 4, 'HK007', 'Học kỳ 1 Năm học 2023-2024', 'LHP063', 8.79, 8.76, 6.12, 6.92, 'C+', 2.5, TRUE),
    (1047, 'HV199', '651330', 'Cô Ánh Bùi', 'MH008', 'IT303', 'Học máy', 3, 'HK002', 'Học kỳ 2 Năm học 2021-2022', 'LHP068', 5.86, 3.18, 4.26, 4.21, 'D', 1.0, FALSE),
    (1048, 'HV254', '663084', 'Châu Vũ', 'MH004', 'IT202', 'Cơ sở dữ liệu', 3, 'HK008', 'Học kỳ 2 Năm học 2023-2024', 'LHP056', 6.54, 9.91, 4.49, 5.78, 'C', 2.0, TRUE),
    (1049, 'HV057', '651179', 'Quang Vũ', 'MH014', 'KT301', 'Kinh tế lượng', 3, 'HK013', 'Học kỳ 1 Năm học 2025-2026', 'LHP081', 7.71, 6.41, 7.33, 7.19, 'B', 3.0, TRUE),
    (1050, 'HV197', '636594', 'Chị Xuân Vũ', 'MH076', 'CHEM207', 'Vision-oriented empowering parallelism', 2, 'HK003', 'Học kỳ hè Năm học 2021-2022', 'LHP117', 7.33, 7.98, 5.87, 6.44, 'C+', 2.5, TRUE),
    (1051, 'HV041', '679459', 'Quý cô Hải Hoàng', 'MH019', 'QS101', 'Giáo dục Quốc phòng', 2, 'HK015', 'Học kỳ hè Năm học 2025-2026', 'LHP002', 5.32, 4.65, 5.0, 4.96, 'D', 1.0, FALSE),
    (1052, 'HV396', '673844', 'Ánh Mai', 'MH057', 'CS148', 'Versatile modular complexity', 2, 'HK010', 'Học kỳ 1 Năm học 2024-2025', 'LHP106', 7.29, 6.42, 9.95, 8.98, 'A', 4.0, TRUE),
    (1053, 'HV336', '668035', 'Quý cô Dương Vũ', 'MH077', 'CS623', 'Business-focused empowering concept', 4, 'HK015', 'Học kỳ hè Năm học 2025-2026', 'LHP029', 5.58, 4.57, 5.75, 5.5, 'C', 2.0, TRUE),
    (1054, 'HV006', '672765', 'Bảo Tấn Vũ', 'MH002', 'IT102', 'Lập trình cơ bản', 4, 'HK003', 'Học kỳ hè Năm học 2021-2022', 'LHP022', 3.79, 8.61, 3.26, 4.38, 'D', 1.0, FALSE),
    (1055, 'HV061', '634130', 'Chị Phương Nguyễn', 'MH022', 'QS202', 'Kỹ thuật quân sự', 3, 'HK012', 'Học kỳ hè Năm học 2024-2025', 'LHP064', 6.69, 9.83, 8.19, 8.37, 'B+', 3.5, TRUE),
    (1056, 'HV289', '667239', 'Khoa Trí Lê', 'MH076', 'CHEM207', 'Vision-oriented empowering parallelism', 2, 'HK004', 'Học kỳ 1 Năm học 2022-2023', 'LHP022', 4.52, 5.49, 8.18, 7.28, 'B', 3.0, TRUE),
    (1057, 'HV083', '664487', 'Phương Mai', 'MH023', 'CS428', 'Robust system-worthy benchmark', 2, 'HK010', 'Học kỳ 1 Năm học 2024-2025', 'LHP021', 6.22, 8.27, 4.09, 5.14, 'D+', 1.5, TRUE),
    (1058, 'HV364', '651567', 'Chị Vi Dương', 'MH031', 'CHEM492', 'Exclusive asynchronous alliance', 3, 'HK003', 'Học kỳ hè Năm học 2021-2022', 'LHP073', 9.13, 6.45, 2.86, 4.2, 'D', 1.0, FALSE),
    (1059, 'HV393', '633722', 'Mai Lê', 'MH006', 'IT301', 'Phát triển ứng dụng Web', 3, 'HK012', 'Học kỳ hè Năm học 2024-2025', 'LHP069', 8.12, 8.25, 3.52, 4.93, 'D', 1.0, FALSE),
    (1060, 'HV409', '666672', 'Yến Đặng', 'MH046', 'CHEM667', 'Synergized bottom-line monitoring', 4, 'HK012', 'Học kỳ hè Năm học 2024-2025', 'LHP024', 7.3, 7.11, 8.42, 8.05, 'B+', 3.5, TRUE),
    (1061, 'HV192', '664820', 'An Đức Vũ', 'MH034', 'MATH998', 'Networked intermediate data-warehouse', 3, 'HK014', 'Học kỳ 2 Năm học 2025-2026', 'LHP001', 5.36, 10, 10, 9.54, 'A+', 4.0, TRUE),
    (1062, 'HV015', '651880', 'Anh Nam Bùi', 'MH028', 'CS900', 'Ergonomic demand-driven capacity', 4, 'HK009', 'Học kỳ hè Năm học 2023-2024', 'LHP016', 7.29, 8.8, 8.27, 8.28, 'B+', 3.5, TRUE),
    (1063, 'HV328', '648608', 'Hải Đức Dương', 'MH033', 'MATH371', 'Reactive fault-tolerant Internet solution', 4, 'HK003', 'Học kỳ hè Năm học 2021-2022', 'LHP015', 10, 7.82, 3.1, 4.73, 'D', 1.0, FALSE),
    (1064, 'HV359', '649556', 'Quý ông Vũ Lê', 'MH035', 'CS527', 'Innovative executive utilization', 2, 'HK003', 'Học kỳ hè Năm học 2021-2022', 'LHP067', 7.73, 8.78, 5.9, 6.66, 'C+', 2.5, TRUE),
    (1065, 'HV396', '673844', 'Ánh Mai', 'MH051', 'MATH882', 'Proactive foreground emulation', 2, 'HK012', 'Học kỳ hè Năm học 2024-2025', 'LHP054', 7.49, 7.1, 5.13, 5.76, 'C', 2.0, TRUE),
    (1066, 'HV060', '638294', 'Tú Mai Lê', 'MH073', 'CS219', 'Cross-platform client-server policy', 3, 'HK014', 'Học kỳ 2 Năm học 2025-2026', 'LHP109', 6.28, 7.96, 4.07, 5.07, 'D+', 1.5, TRUE),
    (1067, 'HV296', '661171', 'Ông Thành Lê', 'MH054', 'MATH608', 'Organic background conglomeration', 2, 'HK009', 'Học kỳ hè Năm học 2023-2024', 'LHP022', 9.23, 5.63, 8.95, 8.31, 'B+', 3.5, TRUE),
    (1068, 'HV133', '632178', 'Hà Phạm', 'MH050', 'CS774', 'Face-to-face global parallelism', 3, 'HK003', 'Học kỳ hè Năm học 2021-2022', 'LHP110', 9.4, 5.01, 7.63, 7.28, 'B', 3.0, TRUE),
    (1069, 'HV192', '664820', 'An Đức Vũ', 'MH014', 'KT301', 'Kinh tế lượng', 3, 'HK013', 'Học kỳ 1 Năm học 2025-2026', 'LHP025', 7.29, 7.06, 6.34, 6.58, 'C+', 2.5, TRUE),
    (1070, 'HV417', '646305', 'Trọng Bùi', 'MH007', 'IT302', 'Trí tuệ nhân tạo', 3, 'HK006', 'Học kỳ hè Năm học 2022-2023', 'LHP016', 6.81, 3.68, 8.36, 7.27, 'B', 3.0, TRUE),
    (1071, 'HV276', '645737', 'Cô Mai Phạm', 'MH038', 'PHY504', 'Secured zero-defect middleware', 3, 'HK004', 'Học kỳ 1 Năm học 2022-2023', 'LHP082', 8.23, 6.16, 7.85, 7.55, 'B', 3.0, TRUE),
    (1072, 'HV374', '646491', 'Bảo Lê', 'MH021', 'QS201', 'Chiến thuật bộ binh', 3, 'HK013', 'Học kỳ 1 Năm học 2025-2026', 'LHP033', 6.61, 10, 10, 9.66, 'A+', 4.0, TRUE),
    (1073, 'HV216', '678796', 'Hoàng Lê', 'MH049', 'PHY904', 'Re-engineered context-sensitive interface', 4, 'HK014', 'Học kỳ 2 Năm học 2025-2026', 'LHP057', 5.0, 5.98, 6.78, 6.44, 'C+', 2.5, TRUE),
    (1074, 'HV271', '653128', 'Vũ Bùi', 'MH036', 'CS430', 'Stand-alone national project', 2, 'HK002', 'Học kỳ 2 Năm học 2021-2022', 'LHP087', 6.43, 6.9, 6.5, 6.58, 'C+', 2.5, TRUE),
    (1075, 'HV339', '672442', 'Hoàng Hữu Bùi', 'MH006', 'IT301', 'Phát triển ứng dụng Web', 3, 'HK001', 'Học kỳ 1 Năm học 2021-2022', 'LHP020', 6.5, 9.22, 9.43, 9.1, 'A+', 4.0, TRUE),
    (1076, 'HV268', '675601', 'Chị Chi Vũ', 'MH010', 'KT101', 'Kinh tế vi mô', 3, 'HK010', 'Học kỳ 1 Năm học 2024-2025', 'LHP070', 8.38, 7.05, 5.1, 5.82, 'C', 2.0, TRUE),
    (1077, 'HV306', '648339', 'Hưng Mai', 'MH052', 'CHEM184', 'Automated heuristic pricing structure', 4, 'HK013', 'Học kỳ 1 Năm học 2025-2026', 'LHP054', 8.97, 6.7, 7.68, 7.61, 'B', 3.0, TRUE),
    (1078, 'HV083', '664487', 'Phương Mai', 'MH002', 'IT102', 'Lập trình cơ bản', 4, 'HK006', 'Học kỳ hè Năm học 2022-2023', 'LHP046', 7.16, 10, 6.14, 7.01, 'B', 3.0, TRUE),
    (1079, 'HV229', '656229', 'Phúc Hải Hoàng', 'MH067', 'CS639', 'Customizable grid-enabled info-mediaries', 4, 'HK011', 'Học kỳ 2 Năm học 2024-2025', 'LHP044', 6.31, 5.52, 4.06, 4.58, 'D', 1.0, FALSE),
    (1080, 'HV277', '637780', 'Cô Thảo Hoàng', 'MH049', 'PHY904', 'Re-engineered context-sensitive interface', 4, 'HK006', 'Học kỳ hè Năm học 2022-2023', 'LHP065', 6.49, 7.85, 4.13, 5.11, 'D+', 1.5, TRUE),
    (1081, 'HV288', '649272', 'Hoàng Lê', 'MH048', 'CHEM889', 'Centralized systemic policy', 4, 'HK014', 'Học kỳ 2 Năm học 2025-2026', 'LHP006', 7.62, 9.09, 3.49, 5.02, 'D+', 1.5, TRUE),
    (1082, 'HV080', '637094', 'Quang Bảo Nguyễn', 'MH049', 'PHY904', 'Re-engineered context-sensitive interface', 4, 'HK015', 'Học kỳ hè Năm học 2025-2026', 'LHP105', 6.38, 8.38, 8.46, 8.24, 'B+', 3.5, TRUE),
    (1083, 'HV479', '651208', 'Bác Thành Nguyễn', 'MH057', 'CS148', 'Versatile modular complexity', 2, 'HK005', 'Học kỳ 2 Năm học 2022-2023', 'LHP097', 7.27, 8.63, 3.87, 5.16, 'D+', 1.5, TRUE),
    (1084, 'HV106', '642692', 'Cô Hải Dương', 'MH075', 'CHEM371', 'Distributed contextually-based pricing structure', 2, 'HK003', 'Học kỳ hè Năm học 2021-2022', 'LHP060', 5.38, 5.27, 4.55, 4.77, 'D', 1.0, FALSE),
    (1085, 'HV428', '635074', 'Chị Hà Dương', 'MH017', 'NN201', 'Tiếng Anh chuyên ngành', 3, 'HK013', 'Học kỳ 1 Năm học 2025-2026', 'LHP111', 8.65, 8.15, 6.56, 7.09, 'B', 3.0, TRUE),
    (1086, 'HV288', '649272', 'Hoàng Lê', 'MH042', 'CS898', 'Phased cohesive initiative', 3, 'HK007', 'Học kỳ 1 Năm học 2023-2024', 'LHP033', 8.3, 7.87, 6.37, 6.87, 'C+', 2.5, TRUE),
    (1087, 'HV067', '654095', 'An Bùi', 'MH058', 'MATH105', 'Proactive global hub', 3, 'HK002', 'Học kỳ 2 Năm học 2021-2022', 'LHP087', 5.63, 6.54, 5.47, 5.7, 'C', 2.0, TRUE),
    (1088, 'HV052', '657510', 'Hải Trí Hoàng', 'MH007', 'IT302', 'Trí tuệ nhân tạo', 3, 'HK013', 'Học kỳ 1 Năm học 2025-2026', 'LHP117', 9.26, 8.04, 3.58, 5.04, 'D+', 1.5, TRUE),
    (1089, 'HV003', '672049', 'Hải Mai Đặng', 'MH077', 'CS623', 'Business-focused empowering concept', 4, 'HK002', 'Học kỳ 2 Năm học 2021-2022', 'LHP103', 9.29, 8.99, 8.07, 8.38, 'B+', 3.5, TRUE),
    (1090, 'HV363', '666492', 'Cô Hà Vũ', 'MH003', 'IT201', 'Cấu trúc dữ liệu và giải thuật', 4, 'HK013', 'Học kỳ 1 Năm học 2025-2026', 'LHP055', 9.35, 6.24, 5.17, 5.8, 'C', 2.0, TRUE),
    (1091, 'HV105', '666031', 'Lâm Phạm', 'MH031', 'CHEM492', 'Exclusive asynchronous alliance', 3, 'HK007', 'Học kỳ 1 Năm học 2023-2024', 'LHP026', 9.18, 6.04, 3.45, 4.54, 'D', 1.0, FALSE),
    (1092, 'HV313', '631383', 'Nam Phú Trần', 'MH009', 'IT304', 'An toàn và bảo mật thông tin', 3, 'HK015', 'Học kỳ hè Năm học 2025-2026', 'LHP064', 7.2, 8.24, 8.34, 8.21, 'B+', 3.5, TRUE),
    (1093, 'HV235', '643037', 'Hà Hoàng', 'MH020', 'QS102', 'Điều lệnh Quân đội', 2, 'HK002', 'Học kỳ 2 Năm học 2021-2022', 'LHP035', 5.8, 9.17, 6.5, 6.96, 'C+', 2.5, TRUE),
    (1094, 'HV174', '662180', 'Hoàng Thị Bùi', 'MH006', 'IT301', 'Phát triển ứng dụng Web', 3, 'HK015', 'Học kỳ hè Năm học 2025-2026', 'LHP084', 6.13, 9.19, 7.92, 7.99, 'B', 3.0, TRUE),
    (1095, 'HV402', '678792', 'Bà Hương Hoàng', 'MH030', 'MATH559', 'Cross-group 24hour knowledge user', 4, 'HK003', 'Học kỳ hè Năm học 2021-2022', 'LHP077', 7.51, 4.44, 5.6, 5.56, 'C', 2.0, TRUE),
    (1096, 'HV289', '667239', 'Khoa Trí Lê', 'MH030', 'MATH559', 'Cross-group 24hour knowledge user', 4, 'HK006', 'Học kỳ hè Năm học 2022-2023', 'LHP110', 8.31, 7.29, 8.08, 7.94, 'B', 3.0, TRUE),
    (1097, 'HV458', '647395', 'Nam Xuân Trần', 'MH026', 'CHEM794', 'Compatible client-server system engine', 3, 'HK014', 'Học kỳ 2 Năm học 2025-2026', 'LHP080', 6.76, 5.38, 4.2, 4.69, 'D', 1.0, FALSE),
    (1098, 'HV422', '633593', 'Châu Nguyễn', 'MH027', 'CHEM106', 'Down-sized methodical flexibility', 3, 'HK011', 'Học kỳ 2 Năm học 2024-2025', 'LHP091', 8.81, 8.02, 8.24, 8.25, 'B+', 3.5, TRUE),
    (1099, 'HV246', '634739', 'Cô Hương Nguyễn', 'MH057', 'CS148', 'Versatile modular complexity', 2, 'HK009', 'Học kỳ hè Năm học 2023-2024', 'LHP017', 5.93, 4.62, 3.19, 3.75, 'F', 0.0, FALSE),
    (1100, 'HV187', '657591', 'Quang Hoàng', 'MH037', 'CHEM420', 'User-centric intermediate approach', 3, 'HK001', 'Học kỳ 1 Năm học 2021-2022', 'LHP017', 8.46, 6.07, 9.32, 8.58, 'A', 4.0, TRUE),
    (1101, 'HV418', '646827', 'Vân Bùi', 'MH015', 'NN101', 'Tiếng Anh cơ bản', 4, 'HK006', 'Học kỳ hè Năm học 2022-2023', 'LHP001', 7.92, 6.44, 8.32, 7.91, 'B', 3.0, TRUE),
    (1102, 'HV100', '656334', 'Bác Vũ Nguyễn', 'MH070', 'CHEM177', 'Implemented secondary ability', 3, 'HK012', 'Học kỳ hè Năm học 2024-2025', 'LHP045', 6.01, 9.2, 5.73, 6.45, 'C+', 2.5, TRUE),
    (1103, 'HV447', '632158', 'Quý cô Thảo Mai', 'MH010', 'KT101', 'Kinh tế vi mô', 3, 'HK009', 'Học kỳ hè Năm học 2023-2024', 'LHP024', 7.61, 4.87, 7.08, 6.69, 'C+', 2.5, TRUE),
    (1104, 'HV378', '667949', 'Kim Nguyễn', 'MH057', 'CS148', 'Versatile modular complexity', 2, 'HK013', 'Học kỳ 1 Năm học 2025-2026', 'LHP069', 9.39, 10, 9.95, 9.91, 'A+', 4.0, TRUE),
    (1105, 'HV378', '667949', 'Kim Nguyễn', 'MH026', 'CHEM794', 'Compatible client-server system engine', 3, 'HK006', 'Học kỳ hè Năm học 2022-2023', 'LHP053', 6.76, 5.06, 4.7, 4.98, 'D', 1.0, FALSE),
    (1106, 'HV034', '649060', 'Bảo Bảo Hoàng', 'MH032', 'CS758', 'Inverse maximized forecast', 4, 'HK015', 'Học kỳ hè Năm học 2025-2026', 'LHP057', 6.17, 8.87, 6.27, 6.78, 'C+', 2.5, TRUE),
    (1107, 'HV400', '661469', 'Linh Hoàng', 'MH072', 'MATH659', 'Innovative systemic support', 3, 'HK008', 'Học kỳ 2 Năm học 2023-2024', 'LHP033', 10, 9.53, 10, 9.91, 'A+', 4.0, TRUE),
    (1108, 'HV371', '671516', 'Cô Mai Trần', 'MH033', 'MATH371', 'Reactive fault-tolerant Internet solution', 4, 'HK004', 'Học kỳ 1 Năm học 2022-2023', 'LHP118', 6.76, 6.23, 4.49, 5.07, 'D+', 1.5, TRUE),
    (1109, 'HV215', '675695', 'Hưng Vũ', 'MH015', 'NN101', 'Tiếng Anh cơ bản', 4, 'HK009', 'Học kỳ hè Năm học 2023-2024', 'LHP085', 6.06, 4.54, 2.89, 3.53, 'F', 0.0, FALSE),
    (1110, 'HV091', '661286', 'Ông Dũng Lê', 'MH019', 'QS101', 'Giáo dục Quốc phòng', 2, 'HK014', 'Học kỳ 2 Năm học 2025-2026', 'LHP026', 6.31, 5.3, 7.89, 7.21, 'B', 3.0, TRUE),
    (1111, 'HV366', '637790', 'Chị Dương Phạm', 'MH013', 'KT202', 'Tài chính doanh nghiệp', 3, 'HK014', 'Học kỳ 2 Năm học 2025-2026', 'LHP043', 8.3, 3.84, 10, 8.6, 'A', 4.0, TRUE),
    (1112, 'HV147', '641304', 'Khoa Mai Bảo Đặng', 'MH055', 'PHY749', 'Profit-focused methodical software', 3, 'HK004', 'Học kỳ 1 Năm học 2022-2023', 'LHP105', 9.79, 10, 7.76, 8.41, 'B+', 3.5, TRUE),
    (1113, 'HV373', '632080', 'Trọng Thế Mai', 'MH064', 'CS960', 'Synchronized real-time budgetary management', 2, 'HK013', 'Học kỳ 1 Năm học 2025-2026', 'LHP084', 8.48, 8.74, 7.25, 7.67, 'B', 3.0, TRUE),
    (1114, 'HV193', '675919', 'Thành Đức Mai', 'MH062', 'CHEM292', 'Sharable fault-tolerant implementation', 3, 'HK013', 'Học kỳ 1 Năm học 2025-2026', 'LHP053', 4.07, 9.21, 10, 9.25, 'A+', 4.0, TRUE),
    (1115, 'HV240', '663639', 'Kim Mai Bảo Hoàng', 'MH049', 'PHY904', 'Re-engineered context-sensitive interface', 4, 'HK013', 'Học kỳ 1 Năm học 2025-2026', 'LHP021', 9.18, 6.82, 3.66, 4.84, 'D', 1.0, FALSE),
    (1116, 'HV061', '634130', 'Chị Phương Nguyễn', 'MH039', 'PHY188', 'Horizontal well-modulated circuit', 3, 'HK004', 'Học kỳ 1 Năm học 2022-2023', 'LHP058', 8.89, 5.4, 4.13, 4.86, 'D', 1.0, FALSE),
    (1117, 'HV439', '676269', 'Quang Bảo Trần', 'MH011', 'KT102', 'Kinh tế vĩ mô', 3, 'HK004', 'Học kỳ 1 Năm học 2022-2023', 'LHP095', 10, 8.93, 6.96, 7.66, 'B', 3.0, TRUE),
    (1118, 'HV015', '651880', 'Anh Nam Bùi', 'MH060', 'PHY835', 'Synergistic mobile analyzer', 4, 'HK015', 'Học kỳ hè Năm học 2025-2026', 'LHP048', 8.27, 6.39, 5.87, 6.21, 'C+', 2.5, TRUE),
    (1119, 'HV104', '678058', 'Hưng Hải Đặng', 'MH021', 'QS201', 'Chiến thuật bộ binh', 3, 'HK009', 'Học kỳ hè Năm học 2023-2024', 'LHP071', 9.11, 8.8, 1.76, 3.9, 'F', 0.0, FALSE),
    (1120, 'HV370', '677968', 'Cô Hà Mai', 'MH009', 'IT304', 'An toàn và bảo mật thông tin', 3, 'HK013', 'Học kỳ 1 Năm học 2025-2026', 'LHP096', 5.86, 6.63, 5.16, 5.53, 'C', 2.0, TRUE),
    (1121, 'HV332', '672799', 'Vũ Dương', 'MH021', 'QS201', 'Chiến thuật bộ binh', 3, 'HK008', 'Học kỳ 2 Năm học 2023-2024', 'LHP011', 6.72, 8.86, 3.85, 5.14, 'D+', 1.5, TRUE),
    (1122, 'HV095', '672813', 'Lan Nguyễn', 'MH074', 'PHY418', 'Centralized leadingedge knowledge user', 4, 'HK003', 'Học kỳ hè Năm học 2021-2022', 'LHP072', 5.48, 7.03, 5.75, 5.98, 'C', 2.0, TRUE),
    (1123, 'HV177', '652396', 'Bác Quang Dương', 'MH046', 'CHEM667', 'Synergized bottom-line monitoring', 4, 'HK012', 'Học kỳ hè Năm học 2024-2025', 'LHP012', 7.5, 4.17, 9.2, 8.02, 'B+', 3.5, TRUE),
    (1124, 'HV108', '658847', 'Quý ông Phúc Phạm', 'MH052', 'CHEM184', 'Automated heuristic pricing structure', 4, 'HK013', 'Học kỳ 1 Năm học 2025-2026', 'LHP052', 6.25, 3.87, 5.18, 5.03, 'D+', 1.5, TRUE),
    (1125, 'HV341', '652904', 'Hoàng Đặng', 'MH048', 'CHEM889', 'Centralized systemic policy', 4, 'HK007', 'Học kỳ 1 Năm học 2023-2024', 'LHP091', 4.9, 7.4, 9.35, 8.52, 'A', 4.0, TRUE),
    (1126, 'HV365', '655468', 'Bác Thành Phạm', 'MH048', 'CHEM889', 'Centralized systemic policy', 4, 'HK014', 'Học kỳ 2 Năm học 2025-2026', 'LHP032', 6.11, 4.33, 10, 8.48, 'B+', 3.5, TRUE),
    (1127, 'HV105', '666031', 'Lâm Phạm', 'MH049', 'PHY904', 'Re-engineered context-sensitive interface', 4, 'HK015', 'Học kỳ hè Năm học 2025-2026', 'LHP076', 5.81, 8.39, 2.69, 4.14, 'D', 1.0, FALSE),
    (1128, 'HV048', '647991', 'Chi Vũ', 'MH060', 'PHY835', 'Synergistic mobile analyzer', 4, 'HK015', 'Học kỳ hè Năm học 2025-2026', 'LHP093', 6.47, 7.61, 7.0, 7.07, 'B', 3.0, TRUE),
    (1129, 'HV452', '656921', 'Chị Bảo Mai', 'MH055', 'PHY749', 'Profit-focused methodical software', 3, 'HK010', 'Học kỳ 1 Năm học 2024-2025', 'LHP058', 6.4, 7.57, 3.99, 4.94, 'D', 1.0, FALSE),
    (1130, 'HV194', '634066', 'Nhật Dương', 'MH049', 'PHY904', 'Re-engineered context-sensitive interface', 4, 'HK010', 'Học kỳ 1 Năm học 2024-2025', 'LHP084', 8.37, 9.88, 3.83, 5.49, 'D+', 1.5, TRUE),
    (1131, 'HV420', '631759', 'Trọng Đức Mai', 'MH030', 'MATH559', 'Cross-group 24hour knowledge user', 4, 'HK003', 'Học kỳ hè Năm học 2021-2022', 'LHP077', 5.97, 10, 4.68, 5.87, 'C', 2.0, TRUE),
    (1132, 'HV341', '652904', 'Hoàng Đặng', 'MH036', 'CS430', 'Stand-alone national project', 2, 'HK013', 'Học kỳ 1 Năm học 2025-2026', 'LHP116', 10, 7.15, 7.83, 7.91, 'B', 3.0, TRUE),
    (1133, 'HV293', '632218', 'An Hải Đặng', 'MH030', 'MATH559', 'Cross-group 24hour knowledge user', 4, 'HK010', 'Học kỳ 1 Năm học 2024-2025', 'LHP117', 5.47, 6.69, 6.26, 6.26, 'C+', 2.5, TRUE),
    (1134, 'HV387', '666730', 'Bà Bảo Vũ', 'MH028', 'CS900', 'Ergonomic demand-driven capacity', 4, 'HK004', 'Học kỳ 1 Năm học 2022-2023', 'LHP070', 4.23, 7.85, 9.63, 8.73, 'A', 4.0, TRUE),
    (1135, 'HV331', '633621', 'Hạnh Tấn Lê', 'MH020', 'QS102', 'Điều lệnh Quân đội', 2, 'HK007', 'Học kỳ 1 Năm học 2023-2024', 'LHP090', 7.19, 9.85, 8.93, 8.94, 'A', 4.0, TRUE),
    (1136, 'HV108', '658847', 'Quý ông Phúc Phạm', 'MH003', 'IT201', 'Cấu trúc dữ liệu và giải thuật', 4, 'HK014', 'Học kỳ 2 Năm học 2025-2026', 'LHP006', 7.71, 4.36, 3.82, 4.31, 'D', 1.0, FALSE),
    (1137, 'HV350', '675395', 'Chị An Đặng', 'MH053', 'MATH862', 'Quality-focused local Graphic Interface', 4, 'HK003', 'Học kỳ hè Năm học 2021-2022', 'LHP020', 6.7, 8.62, 3.59, 4.91, 'D', 1.0, FALSE),
    (1138, 'HV202', '653398', 'Khoa Nguyễn', 'MH039', 'PHY188', 'Horizontal well-modulated circuit', 3, 'HK011', 'Học kỳ 2 Năm học 2024-2025', 'LHP072', 8.93, 9.27, 4.4, 5.83, 'C', 2.0, TRUE),
    (1139, 'HV164', '649930', 'Trung Vũ', 'MH018', 'NN202', 'Tiếng Trung cơ bản', 4, 'HK013', 'Học kỳ 1 Năm học 2025-2026', 'LHP030', 7.73, 6.52, 2.36, 3.73, 'F', 0.0, FALSE),
    (1140, 'HV036', '644807', 'Quý cô Vi Nguyễn', 'MH042', 'CS898', 'Phased cohesive initiative', 3, 'HK001', 'Học kỳ 1 Năm học 2021-2022', 'LHP032', 6.65, 5.93, 3.03, 3.97, 'F', 0.0, FALSE),
    (1141, 'HV169', '632555', 'Bà Dương Lê', 'MH007', 'IT302', 'Trí tuệ nhân tạo', 3, 'HK005', 'Học kỳ 2 Năm học 2022-2023', 'LHP001', 10, 4.19, 9.83, 8.72, 'A', 4.0, TRUE),
    (1142, 'HV395', '634759', 'Chị An Lê', 'MH028', 'CS900', 'Ergonomic demand-driven capacity', 4, 'HK013', 'Học kỳ 1 Năm học 2025-2026', 'LHP067', 6.59, 4.59, 4.87, 4.99, 'D', 1.0, FALSE),
    (1143, 'HV329', '644141', 'Cô Hạnh Lê', 'MH009', 'IT304', 'An toàn và bảo mật thông tin', 3, 'HK006', 'Học kỳ hè Năm học 2022-2023', 'LHP024', 6.99, 6.63, 4.88, 5.44, 'D+', 1.5, TRUE),
    (1144, 'HV444', '645462', 'Lâm Hoàng Vũ', 'MH026', 'CHEM794', 'Compatible client-server system engine', 3, 'HK012', 'Học kỳ hè Năm học 2024-2025', 'LHP039', 10, 10, 4.08, 5.86, 'C', 2.0, TRUE),
    (1145, 'HV029', '674894', 'Hà Nguyễn', 'MH055', 'PHY749', 'Profit-focused methodical software', 3, 'HK002', 'Học kỳ 2 Năm học 2021-2022', 'LHP053', 6.13, 4.31, 10, 8.48, 'B+', 3.5, TRUE),
    (1146, 'HV350', '675395', 'Chị An Đặng', 'MH080', 'PHY434', 'Operative responsive project', 3, 'HK012', 'Học kỳ hè Năm học 2024-2025', 'LHP049', 5.21, 9.69, 8.35, 8.3, 'B+', 3.5, TRUE),
    (1147, 'HV032', '633387', 'Chị Lâm Trần', 'MH016', 'NN102', 'Tiếng Anh học thuật', 3, 'HK013', 'Học kỳ 1 Năm học 2025-2026', 'LHP069', 7.0, 4.54, 7.89, 7.13, 'B', 3.0, TRUE),
    (1148, 'HV052', '657510', 'Hải Trí Hoàng', 'MH046', 'CHEM667', 'Synergized bottom-line monitoring', 4, 'HK010', 'Học kỳ 1 Năm học 2024-2025', 'LHP021', 7.18, 8.0, 9.17, 8.74, 'A', 4.0, TRUE),
    (1149, 'HV290', '659783', 'Anh Hoàng Bùi', 'MH033', 'MATH371', 'Reactive fault-tolerant Internet solution', 4, 'HK010', 'Học kỳ 1 Năm học 2024-2025', 'LHP082', 7.1, 9.01, 2.92, 4.55, 'D', 1.0, FALSE),
    (1150, 'HV171', '673155', 'Hải Văn Phạm', 'MH048', 'CHEM889', 'Centralized systemic policy', 4, 'HK010', 'Học kỳ 1 Năm học 2024-2025', 'LHP039', 7.61, 5.91, 3.19, 4.17, 'D', 1.0, FALSE),
    (1151, 'HV410', '673799', 'Hà Đặng', 'MH034', 'MATH998', 'Networked intermediate data-warehouse', 3, 'HK002', 'Học kỳ 2 Năm học 2021-2022', 'LHP038', 7.91, 6.54, 3.8, 4.76, 'D', 1.0, FALSE),
    (1152, 'HV338', '661620', 'Kim Đức Mai', 'MH019', 'QS101', 'Giáo dục Quốc phòng', 2, 'HK012', 'Học kỳ hè Năm học 2024-2025', 'LHP094', 9.94, 5.5, 7.22, 7.15, 'B', 3.0, TRUE),
    (1153, 'HV401', '671563', 'Anh Quang Đặng', 'MH068', 'CS441', 'Decentralized systemic productivity', 4, 'HK001', 'Học kỳ 1 Năm học 2021-2022', 'LHP116', 6.3, 8.59, 7.13, 7.34, 'B', 3.0, TRUE),
    (1154, 'HV069', '637423', 'Bà Thành Trần', 'MH006', 'IT301', 'Phát triển ứng dụng Web', 3, 'HK006', 'Học kỳ hè Năm học 2022-2023', 'LHP011', 5.56, 8.91, 7.25, 7.41, 'B', 3.0, TRUE),
    (1155, 'HV070', '633957', 'Bảo Nguyễn', 'MH001', 'IT101', 'Nhập môn Công nghệ thông tin', 3, 'HK012', 'Học kỳ hè Năm học 2024-2025', 'LHP014', 10, 10, 4.45, 6.11, 'C+', 2.5, TRUE),
    (1156, 'HV030', '674776', 'Nam Thị Phạm', 'MH053', 'MATH862', 'Quality-focused local Graphic Interface', 4, 'HK011', 'Học kỳ 2 Năm học 2024-2025', 'LHP001', 4.93, 5.96, 9.98, 8.67, 'A', 4.0, TRUE),
    (1157, 'HV221', '672711', 'Cô Hà Lê', 'MH078', 'CS712', 'Devolved uniform solution', 2, 'HK009', 'Học kỳ hè Năm học 2023-2024', 'LHP011', 7.01, 5.0, 6.72, 6.41, 'C+', 2.5, TRUE),
    (1158, 'HV380', '675861', 'Ông Tú Mai', 'MH042', 'CS898', 'Phased cohesive initiative', 3, 'HK011', 'Học kỳ 2 Năm học 2024-2025', 'LHP043', 6.69, 9.44, 8.72, 8.66, 'A', 4.0, TRUE),
    (1159, 'HV163', '679170', 'Quý cô Hà Dương', 'MH009', 'IT304', 'An toàn và bảo mật thông tin', 3, 'HK003', 'Học kỳ hè Năm học 2021-2022', 'LHP103', 4.62, 5.84, 4.03, 4.45, 'D', 1.0, FALSE),
    (1160, 'HV443', '641988', 'Bảo Trần', 'MH023', 'CS428', 'Robust system-worthy benchmark', 2, 'HK014', 'Học kỳ 2 Năm học 2025-2026', 'LHP115', 7.19, 7.06, 3.05, 4.26, 'D', 1.0, FALSE),
    (1161, 'HV321', '673848', 'Quang Lê', 'MH013', 'KT202', 'Tài chính doanh nghiệp', 3, 'HK005', 'Học kỳ 2 Năm học 2022-2023', 'LHP087', 6.25, 7.98, 6.2, 6.56, 'C+', 2.5, TRUE),
    (1162, 'HV456', '633126', 'Lâm Văn Đặng', 'MH041', 'CS382', 'Seamless context-sensitive infrastructure', 4, 'HK005', 'Học kỳ 2 Năm học 2022-2023', 'LHP066', 7.18, 7.58, 7.1, 7.2, 'B', 3.0, TRUE),
    (1163, 'HV437', '675359', 'Tùng Lê', 'MH029', 'CS728', 'Fundamental incremental synergy', 2, 'HK010', 'Học kỳ 1 Năm học 2024-2025', 'LHP085', 6.79, 6.78, 8.07, 7.68, 'B', 3.0, TRUE),
    (1164, 'HV031', '675923', 'Quang Mai Bùi', 'MH036', 'CS430', 'Stand-alone national project', 2, 'HK009', 'Học kỳ hè Năm học 2023-2024', 'LHP010', 7.68, 5.74, 2.86, 3.92, 'F', 0.0, FALSE),
    (1165, 'HV125', '669363', 'Quang Mai', 'MH059', 'CS958', 'De-engineered zero tolerance neural-net', 4, 'HK013', 'Học kỳ 1 Năm học 2025-2026', 'LHP009', 7.47, 10, 6.75, 7.47, 'B', 3.0, TRUE),
    (1166, 'HV288', '649272', 'Hoàng Lê', 'MH018', 'NN202', 'Tiếng Trung cơ bản', 4, 'HK003', 'Học kỳ hè Năm học 2021-2022', 'LHP074', 9.56, 7.58, 3.94, 5.23, 'D+', 1.5, TRUE),
    (1167, 'HV408', '643141', 'Phương Hải Hoàng', 'MH069', 'CHEM272', 'Mandatory value-added moratorium', 4, 'HK014', 'Học kỳ 2 Năm học 2025-2026', 'LHP032', 6.04, 6.98, 7.02, 6.91, 'C+', 2.5, TRUE),
    (1168, 'HV111', '666302', 'Tú Vũ', 'MH047', 'CS612', 'Automated 4thgeneration strategy', 4, 'HK002', 'Học kỳ 2 Năm học 2021-2022', 'LHP041', 9.05, 9.91, 4.4, 5.97, 'C', 2.0, TRUE),
    (1169, 'HV350', '675395', 'Chị An Đặng', 'MH067', 'CS639', 'Customizable grid-enabled info-mediaries', 4, 'HK006', 'Học kỳ hè Năm học 2022-2023', 'LHP018', 5.58, 7.45, 6.93, 6.9, 'C+', 2.5, TRUE),
    (1170, 'HV031', '675923', 'Quang Mai Bùi', 'MH064', 'CS960', 'Synchronized real-time budgetary management', 2, 'HK009', 'Học kỳ hè Năm học 2023-2024', 'LHP002', 7.47, 7.85, 7.92, 7.86, 'B', 3.0, TRUE),
    (1171, 'HV176', '654689', 'Khoa Mai Phạm', 'MH062', 'CHEM292', 'Sharable fault-tolerant implementation', 3, 'HK012', 'Học kỳ hè Năm học 2024-2025', 'LHP024', 7.91, 9.96, 5.56, 6.68, 'C+', 2.5, TRUE),
    (1172, 'HV301', '662008', 'Chi Đặng', 'MH063', 'MATH935', 'Implemented even-keeled complexity', 2, 'HK007', 'Học kỳ 1 Năm học 2023-2024', 'LHP011', 8.78, 5.42, 4.96, 5.43, 'D+', 1.5, TRUE),
    (1173, 'HV058', '631557', 'Quý cô Hà Hoàng', 'MH062', 'CHEM292', 'Sharable fault-tolerant implementation', 3, 'HK015', 'Học kỳ hè Năm học 2025-2026', 'LHP059', 8.88, 8.27, 10, 9.54, 'A+', 4.0, TRUE),
    (1174, 'HV273', '638248', 'Nhật Dương', 'MH055', 'PHY749', 'Profit-focused methodical software', 3, 'HK001', 'Học kỳ 1 Năm học 2021-2022', 'LHP059', 8.18, 8.02, 8.29, 8.22, 'B+', 3.5, TRUE),
    (1175, 'HV041', '679459', 'Quý cô Hải Hoàng', 'MH073', 'CS219', 'Cross-platform client-server policy', 3, 'HK005', 'Học kỳ 2 Năm học 2022-2023', 'LHP039', 8.98, 7.08, 6.74, 7.03, 'B', 3.0, TRUE),
    (1176, 'HV268', '675601', 'Chị Chi Vũ', 'MH004', 'IT202', 'Cơ sở dữ liệu', 3, 'HK010', 'Học kỳ 1 Năm học 2024-2025', 'LHP104', 7.01, 4.13, 8.7, 7.62, 'B', 3.0, TRUE),
    (1177, 'HV498', '642862', 'Hạnh Lê', 'MH048', 'CHEM889', 'Centralized systemic policy', 4, 'HK014', 'Học kỳ 2 Năm học 2025-2026', 'LHP023', 8.29, 7.14, 2.99, 4.35, 'D', 1.0, FALSE),
    (1178, 'HV370', '677968', 'Cô Hà Mai', 'MH049', 'PHY904', 'Re-engineered context-sensitive interface', 4, 'HK006', 'Học kỳ hè Năm học 2022-2023', 'LHP062', 4.86, 7.52, 5.27, 5.68, 'C', 2.0, TRUE),
    (1179, 'HV448', '679623', 'Hạnh Mai Bảo Hoàng', 'MH070', 'CHEM177', 'Implemented secondary ability', 3, 'HK001', 'Học kỳ 1 Năm học 2021-2022', 'LHP013', 7.71, 6.21, 6.39, 6.48, 'C+', 2.5, TRUE),
    (1180, 'HV135', '644921', 'Phương Nguyễn', 'MH068', 'CS441', 'Decentralized systemic productivity', 4, 'HK001', 'Học kỳ 1 Năm học 2021-2022', 'LHP080', 8.65, 2.89, 7.0, 6.34, 'C+', 2.5, TRUE),
    (1181, 'HV006', '672765', 'Bảo Tấn Vũ', 'MH013', 'KT202', 'Tài chính doanh nghiệp', 3, 'HK008', 'Học kỳ 2 Năm học 2023-2024', 'LHP023', 5.64, 7.48, 5.4, 5.84, 'C', 2.0, TRUE),
    (1182, 'HV301', '662008', 'Chi Đặng', 'MH034', 'MATH998', 'Networked intermediate data-warehouse', 3, 'HK001', 'Học kỳ 1 Năm học 2021-2022', 'LHP114', 5.85, 5.83, 9.85, 8.65, 'A', 4.0, TRUE),
    (1183, 'HV220', '658764', 'Bác Trọng Mai', 'MH058', 'MATH105', 'Proactive global hub', 3, 'HK012', 'Học kỳ hè Năm học 2024-2025', 'LHP071', 6.0, 5.54, 9.4, 8.29, 'B+', 3.5, TRUE),
    (1184, 'HV166', '639496', 'Mai Hoàng', 'MH070', 'CHEM177', 'Implemented secondary ability', 3, 'HK002', 'Học kỳ 2 Năm học 2021-2022', 'LHP094', 8.19, 3.47, 3.47, 3.94, 'F', 0.0, FALSE),
    (1185, 'HV449', '633610', 'Bác Nam Phạm', 'MH071', 'CHEM141', 'Re-contextualized global open system', 3, 'HK002', 'Học kỳ 2 Năm học 2021-2022', 'LHP056', 8.28, 8.92, 9.14, 9.01, 'A+', 4.0, TRUE),
    (1186, 'HV293', '632218', 'An Hải Đặng', 'MH023', 'CS428', 'Robust system-worthy benchmark', 2, 'HK005', 'Học kỳ 2 Năm học 2022-2023', 'LHP035', 7.87, 3.72, 9.96, 8.51, 'A', 4.0, TRUE),
    (1187, 'HV478', '639955', 'Thành Mai Bảo Nguyễn', 'MH029', 'CS728', 'Fundamental incremental synergy', 2, 'HK007', 'Học kỳ 1 Năm học 2023-2024', 'LHP020', 9.09, 9.64, 9.68, 9.61, 'A+', 4.0, TRUE),
    (1188, 'HV476', '666171', 'Dũng Hoàng Vũ', 'MH015', 'NN101', 'Tiếng Anh cơ bản', 4, 'HK014', 'Học kỳ 2 Năm học 2025-2026', 'LHP051', 9.39, 9.03, 8.37, 8.6, 'A', 4.0, TRUE),
    (1189, 'HV358', '631002', 'Mai Bùi', 'MH069', 'CHEM272', 'Mandatory value-added moratorium', 4, 'HK010', 'Học kỳ 1 Năm học 2024-2025', 'LHP045', 7.06, 8.34, 7.92, 7.92, 'B', 3.0, TRUE),
    (1190, 'HV359', '649556', 'Quý ông Vũ Lê', 'MH027', 'CHEM106', 'Down-sized methodical flexibility', 3, 'HK002', 'Học kỳ 2 Năm học 2021-2022', 'LHP080', 5.82, 7.37, 10, 9.06, 'A+', 4.0, TRUE),
    (1191, 'HV417', '646305', 'Trọng Bùi', 'MH044', 'CS575', 'Enhanced 24/7 leverage', 3, 'HK007', 'Học kỳ 1 Năm học 2023-2024', 'LHP010', 7.73, 10, 4.18, 5.7, 'C', 2.0, TRUE),
    (1192, 'HV097', '641134', 'Chị Vân Trần', 'MH009', 'IT304', 'An toàn và bảo mật thông tin', 3, 'HK007', 'Học kỳ 1 Năm học 2023-2024', 'LHP029', 7.74, 8.57, 7.89, 8.01, 'B+', 3.5, TRUE),
    (1193, 'HV347', '648337', 'Phúc Phạm', 'MH016', 'NN102', 'Tiếng Anh học thuật', 3, 'HK002', 'Học kỳ 2 Năm học 2021-2022', 'LHP084', 9.14, 3.71, 5.86, 5.76, 'C', 2.0, TRUE),
    (1194, 'HV229', '656229', 'Phúc Hải Hoàng', 'MH079', 'CHEM343', 'Innovative multi-state collaboration', 2, 'HK003', 'Học kỳ hè Năm học 2021-2022', 'LHP100', 8.95, 3.91, 7.58, 6.98, 'C+', 2.5, TRUE),
    (1195, 'HV480', '657163', 'Quý cô Phương Mai', 'MH049', 'PHY904', 'Re-engineered context-sensitive interface', 4, 'HK005', 'Học kỳ 2 Năm học 2022-2023', 'LHP112', 5.96, 6.71, 6.92, 6.78, 'C+', 2.5, TRUE),
    (1196, 'HV444', '645462', 'Lâm Hoàng Vũ', 'MH048', 'CHEM889', 'Centralized systemic policy', 4, 'HK005', 'Học kỳ 2 Năm học 2022-2023', 'LHP102', 9.56, 4.07, 6.34, 6.21, 'C+', 2.5, TRUE),
    (1197, 'HV245', '676970', 'Nhật Phạm', 'MH069', 'CHEM272', 'Mandatory value-added moratorium', 4, 'HK015', 'Học kỳ hè Năm học 2025-2026', 'LHP078', 4.9, 10, 8.51, 8.45, 'B+', 3.5, TRUE),
    (1198, 'HV381', '666073', 'Hạnh Phạm', 'MH062', 'CHEM292', 'Sharable fault-tolerant implementation', 3, 'HK007', 'Học kỳ 1 Năm học 2023-2024', 'LHP050', 6.98, 7.85, 6.57, 6.87, 'C+', 2.5, TRUE),
    (1199, 'HV455', '657795', 'Quý ông Trung Phạm', 'MH018', 'NN202', 'Tiếng Trung cơ bản', 4, 'HK012', 'Học kỳ hè Năm học 2024-2025', 'LHP037', 7.55, 7.37, 3.92, 4.97, 'D', 1.0, FALSE),
    (1200, 'HV296', '661171', 'Ông Thành Lê', 'MH020', 'QS102', 'Điều lệnh Quân đội', 2, 'HK015', 'Học kỳ hè Năm học 2025-2026', 'LHP079', 9.58, 10, 3.72, 5.56, 'C', 2.0, TRUE),
    (1201, 'HV187', '657591', 'Quang Hoàng', 'MH055', 'PHY749', 'Profit-focused methodical software', 3, 'HK005', 'Học kỳ 2 Năm học 2022-2023', 'LHP011', 6.49, 8.13, 3.65, 4.83, 'D', 1.0, FALSE),
    (1202, 'HV103', '662193', 'Dương Hoàng', 'MH059', 'CS958', 'De-engineered zero tolerance neural-net', 4, 'HK004', 'Học kỳ 1 Năm học 2022-2023', 'LHP073', 6.47, 8.49, 8.24, 8.11, 'B+', 3.5, TRUE),
    (1203, 'HV145', '668875', 'Quý cô Nhật Bùi', 'MH042', 'CS898', 'Phased cohesive initiative', 3, 'HK006', 'Học kỳ hè Năm học 2022-2023', 'LHP114', 6.96, 5.08, 3.34, 4.05, 'D', 1.0, FALSE),
    (1204, 'HV415', '679362', 'Nhật Bảo Mai', 'MH027', 'CHEM106', 'Down-sized methodical flexibility', 3, 'HK012', 'Học kỳ hè Năm học 2024-2025', 'LHP030', 8.98, 10, 5.68, 6.87, 'C+', 2.5, TRUE),
    (1205, 'HV141', '672683', 'Phương Dương', 'MH014', 'KT301', 'Kinh tế lượng', 3, 'HK008', 'Học kỳ 2 Năm học 2023-2024', 'LHP077', 7.1, 7.64, 2.94, 4.29, 'D', 1.0, FALSE),
    (1206, 'HV279', '662478', 'Bà Vân Trần', 'MH046', 'CHEM667', 'Synergized bottom-line monitoring', 4, 'HK013', 'Học kỳ 1 Năm học 2025-2026', 'LHP107', 3.76, 6.12, 3.13, 3.79, 'F', 0.0, FALSE),
    (1207, 'HV399', '672465', 'Hương Vũ', 'MH032', 'CS758', 'Inverse maximized forecast', 4, 'HK002', 'Học kỳ 2 Năm học 2021-2022', 'LHP008', 6.51, 8.15, 8.4, 8.16, 'B+', 3.5, TRUE),
    (1208, 'HV009', '676693', 'Thảo Đặng', 'MH021', 'QS201', 'Chiến thuật bộ binh', 3, 'HK005', 'Học kỳ 2 Năm học 2022-2023', 'LHP114', 7.66, 9.51, 8.86, 8.87, 'A', 4.0, TRUE),
    (1209, 'HV051', '651896', 'Kim Vũ', 'MH061', 'PHY563', 'Reactive intangible contingency', 4, 'HK001', 'Học kỳ 1 Năm học 2021-2022', 'LHP119', 7.04, 4.75, 8.49, 7.6, 'B', 3.0, TRUE),
    (1210, 'HV350', '675395', 'Chị An Đặng', 'MH034', 'MATH998', 'Networked intermediate data-warehouse', 3, 'HK015', 'Học kỳ hè Năm học 2025-2026', 'LHP117', 7.28, 5.42, 8.66, 7.87, 'B', 3.0, TRUE),
    (1211, 'HV451', '655949', 'Lâm Trí Phạm', 'MH059', 'CS958', 'De-engineered zero tolerance neural-net', 4, 'HK010', 'Học kỳ 1 Năm học 2024-2025', 'LHP064', 8.92, 5.0, 2.5, 3.64, 'F', 0.0, FALSE),
    (1212, 'HV194', '634066', 'Nhật Dương', 'MH011', 'KT102', 'Kinh tế vĩ mô', 3, 'HK011', 'Học kỳ 2 Năm học 2024-2025', 'LHP063', 5.96, 4.74, 3.54, 4.02, 'D', 1.0, FALSE),
    (1213, 'HV177', '652396', 'Bác Quang Dương', 'MH006', 'IT301', 'Phát triển ứng dụng Web', 3, 'HK001', 'Học kỳ 1 Năm học 2021-2022', 'LHP056', 6.16, 6.04, 7.44, 7.03, 'B', 3.0, TRUE),
    (1214, 'HV085', '633367', 'Tùng Bảo Dương', 'MH025', 'PHY546', 'Function-based intangible product', 4, 'HK010', 'Học kỳ 1 Năm học 2024-2025', 'LHP015', 7.0, 4.56, 3.27, 3.9, 'F', 0.0, FALSE),
    (1215, 'HV234', '665500', 'Hưng Hữu Trần', 'MH006', 'IT301', 'Phát triển ứng dụng Web', 3, 'HK004', 'Học kỳ 1 Năm học 2022-2023', 'LHP053', 8.63, 4.7, 3.42, 4.2, 'D', 1.0, FALSE),
    (1216, 'HV486', '658497', 'Minh Phạm', 'MH066', 'MATH808', 'User-friendly eco-centric framework', 4, 'HK003', 'Học kỳ hè Năm học 2021-2022', 'LHP055', 9.48, 7.91, 7.36, 7.68, 'B', 3.0, TRUE),
    (1217, 'HV324', '646840', 'Thành Nguyễn', 'MH027', 'CHEM106', 'Down-sized methodical flexibility', 3, 'HK013', 'Học kỳ 1 Năm học 2025-2026', 'LHP001', 7.24, 5.56, 9.65, 8.59, 'A', 4.0, TRUE),
    (1218, 'HV456', '633126', 'Lâm Văn Đặng', 'MH042', 'CS898', 'Phased cohesive initiative', 3, 'HK012', 'Học kỳ hè Năm học 2024-2025', 'LHP046', 8.44, 6.3, 7.02, 7.02, 'B', 3.0, TRUE),
    (1219, 'HV010', '676918', 'Quý cô Lan Trần', 'MH058', 'MATH105', 'Proactive global hub', 3, 'HK014', 'Học kỳ 2 Năm học 2025-2026', 'LHP072', 7.72, 7.31, 4.96, 5.71, 'C', 2.0, TRUE),
    (1220, 'HV464', '642943', 'Nhật Đức Nguyễn', 'MH040', 'MATH908', 'Stand-alone responsive strategy', 4, 'HK001', 'Học kỳ 1 Năm học 2021-2022', 'LHP006', 4.83, 7.34, 9.21, 8.4, 'B+', 3.5, TRUE),
    (1221, 'HV296', '661171', 'Ông Thành Lê', 'MH013', 'KT202', 'Tài chính doanh nghiệp', 3, 'HK014', 'Học kỳ 2 Năm học 2025-2026', 'LHP075', 6.48, 6.96, 5.5, 5.89, 'C', 2.0, TRUE),
    (1222, 'HV015', '651880', 'Anh Nam Bùi', 'MH003', 'IT201', 'Cấu trúc dữ liệu và giải thuật', 4, 'HK009', 'Học kỳ hè Năm học 2023-2024', 'LHP007', 7.86, 8.42, 4.0, 5.27, 'D+', 1.5, TRUE),
    (1223, 'HV463', '673497', 'Tú Đức Bùi', 'MH021', 'QS201', 'Chiến thuật bộ binh', 3, 'HK008', 'Học kỳ 2 Năm học 2023-2024', 'LHP004', 9.53, 9.15, 6.45, 7.3, 'B', 3.0, TRUE),
    (1224, 'HV238', '661962', 'Ông Khoa Hoàng', 'MH015', 'NN101', 'Tiếng Anh cơ bản', 4, 'HK011', 'Học kỳ 2 Năm học 2024-2025', 'LHP019', 8.37, 5.93, 4.78, 5.37, 'D+', 1.5, TRUE),
    (1225, 'HV333', '677097', 'An Mai Bảo Mai', 'MH067', 'CS639', 'Customizable grid-enabled info-mediaries', 4, 'HK006', 'Học kỳ hè Năm học 2022-2023', 'LHP018', 8.08, 3.43, 5.03, 5.02, 'D+', 1.5, TRUE),
    (1226, 'HV259', '668561', 'Hạnh Đức Trần', 'MH006', 'IT301', 'Phát triển ứng dụng Web', 3, 'HK003', 'Học kỳ hè Năm học 2021-2022', 'LHP003', 6.44, 8.17, 7.27, 7.36, 'B', 3.0, TRUE),
    (1227, 'HV091', '661286', 'Ông Dũng Lê', 'MH073', 'CS219', 'Cross-platform client-server policy', 3, 'HK007', 'Học kỳ 1 Năm học 2023-2024', 'LHP105', 10, 5.54, 5.45, 5.92, 'C', 2.0, TRUE),
    (1228, 'HV195', '644696', 'Chi Nguyễn', 'MH034', 'MATH998', 'Networked intermediate data-warehouse', 3, 'HK014', 'Học kỳ 2 Năm học 2025-2026', 'LHP062', 8.2, 7.1, 8.3, 8.05, 'B+', 3.5, TRUE),
    (1229, 'HV482', '645758', 'Quý cô An Trần', 'MH068', 'CS441', 'Decentralized systemic productivity', 4, 'HK005', 'Học kỳ 2 Năm học 2022-2023', 'LHP105', 8.21, 7.2, 7.27, 7.35, 'B', 3.0, TRUE),
    (1230, 'HV277', '637780', 'Cô Thảo Hoàng', 'MH002', 'IT102', 'Lập trình cơ bản', 4, 'HK014', 'Học kỳ 2 Năm học 2025-2026', 'LHP119', 6.85, 8.89, 6.34, 6.9, 'C+', 2.5, TRUE),
    (1231, 'HV196', '635075', 'Quý cô Hương Trần', 'MH061', 'PHY563', 'Reactive intangible contingency', 4, 'HK006', 'Học kỳ hè Năm học 2022-2023', 'LHP013', 9.9, 8.44, 4.06, 5.52, 'C', 2.0, TRUE),
    (1232, 'HV030', '674776', 'Nam Thị Phạm', 'MH043', 'PHY829', 'Managed modular focus group', 2, 'HK007', 'Học kỳ 1 Năm học 2023-2024', 'LHP094', 9.41, 9.73, 4.36, 5.94, 'C', 2.0, TRUE),
    (1233, 'HV384', '651411', 'Vi Trần', 'MH021', 'QS201', 'Chiến thuật bộ binh', 3, 'HK014', 'Học kỳ 2 Năm học 2025-2026', 'LHP103', 7.69, 3.44, 4.14, 4.36, 'D', 1.0, FALSE),
    (1234, 'HV376', '648681', 'An Mai Bảo Mai', 'MH033', 'MATH371', 'Reactive fault-tolerant Internet solution', 4, 'HK001', 'Học kỳ 1 Năm học 2021-2022', 'LHP084', 5.23, 8.21, 9.05, 8.5, 'A', 4.0, TRUE),
    (1235, 'HV412', '641220', 'Hưng Đặng', 'MH078', 'CS712', 'Devolved uniform solution', 2, 'HK015', 'Học kỳ hè Năm học 2025-2026', 'LHP038', 5.8, 4.38, 7.75, 6.88, 'C+', 2.5, TRUE),
    (1236, 'HV099', '636086', 'Chị Duyên Nguyễn', 'MH031', 'CHEM492', 'Exclusive asynchronous alliance', 3, 'HK009', 'Học kỳ hè Năm học 2023-2024', 'LHP006', 7.99, 6.06, 7.82, 7.49, 'B', 3.0, TRUE),
    (1237, 'HV316', '656020', 'Kim Mai', 'MH034', 'MATH998', 'Networked intermediate data-warehouse', 3, 'HK003', 'Học kỳ hè Năm học 2021-2022', 'LHP094', 8.39, 6.21, 9.56, 8.78, 'A', 4.0, TRUE),
    (1238, 'HV164', '649930', 'Trung Vũ', 'MH034', 'MATH998', 'Networked intermediate data-warehouse', 3, 'HK005', 'Học kỳ 2 Năm học 2022-2023', 'LHP118', 8.35, 8.58, 5.82, 6.62, 'C+', 2.5, TRUE),
    (1239, 'HV020', '635421', 'Hà Nguyễn', 'MH018', 'NN202', 'Tiếng Trung cơ bản', 4, 'HK008', 'Học kỳ 2 Năm học 2023-2024', 'LHP092', 7.21, 8.03, 8.78, 8.47, 'B+', 3.5, TRUE),
    (1240, 'HV478', '639955', 'Thành Mai Bảo Nguyễn', 'MH065', 'MATH771', 'Digitized upward-trending emulation', 2, 'HK008', 'Học kỳ 2 Năm học 2023-2024', 'LHP103', 6.27, 9.12, 8.08, 8.11, 'B+', 3.5, TRUE),
    (1241, 'HV290', '659783', 'Anh Hoàng Bùi', 'MH029', 'CS728', 'Fundamental incremental synergy', 2, 'HK008', 'Học kỳ 2 Năm học 2023-2024', 'LHP075', 6.02, 9.1, 3.86, 5.12, 'D+', 1.5, TRUE),
    (1242, 'HV318', '658767', 'Chị Bảo Bùi', 'MH006', 'IT301', 'Phát triển ứng dụng Web', 3, 'HK009', 'Học kỳ hè Năm học 2023-2024', 'LHP112', 8.51, 7.01, 8.93, 8.5, 'A', 4.0, TRUE),
    (1243, 'HV257', '642760', 'Ông Thành Hoàng', 'MH040', 'MATH908', 'Stand-alone responsive strategy', 4, 'HK003', 'Học kỳ hè Năm học 2021-2022', 'LHP084', 6.65, 9.79, 2.92, 4.67, 'D', 1.0, FALSE),
    (1244, 'HV317', '651341', 'Lâm Hải Lê', 'MH012', 'KT201', 'Nguyên lý kế toán', 4, 'HK014', 'Học kỳ 2 Năm học 2025-2026', 'LHP095', 7.09, 8.51, 6.29, 6.81, 'C+', 2.5, TRUE),
    (1245, 'HV393', '633722', 'Mai Lê', 'MH016', 'NN102', 'Tiếng Anh học thuật', 3, 'HK008', 'Học kỳ 2 Năm học 2023-2024', 'LHP054', 6.44, 10, 7.55, 7.93, 'B', 3.0, TRUE),
    (1246, 'HV451', '655949', 'Lâm Trí Phạm', 'MH069', 'CHEM272', 'Mandatory value-added moratorium', 4, 'HK011', 'Học kỳ 2 Năm học 2024-2025', 'LHP082', 7.88, 7.69, 6.69, 7.01, 'B', 3.0, TRUE),
    (1247, 'HV111', '666302', 'Tú Vũ', 'MH047', 'CS612', 'Automated 4thgeneration strategy', 4, 'HK011', 'Học kỳ 2 Năm học 2024-2025', 'LHP095', 6.96, 4.2, 5.81, 5.6, 'C', 2.0, TRUE),
    (1248, 'HV322', '639030', 'Cô Phương Dương', 'MH037', 'CHEM420', 'User-centric intermediate approach', 3, 'HK009', 'Học kỳ hè Năm học 2023-2024', 'LHP108', 8.36, 8.0, 4.6, 5.66, 'C', 2.0, TRUE),
    (1249, 'HV100', '656334', 'Bác Vũ Nguyễn', 'MH007', 'IT302', 'Trí tuệ nhân tạo', 3, 'HK002', 'Học kỳ 2 Năm học 2021-2022', 'LHP008', 8.33, 5.26, 8.5, 7.83, 'B', 3.0, TRUE),
    (1250, 'HV109', '644454', 'Phúc Trần', 'MH042', 'CS898', 'Phased cohesive initiative', 3, 'HK015', 'Học kỳ hè Năm học 2025-2026', 'LHP111', 9.93, 4.03, 4.3, 4.81, 'D', 1.0, FALSE),
    (1251, 'HV469', '654805', 'Phương Trần', 'MH066', 'MATH808', 'User-friendly eco-centric framework', 4, 'HK007', 'Học kỳ 1 Năm học 2023-2024', 'LHP072', 10, 9.12, 3.47, 5.26, 'D+', 1.5, TRUE),
    (1252, 'HV195', '644696', 'Chi Nguyễn', 'MH055', 'PHY749', 'Profit-focused methodical software', 3, 'HK013', 'Học kỳ 1 Năm học 2025-2026', 'LHP015', 6.27, 8.67, 4.26, 5.34, 'D+', 1.5, TRUE),
    (1253, 'HV280', '662141', 'Anh Văn Hoàng', 'MH044', 'CS575', 'Enhanced 24/7 leverage', 3, 'HK003', 'Học kỳ hè Năm học 2021-2022', 'LHP019', 7.93, 4.57, 3.61, 4.23, 'D', 1.0, FALSE),
    (1254, 'HV300', '631324', 'Anh Thành Hoàng', 'MH022', 'QS202', 'Kỹ thuật quân sự', 3, 'HK006', 'Học kỳ hè Năm học 2022-2023', 'LHP015', 8.85, 6.24, 5.95, 6.3, 'C+', 2.5, TRUE),
    (1255, 'HV373', '632080', 'Trọng Thế Mai', 'MH047', 'CS612', 'Automated 4thgeneration strategy', 4, 'HK002', 'Học kỳ 2 Năm học 2021-2022', 'LHP093', 8.41, 6.47, 10, 9.14, 'A+', 4.0, TRUE),
    (1256, 'HV098', '665895', 'Chị Thảo Mai', 'MH008', 'IT303', 'Học máy', 3, 'HK005', 'Học kỳ 2 Năm học 2022-2023', 'LHP009', 6.45, 4.35, 3.29, 3.82, 'F', 0.0, FALSE),
    (1257, 'HV150', '663228', 'Hà Mai', 'MH012', 'KT201', 'Nguyên lý kế toán', 4, 'HK006', 'Học kỳ hè Năm học 2022-2023', 'LHP114', 6.71, 4.85, 4.45, 4.76, 'D', 1.0, FALSE),
    (1258, 'HV250', '646612', 'Nhật Trần', 'MH074', 'PHY418', 'Centralized leadingedge knowledge user', 4, 'HK014', 'Học kỳ 2 Năm học 2025-2026', 'LHP119', 6.99, 4.92, 9.82, 8.56, 'A', 4.0, TRUE),
    (1259, 'HV477', '674649', 'Dương Phạm', 'MH039', 'PHY188', 'Horizontal well-modulated circuit', 3, 'HK013', 'Học kỳ 1 Năm học 2025-2026', 'LHP093', 8.93, 6.33, 4.22, 5.11, 'D+', 1.5, TRUE),
    (1260, 'HV283', '638263', 'Anh Hoàng Lê', 'MH046', 'CHEM667', 'Synergized bottom-line monitoring', 4, 'HK015', 'Học kỳ hè Năm học 2025-2026', 'LHP012', 8.99, 4.5, 3.48, 4.23, 'D', 1.0, FALSE),
    (1261, 'HV200', '677663', 'Phương Thế Mai', 'MH034', 'MATH998', 'Networked intermediate data-warehouse', 3, 'HK007', 'Học kỳ 1 Năm học 2023-2024', 'LHP044', 6.93, 8.49, 5.96, 6.57, 'C+', 2.5, TRUE),
    (1262, 'HV283', '638263', 'Anh Hoàng Lê', 'MH050', 'CS774', 'Face-to-face global parallelism', 3, 'HK012', 'Học kỳ hè Năm học 2024-2025', 'LHP109', 6.93, 6.72, 8.44, 7.94, 'B', 3.0, TRUE),
    (1263, 'HV203', '657107', 'Quý cô Lâm Dương', 'MH064', 'CS960', 'Synchronized real-time budgetary management', 2, 'HK010', 'Học kỳ 1 Năm học 2024-2025', 'LHP062', 6.79, 9.39, 4.34, 5.6, 'C', 2.0, TRUE),
    (1264, 'HV301', '662008', 'Chi Đặng', 'MH055', 'PHY749', 'Profit-focused methodical software', 3, 'HK012', 'Học kỳ hè Năm học 2024-2025', 'LHP032', 6.69, 4.22, 5.03, 5.04, 'D+', 1.5, TRUE),
    (1265, 'HV193', '675919', 'Thành Đức Mai', 'MH010', 'KT101', 'Kinh tế vi mô', 3, 'HK014', 'Học kỳ 2 Năm học 2025-2026', 'LHP020', 9.43, 6.15, 6.07, 6.42, 'C+', 2.5, TRUE),
    (1266, 'HV384', '651411', 'Vi Trần', 'MH073', 'CS219', 'Cross-platform client-server policy', 3, 'HK006', 'Học kỳ hè Năm học 2022-2023', 'LHP076', 5.51, 9.68, 5.99, 6.68, 'C+', 2.5, TRUE),
    (1267, 'HV417', '646305', 'Trọng Bùi', 'MH047', 'CS612', 'Automated 4thgeneration strategy', 4, 'HK007', 'Học kỳ 1 Năm học 2023-2024', 'LHP049', 7.65, 7.81, 4.33, 5.36, 'D+', 1.5, TRUE),
    (1268, 'HV450', '637871', 'Huy Quang Đặng', 'MH073', 'CS219', 'Cross-platform client-server policy', 3, 'HK009', 'Học kỳ hè Năm học 2023-2024', 'LHP053', 8.44, 4.8, 6.98, 6.69, 'C+', 2.5, TRUE),
    (1269, 'HV145', '668875', 'Quý cô Nhật Bùi', 'MH046', 'CHEM667', 'Synergized bottom-line monitoring', 4, 'HK004', 'Học kỳ 1 Năm học 2022-2023', 'LHP049', 7.67, 6.55, 7.87, 7.59, 'B', 3.0, TRUE),
    (1270, 'HV106', '642692', 'Cô Hải Dương', 'MH054', 'MATH608', 'Organic background conglomeration', 2, 'HK002', 'Học kỳ 2 Năm học 2021-2022', 'LHP066', 7.64, 3.94, 4.23, 4.52, 'D', 1.0, FALSE),
    (1271, 'HV089', '659817', 'Bác Tùng Nguyễn', 'MH077', 'CS623', 'Business-focused empowering concept', 4, 'HK007', 'Học kỳ 1 Năm học 2023-2024', 'LHP118', 9.35, 8.2, 9.54, 9.26, 'A+', 4.0, TRUE),
    (1272, 'HV398', '647236', 'Dương Hoàng', 'MH067', 'CS639', 'Customizable grid-enabled info-mediaries', 4, 'HK001', 'Học kỳ 1 Năm học 2021-2022', 'LHP024', 8.09, 3.58, 10, 8.52, 'A', 4.0, TRUE),
    (1273, 'HV393', '633722', 'Mai Lê', 'MH027', 'CHEM106', 'Down-sized methodical flexibility', 3, 'HK011', 'Học kỳ 2 Năm học 2024-2025', 'LHP040', 7.1, 8.99, 10, 9.51, 'A+', 4.0, TRUE),
    (1274, 'HV379', '633130', 'Bác Tùng Bùi', 'MH002', 'IT102', 'Lập trình cơ bản', 4, 'HK012', 'Học kỳ hè Năm học 2024-2025', 'LHP029', 6.28, 9.76, 9.94, 9.54, 'A+', 4.0, TRUE),
    (1275, 'HV218', '666543', 'Hà Trí Mai', 'MH004', 'IT202', 'Cơ sở dữ liệu', 3, 'HK012', 'Học kỳ hè Năm học 2024-2025', 'LHP093', 8.9, 10, 4.87, 6.3, 'C+', 2.5, TRUE),
    (1276, 'HV166', '639496', 'Mai Hoàng', 'MH056', 'MATH569', 'Secured client-driven database', 3, 'HK004', 'Học kỳ 1 Năm học 2022-2023', 'LHP030', 4.57, 7.53, 9.71, 8.76, 'A', 4.0, TRUE),
    (1277, 'HV338', '661620', 'Kim Đức Mai', 'MH045', 'CS718', 'Face-to-face bandwidth-monitored encoding', 2, 'HK004', 'Học kỳ 1 Năm học 2022-2023', 'LHP044', 5.8, 7.79, 7.23, 7.2, 'B', 3.0, TRUE),
    (1278, 'HV304', '653929', 'Quý cô Nhật Đặng', 'MH034', 'MATH998', 'Networked intermediate data-warehouse', 3, 'HK011', 'Học kỳ 2 Năm học 2024-2025', 'LHP054', 6.78, 5.47, 8.05, 7.41, 'B', 3.0, TRUE),
    (1279, 'HV282', '672806', 'Bác Phúc Mai', 'MH056', 'MATH569', 'Secured client-driven database', 3, 'HK003', 'Học kỳ hè Năm học 2021-2022', 'LHP092', 4.9, 5.31, 3.11, 3.73, 'F', 0.0, FALSE),
    (1280, 'HV078', '634047', 'Thành Đức Hoàng', 'MH057', 'CS148', 'Versatile modular complexity', 2, 'HK015', 'Học kỳ hè Năm học 2025-2026', 'LHP021', 5.98, 7.2, 9.02, 8.35, 'B+', 3.5, TRUE),
    (1281, 'HV240', '663639', 'Kim Mai Bảo Hoàng', 'MH068', 'CS441', 'Decentralized systemic productivity', 4, 'HK014', 'Học kỳ 2 Năm học 2025-2026', 'LHP119', 9.88, 9.91, 5.77, 7.01, 'B', 3.0, TRUE),
    (1282, 'HV339', '672442', 'Hoàng Hữu Bùi', 'MH063', 'MATH935', 'Implemented even-keeled complexity', 2, 'HK005', 'Học kỳ 2 Năm học 2022-2023', 'LHP052', 9.72, 4.33, 8.25, 7.61, 'B', 3.0, TRUE),
    (1283, 'HV465', '673308', 'Quý cô Ánh Hoàng', 'MH055', 'PHY749', 'Profit-focused methodical software', 3, 'HK005', 'Học kỳ 2 Năm học 2022-2023', 'LHP011', 9.12, 10, 9.12, 9.3, 'A+', 4.0, TRUE),
    (1284, 'HV396', '673844', 'Ánh Mai', 'MH078', 'CS712', 'Devolved uniform solution', 2, 'HK003', 'Học kỳ hè Năm học 2021-2022', 'LHP011', 5.45, 4.43, 7.28, 6.53, 'C+', 2.5, TRUE),
    (1285, 'HV010', '676918', 'Quý cô Lan Trần', 'MH058', 'MATH105', 'Proactive global hub', 3, 'HK009', 'Học kỳ hè Năm học 2023-2024', 'LHP117', 6.98, 9.01, 10, 9.5, 'A+', 4.0, TRUE),
    (1286, 'HV063', '649470', 'Nhật Thế Trần', 'MH059', 'CS958', 'De-engineered zero tolerance neural-net', 4, 'HK004', 'Học kỳ 1 Năm học 2022-2023', 'LHP086', 4.88, 5.74, 6.87, 6.45, 'C+', 2.5, TRUE),
    (1287, 'HV499', '671417', 'Kim Hoàng', 'MH046', 'CHEM667', 'Synergized bottom-line monitoring', 4, 'HK002', 'Học kỳ 2 Năm học 2021-2022', 'LHP082', 8.58, 4.27, 4.56, 4.91, 'D', 1.0, FALSE),
    (1288, 'HV092', '633693', 'Nhật Trần', 'MH080', 'PHY434', 'Operative responsive project', 3, 'HK008', 'Học kỳ 2 Năm học 2023-2024', 'LHP074', 6.44, 9.42, 9.54, 9.21, 'A+', 4.0, TRUE),
    (1289, 'HV473', '651293', 'Bà Yến Mai', 'MH029', 'CS728', 'Fundamental incremental synergy', 2, 'HK014', 'Học kỳ 2 Năm học 2025-2026', 'LHP063', 10, 8.58, 6.41, 7.21, 'B', 3.0, TRUE),
    (1290, 'HV059', '631251', 'Khoa Mai', 'MH078', 'CS712', 'Devolved uniform solution', 2, 'HK004', 'Học kỳ 1 Năm học 2022-2023', 'LHP109', 4.39, 7.65, 4.9, 5.4, 'D+', 1.5, TRUE),
    (1291, 'HV242', '643087', 'Nhật Lê', 'MH004', 'IT202', 'Cơ sở dữ liệu', 3, 'HK006', 'Học kỳ hè Năm học 2022-2023', 'LHP013', 4.71, 5.14, 7.13, 6.49, 'C+', 2.5, TRUE),
    (1292, 'HV180', '678233', 'Quý cô Hải Mai', 'MH059', 'CS958', 'De-engineered zero tolerance neural-net', 4, 'HK007', 'Học kỳ 1 Năm học 2023-2024', 'LHP092', 5.38, 8.35, 4.16, 5.12, 'D+', 1.5, TRUE),
    (1293, 'HV034', '649060', 'Bảo Bảo Hoàng', 'MH019', 'QS101', 'Giáo dục Quốc phòng', 2, 'HK007', 'Học kỳ 1 Năm học 2023-2024', 'LHP002', 5.56, 6.89, 9.16, 8.34, 'B+', 3.5, TRUE),
    (1294, 'HV273', '638248', 'Nhật Dương', 'MH042', 'CS898', 'Phased cohesive initiative', 3, 'HK008', 'Học kỳ 2 Năm học 2023-2024', 'LHP039', 9.46, 3.49, 6.79, 6.4, 'C+', 2.5, TRUE),
    (1295, 'HV333', '677097', 'An Mai Bảo Mai', 'MH004', 'IT202', 'Cơ sở dữ liệu', 3, 'HK014', 'Học kỳ 2 Năm học 2025-2026', 'LHP091', 6.28, 6.74, 7.84, 7.46, 'B', 3.0, TRUE),
    (1296, 'HV304', '653929', 'Quý cô Nhật Đặng', 'MH020', 'QS102', 'Điều lệnh Quân đội', 2, 'HK003', 'Học kỳ hè Năm học 2021-2022', 'LHP042', 9.22, 8.36, 7.56, 7.88, 'B', 3.0, TRUE),
    (1297, 'HV403', '635310', 'Bảo Hải Mai', 'MH028', 'CS900', 'Ergonomic demand-driven capacity', 4, 'HK005', 'Học kỳ 2 Năm học 2022-2023', 'LHP045', 7.25, 5.38, 7.89, 7.33, 'B', 3.0, TRUE),
    (1298, 'HV109', '644454', 'Phúc Trần', 'MH003', 'IT201', 'Cấu trúc dữ liệu và giải thuật', 4, 'HK015', 'Học kỳ hè Năm học 2025-2026', 'LHP115', 7.24, 4.22, 2.87, 3.58, 'F', 0.0, FALSE),
    (1299, 'HV444', '645462', 'Lâm Hoàng Vũ', 'MH067', 'CS639', 'Customizable grid-enabled info-mediaries', 4, 'HK002', 'Học kỳ 2 Năm học 2021-2022', 'LHP041', 7.32, 10, 6.63, 7.37, 'B', 3.0, TRUE),
    (1300, 'HV050', '634303', 'Cô Thành Vũ', 'MH049', 'PHY904', 'Re-engineered context-sensitive interface', 4, 'HK005', 'Học kỳ 2 Năm học 2022-2023', 'LHP108', 6.8, 10, 4.64, 5.93, 'C', 2.0, TRUE),
    (1301, 'HV319', '679953', 'Anh Châu Nguyễn', 'MH041', 'CS382', 'Seamless context-sensitive infrastructure', 4, 'HK008', 'Học kỳ 2 Năm học 2023-2024', 'LHP053', 5.7, 6.31, 7.58, 7.14, 'B', 3.0, TRUE),
    (1302, 'HV113', '671153', 'Lâm Mai', 'MH031', 'CHEM492', 'Exclusive asynchronous alliance', 3, 'HK004', 'Học kỳ 1 Năm học 2022-2023', 'LHP051', 4.7, 6.72, 2.89, 3.84, 'F', 0.0, FALSE),
    (1303, 'HV341', '652904', 'Hoàng Đặng', 'MH046', 'CHEM667', 'Synergized bottom-line monitoring', 4, 'HK011', 'Học kỳ 2 Năm học 2024-2025', 'LHP031', 8.28, 5.09, 5.16, 5.46, 'D+', 1.5, TRUE),
    (1304, 'HV131', '651743', 'Chị Ánh Bùi', 'MH059', 'CS958', 'De-engineered zero tolerance neural-net', 4, 'HK012', 'Học kỳ hè Năm học 2024-2025', 'LHP025', 7.09, 9.69, 8.25, 8.42, 'B+', 3.5, TRUE),
    (1305, 'HV293', '632218', 'An Hải Đặng', 'MH065', 'MATH771', 'Digitized upward-trending emulation', 2, 'HK004', 'Học kỳ 1 Năm học 2022-2023', 'LHP083', 5.86, 6.77, 5.06, 5.48, 'D+', 1.5, TRUE),
    (1306, 'HV307', '645121', 'Minh Thế Dương', 'MH063', 'MATH935', 'Implemented even-keeled complexity', 2, 'HK003', 'Học kỳ hè Năm học 2021-2022', 'LHP026', 9.67, 7.52, 3.48, 4.91, 'D', 1.0, FALSE),
    (1307, 'HV033', '671525', 'Huy Đức Đặng', 'MH034', 'MATH998', 'Networked intermediate data-warehouse', 3, 'HK015', 'Học kỳ hè Năm học 2025-2026', 'LHP112', 8.81, 9.4, 9.48, 9.39, 'A+', 4.0, TRUE),
    (1308, 'HV344', '636695', 'Kim Phạm', 'MH001', 'IT101', 'Nhập môn Công nghệ thông tin', 3, 'HK010', 'Học kỳ 1 Năm học 2024-2025', 'LHP116', 8.02, 7.57, 4.81, 5.68, 'C', 2.0, TRUE),
    (1309, 'HV361', '662682', 'An Đặng', 'MH020', 'QS102', 'Điều lệnh Quân đội', 2, 'HK004', 'Học kỳ 1 Năm học 2022-2023', 'LHP011', 4.68, 4.58, 7.47, 6.61, 'C+', 2.5, TRUE),
    (1310, 'HV353', '668916', 'Ông Nam Dương', 'MH033', 'MATH371', 'Reactive fault-tolerant Internet solution', 4, 'HK009', 'Học kỳ hè Năm học 2023-2024', 'LHP053', 9.13, 6.41, 4.27, 5.18, 'D+', 1.5, TRUE),
    (1311, 'HV286', '641030', 'Kim Hải Trần', 'MH022', 'QS202', 'Kỹ thuật quân sự', 3, 'HK012', 'Học kỳ hè Năm học 2024-2025', 'LHP106', 5.74, 5.43, 5.73, 5.67, 'C', 2.0, TRUE),
    (1312, 'HV190', '645684', 'Linh Bùi', 'MH029', 'CS728', 'Fundamental incremental synergy', 2, 'HK007', 'Học kỳ 1 Năm học 2023-2024', 'LHP106', 5.89, 9.9, 2.67, 4.44, 'D', 1.0, FALSE),
    (1313, 'HV186', '652306', 'Hải Bảo Dương', 'MH036', 'CS430', 'Stand-alone national project', 2, 'HK011', 'Học kỳ 2 Năm học 2024-2025', 'LHP068', 6.72, 7.81, 5.23, 5.9, 'C', 2.0, TRUE),
    (1314, 'HV273', '638248', 'Nhật Dương', 'MH027', 'CHEM106', 'Down-sized methodical flexibility', 3, 'HK004', 'Học kỳ 1 Năm học 2022-2023', 'LHP090', 6.92, 9.33, 3.84, 5.24, 'D+', 1.5, TRUE),
    (1315, 'HV203', '657107', 'Quý cô Lâm Dương', 'MH040', 'MATH908', 'Stand-alone responsive strategy', 4, 'HK011', 'Học kỳ 2 Năm học 2024-2025', 'LHP083', 6.33, 5.93, 3.71, 4.42, 'D', 1.0, FALSE),
    (1316, 'HV405', '663284', 'Xuân Vũ', 'MH023', 'CS428', 'Robust system-worthy benchmark', 2, 'HK003', 'Học kỳ hè Năm học 2021-2022', 'LHP048', 5.23, 8.15, 6.62, 6.79, 'C+', 2.5, TRUE),
    (1317, 'HV419', '645058', 'Châu Hữu Bùi', 'MH073', 'CS219', 'Cross-platform client-server policy', 3, 'HK009', 'Học kỳ hè Năm học 2023-2024', 'LHP095', 5.62, 8.24, 3.4, 4.59, 'D', 1.0, FALSE),
    (1318, 'HV410', '673799', 'Hà Đặng', 'MH029', 'CS728', 'Fundamental incremental synergy', 2, 'HK006', 'Học kỳ hè Năm học 2022-2023', 'LHP047', 6.89, 8.2, 10, 9.33, 'A+', 4.0, TRUE),
    (1319, 'HV120', '638342', 'Bà Bảo Mai', 'MH010', 'KT101', 'Kinh tế vi mô', 3, 'HK013', 'Học kỳ 1 Năm học 2025-2026', 'LHP086', 4.52, 5.76, 5.39, 5.38, 'D+', 1.5, TRUE),
    (1320, 'HV180', '678233', 'Quý cô Hải Mai', 'MH008', 'IT303', 'Học máy', 3, 'HK014', 'Học kỳ 2 Năm học 2025-2026', 'LHP087', 7.94, 8.39, 4.67, 5.74, 'C', 2.0, TRUE),
    (1321, 'HV297', '661961', 'Vân Mai', 'MH008', 'IT303', 'Học máy', 3, 'HK006', 'Học kỳ hè Năm học 2022-2023', 'LHP074', 7.81, 7.93, 3.63, 4.91, 'D', 1.0, FALSE),
    (1322, 'HV050', '634303', 'Cô Thành Vũ', 'MH053', 'MATH862', 'Quality-focused local Graphic Interface', 4, 'HK006', 'Học kỳ hè Năm học 2022-2023', 'LHP100', 5.31, 9.63, 5.84, 6.55, 'C+', 2.5, TRUE),
    (1323, 'HV483', '678743', 'Bà Vi Dương', 'MH043', 'PHY829', 'Managed modular focus group', 2, 'HK008', 'Học kỳ 2 Năm học 2023-2024', 'LHP047', 6.23, 8.81, 8.87, 8.59, 'A', 4.0, TRUE),
    (1324, 'HV194', '634066', 'Nhật Dương', 'MH016', 'NN102', 'Tiếng Anh học thuật', 3, 'HK011', 'Học kỳ 2 Năm học 2024-2025', 'LHP111', 4.87, 9.23, 6.59, 6.95, 'C+', 2.5, TRUE),
    (1325, 'HV258', '636392', 'Phương Lê', 'MH048', 'CHEM889', 'Centralized systemic policy', 4, 'HK002', 'Học kỳ 2 Năm học 2021-2022', 'LHP089', 4.84, 5.23, 4.6, 4.75, 'D', 1.0, FALSE),
    (1326, 'HV464', '642943', 'Nhật Đức Nguyễn', 'MH059', 'CS958', 'De-engineered zero tolerance neural-net', 4, 'HK013', 'Học kỳ 1 Năm học 2025-2026', 'LHP017', 7.97, 4.4, 7.11, 6.66, 'C+', 2.5, TRUE),
    (1327, 'HV093', '642292', 'Thành Đức Dương', 'MH044', 'CS575', 'Enhanced 24/7 leverage', 3, 'HK001', 'Học kỳ 1 Năm học 2021-2022', 'LHP076', 8.48, 5.22, 6.57, 6.49, 'C+', 2.5, TRUE),
    (1328, 'HV491', '657237', 'Quý cô Lâm Vũ', 'MH012', 'KT201', 'Nguyên lý kế toán', 4, 'HK006', 'Học kỳ hè Năm học 2022-2023', 'LHP114', 6.85, 5.57, 5.95, 5.97, 'C', 2.0, TRUE),
    (1329, 'HV326', '633420', 'Lâm Đặng', 'MH059', 'CS958', 'De-engineered zero tolerance neural-net', 4, 'HK002', 'Học kỳ 2 Năm học 2021-2022', 'LHP094', 6.89, 4.4, 8.48, 7.51, 'B', 3.0, TRUE),
    (1330, 'HV489', '634143', 'Hoàng Bùi', 'MH031', 'CHEM492', 'Exclusive asynchronous alliance', 3, 'HK010', 'Học kỳ 1 Năm học 2024-2025', 'LHP100', 6.9, 8.77, 5.54, 6.32, 'C+', 2.5, TRUE),
    (1331, 'HV155', '657938', 'Quý cô Vi Bùi', 'MH050', 'CS774', 'Face-to-face global parallelism', 3, 'HK015', 'Học kỳ hè Năm học 2025-2026', 'LHP099', 9.19, 4.6, 10, 8.84, 'A', 4.0, TRUE),
    (1332, 'HV087', '658333', 'Dương Dương', 'MH006', 'IT301', 'Phát triển ứng dụng Web', 3, 'HK015', 'Học kỳ hè Năm học 2025-2026', 'LHP089', 5.41, 3.91, 3.8, 3.98, 'F', 0.0, FALSE),
    (1333, 'HV444', '645462', 'Lâm Hoàng Vũ', 'MH005', 'IT203', 'Mạng máy tính', 3, 'HK004', 'Học kỳ 1 Năm học 2022-2023', 'LHP037', 4.86, 8.58, 8.1, 7.87, 'B', 3.0, TRUE),
    (1334, 'HV477', '674649', 'Dương Phạm', 'MH033', 'MATH371', 'Reactive fault-tolerant Internet solution', 4, 'HK001', 'Học kỳ 1 Năm học 2021-2022', 'LHP105', 9.59, 6.73, 4.06, 5.15, 'D+', 1.5, TRUE),
    (1335, 'HV215', '675695', 'Hưng Vũ', 'MH034', 'MATH998', 'Networked intermediate data-warehouse', 3, 'HK008', 'Học kỳ 2 Năm học 2023-2024', 'LHP072', 6.21, 7.98, 8.88, 8.44, 'B+', 3.5, TRUE),
    (1336, 'HV002', '655860', 'Vân Dương', 'MH005', 'IT203', 'Mạng máy tính', 3, 'HK006', 'Học kỳ hè Năm học 2022-2023', 'LHP095', 9.51, 7.48, 4.19, 5.38, 'D+', 1.5, TRUE),
    (1337, 'HV356', '653559', 'Chị Thành Đặng', 'MH060', 'PHY835', 'Synergistic mobile analyzer', 4, 'HK009', 'Học kỳ hè Năm học 2023-2024', 'LHP060', 5.53, 4.56, 5.43, 5.27, 'D+', 1.5, TRUE),
    (1338, 'HV372', '633148', 'Hạnh Thị Dương', 'MH045', 'CS718', 'Face-to-face bandwidth-monitored encoding', 2, 'HK001', 'Học kỳ 1 Năm học 2021-2022', 'LHP107', 7.53, 5.53, 6.01, 6.07, 'C+', 2.5, TRUE),
    (1339, 'HV151', '631616', 'Cô Lâm Dương', 'MH054', 'MATH608', 'Organic background conglomeration', 2, 'HK008', 'Học kỳ 2 Năm học 2023-2024', 'LHP106', 10, 7.24, 4.17, 5.37, 'D+', 1.5, TRUE),
    (1340, 'HV428', '635074', 'Chị Hà Dương', 'MH060', 'PHY835', 'Synergistic mobile analyzer', 4, 'HK013', 'Học kỳ 1 Năm học 2025-2026', 'LHP080', 5.98, 4.43, 8.58, 7.49, 'B', 3.0, TRUE),
    (1341, 'HV214', '662754', 'Nhật Phạm', 'MH008', 'IT303', 'Học máy', 3, 'HK003', 'Học kỳ hè Năm học 2021-2022', 'LHP065', 10, 7.92, 9.9, 9.51, 'A+', 4.0, TRUE),
    (1342, 'HV068', '653439', 'Nam Bảo Lê', 'MH056', 'MATH569', 'Secured client-driven database', 3, 'HK012', 'Học kỳ hè Năm học 2024-2025', 'LHP020', 5.89, 5.48, 7.33, 6.82, 'C+', 2.5, TRUE),
    (1343, 'HV418', '646827', 'Vân Bùi', 'MH012', 'KT201', 'Nguyên lý kế toán', 4, 'HK009', 'Học kỳ hè Năm học 2023-2024', 'LHP109', 7.34, 3.64, 9.63, 8.2, 'B+', 3.5, TRUE),
    (1344, 'HV183', '635914', 'Anh Anh Đặng', 'MH030', 'MATH559', 'Cross-group 24hour knowledge user', 4, 'HK002', 'Học kỳ 2 Năm học 2021-2022', 'LHP094', 6.94, 5.35, 5.53, 5.64, 'C', 2.0, TRUE),
    (1345, 'HV021', '652360', 'Ông Thành Bùi', 'MH061', 'PHY563', 'Reactive intangible contingency', 4, 'HK011', 'Học kỳ 2 Năm học 2024-2025', 'LHP112', 6.43, 7.93, 2.92, 4.28, 'D', 1.0, FALSE),
    (1346, 'HV121', '632322', 'Tùng Văn Phạm', 'MH052', 'CHEM184', 'Automated heuristic pricing structure', 4, 'HK005', 'Học kỳ 2 Năm học 2022-2023', 'LHP076', 5.92, 6.81, 9.86, 8.86, 'A', 4.0, TRUE),
    (1347, 'HV107', '638936', 'Hạnh Hữu Bùi', 'MH024', 'PHY887', 'Progressive encompassing model', 4, 'HK014', 'Học kỳ 2 Năm học 2025-2026', 'LHP039', 4.62, 3.76, 5.94, 5.38, 'D+', 1.5, TRUE),
    (1348, 'HV319', '679953', 'Anh Châu Nguyễn', 'MH021', 'QS201', 'Chiến thuật bộ binh', 3, 'HK001', 'Học kỳ 1 Năm học 2021-2022', 'LHP068', 5.1, 8.39, 6.66, 6.85, 'C+', 2.5, TRUE),
    (1349, 'HV376', '648681', 'An Mai Bảo Mai', 'MH049', 'PHY904', 'Re-engineered context-sensitive interface', 4, 'HK007', 'Học kỳ 1 Năm học 2023-2024', 'LHP079', 5.09, 5.21, 7.88, 7.06, 'B', 3.0, TRUE),
    (1350, 'HV400', '661469', 'Linh Hoàng', 'MH071', 'CHEM141', 'Re-contextualized global open system', 3, 'HK014', 'Học kỳ 2 Năm học 2025-2026', 'LHP119', 9.54, 8.3, 9.51, 9.27, 'A+', 4.0, TRUE),
    (1351, 'HV136', '644497', 'Thành Vũ', 'MH048', 'CHEM889', 'Centralized systemic policy', 4, 'HK012', 'Học kỳ hè Năm học 2024-2025', 'LHP018', 7.51, 4.79, 9.22, 8.16, 'B+', 3.5, TRUE),
    (1352, 'HV194', '634066', 'Nhật Dương', 'MH002', 'IT102', 'Lập trình cơ bản', 4, 'HK003', 'Học kỳ hè Năm học 2021-2022', 'LHP026', 7.37, 9.61, 7.2, 7.7, 'B', 3.0, TRUE),
    (1353, 'HV339', '672442', 'Hoàng Hữu Bùi', 'MH076', 'CHEM207', 'Vision-oriented empowering parallelism', 2, 'HK010', 'Học kỳ 1 Năm học 2024-2025', 'LHP009', 9.74, 5.25, 7.48, 7.26, 'B', 3.0, TRUE),
    (1354, 'HV036', '644807', 'Quý cô Vi Nguyễn', 'MH042', 'CS898', 'Phased cohesive initiative', 3, 'HK001', 'Học kỳ 1 Năm học 2021-2022', 'LHP062', 5.1, 7.47, 3.22, 4.26, 'D', 1.0, FALSE),
    (1355, 'HV016', '646366', 'Chị Dương Vũ', 'MH042', 'CS898', 'Phased cohesive initiative', 3, 'HK014', 'Học kỳ 2 Năm học 2025-2026', 'LHP118', 7.65, 5.34, 9.26, 8.31, 'B+', 3.5, TRUE),
    (1356, 'HV447', '632158', 'Quý cô Thảo Mai', 'MH025', 'PHY546', 'Function-based intangible product', 4, 'HK004', 'Học kỳ 1 Năm học 2022-2023', 'LHP016', 8.87, 6.98, 6.81, 7.05, 'B', 3.0, TRUE),
    (1357, 'HV307', '645121', 'Minh Thế Dương', 'MH047', 'CS612', 'Automated 4thgeneration strategy', 4, 'HK010', 'Học kỳ 1 Năm học 2024-2025', 'LHP010', 6.07, 7.55, 5.94, 6.28, 'C+', 2.5, TRUE),
    (1358, 'HV409', '666672', 'Yến Đặng', 'MH061', 'PHY563', 'Reactive intangible contingency', 4, 'HK013', 'Học kỳ 1 Năm học 2025-2026', 'LHP036', 9.3, 10, 7.45, 8.14, 'B+', 3.5, TRUE),
    (1359, 'HV219', '638971', 'Phương Phú Bùi', 'MH057', 'CS148', 'Versatile modular complexity', 2, 'HK008', 'Học kỳ 2 Năm học 2023-2024', 'LHP120', 7.96, 6.52, 9.4, 8.68, 'A', 4.0, TRUE),
    (1360, 'HV247', '644453', 'Chị Nhật Mai', 'MH062', 'CHEM292', 'Sharable fault-tolerant implementation', 3, 'HK013', 'Học kỳ 1 Năm học 2025-2026', 'LHP116', 8.65, 9.11, 5.55, 6.57, 'C+', 2.5, TRUE),
    (1361, 'HV159', '657214', 'Chị Hải Nguyễn', 'MH032', 'CS758', 'Inverse maximized forecast', 4, 'HK005', 'Học kỳ 2 Năm học 2022-2023', 'LHP064', 7.88, 6.81, 3.47, 4.58, 'D', 1.0, FALSE),
    (1362, 'HV374', '646491', 'Bảo Lê', 'MH054', 'MATH608', 'Organic background conglomeration', 2, 'HK010', 'Học kỳ 1 Năm học 2024-2025', 'LHP049', 6.21, 7.58, 3.04, 4.27, 'D', 1.0, FALSE),
    (1363, 'HV004', '679528', 'Bà Chi Bùi', 'MH046', 'CHEM667', 'Synergized bottom-line monitoring', 4, 'HK003', 'Học kỳ hè Năm học 2021-2022', 'LHP077', 10, 4.29, 5.81, 5.92, 'C', 2.0, TRUE),
    (1364, 'HV062', '645286', 'Anh Hoàng Hoàng', 'MH068', 'CS441', 'Decentralized systemic productivity', 4, 'HK007', 'Học kỳ 1 Năm học 2023-2024', 'LHP011', 7.4, 6.37, 7.95, 7.58, 'B', 3.0, TRUE),
    (1365, 'HV311', '662617', 'Anh Tùng Bùi', 'MH049', 'PHY904', 'Re-engineered context-sensitive interface', 4, 'HK002', 'Học kỳ 2 Năm học 2021-2022', 'LHP031', 8.42, 4.96, 4.29, 4.84, 'D', 1.0, FALSE),
    (1366, 'HV429', '644840', 'Bác Anh Phạm', 'MH026', 'CHEM794', 'Compatible client-server system engine', 3, 'HK012', 'Học kỳ hè Năm học 2024-2025', 'LHP037', 6.33, 7.03, 4.84, 5.43, 'D+', 1.5, TRUE),
    (1367, 'HV489', '634143', 'Hoàng Bùi', 'MH070', 'CHEM177', 'Implemented secondary ability', 3, 'HK015', 'Học kỳ hè Năm học 2025-2026', 'LHP070', 6.69, 8.21, 6.88, 7.13, 'B', 3.0, TRUE),
    (1368, 'HV171', '673155', 'Hải Văn Phạm', 'MH014', 'KT301', 'Kinh tế lượng', 3, 'HK009', 'Học kỳ hè Năm học 2023-2024', 'LHP090', 9.22, 8.62, 4.09, 5.51, 'C', 2.0, TRUE),
    (1369, 'HV407', '647971', 'Huy Dương', 'MH011', 'KT102', 'Kinh tế vĩ mô', 3, 'HK004', 'Học kỳ 1 Năm học 2022-2023', 'LHP109', 9.28, 9.42, 3.52, 5.28, 'D+', 1.5, TRUE),
    (1370, 'HV298', '657144', 'Chị Kim Dương', 'MH005', 'IT203', 'Mạng máy tính', 3, 'HK007', 'Học kỳ 1 Năm học 2023-2024', 'LHP084', 5.96, 4.13, 7.96, 7.0, 'B', 3.0, TRUE),
    (1371, 'HV052', '657510', 'Hải Trí Hoàng', 'MH010', 'KT101', 'Kinh tế vi mô', 3, 'HK010', 'Học kỳ 1 Năm học 2024-2025', 'LHP032', 5.75, 6.91, 5.22, 5.62, 'C', 2.0, TRUE),
    (1372, 'HV204', '636469', 'Nhiên Hải Lê', 'MH066', 'MATH808', 'User-friendly eco-centric framework', 4, 'HK005', 'Học kỳ 2 Năm học 2022-2023', 'LHP078', 10, 6.6, 7.3, 7.43, 'B', 3.0, TRUE),
    (1373, 'HV356', '653559', 'Chị Thành Đặng', 'MH025', 'PHY546', 'Function-based intangible product', 4, 'HK006', 'Học kỳ hè Năm học 2022-2023', 'LHP067', 4.31, 6.71, 6.62, 6.41, 'C+', 2.5, TRUE),
    (1374, 'HV200', '677663', 'Phương Thế Mai', 'MH012', 'KT201', 'Nguyên lý kế toán', 4, 'HK004', 'Học kỳ 1 Năm học 2022-2023', 'LHP046', 9.0, 5.13, 7.92, 7.47, 'B', 3.0, TRUE),
    (1375, 'HV245', '676970', 'Nhật Phạm', 'MH008', 'IT303', 'Học máy', 3, 'HK011', 'Học kỳ 2 Năm học 2024-2025', 'LHP104', 9.95, 9.24, 6.92, 7.68, 'B', 3.0, TRUE),
    (1376, 'HV254', '663084', 'Châu Vũ', 'MH009', 'IT304', 'An toàn và bảo mật thông tin', 3, 'HK005', 'Học kỳ 2 Năm học 2022-2023', 'LHP028', 9.62, 8.04, 7.69, 7.95, 'B', 3.0, TRUE),
    (1377, 'HV386', '658011', 'Thành Bùi', 'MH003', 'IT201', 'Cấu trúc dữ liệu và giải thuật', 4, 'HK006', 'Học kỳ hè Năm học 2022-2023', 'LHP101', 7.77, 5.64, 8.02, 7.52, 'B', 3.0, TRUE),
    (1378, 'HV111', '666302', 'Tú Vũ', 'MH038', 'PHY504', 'Secured zero-defect middleware', 3, 'HK004', 'Học kỳ 1 Năm học 2022-2023', 'LHP078', 7.54, 7.26, 6.95, 7.07, 'B', 3.0, TRUE),
    (1379, 'HV430', '631245', 'Ông Anh Phạm', 'MH026', 'CHEM794', 'Compatible client-server system engine', 3, 'HK013', 'Học kỳ 1 Năm học 2025-2026', 'LHP042', 8.79, 9.3, 7.78, 8.19, 'B+', 3.5, TRUE),
    (1380, 'HV102', '668378', 'Hương Phạm', 'MH006', 'IT301', 'Phát triển ứng dụng Web', 3, 'HK003', 'Học kỳ hè Năm học 2021-2022', 'LHP044', 8.28, 8.41, 6.87, 7.32, 'B', 3.0, TRUE),
    (1381, 'HV500', '647480', 'Quý ông Tú Dương', 'MH040', 'MATH908', 'Stand-alone responsive strategy', 4, 'HK014', 'Học kỳ 2 Năm học 2025-2026', 'LHP055', 4.95, 7.88, 4.59, 5.28, 'D+', 1.5, TRUE),
    (1382, 'HV352', '677943', 'Bảo Dương', 'MH048', 'CHEM889', 'Centralized systemic policy', 4, 'HK006', 'Học kỳ hè Năm học 2022-2023', 'LHP106', 7.75, 10, 5.19, 6.41, 'C+', 2.5, TRUE),
    (1383, 'HV432', '655635', 'Khoa Bùi', 'MH011', 'KT102', 'Kinh tế vĩ mô', 3, 'HK007', 'Học kỳ 1 Năm học 2023-2024', 'LHP098', 4.2, 5.89, 10, 8.6, 'A', 4.0, TRUE),
    (1384, 'HV037', '648318', 'Kim Mai Đặng', 'MH073', 'CS219', 'Cross-platform client-server policy', 3, 'HK007', 'Học kỳ 1 Năm học 2023-2024', 'LHP001', 9.33, 8.38, 9.89, 9.53, 'A+', 4.0, TRUE),
    (1385, 'HV492', '679881', 'Bà Phương Dương', 'MH029', 'CS728', 'Fundamental incremental synergy', 2, 'HK015', 'Học kỳ hè Năm học 2025-2026', 'LHP017', 6.7, 7.45, 9.14, 8.56, 'A', 4.0, TRUE),
    (1386, 'HV285', '671888', 'An Nguyễn', 'MH027', 'CHEM106', 'Down-sized methodical flexibility', 3, 'HK014', 'Học kỳ 2 Năm học 2025-2026', 'LHP036', 5.13, 4.9, 5.74, 5.51, 'C', 2.0, TRUE),
    (1387, 'HV244', '648871', 'Chị Thành Nguyễn', 'MH006', 'IT301', 'Phát triển ứng dụng Web', 3, 'HK007', 'Học kỳ 1 Năm học 2023-2024', 'LHP001', 7.18, 6.92, 9.61, 8.83, 'A', 4.0, TRUE),
    (1388, 'HV310', '662595', 'Chị Linh Nguyễn', 'MH020', 'QS102', 'Điều lệnh Quân đội', 2, 'HK004', 'Học kỳ 1 Năm học 2022-2023', 'LHP036', 8.64, 10, 5.6, 6.78, 'C+', 2.5, TRUE),
    (1389, 'HV025', '664972', 'Bà Kim Hoàng', 'MH054', 'MATH608', 'Organic background conglomeration', 2, 'HK012', 'Học kỳ hè Năm học 2024-2025', 'LHP037', 6.25, 6.29, 7.77, 7.32, 'B', 3.0, TRUE),
    (1390, 'HV115', '652243', 'Lan Đặng', 'MH030', 'MATH559', 'Cross-group 24hour knowledge user', 4, 'HK003', 'Học kỳ hè Năm học 2021-2022', 'LHP077', 7.2, 8.0, 5.58, 6.23, 'C+', 2.5, TRUE),
    (1391, 'HV089', '659817', 'Bác Tùng Nguyễn', 'MH073', 'CS219', 'Cross-platform client-server policy', 3, 'HK014', 'Học kỳ 2 Năm học 2025-2026', 'LHP116', 7.6, 5.03, 3.69, 4.35, 'D', 1.0, FALSE),
    (1392, 'HV473', '651293', 'Bà Yến Mai', 'MH017', 'NN201', 'Tiếng Anh chuyên ngành', 3, 'HK013', 'Học kỳ 1 Năm học 2025-2026', 'LHP111', 6.91, 5.63, 4.03, 4.64, 'D', 1.0, FALSE),
    (1393, 'HV308', '672837', 'Hưng Phạm', 'MH065', 'MATH771', 'Digitized upward-trending emulation', 2, 'HK003', 'Học kỳ hè Năm học 2021-2022', 'LHP059', 5.91, 5.14, 6.07, 5.87, 'C', 2.0, TRUE),
    (1394, 'HV348', '664458', 'Quang Trần', 'MH052', 'CHEM184', 'Automated heuristic pricing structure', 4, 'HK012', 'Học kỳ hè Năm học 2024-2025', 'LHP108', 7.46, 4.78, 8.21, 7.45, 'B', 3.0, TRUE),
    (1395, 'HV244', '648871', 'Chị Thành Nguyễn', 'MH038', 'PHY504', 'Secured zero-defect middleware', 3, 'HK014', 'Học kỳ 2 Năm học 2025-2026', 'LHP086', 8.31, 5.24, 5.5, 5.73, 'C', 2.0, TRUE),
    (1396, 'HV292', '672161', 'An Xuân Phạm', 'MH075', 'CHEM371', 'Distributed contextually-based pricing structure', 2, 'HK013', 'Học kỳ 1 Năm học 2025-2026', 'LHP088', 10, 6.82, 2.79, 4.32, 'D', 1.0, FALSE),
    (1397, 'HV490', '638764', 'Hưng Xuân Phạm', 'MH027', 'CHEM106', 'Down-sized methodical flexibility', 3, 'HK012', 'Học kỳ hè Năm học 2024-2025', 'LHP025', 5.26, 4.38, 9.06, 7.74, 'B', 3.0, TRUE),
    (1398, 'HV304', '653929', 'Quý cô Nhật Đặng', 'MH016', 'NN102', 'Tiếng Anh học thuật', 3, 'HK008', 'Học kỳ 2 Năm học 2023-2024', 'LHP108', 5.21, 7.6, 8.11, 7.72, 'B', 3.0, TRUE),
    (1399, 'HV353', '668916', 'Ông Nam Dương', 'MH066', 'MATH808', 'User-friendly eco-centric framework', 4, 'HK001', 'Học kỳ 1 Năm học 2021-2022', 'LHP111', 6.99, 4.55, 6.63, 6.25, 'C+', 2.5, TRUE),
    (1400, 'HV431', '678241', 'Ánh Mai', 'MH048', 'CHEM889', 'Centralized systemic policy', 4, 'HK003', 'Học kỳ hè Năm học 2021-2022', 'LHP020', 10, 9.8, 4.73, 6.27, 'C+', 2.5, TRUE),
    (1401, 'HV465', '673308', 'Quý cô Ánh Hoàng', 'MH012', 'KT201', 'Nguyên lý kế toán', 4, 'HK003', 'Học kỳ hè Năm học 2021-2022', 'LHP081', 5.58, 6.76, 3.06, 4.05, 'D', 1.0, FALSE),
    (1402, 'HV316', '656020', 'Kim Mai', 'MH014', 'KT301', 'Kinh tế lượng', 3, 'HK013', 'Học kỳ 1 Năm học 2025-2026', 'LHP094', 7.95, 7.46, 7.16, 7.3, 'B', 3.0, TRUE),
    (1403, 'HV017', '679113', 'Hưng Dương', 'MH035', 'CS527', 'Innovative executive utilization', 2, 'HK013', 'Học kỳ 1 Năm học 2025-2026', 'LHP010', 8.16, 7.93, 5.21, 6.05, 'C+', 2.5, TRUE),
    (1404, 'HV079', '678855', 'Quý cô Hà Bùi', 'MH018', 'NN202', 'Tiếng Trung cơ bản', 4, 'HK007', 'Học kỳ 1 Năm học 2023-2024', 'LHP014', 8.37, 10, 5.34, 6.57, 'C+', 2.5, TRUE),
    (1405, 'HV332', '672799', 'Vũ Dương', 'MH032', 'CS758', 'Inverse maximized forecast', 4, 'HK006', 'Học kỳ hè Năm học 2022-2023', 'LHP086', 9.01, 7.79, 5.93, 6.61, 'C+', 2.5, TRUE),
    (1406, 'HV015', '651880', 'Anh Nam Bùi', 'MH047', 'CS612', 'Automated 4thgeneration strategy', 4, 'HK015', 'Học kỳ hè Năm học 2025-2026', 'LHP082', 8.26, 6.22, 8.3, 7.88, 'B', 3.0, TRUE),
    (1407, 'HV478', '639955', 'Thành Mai Bảo Nguyễn', 'MH057', 'CS148', 'Versatile modular complexity', 2, 'HK001', 'Học kỳ 1 Năm học 2021-2022', 'LHP057', 7.42, 8.6, 8.83, 8.64, 'A', 4.0, TRUE),
    (1408, 'HV499', '671417', 'Kim Hoàng', 'MH034', 'MATH998', 'Networked intermediate data-warehouse', 3, 'HK012', 'Học kỳ hè Năm học 2024-2025', 'LHP027', 7.0, 6.51, 5.71, 6.0, 'C+', 2.5, TRUE),
    (1409, 'HV422', '633593', 'Châu Nguyễn', 'MH016', 'NN102', 'Tiếng Anh học thuật', 3, 'HK005', 'Học kỳ 2 Năm học 2022-2023', 'LHP085', 7.52, 8.74, 7.67, 7.87, 'B', 3.0, TRUE),
    (1410, 'HV461', '645151', 'Hạnh Thị Vũ', 'MH030', 'MATH559', 'Cross-group 24hour knowledge user', 4, 'HK004', 'Học kỳ 1 Năm học 2022-2023', 'LHP097', 7.82, 5.45, 6.35, 6.32, 'C+', 2.5, TRUE),
    (1411, 'HV480', '657163', 'Quý cô Phương Mai', 'MH024', 'PHY887', 'Progressive encompassing model', 4, 'HK008', 'Học kỳ 2 Năm học 2023-2024', 'LHP095', 10, 4.09, 2.89, 3.84, 'F', 0.0, FALSE),
    (1412, 'HV230', '639174', 'Nhật Phạm', 'MH025', 'PHY546', 'Function-based intangible product', 4, 'HK008', 'Học kỳ 2 Năm học 2023-2024', 'LHP022', 8.29, 4.63, 6.97, 6.63, 'C+', 2.5, TRUE),
    (1413, 'HV462', '659904', 'Chị Hương Bùi', 'MH053', 'MATH862', 'Quality-focused local Graphic Interface', 4, 'HK013', 'Học kỳ 1 Năm học 2025-2026', 'LHP078', 7.94, 5.69, 4.42, 5.03, 'D+', 1.5, TRUE),
    (1414, 'HV454', '679710', 'Khoa Phạm', 'MH032', 'CS758', 'Inverse maximized forecast', 4, 'HK003', 'Học kỳ hè Năm học 2021-2022', 'LHP066', 9.8, 6.23, 5.15, 5.83, 'C', 2.0, TRUE),
    (1415, 'HV237', '668275', 'Trung Đức Hoàng', 'MH045', 'CS718', 'Face-to-face bandwidth-monitored encoding', 2, 'HK014', 'Học kỳ 2 Năm học 2025-2026', 'LHP117', 9.0, 7.05, 3.82, 4.98, 'D', 1.0, FALSE),
    (1416, 'HV081', '635927', 'Bà Nhật Mai', 'MH074', 'PHY418', 'Centralized leadingedge knowledge user', 4, 'HK007', 'Học kỳ 1 Năm học 2023-2024', 'LHP055', 6.62, 9.92, 6.35, 7.09, 'B', 3.0, TRUE),
    (1417, 'HV255', '669693', 'Thảo Trần', 'MH073', 'CS219', 'Cross-platform client-server policy', 3, 'HK015', 'Học kỳ hè Năm học 2025-2026', 'LHP027', 8.24, 8.35, 7.53, 7.77, 'B', 3.0, TRUE),
    (1418, 'HV305', '656659', 'Khoa Tấn Trần', 'MH050', 'CS774', 'Face-to-face global parallelism', 3, 'HK003', 'Học kỳ hè Năm học 2021-2022', 'LHP040', 9.46, 5.55, 9.67, 8.82, 'A', 4.0, TRUE),
    (1419, 'HV491', '657237', 'Quý cô Lâm Vũ', 'MH074', 'PHY418', 'Centralized leadingedge knowledge user', 4, 'HK011', 'Học kỳ 2 Năm học 2024-2025', 'LHP089', 6.43, 5.66, 4.17, 4.69, 'D', 1.0, FALSE),
    (1420, 'HV306', '648339', 'Hưng Mai', 'MH001', 'IT101', 'Nhập môn Công nghệ thông tin', 3, 'HK004', 'Học kỳ 1 Năm học 2022-2023', 'LHP072', 8.79, 9.77, 3.5, 5.29, 'D+', 1.5, TRUE),
    (1421, 'HV146', '645664', 'Nam Xuân Mai', 'MH076', 'CHEM207', 'Vision-oriented empowering parallelism', 2, 'HK014', 'Học kỳ 2 Năm học 2025-2026', 'LHP101', 5.9, 9.91, 7.47, 7.8, 'B', 3.0, TRUE),
    (1422, 'HV005', '663135', 'Chị Hà Mai', 'MH016', 'NN102', 'Tiếng Anh học thuật', 3, 'HK013', 'Học kỳ 1 Năm học 2025-2026', 'LHP120', 10, 5.6, 10, 9.12, 'A+', 4.0, TRUE),
    (1423, 'HV003', '672049', 'Hải Mai Đặng', 'MH065', 'MATH771', 'Digitized upward-trending emulation', 2, 'HK012', 'Học kỳ hè Năm học 2024-2025', 'LHP054', 6.48, 7.13, 4.11, 4.95, 'D', 1.0, FALSE),
    (1424, 'HV335', '635608', 'Quý cô Hải Bùi', 'MH027', 'CHEM106', 'Down-sized methodical flexibility', 3, 'HK001', 'Học kỳ 1 Năm học 2021-2022', 'LHP047', 7.14, 9.38, 5.07, 6.14, 'C+', 2.5, TRUE),
    (1425, 'HV487', '634481', 'Mai Đặng', 'MH030', 'MATH559', 'Cross-group 24hour knowledge user', 4, 'HK014', 'Học kỳ 2 Năm học 2025-2026', 'LHP087', 9.81, 5.96, 7.48, 7.41, 'B', 3.0, TRUE),
    (1426, 'HV072', '662287', 'Chị Duyên Trần', 'MH039', 'PHY188', 'Horizontal well-modulated circuit', 3, 'HK010', 'Học kỳ 1 Năm học 2024-2025', 'LHP037', 6.18, 5.1, 6.97, 6.52, 'C+', 2.5, TRUE),
    (1427, 'HV329', '644141', 'Cô Hạnh Lê', 'MH044', 'CS575', 'Enhanced 24/7 leverage', 3, 'HK012', 'Học kỳ hè Năm học 2024-2025', 'LHP066', 7.4, 4.92, 4.93, 5.17, 'D+', 1.5, TRUE),
    (1428, 'HV188', '678236', 'Hà Thị Hoàng', 'MH039', 'PHY188', 'Horizontal well-modulated circuit', 3, 'HK008', 'Học kỳ 2 Năm học 2023-2024', 'LHP060', 6.9, 7.41, 4.14, 5.07, 'D+', 1.5, TRUE),
    (1429, 'HV076', '649762', 'Châu Bùi', 'MH019', 'QS101', 'Giáo dục Quốc phòng', 2, 'HK014', 'Học kỳ 2 Năm học 2025-2026', 'LHP097', 6.33, 6.63, 7.09, 6.92, 'C+', 2.5, TRUE),
    (1430, 'HV332', '672799', 'Vũ Dương', 'MH070', 'CHEM177', 'Implemented secondary ability', 3, 'HK011', 'Học kỳ 2 Năm học 2024-2025', 'LHP045', 6.72, 7.94, 3.82, 4.94, 'D', 1.0, FALSE),
    (1431, 'HV099', '636086', 'Chị Duyên Nguyễn', 'MH018', 'NN202', 'Tiếng Trung cơ bản', 4, 'HK009', 'Học kỳ hè Năm học 2023-2024', 'LHP107', 9.2, 8.0, 4.26, 5.51, 'C', 2.0, TRUE),
    (1432, 'HV399', '672465', 'Hương Vũ', 'MH030', 'MATH559', 'Cross-group 24hour knowledge user', 4, 'HK010', 'Học kỳ 1 Năm học 2024-2025', 'LHP025', 6.38, 4.28, 2.27, 3.08, 'F', 0.0, FALSE),
    (1433, 'HV236', '645656', 'Cô Hải Phạm', 'MH079', 'CHEM343', 'Innovative multi-state collaboration', 2, 'HK015', 'Học kỳ hè Năm học 2025-2026', 'LHP083', 7.56, 8.59, 5.1, 6.05, 'C+', 2.5, TRUE),
    (1434, 'HV007', '665380', 'Ngọc Bùi', 'MH006', 'IT301', 'Phát triển ứng dụng Web', 3, 'HK001', 'Học kỳ 1 Năm học 2021-2022', 'LHP029', 7.59, 7.32, 6.62, 6.86, 'C+', 2.5, TRUE),
    (1435, 'HV387', '666730', 'Bà Bảo Vũ', 'MH041', 'CS382', 'Seamless context-sensitive infrastructure', 4, 'HK014', 'Học kỳ 2 Năm học 2025-2026', 'LHP032', 9.38, 10, 5.35, 6.68, 'C+', 2.5, TRUE),
    (1436, 'HV143', '641283', 'An Trí Đặng', 'MH046', 'CHEM667', 'Synergized bottom-line monitoring', 4, 'HK010', 'Học kỳ 1 Năm học 2024-2025', 'LHP087', 9.22, 8.67, 3.92, 5.4, 'D+', 1.5, TRUE),
    (1437, 'HV384', '651411', 'Vi Trần', 'MH080', 'PHY434', 'Operative responsive project', 3, 'HK008', 'Học kỳ 2 Năm học 2023-2024', 'LHP037', 9.12, 3.87, 6.58, 6.29, 'C+', 2.5, TRUE),
    (1438, 'HV172', '643112', 'Nhật Đặng', 'MH068', 'CS441', 'Decentralized systemic productivity', 4, 'HK003', 'Học kỳ hè Năm học 2021-2022', 'LHP118', 7.59, 6.4, 10, 9.04, 'A+', 4.0, TRUE),
    (1439, 'HV158', '648081', 'Bác Minh Phạm', 'MH058', 'MATH105', 'Proactive global hub', 3, 'HK006', 'Học kỳ hè Năm học 2022-2023', 'LHP018', 8.76, 5.46, 6.78, 6.71, 'C+', 2.5, TRUE),
    (1440, 'HV139', '658961', 'Bà Thành Lê', 'MH015', 'NN101', 'Tiếng Anh cơ bản', 4, 'HK004', 'Học kỳ 1 Năm học 2022-2023', 'LHP013', 6.24, 9.4, 3.76, 5.13, 'D+', 1.5, TRUE),
    (1441, 'HV167', '678882', 'Quý cô Lan Hoàng', 'MH077', 'CS623', 'Business-focused empowering concept', 4, 'HK003', 'Học kỳ hè Năm học 2021-2022', 'LHP090', 8.64, 5.35, 5.0, 5.43, 'D+', 1.5, TRUE),
    (1442, 'HV450', '637871', 'Huy Quang Đặng', 'MH060', 'PHY835', 'Synergistic mobile analyzer', 4, 'HK009', 'Học kỳ hè Năm học 2023-2024', 'LHP064', 6.13, 4.47, 2.72, 3.41, 'F', 0.0, FALSE),
    (1443, 'HV110', '662244', 'Khoa Dương', 'MH057', 'CS148', 'Versatile modular complexity', 2, 'HK007', 'Học kỳ 1 Năm học 2023-2024', 'LHP027', 6.32, 8.06, 8.01, 7.85, 'B', 3.0, TRUE),
    (1444, 'HV321', '673848', 'Quang Lê', 'MH059', 'CS958', 'De-engineered zero tolerance neural-net', 4, 'HK006', 'Học kỳ hè Năm học 2022-2023', 'LHP003', 5.3, 8.64, 5.83, 6.34, 'C+', 2.5, TRUE),
    (1445, 'HV194', '634066', 'Nhật Dương', 'MH053', 'MATH862', 'Quality-focused local Graphic Interface', 4, 'HK003', 'Học kỳ hè Năm học 2021-2022', 'LHP097', 9.13, 6.86, 8.51, 8.24, 'B+', 3.5, TRUE),
    (1446, 'HV481', '672479', 'Bảo Vũ', 'MH034', 'MATH998', 'Networked intermediate data-warehouse', 3, 'HK012', 'Học kỳ hè Năm học 2024-2025', 'LHP058', 9.06, 7.75, 6.18, 6.78, 'C+', 2.5, TRUE),
    (1447, 'HV403', '635310', 'Bảo Hải Mai', 'MH017', 'NN201', 'Tiếng Anh chuyên ngành', 3, 'HK002', 'Học kỳ 2 Năm học 2021-2022', 'LHP047', 4.4, 6.11, 8.73, 7.77, 'B', 3.0, TRUE),
    (1448, 'HV075', '632613', 'Tú Lê', 'MH020', 'QS102', 'Điều lệnh Quân đội', 2, 'HK010', 'Học kỳ 1 Năm học 2024-2025', 'LHP021', 9.67, 7.28, 8.41, 8.31, 'B+', 3.5, TRUE),
    (1449, 'HV167', '678882', 'Quý cô Lan Hoàng', 'MH070', 'CHEM177', 'Implemented secondary ability', 3, 'HK010', 'Học kỳ 1 Năm học 2024-2025', 'LHP052', 7.45, 4.58, 7.22, 6.72, 'C+', 2.5, TRUE),
    (1450, 'HV172', '643112', 'Nhật Đặng', 'MH060', 'PHY835', 'Synergistic mobile analyzer', 4, 'HK012', 'Học kỳ hè Năm học 2024-2025', 'LHP034', 8.61, 6.57, 5.98, 6.36, 'C+', 2.5, TRUE),
    (1451, 'HV114', '657898', 'Linh Mai', 'MH062', 'CHEM292', 'Sharable fault-tolerant implementation', 3, 'HK008', 'Học kỳ 2 Năm học 2023-2024', 'LHP015', 5.18, 6.76, 2.25, 3.45, 'F', 0.0, FALSE),
    (1452, 'HV234', '665500', 'Hưng Hữu Trần', 'MH027', 'CHEM106', 'Down-sized methodical flexibility', 3, 'HK013', 'Học kỳ 1 Năm học 2025-2026', 'LHP075', 8.58, 8.94, 7.18, 7.67, 'B', 3.0, TRUE),
    (1453, 'HV107', '638936', 'Hạnh Hữu Bùi', 'MH020', 'QS102', 'Điều lệnh Quân đội', 2, 'HK010', 'Học kỳ 1 Năm học 2024-2025', 'LHP085', 5.01, 3.94, 6.98, 6.17, 'C+', 2.5, TRUE),
    (1454, 'HV423', '669907', 'Bà Hạnh Phạm', 'MH075', 'CHEM371', 'Distributed contextually-based pricing structure', 2, 'HK002', 'Học kỳ 2 Năm học 2021-2022', 'LHP108', 6.62, 5.75, 4.37, 4.87, 'D', 1.0, FALSE),
    (1455, 'HV091', '661286', 'Ông Dũng Lê', 'MH069', 'CHEM272', 'Mandatory value-added moratorium', 4, 'HK014', 'Học kỳ 2 Năm học 2025-2026', 'LHP033', 9.37, 10, 6.64, 7.58, 'B', 3.0, TRUE),
    (1456, 'HV061', '634130', 'Chị Phương Nguyễn', 'MH074', 'PHY418', 'Centralized leadingedge knowledge user', 4, 'HK003', 'Học kỳ hè Năm học 2021-2022', 'LHP084', 7.36, 8.35, 5.08, 5.96, 'C', 2.0, TRUE),
    (1457, 'HV018', '666918', 'Yến Trần', 'MH079', 'CHEM343', 'Innovative multi-state collaboration', 2, 'HK007', 'Học kỳ 1 Năm học 2023-2024', 'LHP032', 5.14, 6.14, 7.68, 7.12, 'B', 3.0, TRUE),
    (1458, 'HV500', '647480', 'Quý ông Tú Dương', 'MH062', 'CHEM292', 'Sharable fault-tolerant implementation', 3, 'HK006', 'Học kỳ hè Năm học 2022-2023', 'LHP077', 7.42, 4.66, 9.25, 8.15, 'B+', 3.5, TRUE),
    (1459, 'HV176', '654689', 'Khoa Mai Phạm', 'MH007', 'IT302', 'Trí tuệ nhân tạo', 3, 'HK015', 'Học kỳ hè Năm học 2025-2026', 'LHP039', 6.37, 7.69, 6.66, 6.84, 'C+', 2.5, TRUE),
    (1460, 'HV281', '633282', 'Anh Nam Lê', 'MH055', 'PHY749', 'Profit-focused methodical software', 3, 'HK009', 'Học kỳ hè Năm học 2023-2024', 'LHP019', 8.32, 5.96, 9.75, 8.85, 'A', 4.0, TRUE),
    (1461, 'HV473', '651293', 'Bà Yến Mai', 'MH019', 'QS101', 'Giáo dục Quốc phòng', 2, 'HK002', 'Học kỳ 2 Năm học 2021-2022', 'LHP103', 8.03, 8.42, 5.83, 6.57, 'C+', 2.5, TRUE),
    (1462, 'HV194', '634066', 'Nhật Dương', 'MH047', 'CS612', 'Automated 4thgeneration strategy', 4, 'HK003', 'Học kỳ hè Năm học 2021-2022', 'LHP086', 7.6, 7.13, 10, 9.19, 'A+', 4.0, TRUE),
    (1463, 'HV442', '654029', 'Chị Dương Nguyễn', 'MH051', 'MATH882', 'Proactive foreground emulation', 2, 'HK005', 'Học kỳ 2 Năm học 2022-2023', 'LHP002', 7.7, 7.69, 2.06, 3.75, 'F', 0.0, FALSE),
    (1464, 'HV277', '637780', 'Cô Thảo Hoàng', 'MH023', 'CS428', 'Robust system-worthy benchmark', 2, 'HK001', 'Học kỳ 1 Năm học 2021-2022', 'LHP016', 8.59, 5.74, 6.24, 6.37, 'C+', 2.5, TRUE),
    (1465, 'HV037', '648318', 'Kim Mai Đặng', 'MH047', 'CS612', 'Automated 4thgeneration strategy', 4, 'HK006', 'Học kỳ hè Năm học 2022-2023', 'LHP091', 9.86, 6.93, 6.58, 6.98, 'C+', 2.5, TRUE),
    (1466, 'HV308', '672837', 'Hưng Phạm', 'MH011', 'KT102', 'Kinh tế vĩ mô', 3, 'HK006', 'Học kỳ hè Năm học 2022-2023', 'LHP048', 5.5, 9.05, 10, 9.36, 'A+', 4.0, TRUE),
    (1467, 'HV454', '679710', 'Khoa Phạm', 'MH063', 'MATH935', 'Implemented even-keeled complexity', 2, 'HK005', 'Học kỳ 2 Năm học 2022-2023', 'LHP057', 7.1, 8.84, 8.34, 8.31, 'B+', 3.5, TRUE),
    (1468, 'HV291', '656101', 'Bác Quang Phạm', 'MH065', 'MATH771', 'Digitized upward-trending emulation', 2, 'HK008', 'Học kỳ 2 Năm học 2023-2024', 'LHP008', 7.28, 4.24, 4.21, 4.52, 'D', 1.0, FALSE),
    (1469, 'HV454', '679710', 'Khoa Phạm', 'MH080', 'PHY434', 'Operative responsive project', 3, 'HK009', 'Học kỳ hè Năm học 2023-2024', 'LHP047', 7.55, 5.15, 5.09, 5.35, 'D+', 1.5, TRUE),
    (1470, 'HV302', '647483', 'Bà Linh Mai', 'MH001', 'IT101', 'Nhập môn Công nghệ thông tin', 3, 'HK014', 'Học kỳ 2 Năm học 2025-2026', 'LHP094', 5.88, 6.35, 7.9, 7.39, 'B', 3.0, TRUE),
    (1471, 'HV340', '641951', 'Bác Thành Phạm', 'MH080', 'PHY434', 'Operative responsive project', 3, 'HK015', 'Học kỳ hè Năm học 2025-2026', 'LHP086', 7.29, 3.48, 7.74, 6.84, 'C+', 2.5, TRUE),
    (1472, 'HV003', '672049', 'Hải Mai Đặng', 'MH002', 'IT102', 'Lập trình cơ bản', 4, 'HK003', 'Học kỳ hè Năm học 2021-2022', 'LHP069', 7.72, 4.58, 7.97, 7.27, 'B', 3.0, TRUE),
    (1473, 'HV444', '645462', 'Lâm Hoàng Vũ', 'MH048', 'CHEM889', 'Centralized systemic policy', 4, 'HK003', 'Học kỳ hè Năm học 2021-2022', 'LHP020', 9.18, 6.7, 3.54, 4.74, 'D', 1.0, FALSE),
    (1474, 'HV265', '662115', 'Nhật Mai', 'MH069', 'CHEM272', 'Mandatory value-added moratorium', 4, 'HK001', 'Học kỳ 1 Năm học 2021-2022', 'LHP040', 7.98, 7.69, 3.17, 4.56, 'D', 1.0, FALSE),
    (1475, 'HV243', '654002', 'Phúc Quang Nguyễn', 'MH062', 'CHEM292', 'Sharable fault-tolerant implementation', 3, 'HK001', 'Học kỳ 1 Năm học 2021-2022', 'LHP031', 5.97, 6.98, 5.27, 5.68, 'C', 2.0, TRUE),
    (1476, 'HV470', '662972', 'Vũ Mai', 'MH013', 'KT202', 'Tài chính doanh nghiệp', 3, 'HK012', 'Học kỳ hè Năm học 2024-2025', 'LHP114', 10, 8.54, 7.41, 7.89, 'B', 3.0, TRUE),
    (1477, 'HV229', '656229', 'Phúc Hải Hoàng', 'MH031', 'CHEM492', 'Exclusive asynchronous alliance', 3, 'HK015', 'Học kỳ hè Năm học 2025-2026', 'LHP098', 6.24, 5.38, 10, 8.7, 'A', 4.0, TRUE),
    (1478, 'HV427', '658159', 'Nam Phú Phạm', 'MH066', 'MATH808', 'User-friendly eco-centric framework', 4, 'HK004', 'Học kỳ 1 Năm học 2022-2023', 'LHP040', 5.44, 8.56, 8.59, 8.27, 'B+', 3.5, TRUE),
    (1479, 'HV150', '663228', 'Hà Mai', 'MH045', 'CS718', 'Face-to-face bandwidth-monitored encoding', 2, 'HK014', 'Học kỳ 2 Năm học 2025-2026', 'LHP097', 5.32, 4.95, 10, 8.52, 'A', 4.0, TRUE),
    (1480, 'HV494', '632528', 'Cô Thảo Bùi', 'MH067', 'CS639', 'Customizable grid-enabled info-mediaries', 4, 'HK003', 'Học kỳ hè Năm học 2021-2022', 'LHP033', 9.55, 4.86, 8.25, 7.7, 'B', 3.0, TRUE),
    (1481, 'HV161', '645262', 'Cô Bảo Phạm', 'MH055', 'PHY749', 'Profit-focused methodical software', 3, 'HK002', 'Học kỳ 2 Năm học 2021-2022', 'LHP048', 10, 8.77, 3.38, 5.12, 'D+', 1.5, TRUE),
    (1482, 'HV203', '657107', 'Quý cô Lâm Dương', 'MH023', 'CS428', 'Robust system-worthy benchmark', 2, 'HK004', 'Học kỳ 1 Năm học 2022-2023', 'LHP008', 7.66, 6.35, 3.93, 4.78, 'D', 1.0, FALSE),
    (1483, 'HV170', '651048', 'Hạnh Phạm', 'MH036', 'CS430', 'Stand-alone national project', 2, 'HK014', 'Học kỳ 2 Năm học 2025-2026', 'LHP032', 7.05, 3.76, 5.46, 5.28, 'D+', 1.5, TRUE),
    (1484, 'HV336', '668035', 'Quý cô Dương Vũ', 'MH025', 'PHY546', 'Function-based intangible product', 4, 'HK010', 'Học kỳ 1 Năm học 2024-2025', 'LHP115', 6.26, 4.93, 8.05, 7.24, 'B', 3.0, TRUE),
    (1485, 'HV317', '651341', 'Lâm Hải Lê', 'MH066', 'MATH808', 'User-friendly eco-centric framework', 4, 'HK002', 'Học kỳ 2 Năm học 2021-2022', 'LHP040', 6.83, 5.0, 4.53, 4.85, 'D', 1.0, FALSE),
    (1486, 'HV122', '662235', 'Bảo Hải Trần', 'MH027', 'CHEM106', 'Down-sized methodical flexibility', 3, 'HK003', 'Học kỳ hè Năm học 2021-2022', 'LHP012', 6.83, 7.96, 8.22, 8.03, 'B+', 3.5, TRUE),
    (1487, 'HV347', '648337', 'Phúc Phạm', 'MH058', 'MATH105', 'Proactive global hub', 3, 'HK009', 'Học kỳ hè Năm học 2023-2024', 'LHP056', 6.83, 7.34, 8.27, 7.94, 'B', 3.0, TRUE),
    (1488, 'HV032', '633387', 'Chị Lâm Trần', 'MH055', 'PHY749', 'Profit-focused methodical software', 3, 'HK004', 'Học kỳ 1 Năm học 2022-2023', 'LHP105', 9.86, 9.02, 6.57, 7.39, 'B', 3.0, TRUE),
    (1489, 'HV105', '666031', 'Lâm Phạm', 'MH008', 'IT303', 'Học máy', 3, 'HK009', 'Học kỳ hè Năm học 2023-2024', 'LHP033', 6.28, 9.46, 4.81, 5.89, 'C', 2.0, TRUE),
    (1490, 'HV258', '636392', 'Phương Lê', 'MH065', 'MATH771', 'Digitized upward-trending emulation', 2, 'HK007', 'Học kỳ 1 Năm học 2023-2024', 'LHP008', 6.64, 7.52, 6.69, 6.85, 'C+', 2.5, TRUE),
    (1491, 'HV010', '676918', 'Quý cô Lan Trần', 'MH073', 'CS219', 'Cross-platform client-server policy', 3, 'HK013', 'Học kỳ 1 Năm học 2025-2026', 'LHP043', 6.0, 4.53, 3.87, 4.22, 'D', 1.0, FALSE),
    (1492, 'HV051', '651896', 'Kim Vũ', 'MH058', 'MATH105', 'Proactive global hub', 3, 'HK011', 'Học kỳ 2 Năm học 2024-2025', 'LHP116', 6.41, 4.86, 4.79, 4.97, 'D', 1.0, FALSE),
    (1493, 'HV061', '634130', 'Chị Phương Nguyễn', 'MH002', 'IT102', 'Lập trình cơ bản', 4, 'HK006', 'Học kỳ hè Năm học 2022-2023', 'LHP092', 7.9, 6.64, 6.36, 6.57, 'C+', 2.5, TRUE),
    (1494, 'HV030', '674776', 'Nam Thị Phạm', 'MH074', 'PHY418', 'Centralized leadingedge knowledge user', 4, 'HK003', 'Học kỳ hè Năm học 2021-2022', 'LHP100', 6.18, 7.64, 6.05, 6.38, 'C+', 2.5, TRUE),
    (1495, 'HV343', '641296', 'Cô Hải Dương', 'MH041', 'CS382', 'Seamless context-sensitive infrastructure', 4, 'HK006', 'Học kỳ hè Năm học 2022-2023', 'LHP004', 7.38, 7.54, 5.2, 5.89, 'C', 2.0, TRUE),
    (1496, 'HV390', '668998', 'Ông Khoa Mai', 'MH004', 'IT202', 'Cơ sở dữ liệu', 3, 'HK012', 'Học kỳ hè Năm học 2024-2025', 'LHP008', 9.68, 6.24, 7.67, 7.59, 'B', 3.0, TRUE),
    (1497, 'HV290', '659783', 'Anh Hoàng Bùi', 'MH007', 'IT302', 'Trí tuệ nhân tạo', 3, 'HK005', 'Học kỳ 2 Năm học 2022-2023', 'LHP031', 8.39, 10, 8.99, 9.13, 'A+', 4.0, TRUE),
    (1498, 'HV055', '636433', 'Hà Bùi', 'MH080', 'PHY434', 'Operative responsive project', 3, 'HK009', 'Học kỳ hè Năm học 2023-2024', 'LHP047', 5.93, 7.93, 7.42, 7.38, 'B', 3.0, TRUE),
    (1499, 'HV097', '641134', 'Chị Vân Trần', 'MH052', 'CHEM184', 'Automated heuristic pricing structure', 4, 'HK004', 'Học kỳ 1 Năm học 2022-2023', 'LHP001', 7.51, 7.73, 7.67, 7.66, 'B', 3.0, TRUE),
    (1500, 'HV132', '668610', 'Bảo Phạm', 'MH002', 'IT102', 'Lập trình cơ bản', 4, 'HK005', 'Học kỳ 2 Năm học 2022-2023', 'LHP018', 7.65, 7.03, 4.79, 5.52, 'C', 2.0, TRUE);

INSERT INTO diem (id, hoc_vien_id, ma_hv, ho_ten_hv, mon_hoc_id, ma_mon, ten_mon, so_tin_chi, hoc_ky_id, ten_hoc_ky, lop_hoc_phan_id, diem_chuyen_can, diem_thuong_xuyen, diem_thi, diem_tong_ket, diem_chu, diem_he4, dat) VALUES
    (1501, 'HV399', '672465', 'Hương Vũ', 'MH070', 'CHEM177', 'Implemented secondary ability', 3, 'HK008', 'Học kỳ 2 Năm học 2023-2024', 'LHP107', 7.52, 10, 10, 9.75, 'A+', 4.0, TRUE),
    (1502, 'HV019', '679202', 'Vi Mai', 'MH034', 'MATH998', 'Networked intermediate data-warehouse', 3, 'HK005', 'Học kỳ 2 Năm học 2022-2023', 'LHP091', 8.78, 10, 9.85, 9.77, 'A+', 4.0, TRUE),
    (1503, 'HV108', '658847', 'Quý ông Phúc Phạm', 'MH025', 'PHY546', 'Function-based intangible product', 4, 'HK014', 'Học kỳ 2 Năm học 2025-2026', 'LHP016', 5.02, 4.76, 3.39, 3.83, 'F', 0.0, FALSE),
    (1504, 'HV137', '663541', 'Cô Kim Nguyễn', 'MH070', 'CHEM177', 'Implemented secondary ability', 3, 'HK009', 'Học kỳ hè Năm học 2023-2024', 'LHP020', 8.27, 6.19, 5.2, 5.7, 'C', 2.0, TRUE),
    (1505, 'HV021', '652360', 'Ông Thành Bùi', 'MH043', 'PHY829', 'Managed modular focus group', 2, 'HK011', 'Học kỳ 2 Năm học 2024-2025', 'LHP080', 8.87, 6.47, 6.42, 6.67, 'C+', 2.5, TRUE),
    (1506, 'HV310', '662595', 'Chị Linh Nguyễn', 'MH062', 'CHEM292', 'Sharable fault-tolerant implementation', 3, 'HK009', 'Học kỳ hè Năm học 2023-2024', 'LHP095', 7.84, 2.93, 9.64, 8.12, 'B+', 3.5, TRUE),
    (1507, 'HV216', '678796', 'Hoàng Lê', 'MH021', 'QS201', 'Chiến thuật bộ binh', 3, 'HK002', 'Học kỳ 2 Năm học 2021-2022', 'LHP070', 4.46, 3.25, 5.76, 5.13, 'D+', 1.5, TRUE),
    (1508, 'HV178', '655316', 'Bà Ánh Mai', 'MH050', 'CS774', 'Face-to-face global parallelism', 3, 'HK001', 'Học kỳ 1 Năm học 2021-2022', 'LHP070', 8.16, 6.19, 9.86, 8.95, 'A', 4.0, TRUE),
    (1509, 'HV062', '645286', 'Anh Hoàng Hoàng', 'MH075', 'CHEM371', 'Distributed contextually-based pricing structure', 2, 'HK013', 'Học kỳ 1 Năm học 2025-2026', 'LHP111', 7.3, 10, 10, 9.73, 'A+', 4.0, TRUE),
    (1510, 'HV192', '664820', 'An Đức Vũ', 'MH061', 'PHY563', 'Reactive intangible contingency', 4, 'HK004', 'Học kỳ 1 Năm học 2022-2023', 'LHP107', 7.48, 6.95, 9.0, 8.44, 'B+', 3.5, TRUE),
    (1511, 'HV130', '641713', 'Trọng Mai', 'MH009', 'IT304', 'An toàn và bảo mật thông tin', 3, 'HK008', 'Học kỳ 2 Năm học 2023-2024', 'LHP053', 4.96, 4.69, 10, 8.43, 'B+', 3.5, TRUE),
    (1512, 'HV207', '672299', 'Chị Thành Vũ', 'MH067', 'CS639', 'Customizable grid-enabled info-mediaries', 4, 'HK014', 'Học kỳ 2 Năm học 2025-2026', 'LHP004', 6.98, 9.25, 5.59, 6.46, 'C+', 2.5, TRUE),
    (1513, 'HV125', '669363', 'Quang Mai', 'MH031', 'CHEM492', 'Exclusive asynchronous alliance', 3, 'HK004', 'Học kỳ 1 Năm học 2022-2023', 'LHP032', 8.12, 5.1, 5.31, 5.55, 'C', 2.0, TRUE),
    (1514, 'HV253', '645169', 'Ngọc Mai', 'MH027', 'CHEM106', 'Down-sized methodical flexibility', 3, 'HK015', 'Học kỳ hè Năm học 2025-2026', 'LHP067', 6.11, 9.63, 9.42, 9.13, 'A+', 4.0, TRUE),
    (1515, 'HV408', '643141', 'Phương Hải Hoàng', 'MH064', 'CS960', 'Synchronized real-time budgetary management', 2, 'HK006', 'Học kỳ hè Năm học 2022-2023', 'LHP110', 9.64, 8.77, 8.93, 8.97, 'A', 4.0, TRUE),
    (1516, 'HV264', '648996', 'Cô An Phạm', 'MH064', 'CS960', 'Synchronized real-time budgetary management', 2, 'HK010', 'Học kỳ 1 Năm học 2024-2025', 'LHP082', 7.14, 7.33, 7.38, 7.35, 'B', 3.0, TRUE),
    (1517, 'HV228', '647635', 'Hải Mai Bảo Dương', 'MH040', 'MATH908', 'Stand-alone responsive strategy', 4, 'HK013', 'Học kỳ 1 Năm học 2025-2026', 'LHP088', 9.32, 3.75, 8.9, 7.91, 'B', 3.0, TRUE),
    (1518, 'HV420', '631759', 'Trọng Đức Mai', 'MH047', 'CS612', 'Automated 4thgeneration strategy', 4, 'HK007', 'Học kỳ 1 Năm học 2023-2024', 'LHP036', 6.69, 8.96, 6.36, 6.91, 'C+', 2.5, TRUE),
    (1519, 'HV130', '641713', 'Trọng Mai', 'MH037', 'CHEM420', 'User-centric intermediate approach', 3, 'HK012', 'Học kỳ hè Năm học 2024-2025', 'LHP021', 7.85, 8.96, 9.32, 9.1, 'A+', 4.0, TRUE),
    (1520, 'HV311', '662617', 'Anh Tùng Bùi', 'MH051', 'MATH882', 'Proactive foreground emulation', 2, 'HK004', 'Học kỳ 1 Năm học 2022-2023', 'LHP051', 7.09, 9.5, 4.97, 6.09, 'C+', 2.5, TRUE),
    (1521, 'HV448', '679623', 'Hạnh Mai Bảo Hoàng', 'MH038', 'PHY504', 'Secured zero-defect middleware', 3, 'HK013', 'Học kỳ 1 Năm học 2025-2026', 'LHP010', 5.72, 4.34, 6.98, 6.33, 'C+', 2.5, TRUE),
    (1522, 'HV023', '673003', 'Dũng Lê', 'MH073', 'CS219', 'Cross-platform client-server policy', 3, 'HK014', 'Học kỳ 2 Năm học 2025-2026', 'LHP095', 6.21, 6.98, 7.42, 7.21, 'B', 3.0, TRUE),
    (1523, 'HV124', '667614', 'Hải Vũ', 'MH045', 'CS718', 'Face-to-face bandwidth-monitored encoding', 2, 'HK012', 'Học kỳ hè Năm học 2024-2025', 'LHP025', 7.47, 6.67, 8.33, 7.91, 'B', 3.0, TRUE),
    (1524, 'HV050', '634303', 'Cô Thành Vũ', 'MH013', 'KT202', 'Tài chính doanh nghiệp', 3, 'HK001', 'Học kỳ 1 Năm học 2021-2022', 'LHP113', 7.82, 9.68, 8.67, 8.79, 'A', 4.0, TRUE),
    (1525, 'HV359', '649556', 'Quý ông Vũ Lê', 'MH047', 'CS612', 'Automated 4thgeneration strategy', 4, 'HK010', 'Học kỳ 1 Năm học 2024-2025', 'LHP035', 9.76, 8.15, 7.64, 7.96, 'B', 3.0, TRUE),
    (1526, 'HV414', '668870', 'Phương Hoàng', 'MH021', 'QS201', 'Chiến thuật bộ binh', 3, 'HK002', 'Học kỳ 2 Năm học 2021-2022', 'LHP090', 5.8, 9.16, 3.11, 4.59, 'D', 1.0, FALSE),
    (1527, 'HV210', '668058', 'Cô Phương Lê', 'MH074', 'PHY418', 'Centralized leadingedge knowledge user', 4, 'HK010', 'Học kỳ 1 Năm học 2024-2025', 'LHP053', 6.33, 9.63, 9.71, 9.35, 'A+', 4.0, TRUE),
    (1528, 'HV335', '635608', 'Quý cô Hải Bùi', 'MH004', 'IT202', 'Cơ sở dữ liệu', 3, 'HK004', 'Học kỳ 1 Năm học 2022-2023', 'LHP083', 8.09, 5.88, 4.08, 4.84, 'D', 1.0, FALSE),
    (1529, 'HV182', '667174', 'Huy Hoàng Nguyễn', 'MH074', 'PHY418', 'Centralized leadingedge knowledge user', 4, 'HK002', 'Học kỳ 2 Năm học 2021-2022', 'LHP096', 8.11, 8.86, 5.08, 6.14, 'C+', 2.5, TRUE),
    (1530, 'HV469', '654805', 'Phương Trần', 'MH037', 'CHEM420', 'User-centric intermediate approach', 3, 'HK004', 'Học kỳ 1 Năm học 2022-2023', 'LHP117', 4.97, 10, 5.85, 6.6, 'C+', 2.5, TRUE),
    (1531, 'HV008', '654805', 'Thành Nguyễn', 'MH079', 'CHEM343', 'Innovative multi-state collaboration', 2, 'HK012', 'Học kỳ hè Năm học 2024-2025', 'LHP089', 8.39, 4.54, 8.35, 7.59, 'B', 3.0, TRUE),
    (1532, 'HV419', '645058', 'Châu Hữu Bùi', 'MH023', 'CS428', 'Robust system-worthy benchmark', 2, 'HK014', 'Học kỳ 2 Năm học 2025-2026', 'LHP023', 5.31, 8.92, 7.85, 7.81, 'B', 3.0, TRUE),
    (1533, 'HV059', '631251', 'Khoa Mai', 'MH012', 'KT201', 'Nguyên lý kế toán', 4, 'HK002', 'Học kỳ 2 Năm học 2021-2022', 'LHP028', 5.6, 8.15, 4.27, 5.18, 'D+', 1.5, TRUE),
    (1534, 'HV054', '648649', 'Nhiên Nguyễn', 'MH013', 'KT202', 'Tài chính doanh nghiệp', 3, 'HK003', 'Học kỳ hè Năm học 2021-2022', 'LHP028', 6.26, 7.03, 7.96, 7.61, 'B', 3.0, TRUE),
    (1535, 'HV023', '673003', 'Dũng Lê', 'MH008', 'IT303', 'Học máy', 3, 'HK002', 'Học kỳ 2 Năm học 2021-2022', 'LHP040', 8.16, 5.69, 4.94, 5.41, 'D+', 1.5, TRUE),
    (1536, 'HV259', '668561', 'Hạnh Đức Trần', 'MH066', 'MATH808', 'User-friendly eco-centric framework', 4, 'HK007', 'Học kỳ 1 Năm học 2023-2024', 'LHP027', 9.43, 5.49, 8.47, 7.97, 'B', 3.0, TRUE),
    (1537, 'HV056', '667953', 'Tùng Hoàng Đặng', 'MH063', 'MATH935', 'Implemented even-keeled complexity', 2, 'HK015', 'Học kỳ hè Năm học 2025-2026', 'LHP036', 5.41, 5.08, 4.15, 4.46, 'D', 1.0, FALSE),
    (1538, 'HV316', '656020', 'Kim Mai', 'MH024', 'PHY887', 'Progressive encompassing model', 4, 'HK009', 'Học kỳ hè Năm học 2023-2024', 'LHP073', 7.41, 9.87, 4.93, 6.17, 'C+', 2.5, TRUE),
    (1539, 'HV044', '664675', 'Hạnh Trần', 'MH071', 'CHEM141', 'Re-contextualized global open system', 3, 'HK006', 'Học kỳ hè Năm học 2022-2023', 'LHP057', 5.9, 6.77, 4.27, 4.93, 'D', 1.0, FALSE),
    (1540, 'HV283', '638263', 'Anh Hoàng Lê', 'MH032', 'CS758', 'Inverse maximized forecast', 4, 'HK002', 'Học kỳ 2 Năm học 2021-2022', 'LHP008', 6.33, 8.98, 7.82, 7.9, 'B', 3.0, TRUE),
    (1541, 'HV087', '658333', 'Dương Dương', 'MH022', 'QS202', 'Kỹ thuật quân sự', 3, 'HK011', 'Học kỳ 2 Năm học 2024-2025', 'LHP114', 7.67, 7.49, 6.36, 6.72, 'C+', 2.5, TRUE),
    (1542, 'HV427', '658159', 'Nam Phú Phạm', 'MH017', 'NN201', 'Tiếng Anh chuyên ngành', 3, 'HK001', 'Học kỳ 1 Năm học 2021-2022', 'LHP041', 9.57, 4.17, 6.26, 6.18, 'C+', 2.5, TRUE),
    (1543, 'HV141', '672683', 'Phương Dương', 'MH026', 'CHEM794', 'Compatible client-server system engine', 3, 'HK015', 'Học kỳ hè Năm học 2025-2026', 'LHP062', 9.92, 6.08, 2.82, 4.18, 'D', 1.0, FALSE),
    (1544, 'HV341', '652904', 'Hoàng Đặng', 'MH052', 'CHEM184', 'Automated heuristic pricing structure', 4, 'HK012', 'Học kỳ hè Năm học 2024-2025', 'LHP103', 7.98, 4.04, 5.25, 5.28, 'D+', 1.5, TRUE),
    (1545, 'HV240', '663639', 'Kim Mai Bảo Hoàng', 'MH053', 'MATH862', 'Quality-focused local Graphic Interface', 4, 'HK013', 'Học kỳ 1 Năm học 2025-2026', 'LHP052', 5.69, 7.32, 5.1, 5.6, 'C', 2.0, TRUE),
    (1546, 'HV299', '664214', 'Chị An Lê', 'MH021', 'QS201', 'Chiến thuật bộ binh', 3, 'HK009', 'Học kỳ hè Năm học 2023-2024', 'LHP022', 8.49, 5.32, 8.35, 7.76, 'B', 3.0, TRUE),
    (1547, 'HV064', '667358', 'Khoa Đức Hoàng', 'MH064', 'CS960', 'Synchronized real-time budgetary management', 2, 'HK004', 'Học kỳ 1 Năm học 2022-2023', 'LHP030', 5.8, 4.86, 8.97, 7.83, 'B', 3.0, TRUE),
    (1548, 'HV198', '644607', 'Quý cô Bảo Vũ', 'MH050', 'CS774', 'Face-to-face global parallelism', 3, 'HK008', 'Học kỳ 2 Năm học 2023-2024', 'LHP070', 9.77, 5.52, 6.98, 6.97, 'C+', 2.5, TRUE),
    (1549, 'HV104', '678058', 'Hưng Hải Đặng', 'MH042', 'CS898', 'Phased cohesive initiative', 3, 'HK015', 'Học kỳ hè Năm học 2025-2026', 'LHP033', 8.78, 4.45, 9.85, 8.66, 'A', 4.0, TRUE),
    (1550, 'HV139', '658961', 'Bà Thành Lê', 'MH029', 'CS728', 'Fundamental incremental synergy', 2, 'HK009', 'Học kỳ hè Năm học 2023-2024', 'LHP116', 10, 8.87, 5.72, 6.78, 'C+', 2.5, TRUE),
    (1551, 'HV296', '661171', 'Ông Thành Lê', 'MH024', 'PHY887', 'Progressive encompassing model', 4, 'HK003', 'Học kỳ hè Năm học 2021-2022', 'LHP057', 4.87, 4.8, 10, 8.45, 'B+', 3.5, TRUE),
    (1552, 'HV133', '632178', 'Hà Phạm', 'MH019', 'QS101', 'Giáo dục Quốc phòng', 2, 'HK007', 'Học kỳ 1 Năm học 2023-2024', 'LHP060', 9.31, 9.31, 4.24, 5.76, 'C', 2.0, TRUE),
    (1553, 'HV393', '633722', 'Mai Lê', 'MH034', 'MATH998', 'Networked intermediate data-warehouse', 3, 'HK002', 'Học kỳ 2 Năm học 2021-2022', 'LHP093', 6.64, 3.81, 6.28, 5.82, 'C', 2.0, TRUE),
    (1554, 'HV098', '665895', 'Chị Thảo Mai', 'MH041', 'CS382', 'Seamless context-sensitive infrastructure', 4, 'HK014', 'Học kỳ 2 Năm học 2025-2026', 'LHP086', 7.08, 6.43, 9.74, 8.81, 'A', 4.0, TRUE),
    (1555, 'HV417', '646305', 'Trọng Bùi', 'MH039', 'PHY188', 'Horizontal well-modulated circuit', 3, 'HK014', 'Học kỳ 2 Năm học 2025-2026', 'LHP068', 9.73, 5.51, 4.82, 5.45, 'D+', 1.5, TRUE),
    (1556, 'HV416', '652563', 'Dũng Dương', 'MH024', 'PHY887', 'Progressive encompassing model', 4, 'HK004', 'Học kỳ 1 Năm học 2022-2023', 'LHP097', 7.14, 6.11, 5.63, 5.88, 'C', 2.0, TRUE),
    (1557, 'HV304', '653929', 'Quý cô Nhật Đặng', 'MH015', 'NN101', 'Tiếng Anh cơ bản', 4, 'HK004', 'Học kỳ 1 Năm học 2022-2023', 'LHP044', 8.6, 8.33, 6.85, 7.32, 'B', 3.0, TRUE),
    (1558, 'HV322', '639030', 'Cô Phương Dương', 'MH066', 'MATH808', 'User-friendly eco-centric framework', 4, 'HK014', 'Học kỳ 2 Năm học 2025-2026', 'LHP076', 5.89, 5.11, 8.66, 7.68, 'B', 3.0, TRUE),
    (1559, 'HV312', '633907', 'Dương Vũ', 'MH062', 'CHEM292', 'Sharable fault-tolerant implementation', 3, 'HK015', 'Học kỳ hè Năm học 2025-2026', 'LHP017', 7.57, 10, 4.11, 5.63, 'C', 2.0, TRUE),
    (1560, 'HV386', '658011', 'Thành Bùi', 'MH010', 'KT101', 'Kinh tế vi mô', 3, 'HK005', 'Học kỳ 2 Năm học 2022-2023', 'LHP113', 8.21, 6.41, 8.18, 7.83, 'B', 3.0, TRUE),
    (1561, 'HV260', '664671', 'Duyên Đặng', 'MH027', 'CHEM106', 'Down-sized methodical flexibility', 3, 'HK001', 'Học kỳ 1 Năm học 2021-2022', 'LHP069', 5.43, 10, 6.2, 6.88, 'C+', 2.5, TRUE),
    (1562, 'HV111', '666302', 'Tú Vũ', 'MH074', 'PHY418', 'Centralized leadingedge knowledge user', 4, 'HK008', 'Học kỳ 2 Năm học 2023-2024', 'LHP065', 6.56, 8.76, 1.78, 3.65, 'F', 0.0, FALSE),
    (1563, 'HV202', '653398', 'Khoa Nguyễn', 'MH012', 'KT201', 'Nguyên lý kế toán', 4, 'HK010', 'Học kỳ 1 Năm học 2024-2025', 'LHP102', 6.96, 5.47, 9.04, 8.12, 'B+', 3.5, TRUE),
    (1564, 'HV069', '637423', 'Bà Thành Trần', 'MH018', 'NN202', 'Tiếng Trung cơ bản', 4, 'HK014', 'Học kỳ 2 Năm học 2025-2026', 'LHP081', 6.32, 4.72, 6.56, 6.16, 'C+', 2.5, TRUE),
    (1565, 'HV081', '635927', 'Bà Nhật Mai', 'MH043', 'PHY829', 'Managed modular focus group', 2, 'HK007', 'Học kỳ 1 Năm học 2023-2024', 'LHP057', 8.18, 4.77, 8.33, 7.6, 'B', 3.0, TRUE),
    (1566, 'HV218', '666543', 'Hà Trí Mai', 'MH016', 'NN102', 'Tiếng Anh học thuật', 3, 'HK009', 'Học kỳ hè Năm học 2023-2024', 'LHP103', 9.78, 7.92, 3.05, 4.7, 'D', 1.0, FALSE),
    (1567, 'HV019', '679202', 'Vi Mai', 'MH074', 'PHY418', 'Centralized leadingedge knowledge user', 4, 'HK002', 'Học kỳ 2 Năm học 2021-2022', 'LHP037', 7.36, 5.19, 2.53, 3.54, 'F', 0.0, FALSE),
    (1568, 'HV229', '656229', 'Phúc Hải Hoàng', 'MH045', 'CS718', 'Face-to-face bandwidth-monitored encoding', 2, 'HK010', 'Học kỳ 1 Năm học 2024-2025', 'LHP024', 5.0, 4.47, 5.77, 5.43, 'D+', 1.5, TRUE),
    (1569, 'HV406', '641276', 'Hạnh Mai', 'MH049', 'PHY904', 'Re-engineered context-sensitive interface', 4, 'HK001', 'Học kỳ 1 Năm học 2021-2022', 'LHP108', 6.88, 5.63, 8.41, 7.7, 'B', 3.0, TRUE),
    (1570, 'HV485', '664367', 'Bà Duyên Bùi', 'MH035', 'CS527', 'Innovative executive utilization', 2, 'HK004', 'Học kỳ 1 Năm học 2022-2023', 'LHP104', 8.73, 7.61, 5.68, 6.37, 'C+', 2.5, TRUE),
    (1571, 'HV022', '633324', 'Minh Vũ', 'MH041', 'CS382', 'Seamless context-sensitive infrastructure', 4, 'HK014', 'Học kỳ 2 Năm học 2025-2026', 'LHP064', 6.95, 9.27, 3.71, 5.15, 'D+', 1.5, TRUE),
    (1572, 'HV273', '638248', 'Nhật Dương', 'MH080', 'PHY434', 'Operative responsive project', 3, 'HK004', 'Học kỳ 1 Năm học 2022-2023', 'LHP012', 8.23, 7.94, 7.83, 7.89, 'B', 3.0, TRUE),
    (1573, 'HV309', '641314', 'Thành Hoàng Dương', 'MH019', 'QS101', 'Giáo dục Quốc phòng', 2, 'HK003', 'Học kỳ hè Năm học 2021-2022', 'LHP051', 7.95, 10, 5.07, 6.34, 'C+', 2.5, TRUE),
    (1574, 'HV121', '632322', 'Tùng Văn Phạm', 'MH033', 'MATH371', 'Reactive fault-tolerant Internet solution', 4, 'HK009', 'Học kỳ hè Năm học 2023-2024', 'LHP102', 8.11, 6.73, 3.94, 4.91, 'D', 1.0, FALSE),
    (1575, 'HV091', '661286', 'Ông Dũng Lê', 'MH072', 'MATH659', 'Innovative systemic support', 3, 'HK010', 'Học kỳ 1 Năm học 2024-2025', 'LHP037', 8.19, 10, 8.51, 8.78, 'A', 4.0, TRUE),
    (1576, 'HV077', '639734', 'Cô Lâm Hoàng', 'MH019', 'QS101', 'Giáo dục Quốc phòng', 2, 'HK014', 'Học kỳ 2 Năm học 2025-2026', 'LHP079', 7.32, 6.1, 8.37, 7.81, 'B', 3.0, TRUE),
    (1577, 'HV072', '662287', 'Chị Duyên Trần', 'MH014', 'KT301', 'Kinh tế lượng', 3, 'HK001', 'Học kỳ 1 Năm học 2021-2022', 'LHP097', 9.45, 5.62, 4.18, 5.0, 'D+', 1.5, TRUE),
    (1578, 'HV180', '678233', 'Quý cô Hải Mai', 'MH039', 'PHY188', 'Horizontal well-modulated circuit', 3, 'HK007', 'Học kỳ 1 Năm học 2023-2024', 'LHP029', 6.64, 5.5, 10, 8.76, 'A', 4.0, TRUE),
    (1579, 'HV427', '658159', 'Nam Phú Phạm', 'MH004', 'IT202', 'Cơ sở dữ liệu', 3, 'HK003', 'Học kỳ hè Năm học 2021-2022', 'LHP120', 8.18, 5.22, 4.68, 5.14, 'D+', 1.5, TRUE),
    (1580, 'HV031', '675923', 'Quang Mai Bùi', 'MH009', 'IT304', 'An toàn và bảo mật thông tin', 3, 'HK008', 'Học kỳ 2 Năm học 2023-2024', 'LHP004', 6.65, 6.7, 5.97, 6.19, 'C+', 2.5, TRUE),
    (1581, 'HV017', '679113', 'Hưng Dương', 'MH018', 'NN202', 'Tiếng Trung cơ bản', 4, 'HK009', 'Học kỳ hè Năm học 2023-2024', 'LHP086', 6.98, 6.54, 7.73, 7.42, 'B', 3.0, TRUE),
    (1582, 'HV274', '652800', 'Quý cô Lâm Bùi', 'MH065', 'MATH771', 'Digitized upward-trending emulation', 2, 'HK007', 'Học kỳ 1 Năm học 2023-2024', 'LHP031', 4.8, 8.74, 6.52, 6.79, 'C+', 2.5, TRUE),
    (1583, 'HV009', '676693', 'Thảo Đặng', 'MH051', 'MATH882', 'Proactive foreground emulation', 2, 'HK015', 'Học kỳ hè Năm học 2025-2026', 'LHP041', 9.7, 7.92, 6.17, 6.87, 'C+', 2.5, TRUE),
    (1584, 'HV260', '664671', 'Duyên Đặng', 'MH035', 'CS527', 'Innovative executive utilization', 2, 'HK014', 'Học kỳ 2 Năm học 2025-2026', 'LHP077', 7.62, 6.88, 7.05, 7.07, 'B', 3.0, TRUE),
    (1585, 'HV091', '661286', 'Ông Dũng Lê', 'MH061', 'PHY563', 'Reactive intangible contingency', 4, 'HK010', 'Học kỳ 1 Năm học 2024-2025', 'LHP072', 6.02, 6.25, 8.64, 7.9, 'B', 3.0, TRUE),
    (1586, 'HV358', '631002', 'Mai Bùi', 'MH003', 'IT201', 'Cấu trúc dữ liệu và giải thuật', 4, 'HK004', 'Học kỳ 1 Năm học 2022-2023', 'LHP091', 6.36, 5.12, 9.27, 8.15, 'B+', 3.5, TRUE),
    (1587, 'HV044', '664675', 'Hạnh Trần', 'MH009', 'IT304', 'An toàn và bảo mật thông tin', 3, 'HK013', 'Học kỳ 1 Năm học 2025-2026', 'LHP003', 9.34, 4.04, 3.7, 4.33, 'D', 1.0, FALSE),
    (1588, 'HV014', '656177', 'Huy Hữu Trần', 'MH065', 'MATH771', 'Digitized upward-trending emulation', 2, 'HK003', 'Học kỳ hè Năm học 2021-2022', 'LHP059', 8.64, 4.91, 3.96, 4.62, 'D', 1.0, FALSE),
    (1589, 'HV365', '655468', 'Bác Thành Phạm', 'MH072', 'MATH659', 'Innovative systemic support', 3, 'HK010', 'Học kỳ 1 Năm học 2024-2025', 'LHP067', 9.07, 4.33, 6.42, 6.27, 'C+', 2.5, TRUE),
    (1590, 'HV400', '661469', 'Linh Hoàng', 'MH049', 'PHY904', 'Re-engineered context-sensitive interface', 4, 'HK008', 'Học kỳ 2 Năm học 2023-2024', 'LHP090', 6.27, 8.72, 8.97, 8.65, 'A', 4.0, TRUE),
    (1591, 'HV485', '664367', 'Bà Duyên Bùi', 'MH079', 'CHEM343', 'Innovative multi-state collaboration', 2, 'HK006', 'Học kỳ hè Năm học 2022-2023', 'LHP070', 8.21, 6.62, 9.33, 8.68, 'A', 4.0, TRUE),
    (1592, 'HV345', '668535', 'Tùng Mai', 'MH065', 'MATH771', 'Digitized upward-trending emulation', 2, 'HK012', 'Học kỳ hè Năm học 2024-2025', 'LHP093', 9.05, 8.96, 9.63, 9.44, 'A+', 4.0, TRUE),
    (1593, 'HV408', '643141', 'Phương Hải Hoàng', 'MH009', 'IT304', 'An toàn và bảo mật thông tin', 3, 'HK009', 'Học kỳ hè Năm học 2023-2024', 'LHP060', 7.66, 9.1, 8.73, 8.7, 'A', 4.0, TRUE),
    (1594, 'HV137', '663541', 'Cô Kim Nguyễn', 'MH052', 'CHEM184', 'Automated heuristic pricing structure', 4, 'HK005', 'Học kỳ 2 Năm học 2022-2023', 'LHP118', 8.44, 5.75, 4.1, 4.87, 'D', 1.0, FALSE),
    (1595, 'HV453', '644665', 'Nam Thế Đặng', 'MH017', 'NN201', 'Tiếng Anh chuyên ngành', 3, 'HK010', 'Học kỳ 1 Năm học 2024-2025', 'LHP021', 5.67, 9.81, 4.19, 5.46, 'D+', 1.5, TRUE),
    (1596, 'HV492', '679881', 'Bà Phương Dương', 'MH011', 'KT102', 'Kinh tế vĩ mô', 3, 'HK014', 'Học kỳ 2 Năm học 2025-2026', 'LHP073', 6.22, 8.43, 3.4, 4.69, 'D', 1.0, FALSE),
    (1597, 'HV176', '654689', 'Khoa Mai Phạm', 'MH010', 'KT101', 'Kinh tế vi mô', 3, 'HK001', 'Học kỳ 1 Năm học 2021-2022', 'LHP047', 9.4, 6.62, 3.92, 5.01, 'D+', 1.5, TRUE),
    (1598, 'HV068', '653439', 'Nam Bảo Lê', 'MH029', 'CS728', 'Fundamental incremental synergy', 2, 'HK013', 'Học kỳ 1 Năm học 2025-2026', 'LHP084', 5.31, 8.82, 3.55, 4.78, 'D', 1.0, FALSE),
    (1599, 'HV131', '651743', 'Chị Ánh Bùi', 'MH066', 'MATH808', 'User-friendly eco-centric framework', 4, 'HK010', 'Học kỳ 1 Năm học 2024-2025', 'LHP094', 9.02, 4.25, 6.18, 6.08, 'C+', 2.5, TRUE),
    (1600, 'HV132', '668610', 'Bảo Phạm', 'MH009', 'IT304', 'An toàn và bảo mật thông tin', 3, 'HK012', 'Học kỳ hè Năm học 2024-2025', 'LHP015', 4.89, 6.87, 3.59, 4.37, 'D', 1.0, FALSE),
    (1601, 'HV147', '641304', 'Khoa Mai Bảo Đặng', 'MH065', 'MATH771', 'Digitized upward-trending emulation', 2, 'HK012', 'Học kỳ hè Năm học 2024-2025', 'LHP074', 8.96, 7.75, 4.62, 5.68, 'C', 2.0, TRUE),
    (1602, 'HV250', '646612', 'Nhật Trần', 'MH057', 'CS148', 'Versatile modular complexity', 2, 'HK002', 'Học kỳ 2 Năm học 2021-2022', 'LHP073', 9.7, 8.44, 4.07, 5.5, 'C', 2.0, TRUE),
    (1603, 'HV201', '668145', 'Bảo Dương', 'MH042', 'CS898', 'Phased cohesive initiative', 3, 'HK015', 'Học kỳ hè Năm học 2025-2026', 'LHP088', 5.92, 8.6, 5.54, 6.19, 'C+', 2.5, TRUE),
    (1604, 'HV075', '632613', 'Tú Lê', 'MH068', 'CS441', 'Decentralized systemic productivity', 4, 'HK015', 'Học kỳ hè Năm học 2025-2026', 'LHP040', 9.22, 5.68, 8.54, 8.04, 'B+', 3.5, TRUE),
    (1605, 'HV247', '644453', 'Chị Nhật Mai', 'MH066', 'MATH808', 'User-friendly eco-centric framework', 4, 'HK015', 'Học kỳ hè Năm học 2025-2026', 'LHP097', 6.89, 5.74, 7.52, 7.1, 'B', 3.0, TRUE),
    (1606, 'HV228', '647635', 'Hải Mai Bảo Dương', 'MH057', 'CS148', 'Versatile modular complexity', 2, 'HK009', 'Học kỳ hè Năm học 2023-2024', 'LHP040', 6.54, 5.86, 5.95, 5.99, 'C', 2.0, TRUE),
    (1607, 'HV085', '633367', 'Tùng Bảo Dương', 'MH056', 'MATH569', 'Secured client-driven database', 3, 'HK007', 'Học kỳ 1 Năm học 2023-2024', 'LHP061', 8.83, 6.47, 6.03, 6.4, 'C+', 2.5, TRUE),
    (1608, 'HV431', '678241', 'Ánh Mai', 'MH015', 'NN101', 'Tiếng Anh cơ bản', 4, 'HK001', 'Học kỳ 1 Năm học 2021-2022', 'LHP065', 10, 9.03, 10, 9.81, 'A+', 4.0, TRUE),
    (1609, 'HV108', '658847', 'Quý ông Phúc Phạm', 'MH035', 'CS527', 'Innovative executive utilization', 2, 'HK015', 'Học kỳ hè Năm học 2025-2026', 'LHP063', 7.64, 5.19, 9.18, 8.23, 'B+', 3.5, TRUE),
    (1610, 'HV498', '642862', 'Hạnh Lê', 'MH003', 'IT201', 'Cấu trúc dữ liệu và giải thuật', 4, 'HK010', 'Học kỳ 1 Năm học 2024-2025', 'LHP021', 8.15, 4.49, 3.7, 4.31, 'D', 1.0, FALSE),
    (1611, 'HV266', '643487', 'Nhật Hoàng', 'MH037', 'CHEM420', 'User-centric intermediate approach', 3, 'HK007', 'Học kỳ 1 Năm học 2023-2024', 'LHP030', 8.23, 8.17, 8.86, 8.66, 'A', 4.0, TRUE),
    (1612, 'HV468', '672259', 'Hạnh Dương', 'MH039', 'PHY188', 'Horizontal well-modulated circuit', 3, 'HK007', 'Học kỳ 1 Năm học 2023-2024', 'LHP113', 6.56, 8.46, 4.92, 5.79, 'C', 2.0, TRUE),
    (1613, 'HV061', '634130', 'Chị Phương Nguyễn', 'MH073', 'CS219', 'Cross-platform client-server policy', 3, 'HK011', 'Học kỳ 2 Năm học 2024-2025', 'LHP054', 5.14, 9.76, 6.41, 6.95, 'C+', 2.5, TRUE),
    (1614, 'HV401', '671563', 'Anh Quang Đặng', 'MH011', 'KT102', 'Kinh tế vĩ mô', 3, 'HK001', 'Học kỳ 1 Năm học 2021-2022', 'LHP016', 10, 9.99, 4.72, 6.3, 'C+', 2.5, TRUE),
    (1615, 'HV475', '638607', 'Quý ông Quang Dương', 'MH050', 'CS774', 'Face-to-face global parallelism', 3, 'HK011', 'Học kỳ 2 Năm học 2024-2025', 'LHP016', 7.76, 4.78, 7.02, 6.65, 'C+', 2.5, TRUE),
    (1616, 'HV175', '637833', 'Hồng Bùi', 'MH007', 'IT302', 'Trí tuệ nhân tạo', 3, 'HK005', 'Học kỳ 2 Năm học 2022-2023', 'LHP113', 4.22, 7.82, 4.61, 5.21, 'D+', 1.5, TRUE),
    (1617, 'HV094', '677193', 'Ánh Hoàng', 'MH079', 'CHEM343', 'Innovative multi-state collaboration', 2, 'HK002', 'Học kỳ 2 Năm học 2021-2022', 'LHP050', 6.0, 6.77, 6.24, 6.32, 'C+', 2.5, TRUE),
    (1618, 'HV138', '665261', 'Bảo Mai', 'MH035', 'CS527', 'Innovative executive utilization', 2, 'HK006', 'Học kỳ hè Năm học 2022-2023', 'LHP062', 5.52, 6.76, 3.04, 4.03, 'D', 1.0, FALSE),
    (1619, 'HV177', '652396', 'Bác Quang Dương', 'MH044', 'CS575', 'Enhanced 24/7 leverage', 3, 'HK004', 'Học kỳ 1 Năm học 2022-2023', 'LHP113', 4.67, 8.66, 4.89, 5.62, 'C', 2.0, TRUE),
    (1620, 'HV062', '645286', 'Anh Hoàng Hoàng', 'MH001', 'IT101', 'Nhập môn Công nghệ thông tin', 3, 'HK012', 'Học kỳ hè Năm học 2024-2025', 'LHP021', 6.61, 8.16, 7.3, 7.4, 'B', 3.0, TRUE),
    (1621, 'HV029', '674894', 'Hà Nguyễn', 'MH071', 'CHEM141', 'Re-contextualized global open system', 3, 'HK002', 'Học kỳ 2 Năm học 2021-2022', 'LHP120', 10, 4.45, 6.32, 6.32, 'C+', 2.5, TRUE),
    (1622, 'HV017', '679113', 'Hưng Dương', 'MH042', 'CS898', 'Phased cohesive initiative', 3, 'HK007', 'Học kỳ 1 Năm học 2023-2024', 'LHP033', 8.58, 7.67, 7.62, 7.72, 'B', 3.0, TRUE),
    (1623, 'HV444', '645462', 'Lâm Hoàng Vũ', 'MH015', 'NN101', 'Tiếng Anh cơ bản', 4, 'HK006', 'Học kỳ hè Năm học 2022-2023', 'LHP035', 5.48, 9.77, 7.1, 7.47, 'B', 3.0, TRUE),
    (1624, 'HV489', '634143', 'Hoàng Bùi', 'MH021', 'QS201', 'Chiến thuật bộ binh', 3, 'HK001', 'Học kỳ 1 Năm học 2021-2022', 'LHP011', 5.96, 5.59, 5.86, 5.81, 'C', 2.0, TRUE),
    (1625, 'HV419', '645058', 'Châu Hữu Bùi', 'MH062', 'CHEM292', 'Sharable fault-tolerant implementation', 3, 'HK006', 'Học kỳ hè Năm học 2022-2023', 'LHP094', 10, 7.11, 6.91, 7.26, 'B', 3.0, TRUE),
    (1626, 'HV435', '679739', 'Nam Thế Đặng', 'MH017', 'NN201', 'Tiếng Anh chuyên ngành', 3, 'HK001', 'Học kỳ 1 Năm học 2021-2022', 'LHP015', 5.25, 6.33, 5.77, 5.83, 'C', 2.0, TRUE),
    (1627, 'HV234', '665500', 'Hưng Hữu Trần', 'MH034', 'MATH998', 'Networked intermediate data-warehouse', 3, 'HK007', 'Học kỳ 1 Năm học 2023-2024', 'LHP047', 6.23, 6.97, 7.81, 7.48, 'B', 3.0, TRUE),
    (1628, 'HV057', '651179', 'Quang Vũ', 'MH009', 'IT304', 'An toàn và bảo mật thông tin', 3, 'HK002', 'Học kỳ 2 Năm học 2021-2022', 'LHP059', 7.45, 9.05, 4.64, 5.8, 'C', 2.0, TRUE),
    (1629, 'HV412', '641220', 'Hưng Đặng', 'MH065', 'MATH771', 'Digitized upward-trending emulation', 2, 'HK008', 'Học kỳ 2 Năm học 2023-2024', 'LHP093', 9.44, 8.42, 7.18, 7.66, 'B', 3.0, TRUE),
    (1630, 'HV466', '669638', 'Quý cô Vân Phạm', 'MH029', 'CS728', 'Fundamental incremental synergy', 2, 'HK005', 'Học kỳ 2 Năm học 2022-2023', 'LHP077', 8.01, 8.33, 7.26, 7.55, 'B', 3.0, TRUE),
    (1631, 'HV309', '641314', 'Thành Hoàng Dương', 'MH031', 'CHEM492', 'Exclusive asynchronous alliance', 3, 'HK004', 'Học kỳ 1 Năm học 2022-2023', 'LHP038', 7.49, 4.53, 4.17, 4.57, 'D', 1.0, FALSE),
    (1632, 'HV428', '635074', 'Chị Hà Dương', 'MH002', 'IT102', 'Lập trình cơ bản', 4, 'HK015', 'Học kỳ hè Năm học 2025-2026', 'LHP052', 7.47, 6.85, 7.25, 7.19, 'B', 3.0, TRUE),
    (1633, 'HV430', '631245', 'Ông Anh Phạm', 'MH051', 'MATH882', 'Proactive foreground emulation', 2, 'HK010', 'Học kỳ 1 Năm học 2024-2025', 'LHP096', 4.95, 8.46, 7.31, 7.3, 'B', 3.0, TRUE),
    (1634, 'HV236', '645656', 'Cô Hải Phạm', 'MH063', 'MATH935', 'Implemented even-keeled complexity', 2, 'HK007', 'Học kỳ 1 Năm học 2023-2024', 'LHP007', 7.41, 8.61, 5.67, 6.43, 'C+', 2.5, TRUE),
    (1635, 'HV491', '657237', 'Quý cô Lâm Vũ', 'MH032', 'CS758', 'Inverse maximized forecast', 4, 'HK011', 'Học kỳ 2 Năm học 2024-2025', 'LHP097', 5.57, 5.58, 3.93, 4.42, 'D', 1.0, FALSE),
    (1636, 'HV203', '657107', 'Quý cô Lâm Dương', 'MH047', 'CS612', 'Automated 4thgeneration strategy', 4, 'HK004', 'Học kỳ 1 Năm học 2022-2023', 'LHP068', 8.09, 8.65, 6.95, 7.41, 'B', 3.0, TRUE),
    (1637, 'HV458', '647395', 'Nam Xuân Trần', 'MH021', 'QS201', 'Chiến thuật bộ binh', 3, 'HK008', 'Học kỳ 2 Năm học 2023-2024', 'LHP108', 4.61, 10, 4.94, 5.92, 'C', 2.0, TRUE),
    (1638, 'HV477', '674649', 'Dương Phạm', 'MH015', 'NN101', 'Tiếng Anh cơ bản', 4, 'HK014', 'Học kỳ 2 Năm học 2025-2026', 'LHP102', 5.55, 6.86, 4.9, 5.35, 'D+', 1.5, TRUE),
    (1639, 'HV399', '672465', 'Hương Vũ', 'MH045', 'CS718', 'Face-to-face bandwidth-monitored encoding', 2, 'HK003', 'Học kỳ hè Năm học 2021-2022', 'LHP109', 6.67, 7.23, 3.17, 4.33, 'D', 1.0, FALSE),
    (1640, 'HV042', '672024', 'Khoa Trí Bùi', 'MH064', 'CS960', 'Synchronized real-time budgetary management', 2, 'HK001', 'Học kỳ 1 Năm học 2021-2022', 'LHP044', 6.93, 7.05, 3.43, 4.5, 'D', 1.0, FALSE),
    (1641, 'HV104', '678058', 'Hưng Hải Đặng', 'MH080', 'PHY434', 'Operative responsive project', 3, 'HK004', 'Học kỳ 1 Năm học 2022-2023', 'LHP049', 7.2, 5.77, 8.67, 7.94, 'B', 3.0, TRUE),
    (1642, 'HV007', '665380', 'Ngọc Bùi', 'MH068', 'CS441', 'Decentralized systemic productivity', 4, 'HK002', 'Học kỳ 2 Năm học 2021-2022', 'LHP063', 9.02, 4.66, 10, 8.83, 'A', 4.0, TRUE),
    (1643, 'HV310', '662595', 'Chị Linh Nguyễn', 'MH066', 'MATH808', 'User-friendly eco-centric framework', 4, 'HK013', 'Học kỳ 1 Năm học 2025-2026', 'LHP055', 8.89, 6.3, 7.86, 7.65, 'B', 3.0, TRUE),
    (1644, 'HV365', '655468', 'Bác Thành Phạm', 'MH027', 'CHEM106', 'Down-sized methodical flexibility', 3, 'HK015', 'Học kỳ hè Năm học 2025-2026', 'LHP050', 5.14, 8.62, 7.85, 7.73, 'B', 3.0, TRUE),
    (1645, 'HV163', '679170', 'Quý cô Hà Dương', 'MH062', 'CHEM292', 'Sharable fault-tolerant implementation', 3, 'HK001', 'Học kỳ 1 Năm học 2021-2022', 'LHP102', 5.84, 7.3, 9.32, 8.57, 'A', 4.0, TRUE),
    (1646, 'HV479', '651208', 'Bác Thành Nguyễn', 'MH026', 'CHEM794', 'Compatible client-server system engine', 3, 'HK008', 'Học kỳ 2 Năm học 2023-2024', 'LHP056', 7.76, 4.55, 5.84, 5.77, 'C', 2.0, TRUE),
    (1647, 'HV159', '657214', 'Chị Hải Nguyễn', 'MH042', 'CS898', 'Phased cohesive initiative', 3, 'HK014', 'Học kỳ 2 Năm học 2025-2026', 'LHP101', 8.85, 8.65, 6.06, 6.86, 'C+', 2.5, TRUE),
    (1648, 'HV413', '661330', 'Vũ Hoàng', 'MH044', 'CS575', 'Enhanced 24/7 leverage', 3, 'HK009', 'Học kỳ hè Năm học 2023-2024', 'LHP046', 5.16, 6.18, 7.33, 6.89, 'C+', 2.5, TRUE),
    (1649, 'HV174', '662180', 'Hoàng Thị Bùi', 'MH069', 'CHEM272', 'Mandatory value-added moratorium', 4, 'HK012', 'Học kỳ hè Năm học 2024-2025', 'LHP027', 8.28, 9.51, 6.15, 7.04, 'B', 3.0, TRUE),
    (1650, 'HV215', '675695', 'Hưng Vũ', 'MH041', 'CS382', 'Seamless context-sensitive infrastructure', 4, 'HK005', 'Học kỳ 2 Năm học 2022-2023', 'LHP028', 8.55, 4.52, 2.94, 3.82, 'F', 0.0, FALSE),
    (1651, 'HV023', '673003', 'Dũng Lê', 'MH074', 'PHY418', 'Centralized leadingedge knowledge user', 4, 'HK006', 'Học kỳ hè Năm học 2022-2023', 'LHP006', 6.42, 9.33, 3.66, 5.07, 'D+', 1.5, TRUE),
    (1652, 'HV044', '664675', 'Hạnh Trần', 'MH002', 'IT102', 'Lập trình cơ bản', 4, 'HK007', 'Học kỳ 1 Năm học 2023-2024', 'LHP101', 7.51, 4.88, 8.78, 7.87, 'B', 3.0, TRUE),
    (1653, 'HV107', '638936', 'Hạnh Hữu Bùi', 'MH057', 'CS148', 'Versatile modular complexity', 2, 'HK001', 'Học kỳ 1 Năm học 2021-2022', 'LHP070', 8.84, 8.01, 5.79, 6.54, 'C+', 2.5, TRUE),
    (1654, 'HV483', '678743', 'Bà Vi Dương', 'MH026', 'CHEM794', 'Compatible client-server system engine', 3, 'HK009', 'Học kỳ hè Năm học 2023-2024', 'LHP063', 9.35, 7.68, 4.12, 5.36, 'D+', 1.5, TRUE),
    (1655, 'HV241', '645147', 'Quý ông Dũng Hoàng', 'MH067', 'CS639', 'Customizable grid-enabled info-mediaries', 4, 'HK013', 'Học kỳ 1 Năm học 2025-2026', 'LHP061', 9.43, 9.08, 3.48, 5.2, 'D+', 1.5, TRUE),
    (1656, 'HV187', '657591', 'Quang Hoàng', 'MH045', 'CS718', 'Face-to-face bandwidth-monitored encoding', 2, 'HK002', 'Học kỳ 2 Năm học 2021-2022', 'LHP060', 7.09, 6.56, 6.65, 6.67, 'C+', 2.5, TRUE),
    (1657, 'HV009', '676693', 'Thảo Đặng', 'MH047', 'CS612', 'Automated 4thgeneration strategy', 4, 'HK001', 'Học kỳ 1 Năm học 2021-2022', 'LHP117', 5.03, 7.33, 6.35, 6.42, 'C+', 2.5, TRUE),
    (1658, 'HV248', '669088', 'Tú Hoàng Vũ', 'MH054', 'MATH608', 'Organic background conglomeration', 2, 'HK015', 'Học kỳ hè Năm học 2025-2026', 'LHP079', 6.29, 7.62, 8.91, 8.39, 'B+', 3.5, TRUE),
    (1659, 'HV281', '633282', 'Anh Nam Lê', 'MH049', 'PHY904', 'Re-engineered context-sensitive interface', 4, 'HK014', 'Học kỳ 2 Năm học 2025-2026', 'LHP023', 5.62, 5.45, 9.98, 8.63, 'A', 4.0, TRUE),
    (1660, 'HV224', '638267', 'Dũng Trần', 'MH072', 'MATH659', 'Innovative systemic support', 3, 'HK001', 'Học kỳ 1 Năm học 2021-2022', 'LHP107', 6.21, 9.08, 3.72, 5.04, 'D+', 1.5, TRUE),
    (1661, 'HV042', '672024', 'Khoa Trí Bùi', 'MH035', 'CS527', 'Innovative executive utilization', 2, 'HK013', 'Học kỳ 1 Năm học 2025-2026', 'LHP022', 5.98, 4.07, 7.22, 6.47, 'C+', 2.5, TRUE),
    (1662, 'HV227', '672675', 'Huy Đức Lê', 'MH057', 'CS148', 'Versatile modular complexity', 2, 'HK007', 'Học kỳ 1 Năm học 2023-2024', 'LHP062', 8.29, 5.49, 7.59, 7.24, 'B', 3.0, TRUE),
    (1663, 'HV239', '664162', 'Quang Vũ', 'MH020', 'QS102', 'Điều lệnh Quân đội', 2, 'HK006', 'Học kỳ hè Năm học 2022-2023', 'LHP010', 7.21, 8.77, 2.37, 4.14, 'D', 1.0, FALSE),
    (1664, 'HV312', '633907', 'Dương Vũ', 'MH029', 'CS728', 'Fundamental incremental synergy', 2, 'HK007', 'Học kỳ 1 Năm học 2023-2024', 'LHP007', 10, 4.0, 8.72, 7.9, 'B', 3.0, TRUE),
    (1665, 'HV468', '672259', 'Hạnh Dương', 'MH051', 'MATH882', 'Proactive foreground emulation', 2, 'HK011', 'Học kỳ 2 Năm học 2024-2025', 'LHP060', 9.26, 8.76, 5.51, 6.53, 'C+', 2.5, TRUE),
    (1666, 'HV073', '679695', 'Dương Đặng', 'MH051', 'MATH882', 'Proactive foreground emulation', 2, 'HK013', 'Học kỳ 1 Năm học 2025-2026', 'LHP069', 9.18, 6.73, 3.33, 4.6, 'D', 1.0, FALSE),
    (1667, 'HV448', '679623', 'Hạnh Mai Bảo Hoàng', 'MH002', 'IT102', 'Lập trình cơ bản', 4, 'HK004', 'Học kỳ 1 Năm học 2022-2023', 'LHP052', 9.56, 5.48, 2.59, 3.87, 'F', 0.0, FALSE),
    (1668, 'HV321', '673848', 'Quang Lê', 'MH013', 'KT202', 'Tài chính doanh nghiệp', 3, 'HK004', 'Học kỳ 1 Năm học 2022-2023', 'LHP052', 9.0, 9.31, 4.38, 5.83, 'C', 2.0, TRUE),
    (1669, 'HV106', '642692', 'Cô Hải Dương', 'MH001', 'IT101', 'Nhập môn Công nghệ thông tin', 3, 'HK001', 'Học kỳ 1 Năm học 2021-2022', 'LHP054', 5.64, 9.31, 6.29, 6.83, 'C+', 2.5, TRUE),
    (1670, 'HV273', '638248', 'Nhật Dương', 'MH029', 'CS728', 'Fundamental incremental synergy', 2, 'HK003', 'Học kỳ hè Năm học 2021-2022', 'LHP054', 10, 9.5, 8.24, 8.67, 'A', 4.0, TRUE),
    (1671, 'HV183', '635914', 'Anh Anh Đặng', 'MH028', 'CS900', 'Ergonomic demand-driven capacity', 4, 'HK013', 'Học kỳ 1 Năm học 2025-2026', 'LHP098', 5.01, 6.82, 5.9, 6.0, 'C+', 2.5, TRUE),
    (1672, 'HV199', '651330', 'Cô Ánh Bùi', 'MH058', 'MATH105', 'Proactive global hub', 3, 'HK015', 'Học kỳ hè Năm học 2025-2026', 'LHP034', 9.67, 9.7, 3.82, 5.58, 'C', 2.0, TRUE),
    (1673, 'HV252', '675654', 'Anh Bùi', 'MH051', 'MATH882', 'Proactive foreground emulation', 2, 'HK010', 'Học kỳ 1 Năm học 2024-2025', 'LHP096', 5.62, 7.03, 6.64, 6.61, 'C+', 2.5, TRUE),
    (1674, 'HV161', '645262', 'Cô Bảo Phạm', 'MH047', 'CS612', 'Automated 4thgeneration strategy', 4, 'HK011', 'Học kỳ 2 Năm học 2024-2025', 'LHP001', 7.45, 6.8, 4.57, 5.3, 'D+', 1.5, TRUE),
    (1675, 'HV318', '658767', 'Chị Bảo Bùi', 'MH030', 'MATH559', 'Cross-group 24hour knowledge user', 4, 'HK013', 'Học kỳ 1 Năm học 2025-2026', 'LHP022', 6.61, 5.55, 5.06, 5.32, 'D+', 1.5, TRUE),
    (1676, 'HV035', '661744', 'Hà Đức Vũ', 'MH080', 'PHY434', 'Operative responsive project', 3, 'HK003', 'Học kỳ hè Năm học 2021-2022', 'LHP049', 8.12, 10, 7.23, 7.87, 'B', 3.0, TRUE),
    (1677, 'HV409', '666672', 'Yến Đặng', 'MH048', 'CHEM889', 'Centralized systemic policy', 4, 'HK010', 'Học kỳ 1 Năm học 2024-2025', 'LHP039', 8.53, 8.41, 3.61, 5.06, 'D+', 1.5, TRUE),
    (1678, 'HV145', '668875', 'Quý cô Nhật Bùi', 'MH027', 'CHEM106', 'Down-sized methodical flexibility', 3, 'HK007', 'Học kỳ 1 Năm học 2023-2024', 'LHP095', 7.45, 7.62, 9.4, 8.85, 'A', 4.0, TRUE),
    (1679, 'HV421', '679907', 'Quý ông Nhiên Hoàng', 'MH043', 'PHY829', 'Managed modular focus group', 2, 'HK015', 'Học kỳ hè Năm học 2025-2026', 'LHP054', 7.61, 6.26, 3.97, 4.79, 'D', 1.0, FALSE),
    (1680, 'HV021', '652360', 'Ông Thành Bùi', 'MH076', 'CHEM207', 'Vision-oriented empowering parallelism', 2, 'HK014', 'Học kỳ 2 Năm học 2025-2026', 'LHP057', 7.47, 8.07, 8.75, 8.48, 'B+', 3.5, TRUE),
    (1681, 'HV256', '646046', 'Ngọc Vũ', 'MH031', 'CHEM492', 'Exclusive asynchronous alliance', 3, 'HK001', 'Học kỳ 1 Năm học 2021-2022', 'LHP104', 5.34, 8.39, 4.53, 5.38, 'D+', 1.5, TRUE),
    (1682, 'HV339', '672442', 'Hoàng Hữu Bùi', 'MH025', 'PHY546', 'Function-based intangible product', 4, 'HK009', 'Học kỳ hè Năm học 2023-2024', 'LHP078', 7.97, 6.26, 7.52, 7.31, 'B', 3.0, TRUE),
    (1683, 'HV100', '656334', 'Bác Vũ Nguyễn', 'MH035', 'CS527', 'Innovative executive utilization', 2, 'HK012', 'Học kỳ hè Năm học 2024-2025', 'LHP062', 7.47, 6.82, 7.99, 7.71, 'B', 3.0, TRUE),
    (1684, 'HV440', '646904', 'Bảo Thị Mai', 'MH054', 'MATH608', 'Organic background conglomeration', 2, 'HK003', 'Học kỳ hè Năm học 2021-2022', 'LHP106', 7.21, 10, 9.56, 9.41, 'A+', 4.0, TRUE),
    (1685, 'HV229', '656229', 'Phúc Hải Hoàng', 'MH072', 'MATH659', 'Innovative systemic support', 3, 'HK001', 'Học kỳ 1 Năm học 2021-2022', 'LHP029', 7.06, 8.92, 6.78, 7.23, 'B', 3.0, TRUE),
    (1686, 'HV258', '636392', 'Phương Lê', 'MH014', 'KT301', 'Kinh tế lượng', 3, 'HK013', 'Học kỳ 1 Năm học 2025-2026', 'LHP114', 6.32, 8.82, 3.58, 4.9, 'D', 1.0, FALSE),
    (1687, 'HV032', '633387', 'Chị Lâm Trần', 'MH068', 'CS441', 'Decentralized systemic productivity', 4, 'HK002', 'Học kỳ 2 Năm học 2021-2022', 'LHP012', 7.88, 6.95, 7.9, 7.71, 'B', 3.0, TRUE),
    (1688, 'HV201', '668145', 'Bảo Dương', 'MH001', 'IT101', 'Nhập môn Công nghệ thông tin', 3, 'HK006', 'Học kỳ hè Năm học 2022-2023', 'LHP071', 6.24, 7.88, 8.35, 8.05, 'B+', 3.5, TRUE),
    (1689, 'HV071', '646951', 'Cô Mai Dương', 'MH043', 'PHY829', 'Managed modular focus group', 2, 'HK012', 'Học kỳ hè Năm học 2024-2025', 'LHP032', 5.79, 5.34, 7.12, 6.63, 'C+', 2.5, TRUE),
    (1690, 'HV434', '644050', 'Lan Đặng', 'MH009', 'IT304', 'An toàn và bảo mật thông tin', 3, 'HK006', 'Học kỳ hè Năm học 2022-2023', 'LHP114', 7.06, 9.84, 6.55, 7.26, 'B', 3.0, TRUE),
    (1691, 'HV095', '672813', 'Lan Nguyễn', 'MH032', 'CS758', 'Inverse maximized forecast', 4, 'HK004', 'Học kỳ 1 Năm học 2022-2023', 'LHP011', 6.82, 8.91, 7.29, 7.56, 'B', 3.0, TRUE),
    (1692, 'HV372', '633148', 'Hạnh Thị Dương', 'MH054', 'MATH608', 'Organic background conglomeration', 2, 'HK004', 'Học kỳ 1 Năm học 2022-2023', 'LHP102', 9.73, 9.49, 9.5, 9.52, 'A+', 4.0, TRUE),
    (1693, 'HV076', '649762', 'Châu Bùi', 'MH050', 'CS774', 'Face-to-face global parallelism', 3, 'HK003', 'Học kỳ hè Năm học 2021-2022', 'LHP039', 7.88, 6.55, 6.75, 6.83, 'C+', 2.5, TRUE),
    (1694, 'HV242', '643087', 'Nhật Lê', 'MH058', 'MATH105', 'Proactive global hub', 3, 'HK011', 'Học kỳ 2 Năm học 2024-2025', 'LHP108', 10, 8.98, 5.43, 6.6, 'C+', 2.5, TRUE),
    (1695, 'HV422', '633593', 'Châu Nguyễn', 'MH049', 'PHY904', 'Re-engineered context-sensitive interface', 4, 'HK005', 'Học kỳ 2 Năm học 2022-2023', 'LHP036', 8.03, 6.06, 8.44, 7.92, 'B', 3.0, TRUE),
    (1696, 'HV274', '652800', 'Quý cô Lâm Bùi', 'MH079', 'CHEM343', 'Innovative multi-state collaboration', 2, 'HK002', 'Học kỳ 2 Năm học 2021-2022', 'LHP067', 10, 6.07, 4.78, 5.56, 'C', 2.0, TRUE),
    (1697, 'HV487', '634481', 'Mai Đặng', 'MH063', 'MATH935', 'Implemented even-keeled complexity', 2, 'HK006', 'Học kỳ hè Năm học 2022-2023', 'LHP041', 8.14, 4.37, 9.75, 8.51, 'A', 4.0, TRUE),
    (1698, 'HV055', '636433', 'Hà Bùi', 'MH038', 'PHY504', 'Secured zero-defect middleware', 3, 'HK013', 'Học kỳ 1 Năm học 2025-2026', 'LHP010', 5.43, 5.85, 7.14, 6.71, 'C+', 2.5, TRUE),
    (1699, 'HV328', '648608', 'Hải Đức Dương', 'MH067', 'CS639', 'Customizable grid-enabled info-mediaries', 4, 'HK003', 'Học kỳ hè Năm học 2021-2022', 'LHP010', 10, 7.55, 7.07, 7.46, 'B', 3.0, TRUE),
    (1700, 'HV239', '664162', 'Quang Vũ', 'MH022', 'QS202', 'Kỹ thuật quân sự', 3, 'HK014', 'Học kỳ 2 Năm học 2025-2026', 'LHP079', 6.54, 4.74, 8.23, 7.36, 'B', 3.0, TRUE),
    (1701, 'HV396', '673844', 'Ánh Mai', 'MH065', 'MATH771', 'Digitized upward-trending emulation', 2, 'HK005', 'Học kỳ 2 Năm học 2022-2023', 'LHP009', 9.37, 4.71, 2.8, 3.84, 'F', 0.0, FALSE),
    (1702, 'HV467', '657986', 'Quý ông Hưng Nguyễn', 'MH027', 'CHEM106', 'Down-sized methodical flexibility', 3, 'HK009', 'Học kỳ hè Năm học 2023-2024', 'LHP091', 9.83, 4.74, 6.69, 6.61, 'C+', 2.5, TRUE),
    (1703, 'HV088', '633878', 'Nhật Dương', 'MH056', 'MATH569', 'Secured client-driven database', 3, 'HK008', 'Học kỳ 2 Năm học 2023-2024', 'LHP021', 7.94, 10, 4.25, 5.77, 'C', 2.0, TRUE),
    (1704, 'HV010', '676918', 'Quý cô Lan Trần', 'MH019', 'QS101', 'Giáo dục Quốc phòng', 2, 'HK006', 'Học kỳ hè Năm học 2022-2023', 'LHP105', 8.18, 3.87, 6.09, 5.86, 'C', 2.0, TRUE),
    (1705, 'HV185', '643061', 'Trung Dương', 'MH080', 'PHY434', 'Operative responsive project', 3, 'HK008', 'Học kỳ 2 Năm học 2023-2024', 'LHP065', 8.93, 7.32, 6.02, 6.57, 'C+', 2.5, TRUE),
    (1706, 'HV151', '631616', 'Cô Lâm Dương', 'MH029', 'CS728', 'Fundamental incremental synergy', 2, 'HK012', 'Học kỳ hè Năm học 2024-2025', 'LHP101', 7.02, 6.26, 2.48, 3.69, 'F', 0.0, FALSE),
    (1707, 'HV408', '643141', 'Phương Hải Hoàng', 'MH062', 'CHEM292', 'Sharable fault-tolerant implementation', 3, 'HK004', 'Học kỳ 1 Năm học 2022-2023', 'LHP037', 7.6, 9.73, 5.47, 6.54, 'C+', 2.5, TRUE),
    (1708, 'HV035', '661744', 'Hà Đức Vũ', 'MH060', 'PHY835', 'Synergistic mobile analyzer', 4, 'HK008', 'Học kỳ 2 Năm học 2023-2024', 'LHP070', 5.87, 6.33, 5.5, 5.7, 'C', 2.0, TRUE),
    (1709, 'HV056', '667953', 'Tùng Hoàng Đặng', 'MH051', 'MATH882', 'Proactive foreground emulation', 2, 'HK015', 'Học kỳ hè Năm học 2025-2026', 'LHP001', 8.44, 9.28, 4.2, 5.64, 'C', 2.0, TRUE),
    (1710, 'HV372', '633148', 'Hạnh Thị Dương', 'MH077', 'CS623', 'Business-focused empowering concept', 4, 'HK002', 'Học kỳ 2 Năm học 2021-2022', 'LHP029', 9.23, 8.99, 7.98, 8.31, 'B+', 3.5, TRUE),
    (1711, 'HV247', '644453', 'Chị Nhật Mai', 'MH072', 'MATH659', 'Innovative systemic support', 3, 'HK007', 'Học kỳ 1 Năm học 2023-2024', 'LHP033', 9.53, 6.94, 6.15, 6.65, 'C+', 2.5, TRUE),
    (1712, 'HV413', '661330', 'Vũ Hoàng', 'MH063', 'MATH935', 'Implemented even-keeled complexity', 2, 'HK001', 'Học kỳ 1 Năm học 2021-2022', 'LHP080', 7.7, 5.01, 4.01, 4.58, 'D', 1.0, FALSE),
    (1713, 'HV279', '662478', 'Bà Vân Trần', 'MH032', 'CS758', 'Inverse maximized forecast', 4, 'HK008', 'Học kỳ 2 Năm học 2023-2024', 'LHP100', 7.31, 5.23, 8.46, 7.7, 'B', 3.0, TRUE),
    (1714, 'HV069', '637423', 'Bà Thành Trần', 'MH047', 'CS612', 'Automated 4thgeneration strategy', 4, 'HK013', 'Học kỳ 1 Năm học 2025-2026', 'LHP030', 10, 7.76, 5.52, 6.42, 'C+', 2.5, TRUE),
    (1715, 'HV231', '663098', 'Hải Vũ', 'MH039', 'PHY188', 'Horizontal well-modulated circuit', 3, 'HK001', 'Học kỳ 1 Năm học 2021-2022', 'LHP049', 8.81, 5.33, 7.87, 7.45, 'B', 3.0, TRUE),
    (1716, 'HV319', '679953', 'Anh Châu Nguyễn', 'MH041', 'CS382', 'Seamless context-sensitive infrastructure', 4, 'HK002', 'Học kỳ 2 Năm học 2021-2022', 'LHP042', 6.95, 7.79, 4.76, 5.58, 'C', 2.0, TRUE),
    (1717, 'HV425', '669692', 'Quý ông Châu Nguyễn', 'MH002', 'IT102', 'Lập trình cơ bản', 4, 'HK005', 'Học kỳ 2 Năm học 2022-2023', 'LHP055', 6.72, 7.56, 3.38, 4.55, 'D', 1.0, FALSE),
    (1718, 'HV366', '637790', 'Chị Dương Phạm', 'MH040', 'MATH908', 'Stand-alone responsive strategy', 4, 'HK001', 'Học kỳ 1 Năm học 2021-2022', 'LHP115', 9.22, 10, 6.16, 7.23, 'B', 3.0, TRUE),
    (1719, 'HV021', '652360', 'Ông Thành Bùi', 'MH076', 'CHEM207', 'Vision-oriented empowering parallelism', 2, 'HK015', 'Học kỳ hè Năm học 2025-2026', 'LHP033', 8.34, 8.35, 7.19, 7.53, 'B', 3.0, TRUE),
    (1720, 'HV079', '678855', 'Quý cô Hà Bùi', 'MH045', 'CS718', 'Face-to-face bandwidth-monitored encoding', 2, 'HK011', 'Học kỳ 2 Năm học 2024-2025', 'LHP039', 5.11, 5.65, 3.55, 4.13, 'D', 1.0, FALSE),
    (1721, 'HV019', '679202', 'Vi Mai', 'MH008', 'IT303', 'Học máy', 3, 'HK011', 'Học kỳ 2 Năm học 2024-2025', 'LHP104', 6.39, 7.43, 6.96, 6.99, 'C+', 2.5, TRUE),
    (1722, 'HV005', '663135', 'Chị Hà Mai', 'MH076', 'CHEM207', 'Vision-oriented empowering parallelism', 2, 'HK008', 'Học kỳ 2 Năm học 2023-2024', 'LHP093', 8.07, 6.28, 5.03, 5.59, 'C', 2.0, TRUE),
    (1723, 'HV206', '655548', 'Chị Bảo Hoàng', 'MH031', 'CHEM492', 'Exclusive asynchronous alliance', 3, 'HK002', 'Học kỳ 2 Năm học 2021-2022', 'LHP048', 7.86, 5.93, 8.48, 7.91, 'B', 3.0, TRUE),
    (1724, 'HV107', '638936', 'Hạnh Hữu Bùi', 'MH059', 'CS958', 'De-engineered zero tolerance neural-net', 4, 'HK012', 'Học kỳ hè Năm học 2024-2025', 'LHP086', 7.49, 5.08, 5.29, 5.47, 'D+', 1.5, TRUE),
    (1725, 'HV478', '639955', 'Thành Mai Bảo Nguyễn', 'MH012', 'KT201', 'Nguyên lý kế toán', 4, 'HK010', 'Học kỳ 1 Năm học 2024-2025', 'LHP048', 5.62, 8.14, 5.96, 6.36, 'C+', 2.5, TRUE),
    (1726, 'HV344', '636695', 'Kim Phạm', 'MH044', 'CS575', 'Enhanced 24/7 leverage', 3, 'HK004', 'Học kỳ 1 Năm học 2022-2023', 'LHP028', 7.79, 4.99, 3.9, 4.51, 'D', 1.0, FALSE),
    (1727, 'HV039', '665054', 'Quý cô Linh Đặng', 'MH004', 'IT202', 'Cơ sở dữ liệu', 3, 'HK006', 'Học kỳ hè Năm học 2022-2023', 'LHP021', 8.04, 4.59, 6.38, 6.19, 'C+', 2.5, TRUE),
    (1728, 'HV011', '651109', 'Trung Trí Bùi', 'MH012', 'KT201', 'Nguyên lý kế toán', 4, 'HK013', 'Học kỳ 1 Năm học 2025-2026', 'LHP116', 9.43, 7.5, 6.03, 6.67, 'C+', 2.5, TRUE),
    (1729, 'HV343', '641296', 'Cô Hải Dương', 'MH021', 'QS201', 'Chiến thuật bộ binh', 3, 'HK015', 'Học kỳ hè Năm học 2025-2026', 'LHP072', 9.16, 4.23, 2.94, 3.82, 'F', 0.0, FALSE),
    (1730, 'HV183', '635914', 'Anh Anh Đặng', 'MH020', 'QS102', 'Điều lệnh Quân đội', 2, 'HK010', 'Học kỳ 1 Năm học 2024-2025', 'LHP026', 8.34, 9.04, 6.83, 7.43, 'B', 3.0, TRUE),
    (1731, 'HV332', '672799', 'Vũ Dương', 'MH021', 'QS201', 'Chiến thuật bộ binh', 3, 'HK010', 'Học kỳ 1 Năm học 2024-2025', 'LHP013', 7.57, 6.05, 2.92, 4.01, 'D', 1.0, FALSE),
    (1732, 'HV445', '658365', 'Hoàng Tấn Mai', 'MH039', 'PHY188', 'Horizontal well-modulated circuit', 3, 'HK014', 'Học kỳ 2 Năm học 2025-2026', 'LHP017', 8.45, 8.8, 9.74, 9.42, 'A+', 4.0, TRUE),
    (1733, 'HV010', '676918', 'Quý cô Lan Trần', 'MH066', 'MATH808', 'User-friendly eco-centric framework', 4, 'HK010', 'Học kỳ 1 Năm học 2024-2025', 'LHP021', 5.74, 8.19, 7.78, 7.66, 'B', 3.0, TRUE),
    (1734, 'HV029', '674894', 'Hà Nguyễn', 'MH062', 'CHEM292', 'Sharable fault-tolerant implementation', 3, 'HK014', 'Học kỳ 2 Năm học 2025-2026', 'LHP002', 7.4, 7.71, 4.0, 5.08, 'D+', 1.5, TRUE),
    (1735, 'HV194', '634066', 'Nhật Dương', 'MH027', 'CHEM106', 'Down-sized methodical flexibility', 3, 'HK007', 'Học kỳ 1 Năm học 2023-2024', 'LHP055', 9.93, 6.04, 6.53, 6.77, 'C+', 2.5, TRUE),
    (1736, 'HV195', '644696', 'Chi Nguyễn', 'MH026', 'CHEM794', 'Compatible client-server system engine', 3, 'HK011', 'Học kỳ 2 Năm học 2024-2025', 'LHP111', 8.61, 5.29, 8.44, 7.83, 'B', 3.0, TRUE),
    (1737, 'HV052', '657510', 'Hải Trí Hoàng', 'MH033', 'MATH371', 'Reactive fault-tolerant Internet solution', 4, 'HK003', 'Học kỳ hè Năm học 2021-2022', 'LHP096', 9.82, 7.53, 7.63, 7.83, 'B', 3.0, TRUE),
    (1738, 'HV401', '671563', 'Anh Quang Đặng', 'MH006', 'IT301', 'Phát triển ứng dụng Web', 3, 'HK008', 'Học kỳ 2 Năm học 2023-2024', 'LHP065', 9.36, 4.97, 8.36, 7.78, 'B', 3.0, TRUE),
    (1739, 'HV403', '635310', 'Bảo Hải Mai', 'MH051', 'MATH882', 'Proactive foreground emulation', 2, 'HK008', 'Học kỳ 2 Năm học 2023-2024', 'LHP112', 5.94, 8.87, 10, 9.37, 'A+', 4.0, TRUE),
    (1740, 'HV488', '669534', 'Quý ông Hoàng Phạm', 'MH014', 'KT301', 'Kinh tế lượng', 3, 'HK002', 'Học kỳ 2 Năm học 2021-2022', 'LHP053', 9.03, 5.46, 6.2, 6.34, 'C+', 2.5, TRUE),
    (1741, 'HV437', '675359', 'Tùng Lê', 'MH038', 'PHY504', 'Secured zero-defect middleware', 3, 'HK011', 'Học kỳ 2 Năm học 2024-2025', 'LHP034', 9.2, 4.74, 6.85, 6.66, 'C+', 2.5, TRUE),
    (1742, 'HV290', '659783', 'Anh Hoàng Bùi', 'MH032', 'CS758', 'Inverse maximized forecast', 4, 'HK010', 'Học kỳ 1 Năm học 2024-2025', 'LHP069', 7.19, 7.68, 7.9, 7.78, 'B', 3.0, TRUE),
    (1743, 'HV475', '638607', 'Quý ông Quang Dương', 'MH065', 'MATH771', 'Digitized upward-trending emulation', 2, 'HK001', 'Học kỳ 1 Năm học 2021-2022', 'LHP007', 7.89, 4.99, 8.77, 7.92, 'B', 3.0, TRUE),
    (1744, 'HV264', '648996', 'Cô An Phạm', 'MH041', 'CS382', 'Seamless context-sensitive infrastructure', 4, 'HK015', 'Học kỳ hè Năm học 2025-2026', 'LHP082', 7.17, 4.59, 3.67, 4.21, 'D', 1.0, FALSE),
    (1745, 'HV050', '634303', 'Cô Thành Vũ', 'MH050', 'CS774', 'Face-to-face global parallelism', 3, 'HK010', 'Học kỳ 1 Năm học 2024-2025', 'LHP119', 9.59, 8.49, 4.62, 5.89, 'C', 2.0, TRUE),
    (1746, 'HV276', '645737', 'Cô Mai Phạm', 'MH064', 'CS960', 'Synchronized real-time budgetary management', 2, 'HK007', 'Học kỳ 1 Năm học 2023-2024', 'LHP091', 9.29, 10, 4.5, 6.08, 'C+', 2.5, TRUE),
    (1747, 'HV147', '641304', 'Khoa Mai Bảo Đặng', 'MH068', 'CS441', 'Decentralized systemic productivity', 4, 'HK011', 'Học kỳ 2 Năm học 2024-2025', 'LHP041', 8.43, 8.77, 3.31, 4.91, 'D', 1.0, FALSE),
    (1748, 'HV443', '641988', 'Bảo Trần', 'MH011', 'KT102', 'Kinh tế vĩ mô', 3, 'HK006', 'Học kỳ hè Năm học 2022-2023', 'LHP100', 9.56, 6.67, 7.68, 7.66, 'B', 3.0, TRUE),
    (1749, 'HV402', '678792', 'Bà Hương Hoàng', 'MH079', 'CHEM343', 'Innovative multi-state collaboration', 2, 'HK012', 'Học kỳ hè Năm học 2024-2025', 'LHP094', 6.37, 7.64, 5.11, 5.74, 'C', 2.0, TRUE),
    (1750, 'HV216', '678796', 'Hoàng Lê', 'MH049', 'PHY904', 'Re-engineered context-sensitive interface', 4, 'HK006', 'Học kỳ hè Năm học 2022-2023', 'LHP014', 7.68, 5.07, 7.23, 6.85, 'C+', 2.5, TRUE),
    (1751, 'HV231', '663098', 'Hải Vũ', 'MH001', 'IT101', 'Nhập môn Công nghệ thông tin', 3, 'HK012', 'Học kỳ hè Năm học 2024-2025', 'LHP103', 10, 3.5, 10, 8.7, 'A', 4.0, TRUE),
    (1752, 'HV157', '644987', 'Ông Trung Lê', 'MH062', 'CHEM292', 'Sharable fault-tolerant implementation', 3, 'HK014', 'Học kỳ 2 Năm học 2025-2026', 'LHP002', 5.41, 9.94, 5.69, 6.51, 'C+', 2.5, TRUE),
    (1753, 'HV303', '649364', 'Linh Trần', 'MH038', 'PHY504', 'Secured zero-defect middleware', 3, 'HK001', 'Học kỳ 1 Năm học 2021-2022', 'LHP010', 7.44, 5.61, 9.85, 8.77, 'A', 4.0, TRUE),
    (1754, 'HV490', '638764', 'Hưng Xuân Phạm', 'MH014', 'KT301', 'Kinh tế lượng', 3, 'HK008', 'Học kỳ 2 Năm học 2023-2024', 'LHP068', 6.69, 6.55, 9.42, 8.57, 'A', 4.0, TRUE),
    (1755, 'HV226', '655859', 'Ông Minh Lê', 'MH012', 'KT201', 'Nguyên lý kế toán', 4, 'HK002', 'Học kỳ 2 Năm học 2021-2022', 'LHP028', 9.15, 7.67, 3.24, 4.72, 'D', 1.0, FALSE),
    (1756, 'HV192', '664820', 'An Đức Vũ', 'MH004', 'IT202', 'Cơ sở dữ liệu', 3, 'HK003', 'Học kỳ hè Năm học 2021-2022', 'LHP111', 8.62, 10, 5.56, 6.75, 'C+', 2.5, TRUE),
    (1757, 'HV126', '658585', 'Chị Hà Lê', 'MH076', 'CHEM207', 'Vision-oriented empowering parallelism', 2, 'HK011', 'Học kỳ 2 Năm học 2024-2025', 'LHP062', 5.83, 10, 7.46, 7.81, 'B', 3.0, TRUE),
    (1758, 'HV474', '635847', 'Ông Trọng Phạm', 'MH075', 'CHEM371', 'Distributed contextually-based pricing structure', 2, 'HK009', 'Học kỳ hè Năm học 2023-2024', 'LHP070', 3.63, 4.88, 10, 8.34, 'B+', 3.5, TRUE),
    (1759, 'HV163', '679170', 'Quý cô Hà Dương', 'MH056', 'MATH569', 'Secured client-driven database', 3, 'HK004', 'Học kỳ 1 Năm học 2022-2023', 'LHP021', 6.19, 9.78, 5.14, 6.17, 'C+', 2.5, TRUE),
    (1760, 'HV470', '662972', 'Vũ Mai', 'MH032', 'CS758', 'Inverse maximized forecast', 4, 'HK015', 'Học kỳ hè Năm học 2025-2026', 'LHP024', 7.29, 8.63, 7.77, 7.9, 'B', 3.0, TRUE),
    (1761, 'HV065', '656270', 'Phương Phạm', 'MH029', 'CS728', 'Fundamental incremental synergy', 2, 'HK014', 'Học kỳ 2 Năm học 2025-2026', 'LHP007', 6.6, 6.13, 1.95, 3.25, 'F', 0.0, FALSE),
    (1762, 'HV105', '666031', 'Lâm Phạm', 'MH064', 'CS960', 'Synchronized real-time budgetary management', 2, 'HK003', 'Học kỳ hè Năm học 2021-2022', 'LHP110', 6.2, 7.16, 2.87, 4.06, 'D', 1.0, FALSE),
    (1763, 'HV388', '638585', 'Châu Lê', 'MH079', 'CHEM343', 'Innovative multi-state collaboration', 2, 'HK003', 'Học kỳ hè Năm học 2021-2022', 'LHP100', 6.33, 7.62, 8.75, 8.28, 'B+', 3.5, TRUE),
    (1764, 'HV394', '677528', 'Nhật Bảo Mai', 'MH072', 'MATH659', 'Innovative systemic support', 3, 'HK001', 'Học kỳ 1 Năm học 2021-2022', 'LHP077', 7.83, 3.46, 6.28, 5.87, 'C', 2.0, TRUE),
    (1765, 'HV018', '666918', 'Yến Trần', 'MH010', 'KT101', 'Kinh tế vi mô', 3, 'HK015', 'Học kỳ hè Năm học 2025-2026', 'LHP003', 5.39, 8.7, 4.97, 5.76, 'C', 2.0, TRUE),
    (1766, 'HV209', '647336', 'Nhật Lê', 'MH076', 'CHEM207', 'Vision-oriented empowering parallelism', 2, 'HK011', 'Học kỳ 2 Năm học 2024-2025', 'LHP050', 7.37, 7.03, 4.45, 5.26, 'D+', 1.5, TRUE),
    (1767, 'HV056', '667953', 'Tùng Hoàng Đặng', 'MH011', 'KT102', 'Kinh tế vĩ mô', 3, 'HK001', 'Học kỳ 1 Năm học 2021-2022', 'LHP022', 7.38, 5.76, 9.06, 8.23, 'B+', 3.5, TRUE),
    (1768, 'HV443', '641988', 'Bảo Trần', 'MH057', 'CS148', 'Versatile modular complexity', 2, 'HK008', 'Học kỳ 2 Năm học 2023-2024', 'LHP120', 5.33, 3.18, 3.61, 3.69, 'F', 0.0, FALSE),
    (1769, 'HV371', '671516', 'Cô Mai Trần', 'MH006', 'IT301', 'Phát triển ứng dụng Web', 3, 'HK007', 'Học kỳ 1 Năm học 2023-2024', 'LHP006', 8.74, 7.87, 7.2, 7.49, 'B', 3.0, TRUE),
    (1770, 'HV240', '663639', 'Kim Mai Bảo Hoàng', 'MH009', 'IT304', 'An toàn và bảo mật thông tin', 3, 'HK011', 'Học kỳ 2 Năm học 2024-2025', 'LHP014', 6.29, 5.75, 3.95, 4.54, 'D', 1.0, FALSE),
    (1771, 'HV151', '631616', 'Cô Lâm Dương', 'MH047', 'CS612', 'Automated 4thgeneration strategy', 4, 'HK003', 'Học kỳ hè Năm học 2021-2022', 'LHP103', 10, 6.59, 5.04, 5.84, 'C', 2.0, TRUE),
    (1772, 'HV437', '675359', 'Tùng Lê', 'MH075', 'CHEM371', 'Distributed contextually-based pricing structure', 2, 'HK001', 'Học kỳ 1 Năm học 2021-2022', 'LHP119', 5.24, 8.96, 9.35, 8.86, 'A', 4.0, TRUE),
    (1773, 'HV312', '633907', 'Dương Vũ', 'MH062', 'CHEM292', 'Sharable fault-tolerant implementation', 3, 'HK015', 'Học kỳ hè Năm học 2025-2026', 'LHP075', 8.94, 5.41, 6.67, 6.64, 'C+', 2.5, TRUE),
    (1774, 'HV305', '656659', 'Khoa Tấn Trần', 'MH032', 'CS758', 'Inverse maximized forecast', 4, 'HK015', 'Học kỳ hè Năm học 2025-2026', 'LHP063', 8.93, 9.24, 3.1, 4.91, 'D', 1.0, FALSE),
    (1775, 'HV025', '664972', 'Bà Kim Hoàng', 'MH041', 'CS382', 'Seamless context-sensitive infrastructure', 4, 'HK009', 'Học kỳ hè Năm học 2023-2024', 'LHP050', 7.75, 8.16, 6.29, 6.81, 'C+', 2.5, TRUE),
    (1776, 'HV244', '648871', 'Chị Thành Nguyễn', 'MH027', 'CHEM106', 'Down-sized methodical flexibility', 3, 'HK010', 'Học kỳ 1 Năm học 2024-2025', 'LHP033', 4.44, 10, 10, 9.44, 'A+', 4.0, TRUE),
    (1777, 'HV260', '664671', 'Duyên Đặng', 'MH066', 'MATH808', 'User-friendly eco-centric framework', 4, 'HK004', 'Học kỳ 1 Năm học 2022-2023', 'LHP040', 6.86, 8.11, 5.97, 6.49, 'C+', 2.5, TRUE),
    (1778, 'HV324', '646840', 'Thành Nguyễn', 'MH067', 'CS639', 'Customizable grid-enabled info-mediaries', 4, 'HK003', 'Học kỳ hè Năm học 2021-2022', 'LHP049', 6.4, 9.51, 8.07, 8.19, 'B+', 3.5, TRUE),
    (1779, 'HV258', '636392', 'Phương Lê', 'MH074', 'PHY418', 'Centralized leadingedge knowledge user', 4, 'HK007', 'Học kỳ 1 Năm học 2023-2024', 'LHP032', 6.88, 6.45, 6.4, 6.46, 'C+', 2.5, TRUE),
    (1780, 'HV166', '639496', 'Mai Hoàng', 'MH028', 'CS900', 'Ergonomic demand-driven capacity', 4, 'HK015', 'Học kỳ hè Năm học 2025-2026', 'LHP114', 8.96, 8.5, 10, 9.6, 'A+', 4.0, TRUE),
    (1781, 'HV429', '644840', 'Bác Anh Phạm', 'MH043', 'PHY829', 'Managed modular focus group', 2, 'HK014', 'Học kỳ 2 Năm học 2025-2026', 'LHP049', 4.48, 6.35, 3.98, 4.51, 'D', 1.0, FALSE),
    (1782, 'HV209', '647336', 'Nhật Lê', 'MH043', 'PHY829', 'Managed modular focus group', 2, 'HK011', 'Học kỳ 2 Năm học 2024-2025', 'LHP061', 6.23, 7.41, 5.89, 6.23, 'C+', 2.5, TRUE),
    (1783, 'HV459', '653985', 'Cô Hải Phạm', 'MH024', 'PHY887', 'Progressive encompassing model', 4, 'HK015', 'Học kỳ hè Năm học 2025-2026', 'LHP116', 5.98, 6.03, 5.81, 5.87, 'C', 2.0, TRUE),
    (1784, 'HV453', '644665', 'Nam Thế Đặng', 'MH079', 'CHEM343', 'Innovative multi-state collaboration', 2, 'HK015', 'Học kỳ hè Năm học 2025-2026', 'LHP083', 6.36, 8.4, 3.41, 4.7, 'D', 1.0, FALSE),
    (1785, 'HV135', '644921', 'Phương Nguyễn', 'MH053', 'MATH862', 'Quality-focused local Graphic Interface', 4, 'HK004', 'Học kỳ 1 Năm học 2022-2023', 'LHP057', 5.02, 9.47, 3.75, 5.02, 'D+', 1.5, TRUE),
    (1786, 'HV310', '662595', 'Chị Linh Nguyễn', 'MH005', 'IT203', 'Mạng máy tính', 3, 'HK009', 'Học kỳ hè Năm học 2023-2024', 'LHP096', 6.36, 6.95, 4.61, 5.25, 'D+', 1.5, TRUE),
    (1787, 'HV020', '635421', 'Hà Nguyễn', 'MH060', 'PHY835', 'Synergistic mobile analyzer', 4, 'HK014', 'Học kỳ 2 Năm học 2025-2026', 'LHP089', 6.74, 5.71, 9.06, 8.16, 'B+', 3.5, TRUE),
    (1788, 'HV003', '672049', 'Hải Mai Đặng', 'MH078', 'CS712', 'Devolved uniform solution', 2, 'HK012', 'Học kỳ hè Năm học 2024-2025', 'LHP116', 7.8, 9.72, 6.46, 7.25, 'B', 3.0, TRUE),
    (1789, 'HV491', '657237', 'Quý cô Lâm Vũ', 'MH051', 'MATH882', 'Proactive foreground emulation', 2, 'HK003', 'Học kỳ hè Năm học 2021-2022', 'LHP078', 7.59, 6.29, 5.75, 6.04, 'C+', 2.5, TRUE),
    (1790, 'HV062', '645286', 'Anh Hoàng Hoàng', 'MH030', 'MATH559', 'Cross-group 24hour knowledge user', 4, 'HK008', 'Học kỳ 2 Năm học 2023-2024', 'LHP090', 10, 6.32, 9.78, 9.11, 'A+', 4.0, TRUE),
    (1791, 'HV020', '635421', 'Hà Nguyễn', 'MH067', 'CS639', 'Customizable grid-enabled info-mediaries', 4, 'HK010', 'Học kỳ 1 Năm học 2024-2025', 'LHP075', 6.8, 3.71, 8.31, 7.24, 'B', 3.0, TRUE),
    (1792, 'HV037', '648318', 'Kim Mai Đặng', 'MH011', 'KT102', 'Kinh tế vĩ mô', 3, 'HK014', 'Học kỳ 2 Năm học 2025-2026', 'LHP045', 6.36, 9.77, 3.86, 5.29, 'D+', 1.5, TRUE),
    (1793, 'HV312', '633907', 'Dương Vũ', 'MH080', 'PHY434', 'Operative responsive project', 3, 'HK011', 'Học kỳ 2 Năm học 2024-2025', 'LHP078', 7.33, 8.9, 7.13, 7.5, 'B', 3.0, TRUE),
    (1794, 'HV184', '678959', 'Bảo Thị Phạm', 'MH067', 'CS639', 'Customizable grid-enabled info-mediaries', 4, 'HK003', 'Học kỳ hè Năm học 2021-2022', 'LHP092', 10, 6.84, 4.44, 5.47, 'D+', 1.5, TRUE),
    (1795, 'HV309', '641314', 'Thành Hoàng Dương', 'MH002', 'IT102', 'Lập trình cơ bản', 4, 'HK012', 'Học kỳ hè Năm học 2024-2025', 'LHP035', 6.88, 7.86, 7.47, 7.49, 'B', 3.0, TRUE),
    (1796, 'HV066', '658344', 'Cô Yến Trần', 'MH078', 'CS712', 'Devolved uniform solution', 2, 'HK011', 'Học kỳ 2 Năm học 2024-2025', 'LHP116', 6.77, 3.83, 8.17, 7.16, 'B', 3.0, TRUE),
    (1797, 'HV174', '662180', 'Hoàng Thị Bùi', 'MH069', 'CHEM272', 'Mandatory value-added moratorium', 4, 'HK011', 'Học kỳ 2 Năm học 2024-2025', 'LHP082', 7.26, 5.76, 8.33, 7.71, 'B', 3.0, TRUE),
    (1798, 'HV452', '656921', 'Chị Bảo Mai', 'MH022', 'QS202', 'Kỹ thuật quân sự', 3, 'HK003', 'Học kỳ hè Năm học 2021-2022', 'LHP014', 5.13, 8.12, 7.16, 7.15, 'B', 3.0, TRUE),
    (1799, 'HV391', '642569', 'Thành Hoàng', 'MH033', 'MATH371', 'Reactive fault-tolerant Internet solution', 4, 'HK001', 'Học kỳ 1 Năm học 2021-2022', 'LHP086', 7.17, 4.89, 2.75, 3.62, 'F', 0.0, FALSE),
    (1800, 'HV289', '667239', 'Khoa Trí Lê', 'MH060', 'PHY835', 'Synergistic mobile analyzer', 4, 'HK005', 'Học kỳ 2 Năm học 2022-2023', 'LHP010', 7.83, 7.03, 9.63, 8.93, 'A', 4.0, TRUE),
    (1801, 'HV434', '644050', 'Lan Đặng', 'MH024', 'PHY887', 'Progressive encompassing model', 4, 'HK010', 'Học kỳ 1 Năm học 2024-2025', 'LHP098', 7.52, 6.26, 6.86, 6.81, 'C+', 2.5, TRUE),
    (1802, 'HV330', '674953', 'Bà Linh Hoàng', 'MH060', 'PHY835', 'Synergistic mobile analyzer', 4, 'HK012', 'Học kỳ hè Năm học 2024-2025', 'LHP048', 8.18, 9.04, 3.58, 5.13, 'D+', 1.5, TRUE),
    (1803, 'HV084', '662518', 'An Hoàng', 'MH007', 'IT302', 'Trí tuệ nhân tạo', 3, 'HK001', 'Học kỳ 1 Năm học 2021-2022', 'LHP029', 6.62, 9.24, 9.33, 9.04, 'A+', 4.0, TRUE),
    (1804, 'HV181', '673987', 'Chị Vân Mai', 'MH014', 'KT301', 'Kinh tế lượng', 3, 'HK006', 'Học kỳ hè Năm học 2022-2023', 'LHP083', 8.52, 8.64, 3.79, 5.24, 'D+', 1.5, TRUE),
    (1805, 'HV212', '659118', 'Dũng Vũ', 'MH044', 'CS575', 'Enhanced 24/7 leverage', 3, 'HK008', 'Học kỳ 2 Năm học 2023-2024', 'LHP041', 9.41, 8.15, 8.08, 8.22, 'B+', 3.5, TRUE),
    (1806, 'HV175', '637833', 'Hồng Bùi', 'MH008', 'IT303', 'Học máy', 3, 'HK006', 'Học kỳ hè Năm học 2022-2023', 'LHP036', 10, 9.35, 2.36, 4.53, 'D', 1.0, FALSE),
    (1807, 'HV286', '641030', 'Kim Hải Trần', 'MH030', 'MATH559', 'Cross-group 24hour knowledge user', 4, 'HK015', 'Học kỳ hè Năm học 2025-2026', 'LHP114', 6.23, 6.74, 9.3, 8.48, 'B+', 3.5, TRUE),
    (1808, 'HV188', '678236', 'Hà Thị Hoàng', 'MH072', 'MATH659', 'Innovative systemic support', 3, 'HK001', 'Học kỳ 1 Năm học 2021-2022', 'LHP047', 8.67, 10, 8.24, 8.64, 'A', 4.0, TRUE),
    (1809, 'HV202', '653398', 'Khoa Nguyễn', 'MH004', 'IT202', 'Cơ sở dữ liệu', 3, 'HK013', 'Học kỳ 1 Năm học 2025-2026', 'LHP099', 6.12, 8.95, 9.9, 9.33, 'A+', 4.0, TRUE),
    (1810, 'HV219', '638971', 'Phương Phú Bùi', 'MH080', 'PHY434', 'Operative responsive project', 3, 'HK012', 'Học kỳ hè Năm học 2024-2025', 'LHP027', 9.76, 7.54, 5.07, 6.03, 'C+', 2.5, TRUE),
    (1811, 'HV047', '639234', 'Hải Vũ', 'MH072', 'MATH659', 'Innovative systemic support', 3, 'HK005', 'Học kỳ 2 Năm học 2022-2023', 'LHP030', 6.18, 6.98, 5.28, 5.71, 'C', 2.0, TRUE),
    (1812, 'HV273', '638248', 'Nhật Dương', 'MH027', 'CHEM106', 'Down-sized methodical flexibility', 3, 'HK015', 'Học kỳ hè Năm học 2025-2026', 'LHP030', 7.55, 4.97, 4.88, 5.17, 'D+', 1.5, TRUE),
    (1813, 'HV177', '652396', 'Bác Quang Dương', 'MH038', 'PHY504', 'Secured zero-defect middleware', 3, 'HK004', 'Học kỳ 1 Năm học 2022-2023', 'LHP118', 9.6, 7.59, 3.68, 5.05, 'D+', 1.5, TRUE),
    (1814, 'HV072', '662287', 'Chị Duyên Trần', 'MH026', 'CHEM794', 'Compatible client-server system engine', 3, 'HK003', 'Học kỳ hè Năm học 2021-2022', 'LHP063', 10, 3.93, 4.74, 5.1, 'D+', 1.5, TRUE),
    (1815, 'HV053', '641121', 'Bác Anh Trần', 'MH046', 'CHEM667', 'Synergized bottom-line monitoring', 4, 'HK003', 'Học kỳ hè Năm học 2021-2022', 'LHP036', 9.07, 9.7, 8.9, 9.07, 'A+', 4.0, TRUE),
    (1816, 'HV477', '674649', 'Dương Phạm', 'MH002', 'IT102', 'Lập trình cơ bản', 4, 'HK010', 'Học kỳ 1 Năm học 2024-2025', 'LHP098', 6.4, 8.53, 3.88, 5.06, 'D+', 1.5, TRUE),
    (1817, 'HV103', '662193', 'Dương Hoàng', 'MH055', 'PHY749', 'Profit-focused methodical software', 3, 'HK010', 'Học kỳ 1 Năm học 2024-2025', 'LHP044', 8.68, 4.89, 7.01, 6.76, 'C+', 2.5, TRUE),
    (1818, 'HV429', '644840', 'Bác Anh Phạm', 'MH074', 'PHY418', 'Centralized leadingedge knowledge user', 4, 'HK003', 'Học kỳ hè Năm học 2021-2022', 'LHP075', 6.5, 4.39, 9.5, 8.18, 'B+', 3.5, TRUE),
    (1819, 'HV396', '673844', 'Ánh Mai', 'MH076', 'CHEM207', 'Vision-oriented empowering parallelism', 2, 'HK004', 'Học kỳ 1 Năm học 2022-2023', 'LHP049', 8.98, 6.66, 7.22, 7.28, 'B', 3.0, TRUE),
    (1820, 'HV357', '663524', 'Hưng Mai Bảo Trần', 'MH073', 'CS219', 'Cross-platform client-server policy', 3, 'HK001', 'Học kỳ 1 Năm học 2021-2022', 'LHP070', 8.32, 10, 6.75, 7.56, 'B', 3.0, TRUE),
    (1821, 'HV052', '657510', 'Hải Trí Hoàng', 'MH037', 'CHEM420', 'User-centric intermediate approach', 3, 'HK011', 'Học kỳ 2 Năm học 2024-2025', 'LHP062', 9.38, 4.38, 6.4, 6.3, 'C+', 2.5, TRUE),
    (1822, 'HV323', '632788', 'Kim Quang Dương', 'MH026', 'CHEM794', 'Compatible client-server system engine', 3, 'HK002', 'Học kỳ 2 Năm học 2021-2022', 'LHP006', 7.76, 9.56, 4.04, 5.51, 'C', 2.0, TRUE),
    (1823, 'HV132', '668610', 'Bảo Phạm', 'MH078', 'CS712', 'Devolved uniform solution', 2, 'HK012', 'Học kỳ hè Năm học 2024-2025', 'LHP074', 4.41, 4.97, 2.27, 3.02, 'F', 0.0, FALSE),
    (1824, 'HV420', '631759', 'Trọng Đức Mai', 'MH033', 'MATH371', 'Reactive fault-tolerant Internet solution', 4, 'HK005', 'Học kỳ 2 Năm học 2022-2023', 'LHP067', 6.95, 8.5, 5.26, 6.08, 'C+', 2.5, TRUE),
    (1825, 'HV408', '643141', 'Phương Hải Hoàng', 'MH070', 'CHEM177', 'Implemented secondary ability', 3, 'HK014', 'Học kỳ 2 Năm học 2025-2026', 'LHP041', 8.82, 10, 3.95, 5.65, 'C', 2.0, TRUE),
    (1826, 'HV025', '664972', 'Bà Kim Hoàng', 'MH045', 'CS718', 'Face-to-face bandwidth-monitored encoding', 2, 'HK008', 'Học kỳ 2 Năm học 2023-2024', 'LHP077', 8.3, 8.0, 5.56, 6.32, 'C+', 2.5, TRUE),
    (1827, 'HV316', '656020', 'Kim Mai', 'MH033', 'MATH371', 'Reactive fault-tolerant Internet solution', 4, 'HK011', 'Học kỳ 2 Năm học 2024-2025', 'LHP079', 5.84, 5.34, 6.36, 6.1, 'C+', 2.5, TRUE),
    (1828, 'HV339', '672442', 'Hoàng Hữu Bùi', 'MH004', 'IT202', 'Cơ sở dữ liệu', 3, 'HK012', 'Học kỳ hè Năm học 2024-2025', 'LHP112', 6.91, 9.56, 3.17, 4.83, 'D', 1.0, FALSE),
    (1829, 'HV222', '677952', 'Bà Hà Phạm', 'MH064', 'CS960', 'Synchronized real-time budgetary management', 2, 'HK009', 'Học kỳ hè Năm học 2023-2024', 'LHP087', 4.83, 5.16, 8.32, 7.34, 'B', 3.0, TRUE),
    (1830, 'HV355', '634366', 'Tú Trí Vũ', 'MH073', 'CS219', 'Cross-platform client-server policy', 3, 'HK001', 'Học kỳ 1 Năm học 2021-2022', 'LHP104', 9.5, 7.88, 6.63, 7.17, 'B', 3.0, TRUE),
    (1831, 'HV062', '645286', 'Anh Hoàng Hoàng', 'MH047', 'CS612', 'Automated 4thgeneration strategy', 4, 'HK014', 'Học kỳ 2 Năm học 2025-2026', 'LHP054', 7.06, 3.95, 8.85, 7.69, 'B', 3.0, TRUE),
    (1832, 'HV124', '667614', 'Hải Vũ', 'MH040', 'MATH908', 'Stand-alone responsive strategy', 4, 'HK006', 'Học kỳ hè Năm học 2022-2023', 'LHP087', 8.67, 9.36, 6.9, 7.57, 'B', 3.0, TRUE),
    (1833, 'HV039', '665054', 'Quý cô Linh Đặng', 'MH057', 'CS148', 'Versatile modular complexity', 2, 'HK008', 'Học kỳ 2 Năm học 2023-2024', 'LHP120', 5.86, 5.27, 10, 8.64, 'A', 4.0, TRUE),
    (1834, 'HV135', '644921', 'Phương Nguyễn', 'MH059', 'CS958', 'De-engineered zero tolerance neural-net', 4, 'HK006', 'Học kỳ hè Năm học 2022-2023', 'LHP088', 8.42, 6.16, 6.64, 6.72, 'C+', 2.5, TRUE),
    (1835, 'HV296', '661171', 'Ông Thành Lê', 'MH049', 'PHY904', 'Re-engineered context-sensitive interface', 4, 'HK005', 'Học kỳ 2 Năm học 2022-2023', 'LHP120', 9.06, 7.69, 8.39, 8.32, 'B+', 3.5, TRUE),
    (1836, 'HV357', '663524', 'Hưng Mai Bảo Trần', 'MH015', 'NN101', 'Tiếng Anh cơ bản', 4, 'HK004', 'Học kỳ 1 Năm học 2022-2023', 'LHP007', 6.72, 8.33, 5.2, 5.98, 'C', 2.0, TRUE),
    (1837, 'HV398', '647236', 'Dương Hoàng', 'MH003', 'IT201', 'Cấu trúc dữ liệu và giải thuật', 4, 'HK006', 'Học kỳ hè Năm học 2022-2023', 'LHP109', 4.86, 7.52, 3.3, 4.3, 'D', 1.0, FALSE),
    (1838, 'HV113', '671153', 'Lâm Mai', 'MH001', 'IT101', 'Nhập môn Công nghệ thông tin', 3, 'HK008', 'Học kỳ 2 Năm học 2023-2024', 'LHP025', 8.8, 5.73, 6.02, 6.24, 'C+', 2.5, TRUE),
    (1839, 'HV277', '637780', 'Cô Thảo Hoàng', 'MH077', 'CS623', 'Business-focused empowering concept', 4, 'HK007', 'Học kỳ 1 Năm học 2023-2024', 'LHP084', 9.28, 7.01, 5.27, 6.02, 'C+', 2.5, TRUE),
    (1840, 'HV278', '661746', 'Cô Dương Trần', 'MH069', 'CHEM272', 'Mandatory value-added moratorium', 4, 'HK014', 'Học kỳ 2 Năm học 2025-2026', 'LHP027', 7.03, 6.57, 7.12, 7.0, 'B', 3.0, TRUE),
    (1841, 'HV133', '632178', 'Hà Phạm', 'MH066', 'MATH808', 'User-friendly eco-centric framework', 4, 'HK002', 'Học kỳ 2 Năm học 2021-2022', 'LHP005', 6.69, 4.93, 6.26, 6.04, 'C+', 2.5, TRUE),
    (1842, 'HV472', '679112', 'Bác Trung Trần', 'MH051', 'MATH882', 'Proactive foreground emulation', 2, 'HK003', 'Học kỳ hè Năm học 2021-2022', 'LHP075', 9.95, 5.4, 6.93, 6.93, 'C+', 2.5, TRUE),
    (1843, 'HV216', '678796', 'Hoàng Lê', 'MH037', 'CHEM420', 'User-centric intermediate approach', 3, 'HK008', 'Học kỳ 2 Năm học 2023-2024', 'LHP020', 9.2, 6.38, 7.65, 7.55, 'B', 3.0, TRUE),
    (1844, 'HV197', '636594', 'Chị Xuân Vũ', 'MH021', 'QS201', 'Chiến thuật bộ binh', 3, 'HK009', 'Học kỳ hè Năm học 2023-2024', 'LHP016', 8.03, 9.4, 3.23, 4.94, 'D', 1.0, FALSE),
    (1845, 'HV173', '639908', 'Ông Minh Phạm', 'MH019', 'QS101', 'Giáo dục Quốc phòng', 2, 'HK014', 'Học kỳ 2 Năm học 2025-2026', 'LHP113', 9.26, 5.62, 6.92, 6.89, 'C+', 2.5, TRUE),
    (1846, 'HV500', '647480', 'Quý ông Tú Dương', 'MH007', 'IT302', 'Trí tuệ nhân tạo', 3, 'HK008', 'Học kỳ 2 Năm học 2023-2024', 'LHP068', 7.03, 4.94, 3.34, 4.03, 'D', 1.0, FALSE),
    (1847, 'HV065', '656270', 'Phương Phạm', 'MH048', 'CHEM889', 'Centralized systemic policy', 4, 'HK006', 'Học kỳ hè Năm học 2022-2023', 'LHP110', 6.65, 6.6, 6.28, 6.38, 'C+', 2.5, TRUE),
    (1848, 'HV324', '646840', 'Thành Nguyễn', 'MH027', 'CHEM106', 'Down-sized methodical flexibility', 3, 'HK014', 'Học kỳ 2 Năm học 2025-2026', 'LHP020', 8.35, 6.26, 6.08, 6.34, 'C+', 2.5, TRUE),
    (1849, 'HV326', '633420', 'Lâm Đặng', 'MH005', 'IT203', 'Mạng máy tính', 3, 'HK003', 'Học kỳ hè Năm học 2021-2022', 'LHP006', 9.7, 8.3, 4.82, 6.01, 'C+', 2.5, TRUE),
    (1850, 'HV125', '669363', 'Quang Mai', 'MH064', 'CS960', 'Synchronized real-time budgetary management', 2, 'HK007', 'Học kỳ 1 Năm học 2023-2024', 'LHP048', 8.75, 9.13, 6.94, 7.56, 'B', 3.0, TRUE),
    (1851, 'HV450', '637871', 'Huy Quang Đặng', 'MH038', 'PHY504', 'Secured zero-defect middleware', 3, 'HK014', 'Học kỳ 2 Năm học 2025-2026', 'LHP031', 7.49, 8.45, 3.58, 4.95, 'D', 1.0, FALSE),
    (1852, 'HV469', '654805', 'Phương Trần', 'MH068', 'CS441', 'Decentralized systemic productivity', 4, 'HK006', 'Học kỳ hè Năm học 2022-2023', 'LHP108', 5.89, 8.26, 6.84, 7.03, 'B', 3.0, TRUE),
    (1853, 'HV391', '642569', 'Thành Hoàng', 'MH077', 'CS623', 'Business-focused empowering concept', 4, 'HK013', 'Học kỳ 1 Năm học 2025-2026', 'LHP023', 8.36, 7.26, 8.43, 8.19, 'B+', 3.5, TRUE),
    (1854, 'HV494', '632528', 'Cô Thảo Bùi', 'MH065', 'MATH771', 'Digitized upward-trending emulation', 2, 'HK012', 'Học kỳ hè Năm học 2024-2025', 'LHP081', 5.6, 8.83, 2.7, 4.21, 'D', 1.0, FALSE),
    (1855, 'HV140', '665260', 'Anh Hoàng Dương', 'MH041', 'CS382', 'Seamless context-sensitive infrastructure', 4, 'HK001', 'Học kỳ 1 Năm học 2021-2022', 'LHP044', 9.28, 6.36, 8.51, 8.16, 'B+', 3.5, TRUE),
    (1856, 'HV267', '652356', 'Nhật Phạm', 'MH029', 'CS728', 'Fundamental incremental synergy', 2, 'HK002', 'Học kỳ 2 Năm học 2021-2022', 'LHP012', 4.88, 4.18, 6.47, 5.86, 'C', 2.0, TRUE),
    (1857, 'HV251', '641701', 'Nhật Tấn Đặng', 'MH038', 'PHY504', 'Secured zero-defect middleware', 3, 'HK004', 'Học kỳ 1 Năm học 2022-2023', 'LHP044', 8.75, 5.78, 8.2, 7.77, 'B', 3.0, TRUE),
    (1858, 'HV053', '641121', 'Bác Anh Trần', 'MH076', 'CHEM207', 'Vision-oriented empowering parallelism', 2, 'HK003', 'Học kỳ hè Năm học 2021-2022', 'LHP098', 7.93, 4.96, 5.7, 5.78, 'C', 2.0, TRUE),
    (1859, 'HV494', '632528', 'Cô Thảo Bùi', 'MH033', 'MATH371', 'Reactive fault-tolerant Internet solution', 4, 'HK014', 'Học kỳ 2 Năm học 2025-2026', 'LHP088', 7.79, 4.73, 2.51, 3.48, 'F', 0.0, FALSE),
    (1860, 'HV189', '676359', 'Châu Hoàng Trần', 'MH055', 'PHY749', 'Profit-focused methodical software', 3, 'HK002', 'Học kỳ 2 Năm học 2021-2022', 'LHP118', 5.97, 4.24, 10, 8.45, 'B+', 3.5, TRUE),
    (1861, 'HV253', '645169', 'Ngọc Mai', 'MH060', 'PHY835', 'Synergistic mobile analyzer', 4, 'HK009', 'Học kỳ hè Năm học 2023-2024', 'LHP088', 8.15, 6.44, 6.08, 6.36, 'C+', 2.5, TRUE),
    (1862, 'HV422', '633593', 'Châu Nguyễn', 'MH077', 'CS623', 'Business-focused empowering concept', 4, 'HK007', 'Học kỳ 1 Năm học 2023-2024', 'LHP029', 8.3, 6.32, 6.93, 6.94, 'C+', 2.5, TRUE),
    (1863, 'HV167', '678882', 'Quý cô Lan Hoàng', 'MH074', 'PHY418', 'Centralized leadingedge knowledge user', 4, 'HK013', 'Học kỳ 1 Năm học 2025-2026', 'LHP066', 6.74, 5.98, 5.16, 5.48, 'D+', 1.5, TRUE),
    (1864, 'HV084', '662518', 'An Hoàng', 'MH047', 'CS612', 'Automated 4thgeneration strategy', 4, 'HK015', 'Học kỳ hè Năm học 2025-2026', 'LHP073', 5.41, 6.26, 6.42, 6.29, 'C+', 2.5, TRUE),
    (1865, 'HV173', '639908', 'Ông Minh Phạm', 'MH046', 'CHEM667', 'Synergized bottom-line monitoring', 4, 'HK010', 'Học kỳ 1 Năm học 2024-2025', 'LHP072', 9.31, 8.94, 5.69, 6.7, 'C+', 2.5, TRUE),
    (1866, 'HV373', '632080', 'Trọng Thế Mai', 'MH022', 'QS202', 'Kỹ thuật quân sự', 3, 'HK004', 'Học kỳ 1 Năm học 2022-2023', 'LHP044', 8.97, 6.66, 4.64, 5.48, 'D+', 1.5, TRUE),
    (1867, 'HV273', '638248', 'Nhật Dương', 'MH026', 'CHEM794', 'Compatible client-server system engine', 3, 'HK005', 'Học kỳ 2 Năm học 2022-2023', 'LHP030', 5.77, 9.32, 7.31, 7.56, 'B', 3.0, TRUE),
    (1868, 'HV470', '662972', 'Vũ Mai', 'MH058', 'MATH105', 'Proactive global hub', 3, 'HK006', 'Học kỳ hè Năm học 2022-2023', 'LHP090', 6.67, 6.79, 3.04, 4.16, 'D', 1.0, FALSE),
    (1869, 'HV160', '632432', 'Cô Phương Hoàng', 'MH070', 'CHEM177', 'Implemented secondary ability', 3, 'HK003', 'Học kỳ hè Năm học 2021-2022', 'LHP043', 9.77, 8.34, 2.99, 4.74, 'D', 1.0, FALSE),
    (1870, 'HV014', '656177', 'Huy Hữu Trần', 'MH005', 'IT203', 'Mạng máy tính', 3, 'HK014', 'Học kỳ 2 Năm học 2025-2026', 'LHP083', 9.24, 8.48, 3.26, 4.9, 'D', 1.0, FALSE),
    (1871, 'HV305', '656659', 'Khoa Tấn Trần', 'MH063', 'MATH935', 'Implemented even-keeled complexity', 2, 'HK010', 'Học kỳ 1 Năm học 2024-2025', 'LHP077', 7.9, 6.23, 7.36, 7.19, 'B', 3.0, TRUE),
    (1872, 'HV250', '646612', 'Nhật Trần', 'MH066', 'MATH808', 'User-friendly eco-centric framework', 4, 'HK007', 'Học kỳ 1 Năm học 2023-2024', 'LHP042', 6.32, 8.26, 7.76, 7.72, 'B', 3.0, TRUE),
    (1873, 'HV132', '668610', 'Bảo Phạm', 'MH055', 'PHY749', 'Profit-focused methodical software', 3, 'HK011', 'Học kỳ 2 Năm học 2024-2025', 'LHP071', 9.69, 6.46, 7.08, 7.22, 'B', 3.0, TRUE),
    (1874, 'HV359', '649556', 'Quý ông Vũ Lê', 'MH051', 'MATH882', 'Proactive foreground emulation', 2, 'HK014', 'Học kỳ 2 Năm học 2025-2026', 'LHP076', 6.35, 10, 7.59, 7.95, 'B', 3.0, TRUE),
    (1875, 'HV219', '638971', 'Phương Phú Bùi', 'MH041', 'CS382', 'Seamless context-sensitive infrastructure', 4, 'HK001', 'Học kỳ 1 Năm học 2021-2022', 'LHP074', 9.14, 6.91, 6.81, 7.06, 'B', 3.0, TRUE),
    (1876, 'HV338', '661620', 'Kim Đức Mai', 'MH080', 'PHY434', 'Operative responsive project', 3, 'HK009', 'Học kỳ hè Năm học 2023-2024', 'LHP047', 10, 5.62, 8.3, 7.93, 'B', 3.0, TRUE),
    (1877, 'HV264', '648996', 'Cô An Phạm', 'MH005', 'IT203', 'Mạng máy tính', 3, 'HK004', 'Học kỳ 1 Năm học 2022-2023', 'LHP117', 5.47, 8.89, 4.34, 5.36, 'D+', 1.5, TRUE),
    (1878, 'HV445', '658365', 'Hoàng Tấn Mai', 'MH025', 'PHY546', 'Function-based intangible product', 4, 'HK015', 'Học kỳ hè Năm học 2025-2026', 'LHP073', 5.11, 8.76, 7.42, 7.46, 'B', 3.0, TRUE),
    (1879, 'HV402', '678792', 'Bà Hương Hoàng', 'MH062', 'CHEM292', 'Sharable fault-tolerant implementation', 3, 'HK001', 'Học kỳ 1 Năm học 2021-2022', 'LHP118', 8.0, 7.63, 4.83, 5.71, 'C', 2.0, TRUE),
    (1880, 'HV219', '638971', 'Phương Phú Bùi', 'MH045', 'CS718', 'Face-to-face bandwidth-monitored encoding', 2, 'HK007', 'Học kỳ 1 Năm học 2023-2024', 'LHP077', 6.41, 7.16, 4.7, 5.36, 'D+', 1.5, TRUE),
    (1881, 'HV396', '673844', 'Ánh Mai', 'MH008', 'IT303', 'Học máy', 3, 'HK005', 'Học kỳ 2 Năm học 2022-2023', 'LHP101', 7.99, 5.1, 7.29, 6.92, 'C+', 2.5, TRUE),
    (1882, 'HV069', '637423', 'Bà Thành Trần', 'MH006', 'IT301', 'Phát triển ứng dụng Web', 3, 'HK005', 'Học kỳ 2 Năm học 2022-2023', 'LHP070', 9.24, 6.75, 3.82, 4.95, 'D', 1.0, FALSE),
    (1883, 'HV419', '645058', 'Châu Hữu Bùi', 'MH051', 'MATH882', 'Proactive foreground emulation', 2, 'HK010', 'Học kỳ 1 Năm học 2024-2025', 'LHP116', 6.64, 6.47, 5.01, 5.47, 'D+', 1.5, TRUE),
    (1884, 'HV223', '632888', 'Quý ông Châu Dương', 'MH040', 'MATH908', 'Stand-alone responsive strategy', 4, 'HK007', 'Học kỳ 1 Năm học 2023-2024', 'LHP096', 7.39, 7.93, 5.8, 6.38, 'C+', 2.5, TRUE),
    (1885, 'HV255', '669693', 'Thảo Trần', 'MH050', 'CS774', 'Face-to-face global parallelism', 3, 'HK013', 'Học kỳ 1 Năm học 2025-2026', 'LHP031', 7.76, 5.36, 7.68, 7.23, 'B', 3.0, TRUE),
    (1886, 'HV126', '658585', 'Chị Hà Lê', 'MH020', 'QS102', 'Điều lệnh Quân đội', 2, 'HK014', 'Học kỳ 2 Năm học 2025-2026', 'LHP096', 5.6, 9.89, 6.03, 6.76, 'C+', 2.5, TRUE),
    (1887, 'HV041', '679459', 'Quý cô Hải Hoàng', 'MH044', 'CS575', 'Enhanced 24/7 leverage', 3, 'HK015', 'Học kỳ hè Năm học 2025-2026', 'LHP036', 8.51, 8.25, 7.48, 7.74, 'B', 3.0, TRUE),
    (1888, 'HV059', '631251', 'Khoa Mai', 'MH001', 'IT101', 'Nhập môn Công nghệ thông tin', 3, 'HK001', 'Học kỳ 1 Năm học 2021-2022', 'LHP018', 10, 7.14, 5.83, 6.51, 'C+', 2.5, TRUE),
    (1889, 'HV461', '645151', 'Hạnh Thị Vũ', 'MH036', 'CS430', 'Stand-alone national project', 2, 'HK013', 'Học kỳ 1 Năm học 2025-2026', 'LHP066', 9.08, 4.55, 7.99, 7.41, 'B', 3.0, TRUE),
    (1890, 'HV357', '663524', 'Hưng Mai Bảo Trần', 'MH034', 'MATH998', 'Networked intermediate data-warehouse', 3, 'HK014', 'Học kỳ 2 Năm học 2025-2026', 'LHP045', 8.31, 5.75, 6.27, 6.37, 'C+', 2.5, TRUE),
    (1891, 'HV419', '645058', 'Châu Hữu Bùi', 'MH054', 'MATH608', 'Organic background conglomeration', 2, 'HK003', 'Học kỳ hè Năm học 2021-2022', 'LHP029', 4.95, 5.34, 8.81, 7.73, 'B', 3.0, TRUE),
    (1892, 'HV483', '678743', 'Bà Vi Dương', 'MH054', 'MATH608', 'Organic background conglomeration', 2, 'HK005', 'Học kỳ 2 Năm học 2022-2023', 'LHP119', 5.68, 6.12, 6.12, 6.08, 'C+', 2.5, TRUE),
    (1893, 'HV042', '672024', 'Khoa Trí Bùi', 'MH067', 'CS639', 'Customizable grid-enabled info-mediaries', 4, 'HK005', 'Học kỳ 2 Năm học 2022-2023', 'LHP038', 9.39, 7.13, 5.45, 6.18, 'C+', 2.5, TRUE),
    (1894, 'HV456', '633126', 'Lâm Văn Đặng', 'MH039', 'PHY188', 'Horizontal well-modulated circuit', 3, 'HK002', 'Học kỳ 2 Năm học 2021-2022', 'LHP096', 8.78, 5.16, 6.81, 6.68, 'C+', 2.5, TRUE),
    (1895, 'HV305', '656659', 'Khoa Tấn Trần', 'MH025', 'PHY546', 'Function-based intangible product', 4, 'HK005', 'Học kỳ 2 Năm học 2022-2023', 'LHP090', 8.57, 7.82, 8.71, 8.52, 'A', 4.0, TRUE),
    (1896, 'HV435', '679739', 'Nam Thế Đặng', 'MH053', 'MATH862', 'Quality-focused local Graphic Interface', 4, 'HK009', 'Học kỳ hè Năm học 2023-2024', 'LHP075', 10, 6.06, 7.98, 7.8, 'B', 3.0, TRUE),
    (1897, 'HV033', '671525', 'Huy Đức Đặng', 'MH065', 'MATH771', 'Digitized upward-trending emulation', 2, 'HK009', 'Học kỳ hè Năm học 2023-2024', 'LHP005', 6.75, 4.68, 10, 8.61, 'A', 4.0, TRUE),
    (1898, 'HV327', '653180', 'Quý ông Quang Hoàng', 'MH030', 'MATH559', 'Cross-group 24hour knowledge user', 4, 'HK015', 'Học kỳ hè Năm học 2025-2026', 'LHP044', 7.07, 5.76, 4.86, 5.26, 'D+', 1.5, TRUE),
    (1899, 'HV353', '668916', 'Ông Nam Dương', 'MH055', 'PHY749', 'Profit-focused methodical software', 3, 'HK010', 'Học kỳ 1 Năm học 2024-2025', 'LHP085', 5.98, 7.05, 4.01, 4.81, 'D', 1.0, FALSE),
    (1900, 'HV499', '671417', 'Kim Hoàng', 'MH079', 'CHEM343', 'Innovative multi-state collaboration', 2, 'HK002', 'Học kỳ 2 Năm học 2021-2022', 'LHP026', 9.06, 5.88, 4.55, 5.27, 'D+', 1.5, TRUE),
    (1901, 'HV159', '657214', 'Chị Hải Nguyễn', 'MH038', 'PHY504', 'Secured zero-defect middleware', 3, 'HK007', 'Học kỳ 1 Năm học 2023-2024', 'LHP031', 8.06, 6.22, 10, 9.05, 'A+', 4.0, TRUE),
    (1902, 'HV222', '677952', 'Bà Hà Phạm', 'MH040', 'MATH908', 'Stand-alone responsive strategy', 4, 'HK011', 'Học kỳ 2 Năm học 2024-2025', 'LHP048', 10, 6.11, 10, 9.22, 'A+', 4.0, TRUE),
    (1903, 'HV249', '631432', 'Bà Hương Vũ', 'MH053', 'MATH862', 'Quality-focused local Graphic Interface', 4, 'HK005', 'Học kỳ 2 Năm học 2022-2023', 'LHP101', 8.95, 7.13, 5.67, 6.29, 'C+', 2.5, TRUE),
    (1904, 'HV206', '655548', 'Chị Bảo Hoàng', 'MH007', 'IT302', 'Trí tuệ nhân tạo', 3, 'HK005', 'Học kỳ 2 Năm học 2022-2023', 'LHP055', 6.96, 7.91, 9.96, 9.25, 'A+', 4.0, TRUE),
    (1905, 'HV325', '653751', 'Anh Đức Phạm', 'MH070', 'CHEM177', 'Implemented secondary ability', 3, 'HK003', 'Học kỳ hè Năm học 2021-2022', 'LHP112', 10, 6.25, 9.86, 9.15, 'A+', 4.0, TRUE),
    (1906, 'HV026', '648141', 'Bác Nhiên Trần', 'MH059', 'CS958', 'De-engineered zero tolerance neural-net', 4, 'HK001', 'Học kỳ 1 Năm học 2021-2022', 'LHP024', 9.09, 5.57, 4.58, 5.23, 'D+', 1.5, TRUE),
    (1907, 'HV017', '679113', 'Hưng Dương', 'MH012', 'KT201', 'Nguyên lý kế toán', 4, 'HK015', 'Học kỳ hè Năm học 2025-2026', 'LHP074', 7.31, 5.62, 9.85, 8.75, 'A', 4.0, TRUE),
    (1908, 'HV059', '631251', 'Khoa Mai', 'MH008', 'IT303', 'Học máy', 3, 'HK010', 'Học kỳ 1 Năm học 2024-2025', 'LHP057', 4.59, 8.64, 7.62, 7.52, 'B', 3.0, TRUE),
    (1909, 'HV500', '647480', 'Quý ông Tú Dương', 'MH012', 'KT201', 'Nguyên lý kế toán', 4, 'HK003', 'Học kỳ hè Năm học 2021-2022', 'LHP081', 7.42, 4.67, 4.91, 5.12, 'D+', 1.5, TRUE),
    (1910, 'HV097', '641134', 'Chị Vân Trần', 'MH024', 'PHY887', 'Progressive encompassing model', 4, 'HK014', 'Học kỳ 2 Năm học 2025-2026', 'LHP077', 7.76, 4.79, 6.66, 6.4, 'C+', 2.5, TRUE),
    (1911, 'HV041', '679459', 'Quý cô Hải Hoàng', 'MH003', 'IT201', 'Cấu trúc dữ liệu và giải thuật', 4, 'HK009', 'Học kỳ hè Năm học 2023-2024', 'LHP028', 7.75, 10, 3.13, 4.97, 'D', 1.0, FALSE),
    (1912, 'HV044', '664675', 'Hạnh Trần', 'MH079', 'CHEM343', 'Innovative multi-state collaboration', 2, 'HK004', 'Học kỳ 1 Năm học 2022-2023', 'LHP110', 7.67, 4.07, 9.63, 8.32, 'B+', 3.5, TRUE),
    (1913, 'HV488', '669534', 'Quý ông Hoàng Phạm', 'MH006', 'IT301', 'Phát triển ứng dụng Web', 3, 'HK015', 'Học kỳ hè Năm học 2025-2026', 'LHP007', 5.94, 9.81, 8.3, 8.37, 'B+', 3.5, TRUE),
    (1914, 'HV278', '661746', 'Cô Dương Trần', 'MH045', 'CS718', 'Face-to-face bandwidth-monitored encoding', 2, 'HK009', 'Học kỳ hè Năm học 2023-2024', 'LHP120', 8.38, 8.34, 9.45, 9.12, 'A+', 4.0, TRUE),
    (1915, 'HV334', '666690', 'Tú Dương', 'MH079', 'CHEM343', 'Innovative multi-state collaboration', 2, 'HK015', 'Học kỳ hè Năm học 2025-2026', 'LHP083', 5.33, 9.74, 7.65, 7.84, 'B', 3.0, TRUE),
    (1916, 'HV422', '633593', 'Châu Nguyễn', 'MH035', 'CS527', 'Innovative executive utilization', 2, 'HK010', 'Học kỳ 1 Năm học 2024-2025', 'LHP041', 4.97, 5.83, 4.56, 4.86, 'D', 1.0, FALSE),
    (1917, 'HV233', '675037', 'Khoa Dương', 'MH059', 'CS958', 'De-engineered zero tolerance neural-net', 4, 'HK002', 'Học kỳ 2 Năm học 2021-2022', 'LHP013', 7.76, 5.64, 8.27, 7.69, 'B', 3.0, TRUE),
    (1918, 'HV293', '632218', 'An Hải Đặng', 'MH037', 'CHEM420', 'User-centric intermediate approach', 3, 'HK006', 'Học kỳ hè Năm học 2022-2023', 'LHP047', 7.2, 5.51, 8.84, 8.01, 'B+', 3.5, TRUE),
    (1919, 'HV047', '639234', 'Hải Vũ', 'MH051', 'MATH882', 'Proactive foreground emulation', 2, 'HK008', 'Học kỳ 2 Năm học 2023-2024', 'LHP002', 8.54, 7.36, 3.05, 4.46, 'D', 1.0, FALSE),
    (1920, 'HV030', '674776', 'Nam Thị Phạm', 'MH025', 'PHY546', 'Function-based intangible product', 4, 'HK011', 'Học kỳ 2 Năm học 2024-2025', 'LHP043', 7.28, 7.65, 3.8, 4.92, 'D', 1.0, FALSE),
    (1921, 'HV325', '653751', 'Anh Đức Phạm', 'MH056', 'MATH569', 'Secured client-driven database', 3, 'HK011', 'Học kỳ 2 Năm học 2024-2025', 'LHP079', 5.48, 5.11, 5.77, 5.61, 'C', 2.0, TRUE),
    (1922, 'HV396', '673844', 'Ánh Mai', 'MH042', 'CS898', 'Phased cohesive initiative', 3, 'HK001', 'Học kỳ 1 Năm học 2021-2022', 'LHP015', 9.9, 5.41, 9.47, 8.7, 'A', 4.0, TRUE),
    (1923, 'HV093', '642292', 'Thành Đức Dương', 'MH030', 'MATH559', 'Cross-group 24hour knowledge user', 4, 'HK008', 'Học kỳ 2 Năm học 2023-2024', 'LHP006', 6.33, 4.73, 7.75, 7.01, 'B', 3.0, TRUE),
    (1924, 'HV294', '641249', 'Bà Nhật Mai', 'MH048', 'CHEM889', 'Centralized systemic policy', 4, 'HK013', 'Học kỳ 1 Năm học 2025-2026', 'LHP077', 7.5, 10, 8.43, 8.65, 'A', 4.0, TRUE),
    (1925, 'HV427', '658159', 'Nam Phú Phạm', 'MH050', 'CS774', 'Face-to-face global parallelism', 3, 'HK015', 'Học kỳ hè Năm học 2025-2026', 'LHP070', 5.84, 6.77, 4.04, 4.77, 'D', 1.0, FALSE),
    (1926, 'HV041', '679459', 'Quý cô Hải Hoàng', 'MH076', 'CHEM207', 'Vision-oriented empowering parallelism', 2, 'HK014', 'Học kỳ 2 Năm học 2025-2026', 'LHP063', 8.17, 9.07, 9.05, 8.96, 'A', 4.0, TRUE),
    (1927, 'HV165', '636491', 'Lâm Mai', 'MH066', 'MATH808', 'User-friendly eco-centric framework', 4, 'HK011', 'Học kỳ 2 Năm học 2024-2025', 'LHP023', 9.89, 5.17, 8.73, 8.14, 'B+', 3.5, TRUE),
    (1928, 'HV246', '634739', 'Cô Hương Nguyễn', 'MH034', 'MATH998', 'Networked intermediate data-warehouse', 3, 'HK013', 'Học kỳ 1 Năm học 2025-2026', 'LHP088', 9.72, 7.95, 7.03, 7.49, 'B', 3.0, TRUE),
    (1929, 'HV334', '666690', 'Tú Dương', 'MH020', 'QS102', 'Điều lệnh Quân đội', 2, 'HK011', 'Học kỳ 2 Năm học 2024-2025', 'LHP075', 5.83, 5.05, 5.25, 5.27, 'D+', 1.5, TRUE),
    (1930, 'HV181', '673987', 'Chị Vân Mai', 'MH046', 'CHEM667', 'Synergized bottom-line monitoring', 4, 'HK008', 'Học kỳ 2 Năm học 2023-2024', 'LHP053', 7.43, 7.22, 7.22, 7.24, 'B', 3.0, TRUE),
    (1931, 'HV244', '648871', 'Chị Thành Nguyễn', 'MH044', 'CS575', 'Enhanced 24/7 leverage', 3, 'HK011', 'Học kỳ 2 Năm học 2024-2025', 'LHP016', 8.05, 6.0, 7.63, 7.35, 'B', 3.0, TRUE),
    (1932, 'HV077', '639734', 'Cô Lâm Hoàng', 'MH055', 'PHY749', 'Profit-focused methodical software', 3, 'HK006', 'Học kỳ hè Năm học 2022-2023', 'LHP063', 5.78, 9.6, 5.6, 6.42, 'C+', 2.5, TRUE),
    (1933, 'HV277', '637780', 'Cô Thảo Hoàng', 'MH067', 'CS639', 'Customizable grid-enabled info-mediaries', 4, 'HK002', 'Học kỳ 2 Năm học 2021-2022', 'LHP037', 6.41, 6.09, 5.93, 6.01, 'C+', 2.5, TRUE),
    (1934, 'HV008', '654805', 'Thành Nguyễn', 'MH027', 'CHEM106', 'Down-sized methodical flexibility', 3, 'HK003', 'Học kỳ hè Năm học 2021-2022', 'LHP010', 6.95, 4.28, 5.82, 5.62, 'C', 2.0, TRUE),
    (1935, 'HV031', '675923', 'Quang Mai Bùi', 'MH052', 'CHEM184', 'Automated heuristic pricing structure', 4, 'HK001', 'Học kỳ 1 Năm học 2021-2022', 'LHP037', 9.25, 7.29, 10, 9.38, 'A+', 4.0, TRUE),
    (1936, 'HV429', '644840', 'Bác Anh Phạm', 'MH043', 'PHY829', 'Managed modular focus group', 2, 'HK014', 'Học kỳ 2 Năm học 2025-2026', 'LHP087', 6.17, 6.31, 4.31, 4.89, 'D', 1.0, FALSE),
    (1937, 'HV040', '674557', 'Bác Nhiên Lê', 'MH002', 'IT102', 'Lập trình cơ bản', 4, 'HK012', 'Học kỳ hè Năm học 2024-2025', 'LHP049', 5.7, 6.37, 6.41, 6.33, 'C+', 2.5, TRUE),
    (1938, 'HV324', '646840', 'Thành Nguyễn', 'MH074', 'PHY418', 'Centralized leadingedge knowledge user', 4, 'HK012', 'Học kỳ hè Năm học 2024-2025', 'LHP015', 7.65, 5.86, 8.13, 7.63, 'B', 3.0, TRUE),
    (1939, 'HV221', '672711', 'Cô Hà Lê', 'MH008', 'IT303', 'Học máy', 3, 'HK011', 'Học kỳ 2 Năm học 2024-2025', 'LHP104', 8.41, 6.84, 9.38, 8.78, 'A', 4.0, TRUE),
    (1940, 'HV059', '631251', 'Khoa Mai', 'MH038', 'PHY504', 'Secured zero-defect middleware', 3, 'HK013', 'Học kỳ 1 Năm học 2025-2026', 'LHP010', 5.35, 4.92, 6.51, 6.08, 'C+', 2.5, TRUE),
    (1941, 'HV189', '676359', 'Châu Hoàng Trần', 'MH068', 'CS441', 'Decentralized systemic productivity', 4, 'HK013', 'Học kỳ 1 Năm học 2025-2026', 'LHP073', 10, 7.48, 3.73, 5.1, 'D+', 1.5, TRUE),
    (1942, 'HV185', '643061', 'Trung Dương', 'MH030', 'MATH559', 'Cross-group 24hour knowledge user', 4, 'HK004', 'Học kỳ 1 Năm học 2022-2023', 'LHP101', 5.16, 8.65, 8.09, 7.91, 'B', 3.0, TRUE),
    (1943, 'HV189', '676359', 'Châu Hoàng Trần', 'MH045', 'CS718', 'Face-to-face bandwidth-monitored encoding', 2, 'HK009', 'Học kỳ hè Năm học 2023-2024', 'LHP033', 6.31, 6.5, 5.7, 5.92, 'C', 2.0, TRUE),
    (1944, 'HV337', '648173', 'Linh Dương', 'MH019', 'QS101', 'Giáo dục Quốc phòng', 2, 'HK009', 'Học kỳ hè Năm học 2023-2024', 'LHP101', 7.92, 9.3, 9.24, 9.12, 'A+', 4.0, TRUE),
    (1945, 'HV076', '649762', 'Châu Bùi', 'MH080', 'PHY434', 'Operative responsive project', 3, 'HK011', 'Học kỳ 2 Năm học 2024-2025', 'LHP032', 9.82, 8.74, 4.61, 5.96, 'C', 2.0, TRUE),
    (1946, 'HV050', '634303', 'Cô Thành Vũ', 'MH068', 'CS441', 'Decentralized systemic productivity', 4, 'HK004', 'Học kỳ 1 Năm học 2022-2023', 'LHP018', 8.13, 9.08, 5.53, 6.5, 'C+', 2.5, TRUE),
    (1947, 'HV095', '672813', 'Lan Nguyễn', 'MH032', 'CS758', 'Inverse maximized forecast', 4, 'HK008', 'Học kỳ 2 Năm học 2023-2024', 'LHP105', 9.36, 4.13, 5.42, 5.55, 'C', 2.0, TRUE),
    (1948, 'HV451', '655949', 'Lâm Trí Phạm', 'MH023', 'CS428', 'Robust system-worthy benchmark', 2, 'HK013', 'Học kỳ 1 Năm học 2025-2026', 'LHP021', 8.15, 6.1, 3.84, 4.72, 'D', 1.0, FALSE),
    (1949, 'HV155', '657938', 'Quý cô Vi Bùi', 'MH038', 'PHY504', 'Secured zero-defect middleware', 3, 'HK013', 'Học kỳ 1 Năm học 2025-2026', 'LHP010', 7.03, 4.64, 9.93, 8.58, 'A', 4.0, TRUE),
    (1950, 'HV162', '656842', 'Thành Mai', 'MH059', 'CS958', 'De-engineered zero tolerance neural-net', 4, 'HK010', 'Học kỳ 1 Năm học 2024-2025', 'LHP092', 8.94, 8.92, 8.45, 8.59, 'A', 4.0, TRUE),
    (1951, 'HV278', '661746', 'Cô Dương Trần', 'MH063', 'MATH935', 'Implemented even-keeled complexity', 2, 'HK010', 'Học kỳ 1 Năm học 2024-2025', 'LHP023', 5.66, 5.36, 6.04, 5.87, 'C', 2.0, TRUE),
    (1952, 'HV178', '655316', 'Bà Ánh Mai', 'MH028', 'CS900', 'Ergonomic demand-driven capacity', 4, 'HK009', 'Học kỳ hè Năm học 2023-2024', 'LHP025', 8.71, 8.21, 4.49, 5.65, 'C', 2.0, TRUE),
    (1953, 'HV234', '665500', 'Hưng Hữu Trần', 'MH036', 'CS430', 'Stand-alone national project', 2, 'HK013', 'Học kỳ 1 Năm học 2025-2026', 'LHP001', 6.68, 3.95, 5.1, 5.03, 'D+', 1.5, TRUE),
    (1954, 'HV263', '636909', 'Hương Lê', 'MH007', 'IT302', 'Trí tuệ nhân tạo', 3, 'HK003', 'Học kỳ hè Năm học 2021-2022', 'LHP078', 7.2, 5.93, 9.52, 8.57, 'A', 4.0, TRUE),
    (1955, 'HV155', '657938', 'Quý cô Vi Bùi', 'MH047', 'CS612', 'Automated 4thgeneration strategy', 4, 'HK006', 'Học kỳ hè Năm học 2022-2023', 'LHP088', 8.29, 4.19, 7.26, 6.75, 'C+', 2.5, TRUE),
    (1956, 'HV165', '636491', 'Lâm Mai', 'MH003', 'IT201', 'Cấu trúc dữ liệu và giải thuật', 4, 'HK008', 'Học kỳ 2 Năm học 2023-2024', 'LHP096', 6.45, 9.04, 9.41, 9.04, 'A+', 4.0, TRUE),
    (1957, 'HV244', '648871', 'Chị Thành Nguyễn', 'MH028', 'CS900', 'Ergonomic demand-driven capacity', 4, 'HK002', 'Học kỳ 2 Năm học 2021-2022', 'LHP105', 10, 7.35, 6.14, 6.77, 'C+', 2.5, TRUE),
    (1958, 'HV460', '639375', 'Cô Thành Trần', 'MH079', 'CHEM343', 'Innovative multi-state collaboration', 2, 'HK001', 'Học kỳ 1 Năm học 2021-2022', 'LHP005', 4.91, 4.84, 4.03, 4.28, 'D', 1.0, FALSE),
    (1959, 'HV048', '647991', 'Chi Vũ', 'MH062', 'CHEM292', 'Sharable fault-tolerant implementation', 3, 'HK001', 'Học kỳ 1 Năm học 2021-2022', 'LHP088', 5.96, 6.97, 5.9, 6.12, 'C+', 2.5, TRUE),
    (1960, 'HV263', '636909', 'Hương Lê', 'MH063', 'MATH935', 'Implemented even-keeled complexity', 2, 'HK008', 'Học kỳ 2 Năm học 2023-2024', 'LHP111', 6.23, 4.48, 4.24, 4.49, 'D', 1.0, FALSE),
    (1961, 'HV050', '634303', 'Cô Thành Vũ', 'MH006', 'IT301', 'Phát triển ứng dụng Web', 3, 'HK001', 'Học kỳ 1 Năm học 2021-2022', 'LHP053', 6.7, 3.72, 7.33, 6.54, 'C+', 2.5, TRUE),
    (1962, 'HV283', '638263', 'Anh Hoàng Lê', 'MH012', 'KT201', 'Nguyên lý kế toán', 4, 'HK007', 'Học kỳ 1 Năm học 2023-2024', 'LHP091', 6.28, 6.51, 6.45, 6.45, 'C+', 2.5, TRUE),
    (1963, 'HV309', '641314', 'Thành Hoàng Dương', 'MH059', 'CS958', 'De-engineered zero tolerance neural-net', 4, 'HK008', 'Học kỳ 2 Năm học 2023-2024', 'LHP050', 6.38, 10, 9.31, 9.15, 'A+', 4.0, TRUE),
    (1964, 'HV240', '663639', 'Kim Mai Bảo Hoàng', 'MH026', 'CHEM794', 'Compatible client-server system engine', 3, 'HK013', 'Học kỳ 1 Năm học 2025-2026', 'LHP040', 6.41, 6.16, 4.81, 5.24, 'D+', 1.5, TRUE),
    (1965, 'HV494', '632528', 'Cô Thảo Bùi', 'MH035', 'CS527', 'Innovative executive utilization', 2, 'HK003', 'Học kỳ hè Năm học 2021-2022', 'LHP097', 6.87, 7.5, 8.52, 8.15, 'B+', 3.5, TRUE),
    (1966, 'HV133', '632178', 'Hà Phạm', 'MH012', 'KT201', 'Nguyên lý kế toán', 4, 'HK013', 'Học kỳ 1 Năm học 2025-2026', 'LHP072', 6.13, 9.6, 6.37, 6.99, 'C+', 2.5, TRUE),
    (1967, 'HV302', '647483', 'Bà Linh Mai', 'MH032', 'CS758', 'Inverse maximized forecast', 4, 'HK005', 'Học kỳ 2 Năm học 2022-2023', 'LHP064', 6.05, 5.96, 6.92, 6.65, 'C+', 2.5, TRUE),
    (1968, 'HV040', '674557', 'Bác Nhiên Lê', 'MH057', 'CS148', 'Versatile modular complexity', 2, 'HK014', 'Học kỳ 2 Năm học 2025-2026', 'LHP104', 9.06, 5.95, 6.78, 6.84, 'C+', 2.5, TRUE),
    (1969, 'HV274', '652800', 'Quý cô Lâm Bùi', 'MH039', 'PHY188', 'Horizontal well-modulated circuit', 3, 'HK013', 'Học kỳ 1 Năm học 2025-2026', 'LHP090', 9.06, 4.16, 7.41, 6.93, 'C+', 2.5, TRUE),
    (1970, 'HV499', '671417', 'Kim Hoàng', 'MH008', 'IT303', 'Học máy', 3, 'HK012', 'Học kỳ hè Năm học 2024-2025', 'LHP110', 5.71, 5.92, 7.03, 6.68, 'C+', 2.5, TRUE),
    (1971, 'HV099', '636086', 'Chị Duyên Nguyễn', 'MH076', 'CHEM207', 'Vision-oriented empowering parallelism', 2, 'HK007', 'Học kỳ 1 Năm học 2023-2024', 'LHP056', 5.51, 9.81, 2.02, 3.93, 'F', 0.0, FALSE),
    (1972, 'HV484', '653160', 'Hải Phú Bùi', 'MH052', 'CHEM184', 'Automated heuristic pricing structure', 4, 'HK012', 'Học kỳ hè Năm học 2024-2025', 'LHP107', 6.98, 10, 5.54, 6.58, 'C+', 2.5, TRUE),
    (1973, 'HV241', '645147', 'Quý ông Dũng Hoàng', 'MH042', 'CS898', 'Phased cohesive initiative', 3, 'HK007', 'Học kỳ 1 Năm học 2023-2024', 'LHP033', 8.72, 3.68, 3.64, 4.15, 'D', 1.0, FALSE),
    (1974, 'HV030', '674776', 'Nam Thị Phạm', 'MH050', 'CS774', 'Face-to-face global parallelism', 3, 'HK005', 'Học kỳ 2 Năm học 2022-2023', 'LHP101', 7.36, 5.71, 8.13, 7.57, 'B', 3.0, TRUE),
    (1975, 'HV068', '653439', 'Nam Bảo Lê', 'MH033', 'MATH371', 'Reactive fault-tolerant Internet solution', 4, 'HK008', 'Học kỳ 2 Năm học 2023-2024', 'LHP023', 6.17, 9.92, 6.8, 7.36, 'B', 3.0, TRUE),
    (1976, 'HV048', '647991', 'Chi Vũ', 'MH027', 'CHEM106', 'Down-sized methodical flexibility', 3, 'HK009', 'Học kỳ hè Năm học 2023-2024', 'LHP110', 10, 9.93, 5.46, 6.8, 'C+', 2.5, TRUE),
    (1977, 'HV119', '632829', 'Ông Quang Bùi', 'MH019', 'QS101', 'Giáo dục Quốc phòng', 2, 'HK005', 'Học kỳ 2 Năm học 2022-2023', 'LHP033', 9.26, 6.23, 7.48, 7.41, 'B', 3.0, TRUE),
    (1978, 'HV289', '667239', 'Khoa Trí Lê', 'MH038', 'PHY504', 'Secured zero-defect middleware', 3, 'HK012', 'Học kỳ hè Năm học 2024-2025', 'LHP048', 6.56, 6.55, 10, 8.97, 'A', 4.0, TRUE),
    (1979, 'HV287', '636159', 'Quý cô Lâm Đặng', 'MH068', 'CS441', 'Decentralized systemic productivity', 4, 'HK013', 'Học kỳ 1 Năm học 2025-2026', 'LHP048', 9.94, 6.12, 2.83, 4.2, 'D', 1.0, FALSE),
    (1980, 'HV431', '678241', 'Ánh Mai', 'MH015', 'NN101', 'Tiếng Anh cơ bản', 4, 'HK011', 'Học kỳ 2 Năm học 2024-2025', 'LHP013', 9.91, 10, 4.88, 6.41, 'C+', 2.5, TRUE),
    (1981, 'HV097', '641134', 'Chị Vân Trần', 'MH075', 'CHEM371', 'Distributed contextually-based pricing structure', 2, 'HK012', 'Học kỳ hè Năm học 2024-2025', 'LHP032', 6.62, 8.84, 7.46, 7.65, 'B', 3.0, TRUE),
    (1982, 'HV250', '646612', 'Nhật Trần', 'MH066', 'MATH808', 'User-friendly eco-centric framework', 4, 'HK001', 'Học kỳ 1 Năm học 2021-2022', 'LHP050', 9.68, 9.64, 6.76, 7.63, 'B', 3.0, TRUE),
    (1983, 'HV389', '657948', 'Anh Lê', 'MH050', 'CS774', 'Face-to-face global parallelism', 3, 'HK014', 'Học kỳ 2 Năm học 2025-2026', 'LHP079', 6.46, 9.49, 3.19, 4.78, 'D', 1.0, FALSE),
    (1984, 'HV379', '633130', 'Bác Tùng Bùi', 'MH066', 'MATH808', 'User-friendly eco-centric framework', 4, 'HK003', 'Học kỳ hè Năm học 2021-2022', 'LHP078', 5.91, 7.7, 7.41, 7.32, 'B', 3.0, TRUE),
    (1985, 'HV153', '632579', 'Chị Hà Trần', 'MH075', 'CHEM371', 'Distributed contextually-based pricing structure', 2, 'HK013', 'Học kỳ 1 Năm học 2025-2026', 'LHP003', 8.28, 8.91, 7.45, 7.82, 'B', 3.0, TRUE),
    (1986, 'HV191', '637461', 'Tú Đức Lê', 'MH008', 'IT303', 'Học máy', 3, 'HK015', 'Học kỳ hè Năm học 2025-2026', 'LHP087', 8.66, 6.33, 4.74, 5.45, 'D+', 1.5, TRUE),
    (1987, 'HV112', '638432', 'Ngọc Phạm', 'MH051', 'MATH882', 'Proactive foreground emulation', 2, 'HK011', 'Học kỳ 2 Năm học 2024-2025', 'LHP061', 8.84, 10, 6.13, 7.17, 'B', 3.0, TRUE),
    (1988, 'HV120', '638342', 'Bà Bảo Mai', 'MH069', 'CHEM272', 'Mandatory value-added moratorium', 4, 'HK010', 'Học kỳ 1 Năm học 2024-2025', 'LHP051', 6.32, 5.8, 6.25, 6.17, 'C+', 2.5, TRUE),
    (1989, 'HV078', '634047', 'Thành Đức Hoàng', 'MH013', 'KT202', 'Tài chính doanh nghiệp', 3, 'HK008', 'Học kỳ 2 Năm học 2023-2024', 'LHP036', 6.37, 8.46, 8.34, 8.17, 'B+', 3.5, TRUE),
    (1990, 'HV061', '634130', 'Chị Phương Nguyễn', 'MH063', 'MATH935', 'Implemented even-keeled complexity', 2, 'HK007', 'Học kỳ 1 Năm học 2023-2024', 'LHP116', 6.15, 10, 5.22, 6.27, 'C+', 2.5, TRUE),
    (1991, 'HV376', '648681', 'An Mai Bảo Mai', 'MH076', 'CHEM207', 'Vision-oriented empowering parallelism', 2, 'HK011', 'Học kỳ 2 Năm học 2024-2025', 'LHP041', 9.05, 4.63, 6.17, 6.15, 'C+', 2.5, TRUE),
    (1992, 'HV150', '663228', 'Hà Mai', 'MH020', 'QS102', 'Điều lệnh Quân đội', 2, 'HK003', 'Học kỳ hè Năm học 2021-2022', 'LHP043', 6.33, 4.33, 3.22, 3.75, 'F', 0.0, FALSE),
    (1993, 'HV405', '663284', 'Xuân Vũ', 'MH005', 'IT203', 'Mạng máy tính', 3, 'HK014', 'Học kỳ 2 Năm học 2025-2026', 'LHP090', 5.76, 7.75, 4.86, 5.53, 'C', 2.0, TRUE),
    (1994, 'HV261', '633884', 'Huy Dương', 'MH038', 'PHY504', 'Secured zero-defect middleware', 3, 'HK007', 'Học kỳ 1 Năm học 2023-2024', 'LHP090', 9.36, 9.45, 6.59, 7.44, 'B', 3.0, TRUE),
    (1995, 'HV467', '657986', 'Quý ông Hưng Nguyễn', 'MH053', 'MATH862', 'Quality-focused local Graphic Interface', 4, 'HK011', 'Học kỳ 2 Năm học 2024-2025', 'LHP112', 7.18, 4.09, 9.06, 7.87, 'B', 3.0, TRUE),
    (1996, 'HV414', '668870', 'Phương Hoàng', 'MH035', 'CS527', 'Innovative executive utilization', 2, 'HK010', 'Học kỳ 1 Năm học 2024-2025', 'LHP101', 8.6, 5.69, 8.29, 7.8, 'B', 3.0, TRUE),
    (1997, 'HV241', '645147', 'Quý ông Dũng Hoàng', 'MH052', 'CHEM184', 'Automated heuristic pricing structure', 4, 'HK007', 'Học kỳ 1 Năm học 2023-2024', 'LHP103', 9.44, 9.47, 5.61, 6.76, 'C+', 2.5, TRUE),
    (1998, 'HV281', '633282', 'Anh Nam Lê', 'MH055', 'PHY749', 'Profit-focused methodical software', 3, 'HK014', 'Học kỳ 2 Năm học 2025-2026', 'LHP034', 8.64, 7.75, 9.18, 8.84, 'A', 4.0, TRUE),
    (1999, 'HV027', '646340', 'Huy Thế Bùi', 'MH048', 'CHEM889', 'Centralized systemic policy', 4, 'HK011', 'Học kỳ 2 Năm học 2024-2025', 'LHP053', 8.3, 6.52, 6.86, 6.94, 'C+', 2.5, TRUE),
    (2000, 'HV488', '669534', 'Quý ông Hoàng Phạm', 'MH064', 'CS960', 'Synchronized real-time budgetary management', 2, 'HK014', 'Học kỳ 2 Năm học 2025-2026', 'LHP080', 10, 6.75, 9.03, 8.67, 'A', 4.0, TRUE);

INSERT INTO ket_qua_hoc_ky (id, hoc_vien_id, ma_hv, ho_ten_hv, hoc_ky_id, ten_hoc_ky, gpa_hoc_ky_he4, gpa_tich_luy_he4, gpa_hoc_ky_he10, so_tc_dang_ky, so_tc_dat, so_tc_tich_luy, xep_loai, diem_ren_luyen, muc_canh_bao) VALUES
    ('KQ001', 'HV256', '646046', 'Ngọc Vũ', 'HK005', 'Học kỳ 2 Năm học 2022-2023', 1.41, 0.31, 3.5, 13, 13, 126, 'Yếu', 99, 1),
    ('KQ002', 'HV159', '657214', 'Chị Hải Nguyễn', 'HK001', 'Học kỳ 1 Năm học 2021-2022', 0.58, 2.08, 1.4, 11, 22, 118, 'Yếu', 92, 3),
    ('KQ003', 'HV038', '676960', 'Quý cô Hải Phạm', 'HK012', 'Học kỳ hè Năm học 2024-2025', 1.1, 0.6, 2.8, 16, 25, 139, 'Yếu', 83, 3),
    ('KQ004', 'HV305', '656659', 'Khoa Tấn Trần', 'HK007', 'Học kỳ 1 Năm học 2023-2024', 1.09, 0.89, 2.7, 24, 22, 43, 'Yếu', 100, 1),
    ('KQ005', 'HV411', '674949', 'Chị Lâm Đặng', 'HK001', 'Học kỳ 1 Năm học 2021-2022', 0.91, 1.68, 2.3, 12, 22, 118, 'Yếu', 89, 0),
    ('KQ006', 'HV115', '652243', 'Lan Đặng', 'HK014', 'Học kỳ 2 Năm học 2025-2026', 2.19, 2.12, 5.5, 17, 22, 127, 'Trung bình', 72, 3),
    ('KQ007', 'HV253', '645169', 'Ngọc Mai', 'HK010', 'Học kỳ 1 Năm học 2024-2025', 2.81, 3.72, 7.0, 25, 24, 69, 'Khá', 99, 3),
    ('KQ008', 'HV108', '658847', 'Quý ông Phúc Phạm', 'HK006', 'Học kỳ hè Năm học 2022-2023', 1.72, 2.09, 4.3, 19, 8, 30, 'Yếu', 51, 2),
    ('KQ009', 'HV378', '667949', 'Kim Nguyễn', 'HK004', 'Học kỳ 1 Năm học 2022-2023', 2.08, 2.99, 5.2, 24, 16, 136, 'Trung bình', 59, 3),
    ('KQ010', 'HV008', '654805', 'Thành Nguyễn', 'HK001', 'Học kỳ 1 Năm học 2021-2022', 3.32, 3.59, 8.3, 11, 9, 33, 'Giỏi', 98, 0),
    ('KQ011', 'HV278', '661746', 'Cô Dương Trần', 'HK013', 'Học kỳ 1 Năm học 2025-2026', 1.83, 2.72, 4.6, 13, 11, 103, 'Yếu', 92, 2),
    ('KQ012', 'HV415', '679362', 'Nhật Bảo Mai', 'HK012', 'Học kỳ hè Năm học 2024-2025', 1.52, 2.82, 3.8, 11, 15, 80, 'Yếu', 58, 2),
    ('KQ013', 'HV272', '658619', 'Xuân Mai', 'HK002', 'Học kỳ 2 Năm học 2021-2022', 0.18, 1.36, 0.4, 12, 18, 112, 'Yếu', 94, 3),
    ('KQ014', 'HV194', '634066', 'Nhật Dương', 'HK006', 'Học kỳ hè Năm học 2022-2023', 0.58, 3.59, 1.4, 14, 14, 70, 'Yếu', 71, 1),
    ('KQ015', 'HV120', '638342', 'Bà Bảo Mai', 'HK013', 'Học kỳ 1 Năm học 2025-2026', 2.77, 1.52, 6.9, 13, 16, 101, 'Khá', 61, 1),
    ('KQ016', 'HV361', '662682', 'An Đặng', 'HK004', 'Học kỳ 1 Năm học 2022-2023', 0.72, 2.76, 1.8, 19, 18, 55, 'Yếu', 91, 3),
    ('KQ017', 'HV424', '673564', 'Ánh Lê', 'HK005', 'Học kỳ 2 Năm học 2022-2023', 0.39, 2.51, 1.0, 25, 18, 104, 'Yếu', 66, 1),
    ('KQ018', 'HV184', '678959', 'Bảo Thị Phạm', 'HK007', 'Học kỳ 1 Năm học 2023-2024', 3.68, 3.81, 9.2, 22, 8, 64, 'Xuất sắc', 63, 3),
    ('KQ019', 'HV362', '639006', 'Quý ông Bảo Vũ', 'HK009', 'Học kỳ hè Năm học 2023-2024', 0.98, 3.13, 2.5, 25, 25, 57, 'Yếu', 92, 0),
    ('KQ020', 'HV394', '677528', 'Nhật Bảo Mai', 'HK002', 'Học kỳ 2 Năm học 2021-2022', 3.69, 3.64, 9.2, 12, 17, 126, 'Xuất sắc', 53, 2),
    ('KQ021', 'HV275', '646078', 'Khoa Hoàng', 'HK010', 'Học kỳ 1 Năm học 2024-2025', 0.2, 0.19, 0.5, 22, 14, 37, 'Yếu', 67, 2),
    ('KQ022', 'HV290', '659783', 'Anh Hoàng Bùi', 'HK004', 'Học kỳ 1 Năm học 2022-2023', 2.76, 3.23, 6.9, 20, 24, 124, 'Khá', 74, 2),
    ('KQ023', 'HV401', '671563', 'Anh Quang Đặng', 'HK012', 'Học kỳ hè Năm học 2024-2025', 0.16, 1.68, 0.4, 18, 20, 78, 'Yếu', 98, 1),
    ('KQ024', 'HV485', '664367', 'Bà Duyên Bùi', 'HK001', 'Học kỳ 1 Năm học 2021-2022', 2.95, 3.94, 7.4, 21, 13, 97, 'Khá', 83, 1),
    ('KQ025', 'HV449', '633610', 'Bác Nam Phạm', 'HK007', 'Học kỳ 1 Năm học 2023-2024', 1.67, 0.96, 4.2, 11, 23, 43, 'Yếu', 68, 0),
    ('KQ026', 'HV461', '645151', 'Hạnh Thị Vũ', 'HK011', 'Học kỳ 2 Năm học 2024-2025', 1.67, 0.06, 4.2, 18, 13, 124, 'Yếu', 71, 0),
    ('KQ027', 'HV041', '679459', 'Quý cô Hải Hoàng', 'HK014', 'Học kỳ 2 Năm học 2025-2026', 0.61, 3.32, 1.5, 14, 21, 111, 'Yếu', 69, 3),
    ('KQ028', 'HV279', '662478', 'Bà Vân Trần', 'HK015', 'Học kỳ hè Năm học 2025-2026', 2.12, 3.68, 5.3, 14, 9, 38, 'Trung bình', 54, 0),
    ('KQ029', 'HV313', '631383', 'Nam Phú Trần', 'HK007', 'Học kỳ 1 Năm học 2023-2024', 1.74, 0.98, 4.3, 17, 14, 125, 'Yếu', 66, 1),
    ('KQ030', 'HV299', '664214', 'Chị An Lê', 'HK003', 'Học kỳ hè Năm học 2021-2022', 2.95, 0.94, 7.4, 24, 12, 120, 'Khá', 74, 0),
    ('KQ031', 'HV466', '669638', 'Quý cô Vân Phạm', 'HK002', 'Học kỳ 2 Năm học 2021-2022', 2.7, 1.04, 6.8, 12, 15, 144, 'Khá', 56, 1),
    ('KQ032', 'HV431', '678241', 'Ánh Mai', 'HK014', 'Học kỳ 2 Năm học 2025-2026', 3.04, 3.83, 7.6, 17, 24, 141, 'Khá', 52, 0),
    ('KQ033', 'HV166', '639496', 'Mai Hoàng', 'HK010', 'Học kỳ 1 Năm học 2024-2025', 3.47, 3.9, 8.7, 12, 8, 30, 'Giỏi', 75, 2),
    ('KQ034', 'HV038', '676960', 'Quý cô Hải Phạm', 'HK009', 'Học kỳ hè Năm học 2023-2024', 1.11, 0.6, 2.8, 25, 10, 139, 'Yếu', 66, 0),
    ('KQ035', 'HV194', '634066', 'Nhật Dương', 'HK001', 'Học kỳ 1 Năm học 2021-2022', 1.35, 3.59, 3.4, 13, 20, 70, 'Yếu', 62, 1),
    ('KQ036', 'HV137', '663541', 'Cô Kim Nguyễn', 'HK006', 'Học kỳ hè Năm học 2022-2023', 3.93, 2.86, 9.8, 15, 8, 137, 'Xuất sắc', 55, 3),
    ('KQ037', 'HV096', '678048', 'Bà Dương Lê', 'HK004', 'Học kỳ 1 Năm học 2022-2023', 3.09, 0.76, 7.7, 14, 21, 66, 'Khá', 77, 0),
    ('KQ038', 'HV215', '675695', 'Hưng Vũ', 'HK006', 'Học kỳ hè Năm học 2022-2023', 0.08, 2.14, 0.2, 24, 13, 81, 'Yếu', 87, 3),
    ('KQ039', 'HV218', '666543', 'Hà Trí Mai', 'HK005', 'Học kỳ 2 Năm học 2022-2023', 1.81, 1.66, 4.5, 24, 23, 136, 'Yếu', 50, 2),
    ('KQ040', 'HV420', '631759', 'Trọng Đức Mai', 'HK005', 'Học kỳ 2 Năm học 2022-2023', 0.75, 3.16, 1.9, 10, 12, 111, 'Yếu', 51, 1),
    ('KQ041', 'HV320', '652086', 'Lâm Bảo Mai', 'HK003', 'Học kỳ hè Năm học 2021-2022', 1.47, 2.0, 3.7, 18, 23, 127, 'Yếu', 54, 1),
    ('KQ042', 'HV370', '677968', 'Cô Hà Mai', 'HK014', 'Học kỳ 2 Năm học 2025-2026', 1.77, 0.86, 4.4, 14, 24, 122, 'Yếu', 93, 0),
    ('KQ043', 'HV337', '648173', 'Linh Dương', 'HK010', 'Học kỳ 1 Năm học 2024-2025', 3.12, 2.49, 7.8, 22, 12, 97, 'Khá', 83, 2),
    ('KQ044', 'HV061', '634130', 'Chị Phương Nguyễn', 'HK006', 'Học kỳ hè Năm học 2022-2023', 2.94, 0.44, 7.3, 15, 11, 75, 'Khá', 63, 3),
    ('KQ045', 'HV191', '637461', 'Tú Đức Lê', 'HK006', 'Học kỳ hè Năm học 2022-2023', 0.49, 2.32, 1.2, 22, 22, 31, 'Yếu', 54, 3),
    ('KQ046', 'HV418', '646827', 'Vân Bùi', 'HK007', 'Học kỳ 1 Năm học 2023-2024', 3.17, 1.49, 7.9, 22, 11, 99, 'Khá', 53, 2),
    ('KQ047', 'HV493', '651829', 'Quý ông Tú Mai', 'HK006', 'Học kỳ hè Năm học 2022-2023', 3.09, 3.93, 7.7, 25, 18, 136, 'Khá', 80, 0),
    ('KQ048', 'HV030', '674776', 'Nam Thị Phạm', 'HK004', 'Học kỳ 1 Năm học 2022-2023', 2.11, 2.04, 5.3, 14, 14, 102, 'Trung bình', 59, 1),
    ('KQ049', 'HV173', '639908', 'Ông Minh Phạm', 'HK005', 'Học kỳ 2 Năm học 2022-2023', 2.69, 2.61, 6.7, 20, 25, 98, 'Khá', 96, 3),
    ('KQ050', 'HV245', '676970', 'Nhật Phạm', 'HK009', 'Học kỳ hè Năm học 2023-2024', 1.39, 2.33, 3.5, 12, 15, 75, 'Yếu', 70, 3),
    ('KQ051', 'HV054', '648649', 'Nhiên Nguyễn', 'HK015', 'Học kỳ hè Năm học 2025-2026', 0.83, 2.4, 2.1, 13, 18, 105, 'Yếu', 100, 0),
    ('KQ052', 'HV286', '641030', 'Kim Hải Trần', 'HK003', 'Học kỳ hè Năm học 2021-2022', 1.84, 0.38, 4.6, 22, 9, 67, 'Yếu', 51, 3),
    ('KQ053', 'HV002', '655860', 'Vân Dương', 'HK010', 'Học kỳ 1 Năm học 2024-2025', 0.79, 2.15, 2.0, 24, 10, 112, 'Yếu', 99, 0),
    ('KQ054', 'HV452', '656921', 'Chị Bảo Mai', 'HK014', 'Học kỳ 2 Năm học 2025-2026', 1.25, 3.7, 3.1, 19, 20, 111, 'Yếu', 79, 0),
    ('KQ055', 'HV494', '632528', 'Cô Thảo Bùi', 'HK014', 'Học kỳ 2 Năm học 2025-2026', 0.66, 2.65, 1.7, 10, 8, 145, 'Yếu', 56, 2),
    ('KQ056', 'HV307', '645121', 'Minh Thế Dương', 'HK010', 'Học kỳ 1 Năm học 2024-2025', 0.29, 1.89, 0.7, 10, 10, 141, 'Yếu', 100, 2),
    ('KQ057', 'HV288', '649272', 'Hoàng Lê', 'HK015', 'Học kỳ hè Năm học 2025-2026', 0.93, 1.7, 2.3, 21, 18, 114, 'Yếu', 71, 1),
    ('KQ058', 'HV451', '655949', 'Lâm Trí Phạm', 'HK002', 'Học kỳ 2 Năm học 2021-2022', 2.89, 1.63, 7.2, 22, 23, 54, 'Khá', 89, 2),
    ('KQ059', 'HV022', '633324', 'Minh Vũ', 'HK012', 'Học kỳ hè Năm học 2024-2025', 0.18, 3.14, 0.4, 20, 21, 64, 'Yếu', 55, 1),
    ('KQ060', 'HV246', '634739', 'Cô Hương Nguyễn', 'HK003', 'Học kỳ hè Năm học 2021-2022', 2.13, 1.0, 5.3, 11, 20, 69, 'Trung bình', 52, 2),
    ('KQ061', 'HV253', '645169', 'Ngọc Mai', 'HK005', 'Học kỳ 2 Năm học 2022-2023', 2.13, 3.72, 5.3, 10, 10, 69, 'Trung bình', 71, 3),
    ('KQ062', 'HV233', '675037', 'Khoa Dương', 'HK009', 'Học kỳ hè Năm học 2023-2024', 1.1, 1.24, 2.8, 11, 21, 106, 'Yếu', 60, 1),
    ('KQ063', 'HV142', '642746', 'Dương Vũ', 'HK015', 'Học kỳ hè Năm học 2025-2026', 3.15, 1.03, 7.9, 10, 19, 43, 'Khá', 98, 1),
    ('KQ064', 'HV186', '652306', 'Hải Bảo Dương', 'HK006', 'Học kỳ hè Năm học 2022-2023', 0.33, 2.67, 0.8, 11, 17, 142, 'Yếu', 84, 2),
    ('KQ065', 'HV346', '647348', 'Lâm Đặng', 'HK013', 'Học kỳ 1 Năm học 2025-2026', 1.3, 1.5, 3.2, 12, 15, 138, 'Yếu', 58, 1),
    ('KQ066', 'HV357', '663524', 'Hưng Mai Bảo Trần', 'HK003', 'Học kỳ hè Năm học 2021-2022', 0.79, 1.86, 2.0, 10, 20, 79, 'Yếu', 64, 0),
    ('KQ067', 'HV357', '663524', 'Hưng Mai Bảo Trần', 'HK009', 'Học kỳ hè Năm học 2023-2024', 2.96, 1.86, 7.4, 11, 25, 79, 'Khá', 73, 3),
    ('KQ068', 'HV427', '658159', 'Nam Phú Phạm', 'HK012', 'Học kỳ hè Năm học 2024-2025', 2.3, 0.22, 5.8, 11, 14, 45, 'Trung bình', 92, 1),
    ('KQ069', 'HV365', '655468', 'Bác Thành Phạm', 'HK008', 'Học kỳ 2 Năm học 2023-2024', 2.21, 2.18, 5.5, 20, 12, 138, 'Trung bình', 60, 3),
    ('KQ070', 'HV391', '642569', 'Thành Hoàng', 'HK001', 'Học kỳ 1 Năm học 2021-2022', 1.68, 1.01, 4.2, 10, 23, 45, 'Yếu', 83, 0),
    ('KQ071', 'HV077', '639734', 'Cô Lâm Hoàng', 'HK006', 'Học kỳ hè Năm học 2022-2023', 3.98, 2.04, 9.9, 16, 23, 80, 'Xuất sắc', 90, 1),
    ('KQ072', 'HV233', '675037', 'Khoa Dương', 'HK014', 'Học kỳ 2 Năm học 2025-2026', 0.06, 1.24, 0.1, 21, 24, 106, 'Yếu', 86, 2),
    ('KQ073', 'HV141', '672683', 'Phương Dương', 'HK013', 'Học kỳ 1 Năm học 2025-2026', 2.37, 1.25, 5.9, 16, 20, 41, 'Trung bình', 83, 0),
    ('KQ074', 'HV089', '659817', 'Bác Tùng Nguyễn', 'HK004', 'Học kỳ 1 Năm học 2022-2023', 3.38, 3.16, 8.4, 12, 8, 65, 'Giỏi', 92, 1),
    ('KQ075', 'HV071', '646951', 'Cô Mai Dương', 'HK007', 'Học kỳ 1 Năm học 2023-2024', 1.6, 1.88, 4.0, 16, 19, 88, 'Yếu', 76, 0),
    ('KQ076', 'HV031', '675923', 'Quang Mai Bùi', 'HK012', 'Học kỳ hè Năm học 2024-2025', 0.43, 3.78, 1.1, 18, 12, 150, 'Yếu', 62, 1),
    ('KQ077', 'HV340', '641951', 'Bác Thành Phạm', 'HK003', 'Học kỳ hè Năm học 2021-2022', 0.5, 2.95, 1.2, 22, 11, 32, 'Yếu', 55, 1),
    ('KQ078', 'HV329', '644141', 'Cô Hạnh Lê', 'HK006', 'Học kỳ hè Năm học 2022-2023', 3.91, 3.29, 9.8, 20, 9, 34, 'Xuất sắc', 58, 1),
    ('KQ079', 'HV233', '675037', 'Khoa Dương', 'HK001', 'Học kỳ 1 Năm học 2021-2022', 0.18, 1.24, 0.4, 22, 19, 106, 'Yếu', 94, 2),
    ('KQ080', 'HV358', '631002', 'Mai Bùi', 'HK007', 'Học kỳ 1 Năm học 2023-2024', 1.72, 1.17, 4.3, 13, 13, 66, 'Yếu', 61, 3),
    ('KQ081', 'HV176', '654689', 'Khoa Mai Phạm', 'HK012', 'Học kỳ hè Năm học 2024-2025', 0.25, 2.48, 0.6, 11, 16, 148, 'Yếu', 62, 2),
    ('KQ082', 'HV061', '634130', 'Chị Phương Nguyễn', 'HK009', 'Học kỳ hè Năm học 2023-2024', 0.29, 0.44, 0.7, 20, 20, 75, 'Yếu', 55, 1),
    ('KQ083', 'HV312', '633907', 'Dương Vũ', 'HK007', 'Học kỳ 1 Năm học 2023-2024', 0.41, 3.03, 1.0, 25, 12, 142, 'Yếu', 63, 1),
    ('KQ084', 'HV297', '661961', 'Vân Mai', 'HK007', 'Học kỳ 1 Năm học 2023-2024', 3.49, 0.74, 8.7, 18, 15, 103, 'Giỏi', 91, 0),
    ('KQ085', 'HV154', '646919', 'Khoa Thị Bùi', 'HK013', 'Học kỳ 1 Năm học 2025-2026', 2.73, 3.51, 6.8, 11, 8, 37, 'Khá', 71, 2),
    ('KQ086', 'HV462', '659904', 'Chị Hương Bùi', 'HK007', 'Học kỳ 1 Năm học 2023-2024', 3.67, 0.96, 9.2, 14, 11, 78, 'Xuất sắc', 63, 3),
    ('KQ087', 'HV131', '651743', 'Chị Ánh Bùi', 'HK009', 'Học kỳ hè Năm học 2023-2024', 2.28, 0.67, 5.7, 18, 21, 58, 'Trung bình', 67, 1),
    ('KQ088', 'HV021', '652360', 'Ông Thành Bùi', 'HK005', 'Học kỳ 2 Năm học 2022-2023', 2.04, 0.95, 5.1, 15, 10, 77, 'Trung bình', 97, 2),
    ('KQ089', 'HV477', '674649', 'Dương Phạm', 'HK010', 'Học kỳ 1 Năm học 2024-2025', 3.33, 0.68, 8.3, 12, 9, 120, 'Giỏi', 51, 0),
    ('KQ090', 'HV020', '635421', 'Hà Nguyễn', 'HK007', 'Học kỳ 1 Năm học 2023-2024', 1.04, 3.43, 2.6, 15, 10, 43, 'Yếu', 61, 2),
    ('KQ091', 'HV448', '679623', 'Hạnh Mai Bảo Hoàng', 'HK006', 'Học kỳ hè Năm học 2022-2023', 3.82, 1.33, 9.5, 25, 8, 134, 'Xuất sắc', 63, 3),
    ('KQ092', 'HV172', '643112', 'Nhật Đặng', 'HK014', 'Học kỳ 2 Năm học 2025-2026', 1.69, 2.58, 4.2, 25, 16, 67, 'Yếu', 60, 0),
    ('KQ093', 'HV308', '672837', 'Hưng Phạm', 'HK004', 'Học kỳ 1 Năm học 2022-2023', 1.11, 1.44, 2.8, 13, 12, 41, 'Yếu', 56, 1),
    ('KQ094', 'HV067', '654095', 'An Bùi', 'HK003', 'Học kỳ hè Năm học 2021-2022', 1.35, 1.55, 3.4, 10, 9, 137, 'Yếu', 81, 1),
    ('KQ095', 'HV161', '645262', 'Cô Bảo Phạm', 'HK008', 'Học kỳ 2 Năm học 2023-2024', 2.37, 1.93, 5.9, 19, 16, 69, 'Trung bình', 61, 0),
    ('KQ096', 'HV300', '631324', 'Anh Thành Hoàng', 'HK001', 'Học kỳ 1 Năm học 2021-2022', 1.53, 3.52, 3.8, 16, 25, 75, 'Yếu', 52, 1),
    ('KQ097', 'HV337', '648173', 'Linh Dương', 'HK003', 'Học kỳ hè Năm học 2021-2022', 2.73, 2.49, 6.8, 10, 21, 97, 'Khá', 61, 0),
    ('KQ098', 'HV084', '662518', 'An Hoàng', 'HK011', 'Học kỳ 2 Năm học 2024-2025', 2.65, 0.8, 6.6, 25, 22, 102, 'Khá', 72, 2),
    ('KQ099', 'HV474', '635847', 'Ông Trọng Phạm', 'HK007', 'Học kỳ 1 Năm học 2023-2024', 3.02, 3.48, 7.5, 11, 11, 51, 'Khá', 53, 2),
    ('KQ100', 'HV225', '661912', 'Chị Bảo Mai', 'HK009', 'Học kỳ hè Năm học 2023-2024', 0.31, 1.3, 0.8, 15, 18, 119, 'Yếu', 86, 2),
    ('KQ101', 'HV084', '662518', 'An Hoàng', 'HK010', 'Học kỳ 1 Năm học 2024-2025', 1.05, 0.8, 2.6, 18, 12, 102, 'Yếu', 63, 3),
    ('KQ102', 'HV084', '662518', 'An Hoàng', 'HK015', 'Học kỳ hè Năm học 2025-2026', 1.21, 0.8, 3.0, 18, 15, 102, 'Yếu', 82, 1),
    ('KQ103', 'HV428', '635074', 'Chị Hà Dương', 'HK011', 'Học kỳ 2 Năm học 2024-2025', 2.96, 0.68, 7.4, 12, 11, 77, 'Khá', 94, 3),
    ('KQ104', 'HV251', '641701', 'Nhật Tấn Đặng', 'HK006', 'Học kỳ hè Năm học 2022-2023', 1.68, 0.89, 4.2, 24, 14, 49, 'Yếu', 77, 3),
    ('KQ105', 'HV310', '662595', 'Chị Linh Nguyễn', 'HK003', 'Học kỳ hè Năm học 2021-2022', 2.91, 2.83, 7.3, 14, 12, 50, 'Khá', 99, 1),
    ('KQ106', 'HV386', '658011', 'Thành Bùi', 'HK005', 'Học kỳ 2 Năm học 2022-2023', 0.31, 1.41, 0.8, 24, 25, 73, 'Yếu', 55, 0),
    ('KQ107', 'HV257', '642760', 'Ông Thành Hoàng', 'HK013', 'Học kỳ 1 Năm học 2025-2026', 1.58, 1.83, 4.0, 19, 23, 48, 'Yếu', 73, 0),
    ('KQ108', 'HV406', '641276', 'Hạnh Mai', 'HK006', 'Học kỳ hè Năm học 2022-2023', 1.69, 2.67, 4.2, 15, 18, 130, 'Yếu', 88, 3),
    ('KQ109', 'HV332', '672799', 'Vũ Dương', 'HK007', 'Học kỳ 1 Năm học 2023-2024', 0.45, 1.13, 1.1, 15, 19, 138, 'Yếu', 98, 0),
    ('KQ110', 'HV047', '639234', 'Hải Vũ', 'HK009', 'Học kỳ hè Năm học 2023-2024', 2.03, 0.21, 5.1, 13, 17, 98, 'Trung bình', 74, 3),
    ('KQ111', 'HV029', '674894', 'Hà Nguyễn', 'HK003', 'Học kỳ hè Năm học 2021-2022', 3.54, 2.94, 8.8, 16, 20, 58, 'Giỏi', 92, 3),
    ('KQ112', 'HV117', '658568', 'Kim Quang Vũ', 'HK007', 'Học kỳ 1 Năm học 2023-2024', 1.42, 3.13, 3.5, 10, 10, 88, 'Yếu', 80, 3),
    ('KQ113', 'HV159', '657214', 'Chị Hải Nguyễn', 'HK006', 'Học kỳ hè Năm học 2022-2023', 0.68, 2.08, 1.7, 11, 18, 118, 'Yếu', 69, 0),
    ('KQ114', 'HV107', '638936', 'Hạnh Hữu Bùi', 'HK013', 'Học kỳ 1 Năm học 2025-2026', 0.24, 0.93, 0.6, 19, 20, 140, 'Yếu', 95, 3),
    ('KQ115', 'HV261', '633884', 'Huy Dương', 'HK011', 'Học kỳ 2 Năm học 2024-2025', 1.15, 1.8, 2.9, 13, 14, 110, 'Yếu', 67, 2),
    ('KQ116', 'HV292', '672161', 'An Xuân Phạm', 'HK015', 'Học kỳ hè Năm học 2025-2026', 3.25, 2.25, 8.1, 17, 24, 79, 'Giỏi', 88, 1),
    ('KQ117', 'HV407', '647971', 'Huy Dương', 'HK005', 'Học kỳ 2 Năm học 2022-2023', 1.98, 2.36, 5.0, 21, 20, 98, 'Yếu', 73, 1),
    ('KQ118', 'HV372', '633148', 'Hạnh Thị Dương', 'HK007', 'Học kỳ 1 Năm học 2023-2024', 3.05, 1.09, 7.6, 13, 12, 140, 'Khá', 57, 1),
    ('KQ119', 'HV411', '674949', 'Chị Lâm Đặng', 'HK008', 'Học kỳ 2 Năm học 2023-2024', 1.89, 1.68, 4.7, 18, 11, 118, 'Yếu', 81, 1),
    ('KQ120', 'HV211', '648339', 'Hà Đức Hoàng', 'HK013', 'Học kỳ 1 Năm học 2025-2026', 3.07, 2.05, 7.7, 25, 16, 115, 'Khá', 56, 3),
    ('KQ121', 'HV284', '635187', 'Bà Phương Mai', 'HK003', 'Học kỳ hè Năm học 2021-2022', 2.08, 1.27, 5.2, 25, 10, 50, 'Trung bình', 91, 0),
    ('KQ122', 'HV227', '672675', 'Huy Đức Lê', 'HK010', 'Học kỳ 1 Năm học 2024-2025', 3.34, 3.2, 8.3, 18, 20, 120, 'Giỏi', 58, 1),
    ('KQ123', 'HV057', '651179', 'Quang Vũ', 'HK006', 'Học kỳ hè Năm học 2022-2023', 1.73, 1.62, 4.3, 18, 17, 40, 'Yếu', 89, 1),
    ('KQ124', 'HV361', '662682', 'An Đặng', 'HK014', 'Học kỳ 2 Năm học 2025-2026', 1.74, 2.76, 4.3, 12, 20, 55, 'Yếu', 92, 2),
    ('KQ125', 'HV484', '653160', 'Hải Phú Bùi', 'HK013', 'Học kỳ 1 Năm học 2025-2026', 3.83, 0.47, 9.6, 14, 24, 145, 'Xuất sắc', 73, 1),
    ('KQ126', 'HV374', '646491', 'Bảo Lê', 'HK011', 'Học kỳ 2 Năm học 2024-2025', 0.67, 2.65, 1.7, 14, 25, 150, 'Yếu', 98, 1),
    ('KQ127', 'HV261', '633884', 'Huy Dương', 'HK011', 'Học kỳ 2 Năm học 2024-2025', 2.83, 1.8, 7.1, 23, 14, 110, 'Khá', 81, 3),
    ('KQ128', 'HV004', '679528', 'Bà Chi Bùi', 'HK012', 'Học kỳ hè Năm học 2024-2025', 1.34, 3.99, 3.4, 19, 25, 150, 'Yếu', 71, 3),
    ('KQ129', 'HV207', '672299', 'Chị Thành Vũ', 'HK006', 'Học kỳ hè Năm học 2022-2023', 0.44, 0.74, 1.1, 24, 18, 61, 'Yếu', 63, 1),
    ('KQ130', 'HV059', '631251', 'Khoa Mai', 'HK013', 'Học kỳ 1 Năm học 2025-2026', 2.33, 3.09, 5.8, 21, 13, 91, 'Trung bình', 86, 1),
    ('KQ131', 'HV343', '641296', 'Cô Hải Dương', 'HK002', 'Học kỳ 2 Năm học 2021-2022', 2.85, 0.86, 7.1, 23, 22, 128, 'Khá', 56, 3),
    ('KQ132', 'HV388', '638585', 'Châu Lê', 'HK012', 'Học kỳ hè Năm học 2024-2025', 0.42, 3.38, 1.1, 19, 24, 47, 'Yếu', 50, 1),
    ('KQ133', 'HV404', '634111', 'Nhiên Đức Trần', 'HK001', 'Học kỳ 1 Năm học 2021-2022', 3.17, 2.53, 7.9, 16, 8, 126, 'Khá', 91, 2),
    ('KQ134', 'HV415', '679362', 'Nhật Bảo Mai', 'HK001', 'Học kỳ 1 Năm học 2021-2022', 0.5, 2.82, 1.2, 14, 8, 80, 'Yếu', 78, 2),
    ('KQ135', 'HV176', '654689', 'Khoa Mai Phạm', 'HK003', 'Học kỳ hè Năm học 2021-2022', 3.84, 2.48, 9.6, 23, 9, 148, 'Xuất sắc', 75, 1),
    ('KQ136', 'HV488', '669534', 'Quý ông Hoàng Phạm', 'HK014', 'Học kỳ 2 Năm học 2025-2026', 3.04, 2.42, 7.6, 16, 13, 92, 'Khá', 58, 1),
    ('KQ137', 'HV233', '675037', 'Khoa Dương', 'HK004', 'Học kỳ 1 Năm học 2022-2023', 0.52, 1.24, 1.3, 11, 14, 106, 'Yếu', 72, 0),
    ('KQ138', 'HV133', '632178', 'Hà Phạm', 'HK009', 'Học kỳ hè Năm học 2023-2024', 3.35, 0.65, 8.4, 18, 20, 80, 'Giỏi', 88, 0),
    ('KQ139', 'HV038', '676960', 'Quý cô Hải Phạm', 'HK001', 'Học kỳ 1 Năm học 2021-2022', 3.03, 0.6, 7.6, 13, 11, 139, 'Khá', 64, 3),
    ('KQ140', 'HV098', '665895', 'Chị Thảo Mai', 'HK009', 'Học kỳ hè Năm học 2023-2024', 1.18, 0.29, 2.9, 10, 19, 54, 'Yếu', 63, 2),
    ('KQ141', 'HV357', '663524', 'Hưng Mai Bảo Trần', 'HK003', 'Học kỳ hè Năm học 2021-2022', 2.2, 1.86, 5.5, 10, 15, 79, 'Trung bình', 84, 0),
    ('KQ142', 'HV136', '644497', 'Thành Vũ', 'HK007', 'Học kỳ 1 Năm học 2023-2024', 2.25, 3.76, 5.6, 15, 8, 92, 'Trung bình', 84, 3),
    ('KQ143', 'HV428', '635074', 'Chị Hà Dương', 'HK010', 'Học kỳ 1 Năm học 2024-2025', 1.71, 0.68, 4.3, 23, 18, 77, 'Yếu', 52, 3),
    ('KQ144', 'HV429', '644840', 'Bác Anh Phạm', 'HK002', 'Học kỳ 2 Năm học 2021-2022', 2.19, 2.88, 5.5, 17, 13, 89, 'Trung bình', 55, 3),
    ('KQ145', 'HV481', '672479', 'Bảo Vũ', 'HK007', 'Học kỳ 1 Năm học 2023-2024', 1.65, 3.54, 4.1, 20, 17, 148, 'Yếu', 76, 3),
    ('KQ146', 'HV309', '641314', 'Thành Hoàng Dương', 'HK014', 'Học kỳ 2 Năm học 2025-2026', 1.98, 1.13, 5.0, 23, 17, 78, 'Yếu', 54, 1),
    ('KQ147', 'HV109', '644454', 'Phúc Trần', 'HK002', 'Học kỳ 2 Năm học 2021-2022', 3.74, 2.3, 9.4, 23, 19, 136, 'Xuất sắc', 98, 0),
    ('KQ148', 'HV405', '663284', 'Xuân Vũ', 'HK009', 'Học kỳ hè Năm học 2023-2024', 2.27, 3.42, 5.7, 19, 15, 40, 'Trung bình', 57, 3),
    ('KQ149', 'HV438', '661375', 'Tùng Trí Trần', 'HK004', 'Học kỳ 1 Năm học 2022-2023', 3.44, 3.69, 8.6, 19, 13, 120, 'Giỏi', 92, 1),
    ('KQ150', 'HV242', '643087', 'Nhật Lê', 'HK002', 'Học kỳ 2 Năm học 2021-2022', 2.85, 2.9, 7.1, 12, 9, 146, 'Khá', 73, 0),
    ('KQ151', 'HV215', '675695', 'Hưng Vũ', 'HK015', 'Học kỳ hè Năm học 2025-2026', 0.01, 2.14, 0.0, 23, 17, 81, 'Yếu', 70, 0),
    ('KQ152', 'HV245', '676970', 'Nhật Phạm', 'HK001', 'Học kỳ 1 Năm học 2021-2022', 3.89, 2.33, 9.7, 22, 10, 75, 'Xuất sắc', 93, 1),
    ('KQ153', 'HV128', '642952', 'Trung Thị Hoàng', 'HK010', 'Học kỳ 1 Năm học 2024-2025', 0.94, 3.51, 2.3, 24, 13, 48, 'Yếu', 66, 0),
    ('KQ154', 'HV228', '647635', 'Hải Mai Bảo Dương', 'HK002', 'Học kỳ 2 Năm học 2021-2022', 1.24, 2.92, 3.1, 10, 22, 99, 'Yếu', 95, 3),
    ('KQ155', 'HV274', '652800', 'Quý cô Lâm Bùi', 'HK004', 'Học kỳ 1 Năm học 2022-2023', 3.87, 2.55, 9.7, 20, 17, 39, 'Xuất sắc', 89, 3),
    ('KQ156', 'HV384', '651411', 'Vi Trần', 'HK014', 'Học kỳ 2 Năm học 2025-2026', 0.69, 2.61, 1.7, 17, 16, 140, 'Yếu', 75, 2),
    ('KQ157', 'HV188', '678236', 'Hà Thị Hoàng', 'HK012', 'Học kỳ hè Năm học 2024-2025', 2.07, 1.89, 5.2, 10, 23, 38, 'Trung bình', 73, 1),
    ('KQ158', 'HV123', '662158', 'Linh Nguyễn', 'HK002', 'Học kỳ 2 Năm học 2021-2022', 3.01, 1.13, 7.5, 25, 16, 45, 'Khá', 74, 1),
    ('KQ159', 'HV123', '662158', 'Linh Nguyễn', 'HK004', 'Học kỳ 1 Năm học 2022-2023', 2.06, 1.13, 5.2, 25, 21, 45, 'Trung bình', 63, 1),
    ('KQ160', 'HV321', '673848', 'Quang Lê', 'HK006', 'Học kỳ hè Năm học 2022-2023', 0.98, 1.13, 2.5, 18, 19, 97, 'Yếu', 95, 2),
    ('KQ161', 'HV036', '644807', 'Quý cô Vi Nguyễn', 'HK011', 'Học kỳ 2 Năm học 2024-2025', 0.37, 0.32, 0.9, 11, 20, 107, 'Yếu', 52, 2),
    ('KQ162', 'HV082', '669332', 'Hưng Mai', 'HK009', 'Học kỳ hè Năm học 2023-2024', 0.08, 2.52, 0.2, 12, 23, 59, 'Yếu', 86, 1),
    ('KQ163', 'HV461', '645151', 'Hạnh Thị Vũ', 'HK013', 'Học kỳ 1 Năm học 2025-2026', 3.39, 0.06, 8.5, 17, 12, 124, 'Giỏi', 86, 2),
    ('KQ164', 'HV275', '646078', 'Khoa Hoàng', 'HK006', 'Học kỳ hè Năm học 2022-2023', 1.59, 0.19, 4.0, 11, 17, 37, 'Yếu', 63, 2),
    ('KQ165', 'HV203', '657107', 'Quý cô Lâm Dương', 'HK001', 'Học kỳ 1 Năm học 2021-2022', 3.8, 2.05, 9.5, 21, 15, 102, 'Xuất sắc', 70, 1),
    ('KQ166', 'HV342', '671554', 'An Nguyễn', 'HK015', 'Học kỳ hè Năm học 2025-2026', 1.18, 2.24, 2.9, 13, 21, 99, 'Yếu', 97, 2),
    ('KQ167', 'HV426', '644624', 'Quý cô An Mai', 'HK004', 'Học kỳ 1 Năm học 2022-2023', 1.85, 3.12, 4.6, 11, 17, 61, 'Yếu', 75, 3),
    ('KQ168', 'HV106', '642692', 'Cô Hải Dương', 'HK011', 'Học kỳ 2 Năm học 2024-2025', 3.39, 0.6, 8.5, 20, 13, 107, 'Giỏi', 65, 1),
    ('KQ169', 'HV276', '645737', 'Cô Mai Phạm', 'HK006', 'Học kỳ hè Năm học 2022-2023', 3.3, 2.02, 8.2, 24, 15, 133, 'Giỏi', 63, 0),
    ('KQ170', 'HV046', '631225', 'Bà Hà Trần', 'HK006', 'Học kỳ hè Năm học 2022-2023', 2.98, 0.76, 7.5, 18, 15, 42, 'Khá', 88, 3),
    ('KQ171', 'HV343', '641296', 'Cô Hải Dương', 'HK012', 'Học kỳ hè Năm học 2024-2025', 2.72, 0.86, 6.8, 19, 25, 128, 'Khá', 50, 1),
    ('KQ172', 'HV312', '633907', 'Dương Vũ', 'HK004', 'Học kỳ 1 Năm học 2022-2023', 0.43, 3.03, 1.1, 10, 25, 142, 'Yếu', 99, 0),
    ('KQ173', 'HV209', '647336', 'Nhật Lê', 'HK007', 'Học kỳ 1 Năm học 2023-2024', 0.68, 3.54, 1.7, 10, 24, 83, 'Yếu', 64, 2),
    ('KQ174', 'HV011', '651109', 'Trung Trí Bùi', 'HK002', 'Học kỳ 2 Năm học 2021-2022', 3.17, 2.03, 7.9, 25, 17, 124, 'Khá', 90, 1),
    ('KQ175', 'HV098', '665895', 'Chị Thảo Mai', 'HK015', 'Học kỳ hè Năm học 2025-2026', 0.49, 0.29, 1.2, 13, 20, 54, 'Yếu', 60, 1),
    ('KQ176', 'HV487', '634481', 'Mai Đặng', 'HK014', 'Học kỳ 2 Năm học 2025-2026', 3.6, 2.22, 9.0, 14, 9, 39, 'Xuất sắc', 69, 1),
    ('KQ177', 'HV141', '672683', 'Phương Dương', 'HK002', 'Học kỳ 2 Năm học 2021-2022', 3.19, 1.25, 8.0, 15, 20, 41, 'Khá', 58, 2),
    ('KQ178', 'HV059', '631251', 'Khoa Mai', 'HK008', 'Học kỳ 2 Năm học 2023-2024', 1.75, 3.09, 4.4, 20, 21, 91, 'Yếu', 95, 1),
    ('KQ179', 'HV224', '638267', 'Dũng Trần', 'HK002', 'Học kỳ 2 Năm học 2021-2022', 3.86, 0.08, 9.7, 23, 21, 100, 'Xuất sắc', 80, 0),
    ('KQ180', 'HV308', '672837', 'Hưng Phạm', 'HK008', 'Học kỳ 2 Năm học 2023-2024', 2.25, 1.44, 5.6, 17, 14, 41, 'Trung bình', 72, 3),
    ('KQ181', 'HV234', '665500', 'Hưng Hữu Trần', 'HK003', 'Học kỳ hè Năm học 2021-2022', 1.42, 0.94, 3.5, 25, 11, 146, 'Yếu', 84, 0),
    ('KQ182', 'HV168', '645964', 'Thành Đặng', 'HK009', 'Học kỳ hè Năm học 2023-2024', 3.29, 2.17, 8.2, 20, 25, 113, 'Giỏi', 68, 1),
    ('KQ183', 'HV132', '668610', 'Bảo Phạm', 'HK011', 'Học kỳ 2 Năm học 2024-2025', 3.07, 3.0, 7.7, 21, 8, 146, 'Khá', 54, 0),
    ('KQ184', 'HV268', '675601', 'Chị Chi Vũ', 'HK013', 'Học kỳ 1 Năm học 2025-2026', 1.69, 1.58, 4.2, 17, 14, 88, 'Yếu', 70, 2),
    ('KQ185', 'HV401', '671563', 'Anh Quang Đặng', 'HK006', 'Học kỳ hè Năm học 2022-2023', 2.56, 1.68, 6.4, 10, 12, 78, 'Khá', 99, 1),
    ('KQ186', 'HV490', '638764', 'Hưng Xuân Phạm', 'HK005', 'Học kỳ 2 Năm học 2022-2023', 0.09, 0.53, 0.2, 21, 8, 94, 'Yếu', 83, 1),
    ('KQ187', 'HV329', '644141', 'Cô Hạnh Lê', 'HK010', 'Học kỳ 1 Năm học 2024-2025', 0.43, 3.29, 1.1, 21, 25, 34, 'Yếu', 95, 0),
    ('KQ188', 'HV390', '668998', 'Ông Khoa Mai', 'HK012', 'Học kỳ hè Năm học 2024-2025', 1.23, 0.18, 3.1, 22, 25, 91, 'Yếu', 55, 3),
    ('KQ189', 'HV108', '658847', 'Quý ông Phúc Phạm', 'HK003', 'Học kỳ hè Năm học 2021-2022', 1.37, 2.09, 3.4, 21, 10, 30, 'Yếu', 98, 3),
    ('KQ190', 'HV244', '648871', 'Chị Thành Nguyễn', 'HK003', 'Học kỳ hè Năm học 2021-2022', 3.81, 3.18, 9.5, 18, 11, 141, 'Xuất sắc', 76, 3),
    ('KQ191', 'HV117', '658568', 'Kim Quang Vũ', 'HK004', 'Học kỳ 1 Năm học 2022-2023', 3.6, 3.13, 9.0, 19, 10, 88, 'Xuất sắc', 63, 3),
    ('KQ192', 'HV206', '655548', 'Chị Bảo Hoàng', 'HK003', 'Học kỳ hè Năm học 2021-2022', 2.32, 3.22, 5.8, 18, 18, 119, 'Trung bình', 76, 2),
    ('KQ193', 'HV425', '669692', 'Quý ông Châu Nguyễn', 'HK002', 'Học kỳ 2 Năm học 2021-2022', 1.97, 1.1, 4.9, 16, 25, 139, 'Yếu', 78, 3),
    ('KQ194', 'HV223', '632888', 'Quý ông Châu Dương', 'HK009', 'Học kỳ hè Năm học 2023-2024', 0.2, 2.61, 0.5, 20, 8, 93, 'Yếu', 88, 3),
    ('KQ195', 'HV065', '656270', 'Phương Phạm', 'HK004', 'Học kỳ 1 Năm học 2022-2023', 0.66, 3.84, 1.7, 23, 13, 44, 'Yếu', 84, 2),
    ('KQ196', 'HV473', '651293', 'Bà Yến Mai', 'HK010', 'Học kỳ 1 Năm học 2024-2025', 3.14, 1.87, 7.9, 14, 17, 58, 'Khá', 62, 0),
    ('KQ197', 'HV064', '667358', 'Khoa Đức Hoàng', 'HK005', 'Học kỳ 2 Năm học 2022-2023', 3.23, 1.65, 8.1, 23, 15, 149, 'Giỏi', 94, 3),
    ('KQ198', 'HV174', '662180', 'Hoàng Thị Bùi', 'HK009', 'Học kỳ hè Năm học 2023-2024', 2.05, 2.84, 5.1, 24, 25, 139, 'Trung bình', 95, 0),
    ('KQ199', 'HV175', '637833', 'Hồng Bùi', 'HK005', 'Học kỳ 2 Năm học 2022-2023', 0.47, 3.44, 1.2, 17, 11, 47, 'Yếu', 61, 1),
    ('KQ200', 'HV471', '645564', 'Quý cô Hà Vũ', 'HK014', 'Học kỳ 2 Năm học 2025-2026', 3.98, 2.48, 9.9, 14, 12, 113, 'Xuất sắc', 60, 0),
    ('KQ201', 'HV427', '658159', 'Nam Phú Phạm', 'HK014', 'Học kỳ 2 Năm học 2025-2026', 2.73, 0.22, 6.8, 14, 19, 45, 'Khá', 73, 0),
    ('KQ202', 'HV303', '649364', 'Linh Trần', 'HK010', 'Học kỳ 1 Năm học 2024-2025', 0.56, 1.92, 1.4, 18, 13, 85, 'Yếu', 79, 3),
    ('KQ203', 'HV232', '642801', 'Quý ông Trung Dương', 'HK006', 'Học kỳ hè Năm học 2022-2023', 3.15, 2.2, 7.9, 11, 8, 106, 'Khá', 61, 1),
    ('KQ204', 'HV379', '633130', 'Bác Tùng Bùi', 'HK003', 'Học kỳ hè Năm học 2021-2022', 3.89, 0.63, 9.7, 23, 12, 81, 'Xuất sắc', 99, 3),
    ('KQ205', 'HV028', '657537', 'Bảo Đặng', 'HK007', 'Học kỳ 1 Năm học 2023-2024', 3.31, 1.97, 8.3, 20, 21, 122, 'Giỏi', 62, 2),
    ('KQ206', 'HV078', '634047', 'Thành Đức Hoàng', 'HK014', 'Học kỳ 2 Năm học 2025-2026', 3.67, 1.06, 9.2, 12, 17, 110, 'Xuất sắc', 94, 3),
    ('KQ207', 'HV073', '679695', 'Dương Đặng', 'HK007', 'Học kỳ 1 Năm học 2023-2024', 2.12, 0.1, 5.3, 22, 25, 128, 'Trung bình', 71, 0),
    ('KQ208', 'HV386', '658011', 'Thành Bùi', 'HK004', 'Học kỳ 1 Năm học 2022-2023', 1.15, 1.41, 2.9, 22, 24, 73, 'Yếu', 62, 1),
    ('KQ209', 'HV210', '668058', 'Cô Phương Lê', 'HK009', 'Học kỳ hè Năm học 2023-2024', 2.53, 2.14, 6.3, 18, 15, 88, 'Khá', 94, 3),
    ('KQ210', 'HV028', '657537', 'Bảo Đặng', 'HK014', 'Học kỳ 2 Năm học 2025-2026', 0.76, 1.97, 1.9, 19, 21, 122, 'Yếu', 76, 2),
    ('KQ211', 'HV086', '651415', 'Chị Hà Vũ', 'HK012', 'Học kỳ hè Năm học 2024-2025', 1.47, 1.25, 3.7, 13, 20, 59, 'Yếu', 50, 0),
    ('KQ212', 'HV412', '641220', 'Hưng Đặng', 'HK004', 'Học kỳ 1 Năm học 2022-2023', 2.5, 0.12, 6.2, 23, 14, 106, 'Khá', 97, 3),
    ('KQ213', 'HV155', '657938', 'Quý cô Vi Bùi', 'HK008', 'Học kỳ 2 Năm học 2023-2024', 0.56, 2.09, 1.4, 17, 14, 62, 'Yếu', 86, 0),
    ('KQ214', 'HV141', '672683', 'Phương Dương', 'HK005', 'Học kỳ 2 Năm học 2022-2023', 2.87, 1.25, 7.2, 14, 25, 41, 'Khá', 54, 1),
    ('KQ215', 'HV102', '668378', 'Hương Phạm', 'HK015', 'Học kỳ hè Năm học 2025-2026', 3.03, 0.86, 7.6, 19, 16, 101, 'Khá', 93, 2),
    ('KQ216', 'HV161', '645262', 'Cô Bảo Phạm', 'HK007', 'Học kỳ 1 Năm học 2023-2024', 3.16, 1.93, 7.9, 10, 25, 69, 'Khá', 100, 2),
    ('KQ217', 'HV227', '672675', 'Huy Đức Lê', 'HK008', 'Học kỳ 2 Năm học 2023-2024', 2.01, 3.2, 5.0, 10, 9, 120, 'Trung bình', 84, 3),
    ('KQ218', 'HV136', '644497', 'Thành Vũ', 'HK007', 'Học kỳ 1 Năm học 2023-2024', 2.0, 3.76, 5.0, 18, 22, 92, 'Trung bình', 74, 2),
    ('KQ219', 'HV300', '631324', 'Anh Thành Hoàng', 'HK007', 'Học kỳ 1 Năm học 2023-2024', 1.79, 3.52, 4.5, 13, 19, 75, 'Yếu', 94, 0),
    ('KQ220', 'HV030', '674776', 'Nam Thị Phạm', 'HK012', 'Học kỳ hè Năm học 2024-2025', 2.22, 2.04, 5.6, 20, 12, 102, 'Trung bình', 65, 3),
    ('KQ221', 'HV192', '664820', 'An Đức Vũ', 'HK010', 'Học kỳ 1 Năm học 2024-2025', 2.99, 2.78, 7.5, 18, 25, 72, 'Khá', 77, 3),
    ('KQ222', 'HV367', '659763', 'Bà Hải Hoàng', 'HK008', 'Học kỳ 2 Năm học 2023-2024', 3.9, 3.05, 9.8, 10, 21, 57, 'Xuất sắc', 86, 2),
    ('KQ223', 'HV189', '676359', 'Châu Hoàng Trần', 'HK009', 'Học kỳ hè Năm học 2023-2024', 3.45, 3.84, 8.6, 21, 23, 56, 'Giỏi', 76, 0),
    ('KQ224', 'HV449', '633610', 'Bác Nam Phạm', 'HK009', 'Học kỳ hè Năm học 2023-2024', 1.23, 0.96, 3.1, 17, 17, 43, 'Yếu', 68, 3),
    ('KQ225', 'HV465', '673308', 'Quý cô Ánh Hoàng', 'HK004', 'Học kỳ 1 Năm học 2022-2023', 3.54, 1.72, 8.8, 10, 11, 41, 'Giỏi', 54, 0),
    ('KQ226', 'HV154', '646919', 'Khoa Thị Bùi', 'HK008', 'Học kỳ 2 Năm học 2023-2024', 1.71, 3.51, 4.3, 17, 13, 37, 'Yếu', 86, 3),
    ('KQ227', 'HV113', '671153', 'Lâm Mai', 'HK013', 'Học kỳ 1 Năm học 2025-2026', 1.48, 2.87, 3.7, 19, 23, 37, 'Yếu', 52, 0),
    ('KQ228', 'HV240', '663639', 'Kim Mai Bảo Hoàng', 'HK015', 'Học kỳ hè Năm học 2025-2026', 1.55, 0.09, 3.9, 11, 22, 145, 'Yếu', 77, 2),
    ('KQ229', 'HV334', '666690', 'Tú Dương', 'HK014', 'Học kỳ 2 Năm học 2025-2026', 3.66, 3.84, 9.2, 10, 15, 108, 'Xuất sắc', 93, 1),
    ('KQ230', 'HV345', '668535', 'Tùng Mai', 'HK003', 'Học kỳ hè Năm học 2021-2022', 2.58, 1.12, 6.5, 11, 17, 71, 'Khá', 79, 2),
    ('KQ231', 'HV334', '666690', 'Tú Dương', 'HK009', 'Học kỳ hè Năm học 2023-2024', 3.08, 3.84, 7.7, 23, 17, 108, 'Khá', 51, 0),
    ('KQ232', 'HV128', '642952', 'Trung Thị Hoàng', 'HK011', 'Học kỳ 2 Năm học 2024-2025', 0.95, 3.51, 2.4, 11, 25, 48, 'Yếu', 94, 2),
    ('KQ233', 'HV315', '666431', 'Bà Xuân Phạm', 'HK006', 'Học kỳ hè Năm học 2022-2023', 2.83, 0.84, 7.1, 19, 20, 52, 'Khá', 98, 3),
    ('KQ234', 'HV278', '661746', 'Cô Dương Trần', 'HK001', 'Học kỳ 1 Năm học 2021-2022', 2.84, 2.72, 7.1, 15, 14, 103, 'Khá', 56, 2),
    ('KQ235', 'HV213', '655534', 'Trọng Dương', 'HK010', 'Học kỳ 1 Năm học 2024-2025', 0.03, 3.0, 0.1, 15, 14, 141, 'Yếu', 66, 2),
    ('KQ236', 'HV031', '675923', 'Quang Mai Bùi', 'HK012', 'Học kỳ hè Năm học 2024-2025', 0.65, 3.78, 1.6, 19, 16, 150, 'Yếu', 89, 0),
    ('KQ237', 'HV441', '631189', 'Mai Dương', 'HK008', 'Học kỳ 2 Năm học 2023-2024', 3.16, 3.55, 7.9, 15, 19, 55, 'Khá', 54, 0),
    ('KQ238', 'HV190', '645684', 'Linh Bùi', 'HK006', 'Học kỳ hè Năm học 2022-2023', 0.09, 1.01, 0.2, 15, 9, 73, 'Yếu', 88, 1),
    ('KQ239', 'HV341', '652904', 'Hoàng Đặng', 'HK008', 'Học kỳ 2 Năm học 2023-2024', 2.98, 1.27, 7.5, 23, 21, 142, 'Khá', 51, 3),
    ('KQ240', 'HV028', '657537', 'Bảo Đặng', 'HK007', 'Học kỳ 1 Năm học 2023-2024', 2.11, 1.97, 5.3, 24, 13, 122, 'Trung bình', 53, 3),
    ('KQ241', 'HV072', '662287', 'Chị Duyên Trần', 'HK007', 'Học kỳ 1 Năm học 2023-2024', 0.69, 1.45, 1.7, 18, 9, 115, 'Yếu', 92, 1),
    ('KQ242', 'HV326', '633420', 'Lâm Đặng', 'HK010', 'Học kỳ 1 Năm học 2024-2025', 3.05, 1.43, 7.6, 23, 20, 144, 'Khá', 66, 3),
    ('KQ243', 'HV048', '647991', 'Chi Vũ', 'HK014', 'Học kỳ 2 Năm học 2025-2026', 0.16, 3.5, 0.4, 19, 19, 129, 'Yếu', 72, 2),
    ('KQ244', 'HV360', '668649', 'Anh Nam Hoàng', 'HK014', 'Học kỳ 2 Năm học 2025-2026', 3.08, 1.29, 7.7, 11, 9, 69, 'Khá', 74, 0),
    ('KQ245', 'HV242', '643087', 'Nhật Lê', 'HK010', 'Học kỳ 1 Năm học 2024-2025', 3.16, 2.9, 7.9, 18, 19, 146, 'Khá', 73, 0),
    ('KQ246', 'HV293', '632218', 'An Hải Đặng', 'HK005', 'Học kỳ 2 Năm học 2022-2023', 0.91, 2.79, 2.3, 24, 21, 141, 'Yếu', 98, 3),
    ('KQ247', 'HV035', '661744', 'Hà Đức Vũ', 'HK009', 'Học kỳ hè Năm học 2023-2024', 0.22, 2.06, 0.6, 12, 25, 105, 'Yếu', 60, 3),
    ('KQ248', 'HV376', '648681', 'An Mai Bảo Mai', 'HK005', 'Học kỳ 2 Năm học 2022-2023', 1.28, 2.15, 3.2, 17, 17, 137, 'Yếu', 76, 0),
    ('KQ249', 'HV042', '672024', 'Khoa Trí Bùi', 'HK004', 'Học kỳ 1 Năm học 2022-2023', 2.19, 2.23, 5.5, 12, 18, 52, 'Trung bình', 77, 3),
    ('KQ250', 'HV172', '643112', 'Nhật Đặng', 'HK001', 'Học kỳ 1 Năm học 2021-2022', 3.03, 2.58, 7.6, 19, 20, 67, 'Khá', 83, 1),
    ('KQ251', 'HV128', '642952', 'Trung Thị Hoàng', 'HK003', 'Học kỳ hè Năm học 2021-2022', 3.64, 3.51, 9.1, 11, 10, 48, 'Xuất sắc', 71, 0),
    ('KQ252', 'HV330', '674953', 'Bà Linh Hoàng', 'HK010', 'Học kỳ 1 Năm học 2024-2025', 3.74, 3.21, 9.4, 14, 19, 84, 'Xuất sắc', 91, 2),
    ('KQ253', 'HV155', '657938', 'Quý cô Vi Bùi', 'HK014', 'Học kỳ 2 Năm học 2025-2026', 2.61, 2.09, 6.5, 15, 21, 62, 'Khá', 87, 0),
    ('KQ254', 'HV367', '659763', 'Bà Hải Hoàng', 'HK015', 'Học kỳ hè Năm học 2025-2026', 3.07, 3.05, 7.7, 11, 11, 57, 'Khá', 85, 3),
    ('KQ255', 'HV013', '658766', 'Quý cô Thảo Dương', 'HK007', 'Học kỳ 1 Năm học 2023-2024', 1.85, 1.21, 4.6, 18, 17, 69, 'Yếu', 58, 0),
    ('KQ256', 'HV354', '679794', 'Cô Thành Mai', 'HK006', 'Học kỳ hè Năm học 2022-2023', 2.78, 0.38, 6.9, 12, 11, 134, 'Khá', 61, 0),
    ('KQ257', 'HV247', '644453', 'Chị Nhật Mai', 'HK013', 'Học kỳ 1 Năm học 2025-2026', 0.4, 0.51, 1.0, 16, 16, 148, 'Yếu', 93, 3),
    ('KQ258', 'HV049', '638861', 'Trọng Nguyễn', 'HK008', 'Học kỳ 2 Năm học 2023-2024', 2.08, 3.34, 5.2, 23, 19, 89, 'Trung bình', 60, 3),
    ('KQ259', 'HV293', '632218', 'An Hải Đặng', 'HK010', 'Học kỳ 1 Năm học 2024-2025', 3.58, 2.79, 8.9, 25, 24, 141, 'Giỏi', 68, 3),
    ('KQ260', 'HV376', '648681', 'An Mai Bảo Mai', 'HK010', 'Học kỳ 1 Năm học 2024-2025', 2.91, 2.15, 7.3, 24, 19, 137, 'Khá', 59, 3),
    ('KQ261', 'HV279', '662478', 'Bà Vân Trần', 'HK004', 'Học kỳ 1 Năm học 2022-2023', 0.42, 3.68, 1.1, 20, 14, 38, 'Yếu', 57, 1),
    ('KQ262', 'HV150', '663228', 'Hà Mai', 'HK006', 'Học kỳ hè Năm học 2022-2023', 3.8, 2.52, 9.5, 14, 11, 108, 'Xuất sắc', 90, 0),
    ('KQ263', 'HV204', '636469', 'Nhiên Hải Lê', 'HK010', 'Học kỳ 1 Năm học 2024-2025', 3.24, 3.1, 8.1, 25, 17, 42, 'Giỏi', 62, 3),
    ('KQ264', 'HV172', '643112', 'Nhật Đặng', 'HK015', 'Học kỳ hè Năm học 2025-2026', 2.06, 2.58, 5.2, 10, 11, 67, 'Trung bình', 57, 2),
    ('KQ265', 'HV285', '671888', 'An Nguyễn', 'HK007', 'Học kỳ 1 Năm học 2023-2024', 2.13, 0.7, 5.3, 10, 14, 145, 'Trung bình', 57, 2),
    ('KQ266', 'HV315', '666431', 'Bà Xuân Phạm', 'HK015', 'Học kỳ hè Năm học 2025-2026', 3.36, 0.84, 8.4, 15, 20, 52, 'Giỏi', 67, 0),
    ('KQ267', 'HV328', '648608', 'Hải Đức Dương', 'HK003', 'Học kỳ hè Năm học 2021-2022', 1.4, 3.23, 3.5, 12, 13, 76, 'Yếu', 99, 3),
    ('KQ268', 'HV030', '674776', 'Nam Thị Phạm', 'HK015', 'Học kỳ hè Năm học 2025-2026', 3.06, 2.04, 7.7, 21, 17, 102, 'Khá', 82, 1),
    ('KQ269', 'HV074', '632341', 'Phương Thế Trần', 'HK001', 'Học kỳ 1 Năm học 2021-2022', 3.56, 3.74, 8.9, 23, 11, 44, 'Giỏi', 96, 0),
    ('KQ270', 'HV312', '633907', 'Dương Vũ', 'HK003', 'Học kỳ hè Năm học 2021-2022', 3.05, 3.03, 7.6, 13, 14, 142, 'Khá', 84, 1),
    ('KQ271', 'HV221', '672711', 'Cô Hà Lê', 'HK014', 'Học kỳ 2 Năm học 2025-2026', 0.17, 1.02, 0.4, 19, 19, 51, 'Yếu', 58, 2),
    ('KQ272', 'HV077', '639734', 'Cô Lâm Hoàng', 'HK006', 'Học kỳ hè Năm học 2022-2023', 2.89, 2.04, 7.2, 13, 16, 80, 'Khá', 54, 2),
    ('KQ273', 'HV349', '678437', 'Ngọc Vũ', 'HK009', 'Học kỳ hè Năm học 2023-2024', 2.26, 3.66, 5.6, 20, 22, 58, 'Trung bình', 74, 0),
    ('KQ274', 'HV317', '651341', 'Lâm Hải Lê', 'HK009', 'Học kỳ hè Năm học 2023-2024', 0.7, 0.99, 1.8, 18, 16, 139, 'Yếu', 54, 0),
    ('KQ275', 'HV277', '637780', 'Cô Thảo Hoàng', 'HK012', 'Học kỳ hè Năm học 2024-2025', 2.12, 2.09, 5.3, 17, 15, 108, 'Trung bình', 59, 2),
    ('KQ276', 'HV197', '636594', 'Chị Xuân Vũ', 'HK003', 'Học kỳ hè Năm học 2021-2022', 0.52, 0.25, 1.3, 20, 19, 143, 'Yếu', 88, 1),
    ('KQ277', 'HV336', '668035', 'Quý cô Dương Vũ', 'HK009', 'Học kỳ hè Năm học 2023-2024', 2.23, 0.9, 5.6, 12, 11, 30, 'Trung bình', 57, 2),
    ('KQ278', 'HV004', '679528', 'Bà Chi Bùi', 'HK001', 'Học kỳ 1 Năm học 2021-2022', 3.38, 3.99, 8.4, 13, 21, 150, 'Giỏi', 83, 0),
    ('KQ279', 'HV325', '653751', 'Anh Đức Phạm', 'HK005', 'Học kỳ 2 Năm học 2022-2023', 2.94, 1.98, 7.3, 13, 25, 141, 'Khá', 53, 3),
    ('KQ280', 'HV256', '646046', 'Ngọc Vũ', 'HK005', 'Học kỳ 2 Năm học 2022-2023', 0.05, 0.31, 0.1, 22, 16, 126, 'Yếu', 62, 2),
    ('KQ281', 'HV319', '679953', 'Anh Châu Nguyễn', 'HK010', 'Học kỳ 1 Năm học 2024-2025', 3.81, 1.44, 9.5, 16, 18, 76, 'Xuất sắc', 77, 2),
    ('KQ282', 'HV398', '647236', 'Dương Hoàng', 'HK004', 'Học kỳ 1 Năm học 2022-2023', 3.07, 3.96, 7.7, 18, 9, 138, 'Khá', 76, 0),
    ('KQ283', 'HV243', '654002', 'Phúc Quang Nguyễn', 'HK004', 'Học kỳ 1 Năm học 2022-2023', 3.72, 0.98, 9.3, 14, 22, 130, 'Xuất sắc', 59, 3),
    ('KQ284', 'HV108', '658847', 'Quý ông Phúc Phạm', 'HK002', 'Học kỳ 2 Năm học 2021-2022', 0.88, 2.09, 2.2, 19, 20, 30, 'Yếu', 80, 2),
    ('KQ285', 'HV372', '633148', 'Hạnh Thị Dương', 'HK013', 'Học kỳ 1 Năm học 2025-2026', 0.39, 1.09, 1.0, 17, 21, 140, 'Yếu', 82, 2),
    ('KQ286', 'HV299', '664214', 'Chị An Lê', 'HK006', 'Học kỳ hè Năm học 2022-2023', 2.22, 0.94, 5.6, 18, 22, 120, 'Trung bình', 82, 1),
    ('KQ287', 'HV349', '678437', 'Ngọc Vũ', 'HK009', 'Học kỳ hè Năm học 2023-2024', 1.49, 3.66, 3.7, 25, 18, 58, 'Yếu', 54, 2),
    ('KQ288', 'HV272', '658619', 'Xuân Mai', 'HK001', 'Học kỳ 1 Năm học 2021-2022', 0.66, 1.36, 1.7, 20, 17, 112, 'Yếu', 92, 3),
    ('KQ289', 'HV162', '656842', 'Thành Mai', 'HK004', 'Học kỳ 1 Năm học 2022-2023', 1.07, 0.24, 2.7, 17, 9, 71, 'Yếu', 58, 0),
    ('KQ290', 'HV468', '672259', 'Hạnh Dương', 'HK013', 'Học kỳ 1 Năm học 2025-2026', 1.24, 0.73, 3.1, 23, 14, 34, 'Yếu', 68, 2),
    ('KQ291', 'HV022', '633324', 'Minh Vũ', 'HK013', 'Học kỳ 1 Năm học 2025-2026', 0.16, 3.14, 0.4, 11, 9, 64, 'Yếu', 90, 1),
    ('KQ292', 'HV318', '658767', 'Chị Bảo Bùi', 'HK001', 'Học kỳ 1 Năm học 2021-2022', 3.74, 0.29, 9.4, 24, 16, 76, 'Xuất sắc', 52, 0),
    ('KQ293', 'HV184', '678959', 'Bảo Thị Phạm', 'HK013', 'Học kỳ 1 Năm học 2025-2026', 2.62, 3.81, 6.6, 21, 10, 64, 'Khá', 100, 2),
    ('KQ294', 'HV180', '678233', 'Quý cô Hải Mai', 'HK002', 'Học kỳ 2 Năm học 2021-2022', 2.47, 2.4, 6.2, 18, 22, 133, 'Trung bình', 53, 0),
    ('KQ295', 'HV027', '646340', 'Huy Thế Bùi', 'HK010', 'Học kỳ 1 Năm học 2024-2025', 0.35, 1.78, 0.9, 13, 9, 110, 'Yếu', 55, 1),
    ('KQ296', 'HV286', '641030', 'Kim Hải Trần', 'HK010', 'Học kỳ 1 Năm học 2024-2025', 1.62, 0.38, 4.1, 11, 23, 67, 'Yếu', 88, 3),
    ('KQ297', 'HV441', '631189', 'Mai Dương', 'HK005', 'Học kỳ 2 Năm học 2022-2023', 3.78, 3.55, 9.4, 12, 21, 55, 'Xuất sắc', 70, 1),
    ('KQ298', 'HV293', '632218', 'An Hải Đặng', 'HK004', 'Học kỳ 1 Năm học 2022-2023', 0.85, 2.79, 2.1, 10, 15, 141, 'Yếu', 77, 1),
    ('KQ299', 'HV242', '643087', 'Nhật Lê', 'HK015', 'Học kỳ hè Năm học 2025-2026', 2.37, 2.9, 5.9, 23, 9, 146, 'Trung bình', 51, 2),
    ('KQ300', 'HV273', '638248', 'Nhật Dương', 'HK002', 'Học kỳ 2 Năm học 2021-2022', 3.69, 3.94, 9.2, 15, 10, 56, 'Xuất sắc', 70, 3),
    ('KQ301', 'HV326', '633420', 'Lâm Đặng', 'HK006', 'Học kỳ hè Năm học 2022-2023', 2.85, 1.43, 7.1, 14, 13, 144, 'Khá', 60, 0),
    ('KQ302', 'HV281', '633282', 'Anh Nam Lê', 'HK015', 'Học kỳ hè Năm học 2025-2026', 3.05, 0.64, 7.6, 15, 8, 71, 'Khá', 88, 1),
    ('KQ303', 'HV490', '638764', 'Hưng Xuân Phạm', 'HK009', 'Học kỳ hè Năm học 2023-2024', 0.76, 0.53, 1.9, 24, 21, 94, 'Yếu', 61, 1),
    ('KQ304', 'HV192', '664820', 'An Đức Vũ', 'HK007', 'Học kỳ 1 Năm học 2023-2024', 1.63, 2.78, 4.1, 25, 15, 72, 'Yếu', 85, 0),
    ('KQ305', 'HV321', '673848', 'Quang Lê', 'HK007', 'Học kỳ 1 Năm học 2023-2024', 0.27, 1.13, 0.7, 17, 20, 97, 'Yếu', 68, 1),
    ('KQ306', 'HV178', '655316', 'Bà Ánh Mai', 'HK012', 'Học kỳ hè Năm học 2024-2025', 1.2, 2.97, 3.0, 24, 10, 34, 'Yếu', 53, 3),
    ('KQ307', 'HV252', '675654', 'Anh Bùi', 'HK001', 'Học kỳ 1 Năm học 2021-2022', 2.37, 2.75, 5.9, 23, 22, 119, 'Trung bình', 89, 2),
    ('KQ308', 'HV194', '634066', 'Nhật Dương', 'HK012', 'Học kỳ hè Năm học 2024-2025', 1.75, 3.59, 4.4, 14, 13, 70, 'Yếu', 86, 0),
    ('KQ309', 'HV017', '679113', 'Hưng Dương', 'HK015', 'Học kỳ hè Năm học 2025-2026', 3.66, 2.86, 9.2, 12, 17, 93, 'Xuất sắc', 77, 1),
    ('KQ310', 'HV119', '632829', 'Ông Quang Bùi', 'HK003', 'Học kỳ hè Năm học 2021-2022', 1.32, 0.4, 3.3, 14, 23, 39, 'Yếu', 62, 3),
    ('KQ311', 'HV322', '639030', 'Cô Phương Dương', 'HK005', 'Học kỳ 2 Năm học 2022-2023', 0.13, 2.27, 0.3, 12, 10, 78, 'Yếu', 82, 2),
    ('KQ312', 'HV474', '635847', 'Ông Trọng Phạm', 'HK009', 'Học kỳ hè Năm học 2023-2024', 3.03, 3.48, 7.6, 21, 15, 51, 'Khá', 100, 3),
    ('KQ313', 'HV376', '648681', 'An Mai Bảo Mai', 'HK015', 'Học kỳ hè Năm học 2025-2026', 0.51, 2.15, 1.3, 13, 16, 137, 'Yếu', 92, 3),
    ('KQ314', 'HV236', '645656', 'Cô Hải Phạm', 'HK004', 'Học kỳ 1 Năm học 2022-2023', 0.37, 1.29, 0.9, 21, 8, 44, 'Yếu', 73, 0),
    ('KQ315', 'HV117', '658568', 'Kim Quang Vũ', 'HK004', 'Học kỳ 1 Năm học 2022-2023', 1.39, 3.13, 3.5, 25, 11, 88, 'Yếu', 59, 2),
    ('KQ316', 'HV055', '636433', 'Hà Bùi', 'HK004', 'Học kỳ 1 Năm học 2022-2023', 0.99, 0.8, 2.5, 13, 10, 137, 'Yếu', 83, 2),
    ('KQ317', 'HV462', '659904', 'Chị Hương Bùi', 'HK009', 'Học kỳ hè Năm học 2023-2024', 0.03, 0.96, 0.1, 10, 21, 78, 'Yếu', 76, 3),
    ('KQ318', 'HV112', '638432', 'Ngọc Phạm', 'HK008', 'Học kỳ 2 Năm học 2023-2024', 3.98, 3.37, 9.9, 10, 21, 35, 'Xuất sắc', 93, 2),
    ('KQ319', 'HV483', '678743', 'Bà Vi Dương', 'HK013', 'Học kỳ 1 Năm học 2025-2026', 1.05, 2.5, 2.6, 13, 12, 102, 'Yếu', 65, 3),
    ('KQ320', 'HV096', '678048', 'Bà Dương Lê', 'HK005', 'Học kỳ 2 Năm học 2022-2023', 3.88, 0.76, 9.7, 18, 8, 66, 'Xuất sắc', 70, 1),
    ('KQ321', 'HV411', '674949', 'Chị Lâm Đặng', 'HK005', 'Học kỳ 2 Năm học 2022-2023', 0.88, 1.68, 2.2, 20, 18, 118, 'Yếu', 55, 2),
    ('KQ322', 'HV077', '639734', 'Cô Lâm Hoàng', 'HK003', 'Học kỳ hè Năm học 2021-2022', 3.36, 2.04, 8.4, 20, 11, 80, 'Giỏi', 93, 3),
    ('KQ323', 'HV431', '678241', 'Ánh Mai', 'HK006', 'Học kỳ hè Năm học 2022-2023', 1.41, 3.83, 3.5, 11, 24, 141, 'Yếu', 79, 1),
    ('KQ324', 'HV048', '647991', 'Chi Vũ', 'HK007', 'Học kỳ 1 Năm học 2023-2024', 1.28, 3.5, 3.2, 25, 17, 129, 'Yếu', 97, 2),
    ('KQ325', 'HV133', '632178', 'Hà Phạm', 'HK002', 'Học kỳ 2 Năm học 2021-2022', 3.36, 0.65, 8.4, 24, 20, 80, 'Giỏi', 77, 0),
    ('KQ326', 'HV229', '656229', 'Phúc Hải Hoàng', 'HK006', 'Học kỳ hè Năm học 2022-2023', 0.06, 1.09, 0.1, 24, 9, 64, 'Yếu', 91, 3),
    ('KQ327', 'HV253', '645169', 'Ngọc Mai', 'HK005', 'Học kỳ 2 Năm học 2022-2023', 0.78, 3.72, 2.0, 21, 16, 69, 'Yếu', 62, 0),
    ('KQ328', 'HV174', '662180', 'Hoàng Thị Bùi', 'HK015', 'Học kỳ hè Năm học 2025-2026', 1.93, 2.84, 4.8, 16, 21, 139, 'Yếu', 91, 0),
    ('KQ329', 'HV395', '634759', 'Chị An Lê', 'HK013', 'Học kỳ 1 Năm học 2025-2026', 3.95, 3.96, 9.9, 19, 21, 76, 'Xuất sắc', 92, 1),
    ('KQ330', 'HV098', '665895', 'Chị Thảo Mai', 'HK009', 'Học kỳ hè Năm học 2023-2024', 0.63, 0.29, 1.6, 15, 24, 54, 'Yếu', 51, 0),
    ('KQ331', 'HV277', '637780', 'Cô Thảo Hoàng', 'HK012', 'Học kỳ hè Năm học 2024-2025', 1.66, 2.09, 4.1, 16, 22, 108, 'Yếu', 87, 3),
    ('KQ332', 'HV124', '667614', 'Hải Vũ', 'HK009', 'Học kỳ hè Năm học 2023-2024', 2.08, 1.92, 5.2, 20, 22, 103, 'Trung bình', 80, 2),
    ('KQ333', 'HV099', '636086', 'Chị Duyên Nguyễn', 'HK013', 'Học kỳ 1 Năm học 2025-2026', 1.49, 2.85, 3.7, 13, 10, 83, 'Yếu', 86, 0),
    ('KQ334', 'HV028', '657537', 'Bảo Đặng', 'HK008', 'Học kỳ 2 Năm học 2023-2024', 0.15, 1.97, 0.4, 23, 19, 122, 'Yếu', 92, 1),
    ('KQ335', 'HV329', '644141', 'Cô Hạnh Lê', 'HK009', 'Học kỳ hè Năm học 2023-2024', 1.37, 3.29, 3.4, 22, 18, 34, 'Yếu', 96, 1),
    ('KQ336', 'HV182', '667174', 'Huy Hoàng Nguyễn', 'HK001', 'Học kỳ 1 Năm học 2021-2022', 0.81, 1.34, 2.0, 15, 21, 58, 'Yếu', 92, 3),
    ('KQ337', 'HV376', '648681', 'An Mai Bảo Mai', 'HK012', 'Học kỳ hè Năm học 2024-2025', 2.7, 2.15, 6.8, 24, 18, 137, 'Khá', 99, 3),
    ('KQ338', 'HV267', '652356', 'Nhật Phạm', 'HK007', 'Học kỳ 1 Năm học 2023-2024', 3.87, 3.31, 9.7, 13, 21, 147, 'Xuất sắc', 71, 0),
    ('KQ339', 'HV145', '668875', 'Quý cô Nhật Bùi', 'HK004', 'Học kỳ 1 Năm học 2022-2023', 2.62, 3.25, 6.6, 10, 14, 127, 'Khá', 76, 1),
    ('KQ340', 'HV193', '675919', 'Thành Đức Mai', 'HK007', 'Học kỳ 1 Năm học 2023-2024', 1.36, 2.18, 3.4, 18, 11, 127, 'Yếu', 64, 2),
    ('KQ341', 'HV035', '661744', 'Hà Đức Vũ', 'HK009', 'Học kỳ hè Năm học 2023-2024', 1.19, 2.06, 3.0, 14, 19, 105, 'Yếu', 96, 1),
    ('KQ342', 'HV344', '636695', 'Kim Phạm', 'HK010', 'Học kỳ 1 Năm học 2024-2025', 1.17, 1.51, 2.9, 24, 16, 136, 'Yếu', 76, 1),
    ('KQ343', 'HV147', '641304', 'Khoa Mai Bảo Đặng', 'HK010', 'Học kỳ 1 Năm học 2024-2025', 0.55, 2.37, 1.4, 21, 20, 136, 'Yếu', 59, 0),
    ('KQ344', 'HV027', '646340', 'Huy Thế Bùi', 'HK009', 'Học kỳ hè Năm học 2023-2024', 0.54, 1.78, 1.4, 13, 21, 110, 'Yếu', 96, 3),
    ('KQ345', 'HV036', '644807', 'Quý cô Vi Nguyễn', 'HK005', 'Học kỳ 2 Năm học 2022-2023', 1.94, 0.32, 4.8, 16, 18, 107, 'Yếu', 99, 1),
    ('KQ346', 'HV243', '654002', 'Phúc Quang Nguyễn', 'HK007', 'Học kỳ 1 Năm học 2023-2024', 1.73, 0.98, 4.3, 25, 12, 130, 'Yếu', 85, 2),
    ('KQ347', 'HV249', '631432', 'Bà Hương Vũ', 'HK004', 'Học kỳ 1 Năm học 2022-2023', 2.02, 1.22, 5.0, 14, 13, 100, 'Trung bình', 54, 1),
    ('KQ348', 'HV338', '661620', 'Kim Đức Mai', 'HK001', 'Học kỳ 1 Năm học 2021-2022', 2.94, 3.5, 7.3, 15, 14, 39, 'Khá', 71, 1),
    ('KQ349', 'HV146', '645664', 'Nam Xuân Mai', 'HK007', 'Học kỳ 1 Năm học 2023-2024', 2.95, 0.87, 7.4, 13, 15, 89, 'Khá', 50, 1),
    ('KQ350', 'HV377', '673039', 'Anh Thế Nguyễn', 'HK015', 'Học kỳ hè Năm học 2025-2026', 0.26, 3.19, 0.7, 25, 15, 84, 'Yếu', 54, 2),
    ('KQ351', 'HV297', '661961', 'Vân Mai', 'HK006', 'Học kỳ hè Năm học 2022-2023', 3.75, 0.74, 9.4, 21, 19, 103, 'Xuất sắc', 80, 1),
    ('KQ352', 'HV476', '666171', 'Dũng Hoàng Vũ', 'HK008', 'Học kỳ 2 Năm học 2023-2024', 1.88, 2.55, 4.7, 19, 11, 103, 'Yếu', 51, 2),
    ('KQ353', 'HV212', '659118', 'Dũng Vũ', 'HK004', 'Học kỳ 1 Năm học 2022-2023', 3.68, 2.84, 9.2, 14, 24, 50, 'Xuất sắc', 56, 1),
    ('KQ354', 'HV003', '672049', 'Hải Mai Đặng', 'HK012', 'Học kỳ hè Năm học 2024-2025', 3.91, 1.13, 9.8, 23, 12, 42, 'Xuất sắc', 83, 1),
    ('KQ355', 'HV488', '669534', 'Quý ông Hoàng Phạm', 'HK001', 'Học kỳ 1 Năm học 2021-2022', 2.48, 2.42, 6.2, 11, 20, 92, 'Trung bình', 100, 3),
    ('KQ356', 'HV498', '642862', 'Hạnh Lê', 'HK015', 'Học kỳ hè Năm học 2025-2026', 0.18, 2.53, 0.4, 16, 8, 57, 'Yếu', 52, 0),
    ('KQ357', 'HV434', '644050', 'Lan Đặng', 'HK007', 'Học kỳ 1 Năm học 2023-2024', 0.12, 0.53, 0.3, 13, 14, 142, 'Yếu', 51, 0),
    ('KQ358', 'HV389', '657948', 'Anh Lê', 'HK011', 'Học kỳ 2 Năm học 2024-2025', 2.36, 2.53, 5.9, 20, 24, 66, 'Trung bình', 84, 0),
    ('KQ359', 'HV103', '662193', 'Dương Hoàng', 'HK008', 'Học kỳ 2 Năm học 2023-2024', 2.78, 1.85, 6.9, 18, 13, 109, 'Khá', 68, 0),
    ('KQ360', 'HV423', '669907', 'Bà Hạnh Phạm', 'HK012', 'Học kỳ hè Năm học 2024-2025', 3.84, 1.07, 9.6, 12, 13, 142, 'Xuất sắc', 64, 3),
    ('KQ361', 'HV095', '672813', 'Lan Nguyễn', 'HK008', 'Học kỳ 2 Năm học 2023-2024', 3.96, 3.34, 9.9, 24, 16, 141, 'Xuất sắc', 54, 3),
    ('KQ362', 'HV366', '637790', 'Chị Dương Phạm', 'HK009', 'Học kỳ hè Năm học 2023-2024', 2.61, 3.88, 6.5, 18, 9, 124, 'Khá', 65, 0),
    ('KQ363', 'HV007', '665380', 'Ngọc Bùi', 'HK015', 'Học kỳ hè Năm học 2025-2026', 2.32, 2.8, 5.8, 19, 9, 94, 'Trung bình', 53, 2),
    ('KQ364', 'HV183', '635914', 'Anh Anh Đặng', 'HK008', 'Học kỳ 2 Năm học 2023-2024', 2.59, 0.01, 6.5, 20, 22, 49, 'Khá', 79, 0),
    ('KQ365', 'HV408', '643141', 'Phương Hải Hoàng', 'HK011', 'Học kỳ 2 Năm học 2024-2025', 1.01, 3.83, 2.5, 23, 14, 62, 'Yếu', 67, 1),
    ('KQ366', 'HV123', '662158', 'Linh Nguyễn', 'HK015', 'Học kỳ hè Năm học 2025-2026', 3.14, 1.13, 7.9, 11, 22, 45, 'Khá', 81, 1),
    ('KQ367', 'HV156', '659209', 'Bác Quang Phạm', 'HK001', 'Học kỳ 1 Năm học 2021-2022', 3.67, 2.55, 9.2, 15, 10, 67, 'Xuất sắc', 52, 2),
    ('KQ368', 'HV241', '645147', 'Quý ông Dũng Hoàng', 'HK006', 'Học kỳ hè Năm học 2022-2023', 1.59, 1.9, 4.0, 24, 19, 45, 'Yếu', 96, 0),
    ('KQ369', 'HV075', '632613', 'Tú Lê', 'HK012', 'Học kỳ hè Năm học 2024-2025', 2.43, 0.37, 6.1, 15, 21, 129, 'Trung bình', 63, 1),
    ('KQ370', 'HV068', '653439', 'Nam Bảo Lê', 'HK009', 'Học kỳ hè Năm học 2023-2024', 1.12, 0.86, 2.8, 17, 19, 89, 'Yếu', 50, 3),
    ('KQ371', 'HV472', '679112', 'Bác Trung Trần', 'HK013', 'Học kỳ 1 Năm học 2025-2026', 3.95, 1.31, 9.9, 23, 17, 64, 'Xuất sắc', 82, 0),
    ('KQ372', 'HV224', '638267', 'Dũng Trần', 'HK006', 'Học kỳ hè Năm học 2022-2023', 3.7, 0.08, 9.2, 20, 19, 100, 'Xuất sắc', 88, 2),
    ('KQ373', 'HV483', '678743', 'Bà Vi Dương', 'HK010', 'Học kỳ 1 Năm học 2024-2025', 1.02, 2.5, 2.5, 25, 13, 102, 'Yếu', 97, 2),
    ('KQ374', 'HV364', '651567', 'Chị Vi Dương', 'HK009', 'Học kỳ hè Năm học 2023-2024', 3.88, 3.58, 9.7, 10, 24, 65, 'Xuất sắc', 63, 2),
    ('KQ375', 'HV447', '632158', 'Quý cô Thảo Mai', 'HK009', 'Học kỳ hè Năm học 2023-2024', 2.5, 1.68, 6.2, 21, 20, 81, 'Khá', 81, 1),
    ('KQ376', 'HV434', '644050', 'Lan Đặng', 'HK015', 'Học kỳ hè Năm học 2025-2026', 1.02, 0.53, 2.5, 23, 25, 142, 'Yếu', 98, 3),
    ('KQ377', 'HV340', '641951', 'Bác Thành Phạm', 'HK014', 'Học kỳ 2 Năm học 2025-2026', 1.98, 2.95, 5.0, 25, 13, 32, 'Yếu', 79, 1),
    ('KQ378', 'HV014', '656177', 'Huy Hữu Trần', 'HK009', 'Học kỳ hè Năm học 2023-2024', 2.26, 0.56, 5.6, 20, 19, 55, 'Trung bình', 56, 2),
    ('KQ379', 'HV038', '676960', 'Quý cô Hải Phạm', 'HK008', 'Học kỳ 2 Năm học 2023-2024', 3.68, 0.6, 9.2, 19, 17, 139, 'Xuất sắc', 79, 3),
    ('KQ380', 'HV277', '637780', 'Cô Thảo Hoàng', 'HK012', 'Học kỳ hè Năm học 2024-2025', 3.9, 2.09, 9.8, 21, 15, 108, 'Xuất sắc', 80, 3),
    ('KQ381', 'HV322', '639030', 'Cô Phương Dương', 'HK002', 'Học kỳ 2 Năm học 2021-2022', 3.23, 2.27, 8.1, 12, 22, 78, 'Giỏi', 54, 2),
    ('KQ382', 'HV118', '673673', 'Phương Thế Vũ', 'HK008', 'Học kỳ 2 Năm học 2023-2024', 1.3, 0.46, 3.2, 24, 15, 80, 'Yếu', 85, 3),
    ('KQ383', 'HV404', '634111', 'Nhiên Đức Trần', 'HK005', 'Học kỳ 2 Năm học 2022-2023', 2.95, 2.53, 7.4, 15, 18, 126, 'Khá', 97, 3),
    ('KQ384', 'HV472', '679112', 'Bác Trung Trần', 'HK009', 'Học kỳ hè Năm học 2023-2024', 2.91, 1.31, 7.3, 19, 20, 64, 'Khá', 79, 3),
    ('KQ385', 'HV366', '637790', 'Chị Dương Phạm', 'HK013', 'Học kỳ 1 Năm học 2025-2026', 3.16, 3.88, 7.9, 13, 13, 124, 'Khá', 78, 0),
    ('KQ386', 'HV072', '662287', 'Chị Duyên Trần', 'HK012', 'Học kỳ hè Năm học 2024-2025', 0.99, 1.45, 2.5, 21, 17, 115, 'Yếu', 53, 1),
    ('KQ387', 'HV488', '669534', 'Quý ông Hoàng Phạm', 'HK006', 'Học kỳ hè Năm học 2022-2023', 0.29, 2.42, 0.7, 15, 14, 92, 'Yếu', 86, 3),
    ('KQ388', 'HV307', '645121', 'Minh Thế Dương', 'HK007', 'Học kỳ 1 Năm học 2023-2024', 0.63, 1.89, 1.6, 19, 25, 141, 'Yếu', 51, 1),
    ('KQ389', 'HV332', '672799', 'Vũ Dương', 'HK011', 'Học kỳ 2 Năm học 2024-2025', 2.5, 1.13, 6.2, 17, 17, 138, 'Khá', 86, 3),
    ('KQ390', 'HV257', '642760', 'Ông Thành Hoàng', 'HK007', 'Học kỳ 1 Năm học 2023-2024', 0.65, 1.83, 1.6, 23, 8, 48, 'Yếu', 50, 2),
    ('KQ391', 'HV327', '653180', 'Quý ông Quang Hoàng', 'HK011', 'Học kỳ 2 Năm học 2024-2025', 1.89, 3.36, 4.7, 18, 22, 54, 'Yếu', 73, 3),
    ('KQ392', 'HV369', '665412', 'Bà Thảo Đặng', 'HK014', 'Học kỳ 2 Năm học 2025-2026', 0.89, 0.51, 2.2, 10, 11, 111, 'Yếu', 80, 1),
    ('KQ393', 'HV349', '678437', 'Ngọc Vũ', 'HK014', 'Học kỳ 2 Năm học 2025-2026', 2.4, 3.66, 6.0, 21, 12, 58, 'Trung bình', 100, 1),
    ('KQ394', 'HV426', '644624', 'Quý cô An Mai', 'HK013', 'Học kỳ 1 Năm học 2025-2026', 2.57, 3.12, 6.4, 22, 14, 61, 'Khá', 52, 3),
    ('KQ395', 'HV214', '662754', 'Nhật Phạm', 'HK006', 'Học kỳ hè Năm học 2022-2023', 1.82, 3.04, 4.5, 17, 21, 107, 'Yếu', 50, 0),
    ('KQ396', 'HV409', '666672', 'Yến Đặng', 'HK002', 'Học kỳ 2 Năm học 2021-2022', 0.57, 0.86, 1.4, 10, 18, 136, 'Yếu', 82, 3),
    ('KQ397', 'HV124', '667614', 'Hải Vũ', 'HK014', 'Học kỳ 2 Năm học 2025-2026', 0.75, 1.92, 1.9, 23, 18, 103, 'Yếu', 66, 0),
    ('KQ398', 'HV036', '644807', 'Quý cô Vi Nguyễn', 'HK013', 'Học kỳ 1 Năm học 2025-2026', 2.54, 0.32, 6.3, 23, 22, 107, 'Khá', 58, 1),
    ('KQ399', 'HV064', '667358', 'Khoa Đức Hoàng', 'HK001', 'Học kỳ 1 Năm học 2021-2022', 3.93, 1.65, 9.8, 18, 21, 149, 'Xuất sắc', 56, 3),
    ('KQ400', 'HV011', '651109', 'Trung Trí Bùi', 'HK007', 'Học kỳ 1 Năm học 2023-2024', 0.63, 2.03, 1.6, 23, 19, 124, 'Yếu', 67, 2),
    ('KQ401', 'HV004', '679528', 'Bà Chi Bùi', 'HK013', 'Học kỳ 1 Năm học 2025-2026', 2.18, 3.99, 5.5, 17, 8, 150, 'Trung bình', 62, 3),
    ('KQ402', 'HV230', '639174', 'Nhật Phạm', 'HK009', 'Học kỳ hè Năm học 2023-2024', 1.26, 0.46, 3.1, 22, 8, 34, 'Yếu', 92, 2),
    ('KQ403', 'HV393', '633722', 'Mai Lê', 'HK004', 'Học kỳ 1 Năm học 2022-2023', 0.31, 3.01, 0.8, 17, 9, 71, 'Yếu', 62, 2),
    ('KQ404', 'HV399', '672465', 'Hương Vũ', 'HK001', 'Học kỳ 1 Năm học 2021-2022', 0.38, 3.27, 0.9, 20, 8, 94, 'Yếu', 85, 2),
    ('KQ405', 'HV119', '632829', 'Ông Quang Bùi', 'HK011', 'Học kỳ 2 Năm học 2024-2025', 1.43, 0.4, 3.6, 20, 11, 39, 'Yếu', 97, 2),
    ('KQ406', 'HV405', '663284', 'Xuân Vũ', 'HK011', 'Học kỳ 2 Năm học 2024-2025', 1.4, 3.42, 3.5, 10, 10, 40, 'Yếu', 68, 0),
    ('KQ407', 'HV049', '638861', 'Trọng Nguyễn', 'HK005', 'Học kỳ 2 Năm học 2022-2023', 2.21, 3.34, 5.5, 24, 20, 89, 'Trung bình', 81, 0),
    ('KQ408', 'HV344', '636695', 'Kim Phạm', 'HK006', 'Học kỳ hè Năm học 2022-2023', 0.34, 1.51, 0.9, 24, 23, 136, 'Yếu', 58, 3),
    ('KQ409', 'HV220', '658764', 'Bác Trọng Mai', 'HK014', 'Học kỳ 2 Năm học 2025-2026', 2.82, 1.77, 7.0, 25, 9, 54, 'Khá', 96, 1),
    ('KQ410', 'HV491', '657237', 'Quý cô Lâm Vũ', 'HK003', 'Học kỳ hè Năm học 2021-2022', 3.03, 3.56, 7.6, 14, 11, 131, 'Khá', 63, 3),
    ('KQ411', 'HV416', '652563', 'Dũng Dương', 'HK002', 'Học kỳ 2 Năm học 2021-2022', 3.45, 2.3, 8.6, 20, 17, 40, 'Giỏi', 84, 0),
    ('KQ412', 'HV336', '668035', 'Quý cô Dương Vũ', 'HK010', 'Học kỳ 1 Năm học 2024-2025', 1.5, 0.9, 3.8, 23, 22, 30, 'Yếu', 99, 1),
    ('KQ413', 'HV401', '671563', 'Anh Quang Đặng', 'HK015', 'Học kỳ hè Năm học 2025-2026', 3.48, 1.68, 8.7, 10, 18, 78, 'Giỏi', 80, 2),
    ('KQ414', 'HV354', '679794', 'Cô Thành Mai', 'HK005', 'Học kỳ 2 Năm học 2022-2023', 1.97, 0.38, 4.9, 15, 12, 134, 'Yếu', 83, 3),
    ('KQ415', 'HV173', '639908', 'Ông Minh Phạm', 'HK015', 'Học kỳ hè Năm học 2025-2026', 1.63, 2.61, 4.1, 23, 9, 98, 'Yếu', 53, 1),
    ('KQ416', 'HV055', '636433', 'Hà Bùi', 'HK005', 'Học kỳ 2 Năm học 2022-2023', 1.5, 0.8, 3.8, 21, 16, 137, 'Yếu', 65, 0),
    ('KQ417', 'HV125', '669363', 'Quang Mai', 'HK013', 'Học kỳ 1 Năm học 2025-2026', 3.21, 1.54, 8.0, 21, 13, 136, 'Giỏi', 60, 3),
    ('KQ418', 'HV234', '665500', 'Hưng Hữu Trần', 'HK008', 'Học kỳ 2 Năm học 2023-2024', 2.79, 0.94, 7.0, 16, 22, 146, 'Khá', 83, 0),
    ('KQ419', 'HV357', '663524', 'Hưng Mai Bảo Trần', 'HK004', 'Học kỳ 1 Năm học 2022-2023', 0.62, 1.86, 1.6, 17, 22, 79, 'Yếu', 60, 0),
    ('KQ420', 'HV227', '672675', 'Huy Đức Lê', 'HK011', 'Học kỳ 2 Năm học 2024-2025', 1.44, 3.2, 3.6, 18, 25, 120, 'Yếu', 68, 2),
    ('KQ421', 'HV418', '646827', 'Vân Bùi', 'HK007', 'Học kỳ 1 Năm học 2023-2024', 3.09, 1.49, 7.7, 21, 9, 99, 'Khá', 58, 2),
    ('KQ422', 'HV137', '663541', 'Cô Kim Nguyễn', 'HK011', 'Học kỳ 2 Năm học 2024-2025', 0.29, 2.86, 0.7, 22, 11, 137, 'Yếu', 72, 3),
    ('KQ423', 'HV466', '669638', 'Quý cô Vân Phạm', 'HK014', 'Học kỳ 2 Năm học 2025-2026', 2.9, 1.04, 7.2, 24, 10, 144, 'Khá', 94, 0),
    ('KQ424', 'HV180', '678233', 'Quý cô Hải Mai', 'HK008', 'Học kỳ 2 Năm học 2023-2024', 3.97, 2.4, 9.9, 23, 20, 133, 'Xuất sắc', 79, 1),
    ('KQ425', 'HV075', '632613', 'Tú Lê', 'HK015', 'Học kỳ hè Năm học 2025-2026', 1.51, 0.37, 3.8, 13, 23, 129, 'Yếu', 93, 0),
    ('KQ426', 'HV146', '645664', 'Nam Xuân Mai', 'HK009', 'Học kỳ hè Năm học 2023-2024', 1.31, 0.87, 3.3, 18, 18, 89, 'Yếu', 77, 0),
    ('KQ427', 'HV293', '632218', 'An Hải Đặng', 'HK006', 'Học kỳ hè Năm học 2022-2023', 1.68, 2.79, 4.2, 11, 21, 141, 'Yếu', 73, 3),
    ('KQ428', 'HV104', '678058', 'Hưng Hải Đặng', 'HK014', 'Học kỳ 2 Năm học 2025-2026', 0.66, 2.62, 1.7, 15, 23, 38, 'Yếu', 50, 3),
    ('KQ429', 'HV319', '679953', 'Anh Châu Nguyễn', 'HK009', 'Học kỳ hè Năm học 2023-2024', 3.45, 1.44, 8.6, 16, 25, 76, 'Giỏi', 94, 2),
    ('KQ430', 'HV211', '648339', 'Hà Đức Hoàng', 'HK009', 'Học kỳ hè Năm học 2023-2024', 3.37, 2.05, 8.4, 21, 16, 115, 'Giỏi', 57, 1),
    ('KQ431', 'HV127', '669668', 'Bảo Phú Vũ', 'HK014', 'Học kỳ 2 Năm học 2025-2026', 3.4, 1.51, 8.5, 23, 25, 106, 'Giỏi', 83, 3),
    ('KQ432', 'HV483', '678743', 'Bà Vi Dương', 'HK008', 'Học kỳ 2 Năm học 2023-2024', 0.71, 2.5, 1.8, 13, 17, 102, 'Yếu', 79, 2),
    ('KQ433', 'HV171', '673155', 'Hải Văn Phạm', 'HK011', 'Học kỳ 2 Năm học 2024-2025', 1.01, 1.05, 2.5, 13, 10, 64, 'Yếu', 98, 3),
    ('KQ434', 'HV154', '646919', 'Khoa Thị Bùi', 'HK009', 'Học kỳ hè Năm học 2023-2024', 0.45, 3.51, 1.1, 13, 21, 37, 'Yếu', 77, 3),
    ('KQ435', 'HV099', '636086', 'Chị Duyên Nguyễn', 'HK012', 'Học kỳ hè Năm học 2024-2025', 3.7, 2.85, 9.2, 19, 8, 83, 'Xuất sắc', 94, 3),
    ('KQ436', 'HV358', '631002', 'Mai Bùi', 'HK012', 'Học kỳ hè Năm học 2024-2025', 0.42, 1.17, 1.1, 14, 24, 66, 'Yếu', 86, 0),
    ('KQ437', 'HV099', '636086', 'Chị Duyên Nguyễn', 'HK008', 'Học kỳ 2 Năm học 2023-2024', 2.97, 2.85, 7.4, 21, 15, 83, 'Khá', 51, 3),
    ('KQ438', 'HV357', '663524', 'Hưng Mai Bảo Trần', 'HK014', 'Học kỳ 2 Năm học 2025-2026', 2.93, 1.86, 7.3, 11, 16, 79, 'Khá', 58, 2),
    ('KQ439', 'HV285', '671888', 'An Nguyễn', 'HK009', 'Học kỳ hè Năm học 2023-2024', 0.32, 0.7, 0.8, 16, 21, 145, 'Yếu', 71, 2),
    ('KQ440', 'HV015', '651880', 'Anh Nam Bùi', 'HK002', 'Học kỳ 2 Năm học 2021-2022', 0.21, 0.2, 0.5, 10, 19, 55, 'Yếu', 61, 2),
    ('KQ441', 'HV487', '634481', 'Mai Đặng', 'HK001', 'Học kỳ 1 Năm học 2021-2022', 0.2, 2.22, 0.5, 23, 9, 39, 'Yếu', 98, 0),
    ('KQ442', 'HV324', '646840', 'Thành Nguyễn', 'HK002', 'Học kỳ 2 Năm học 2021-2022', 1.55, 2.45, 3.9, 21, 12, 137, 'Yếu', 75, 1),
    ('KQ443', 'HV024', '634787', 'Quý cô Mai Phạm', 'HK005', 'Học kỳ 2 Năm học 2022-2023', 3.79, 3.03, 9.5, 11, 20, 136, 'Xuất sắc', 61, 0),
    ('KQ444', 'HV245', '676970', 'Nhật Phạm', 'HK005', 'Học kỳ 2 Năm học 2022-2023', 3.9, 2.33, 9.8, 12, 11, 75, 'Xuất sắc', 84, 0),
    ('KQ445', 'HV036', '644807', 'Quý cô Vi Nguyễn', 'HK006', 'Học kỳ hè Năm học 2022-2023', 2.33, 0.32, 5.8, 11, 18, 107, 'Trung bình', 78, 1),
    ('KQ446', 'HV217', '647413', 'An Vũ', 'HK008', 'Học kỳ 2 Năm học 2023-2024', 3.71, 2.06, 9.3, 22, 8, 130, 'Xuất sắc', 100, 3),
    ('KQ447', 'HV437', '675359', 'Tùng Lê', 'HK007', 'Học kỳ 1 Năm học 2023-2024', 0.82, 2.11, 2.0, 23, 25, 118, 'Yếu', 65, 1),
    ('KQ448', 'HV283', '638263', 'Anh Hoàng Lê', 'HK003', 'Học kỳ hè Năm học 2021-2022', 1.18, 0.34, 2.9, 11, 13, 137, 'Yếu', 77, 0),
    ('KQ449', 'HV074', '632341', 'Phương Thế Trần', 'HK013', 'Học kỳ 1 Năm học 2025-2026', 1.75, 3.74, 4.4, 20, 12, 44, 'Yếu', 61, 1),
    ('KQ450', 'HV285', '671888', 'An Nguyễn', 'HK006', 'Học kỳ hè Năm học 2022-2023', 1.36, 0.7, 3.4, 18, 18, 145, 'Yếu', 67, 0),
    ('KQ451', 'HV061', '634130', 'Chị Phương Nguyễn', 'HK011', 'Học kỳ 2 Năm học 2024-2025', 2.68, 0.44, 6.7, 22, 14, 75, 'Khá', 98, 0),
    ('KQ452', 'HV398', '647236', 'Dương Hoàng', 'HK013', 'Học kỳ 1 Năm học 2025-2026', 0.0, 3.96, 0.0, 16, 12, 138, 'Yếu', 87, 1),
    ('KQ453', 'HV026', '648141', 'Bác Nhiên Trần', 'HK015', 'Học kỳ hè Năm học 2025-2026', 3.95, 2.78, 9.9, 18, 24, 136, 'Xuất sắc', 55, 0),
    ('KQ454', 'HV287', '636159', 'Quý cô Lâm Đặng', 'HK007', 'Học kỳ 1 Năm học 2023-2024', 0.41, 3.65, 1.0, 15, 12, 64, 'Yếu', 60, 3),
    ('KQ455', 'HV369', '665412', 'Bà Thảo Đặng', 'HK010', 'Học kỳ 1 Năm học 2024-2025', 0.56, 0.51, 1.4, 19, 10, 111, 'Yếu', 96, 3),
    ('KQ456', 'HV419', '645058', 'Châu Hữu Bùi', 'HK009', 'Học kỳ hè Năm học 2023-2024', 3.51, 1.66, 8.8, 22, 19, 78, 'Giỏi', 86, 0),
    ('KQ457', 'HV363', '666492', 'Cô Hà Vũ', 'HK010', 'Học kỳ 1 Năm học 2024-2025', 3.4, 2.48, 8.5, 15, 11, 119, 'Giỏi', 64, 0),
    ('KQ458', 'HV052', '657510', 'Hải Trí Hoàng', 'HK013', 'Học kỳ 1 Năm học 2025-2026', 2.51, 0.87, 6.3, 14, 23, 57, 'Khá', 100, 2),
    ('KQ459', 'HV116', '678699', 'Bà Vân Nguyễn', 'HK007', 'Học kỳ 1 Năm học 2023-2024', 1.94, 2.25, 4.8, 13, 11, 112, 'Yếu', 57, 2),
    ('KQ460', 'HV142', '642746', 'Dương Vũ', 'HK006', 'Học kỳ hè Năm học 2022-2023', 3.94, 1.03, 9.8, 21, 25, 43, 'Xuất sắc', 97, 0),
    ('KQ461', 'HV102', '668378', 'Hương Phạm', 'HK003', 'Học kỳ hè Năm học 2021-2022', 2.43, 0.86, 6.1, 16, 21, 101, 'Trung bình', 99, 0),
    ('KQ462', 'HV147', '641304', 'Khoa Mai Bảo Đặng', 'HK014', 'Học kỳ 2 Năm học 2025-2026', 0.65, 2.37, 1.6, 11, 22, 136, 'Yếu', 69, 0),
    ('KQ463', 'HV210', '668058', 'Cô Phương Lê', 'HK014', 'Học kỳ 2 Năm học 2025-2026', 3.5, 2.14, 8.8, 12, 17, 88, 'Giỏi', 77, 2),
    ('KQ464', 'HV347', '648337', 'Phúc Phạm', 'HK011', 'Học kỳ 2 Năm học 2024-2025', 0.75, 2.96, 1.9, 15, 11, 31, 'Yếu', 90, 2),
    ('KQ465', 'HV270', '632994', 'Anh Nhiên Vũ', 'HK012', 'Học kỳ hè Năm học 2024-2025', 1.65, 1.81, 4.1, 24, 14, 119, 'Yếu', 75, 0),
    ('KQ466', 'HV205', '665567', 'Cô Hà Phạm', 'HK008', 'Học kỳ 2 Năm học 2023-2024', 3.33, 2.27, 8.3, 19, 19, 124, 'Giỏi', 98, 0),
    ('KQ467', 'HV057', '651179', 'Quang Vũ', 'HK014', 'Học kỳ 2 Năm học 2025-2026', 0.34, 1.62, 0.9, 15, 12, 40, 'Yếu', 100, 1),
    ('KQ468', 'HV231', '663098', 'Hải Vũ', 'HK008', 'Học kỳ 2 Năm học 2023-2024', 1.9, 3.82, 4.8, 22, 17, 102, 'Yếu', 59, 1),
    ('KQ469', 'HV121', '632322', 'Tùng Văn Phạm', 'HK004', 'Học kỳ 1 Năm học 2022-2023', 2.26, 0.73, 5.6, 18, 22, 124, 'Trung bình', 82, 1),
    ('KQ470', 'HV119', '632829', 'Ông Quang Bùi', 'HK001', 'Học kỳ 1 Năm học 2021-2022', 3.3, 0.4, 8.2, 17, 22, 39, 'Giỏi', 98, 1),
    ('KQ471', 'HV216', '678796', 'Hoàng Lê', 'HK006', 'Học kỳ hè Năm học 2022-2023', 1.74, 3.64, 4.3, 13, 15, 122, 'Yếu', 82, 2),
    ('KQ472', 'HV244', '648871', 'Chị Thành Nguyễn', 'HK003', 'Học kỳ hè Năm học 2021-2022', 3.5, 3.18, 8.8, 18, 14, 141, 'Giỏi', 93, 2),
    ('KQ473', 'HV147', '641304', 'Khoa Mai Bảo Đặng', 'HK010', 'Học kỳ 1 Năm học 2024-2025', 2.4, 2.37, 6.0, 17, 8, 136, 'Trung bình', 79, 0),
    ('KQ474', 'HV358', '631002', 'Mai Bùi', 'HK012', 'Học kỳ hè Năm học 2024-2025', 3.33, 1.17, 8.3, 22, 11, 66, 'Giỏi', 58, 1),
    ('KQ475', 'HV244', '648871', 'Chị Thành Nguyễn', 'HK003', 'Học kỳ hè Năm học 2021-2022', 1.2, 3.18, 3.0, 11, 13, 141, 'Yếu', 69, 2),
    ('KQ476', 'HV457', '638922', 'Hải Bảo Đặng', 'HK006', 'Học kỳ hè Năm học 2022-2023', 2.17, 0.92, 5.4, 22, 22, 118, 'Trung bình', 57, 2),
    ('KQ477', 'HV180', '678233', 'Quý cô Hải Mai', 'HK015', 'Học kỳ hè Năm học 2025-2026', 2.05, 2.4, 5.1, 23, 9, 133, 'Trung bình', 74, 1),
    ('KQ478', 'HV036', '644807', 'Quý cô Vi Nguyễn', 'HK008', 'Học kỳ 2 Năm học 2023-2024', 2.56, 0.32, 6.4, 12, 19, 107, 'Khá', 65, 0),
    ('KQ479', 'HV110', '662244', 'Khoa Dương', 'HK011', 'Học kỳ 2 Năm học 2024-2025', 0.02, 1.54, 0.1, 25, 12, 93, 'Yếu', 91, 2),
    ('KQ480', 'HV488', '669534', 'Quý ông Hoàng Phạm', 'HK011', 'Học kỳ 2 Năm học 2024-2025', 1.75, 2.42, 4.4, 20, 20, 92, 'Yếu', 85, 1),
    ('KQ481', 'HV103', '662193', 'Dương Hoàng', 'HK005', 'Học kỳ 2 Năm học 2022-2023', 0.78, 1.85, 2.0, 19, 19, 109, 'Yếu', 92, 1),
    ('KQ482', 'HV006', '672765', 'Bảo Tấn Vũ', 'HK011', 'Học kỳ 2 Năm học 2024-2025', 1.72, 3.02, 4.3, 13, 24, 73, 'Yếu', 58, 2),
    ('KQ483', 'HV174', '662180', 'Hoàng Thị Bùi', 'HK003', 'Học kỳ hè Năm học 2021-2022', 1.7, 2.84, 4.2, 20, 21, 139, 'Yếu', 52, 3),
    ('KQ484', 'HV374', '646491', 'Bảo Lê', 'HK001', 'Học kỳ 1 Năm học 2021-2022', 0.24, 2.65, 0.6, 25, 18, 150, 'Yếu', 81, 3),
    ('KQ485', 'HV139', '658961', 'Bà Thành Lê', 'HK010', 'Học kỳ 1 Năm học 2024-2025', 2.58, 1.64, 6.5, 19, 10, 135, 'Khá', 58, 2),
    ('KQ486', 'HV486', '658497', 'Minh Phạm', 'HK008', 'Học kỳ 2 Năm học 2023-2024', 3.62, 1.02, 9.1, 20, 17, 44, 'Xuất sắc', 75, 1),
    ('KQ487', 'HV073', '679695', 'Dương Đặng', 'HK005', 'Học kỳ 2 Năm học 2022-2023', 0.01, 0.1, 0.0, 11, 22, 128, 'Yếu', 70, 3),
    ('KQ488', 'HV398', '647236', 'Dương Hoàng', 'HK015', 'Học kỳ hè Năm học 2025-2026', 3.54, 3.96, 8.8, 12, 25, 138, 'Giỏi', 70, 1),
    ('KQ489', 'HV002', '655860', 'Vân Dương', 'HK006', 'Học kỳ hè Năm học 2022-2023', 3.74, 2.15, 9.4, 10, 14, 112, 'Xuất sắc', 93, 1),
    ('KQ490', 'HV193', '675919', 'Thành Đức Mai', 'HK012', 'Học kỳ hè Năm học 2024-2025', 2.66, 2.18, 6.7, 10, 14, 127, 'Khá', 100, 1),
    ('KQ491', 'HV350', '675395', 'Chị An Đặng', 'HK004', 'Học kỳ 1 Năm học 2022-2023', 1.14, 0.84, 2.8, 18, 24, 33, 'Yếu', 89, 0),
    ('KQ492', 'HV080', '637094', 'Quang Bảo Nguyễn', 'HK006', 'Học kỳ hè Năm học 2022-2023', 2.37, 1.06, 5.9, 21, 25, 80, 'Trung bình', 60, 0),
    ('KQ493', 'HV412', '641220', 'Hưng Đặng', 'HK005', 'Học kỳ 2 Năm học 2022-2023', 0.22, 0.12, 0.6, 15, 17, 106, 'Yếu', 71, 1),
    ('KQ494', 'HV069', '637423', 'Bà Thành Trần', 'HK008', 'Học kỳ 2 Năm học 2023-2024', 1.77, 1.0, 4.4, 11, 25, 49, 'Yếu', 69, 3),
    ('KQ495', 'HV475', '638607', 'Quý ông Quang Dương', 'HK013', 'Học kỳ 1 Năm học 2025-2026', 2.05, 2.73, 5.1, 17, 8, 144, 'Trung bình', 65, 1),
    ('KQ496', 'HV052', '657510', 'Hải Trí Hoàng', 'HK005', 'Học kỳ 2 Năm học 2022-2023', 3.45, 0.87, 8.6, 24, 18, 57, 'Giỏi', 69, 1),
    ('KQ497', 'HV118', '673673', 'Phương Thế Vũ', 'HK001', 'Học kỳ 1 Năm học 2021-2022', 3.97, 0.46, 9.9, 17, 23, 80, 'Xuất sắc', 51, 3),
    ('KQ498', 'HV380', '675861', 'Ông Tú Mai', 'HK004', 'Học kỳ 1 Năm học 2022-2023', 2.87, 0.06, 7.2, 10, 18, 147, 'Khá', 99, 1),
    ('KQ499', 'HV445', '658365', 'Hoàng Tấn Mai', 'HK013', 'Học kỳ 1 Năm học 2025-2026', 1.18, 1.51, 2.9, 10, 8, 118, 'Yếu', 80, 1),
    ('KQ500', 'HV487', '634481', 'Mai Đặng', 'HK001', 'Học kỳ 1 Năm học 2021-2022', 1.58, 2.22, 4.0, 10, 15, 39, 'Yếu', 85, 2);

INSERT INTO ket_qua_hoc_ky (id, hoc_vien_id, ma_hv, ho_ten_hv, hoc_ky_id, ten_hoc_ky, gpa_hoc_ky_he4, gpa_tich_luy_he4, gpa_hoc_ky_he10, so_tc_dang_ky, so_tc_dat, so_tc_tich_luy, xep_loai, diem_ren_luyen, muc_canh_bao) VALUES
    ('KQ501', 'HV241', '645147', 'Quý ông Dũng Hoàng', 'HK006', 'Học kỳ hè Năm học 2022-2023', 0.09, 1.9, 0.2, 12, 23, 45, 'Yếu', 65, 0),
    ('KQ502', 'HV417', '646305', 'Trọng Bùi', 'HK006', 'Học kỳ hè Năm học 2022-2023', 3.7, 3.89, 9.2, 14, 23, 36, 'Xuất sắc', 51, 3),
    ('KQ503', 'HV405', '663284', 'Xuân Vũ', 'HK005', 'Học kỳ 2 Năm học 2022-2023', 3.1, 3.42, 7.8, 21, 12, 40, 'Khá', 72, 1),
    ('KQ504', 'HV045', '655569', 'Bảo Nguyễn', 'HK012', 'Học kỳ hè Năm học 2024-2025', 3.09, 2.88, 7.7, 19, 8, 92, 'Khá', 69, 1),
    ('KQ505', 'HV374', '646491', 'Bảo Lê', 'HK002', 'Học kỳ 2 Năm học 2021-2022', 3.26, 2.65, 8.1, 14, 19, 150, 'Giỏi', 53, 0),
    ('KQ506', 'HV481', '672479', 'Bảo Vũ', 'HK012', 'Học kỳ hè Năm học 2024-2025', 1.18, 3.54, 2.9, 20, 9, 148, 'Yếu', 79, 3),
    ('KQ507', 'HV038', '676960', 'Quý cô Hải Phạm', 'HK015', 'Học kỳ hè Năm học 2025-2026', 3.09, 0.6, 7.7, 11, 18, 139, 'Khá', 100, 1),
    ('KQ508', 'HV431', '678241', 'Ánh Mai', 'HK003', 'Học kỳ hè Năm học 2021-2022', 2.98, 3.83, 7.5, 19, 25, 141, 'Khá', 62, 3),
    ('KQ509', 'HV331', '633621', 'Hạnh Tấn Lê', 'HK012', 'Học kỳ hè Năm học 2024-2025', 3.31, 0.49, 8.3, 23, 19, 36, 'Giỏi', 65, 1),
    ('KQ510', 'HV285', '671888', 'An Nguyễn', 'HK005', 'Học kỳ 2 Năm học 2022-2023', 3.17, 0.7, 7.9, 16, 14, 145, 'Khá', 57, 1),
    ('KQ511', 'HV333', '677097', 'An Mai Bảo Mai', 'HK011', 'Học kỳ 2 Năm học 2024-2025', 3.07, 3.4, 7.7, 21, 9, 106, 'Khá', 94, 0),
    ('KQ512', 'HV432', '655635', 'Khoa Bùi', 'HK015', 'Học kỳ hè Năm học 2025-2026', 0.79, 3.75, 2.0, 15, 19, 148, 'Yếu', 50, 2),
    ('KQ513', 'HV059', '631251', 'Khoa Mai', 'HK012', 'Học kỳ hè Năm học 2024-2025', 0.21, 3.09, 0.5, 13, 11, 91, 'Yếu', 59, 3),
    ('KQ514', 'HV220', '658764', 'Bác Trọng Mai', 'HK014', 'Học kỳ 2 Năm học 2025-2026', 2.32, 1.77, 5.8, 21, 25, 54, 'Trung bình', 96, 1),
    ('KQ515', 'HV244', '648871', 'Chị Thành Nguyễn', 'HK014', 'Học kỳ 2 Năm học 2025-2026', 1.24, 3.18, 3.1, 25, 13, 141, 'Yếu', 59, 3),
    ('KQ516', 'HV351', '651837', 'Dũng Trần', 'HK008', 'Học kỳ 2 Năm học 2023-2024', 0.29, 2.11, 0.7, 25, 12, 32, 'Yếu', 56, 3),
    ('KQ517', 'HV159', '657214', 'Chị Hải Nguyễn', 'HK013', 'Học kỳ 1 Năm học 2025-2026', 0.24, 2.08, 0.6, 20, 21, 118, 'Yếu', 67, 2),
    ('KQ518', 'HV440', '646904', 'Bảo Thị Mai', 'HK008', 'Học kỳ 2 Năm học 2023-2024', 2.62, 3.34, 6.6, 14, 20, 134, 'Khá', 89, 1),
    ('KQ519', 'HV247', '644453', 'Chị Nhật Mai', 'HK008', 'Học kỳ 2 Năm học 2023-2024', 2.99, 0.51, 7.5, 14, 17, 148, 'Khá', 98, 2),
    ('KQ520', 'HV035', '661744', 'Hà Đức Vũ', 'HK006', 'Học kỳ hè Năm học 2022-2023', 0.88, 2.06, 2.2, 20, 12, 105, 'Yếu', 61, 0),
    ('KQ521', 'HV311', '662617', 'Anh Tùng Bùi', 'HK015', 'Học kỳ hè Năm học 2025-2026', 1.48, 2.23, 3.7, 13, 25, 148, 'Yếu', 68, 3),
    ('KQ522', 'HV053', '641121', 'Bác Anh Trần', 'HK014', 'Học kỳ 2 Năm học 2025-2026', 0.93, 2.98, 2.3, 18, 24, 60, 'Yếu', 59, 3),
    ('KQ523', 'HV430', '631245', 'Ông Anh Phạm', 'HK011', 'Học kỳ 2 Năm học 2024-2025', 2.02, 2.28, 5.0, 16, 23, 125, 'Trung bình', 59, 2),
    ('KQ524', 'HV217', '647413', 'An Vũ', 'HK014', 'Học kỳ 2 Năm học 2025-2026', 3.66, 2.06, 9.2, 18, 12, 130, 'Xuất sắc', 54, 0),
    ('KQ525', 'HV208', '647302', 'Quý cô Hương Lê', 'HK001', 'Học kỳ 1 Năm học 2021-2022', 3.94, 1.64, 9.8, 24, 18, 77, 'Xuất sắc', 66, 2),
    ('KQ526', 'HV291', '656101', 'Bác Quang Phạm', 'HK003', 'Học kỳ hè Năm học 2021-2022', 2.76, 1.83, 6.9, 16, 9, 131, 'Khá', 59, 0),
    ('KQ527', 'HV168', '645964', 'Thành Đặng', 'HK001', 'Học kỳ 1 Năm học 2021-2022', 2.23, 2.17, 5.6, 17, 11, 113, 'Trung bình', 75, 2),
    ('KQ528', 'HV092', '633693', 'Nhật Trần', 'HK014', 'Học kỳ 2 Năm học 2025-2026', 0.31, 0.11, 0.8, 13, 22, 45, 'Yếu', 75, 3),
    ('KQ529', 'HV438', '661375', 'Tùng Trí Trần', 'HK005', 'Học kỳ 2 Năm học 2022-2023', 3.38, 3.69, 8.4, 12, 12, 120, 'Giỏi', 71, 2),
    ('KQ530', 'HV003', '672049', 'Hải Mai Đặng', 'HK002', 'Học kỳ 2 Năm học 2021-2022', 1.66, 1.13, 4.1, 25, 16, 42, 'Yếu', 55, 3),
    ('KQ531', 'HV182', '667174', 'Huy Hoàng Nguyễn', 'HK012', 'Học kỳ hè Năm học 2024-2025', 3.49, 1.34, 8.7, 20, 18, 58, 'Giỏi', 100, 2),
    ('KQ532', 'HV286', '641030', 'Kim Hải Trần', 'HK010', 'Học kỳ 1 Năm học 2024-2025', 0.43, 0.38, 1.1, 23, 11, 67, 'Yếu', 76, 1),
    ('KQ533', 'HV242', '643087', 'Nhật Lê', 'HK003', 'Học kỳ hè Năm học 2021-2022', 0.46, 2.9, 1.2, 23, 12, 146, 'Yếu', 84, 2),
    ('KQ534', 'HV120', '638342', 'Bà Bảo Mai', 'HK009', 'Học kỳ hè Năm học 2023-2024', 0.36, 1.52, 0.9, 12, 20, 101, 'Yếu', 57, 0),
    ('KQ535', 'HV172', '643112', 'Nhật Đặng', 'HK006', 'Học kỳ hè Năm học 2022-2023', 2.18, 2.58, 5.5, 16, 9, 67, 'Trung bình', 61, 0),
    ('KQ536', 'HV181', '673987', 'Chị Vân Mai', 'HK014', 'Học kỳ 2 Năm học 2025-2026', 1.53, 3.95, 3.8, 17, 13, 70, 'Yếu', 63, 1),
    ('KQ537', 'HV032', '633387', 'Chị Lâm Trần', 'HK005', 'Học kỳ 2 Năm học 2022-2023', 3.6, 3.0, 9.0, 17, 11, 113, 'Xuất sắc', 81, 3),
    ('KQ538', 'HV461', '645151', 'Hạnh Thị Vũ', 'HK007', 'Học kỳ 1 Năm học 2023-2024', 0.38, 0.06, 0.9, 24, 19, 124, 'Yếu', 73, 3),
    ('KQ539', 'HV472', '679112', 'Bác Trung Trần', 'HK001', 'Học kỳ 1 Năm học 2021-2022', 2.8, 1.31, 7.0, 24, 10, 64, 'Khá', 69, 0),
    ('KQ540', 'HV016', '646366', 'Chị Dương Vũ', 'HK001', 'Học kỳ 1 Năm học 2021-2022', 2.5, 1.81, 6.2, 20, 10, 124, 'Khá', 80, 2),
    ('KQ541', 'HV252', '675654', 'Anh Bùi', 'HK012', 'Học kỳ hè Năm học 2024-2025', 2.35, 2.75, 5.9, 23, 16, 119, 'Trung bình', 88, 3),
    ('KQ542', 'HV102', '668378', 'Hương Phạm', 'HK014', 'Học kỳ 2 Năm học 2025-2026', 1.41, 0.86, 3.5, 22, 14, 101, 'Yếu', 54, 1),
    ('KQ543', 'HV364', '651567', 'Chị Vi Dương', 'HK009', 'Học kỳ hè Năm học 2023-2024', 2.82, 3.58, 7.0, 23, 17, 65, 'Khá', 89, 1),
    ('KQ544', 'HV143', '641283', 'An Trí Đặng', 'HK012', 'Học kỳ hè Năm học 2024-2025', 1.5, 3.39, 3.8, 14, 21, 96, 'Yếu', 76, 0),
    ('KQ545', 'HV393', '633722', 'Mai Lê', 'HK003', 'Học kỳ hè Năm học 2021-2022', 3.37, 3.01, 8.4, 24, 14, 71, 'Giỏi', 84, 0),
    ('KQ546', 'HV218', '666543', 'Hà Trí Mai', 'HK003', 'Học kỳ hè Năm học 2021-2022', 0.12, 1.66, 0.3, 10, 23, 136, 'Yếu', 66, 1),
    ('KQ547', 'HV375', '642857', 'Hải Mai', 'HK008', 'Học kỳ 2 Năm học 2023-2024', 2.76, 1.24, 6.9, 10, 24, 110, 'Khá', 53, 0),
    ('KQ548', 'HV236', '645656', 'Cô Hải Phạm', 'HK003', 'Học kỳ hè Năm học 2021-2022', 2.76, 1.29, 6.9, 11, 8, 44, 'Khá', 66, 3),
    ('KQ549', 'HV039', '665054', 'Quý cô Linh Đặng', 'HK005', 'Học kỳ 2 Năm học 2022-2023', 3.81, 1.42, 9.5, 14, 22, 68, 'Xuất sắc', 68, 0),
    ('KQ550', 'HV280', '662141', 'Anh Văn Hoàng', 'HK012', 'Học kỳ hè Năm học 2024-2025', 3.89, 0.75, 9.7, 23, 22, 73, 'Xuất sắc', 96, 0),
    ('KQ551', 'HV118', '673673', 'Phương Thế Vũ', 'HK014', 'Học kỳ 2 Năm học 2025-2026', 0.73, 0.46, 1.8, 22, 10, 80, 'Yếu', 100, 2),
    ('KQ552', 'HV036', '644807', 'Quý cô Vi Nguyễn', 'HK007', 'Học kỳ 1 Năm học 2023-2024', 0.32, 0.32, 0.8, 13, 12, 107, 'Yếu', 79, 2),
    ('KQ553', 'HV312', '633907', 'Dương Vũ', 'HK010', 'Học kỳ 1 Năm học 2024-2025', 2.77, 3.03, 6.9, 11, 22, 142, 'Khá', 55, 0),
    ('KQ554', 'HV294', '641249', 'Bà Nhật Mai', 'HK002', 'Học kỳ 2 Năm học 2021-2022', 3.9, 2.23, 9.8, 13, 12, 107, 'Xuất sắc', 53, 0),
    ('KQ555', 'HV488', '669534', 'Quý ông Hoàng Phạm', 'HK006', 'Học kỳ hè Năm học 2022-2023', 1.28, 2.42, 3.2, 10, 25, 92, 'Yếu', 67, 0),
    ('KQ556', 'HV154', '646919', 'Khoa Thị Bùi', 'HK004', 'Học kỳ 1 Năm học 2022-2023', 1.79, 3.51, 4.5, 16, 9, 37, 'Yếu', 65, 2),
    ('KQ557', 'HV243', '654002', 'Phúc Quang Nguyễn', 'HK006', 'Học kỳ hè Năm học 2022-2023', 3.23, 0.98, 8.1, 20, 10, 130, 'Giỏi', 60, 2),
    ('KQ558', 'HV430', '631245', 'Ông Anh Phạm', 'HK009', 'Học kỳ hè Năm học 2023-2024', 0.12, 2.28, 0.3, 13, 24, 125, 'Yếu', 63, 3),
    ('KQ559', 'HV398', '647236', 'Dương Hoàng', 'HK010', 'Học kỳ 1 Năm học 2024-2025', 1.83, 3.96, 4.6, 23, 11, 138, 'Yếu', 66, 3),
    ('KQ560', 'HV116', '678699', 'Bà Vân Nguyễn', 'HK001', 'Học kỳ 1 Năm học 2021-2022', 2.43, 2.25, 6.1, 15, 24, 112, 'Trung bình', 66, 3),
    ('KQ561', 'HV380', '675861', 'Ông Tú Mai', 'HK001', 'Học kỳ 1 Năm học 2021-2022', 0.34, 0.06, 0.9, 25, 9, 147, 'Yếu', 82, 3),
    ('KQ562', 'HV388', '638585', 'Châu Lê', 'HK003', 'Học kỳ hè Năm học 2021-2022', 0.08, 3.38, 0.2, 12, 16, 47, 'Yếu', 99, 1),
    ('KQ563', 'HV441', '631189', 'Mai Dương', 'HK014', 'Học kỳ 2 Năm học 2025-2026', 0.61, 3.55, 1.5, 10, 24, 55, 'Yếu', 100, 3),
    ('KQ564', 'HV161', '645262', 'Cô Bảo Phạm', 'HK003', 'Học kỳ hè Năm học 2021-2022', 4.0, 1.93, 10.0, 19, 16, 69, 'Xuất sắc', 95, 1),
    ('KQ565', 'HV088', '633878', 'Nhật Dương', 'HK010', 'Học kỳ 1 Năm học 2024-2025', 1.31, 3.66, 3.3, 14, 17, 105, 'Yếu', 78, 1),
    ('KQ566', 'HV137', '663541', 'Cô Kim Nguyễn', 'HK013', 'Học kỳ 1 Năm học 2025-2026', 1.44, 2.86, 3.6, 10, 9, 137, 'Yếu', 67, 0),
    ('KQ567', 'HV024', '634787', 'Quý cô Mai Phạm', 'HK003', 'Học kỳ hè Năm học 2021-2022', 2.63, 3.03, 6.6, 11, 13, 136, 'Khá', 83, 1),
    ('KQ568', 'HV428', '635074', 'Chị Hà Dương', 'HK006', 'Học kỳ hè Năm học 2022-2023', 0.61, 0.68, 1.5, 13, 11, 77, 'Yếu', 96, 0),
    ('KQ569', 'HV066', '658344', 'Cô Yến Trần', 'HK014', 'Học kỳ 2 Năm học 2025-2026', 2.71, 1.8, 6.8, 18, 19, 48, 'Khá', 94, 2),
    ('KQ570', 'HV020', '635421', 'Hà Nguyễn', 'HK004', 'Học kỳ 1 Năm học 2022-2023', 1.63, 3.43, 4.1, 25, 11, 43, 'Yếu', 64, 1),
    ('KQ571', 'HV148', '634936', 'Dương Mai', 'HK001', 'Học kỳ 1 Năm học 2021-2022', 1.62, 1.27, 4.1, 25, 22, 54, 'Yếu', 88, 3),
    ('KQ572', 'HV263', '636909', 'Hương Lê', 'HK009', 'Học kỳ hè Năm học 2023-2024', 2.52, 0.06, 6.3, 13, 24, 125, 'Khá', 83, 2),
    ('KQ573', 'HV384', '651411', 'Vi Trần', 'HK012', 'Học kỳ hè Năm học 2024-2025', 3.64, 2.61, 9.1, 10, 9, 140, 'Xuất sắc', 74, 3),
    ('KQ574', 'HV395', '634759', 'Chị An Lê', 'HK011', 'Học kỳ 2 Năm học 2024-2025', 0.62, 3.96, 1.6, 21, 15, 76, 'Yếu', 55, 0),
    ('KQ575', 'HV065', '656270', 'Phương Phạm', 'HK013', 'Học kỳ 1 Năm học 2025-2026', 2.82, 3.84, 7.0, 25, 23, 44, 'Khá', 93, 3),
    ('KQ576', 'HV492', '679881', 'Bà Phương Dương', 'HK013', 'Học kỳ 1 Năm học 2025-2026', 1.76, 3.22, 4.4, 21, 9, 87, 'Yếu', 63, 2),
    ('KQ577', 'HV130', '641713', 'Trọng Mai', 'HK014', 'Học kỳ 2 Năm học 2025-2026', 0.56, 1.94, 1.4, 13, 12, 99, 'Yếu', 90, 3),
    ('KQ578', 'HV038', '676960', 'Quý cô Hải Phạm', 'HK004', 'Học kỳ 1 Năm học 2022-2023', 3.11, 0.6, 7.8, 14, 14, 139, 'Khá', 58, 2),
    ('KQ579', 'HV312', '633907', 'Dương Vũ', 'HK014', 'Học kỳ 2 Năm học 2025-2026', 0.08, 3.03, 0.2, 11, 11, 142, 'Yếu', 95, 1),
    ('KQ580', 'HV269', '641368', 'Bà Kim Dương', 'HK011', 'Học kỳ 2 Năm học 2024-2025', 0.62, 3.56, 1.6, 12, 20, 96, 'Yếu', 87, 3),
    ('KQ581', 'HV297', '661961', 'Vân Mai', 'HK008', 'Học kỳ 2 Năm học 2023-2024', 3.53, 0.74, 8.8, 16, 16, 103, 'Giỏi', 69, 3),
    ('KQ582', 'HV006', '672765', 'Bảo Tấn Vũ', 'HK013', 'Học kỳ 1 Năm học 2025-2026', 1.79, 3.02, 4.5, 13, 9, 73, 'Yếu', 52, 1),
    ('KQ583', 'HV378', '667949', 'Kim Nguyễn', 'HK009', 'Học kỳ hè Năm học 2023-2024', 3.07, 2.99, 7.7, 20, 21, 136, 'Khá', 88, 0),
    ('KQ584', 'HV031', '675923', 'Quang Mai Bùi', 'HK002', 'Học kỳ 2 Năm học 2021-2022', 0.99, 3.78, 2.5, 13, 10, 150, 'Yếu', 70, 3),
    ('KQ585', 'HV117', '658568', 'Kim Quang Vũ', 'HK007', 'Học kỳ 1 Năm học 2023-2024', 3.34, 3.13, 8.3, 23, 19, 88, 'Giỏi', 62, 0),
    ('KQ586', 'HV242', '643087', 'Nhật Lê', 'HK002', 'Học kỳ 2 Năm học 2021-2022', 2.26, 2.9, 5.6, 13, 20, 146, 'Trung bình', 64, 0),
    ('KQ587', 'HV029', '674894', 'Hà Nguyễn', 'HK011', 'Học kỳ 2 Năm học 2024-2025', 0.13, 2.94, 0.3, 21, 14, 58, 'Yếu', 74, 1),
    ('KQ588', 'HV384', '651411', 'Vi Trần', 'HK007', 'Học kỳ 1 Năm học 2023-2024', 0.79, 2.61, 2.0, 22, 15, 140, 'Yếu', 60, 1),
    ('KQ589', 'HV428', '635074', 'Chị Hà Dương', 'HK008', 'Học kỳ 2 Năm học 2023-2024', 3.1, 0.68, 7.8, 16, 23, 77, 'Khá', 58, 2),
    ('KQ590', 'HV160', '632432', 'Cô Phương Hoàng', 'HK009', 'Học kỳ hè Năm học 2023-2024', 3.73, 2.43, 9.3, 12, 8, 71, 'Xuất sắc', 73, 2),
    ('KQ591', 'HV461', '645151', 'Hạnh Thị Vũ', 'HK006', 'Học kỳ hè Năm học 2022-2023', 3.86, 0.06, 9.7, 14, 23, 124, 'Xuất sắc', 81, 3),
    ('KQ592', 'HV008', '654805', 'Thành Nguyễn', 'HK014', 'Học kỳ 2 Năm học 2025-2026', 1.12, 3.59, 2.8, 16, 12, 33, 'Yếu', 98, 3),
    ('KQ593', 'HV059', '631251', 'Khoa Mai', 'HK005', 'Học kỳ 2 Năm học 2022-2023', 2.24, 3.09, 5.6, 12, 9, 91, 'Trung bình', 84, 1),
    ('KQ594', 'HV472', '679112', 'Bác Trung Trần', 'HK005', 'Học kỳ 2 Năm học 2022-2023', 2.58, 1.31, 6.5, 21, 13, 64, 'Khá', 66, 1),
    ('KQ595', 'HV464', '642943', 'Nhật Đức Nguyễn', 'HK011', 'Học kỳ 2 Năm học 2024-2025', 2.33, 2.12, 5.8, 16, 12, 130, 'Trung bình', 59, 1),
    ('KQ596', 'HV090', '639895', 'Cô Vi Mai', 'HK009', 'Học kỳ hè Năm học 2023-2024', 1.4, 3.6, 3.5, 17, 9, 110, 'Yếu', 54, 0),
    ('KQ597', 'HV481', '672479', 'Bảo Vũ', 'HK008', 'Học kỳ 2 Năm học 2023-2024', 2.24, 3.54, 5.6, 21, 13, 148, 'Trung bình', 57, 1),
    ('KQ598', 'HV449', '633610', 'Bác Nam Phạm', 'HK009', 'Học kỳ hè Năm học 2023-2024', 3.75, 0.96, 9.4, 18, 14, 43, 'Xuất sắc', 69, 3),
    ('KQ599', 'HV261', '633884', 'Huy Dương', 'HK002', 'Học kỳ 2 Năm học 2021-2022', 2.78, 1.8, 6.9, 18, 16, 110, 'Khá', 85, 1),
    ('KQ600', 'HV233', '675037', 'Khoa Dương', 'HK004', 'Học kỳ 1 Năm học 2022-2023', 1.28, 1.24, 3.2, 18, 20, 106, 'Yếu', 58, 1),
    ('KQ601', 'HV044', '664675', 'Hạnh Trần', 'HK014', 'Học kỳ 2 Năm học 2025-2026', 2.44, 1.51, 6.1, 24, 9, 114, 'Trung bình', 59, 3),
    ('KQ602', 'HV064', '667358', 'Khoa Đức Hoàng', 'HK009', 'Học kỳ hè Năm học 2023-2024', 3.18, 1.65, 8.0, 23, 20, 149, 'Khá', 81, 0),
    ('KQ603', 'HV440', '646904', 'Bảo Thị Mai', 'HK010', 'Học kỳ 1 Năm học 2024-2025', 0.9, 3.34, 2.2, 22, 18, 134, 'Yếu', 73, 0),
    ('KQ604', 'HV438', '661375', 'Tùng Trí Trần', 'HK015', 'Học kỳ hè Năm học 2025-2026', 2.46, 3.69, 6.2, 21, 21, 120, 'Trung bình', 50, 0),
    ('KQ605', 'HV450', '637871', 'Huy Quang Đặng', 'HK003', 'Học kỳ hè Năm học 2021-2022', 0.18, 1.38, 0.4, 24, 10, 87, 'Yếu', 100, 1),
    ('KQ606', 'HV308', '672837', 'Hưng Phạm', 'HK015', 'Học kỳ hè Năm học 2025-2026', 2.63, 1.44, 6.6, 20, 22, 41, 'Khá', 56, 2),
    ('KQ607', 'HV244', '648871', 'Chị Thành Nguyễn', 'HK014', 'Học kỳ 2 Năm học 2025-2026', 0.79, 3.18, 2.0, 16, 20, 141, 'Yếu', 82, 1),
    ('KQ608', 'HV283', '638263', 'Anh Hoàng Lê', 'HK005', 'Học kỳ 2 Năm học 2022-2023', 3.57, 0.34, 8.9, 11, 24, 137, 'Giỏi', 90, 0),
    ('KQ609', 'HV399', '672465', 'Hương Vũ', 'HK004', 'Học kỳ 1 Năm học 2022-2023', 3.16, 3.27, 7.9, 22, 15, 94, 'Khá', 81, 1),
    ('KQ610', 'HV063', '649470', 'Nhật Thế Trần', 'HK007', 'Học kỳ 1 Năm học 2023-2024', 0.67, 1.65, 1.7, 14, 8, 77, 'Yếu', 55, 3),
    ('KQ611', 'HV301', '662008', 'Chi Đặng', 'HK009', 'Học kỳ hè Năm học 2023-2024', 0.52, 2.78, 1.3, 17, 9, 128, 'Yếu', 78, 1),
    ('KQ612', 'HV435', '679739', 'Nam Thế Đặng', 'HK009', 'Học kỳ hè Năm học 2023-2024', 1.04, 3.45, 2.6, 25, 8, 35, 'Yếu', 83, 3),
    ('KQ613', 'HV263', '636909', 'Hương Lê', 'HK005', 'Học kỳ 2 Năm học 2022-2023', 1.65, 0.06, 4.1, 11, 25, 125, 'Yếu', 97, 0),
    ('KQ614', 'HV169', '632555', 'Bà Dương Lê', 'HK014', 'Học kỳ 2 Năm học 2025-2026', 3.69, 1.87, 9.2, 12, 18, 33, 'Xuất sắc', 72, 1),
    ('KQ615', 'HV198', '644607', 'Quý cô Bảo Vũ', 'HK006', 'Học kỳ hè Năm học 2022-2023', 3.55, 3.37, 8.9, 22, 12, 92, 'Giỏi', 59, 0),
    ('KQ616', 'HV314', '641642', 'Bà Bảo Bùi', 'HK008', 'Học kỳ 2 Năm học 2023-2024', 2.89, 2.39, 7.2, 22, 8, 92, 'Khá', 93, 2),
    ('KQ617', 'HV402', '678792', 'Bà Hương Hoàng', 'HK002', 'Học kỳ 2 Năm học 2021-2022', 3.25, 1.32, 8.1, 12, 13, 116, 'Giỏi', 76, 2),
    ('KQ618', 'HV098', '665895', 'Chị Thảo Mai', 'HK004', 'Học kỳ 1 Năm học 2022-2023', 1.44, 0.29, 3.6, 18, 22, 54, 'Yếu', 84, 0),
    ('KQ619', 'HV078', '634047', 'Thành Đức Hoàng', 'HK007', 'Học kỳ 1 Năm học 2023-2024', 1.88, 1.06, 4.7, 22, 12, 110, 'Yếu', 63, 2),
    ('KQ620', 'HV477', '674649', 'Dương Phạm', 'HK008', 'Học kỳ 2 Năm học 2023-2024', 3.61, 0.68, 9.0, 20, 9, 120, 'Xuất sắc', 83, 1),
    ('KQ621', 'HV155', '657938', 'Quý cô Vi Bùi', 'HK006', 'Học kỳ hè Năm học 2022-2023', 0.99, 2.09, 2.5, 18, 12, 62, 'Yếu', 95, 0),
    ('KQ622', 'HV225', '661912', 'Chị Bảo Mai', 'HK002', 'Học kỳ 2 Năm học 2021-2022', 2.37, 1.3, 5.9, 20, 9, 119, 'Trung bình', 50, 0),
    ('KQ623', 'HV346', '647348', 'Lâm Đặng', 'HK006', 'Học kỳ hè Năm học 2022-2023', 1.53, 1.5, 3.8, 19, 24, 138, 'Yếu', 55, 1),
    ('KQ624', 'HV492', '679881', 'Bà Phương Dương', 'HK010', 'Học kỳ 1 Năm học 2024-2025', 0.39, 3.22, 1.0, 15, 10, 87, 'Yếu', 80, 1),
    ('KQ625', 'HV052', '657510', 'Hải Trí Hoàng', 'HK012', 'Học kỳ hè Năm học 2024-2025', 1.65, 0.87, 4.1, 12, 20, 57, 'Yếu', 64, 3),
    ('KQ626', 'HV106', '642692', 'Cô Hải Dương', 'HK008', 'Học kỳ 2 Năm học 2023-2024', 0.67, 0.6, 1.7, 14, 17, 107, 'Yếu', 80, 1),
    ('KQ627', 'HV370', '677968', 'Cô Hà Mai', 'HK011', 'Học kỳ 2 Năm học 2024-2025', 3.35, 0.86, 8.4, 23, 18, 122, 'Giỏi', 95, 0),
    ('KQ628', 'HV173', '639908', 'Ông Minh Phạm', 'HK008', 'Học kỳ 2 Năm học 2023-2024', 2.5, 2.61, 6.2, 10, 22, 98, 'Khá', 90, 3),
    ('KQ629', 'HV462', '659904', 'Chị Hương Bùi', 'HK013', 'Học kỳ 1 Năm học 2025-2026', 2.84, 0.96, 7.1, 22, 17, 78, 'Khá', 57, 0),
    ('KQ630', 'HV475', '638607', 'Quý ông Quang Dương', 'HK006', 'Học kỳ hè Năm học 2022-2023', 3.97, 2.73, 9.9, 17, 14, 144, 'Xuất sắc', 92, 1),
    ('KQ631', 'HV393', '633722', 'Mai Lê', 'HK015', 'Học kỳ hè Năm học 2025-2026', 0.51, 3.01, 1.3, 13, 18, 71, 'Yếu', 95, 0),
    ('KQ632', 'HV184', '678959', 'Bảo Thị Phạm', 'HK010', 'Học kỳ 1 Năm học 2024-2025', 1.88, 3.81, 4.7, 19, 8, 64, 'Yếu', 91, 2),
    ('KQ633', 'HV067', '654095', 'An Bùi', 'HK001', 'Học kỳ 1 Năm học 2021-2022', 2.37, 1.55, 5.9, 15, 14, 137, 'Trung bình', 58, 1),
    ('KQ634', 'HV461', '645151', 'Hạnh Thị Vũ', 'HK003', 'Học kỳ hè Năm học 2021-2022', 1.63, 0.06, 4.1, 15, 16, 124, 'Yếu', 65, 3),
    ('KQ635', 'HV474', '635847', 'Ông Trọng Phạm', 'HK014', 'Học kỳ 2 Năm học 2025-2026', 1.62, 3.48, 4.1, 12, 18, 51, 'Yếu', 64, 0),
    ('KQ636', 'HV190', '645684', 'Linh Bùi', 'HK002', 'Học kỳ 2 Năm học 2021-2022', 2.68, 1.01, 6.7, 14, 25, 73, 'Khá', 68, 2),
    ('KQ637', 'HV028', '657537', 'Bảo Đặng', 'HK004', 'Học kỳ 1 Năm học 2022-2023', 0.28, 1.97, 0.7, 16, 12, 122, 'Yếu', 68, 0),
    ('KQ638', 'HV242', '643087', 'Nhật Lê', 'HK002', 'Học kỳ 2 Năm học 2021-2022', 1.79, 2.9, 4.5, 24, 9, 146, 'Yếu', 55, 2),
    ('KQ639', 'HV228', '647635', 'Hải Mai Bảo Dương', 'HK001', 'Học kỳ 1 Năm học 2021-2022', 3.94, 2.92, 9.8, 19, 12, 99, 'Xuất sắc', 94, 0),
    ('KQ640', 'HV079', '678855', 'Quý cô Hà Bùi', 'HK002', 'Học kỳ 2 Năm học 2021-2022', 3.12, 3.66, 7.8, 20, 16, 95, 'Khá', 90, 3),
    ('KQ641', 'HV463', '673497', 'Tú Đức Bùi', 'HK002', 'Học kỳ 2 Năm học 2021-2022', 0.7, 3.22, 1.8, 25, 24, 63, 'Yếu', 53, 2),
    ('KQ642', 'HV221', '672711', 'Cô Hà Lê', 'HK003', 'Học kỳ hè Năm học 2021-2022', 1.89, 1.02, 4.7, 13, 23, 51, 'Yếu', 94, 2),
    ('KQ643', 'HV079', '678855', 'Quý cô Hà Bùi', 'HK010', 'Học kỳ 1 Năm học 2024-2025', 1.05, 3.66, 2.6, 22, 25, 95, 'Yếu', 73, 3),
    ('KQ644', 'HV294', '641249', 'Bà Nhật Mai', 'HK003', 'Học kỳ hè Năm học 2021-2022', 2.26, 2.23, 5.6, 10, 20, 107, 'Trung bình', 75, 1),
    ('KQ645', 'HV327', '653180', 'Quý ông Quang Hoàng', 'HK007', 'Học kỳ 1 Năm học 2023-2024', 0.63, 3.36, 1.6, 14, 14, 54, 'Yếu', 57, 2),
    ('KQ646', 'HV277', '637780', 'Cô Thảo Hoàng', 'HK009', 'Học kỳ hè Năm học 2023-2024', 1.91, 2.09, 4.8, 16, 14, 108, 'Yếu', 78, 3),
    ('KQ647', 'HV207', '672299', 'Chị Thành Vũ', 'HK001', 'Học kỳ 1 Năm học 2021-2022', 2.73, 0.74, 6.8, 14, 10, 61, 'Khá', 63, 0),
    ('KQ648', 'HV069', '637423', 'Bà Thành Trần', 'HK014', 'Học kỳ 2 Năm học 2025-2026', 3.39, 1.0, 8.5, 13, 18, 49, 'Giỏi', 100, 1),
    ('KQ649', 'HV125', '669363', 'Quang Mai', 'HK013', 'Học kỳ 1 Năm học 2025-2026', 3.63, 1.54, 9.1, 11, 24, 136, 'Xuất sắc', 50, 0),
    ('KQ650', 'HV245', '676970', 'Nhật Phạm', 'HK015', 'Học kỳ hè Năm học 2025-2026', 2.97, 2.33, 7.4, 24, 9, 75, 'Khá', 52, 3),
    ('KQ651', 'HV302', '647483', 'Bà Linh Mai', 'HK002', 'Học kỳ 2 Năm học 2021-2022', 3.28, 0.38, 8.2, 12, 10, 33, 'Giỏi', 89, 3),
    ('KQ652', 'HV321', '673848', 'Quang Lê', 'HK007', 'Học kỳ 1 Năm học 2023-2024', 2.84, 1.13, 7.1, 17, 19, 97, 'Khá', 54, 3),
    ('KQ653', 'HV162', '656842', 'Thành Mai', 'HK001', 'Học kỳ 1 Năm học 2021-2022', 2.7, 0.24, 6.8, 18, 22, 71, 'Khá', 66, 1),
    ('KQ654', 'HV086', '651415', 'Chị Hà Vũ', 'HK007', 'Học kỳ 1 Năm học 2023-2024', 1.61, 1.25, 4.0, 19, 11, 59, 'Yếu', 97, 1),
    ('KQ655', 'HV119', '632829', 'Ông Quang Bùi', 'HK009', 'Học kỳ hè Năm học 2023-2024', 3.54, 0.4, 8.8, 21, 24, 39, 'Giỏi', 76, 0),
    ('KQ656', 'HV345', '668535', 'Tùng Mai', 'HK001', 'Học kỳ 1 Năm học 2021-2022', 0.51, 1.12, 1.3, 25, 8, 71, 'Yếu', 98, 2),
    ('KQ657', 'HV440', '646904', 'Bảo Thị Mai', 'HK002', 'Học kỳ 2 Năm học 2021-2022', 3.37, 3.34, 8.4, 25, 24, 134, 'Giỏi', 53, 1),
    ('KQ658', 'HV079', '678855', 'Quý cô Hà Bùi', 'HK011', 'Học kỳ 2 Năm học 2024-2025', 0.57, 3.66, 1.4, 18, 15, 95, 'Yếu', 57, 2),
    ('KQ659', 'HV133', '632178', 'Hà Phạm', 'HK004', 'Học kỳ 1 Năm học 2022-2023', 3.4, 0.65, 8.5, 22, 19, 80, 'Giỏi', 76, 3),
    ('KQ660', 'HV057', '651179', 'Quang Vũ', 'HK002', 'Học kỳ 2 Năm học 2021-2022', 1.47, 1.62, 3.7, 25, 10, 40, 'Yếu', 59, 3),
    ('KQ661', 'HV381', '666073', 'Hạnh Phạm', 'HK007', 'Học kỳ 1 Năm học 2023-2024', 1.68, 2.31, 4.2, 20, 22, 141, 'Yếu', 78, 2),
    ('KQ662', 'HV147', '641304', 'Khoa Mai Bảo Đặng', 'HK003', 'Học kỳ hè Năm học 2021-2022', 3.36, 2.37, 8.4, 15, 13, 136, 'Giỏi', 87, 2),
    ('KQ663', 'HV287', '636159', 'Quý cô Lâm Đặng', 'HK004', 'Học kỳ 1 Năm học 2022-2023', 1.46, 3.65, 3.6, 16, 15, 64, 'Yếu', 85, 2),
    ('KQ664', 'HV430', '631245', 'Ông Anh Phạm', 'HK012', 'Học kỳ hè Năm học 2024-2025', 0.5, 2.28, 1.2, 24, 20, 125, 'Yếu', 55, 1),
    ('KQ665', 'HV239', '664162', 'Quang Vũ', 'HK006', 'Học kỳ hè Năm học 2022-2023', 0.72, 2.71, 1.8, 24, 12, 53, 'Yếu', 91, 3),
    ('KQ666', 'HV226', '655859', 'Ông Minh Lê', 'HK015', 'Học kỳ hè Năm học 2025-2026', 0.58, 1.63, 1.4, 12, 22, 37, 'Yếu', 58, 0),
    ('KQ667', 'HV195', '644696', 'Chi Nguyễn', 'HK006', 'Học kỳ hè Năm học 2022-2023', 3.01, 0.47, 7.5, 20, 17, 80, 'Khá', 85, 2),
    ('KQ668', 'HV364', '651567', 'Chị Vi Dương', 'HK012', 'Học kỳ hè Năm học 2024-2025', 1.59, 3.58, 4.0, 16, 12, 65, 'Yếu', 92, 2),
    ('KQ669', 'HV145', '668875', 'Quý cô Nhật Bùi', 'HK013', 'Học kỳ 1 Năm học 2025-2026', 3.8, 3.25, 9.5, 11, 11, 127, 'Xuất sắc', 61, 0),
    ('KQ670', 'HV045', '655569', 'Bảo Nguyễn', 'HK007', 'Học kỳ 1 Năm học 2023-2024', 0.73, 2.88, 1.8, 20, 13, 92, 'Yếu', 56, 0),
    ('KQ671', 'HV081', '635927', 'Bà Nhật Mai', 'HK001', 'Học kỳ 1 Năm học 2021-2022', 0.77, 1.56, 1.9, 13, 16, 106, 'Yếu', 77, 2),
    ('KQ672', 'HV183', '635914', 'Anh Anh Đặng', 'HK010', 'Học kỳ 1 Năm học 2024-2025', 2.68, 0.01, 6.7, 19, 20, 49, 'Khá', 54, 1),
    ('KQ673', 'HV086', '651415', 'Chị Hà Vũ', 'HK007', 'Học kỳ 1 Năm học 2023-2024', 1.77, 1.25, 4.4, 19, 18, 59, 'Yếu', 75, 3),
    ('KQ674', 'HV256', '646046', 'Ngọc Vũ', 'HK015', 'Học kỳ hè Năm học 2025-2026', 3.63, 0.31, 9.1, 20, 24, 126, 'Xuất sắc', 94, 1),
    ('KQ675', 'HV165', '636491', 'Lâm Mai', 'HK015', 'Học kỳ hè Năm học 2025-2026', 3.5, 3.75, 8.8, 21, 17, 120, 'Giỏi', 84, 1),
    ('KQ676', 'HV364', '651567', 'Chị Vi Dương', 'HK010', 'Học kỳ 1 Năm học 2024-2025', 2.9, 3.58, 7.2, 18, 19, 65, 'Khá', 65, 3),
    ('KQ677', 'HV065', '656270', 'Phương Phạm', 'HK008', 'Học kỳ 2 Năm học 2023-2024', 3.09, 3.84, 7.7, 16, 8, 44, 'Khá', 87, 1),
    ('KQ678', 'HV002', '655860', 'Vân Dương', 'HK015', 'Học kỳ hè Năm học 2025-2026', 2.36, 2.15, 5.9, 18, 18, 112, 'Trung bình', 58, 2),
    ('KQ679', 'HV174', '662180', 'Hoàng Thị Bùi', 'HK002', 'Học kỳ 2 Năm học 2021-2022', 0.28, 2.84, 0.7, 16, 24, 139, 'Yếu', 59, 3),
    ('KQ680', 'HV089', '659817', 'Bác Tùng Nguyễn', 'HK008', 'Học kỳ 2 Năm học 2023-2024', 3.65, 3.16, 9.1, 20, 18, 65, 'Xuất sắc', 81, 2),
    ('KQ681', 'HV277', '637780', 'Cô Thảo Hoàng', 'HK015', 'Học kỳ hè Năm học 2025-2026', 1.03, 2.09, 2.6, 24, 17, 108, 'Yếu', 74, 3),
    ('KQ682', 'HV308', '672837', 'Hưng Phạm', 'HK013', 'Học kỳ 1 Năm học 2025-2026', 3.84, 1.44, 9.6, 25, 25, 41, 'Xuất sắc', 59, 2),
    ('KQ683', 'HV432', '655635', 'Khoa Bùi', 'HK008', 'Học kỳ 2 Năm học 2023-2024', 2.77, 3.75, 6.9, 19, 21, 148, 'Khá', 97, 0),
    ('KQ684', 'HV347', '648337', 'Phúc Phạm', 'HK006', 'Học kỳ hè Năm học 2022-2023', 1.76, 2.96, 4.4, 23, 13, 31, 'Yếu', 74, 2),
    ('KQ685', 'HV413', '661330', 'Vũ Hoàng', 'HK006', 'Học kỳ hè Năm học 2022-2023', 3.29, 1.05, 8.2, 17, 14, 99, 'Giỏi', 54, 3),
    ('KQ686', 'HV337', '648173', 'Linh Dương', 'HK003', 'Học kỳ hè Năm học 2021-2022', 3.6, 2.49, 9.0, 19, 25, 97, 'Xuất sắc', 93, 0),
    ('KQ687', 'HV261', '633884', 'Huy Dương', 'HK013', 'Học kỳ 1 Năm học 2025-2026', 3.37, 1.8, 8.4, 15, 18, 110, 'Giỏi', 52, 1),
    ('KQ688', 'HV241', '645147', 'Quý ông Dũng Hoàng', 'HK001', 'Học kỳ 1 Năm học 2021-2022', 1.55, 1.9, 3.9, 20, 14, 45, 'Yếu', 62, 0),
    ('KQ689', 'HV175', '637833', 'Hồng Bùi', 'HK008', 'Học kỳ 2 Năm học 2023-2024', 2.8, 3.44, 7.0, 24, 14, 47, 'Khá', 72, 2),
    ('KQ690', 'HV151', '631616', 'Cô Lâm Dương', 'HK002', 'Học kỳ 2 Năm học 2021-2022', 0.43, 3.5, 1.1, 10, 16, 59, 'Yếu', 73, 3),
    ('KQ691', 'HV361', '662682', 'An Đặng', 'HK012', 'Học kỳ hè Năm học 2024-2025', 1.29, 2.76, 3.2, 18, 17, 55, 'Yếu', 82, 1),
    ('KQ692', 'HV092', '633693', 'Nhật Trần', 'HK004', 'Học kỳ 1 Năm học 2022-2023', 2.02, 0.11, 5.0, 12, 19, 45, 'Trung bình', 72, 1),
    ('KQ693', 'HV190', '645684', 'Linh Bùi', 'HK009', 'Học kỳ hè Năm học 2023-2024', 3.84, 1.01, 9.6, 14, 9, 73, 'Xuất sắc', 97, 1),
    ('KQ694', 'HV238', '661962', 'Ông Khoa Hoàng', 'HK015', 'Học kỳ hè Năm học 2025-2026', 2.83, 1.69, 7.1, 14, 15, 142, 'Khá', 79, 0),
    ('KQ695', 'HV125', '669363', 'Quang Mai', 'HK006', 'Học kỳ hè Năm học 2022-2023', 3.11, 1.54, 7.8, 24, 10, 136, 'Khá', 57, 1),
    ('KQ696', 'HV124', '667614', 'Hải Vũ', 'HK008', 'Học kỳ 2 Năm học 2023-2024', 0.07, 1.92, 0.2, 20, 11, 103, 'Yếu', 70, 2),
    ('KQ697', 'HV092', '633693', 'Nhật Trần', 'HK003', 'Học kỳ hè Năm học 2021-2022', 2.87, 0.11, 7.2, 23, 13, 45, 'Khá', 55, 0),
    ('KQ698', 'HV414', '668870', 'Phương Hoàng', 'HK010', 'Học kỳ 1 Năm học 2024-2025', 3.77, 1.43, 9.4, 15, 22, 98, 'Xuất sắc', 76, 0),
    ('KQ699', 'HV357', '663524', 'Hưng Mai Bảo Trần', 'HK009', 'Học kỳ hè Năm học 2023-2024', 2.36, 1.86, 5.9, 25, 23, 79, 'Trung bình', 82, 0),
    ('KQ700', 'HV195', '644696', 'Chi Nguyễn', 'HK003', 'Học kỳ hè Năm học 2021-2022', 1.91, 0.47, 4.8, 18, 9, 80, 'Yếu', 77, 0),
    ('KQ701', 'HV410', '673799', 'Hà Đặng', 'HK006', 'Học kỳ hè Năm học 2022-2023', 1.63, 3.75, 4.1, 14, 9, 39, 'Yếu', 94, 1),
    ('KQ702', 'HV407', '647971', 'Huy Dương', 'HK011', 'Học kỳ 2 Năm học 2024-2025', 0.76, 2.36, 1.9, 24, 11, 98, 'Yếu', 91, 2),
    ('KQ703', 'HV313', '631383', 'Nam Phú Trần', 'HK005', 'Học kỳ 2 Năm học 2022-2023', 3.65, 0.98, 9.1, 23, 11, 125, 'Xuất sắc', 61, 0),
    ('KQ704', 'HV426', '644624', 'Quý cô An Mai', 'HK011', 'Học kỳ 2 Năm học 2024-2025', 3.48, 3.12, 8.7, 25, 11, 61, 'Giỏi', 74, 1),
    ('KQ705', 'HV316', '656020', 'Kim Mai', 'HK002', 'Học kỳ 2 Năm học 2021-2022', 3.94, 2.76, 9.8, 20, 22, 114, 'Xuất sắc', 66, 0),
    ('KQ706', 'HV187', '657591', 'Quang Hoàng', 'HK006', 'Học kỳ hè Năm học 2022-2023', 1.24, 0.91, 3.1, 14, 20, 73, 'Yếu', 67, 2),
    ('KQ707', 'HV454', '679710', 'Khoa Phạm', 'HK015', 'Học kỳ hè Năm học 2025-2026', 2.97, 2.73, 7.4, 16, 14, 34, 'Khá', 60, 2),
    ('KQ708', 'HV200', '677663', 'Phương Thế Mai', 'HK003', 'Học kỳ hè Năm học 2021-2022', 3.17, 0.54, 7.9, 23, 25, 61, 'Khá', 58, 3),
    ('KQ709', 'HV181', '673987', 'Chị Vân Mai', 'HK011', 'Học kỳ 2 Năm học 2024-2025', 3.53, 3.95, 8.8, 14, 17, 70, 'Giỏi', 55, 1),
    ('KQ710', 'HV470', '662972', 'Vũ Mai', 'HK011', 'Học kỳ 2 Năm học 2024-2025', 3.17, 1.94, 7.9, 24, 16, 139, 'Khá', 93, 1),
    ('KQ711', 'HV346', '647348', 'Lâm Đặng', 'HK009', 'Học kỳ hè Năm học 2023-2024', 0.86, 1.5, 2.1, 17, 13, 138, 'Yếu', 85, 1),
    ('KQ712', 'HV361', '662682', 'An Đặng', 'HK002', 'Học kỳ 2 Năm học 2021-2022', 3.62, 2.76, 9.1, 23, 15, 55, 'Xuất sắc', 73, 2),
    ('KQ713', 'HV169', '632555', 'Bà Dương Lê', 'HK005', 'Học kỳ 2 Năm học 2022-2023', 3.05, 1.87, 7.6, 18, 15, 33, 'Khá', 79, 3),
    ('KQ714', 'HV158', '648081', 'Bác Minh Phạm', 'HK003', 'Học kỳ hè Năm học 2021-2022', 1.66, 0.58, 4.1, 18, 20, 92, 'Yếu', 67, 3),
    ('KQ715', 'HV198', '644607', 'Quý cô Bảo Vũ', 'HK014', 'Học kỳ 2 Năm học 2025-2026', 3.14, 3.37, 7.9, 12, 22, 92, 'Khá', 83, 2),
    ('KQ716', 'HV074', '632341', 'Phương Thế Trần', 'HK012', 'Học kỳ hè Năm học 2024-2025', 0.36, 3.74, 0.9, 25, 10, 44, 'Yếu', 91, 1),
    ('KQ717', 'HV318', '658767', 'Chị Bảo Bùi', 'HK014', 'Học kỳ 2 Năm học 2025-2026', 1.8, 0.29, 4.5, 14, 13, 76, 'Yếu', 100, 1),
    ('KQ718', 'HV082', '669332', 'Hưng Mai', 'HK008', 'Học kỳ 2 Năm học 2023-2024', 2.09, 2.52, 5.2, 25, 20, 59, 'Trung bình', 93, 2),
    ('KQ719', 'HV278', '661746', 'Cô Dương Trần', 'HK006', 'Học kỳ hè Năm học 2022-2023', 0.64, 2.72, 1.6, 14, 22, 103, 'Yếu', 87, 0),
    ('KQ720', 'HV114', '657898', 'Linh Mai', 'HK013', 'Học kỳ 1 Năm học 2025-2026', 0.86, 2.13, 2.1, 14, 17, 103, 'Yếu', 67, 0),
    ('KQ721', 'HV063', '649470', 'Nhật Thế Trần', 'HK001', 'Học kỳ 1 Năm học 2021-2022', 2.07, 1.65, 5.2, 19, 22, 77, 'Trung bình', 54, 1),
    ('KQ722', 'HV069', '637423', 'Bà Thành Trần', 'HK001', 'Học kỳ 1 Năm học 2021-2022', 2.41, 1.0, 6.0, 14, 16, 49, 'Trung bình', 80, 1),
    ('KQ723', 'HV181', '673987', 'Chị Vân Mai', 'HK008', 'Học kỳ 2 Năm học 2023-2024', 2.15, 3.95, 5.4, 21, 25, 70, 'Trung bình', 59, 0),
    ('KQ724', 'HV245', '676970', 'Nhật Phạm', 'HK008', 'Học kỳ 2 Năm học 2023-2024', 1.3, 2.33, 3.2, 25, 18, 75, 'Yếu', 64, 3),
    ('KQ725', 'HV481', '672479', 'Bảo Vũ', 'HK013', 'Học kỳ 1 Năm học 2025-2026', 3.51, 3.54, 8.8, 21, 8, 148, 'Giỏi', 76, 0),
    ('KQ726', 'HV176', '654689', 'Khoa Mai Phạm', 'HK002', 'Học kỳ 2 Năm học 2021-2022', 0.61, 2.48, 1.5, 19, 25, 148, 'Yếu', 87, 2),
    ('KQ727', 'HV263', '636909', 'Hương Lê', 'HK012', 'Học kỳ hè Năm học 2024-2025', 4.0, 0.06, 10.0, 18, 23, 125, 'Xuất sắc', 52, 0),
    ('KQ728', 'HV020', '635421', 'Hà Nguyễn', 'HK011', 'Học kỳ 2 Năm học 2024-2025', 1.99, 3.43, 5.0, 21, 9, 43, 'Yếu', 56, 0),
    ('KQ729', 'HV026', '648141', 'Bác Nhiên Trần', 'HK008', 'Học kỳ 2 Năm học 2023-2024', 2.93, 2.78, 7.3, 16, 9, 136, 'Khá', 69, 0),
    ('KQ730', 'HV206', '655548', 'Chị Bảo Hoàng', 'HK006', 'Học kỳ hè Năm học 2022-2023', 0.02, 3.22, 0.1, 20, 18, 119, 'Yếu', 55, 1),
    ('KQ731', 'HV478', '639955', 'Thành Mai Bảo Nguyễn', 'HK012', 'Học kỳ hè Năm học 2024-2025', 1.0, 3.74, 2.5, 13, 16, 32, 'Yếu', 91, 1),
    ('KQ732', 'HV354', '679794', 'Cô Thành Mai', 'HK003', 'Học kỳ hè Năm học 2021-2022', 2.5, 0.38, 6.2, 19, 12, 134, 'Khá', 82, 2),
    ('KQ733', 'HV323', '632788', 'Kim Quang Dương', 'HK009', 'Học kỳ hè Năm học 2023-2024', 0.24, 0.48, 0.6, 19, 17, 110, 'Yếu', 70, 1),
    ('KQ734', 'HV439', '676269', 'Quang Bảo Trần', 'HK001', 'Học kỳ 1 Năm học 2021-2022', 3.99, 2.51, 10.0, 24, 21, 94, 'Xuất sắc', 81, 1),
    ('KQ735', 'HV415', '679362', 'Nhật Bảo Mai', 'HK014', 'Học kỳ 2 Năm học 2025-2026', 3.54, 2.82, 8.8, 19, 21, 80, 'Giỏi', 62, 2),
    ('KQ736', 'HV068', '653439', 'Nam Bảo Lê', 'HK003', 'Học kỳ hè Năm học 2021-2022', 2.11, 0.86, 5.3, 22, 23, 89, 'Trung bình', 72, 3),
    ('KQ737', 'HV230', '639174', 'Nhật Phạm', 'HK001', 'Học kỳ 1 Năm học 2021-2022', 0.75, 0.46, 1.9, 23, 14, 34, 'Yếu', 93, 2),
    ('KQ738', 'HV294', '641249', 'Bà Nhật Mai', 'HK003', 'Học kỳ hè Năm học 2021-2022', 2.27, 2.23, 5.7, 16, 11, 107, 'Trung bình', 57, 3),
    ('KQ739', 'HV113', '671153', 'Lâm Mai', 'HK003', 'Học kỳ hè Năm học 2021-2022', 2.55, 2.87, 6.4, 17, 8, 37, 'Khá', 100, 2),
    ('KQ740', 'HV086', '651415', 'Chị Hà Vũ', 'HK007', 'Học kỳ 1 Năm học 2023-2024', 0.74, 1.25, 1.9, 11, 12, 59, 'Yếu', 89, 1),
    ('KQ741', 'HV259', '668561', 'Hạnh Đức Trần', 'HK010', 'Học kỳ 1 Năm học 2024-2025', 3.52, 3.53, 8.8, 14, 15, 86, 'Giỏi', 76, 1),
    ('KQ742', 'HV195', '644696', 'Chi Nguyễn', 'HK006', 'Học kỳ hè Năm học 2022-2023', 0.08, 0.47, 0.2, 24, 11, 80, 'Yếu', 79, 2),
    ('KQ743', 'HV242', '643087', 'Nhật Lê', 'HK001', 'Học kỳ 1 Năm học 2021-2022', 3.65, 2.9, 9.1, 15, 22, 146, 'Xuất sắc', 97, 3),
    ('KQ744', 'HV389', '657948', 'Anh Lê', 'HK011', 'Học kỳ 2 Năm học 2024-2025', 0.2, 2.53, 0.5, 22, 10, 66, 'Yếu', 69, 2),
    ('KQ745', 'HV291', '656101', 'Bác Quang Phạm', 'HK013', 'Học kỳ 1 Năm học 2025-2026', 0.65, 1.83, 1.6, 24, 10, 131, 'Yếu', 50, 3),
    ('KQ746', 'HV351', '651837', 'Dũng Trần', 'HK008', 'Học kỳ 2 Năm học 2023-2024', 3.89, 2.11, 9.7, 21, 23, 32, 'Xuất sắc', 98, 1),
    ('KQ747', 'HV162', '656842', 'Thành Mai', 'HK010', 'Học kỳ 1 Năm học 2024-2025', 0.88, 0.24, 2.2, 24, 23, 71, 'Yếu', 82, 1),
    ('KQ748', 'HV258', '636392', 'Phương Lê', 'HK015', 'Học kỳ hè Năm học 2025-2026', 2.54, 0.65, 6.3, 15, 17, 125, 'Khá', 92, 2),
    ('KQ749', 'HV162', '656842', 'Thành Mai', 'HK013', 'Học kỳ 1 Năm học 2025-2026', 0.79, 0.24, 2.0, 23, 11, 71, 'Yếu', 77, 0),
    ('KQ750', 'HV161', '645262', 'Cô Bảo Phạm', 'HK009', 'Học kỳ hè Năm học 2023-2024', 0.06, 1.93, 0.1, 15, 18, 69, 'Yếu', 68, 1),
    ('KQ751', 'HV355', '634366', 'Tú Trí Vũ', 'HK006', 'Học kỳ hè Năm học 2022-2023', 2.49, 2.64, 6.2, 11, 25, 74, 'Trung bình', 91, 0),
    ('KQ752', 'HV393', '633722', 'Mai Lê', 'HK011', 'Học kỳ 2 Năm học 2024-2025', 3.91, 3.01, 9.8, 16, 24, 71, 'Xuất sắc', 55, 0),
    ('KQ753', 'HV069', '637423', 'Bà Thành Trần', 'HK014', 'Học kỳ 2 Năm học 2025-2026', 2.14, 1.0, 5.4, 24, 24, 49, 'Trung bình', 83, 0),
    ('KQ754', 'HV485', '664367', 'Bà Duyên Bùi', 'HK002', 'Học kỳ 2 Năm học 2021-2022', 1.61, 3.94, 4.0, 11, 19, 97, 'Yếu', 75, 0),
    ('KQ755', 'HV471', '645564', 'Quý cô Hà Vũ', 'HK001', 'Học kỳ 1 Năm học 2021-2022', 2.14, 2.48, 5.4, 16, 22, 113, 'Trung bình', 90, 0),
    ('KQ756', 'HV481', '672479', 'Bảo Vũ', 'HK015', 'Học kỳ hè Năm học 2025-2026', 3.22, 3.54, 8.1, 13, 13, 148, 'Giỏi', 67, 0),
    ('KQ757', 'HV473', '651293', 'Bà Yến Mai', 'HK009', 'Học kỳ hè Năm học 2023-2024', 2.59, 1.87, 6.5, 21, 15, 58, 'Khá', 98, 2),
    ('KQ758', 'HV295', '676241', 'Tú Lê', 'HK012', 'Học kỳ hè Năm học 2024-2025', 3.94, 0.86, 9.8, 17, 18, 108, 'Xuất sắc', 75, 3),
    ('KQ759', 'HV088', '633878', 'Nhật Dương', 'HK002', 'Học kỳ 2 Năm học 2021-2022', 0.06, 3.66, 0.1, 13, 10, 105, 'Yếu', 87, 1),
    ('KQ760', 'HV174', '662180', 'Hoàng Thị Bùi', 'HK010', 'Học kỳ 1 Năm học 2024-2025', 0.26, 2.84, 0.7, 17, 24, 139, 'Yếu', 87, 1),
    ('KQ761', 'HV008', '654805', 'Thành Nguyễn', 'HK005', 'Học kỳ 2 Năm học 2022-2023', 0.38, 3.59, 0.9, 18, 17, 33, 'Yếu', 71, 2),
    ('KQ762', 'HV363', '666492', 'Cô Hà Vũ', 'HK002', 'Học kỳ 2 Năm học 2021-2022', 3.31, 2.48, 8.3, 14, 9, 119, 'Giỏi', 76, 0),
    ('KQ763', 'HV119', '632829', 'Ông Quang Bùi', 'HK001', 'Học kỳ 1 Năm học 2021-2022', 0.99, 0.4, 2.5, 14, 25, 39, 'Yếu', 73, 3),
    ('KQ764', 'HV397', '638734', 'Hải Đức Nguyễn', 'HK008', 'Học kỳ 2 Năm học 2023-2024', 1.7, 2.29, 4.2, 10, 23, 33, 'Yếu', 84, 1),
    ('KQ765', 'HV121', '632322', 'Tùng Văn Phạm', 'HK002', 'Học kỳ 2 Năm học 2021-2022', 2.03, 0.73, 5.1, 21, 22, 124, 'Trung bình', 73, 1),
    ('KQ766', 'HV450', '637871', 'Huy Quang Đặng', 'HK001', 'Học kỳ 1 Năm học 2021-2022', 3.06, 1.38, 7.7, 23, 11, 87, 'Khá', 97, 2),
    ('KQ767', 'HV357', '663524', 'Hưng Mai Bảo Trần', 'HK009', 'Học kỳ hè Năm học 2023-2024', 1.66, 1.86, 4.1, 23, 21, 79, 'Yếu', 75, 3),
    ('KQ768', 'HV023', '673003', 'Dũng Lê', 'HK014', 'Học kỳ 2 Năm học 2025-2026', 0.47, 3.64, 1.2, 24, 9, 40, 'Yếu', 61, 0),
    ('KQ769', 'HV035', '661744', 'Hà Đức Vũ', 'HK011', 'Học kỳ 2 Năm học 2024-2025', 0.25, 2.06, 0.6, 14, 20, 105, 'Yếu', 86, 3),
    ('KQ770', 'HV095', '672813', 'Lan Nguyễn', 'HK001', 'Học kỳ 1 Năm học 2021-2022', 2.11, 3.34, 5.3, 15, 19, 141, 'Trung bình', 91, 2),
    ('KQ771', 'HV306', '648339', 'Hưng Mai', 'HK012', 'Học kỳ hè Năm học 2024-2025', 0.42, 1.99, 1.1, 15, 13, 94, 'Yếu', 58, 0),
    ('KQ772', 'HV420', '631759', 'Trọng Đức Mai', 'HK002', 'Học kỳ 2 Năm học 2021-2022', 0.64, 3.16, 1.6, 10, 11, 111, 'Yếu', 92, 3),
    ('KQ773', 'HV186', '652306', 'Hải Bảo Dương', 'HK011', 'Học kỳ 2 Năm học 2024-2025', 1.9, 2.67, 4.8, 23, 23, 142, 'Yếu', 96, 0),
    ('KQ774', 'HV096', '678048', 'Bà Dương Lê', 'HK008', 'Học kỳ 2 Năm học 2023-2024', 3.58, 0.76, 8.9, 17, 16, 66, 'Giỏi', 74, 3),
    ('KQ775', 'HV113', '671153', 'Lâm Mai', 'HK006', 'Học kỳ hè Năm học 2022-2023', 1.34, 2.87, 3.4, 15, 8, 37, 'Yếu', 94, 1),
    ('KQ776', 'HV041', '679459', 'Quý cô Hải Hoàng', 'HK010', 'Học kỳ 1 Năm học 2024-2025', 2.06, 3.32, 5.2, 24, 11, 111, 'Trung bình', 80, 0),
    ('KQ777', 'HV035', '661744', 'Hà Đức Vũ', 'HK010', 'Học kỳ 1 Năm học 2024-2025', 1.83, 2.06, 4.6, 24, 18, 105, 'Yếu', 50, 1),
    ('KQ778', 'HV160', '632432', 'Cô Phương Hoàng', 'HK001', 'Học kỳ 1 Năm học 2021-2022', 0.05, 2.43, 0.1, 10, 25, 71, 'Yếu', 69, 3),
    ('KQ779', 'HV381', '666073', 'Hạnh Phạm', 'HK013', 'Học kỳ 1 Năm học 2025-2026', 2.49, 2.31, 6.2, 11, 17, 141, 'Trung bình', 51, 0),
    ('KQ780', 'HV225', '661912', 'Chị Bảo Mai', 'HK003', 'Học kỳ hè Năm học 2021-2022', 1.97, 1.3, 4.9, 16, 8, 119, 'Yếu', 80, 2),
    ('KQ781', 'HV108', '658847', 'Quý ông Phúc Phạm', 'HK006', 'Học kỳ hè Năm học 2022-2023', 3.45, 2.09, 8.6, 21, 22, 30, 'Giỏi', 89, 2),
    ('KQ782', 'HV306', '648339', 'Hưng Mai', 'HK002', 'Học kỳ 2 Năm học 2021-2022', 0.96, 1.99, 2.4, 25, 16, 94, 'Yếu', 63, 2),
    ('KQ783', 'HV265', '662115', 'Nhật Mai', 'HK001', 'Học kỳ 1 Năm học 2021-2022', 2.96, 3.22, 7.4, 22, 11, 128, 'Khá', 98, 0),
    ('KQ784', 'HV452', '656921', 'Chị Bảo Mai', 'HK009', 'Học kỳ hè Năm học 2023-2024', 1.82, 3.7, 4.5, 12, 13, 111, 'Yếu', 79, 0),
    ('KQ785', 'HV298', '657144', 'Chị Kim Dương', 'HK011', 'Học kỳ 2 Năm học 2024-2025', 3.79, 0.48, 9.5, 12, 10, 138, 'Xuất sắc', 54, 3),
    ('KQ786', 'HV348', '664458', 'Quang Trần', 'HK011', 'Học kỳ 2 Năm học 2024-2025', 2.67, 0.06, 6.7, 11, 10, 76, 'Khá', 95, 0),
    ('KQ787', 'HV337', '648173', 'Linh Dương', 'HK008', 'Học kỳ 2 Năm học 2023-2024', 0.18, 2.49, 0.4, 12, 11, 97, 'Yếu', 68, 3),
    ('KQ788', 'HV015', '651880', 'Anh Nam Bùi', 'HK007', 'Học kỳ 1 Năm học 2023-2024', 2.35, 0.2, 5.9, 22, 21, 55, 'Trung bình', 71, 2),
    ('KQ789', 'HV409', '666672', 'Yến Đặng', 'HK012', 'Học kỳ hè Năm học 2024-2025', 1.0, 0.86, 2.5, 14, 13, 136, 'Yếu', 88, 2),
    ('KQ790', 'HV209', '647336', 'Nhật Lê', 'HK002', 'Học kỳ 2 Năm học 2021-2022', 3.81, 3.54, 9.5, 17, 25, 83, 'Xuất sắc', 75, 0),
    ('KQ791', 'HV078', '634047', 'Thành Đức Hoàng', 'HK012', 'Học kỳ hè Năm học 2024-2025', 1.84, 1.06, 4.6, 23, 8, 110, 'Yếu', 73, 1),
    ('KQ792', 'HV117', '658568', 'Kim Quang Vũ', 'HK007', 'Học kỳ 1 Năm học 2023-2024', 3.05, 3.13, 7.6, 13, 12, 88, 'Khá', 62, 2),
    ('KQ793', 'HV352', '677943', 'Bảo Dương', 'HK005', 'Học kỳ 2 Năm học 2022-2023', 3.65, 3.68, 9.1, 10, 12, 126, 'Xuất sắc', 100, 1),
    ('KQ794', 'HV334', '666690', 'Tú Dương', 'HK007', 'Học kỳ 1 Năm học 2023-2024', 3.33, 3.84, 8.3, 25, 21, 108, 'Giỏi', 66, 0),
    ('KQ795', 'HV206', '655548', 'Chị Bảo Hoàng', 'HK013', 'Học kỳ 1 Năm học 2025-2026', 2.08, 3.22, 5.2, 15, 9, 119, 'Trung bình', 97, 0),
    ('KQ796', 'HV058', '631557', 'Quý cô Hà Hoàng', 'HK006', 'Học kỳ hè Năm học 2022-2023', 3.01, 2.85, 7.5, 21, 11, 147, 'Khá', 66, 2),
    ('KQ797', 'HV027', '646340', 'Huy Thế Bùi', 'HK013', 'Học kỳ 1 Năm học 2025-2026', 2.89, 1.78, 7.2, 19, 14, 110, 'Khá', 94, 3),
    ('KQ798', 'HV385', '652327', 'Anh Bảo Hoàng', 'HK007', 'Học kỳ 1 Năm học 2023-2024', 1.35, 0.95, 3.4, 24, 16, 124, 'Yếu', 65, 3),
    ('KQ799', 'HV094', '677193', 'Ánh Hoàng', 'HK005', 'Học kỳ 2 Năm học 2022-2023', 1.62, 3.54, 4.1, 19, 22, 42, 'Yếu', 61, 1),
    ('KQ800', 'HV404', '634111', 'Nhiên Đức Trần', 'HK014', 'Học kỳ 2 Năm học 2025-2026', 0.24, 2.53, 0.6, 20, 14, 126, 'Yếu', 99, 0),
    ('KQ801', 'HV168', '645964', 'Thành Đặng', 'HK010', 'Học kỳ 1 Năm học 2024-2025', 1.99, 2.17, 5.0, 13, 17, 113, 'Yếu', 55, 0),
    ('KQ802', 'HV141', '672683', 'Phương Dương', 'HK006', 'Học kỳ hè Năm học 2022-2023', 2.4, 1.25, 6.0, 22, 12, 41, 'Trung bình', 68, 1),
    ('KQ803', 'HV482', '645758', 'Quý cô An Trần', 'HK010', 'Học kỳ 1 Năm học 2024-2025', 1.31, 1.4, 3.3, 12, 12, 141, 'Yếu', 59, 1),
    ('KQ804', 'HV480', '657163', 'Quý cô Phương Mai', 'HK014', 'Học kỳ 2 Năm học 2025-2026', 2.5, 3.65, 6.2, 24, 8, 73, 'Khá', 95, 3),
    ('KQ805', 'HV308', '672837', 'Hưng Phạm', 'HK007', 'Học kỳ 1 Năm học 2023-2024', 0.63, 1.44, 1.6, 15, 8, 41, 'Yếu', 92, 3),
    ('KQ806', 'HV064', '667358', 'Khoa Đức Hoàng', 'HK014', 'Học kỳ 2 Năm học 2025-2026', 0.4, 1.65, 1.0, 18, 20, 149, 'Yếu', 58, 2),
    ('KQ807', 'HV140', '665260', 'Anh Hoàng Dương', 'HK009', 'Học kỳ hè Năm học 2023-2024', 1.43, 0.14, 3.6, 11, 17, 124, 'Yếu', 56, 2),
    ('KQ808', 'HV295', '676241', 'Tú Lê', 'HK008', 'Học kỳ 2 Năm học 2023-2024', 2.38, 0.86, 5.9, 13, 16, 108, 'Trung bình', 58, 2),
    ('KQ809', 'HV081', '635927', 'Bà Nhật Mai', 'HK014', 'Học kỳ 2 Năm học 2025-2026', 0.16, 1.56, 0.4, 22, 20, 106, 'Yếu', 92, 1),
    ('KQ810', 'HV169', '632555', 'Bà Dương Lê', 'HK015', 'Học kỳ hè Năm học 2025-2026', 1.82, 1.87, 4.5, 23, 11, 33, 'Yếu', 63, 2),
    ('KQ811', 'HV332', '672799', 'Vũ Dương', 'HK014', 'Học kỳ 2 Năm học 2025-2026', 1.0, 1.13, 2.5, 14, 17, 138, 'Yếu', 55, 1),
    ('KQ812', 'HV011', '651109', 'Trung Trí Bùi', 'HK015', 'Học kỳ hè Năm học 2025-2026', 0.73, 2.03, 1.8, 19, 24, 124, 'Yếu', 87, 3),
    ('KQ813', 'HV315', '666431', 'Bà Xuân Phạm', 'HK014', 'Học kỳ 2 Năm học 2025-2026', 3.46, 0.84, 8.7, 10, 16, 52, 'Giỏi', 80, 2),
    ('KQ814', 'HV096', '678048', 'Bà Dương Lê', 'HK009', 'Học kỳ hè Năm học 2023-2024', 0.72, 0.76, 1.8, 23, 19, 66, 'Yếu', 58, 1),
    ('KQ815', 'HV215', '675695', 'Hưng Vũ', 'HK013', 'Học kỳ 1 Năm học 2025-2026', 3.51, 2.14, 8.8, 16, 20, 81, 'Giỏi', 86, 1),
    ('KQ816', 'HV056', '667953', 'Tùng Hoàng Đặng', 'HK006', 'Học kỳ hè Năm học 2022-2023', 3.67, 3.19, 9.2, 10, 14, 41, 'Xuất sắc', 94, 2),
    ('KQ817', 'HV497', '652492', 'Xuân Đặng', 'HK002', 'Học kỳ 2 Năm học 2021-2022', 3.95, 0.92, 9.9, 24, 15, 140, 'Xuất sắc', 80, 3),
    ('KQ818', 'HV016', '646366', 'Chị Dương Vũ', 'HK015', 'Học kỳ hè Năm học 2025-2026', 2.41, 1.81, 6.0, 12, 22, 124, 'Trung bình', 78, 1),
    ('KQ819', 'HV095', '672813', 'Lan Nguyễn', 'HK006', 'Học kỳ hè Năm học 2022-2023', 2.86, 3.34, 7.1, 24, 12, 141, 'Khá', 81, 2),
    ('KQ820', 'HV438', '661375', 'Tùng Trí Trần', 'HK002', 'Học kỳ 2 Năm học 2021-2022', 3.25, 3.69, 8.1, 23, 20, 120, 'Giỏi', 63, 2),
    ('KQ821', 'HV339', '672442', 'Hoàng Hữu Bùi', 'HK015', 'Học kỳ hè Năm học 2025-2026', 0.77, 1.32, 1.9, 13, 18, 146, 'Yếu', 60, 1),
    ('KQ822', 'HV246', '634739', 'Cô Hương Nguyễn', 'HK001', 'Học kỳ 1 Năm học 2021-2022', 1.18, 1.0, 2.9, 13, 11, 69, 'Yếu', 87, 1),
    ('KQ823', 'HV132', '668610', 'Bảo Phạm', 'HK012', 'Học kỳ hè Năm học 2024-2025', 0.63, 3.0, 1.6, 25, 24, 146, 'Yếu', 100, 1),
    ('KQ824', 'HV093', '642292', 'Thành Đức Dương', 'HK004', 'Học kỳ 1 Năm học 2022-2023', 3.26, 2.56, 8.1, 22, 23, 102, 'Giỏi', 92, 1),
    ('KQ825', 'HV136', '644497', 'Thành Vũ', 'HK015', 'Học kỳ hè Năm học 2025-2026', 1.32, 3.76, 3.3, 23, 23, 92, 'Yếu', 90, 0),
    ('KQ826', 'HV352', '677943', 'Bảo Dương', 'HK008', 'Học kỳ 2 Năm học 2023-2024', 0.16, 3.68, 0.4, 22, 18, 126, 'Yếu', 66, 0),
    ('KQ827', 'HV101', '663186', 'Nhiên Thế Hoàng', 'HK015', 'Học kỳ hè Năm học 2025-2026', 2.88, 0.41, 7.2, 21, 24, 51, 'Khá', 73, 3),
    ('KQ828', 'HV007', '665380', 'Ngọc Bùi', 'HK012', 'Học kỳ hè Năm học 2024-2025', 1.49, 2.8, 3.7, 16, 20, 94, 'Yếu', 66, 1),
    ('KQ829', 'HV327', '653180', 'Quý ông Quang Hoàng', 'HK004', 'Học kỳ 1 Năm học 2022-2023', 3.27, 3.36, 8.2, 24, 13, 54, 'Giỏi', 73, 2),
    ('KQ830', 'HV095', '672813', 'Lan Nguyễn', 'HK007', 'Học kỳ 1 Năm học 2023-2024', 3.59, 3.34, 9.0, 13, 23, 141, 'Giỏi', 82, 0),
    ('KQ831', 'HV152', '646569', 'Phương Lê', 'HK013', 'Học kỳ 1 Năm học 2025-2026', 3.82, 3.86, 9.5, 16, 20, 113, 'Xuất sắc', 58, 1),
    ('KQ832', 'HV334', '666690', 'Tú Dương', 'HK006', 'Học kỳ hè Năm học 2022-2023', 0.19, 3.84, 0.5, 11, 9, 108, 'Yếu', 53, 1),
    ('KQ833', 'HV216', '678796', 'Hoàng Lê', 'HK001', 'Học kỳ 1 Năm học 2021-2022', 1.22, 3.64, 3.0, 17, 12, 122, 'Yếu', 78, 2),
    ('KQ834', 'HV262', '662209', 'Lâm Hải Dương', 'HK011', 'Học kỳ 2 Năm học 2024-2025', 1.75, 0.88, 4.4, 24, 12, 50, 'Yếu', 61, 0),
    ('KQ835', 'HV355', '634366', 'Tú Trí Vũ', 'HK006', 'Học kỳ hè Năm học 2022-2023', 1.25, 2.64, 3.1, 19, 17, 74, 'Yếu', 50, 0),
    ('KQ836', 'HV349', '678437', 'Ngọc Vũ', 'HK009', 'Học kỳ hè Năm học 2023-2024', 0.64, 3.66, 1.6, 22, 11, 58, 'Yếu', 78, 1),
    ('KQ837', 'HV336', '668035', 'Quý cô Dương Vũ', 'HK009', 'Học kỳ hè Năm học 2023-2024', 1.63, 0.9, 4.1, 10, 17, 30, 'Yếu', 76, 3),
    ('KQ838', 'HV057', '651179', 'Quang Vũ', 'HK008', 'Học kỳ 2 Năm học 2023-2024', 1.99, 1.62, 5.0, 15, 15, 40, 'Yếu', 80, 1),
    ('KQ839', 'HV079', '678855', 'Quý cô Hà Bùi', 'HK001', 'Học kỳ 1 Năm học 2021-2022', 2.42, 3.66, 6.0, 16, 15, 95, 'Trung bình', 98, 1),
    ('KQ840', 'HV198', '644607', 'Quý cô Bảo Vũ', 'HK011', 'Học kỳ 2 Năm học 2024-2025', 1.97, 3.37, 4.9, 23, 10, 92, 'Yếu', 63, 2),
    ('KQ841', 'HV473', '651293', 'Bà Yến Mai', 'HK010', 'Học kỳ 1 Năm học 2024-2025', 1.91, 1.87, 4.8, 23, 16, 58, 'Yếu', 90, 2),
    ('KQ842', 'HV331', '633621', 'Hạnh Tấn Lê', 'HK013', 'Học kỳ 1 Năm học 2025-2026', 0.85, 0.49, 2.1, 16, 12, 36, 'Yếu', 63, 0),
    ('KQ843', 'HV081', '635927', 'Bà Nhật Mai', 'HK005', 'Học kỳ 2 Năm học 2022-2023', 1.42, 1.56, 3.5, 22, 15, 106, 'Yếu', 80, 0),
    ('KQ844', 'HV051', '651896', 'Kim Vũ', 'HK004', 'Học kỳ 1 Năm học 2022-2023', 2.6, 1.19, 6.5, 16, 22, 150, 'Khá', 56, 0),
    ('KQ845', 'HV308', '672837', 'Hưng Phạm', 'HK009', 'Học kỳ hè Năm học 2023-2024', 2.86, 1.44, 7.1, 12, 22, 41, 'Khá', 65, 3),
    ('KQ846', 'HV238', '661962', 'Ông Khoa Hoàng', 'HK010', 'Học kỳ 1 Năm học 2024-2025', 2.69, 1.69, 6.7, 23, 10, 142, 'Khá', 87, 1),
    ('KQ847', 'HV157', '644987', 'Ông Trung Lê', 'HK006', 'Học kỳ hè Năm học 2022-2023', 0.84, 3.7, 2.1, 16, 19, 150, 'Yếu', 50, 2),
    ('KQ848', 'HV127', '669668', 'Bảo Phú Vũ', 'HK006', 'Học kỳ hè Năm học 2022-2023', 0.16, 1.51, 0.4, 18, 15, 106, 'Yếu', 52, 2),
    ('KQ849', 'HV365', '655468', 'Bác Thành Phạm', 'HK013', 'Học kỳ 1 Năm học 2025-2026', 2.09, 2.18, 5.2, 10, 21, 138, 'Trung bình', 50, 3),
    ('KQ850', 'HV395', '634759', 'Chị An Lê', 'HK003', 'Học kỳ hè Năm học 2021-2022', 1.33, 3.96, 3.3, 15, 16, 76, 'Yếu', 59, 1),
    ('KQ851', 'HV007', '665380', 'Ngọc Bùi', 'HK003', 'Học kỳ hè Năm học 2021-2022', 1.74, 2.8, 4.3, 23, 20, 94, 'Yếu', 64, 1),
    ('KQ852', 'HV172', '643112', 'Nhật Đặng', 'HK002', 'Học kỳ 2 Năm học 2021-2022', 3.42, 2.58, 8.6, 23, 15, 67, 'Giỏi', 57, 1),
    ('KQ853', 'HV148', '634936', 'Dương Mai', 'HK014', 'Học kỳ 2 Năm học 2025-2026', 2.39, 1.27, 6.0, 23, 12, 54, 'Trung bình', 82, 1),
    ('KQ854', 'HV441', '631189', 'Mai Dương', 'HK005', 'Học kỳ 2 Năm học 2022-2023', 3.85, 3.55, 9.6, 14, 14, 55, 'Xuất sắc', 51, 2),
    ('KQ855', 'HV351', '651837', 'Dũng Trần', 'HK005', 'Học kỳ 2 Năm học 2022-2023', 0.59, 2.11, 1.5, 25, 8, 32, 'Yếu', 70, 2),
    ('KQ856', 'HV132', '668610', 'Bảo Phạm', 'HK011', 'Học kỳ 2 Năm học 2024-2025', 1.21, 3.0, 3.0, 10, 24, 146, 'Yếu', 84, 2),
    ('KQ857', 'HV358', '631002', 'Mai Bùi', 'HK003', 'Học kỳ hè Năm học 2021-2022', 1.49, 1.17, 3.7, 19, 9, 66, 'Yếu', 87, 3),
    ('KQ858', 'HV061', '634130', 'Chị Phương Nguyễn', 'HK014', 'Học kỳ 2 Năm học 2025-2026', 1.13, 0.44, 2.8, 17, 23, 75, 'Yếu', 57, 0),
    ('KQ859', 'HV040', '674557', 'Bác Nhiên Lê', 'HK010', 'Học kỳ 1 Năm học 2024-2025', 0.22, 1.99, 0.6, 19, 8, 87, 'Yếu', 96, 2),
    ('KQ860', 'HV454', '679710', 'Khoa Phạm', 'HK005', 'Học kỳ 2 Năm học 2022-2023', 3.85, 2.73, 9.6, 24, 16, 34, 'Xuất sắc', 99, 3),
    ('KQ861', 'HV306', '648339', 'Hưng Mai', 'HK010', 'Học kỳ 1 Năm học 2024-2025', 3.45, 1.99, 8.6, 10, 22, 94, 'Giỏi', 96, 3),
    ('KQ862', 'HV451', '655949', 'Lâm Trí Phạm', 'HK013', 'Học kỳ 1 Năm học 2025-2026', 0.61, 1.63, 1.5, 15, 19, 54, 'Yếu', 63, 0),
    ('KQ863', 'HV046', '631225', 'Bà Hà Trần', 'HK011', 'Học kỳ 2 Năm học 2024-2025', 2.65, 0.76, 6.6, 22, 13, 42, 'Khá', 100, 2),
    ('KQ864', 'HV466', '669638', 'Quý cô Vân Phạm', 'HK011', 'Học kỳ 2 Năm học 2024-2025', 1.18, 1.04, 2.9, 22, 18, 144, 'Yếu', 82, 0),
    ('KQ865', 'HV027', '646340', 'Huy Thế Bùi', 'HK008', 'Học kỳ 2 Năm học 2023-2024', 0.78, 1.78, 2.0, 10, 13, 110, 'Yếu', 80, 3),
    ('KQ866', 'HV070', '633957', 'Bảo Nguyễn', 'HK008', 'Học kỳ 2 Năm học 2023-2024', 2.81, 2.29, 7.0, 19, 24, 76, 'Khá', 68, 2),
    ('KQ867', 'HV241', '645147', 'Quý ông Dũng Hoàng', 'HK009', 'Học kỳ hè Năm học 2023-2024', 2.4, 1.9, 6.0, 12, 12, 45, 'Trung bình', 61, 0),
    ('KQ868', 'HV050', '634303', 'Cô Thành Vũ', 'HK012', 'Học kỳ hè Năm học 2024-2025', 0.35, 2.07, 0.9, 23, 9, 36, 'Yếu', 99, 3),
    ('KQ869', 'HV244', '648871', 'Chị Thành Nguyễn', 'HK010', 'Học kỳ 1 Năm học 2024-2025', 0.98, 3.18, 2.5, 25, 17, 141, 'Yếu', 83, 3),
    ('KQ870', 'HV135', '644921', 'Phương Nguyễn', 'HK001', 'Học kỳ 1 Năm học 2021-2022', 1.42, 3.28, 3.5, 16, 18, 34, 'Yếu', 65, 1),
    ('KQ871', 'HV231', '663098', 'Hải Vũ', 'HK006', 'Học kỳ hè Năm học 2022-2023', 0.43, 3.82, 1.1, 25, 16, 102, 'Yếu', 88, 3),
    ('KQ872', 'HV472', '679112', 'Bác Trung Trần', 'HK005', 'Học kỳ 2 Năm học 2022-2023', 1.59, 1.31, 4.0, 22, 12, 64, 'Yếu', 74, 0),
    ('KQ873', 'HV064', '667358', 'Khoa Đức Hoàng', 'HK005', 'Học kỳ 2 Năm học 2022-2023', 3.29, 1.65, 8.2, 18, 21, 149, 'Giỏi', 63, 3),
    ('KQ874', 'HV335', '635608', 'Quý cô Hải Bùi', 'HK015', 'Học kỳ hè Năm học 2025-2026', 0.29, 2.0, 0.7, 22, 20, 61, 'Yếu', 95, 3),
    ('KQ875', 'HV391', '642569', 'Thành Hoàng', 'HK007', 'Học kỳ 1 Năm học 2023-2024', 2.88, 1.01, 7.2, 21, 19, 45, 'Khá', 88, 0),
    ('KQ876', 'HV159', '657214', 'Chị Hải Nguyễn', 'HK012', 'Học kỳ hè Năm học 2024-2025', 0.38, 2.08, 0.9, 10, 23, 118, 'Yếu', 55, 1),
    ('KQ877', 'HV398', '647236', 'Dương Hoàng', 'HK015', 'Học kỳ hè Năm học 2025-2026', 1.91, 3.96, 4.8, 20, 8, 138, 'Yếu', 89, 1),
    ('KQ878', 'HV134', '674423', 'Nhật Phạm', 'HK001', 'Học kỳ 1 Năm học 2021-2022', 3.35, 1.6, 8.4, 11, 23, 150, 'Giỏi', 83, 1),
    ('KQ879', 'HV147', '641304', 'Khoa Mai Bảo Đặng', 'HK007', 'Học kỳ 1 Năm học 2023-2024', 2.57, 2.37, 6.4, 14, 23, 136, 'Khá', 78, 0),
    ('KQ880', 'HV072', '662287', 'Chị Duyên Trần', 'HK007', 'Học kỳ 1 Năm học 2023-2024', 3.37, 1.45, 8.4, 19, 9, 115, 'Giỏi', 75, 0),
    ('KQ881', 'HV241', '645147', 'Quý ông Dũng Hoàng', 'HK005', 'Học kỳ 2 Năm học 2022-2023', 2.75, 1.9, 6.9, 20, 12, 45, 'Khá', 88, 2),
    ('KQ882', 'HV065', '656270', 'Phương Phạm', 'HK001', 'Học kỳ 1 Năm học 2021-2022', 3.72, 3.84, 9.3, 25, 18, 44, 'Xuất sắc', 87, 3),
    ('KQ883', 'HV468', '672259', 'Hạnh Dương', 'HK011', 'Học kỳ 2 Năm học 2024-2025', 2.14, 0.73, 5.4, 22, 13, 34, 'Trung bình', 66, 0),
    ('KQ884', 'HV046', '631225', 'Bà Hà Trần', 'HK001', 'Học kỳ 1 Năm học 2021-2022', 1.96, 0.76, 4.9, 18, 19, 42, 'Yếu', 55, 1),
    ('KQ885', 'HV142', '642746', 'Dương Vũ', 'HK013', 'Học kỳ 1 Năm học 2025-2026', 2.5, 1.03, 6.2, 20, 17, 43, 'Khá', 53, 2),
    ('KQ886', 'HV462', '659904', 'Chị Hương Bùi', 'HK003', 'Học kỳ hè Năm học 2021-2022', 3.04, 0.96, 7.6, 23, 18, 78, 'Khá', 65, 1),
    ('KQ887', 'HV158', '648081', 'Bác Minh Phạm', 'HK009', 'Học kỳ hè Năm học 2023-2024', 1.09, 0.58, 2.7, 10, 15, 92, 'Yếu', 91, 0),
    ('KQ888', 'HV418', '646827', 'Vân Bùi', 'HK015', 'Học kỳ hè Năm học 2025-2026', 0.77, 1.49, 1.9, 19, 13, 99, 'Yếu', 100, 0),
    ('KQ889', 'HV026', '648141', 'Bác Nhiên Trần', 'HK001', 'Học kỳ 1 Năm học 2021-2022', 2.62, 2.78, 6.6, 10, 17, 136, 'Khá', 62, 0),
    ('KQ890', 'HV101', '663186', 'Nhiên Thế Hoàng', 'HK004', 'Học kỳ 1 Năm học 2022-2023', 2.59, 0.41, 6.5, 14, 11, 51, 'Khá', 79, 1),
    ('KQ891', 'HV272', '658619', 'Xuân Mai', 'HK010', 'Học kỳ 1 Năm học 2024-2025', 1.32, 1.36, 3.3, 16, 8, 112, 'Yếu', 83, 1),
    ('KQ892', 'HV083', '664487', 'Phương Mai', 'HK007', 'Học kỳ 1 Năm học 2023-2024', 2.11, 2.54, 5.3, 19, 10, 90, 'Trung bình', 52, 1),
    ('KQ893', 'HV031', '675923', 'Quang Mai Bùi', 'HK012', 'Học kỳ hè Năm học 2024-2025', 2.4, 3.78, 6.0, 20, 23, 150, 'Trung bình', 66, 3),
    ('KQ894', 'HV408', '643141', 'Phương Hải Hoàng', 'HK014', 'Học kỳ 2 Năm học 2025-2026', 2.21, 3.83, 5.5, 17, 25, 62, 'Trung bình', 54, 0),
    ('KQ895', 'HV497', '652492', 'Xuân Đặng', 'HK001', 'Học kỳ 1 Năm học 2021-2022', 0.39, 0.92, 1.0, 21, 16, 140, 'Yếu', 84, 3),
    ('KQ896', 'HV372', '633148', 'Hạnh Thị Dương', 'HK004', 'Học kỳ 1 Năm học 2022-2023', 1.65, 1.09, 4.1, 15, 13, 140, 'Yếu', 97, 3),
    ('KQ897', 'HV403', '635310', 'Bảo Hải Mai', 'HK005', 'Học kỳ 2 Năm học 2022-2023', 3.0, 3.78, 7.5, 15, 14, 150, 'Khá', 100, 1),
    ('KQ898', 'HV309', '641314', 'Thành Hoàng Dương', 'HK010', 'Học kỳ 1 Năm học 2024-2025', 1.92, 1.13, 4.8, 11, 16, 78, 'Yếu', 91, 0),
    ('KQ899', 'HV139', '658961', 'Bà Thành Lê', 'HK011', 'Học kỳ 2 Năm học 2024-2025', 2.24, 1.64, 5.6, 22, 8, 135, 'Trung bình', 61, 0),
    ('KQ900', 'HV184', '678959', 'Bảo Thị Phạm', 'HK011', 'Học kỳ 2 Năm học 2024-2025', 2.89, 3.81, 7.2, 10, 12, 64, 'Khá', 82, 0),
    ('KQ901', 'HV151', '631616', 'Cô Lâm Dương', 'HK001', 'Học kỳ 1 Năm học 2021-2022', 0.29, 3.5, 0.7, 22, 20, 59, 'Yếu', 51, 0),
    ('KQ902', 'HV326', '633420', 'Lâm Đặng', 'HK014', 'Học kỳ 2 Năm học 2025-2026', 2.43, 1.43, 6.1, 13, 20, 144, 'Trung bình', 54, 0),
    ('KQ903', 'HV354', '679794', 'Cô Thành Mai', 'HK005', 'Học kỳ 2 Năm học 2022-2023', 3.34, 0.38, 8.3, 21, 14, 134, 'Giỏi', 66, 3),
    ('KQ904', 'HV393', '633722', 'Mai Lê', 'HK008', 'Học kỳ 2 Năm học 2023-2024', 2.34, 3.01, 5.8, 17, 9, 71, 'Trung bình', 90, 0),
    ('KQ905', 'HV105', '666031', 'Lâm Phạm', 'HK013', 'Học kỳ 1 Năm học 2025-2026', 3.73, 3.38, 9.3, 24, 23, 84, 'Xuất sắc', 87, 0),
    ('KQ906', 'HV398', '647236', 'Dương Hoàng', 'HK014', 'Học kỳ 2 Năm học 2025-2026', 0.45, 3.96, 1.1, 22, 13, 138, 'Yếu', 51, 2),
    ('KQ907', 'HV190', '645684', 'Linh Bùi', 'HK001', 'Học kỳ 1 Năm học 2021-2022', 2.14, 1.01, 5.4, 22, 15, 73, 'Trung bình', 53, 0),
    ('KQ908', 'HV428', '635074', 'Chị Hà Dương', 'HK001', 'Học kỳ 1 Năm học 2021-2022', 1.09, 0.68, 2.7, 13, 9, 77, 'Yếu', 53, 2),
    ('KQ909', 'HV347', '648337', 'Phúc Phạm', 'HK008', 'Học kỳ 2 Năm học 2023-2024', 1.26, 2.96, 3.1, 15, 22, 31, 'Yếu', 99, 2),
    ('KQ910', 'HV322', '639030', 'Cô Phương Dương', 'HK005', 'Học kỳ 2 Năm học 2022-2023', 1.02, 2.27, 2.5, 17, 21, 78, 'Yếu', 91, 0),
    ('KQ911', 'HV414', '668870', 'Phương Hoàng', 'HK013', 'Học kỳ 1 Năm học 2025-2026', 1.11, 1.43, 2.8, 22, 24, 98, 'Yếu', 71, 1),
    ('KQ912', 'HV334', '666690', 'Tú Dương', 'HK004', 'Học kỳ 1 Năm học 2022-2023', 1.01, 3.84, 2.5, 11, 25, 108, 'Yếu', 71, 0),
    ('KQ913', 'HV368', '654276', 'Bảo Mai Bảo Vũ', 'HK004', 'Học kỳ 1 Năm học 2022-2023', 2.07, 3.73, 5.2, 25, 16, 59, 'Trung bình', 92, 2),
    ('KQ914', 'HV095', '672813', 'Lan Nguyễn', 'HK002', 'Học kỳ 2 Năm học 2021-2022', 2.41, 3.34, 6.0, 17, 15, 141, 'Trung bình', 89, 1),
    ('KQ915', 'HV458', '647395', 'Nam Xuân Trần', 'HK013', 'Học kỳ 1 Năm học 2025-2026', 1.0, 3.51, 2.5, 13, 9, 41, 'Yếu', 73, 1),
    ('KQ916', 'HV257', '642760', 'Ông Thành Hoàng', 'HK009', 'Học kỳ hè Năm học 2023-2024', 1.44, 1.83, 3.6, 25, 21, 48, 'Yếu', 51, 3),
    ('KQ917', 'HV032', '633387', 'Chị Lâm Trần', 'HK002', 'Học kỳ 2 Năm học 2021-2022', 0.26, 3.0, 0.7, 10, 8, 113, 'Yếu', 82, 2),
    ('KQ918', 'HV294', '641249', 'Bà Nhật Mai', 'HK009', 'Học kỳ hè Năm học 2023-2024', 3.32, 2.23, 8.3, 14, 25, 107, 'Giỏi', 83, 3),
    ('KQ919', 'HV224', '638267', 'Dũng Trần', 'HK003', 'Học kỳ hè Năm học 2021-2022', 3.38, 0.08, 8.4, 16, 16, 100, 'Giỏi', 98, 3),
    ('KQ920', 'HV412', '641220', 'Hưng Đặng', 'HK011', 'Học kỳ 2 Năm học 2024-2025', 2.38, 0.12, 5.9, 23, 24, 106, 'Trung bình', 77, 1),
    ('KQ921', 'HV385', '652327', 'Anh Bảo Hoàng', 'HK004', 'Học kỳ 1 Năm học 2022-2023', 1.67, 0.95, 4.2, 22, 16, 124, 'Yếu', 100, 0),
    ('KQ922', 'HV104', '678058', 'Hưng Hải Đặng', 'HK003', 'Học kỳ hè Năm học 2021-2022', 1.77, 2.62, 4.4, 20, 15, 38, 'Yếu', 59, 0),
    ('KQ923', 'HV314', '641642', 'Bà Bảo Bùi', 'HK008', 'Học kỳ 2 Năm học 2023-2024', 3.85, 2.39, 9.6, 11, 21, 92, 'Xuất sắc', 53, 3),
    ('KQ924', 'HV087', '658333', 'Dương Dương', 'HK006', 'Học kỳ hè Năm học 2022-2023', 1.17, 3.53, 2.9, 20, 8, 113, 'Yếu', 80, 0),
    ('KQ925', 'HV080', '637094', 'Quang Bảo Nguyễn', 'HK010', 'Học kỳ 1 Năm học 2024-2025', 3.38, 1.06, 8.4, 14, 8, 80, 'Giỏi', 50, 2),
    ('KQ926', 'HV378', '667949', 'Kim Nguyễn', 'HK006', 'Học kỳ hè Năm học 2022-2023', 0.63, 2.99, 1.6, 16, 15, 136, 'Yếu', 78, 3),
    ('KQ927', 'HV373', '632080', 'Trọng Thế Mai', 'HK004', 'Học kỳ 1 Năm học 2022-2023', 3.81, 2.05, 9.5, 17, 14, 126, 'Xuất sắc', 87, 2),
    ('KQ928', 'HV009', '676693', 'Thảo Đặng', 'HK001', 'Học kỳ 1 Năm học 2021-2022', 0.55, 2.12, 1.4, 12, 19, 91, 'Yếu', 69, 1),
    ('KQ929', 'HV008', '654805', 'Thành Nguyễn', 'HK011', 'Học kỳ 2 Năm học 2024-2025', 1.15, 3.59, 2.9, 19, 14, 33, 'Yếu', 67, 0),
    ('KQ930', 'HV006', '672765', 'Bảo Tấn Vũ', 'HK014', 'Học kỳ 2 Năm học 2025-2026', 3.79, 3.02, 9.5, 20, 20, 73, 'Xuất sắc', 90, 3),
    ('KQ931', 'HV316', '656020', 'Kim Mai', 'HK009', 'Học kỳ hè Năm học 2023-2024', 0.62, 2.76, 1.6, 19, 25, 114, 'Yếu', 98, 3),
    ('KQ932', 'HV208', '647302', 'Quý cô Hương Lê', 'HK003', 'Học kỳ hè Năm học 2021-2022', 0.15, 1.64, 0.4, 21, 16, 77, 'Yếu', 93, 3),
    ('KQ933', 'HV070', '633957', 'Bảo Nguyễn', 'HK007', 'Học kỳ 1 Năm học 2023-2024', 3.31, 2.29, 8.3, 22, 8, 76, 'Giỏi', 79, 2),
    ('KQ934', 'HV413', '661330', 'Vũ Hoàng', 'HK005', 'Học kỳ 2 Năm học 2022-2023', 3.82, 1.05, 9.5, 23, 21, 99, 'Xuất sắc', 88, 2),
    ('KQ935', 'HV454', '679710', 'Khoa Phạm', 'HK003', 'Học kỳ hè Năm học 2021-2022', 1.19, 2.73, 3.0, 14, 19, 34, 'Yếu', 64, 1),
    ('KQ936', 'HV294', '641249', 'Bà Nhật Mai', 'HK003', 'Học kỳ hè Năm học 2021-2022', 1.34, 2.23, 3.4, 20, 17, 107, 'Yếu', 79, 1),
    ('KQ937', 'HV194', '634066', 'Nhật Dương', 'HK006', 'Học kỳ hè Năm học 2022-2023', 1.99, 3.59, 5.0, 13, 10, 70, 'Yếu', 50, 2),
    ('KQ938', 'HV155', '657938', 'Quý cô Vi Bùi', 'HK010', 'Học kỳ 1 Năm học 2024-2025', 3.43, 2.09, 8.6, 22, 19, 62, 'Giỏi', 62, 2),
    ('KQ939', 'HV124', '667614', 'Hải Vũ', 'HK007', 'Học kỳ 1 Năm học 2023-2024', 2.82, 1.92, 7.0, 21, 12, 103, 'Khá', 98, 0),
    ('KQ940', 'HV028', '657537', 'Bảo Đặng', 'HK007', 'Học kỳ 1 Năm học 2023-2024', 3.17, 1.97, 7.9, 22, 11, 122, 'Khá', 80, 1),
    ('KQ941', 'HV037', '648318', 'Kim Mai Đặng', 'HK006', 'Học kỳ hè Năm học 2022-2023', 0.03, 0.05, 0.1, 23, 22, 70, 'Yếu', 62, 1),
    ('KQ942', 'HV315', '666431', 'Bà Xuân Phạm', 'HK002', 'Học kỳ 2 Năm học 2021-2022', 0.1, 0.84, 0.2, 12, 17, 52, 'Yếu', 76, 3),
    ('KQ943', 'HV476', '666171', 'Dũng Hoàng Vũ', 'HK003', 'Học kỳ hè Năm học 2021-2022', 2.96, 2.55, 7.4, 21, 16, 103, 'Khá', 94, 3),
    ('KQ944', 'HV384', '651411', 'Vi Trần', 'HK003', 'Học kỳ hè Năm học 2021-2022', 3.51, 2.61, 8.8, 13, 21, 140, 'Giỏi', 77, 2),
    ('KQ945', 'HV071', '646951', 'Cô Mai Dương', 'HK005', 'Học kỳ 2 Năm học 2022-2023', 0.39, 1.88, 1.0, 20, 19, 88, 'Yếu', 93, 3),
    ('KQ946', 'HV451', '655949', 'Lâm Trí Phạm', 'HK007', 'Học kỳ 1 Năm học 2023-2024', 3.08, 1.63, 7.7, 16, 11, 54, 'Khá', 79, 0),
    ('KQ947', 'HV118', '673673', 'Phương Thế Vũ', 'HK011', 'Học kỳ 2 Năm học 2024-2025', 1.42, 0.46, 3.5, 18, 18, 80, 'Yếu', 87, 1),
    ('KQ948', 'HV010', '676918', 'Quý cô Lan Trần', 'HK015', 'Học kỳ hè Năm học 2025-2026', 2.02, 2.21, 5.0, 13, 24, 92, 'Trung bình', 50, 0),
    ('KQ949', 'HV007', '665380', 'Ngọc Bùi', 'HK012', 'Học kỳ hè Năm học 2024-2025', 3.99, 2.8, 10.0, 15, 25, 94, 'Xuất sắc', 92, 3),
    ('KQ950', 'HV421', '679907', 'Quý ông Nhiên Hoàng', 'HK012', 'Học kỳ hè Năm học 2024-2025', 0.02, 1.54, 0.1, 18, 23, 130, 'Yếu', 74, 3),
    ('KQ951', 'HV012', '639628', 'Lâm Thị Nguyễn', 'HK013', 'Học kỳ 1 Năm học 2025-2026', 0.38, 1.13, 0.9, 11, 24, 116, 'Yếu', 100, 0),
    ('KQ952', 'HV409', '666672', 'Yến Đặng', 'HK015', 'Học kỳ hè Năm học 2025-2026', 1.73, 0.86, 4.3, 15, 17, 136, 'Yếu', 77, 1),
    ('KQ953', 'HV271', '653128', 'Vũ Bùi', 'HK008', 'Học kỳ 2 Năm học 2023-2024', 3.6, 1.37, 9.0, 23, 16, 140, 'Xuất sắc', 61, 3),
    ('KQ954', 'HV063', '649470', 'Nhật Thế Trần', 'HK002', 'Học kỳ 2 Năm học 2021-2022', 2.89, 1.65, 7.2, 23, 19, 77, 'Khá', 72, 3),
    ('KQ955', 'HV296', '661171', 'Ông Thành Lê', 'HK008', 'Học kỳ 2 Năm học 2023-2024', 2.87, 1.36, 7.2, 13, 18, 93, 'Khá', 66, 3),
    ('KQ956', 'HV499', '671417', 'Kim Hoàng', 'HK004', 'Học kỳ 1 Năm học 2022-2023', 2.79, 1.82, 7.0, 10, 21, 90, 'Khá', 53, 2),
    ('KQ957', 'HV447', '632158', 'Quý cô Thảo Mai', 'HK009', 'Học kỳ hè Năm học 2023-2024', 2.49, 1.68, 6.2, 20, 10, 81, 'Trung bình', 69, 0),
    ('KQ958', 'HV130', '641713', 'Trọng Mai', 'HK009', 'Học kỳ hè Năm học 2023-2024', 3.81, 1.94, 9.5, 11, 16, 99, 'Xuất sắc', 78, 3),
    ('KQ959', 'HV204', '636469', 'Nhiên Hải Lê', 'HK013', 'Học kỳ 1 Năm học 2025-2026', 3.06, 3.1, 7.7, 20, 18, 42, 'Khá', 76, 2),
    ('KQ960', 'HV098', '665895', 'Chị Thảo Mai', 'HK010', 'Học kỳ 1 Năm học 2024-2025', 1.71, 0.29, 4.3, 16, 9, 54, 'Yếu', 77, 3),
    ('KQ961', 'HV217', '647413', 'An Vũ', 'HK015', 'Học kỳ hè Năm học 2025-2026', 3.27, 2.06, 8.2, 25, 24, 130, 'Giỏi', 51, 1),
    ('KQ962', 'HV280', '662141', 'Anh Văn Hoàng', 'HK003', 'Học kỳ hè Năm học 2021-2022', 1.76, 0.75, 4.4, 21, 22, 73, 'Yếu', 78, 3),
    ('KQ963', 'HV098', '665895', 'Chị Thảo Mai', 'HK011', 'Học kỳ 2 Năm học 2024-2025', 3.54, 0.29, 8.8, 24, 15, 54, 'Giỏi', 98, 2),
    ('KQ964', 'HV011', '651109', 'Trung Trí Bùi', 'HK012', 'Học kỳ hè Năm học 2024-2025', 2.76, 2.03, 6.9, 11, 24, 124, 'Khá', 55, 0),
    ('KQ965', 'HV063', '649470', 'Nhật Thế Trần', 'HK009', 'Học kỳ hè Năm học 2023-2024', 3.53, 1.65, 8.8, 23, 8, 77, 'Giỏi', 61, 2),
    ('KQ966', 'HV071', '646951', 'Cô Mai Dương', 'HK010', 'Học kỳ 1 Năm học 2024-2025', 1.46, 1.88, 3.6, 19, 10, 88, 'Yếu', 64, 0),
    ('KQ967', 'HV005', '663135', 'Chị Hà Mai', 'HK010', 'Học kỳ 1 Năm học 2024-2025', 0.1, 2.86, 0.2, 21, 18, 130, 'Yếu', 65, 1),
    ('KQ968', 'HV360', '668649', 'Anh Nam Hoàng', 'HK011', 'Học kỳ 2 Năm học 2024-2025', 2.81, 1.29, 7.0, 14, 23, 69, 'Khá', 83, 3),
    ('KQ969', 'HV462', '659904', 'Chị Hương Bùi', 'HK008', 'Học kỳ 2 Năm học 2023-2024', 0.42, 0.96, 1.1, 23, 20, 78, 'Yếu', 67, 0),
    ('KQ970', 'HV411', '674949', 'Chị Lâm Đặng', 'HK015', 'Học kỳ hè Năm học 2025-2026', 0.41, 1.68, 1.0, 15, 22, 118, 'Yếu', 72, 1),
    ('KQ971', 'HV451', '655949', 'Lâm Trí Phạm', 'HK012', 'Học kỳ hè Năm học 2024-2025', 3.1, 1.63, 7.8, 21, 8, 54, 'Khá', 52, 2),
    ('KQ972', 'HV046', '631225', 'Bà Hà Trần', 'HK014', 'Học kỳ 2 Năm học 2025-2026', 1.72, 0.76, 4.3, 17, 12, 42, 'Yếu', 76, 2),
    ('KQ973', 'HV219', '638971', 'Phương Phú Bùi', 'HK002', 'Học kỳ 2 Năm học 2021-2022', 2.51, 0.6, 6.3, 11, 20, 80, 'Khá', 84, 1),
    ('KQ974', 'HV491', '657237', 'Quý cô Lâm Vũ', 'HK014', 'Học kỳ 2 Năm học 2025-2026', 3.4, 3.56, 8.5, 12, 13, 131, 'Giỏi', 86, 2),
    ('KQ975', 'HV272', '658619', 'Xuân Mai', 'HK011', 'Học kỳ 2 Năm học 2024-2025', 2.65, 1.36, 6.6, 21, 11, 112, 'Khá', 64, 2),
    ('KQ976', 'HV313', '631383', 'Nam Phú Trần', 'HK014', 'Học kỳ 2 Năm học 2025-2026', 3.93, 0.98, 9.8, 16, 24, 125, 'Xuất sắc', 79, 0),
    ('KQ977', 'HV090', '639895', 'Cô Vi Mai', 'HK013', 'Học kỳ 1 Năm học 2025-2026', 1.67, 3.6, 4.2, 10, 18, 110, 'Yếu', 93, 0),
    ('KQ978', 'HV184', '678959', 'Bảo Thị Phạm', 'HK007', 'Học kỳ 1 Năm học 2023-2024', 3.04, 3.81, 7.6, 22, 22, 64, 'Khá', 74, 1),
    ('KQ979', 'HV295', '676241', 'Tú Lê', 'HK010', 'Học kỳ 1 Năm học 2024-2025', 2.8, 0.86, 7.0, 11, 17, 108, 'Khá', 66, 2),
    ('KQ980', 'HV256', '646046', 'Ngọc Vũ', 'HK002', 'Học kỳ 2 Năm học 2021-2022', 1.93, 0.31, 4.8, 11, 22, 126, 'Yếu', 96, 0),
    ('KQ981', 'HV296', '661171', 'Ông Thành Lê', 'HK001', 'Học kỳ 1 Năm học 2021-2022', 0.13, 1.36, 0.3, 10, 12, 93, 'Yếu', 71, 1),
    ('KQ982', 'HV090', '639895', 'Cô Vi Mai', 'HK005', 'Học kỳ 2 Năm học 2022-2023', 2.23, 3.6, 5.6, 19, 25, 110, 'Trung bình', 52, 2),
    ('KQ983', 'HV417', '646305', 'Trọng Bùi', 'HK009', 'Học kỳ hè Năm học 2023-2024', 3.34, 3.89, 8.3, 22, 22, 36, 'Giỏi', 82, 2),
    ('KQ984', 'HV129', '634599', 'Anh Hoàng Nguyễn', 'HK005', 'Học kỳ 2 Năm học 2022-2023', 2.67, 1.48, 6.7, 12, 25, 62, 'Khá', 55, 0),
    ('KQ985', 'HV325', '653751', 'Anh Đức Phạm', 'HK006', 'Học kỳ hè Năm học 2022-2023', 3.84, 1.98, 9.6, 13, 18, 141, 'Xuất sắc', 95, 1),
    ('KQ986', 'HV067', '654095', 'An Bùi', 'HK012', 'Học kỳ hè Năm học 2024-2025', 0.09, 1.55, 0.2, 19, 13, 137, 'Yếu', 86, 1),
    ('KQ987', 'HV290', '659783', 'Anh Hoàng Bùi', 'HK007', 'Học kỳ 1 Năm học 2023-2024', 1.23, 3.23, 3.1, 24, 10, 124, 'Yếu', 87, 2),
    ('KQ988', 'HV454', '679710', 'Khoa Phạm', 'HK002', 'Học kỳ 2 Năm học 2021-2022', 1.53, 2.73, 3.8, 11, 24, 34, 'Yếu', 60, 0),
    ('KQ989', 'HV390', '668998', 'Ông Khoa Mai', 'HK012', 'Học kỳ hè Năm học 2024-2025', 2.6, 0.18, 6.5, 24, 25, 91, 'Khá', 67, 3),
    ('KQ990', 'HV271', '653128', 'Vũ Bùi', 'HK009', 'Học kỳ hè Năm học 2023-2024', 3.12, 1.37, 7.8, 16, 25, 140, 'Khá', 63, 3),
    ('KQ991', 'HV131', '651743', 'Chị Ánh Bùi', 'HK001', 'Học kỳ 1 Năm học 2021-2022', 1.44, 0.67, 3.6, 17, 17, 58, 'Yếu', 51, 3),
    ('KQ992', 'HV430', '631245', 'Ông Anh Phạm', 'HK003', 'Học kỳ hè Năm học 2021-2022', 0.55, 2.28, 1.4, 22, 12, 125, 'Yếu', 57, 2),
    ('KQ993', 'HV124', '667614', 'Hải Vũ', 'HK006', 'Học kỳ hè Năm học 2022-2023', 0.42, 1.92, 1.1, 10, 12, 103, 'Yếu', 89, 2),
    ('KQ994', 'HV224', '638267', 'Dũng Trần', 'HK008', 'Học kỳ 2 Năm học 2023-2024', 1.53, 0.08, 3.8, 13, 20, 100, 'Yếu', 80, 2),
    ('KQ995', 'HV423', '669907', 'Bà Hạnh Phạm', 'HK011', 'Học kỳ 2 Năm học 2024-2025', 0.76, 1.07, 1.9, 24, 8, 142, 'Yếu', 90, 3),
    ('KQ996', 'HV027', '646340', 'Huy Thế Bùi', 'HK013', 'Học kỳ 1 Năm học 2025-2026', 2.13, 1.78, 5.3, 11, 25, 110, 'Trung bình', 94, 2),
    ('KQ997', 'HV031', '675923', 'Quang Mai Bùi', 'HK005', 'Học kỳ 2 Năm học 2022-2023', 3.09, 3.78, 7.7, 11, 25, 150, 'Khá', 59, 2),
    ('KQ998', 'HV017', '679113', 'Hưng Dương', 'HK012', 'Học kỳ hè Năm học 2024-2025', 1.3, 2.86, 3.2, 20, 21, 93, 'Yếu', 84, 2),
    ('KQ999', 'HV029', '674894', 'Hà Nguyễn', 'HK009', 'Học kỳ hè Năm học 2023-2024', 4.0, 2.94, 10.0, 14, 8, 58, 'Xuất sắc', 97, 3),
    ('KQ1000', 'HV116', '678699', 'Bà Vân Nguyễn', 'HK001', 'Học kỳ 1 Năm học 2021-2022', 3.48, 2.25, 8.7, 13, 17, 112, 'Giỏi', 86, 1);


-- Re-enable triggers
SET session_replication_role = 'origin';

-- Update statistics
ANALYZE;

SET session_replication_role = 'replica';

INSERT INTO exam_frameworks (id, code, name, description, time_minutes, mon_hoc_id, active, created_at, updated_at, created_by) VALUES
    ('EF001', 'KD001', 'Khung đề MH061 số 1', 'Khung đề kiểm tra cho môn MH061', 60, 'MH061', TRUE, '2026-06-12 15:45:00', '2026-06-12 15:45:00', 'U094'),
    ('EF002', 'KD002', 'Khung đề MH075 số 2', 'Khung đề kiểm tra cho môn MH075', 75, 'MH075', TRUE, '2026-06-12 15:45:00', '2026-06-12 15:45:00', 'U026'),
    ('EF003', 'KD003', 'Khung đề MH053 số 3', 'Khung đề kiểm tra cho môn MH053', 75, 'MH053', TRUE, '2026-06-12 15:45:00', '2026-06-12 15:45:00', 'U069'),
    ('EF004', 'KD004', 'Khung đề MH032 số 4', 'Khung đề kiểm tra cho môn MH032', 90, 'MH032', TRUE, '2026-06-12 15:45:00', '2026-06-12 15:45:00', 'U046'),
    ('EF005', 'KD005', 'Khung đề MH054 số 5', 'Khung đề kiểm tra cho môn MH054', 120, 'MH054', TRUE, '2026-06-12 15:45:00', '2026-06-12 15:45:00', 'U094'),
    ('EF006', 'KD006', 'Khung đề MH079 số 6', 'Khung đề kiểm tra cho môn MH079', 60, 'MH079', TRUE, '2026-06-12 15:45:00', '2026-06-12 15:45:00', 'U040'),
    ('EF007', 'KD007', 'Khung đề MH070 số 7', 'Khung đề kiểm tra cho môn MH070', 75, 'MH070', TRUE, '2026-06-12 15:45:00', '2026-06-12 15:45:00', 'U067'),
    ('EF008', 'KD008', 'Khung đề MH010 số 8', 'Khung đề kiểm tra cho môn MH010', 60, 'MH010', TRUE, '2026-06-12 15:45:00', '2026-06-12 15:45:00', 'U089'),
    ('EF009', 'KD009', 'Khung đề MH060 số 9', 'Khung đề kiểm tra cho môn MH060', 60, 'MH060', TRUE, '2026-06-12 15:45:00', '2026-06-12 15:45:00', 'U069'),
    ('EF010', 'KD010', 'Khung đề MH028 số 10', 'Khung đề kiểm tra cho môn MH028', 90, 'MH028', TRUE, '2026-06-12 15:45:00', '2026-06-12 15:45:00', 'U008'),
    ('EF011', 'KD011', 'Khung đề MH045 số 11', 'Khung đề kiểm tra cho môn MH045', 90, 'MH045', TRUE, '2026-06-12 15:45:00', '2026-06-12 15:45:00', 'U060'),
    ('EF012', 'KD012', 'Khung đề MH016 số 12', 'Khung đề kiểm tra cho môn MH016', 60, 'MH016', TRUE, '2026-06-12 15:45:00', '2026-06-12 15:45:00', 'U098'),
    ('EF013', 'KD013', 'Khung đề MH042 số 13', 'Khung đề kiểm tra cho môn MH042', 90, 'MH042', TRUE, '2026-06-12 15:45:00', '2026-06-12 15:45:00', 'U043'),
    ('EF014', 'KD014', 'Khung đề MH045 số 14', 'Khung đề kiểm tra cho môn MH045', 60, 'MH045', TRUE, '2026-06-12 15:45:00', '2026-06-12 15:45:00', 'U042'),
    ('EF015', 'KD015', 'Khung đề MH055 số 15', 'Khung đề kiểm tra cho môn MH055', 90, 'MH055', TRUE, '2026-06-12 15:45:00', '2026-06-12 15:45:00', 'U041'),
    ('EF016', 'KD016', 'Khung đề MH073 số 16', 'Khung đề kiểm tra cho môn MH073', 60, 'MH073', TRUE, '2026-06-12 15:45:00', '2026-06-12 15:45:00', 'U053'),
    ('EF017', 'KD017', 'Khung đề MH030 số 17', 'Khung đề kiểm tra cho môn MH030', 60, 'MH030', TRUE, '2026-06-12 15:45:00', '2026-06-12 15:45:00', 'U006'),
    ('EF018', 'KD018', 'Khung đề MH029 số 18', 'Khung đề kiểm tra cho môn MH029', 45, 'MH029', TRUE, '2026-06-12 15:45:00', '2026-06-12 15:45:00', 'U034'),
    ('EF019', 'KD019', 'Khung đề MH065 số 19', 'Khung đề kiểm tra cho môn MH065', 75, 'MH065', TRUE, '2026-06-12 15:45:00', '2026-06-12 15:45:00', 'U099'),
    ('EF020', 'KD020', 'Khung đề MH073 số 20', 'Khung đề kiểm tra cho môn MH073', 90, 'MH073', TRUE, '2026-06-12 15:45:00', '2026-06-12 15:45:00', 'U079');

INSERT INTO exam_matrices (id, code, name, description, is_default, exam_framework_id, active, created_at, updated_at, created_by) VALUES
    ('EM001', 'MT001', 'Ma trận đề 1', 'Phân bổ câu hỏi theo khối kiến thức và mức độ khó', TRUE, 'EF004', TRUE, '2026-06-12 15:45:00', '2026-06-12 15:45:00', 'U043'),
    ('EM002', 'MT002', 'Ma trận đề 2', 'Phân bổ câu hỏi theo khối kiến thức và mức độ khó', TRUE, 'EF020', TRUE, '2026-06-12 15:45:00', '2026-06-12 15:45:00', 'U100'),
    ('EM003', 'MT003', 'Ma trận đề 3', 'Phân bổ câu hỏi theo khối kiến thức và mức độ khó', TRUE, 'EF008', TRUE, '2026-06-12 15:45:00', '2026-06-12 15:45:00', 'U031'),
    ('EM004', 'MT004', 'Ma trận đề 4', 'Phân bổ câu hỏi theo khối kiến thức và mức độ khó', TRUE, 'EF015', TRUE, '2026-06-12 15:45:00', '2026-06-12 15:45:00', 'U047'),
    ('EM005', 'MT005', 'Ma trận đề 5', 'Phân bổ câu hỏi theo khối kiến thức và mức độ khó', TRUE, 'EF005', TRUE, '2026-06-12 15:45:00', '2026-06-12 15:45:00', 'U026'),
    ('EM006', 'MT006', 'Ma trận đề 6', 'Phân bổ câu hỏi theo khối kiến thức và mức độ khó', FALSE, 'EF012', TRUE, '2026-06-12 15:45:00', '2026-06-12 15:45:00', 'U064'),
    ('EM007', 'MT007', 'Ma trận đề 7', 'Phân bổ câu hỏi theo khối kiến thức và mức độ khó', FALSE, 'EF020', TRUE, '2026-06-12 15:45:00', '2026-06-12 15:45:00', 'U081'),
    ('EM008', 'MT008', 'Ma trận đề 8', 'Phân bổ câu hỏi theo khối kiến thức và mức độ khó', FALSE, 'EF005', TRUE, '2026-06-12 15:45:00', '2026-06-12 15:45:00', 'U034'),
    ('EM009', 'MT009', 'Ma trận đề 9', 'Phân bổ câu hỏi theo khối kiến thức và mức độ khó', FALSE, 'EF013', TRUE, '2026-06-12 15:45:00', '2026-06-12 15:45:00', 'U080'),
    ('EM010', 'MT010', 'Ma trận đề 10', 'Phân bổ câu hỏi theo khối kiến thức và mức độ khó', FALSE, 'EF011', TRUE, '2026-06-12 15:45:00', '2026-06-12 15:45:00', 'U043'),
    ('EM011', 'MT011', 'Ma trận đề 11', 'Phân bổ câu hỏi theo khối kiến thức và mức độ khó', FALSE, 'EF015', TRUE, '2026-06-12 15:45:00', '2026-06-12 15:45:00', 'U022'),
    ('EM012', 'MT012', 'Ma trận đề 12', 'Phân bổ câu hỏi theo khối kiến thức và mức độ khó', FALSE, 'EF005', TRUE, '2026-06-12 15:45:00', '2026-06-12 15:45:00', 'U043'),
    ('EM013', 'MT013', 'Ma trận đề 13', 'Phân bổ câu hỏi theo khối kiến thức và mức độ khó', FALSE, 'EF007', TRUE, '2026-06-12 15:45:00', '2026-06-12 15:45:00', 'U075'),
    ('EM014', 'MT014', 'Ma trận đề 14', 'Phân bổ câu hỏi theo khối kiến thức và mức độ khó', FALSE, 'EF003', TRUE, '2026-06-12 15:45:00', '2026-06-12 15:45:00', 'U013'),
    ('EM015', 'MT015', 'Ma trận đề 15', 'Phân bổ câu hỏi theo khối kiến thức và mức độ khó', FALSE, 'EF006', TRUE, '2026-06-12 15:45:00', '2026-06-12 15:45:00', 'U001'),
    ('EM016', 'MT016', 'Ma trận đề 16', 'Phân bổ câu hỏi theo khối kiến thức và mức độ khó', FALSE, 'EF005', TRUE, '2026-06-12 15:45:00', '2026-06-12 15:45:00', 'U057'),
    ('EM017', 'MT017', 'Ma trận đề 17', 'Phân bổ câu hỏi theo khối kiến thức và mức độ khó', FALSE, 'EF008', TRUE, '2026-06-12 15:45:00', '2026-06-12 15:45:00', 'U045'),
    ('EM018', 'MT018', 'Ma trận đề 18', 'Phân bổ câu hỏi theo khối kiến thức và mức độ khó', FALSE, 'EF008', TRUE, '2026-06-12 15:45:00', '2026-06-12 15:45:00', 'U011'),
    ('EM019', 'MT019', 'Ma trận đề 19', 'Phân bổ câu hỏi theo khối kiến thức và mức độ khó', FALSE, 'EF007', TRUE, '2026-06-12 15:45:00', '2026-06-12 15:45:00', 'U037'),
    ('EM020', 'MT020', 'Ma trận đề 20', 'Phân bổ câu hỏi theo khối kiến thức và mức độ khó', FALSE, 'EF008', TRUE, '2026-06-12 15:45:00', '2026-06-12 15:45:00', 'U089'),
    ('EM021', 'MT021', 'Ma trận đề 21', 'Phân bổ câu hỏi theo khối kiến thức và mức độ khó', FALSE, 'EF015', TRUE, '2026-06-12 15:45:00', '2026-06-12 15:45:00', 'U078'),
    ('EM022', 'MT022', 'Ma trận đề 22', 'Phân bổ câu hỏi theo khối kiến thức và mức độ khó', FALSE, 'EF009', TRUE, '2026-06-12 15:45:00', '2026-06-12 15:45:00', 'U062'),
    ('EM023', 'MT023', 'Ma trận đề 23', 'Phân bổ câu hỏi theo khối kiến thức và mức độ khó', FALSE, 'EF017', TRUE, '2026-06-12 15:45:00', '2026-06-12 15:45:00', 'U056'),
    ('EM024', 'MT024', 'Ma trận đề 24', 'Phân bổ câu hỏi theo khối kiến thức và mức độ khó', FALSE, 'EF014', TRUE, '2026-06-12 15:45:00', '2026-06-12 15:45:00', 'U026'),
    ('EM025', 'MT025', 'Ma trận đề 25', 'Phân bổ câu hỏi theo khối kiến thức và mức độ khó', FALSE, 'EF003', TRUE, '2026-06-12 15:45:00', '2026-06-12 15:45:00', 'U039'),
    ('EM026', 'MT026', 'Ma trận đề 26', 'Phân bổ câu hỏi theo khối kiến thức và mức độ khó', FALSE, 'EF010', TRUE, '2026-06-12 15:45:00', '2026-06-12 15:45:00', 'U036'),
    ('EM027', 'MT027', 'Ma trận đề 27', 'Phân bổ câu hỏi theo khối kiến thức và mức độ khó', FALSE, 'EF005', TRUE, '2026-06-12 15:45:00', '2026-06-12 15:45:00', 'U073'),
    ('EM028', 'MT028', 'Ma trận đề 28', 'Phân bổ câu hỏi theo khối kiến thức và mức độ khó', FALSE, 'EF009', TRUE, '2026-06-12 15:45:00', '2026-06-12 15:45:00', 'U068'),
    ('EM029', 'MT029', 'Ma trận đề 29', 'Phân bổ câu hỏi theo khối kiến thức và mức độ khó', FALSE, 'EF004', TRUE, '2026-06-12 15:45:00', '2026-06-12 15:45:00', 'U064'),
    ('EM030', 'MT030', 'Ma trận đề 30', 'Phân bổ câu hỏi theo khối kiến thức và mức độ khó', FALSE, 'EF007', TRUE, '2026-06-12 15:45:00', '2026-06-12 15:45:00', 'U026');

INSERT INTO knowledge_blocks (id, code, name, description, mon_hoc_id, active, created_at, updated_at, created_by) VALUES
    ('KB001', 'KKT001', 'Chương 3 - Trong', 'Khối kiến thức phục vụ sinh câu hỏi', 'MH050', TRUE, '2026-06-12 15:45:00', '2026-06-12 15:45:00', 'U066'),
    ('KB002', 'KKT002', 'Chương 6 - Nếu', 'Khối kiến thức phục vụ sinh câu hỏi', 'MH029', TRUE, '2026-06-12 15:45:00', '2026-06-12 15:45:00', 'U046'),
    ('KB003', 'KKT003', 'Chương 7 - Từng', 'Khối kiến thức phục vụ sinh câu hỏi', 'MH006', TRUE, '2026-06-12 15:45:00', '2026-06-12 15:45:00', 'U095'),
    ('KB004', 'KKT004', 'Chương 2 - Thế', 'Khối kiến thức phục vụ sinh câu hỏi', 'MH010', TRUE, '2026-06-12 15:45:00', '2026-06-12 15:45:00', 'U030'),
    ('KB005', 'KKT005', 'Chương 3 - Được', 'Khối kiến thức phục vụ sinh câu hỏi', 'MH008', TRUE, '2026-06-12 15:45:00', '2026-06-12 15:45:00', 'U027'),
    ('KB006', 'KKT006', 'Chương 2 - Vậy', 'Khối kiến thức phục vụ sinh câu hỏi', 'MH079', TRUE, '2026-06-12 15:45:00', '2026-06-12 15:45:00', 'U065'),
    ('KB007', 'KKT007', 'Chương 4 - Nhưng', 'Khối kiến thức phục vụ sinh câu hỏi', 'MH023', TRUE, '2026-06-12 15:45:00', '2026-06-12 15:45:00', 'U063'),
    ('KB008', 'KKT008', 'Chương 3 - Như', 'Khối kiến thức phục vụ sinh câu hỏi', 'MH075', TRUE, '2026-06-12 15:45:00', '2026-06-12 15:45:00', 'U021'),
    ('KB009', 'KKT009', 'Chương 3 - Nào', 'Khối kiến thức phục vụ sinh câu hỏi', 'MH012', TRUE, '2026-06-12 15:45:00', '2026-06-12 15:45:00', 'U080'),
    ('KB010', 'KKT010', 'Chương 1 - Mỗi', 'Khối kiến thức phục vụ sinh câu hỏi', 'MH014', TRUE, '2026-06-12 15:45:00', '2026-06-12 15:45:00', 'U077'),
    ('KB011', 'KKT011', 'Chương 3 - Có', 'Khối kiến thức phục vụ sinh câu hỏi', 'MH014', TRUE, '2026-06-12 15:45:00', '2026-06-12 15:45:00', 'U070'),
    ('KB012', 'KKT012', 'Chương 1 - Điều', 'Khối kiến thức phục vụ sinh câu hỏi', 'MH041', TRUE, '2026-06-12 15:45:00', '2026-06-12 15:45:00', 'U016'),
    ('KB013', 'KKT013', 'Chương 1 - Chưa', 'Khối kiến thức phục vụ sinh câu hỏi', 'MH036', TRUE, '2026-06-12 15:45:00', '2026-06-12 15:45:00', 'U024'),
    ('KB014', 'KKT014', 'Chương 2 - Thì', 'Khối kiến thức phục vụ sinh câu hỏi', 'MH008', TRUE, '2026-06-12 15:45:00', '2026-06-12 15:45:00', 'U082'),
    ('KB015', 'KKT015', 'Chương 4 - Để', 'Khối kiến thức phục vụ sinh câu hỏi', 'MH080', TRUE, '2026-06-12 15:45:00', '2026-06-12 15:45:00', 'U075'),
    ('KB016', 'KKT016', 'Chương 4 - Thay', 'Khối kiến thức phục vụ sinh câu hỏi', 'MH027', TRUE, '2026-06-12 15:45:00', '2026-06-12 15:45:00', 'U060'),
    ('KB017', 'KKT017', 'Chương 8 - Cách', 'Khối kiến thức phục vụ sinh câu hỏi', 'MH024', TRUE, '2026-06-12 15:45:00', '2026-06-12 15:45:00', 'U041'),
    ('KB018', 'KKT018', 'Chương 8 - Để', 'Khối kiến thức phục vụ sinh câu hỏi', 'MH035', TRUE, '2026-06-12 15:45:00', '2026-06-12 15:45:00', 'U082'),
    ('KB019', 'KKT019', 'Chương 4 - Với', 'Khối kiến thức phục vụ sinh câu hỏi', 'MH057', TRUE, '2026-06-12 15:45:00', '2026-06-12 15:45:00', 'U052'),
    ('KB020', 'KKT020', 'Chương 8 - Khi', 'Khối kiến thức phục vụ sinh câu hỏi', 'MH076', TRUE, '2026-06-12 15:45:00', '2026-06-12 15:45:00', 'U054'),
    ('KB021', 'KKT021', 'Chương 3 - Sau', 'Khối kiến thức phục vụ sinh câu hỏi', 'MH077', TRUE, '2026-06-12 15:45:00', '2026-06-12 15:45:00', 'U027'),
    ('KB022', 'KKT022', 'Chương 5 - Này', 'Khối kiến thức phục vụ sinh câu hỏi', 'MH021', TRUE, '2026-06-12 15:45:00', '2026-06-12 15:45:00', 'U051'),
    ('KB023', 'KKT023', 'Chương 3 - Như', 'Khối kiến thức phục vụ sinh câu hỏi', 'MH026', TRUE, '2026-06-12 15:45:00', '2026-06-12 15:45:00', 'U046'),
    ('KB024', 'KKT024', 'Chương 1 - Thì', 'Khối kiến thức phục vụ sinh câu hỏi', 'MH059', TRUE, '2026-06-12 15:45:00', '2026-06-12 15:45:00', 'U016'),
    ('KB025', 'KKT025', 'Chương 1 - Vậy', 'Khối kiến thức phục vụ sinh câu hỏi', 'MH043', TRUE, '2026-06-12 15:45:00', '2026-06-12 15:45:00', 'U099'),
    ('KB026', 'KKT026', 'Chương 7 - Để', 'Khối kiến thức phục vụ sinh câu hỏi', 'MH029', TRUE, '2026-06-12 15:45:00', '2026-06-12 15:45:00', 'U085'),
    ('KB027', 'KKT027', 'Chương 4 - Lớn', 'Khối kiến thức phục vụ sinh câu hỏi', 'MH005', TRUE, '2026-06-12 15:45:00', '2026-06-12 15:45:00', 'U078'),
    ('KB028', 'KKT028', 'Chương 8 - Điều', 'Khối kiến thức phục vụ sinh câu hỏi', 'MH060', TRUE, '2026-06-12 15:45:00', '2026-06-12 15:45:00', 'U071'),
    ('KB029', 'KKT029', 'Chương 7 - Sau', 'Khối kiến thức phục vụ sinh câu hỏi', 'MH007', TRUE, '2026-06-12 15:45:00', '2026-06-12 15:45:00', 'U043'),
    ('KB030', 'KKT030', 'Chương 6 - Không', 'Khối kiến thức phục vụ sinh câu hỏi', 'MH002', TRUE, '2026-06-12 15:45:00', '2026-06-12 15:45:00', 'U071'),
    ('KB031', 'KKT031', 'Chương 3 - Đã', 'Khối kiến thức phục vụ sinh câu hỏi', 'MH033', TRUE, '2026-06-12 15:45:00', '2026-06-12 15:45:00', 'U029'),
    ('KB032', 'KKT032', 'Chương 2 - Với', 'Khối kiến thức phục vụ sinh câu hỏi', 'MH078', TRUE, '2026-06-12 15:45:00', '2026-06-12 15:45:00', 'U056'),
    ('KB033', 'KKT033', 'Chương 3 - Dưới', 'Khối kiến thức phục vụ sinh câu hỏi', 'MH009', TRUE, '2026-06-12 15:45:00', '2026-06-12 15:45:00', 'U023'),
    ('KB034', 'KKT034', 'Chương 6 - Cách', 'Khối kiến thức phục vụ sinh câu hỏi', 'MH004', TRUE, '2026-06-12 15:45:00', '2026-06-12 15:45:00', 'U040'),
    ('KB035', 'KKT035', 'Chương 8 - Lớn', 'Khối kiến thức phục vụ sinh câu hỏi', 'MH033', TRUE, '2026-06-12 15:45:00', '2026-06-12 15:45:00', 'U021'),
    ('KB036', 'KKT036', 'Chương 8 - Được', 'Khối kiến thức phục vụ sinh câu hỏi', 'MH047', TRUE, '2026-06-12 15:45:00', '2026-06-12 15:45:00', 'U056'),
    ('KB037', 'KKT037', 'Chương 6 - Với', 'Khối kiến thức phục vụ sinh câu hỏi', 'MH063', TRUE, '2026-06-12 15:45:00', '2026-06-12 15:45:00', 'U021'),
    ('KB038', 'KKT038', 'Chương 2 - Hoặc', 'Khối kiến thức phục vụ sinh câu hỏi', 'MH005', TRUE, '2026-06-12 15:45:00', '2026-06-12 15:45:00', 'U016'),
    ('KB039', 'KKT039', 'Chương 7 - Điều', 'Khối kiến thức phục vụ sinh câu hỏi', 'MH047', TRUE, '2026-06-12 15:45:00', '2026-06-12 15:45:00', 'U082'),
    ('KB040', 'KKT040', 'Chương 2 - Giữa', 'Khối kiến thức phục vụ sinh câu hỏi', 'MH024', TRUE, '2026-06-12 15:45:00', '2026-06-12 15:45:00', 'U007'),
    ('KB041', 'KKT041', 'Chương 1 - Tự', 'Khối kiến thức phục vụ sinh câu hỏi', 'MH056', TRUE, '2026-06-12 15:45:00', '2026-06-12 15:45:00', 'U035'),
    ('KB042', 'KKT042', 'Chương 2 - Thì', 'Khối kiến thức phục vụ sinh câu hỏi', 'MH030', TRUE, '2026-06-12 15:45:00', '2026-06-12 15:45:00', 'U041'),
    ('KB043', 'KKT043', 'Chương 3 - Vậy', 'Khối kiến thức phục vụ sinh câu hỏi', 'MH070', TRUE, '2026-06-12 15:45:00', '2026-06-12 15:45:00', 'U028'),
    ('KB044', 'KKT044', 'Chương 2 - Mà', 'Khối kiến thức phục vụ sinh câu hỏi', 'MH073', TRUE, '2026-06-12 15:45:00', '2026-06-12 15:45:00', 'U056'),
    ('KB045', 'KKT045', 'Chương 5 - Khi', 'Khối kiến thức phục vụ sinh câu hỏi', 'MH014', TRUE, '2026-06-12 15:45:00', '2026-06-12 15:45:00', 'U056'),
    ('KB046', 'KKT046', 'Chương 3 - Như', 'Khối kiến thức phục vụ sinh câu hỏi', 'MH072', TRUE, '2026-06-12 15:45:00', '2026-06-12 15:45:00', 'U098'),
    ('KB047', 'KKT047', 'Chương 1 - Về', 'Khối kiến thức phục vụ sinh câu hỏi', 'MH030', TRUE, '2026-06-12 15:45:00', '2026-06-12 15:45:00', 'U066'),
    ('KB048', 'KKT048', 'Chương 4 - Là', 'Khối kiến thức phục vụ sinh câu hỏi', 'MH016', TRUE, '2026-06-12 15:45:00', '2026-06-12 15:45:00', 'U049'),
    ('KB049', 'KKT049', 'Chương 7 - Nhưng', 'Khối kiến thức phục vụ sinh câu hỏi', 'MH069', TRUE, '2026-06-12 15:45:00', '2026-06-12 15:45:00', 'U058'),
    ('KB050', 'KKT050', 'Chương 3 - Như', 'Khối kiến thức phục vụ sinh câu hỏi', 'MH074', TRUE, '2026-06-12 15:45:00', '2026-06-12 15:45:00', 'U083'),
    ('KB051', 'KKT051', 'Chương 5 - Giữa', 'Khối kiến thức phục vụ sinh câu hỏi', 'MH032', TRUE, '2026-06-12 15:45:00', '2026-06-12 15:45:00', 'U036'),
    ('KB052', 'KKT052', 'Chương 6 - Tự', 'Khối kiến thức phục vụ sinh câu hỏi', 'MH076', TRUE, '2026-06-12 15:45:00', '2026-06-12 15:45:00', 'U058'),
    ('KB053', 'KKT053', 'Chương 7 - Điều', 'Khối kiến thức phục vụ sinh câu hỏi', 'MH015', TRUE, '2026-06-12 15:45:00', '2026-06-12 15:45:00', 'U051'),
    ('KB054', 'KKT054', 'Chương 6 - Người', 'Khối kiến thức phục vụ sinh câu hỏi', 'MH037', TRUE, '2026-06-12 15:45:00', '2026-06-12 15:45:00', 'U065'),
    ('KB055', 'KKT055', 'Chương 4 - Cách', 'Khối kiến thức phục vụ sinh câu hỏi', 'MH067', TRUE, '2026-06-12 15:45:00', '2026-06-12 15:45:00', 'U031'),
    ('KB056', 'KKT056', 'Chương 4 - Từ', 'Khối kiến thức phục vụ sinh câu hỏi', 'MH046', TRUE, '2026-06-12 15:45:00', '2026-06-12 15:45:00', 'U054'),
    ('KB057', 'KKT057', 'Chương 5 - Mà', 'Khối kiến thức phục vụ sinh câu hỏi', 'MH060', TRUE, '2026-06-12 15:45:00', '2026-06-12 15:45:00', 'U037'),
    ('KB058', 'KKT058', 'Chương 8 - Cũng', 'Khối kiến thức phục vụ sinh câu hỏi', 'MH025', TRUE, '2026-06-12 15:45:00', '2026-06-12 15:45:00', 'U083'),
    ('KB059', 'KKT059', 'Chương 1 - Sau', 'Khối kiến thức phục vụ sinh câu hỏi', 'MH070', TRUE, '2026-06-12 15:45:00', '2026-06-12 15:45:00', 'U033'),
    ('KB060', 'KKT060', 'Chương 4 - Vài', 'Khối kiến thức phục vụ sinh câu hỏi', 'MH049', TRUE, '2026-06-12 15:45:00', '2026-06-12 15:45:00', 'U034');

INSERT INTO question_banks (id, code, name, description, mon_hoc_id, active, created_at, updated_at, created_by) VALUES
    ('QB001', 'NHCH001', 'Ngân hàng câu hỏi MH053', 'Câu hỏi dùng cho kiểm tra/thi môn MH053', 'MH053', TRUE, '2026-06-12 15:45:00', '2026-06-12 15:45:00', 'U067'),
    ('QB002', 'NHCH002', 'Ngân hàng câu hỏi MH018', 'Câu hỏi dùng cho kiểm tra/thi môn MH018', 'MH018', TRUE, '2026-06-12 15:45:00', '2026-06-12 15:45:00', 'U084'),
    ('QB003', 'NHCH003', 'Ngân hàng câu hỏi MH041', 'Câu hỏi dùng cho kiểm tra/thi môn MH041', 'MH041', TRUE, '2026-06-12 15:45:00', '2026-06-12 15:45:00', 'U037'),
    ('QB004', 'NHCH004', 'Ngân hàng câu hỏi MH069', 'Câu hỏi dùng cho kiểm tra/thi môn MH069', 'MH069', TRUE, '2026-06-12 15:45:00', '2026-06-12 15:45:00', 'U018'),
    ('QB005', 'NHCH005', 'Ngân hàng câu hỏi MH012', 'Câu hỏi dùng cho kiểm tra/thi môn MH012', 'MH012', TRUE, '2026-06-12 15:45:00', '2026-06-12 15:45:00', 'U065'),
    ('QB006', 'NHCH006', 'Ngân hàng câu hỏi MH029', 'Câu hỏi dùng cho kiểm tra/thi môn MH029', 'MH029', TRUE, '2026-06-12 15:45:00', '2026-06-12 15:45:00', 'U060'),
    ('QB007', 'NHCH007', 'Ngân hàng câu hỏi MH078', 'Câu hỏi dùng cho kiểm tra/thi môn MH078', 'MH078', TRUE, '2026-06-12 15:45:00', '2026-06-12 15:45:00', 'U036'),
    ('QB008', 'NHCH008', 'Ngân hàng câu hỏi MH038', 'Câu hỏi dùng cho kiểm tra/thi môn MH038', 'MH038', TRUE, '2026-06-12 15:45:00', '2026-06-12 15:45:00', 'U032'),
    ('QB009', 'NHCH009', 'Ngân hàng câu hỏi MH067', 'Câu hỏi dùng cho kiểm tra/thi môn MH067', 'MH067', TRUE, '2026-06-12 15:45:00', '2026-06-12 15:45:00', 'U050'),
    ('QB010', 'NHCH010', 'Ngân hàng câu hỏi MH037', 'Câu hỏi dùng cho kiểm tra/thi môn MH037', 'MH037', TRUE, '2026-06-12 15:45:00', '2026-06-12 15:45:00', 'U024'),
    ('QB011', 'NHCH011', 'Ngân hàng câu hỏi MH062', 'Câu hỏi dùng cho kiểm tra/thi môn MH062', 'MH062', TRUE, '2026-06-12 15:45:00', '2026-06-12 15:45:00', 'U047'),
    ('QB012', 'NHCH012', 'Ngân hàng câu hỏi MH004', 'Câu hỏi dùng cho kiểm tra/thi môn MH004', 'MH004', TRUE, '2026-06-12 15:45:00', '2026-06-12 15:45:00', 'U077'),
    ('QB013', 'NHCH013', 'Ngân hàng câu hỏi MH049', 'Câu hỏi dùng cho kiểm tra/thi môn MH049', 'MH049', TRUE, '2026-06-12 15:45:00', '2026-06-12 15:45:00', 'U089'),
    ('QB014', 'NHCH014', 'Ngân hàng câu hỏi MH009', 'Câu hỏi dùng cho kiểm tra/thi môn MH009', 'MH009', TRUE, '2026-06-12 15:45:00', '2026-06-12 15:45:00', 'U097'),
    ('QB015', 'NHCH015', 'Ngân hàng câu hỏi MH018', 'Câu hỏi dùng cho kiểm tra/thi môn MH018', 'MH018', TRUE, '2026-06-12 15:45:00', '2026-06-12 15:45:00', 'U013'),
    ('QB016', 'NHCH016', 'Ngân hàng câu hỏi MH055', 'Câu hỏi dùng cho kiểm tra/thi môn MH055', 'MH055', TRUE, '2026-06-12 15:45:00', '2026-06-12 15:45:00', 'U079'),
    ('QB017', 'NHCH017', 'Ngân hàng câu hỏi MH042', 'Câu hỏi dùng cho kiểm tra/thi môn MH042', 'MH042', TRUE, '2026-06-12 15:45:00', '2026-06-12 15:45:00', 'U025'),
    ('QB018', 'NHCH018', 'Ngân hàng câu hỏi MH010', 'Câu hỏi dùng cho kiểm tra/thi môn MH010', 'MH010', TRUE, '2026-06-12 15:45:00', '2026-06-12 15:45:00', 'U098'),
    ('QB019', 'NHCH019', 'Ngân hàng câu hỏi MH075', 'Câu hỏi dùng cho kiểm tra/thi môn MH075', 'MH075', TRUE, '2026-06-12 15:45:00', '2026-06-12 15:45:00', 'U033'),
    ('QB020', 'NHCH020', 'Ngân hàng câu hỏi MH005', 'Câu hỏi dùng cho kiểm tra/thi môn MH005', 'MH005', TRUE, '2026-06-12 15:45:00', '2026-06-12 15:45:00', 'U082'),
    ('QB021', 'NHCH021', 'Ngân hàng câu hỏi MH034', 'Câu hỏi dùng cho kiểm tra/thi môn MH034', 'MH034', TRUE, '2026-06-12 15:45:00', '2026-06-12 15:45:00', 'U086'),
    ('QB022', 'NHCH022', 'Ngân hàng câu hỏi MH067', 'Câu hỏi dùng cho kiểm tra/thi môn MH067', 'MH067', TRUE, '2026-06-12 15:45:00', '2026-06-12 15:45:00', 'U025'),
    ('QB023', 'NHCH023', 'Ngân hàng câu hỏi MH056', 'Câu hỏi dùng cho kiểm tra/thi môn MH056', 'MH056', TRUE, '2026-06-12 15:45:00', '2026-06-12 15:45:00', 'U022'),
    ('QB024', 'NHCH024', 'Ngân hàng câu hỏi MH025', 'Câu hỏi dùng cho kiểm tra/thi môn MH025', 'MH025', TRUE, '2026-06-12 15:45:00', '2026-06-12 15:45:00', 'U092'),
    ('QB025', 'NHCH025', 'Ngân hàng câu hỏi MH061', 'Câu hỏi dùng cho kiểm tra/thi môn MH061', 'MH061', TRUE, '2026-06-12 15:45:00', '2026-06-12 15:45:00', 'U035');

INSERT INTO questions (id, code, content, type, difficult, explanation, question_bank_id, knowledge_block_id, active, created_at, updated_at, created_by) VALUES
    ('Q0001', 'CH0001', 'Quy trình coi thi được tổ chức nghiêm túc? (Không thế bên trong.)', 'single_choice', 'easy', 'Đáp án dựa trên chuẩn đầu ra của học phần.', 'QB004', 'KB038', TRUE, '2026-06-12 15:45:00', '2026-06-12 15:45:00', 'U035'),
    ('Q0002', 'CH0002', 'Bạn có góp ý gì để cải thiện học phần/dịch vụ? (Đúng của để bạn giống.)', 'essay', 'hard', 'Đáp án dựa trên chuẩn đầu ra của học phần.', 'QB004', 'KB015', TRUE, '2026-06-12 15:45:00', '2026-06-12 15:45:00', 'U097'),
    ('Q0003', 'CH0003', 'Hình thức kiểm tra đánh giá phản ánh đúng năng lực người học? (Có tự cách.)', 'fill_blank', 'easy', 'Đáp án dựa trên chuẩn đầu ra của học phần.', 'QB010', 'KB042', TRUE, '2026-06-12 15:45:00', '2026-06-12 15:45:00', 'U018'),
    ('Q0004', 'CH0004', 'Giảng viên trình bày bài học rõ ràng và dễ hiểu? (Với có với như.)', 'essay', 'easy', 'Đáp án dựa trên chuẩn đầu ra của học phần.', 'QB011', 'KB027', TRUE, '2026-06-12 15:45:00', '2026-06-12 15:45:00', 'U043'),
    ('Q0005', 'CH0005', 'Bạn hài lòng với trải nghiệm học tập của học phần này? (Tự số của thế của tôi một vẫn.)', 'true_false', 'easy', 'Đáp án dựa trên chuẩn đầu ra của học phần.', 'QB001', 'KB039', TRUE, '2026-06-12 15:45:00', '2026-06-12 15:45:00', 'U036'),
    ('Q0006', 'CH0006', 'Bạn có góp ý gì để cải thiện học phần/dịch vụ? (Vậy khiến có đi rất tại nơi rất.)', 'multiple_choice', 'medium', 'Đáp án dựa trên chuẩn đầu ra của học phần.', 'QB006', 'KB033', TRUE, '2026-06-12 15:45:00', '2026-06-12 15:45:00', 'U033'),
    ('Q0007', 'CH0007', 'Tài liệu học tập được cung cấp đầy đủ? (Đã nhiều như để.)', 'fill_blank', 'hard', 'Đáp án dựa trên chuẩn đầu ra của học phần.', 'QB014', 'KB048', TRUE, '2026-06-12 15:45:00', '2026-06-12 15:45:00', 'U070'),
    ('Q0008', 'CH0008', 'Tài liệu học tập được cung cấp đầy đủ? (Từng cho đó khi.)', 'multiple_choice', 'easy', 'Đáp án dựa trên chuẩn đầu ra của học phần.', 'QB022', 'KB045', TRUE, '2026-06-12 15:45:00', '2026-06-12 15:45:00', 'U030'),
    ('Q0009', 'CH0009', 'Bạn có góp ý gì để cải thiện học phần/dịch vụ? (Không với nào lớn.)', 'single_choice', 'hard', 'Đáp án dựa trên chuẩn đầu ra của học phần.', 'QB004', 'KB028', TRUE, '2026-06-12 15:45:00', '2026-06-12 15:45:00', 'U068'),
    ('Q0010', 'CH0010', 'Quy trình coi thi được tổ chức nghiêm túc? (Đang với số sau để tại.)', 'single_choice', 'easy', 'Đáp án dựa trên chuẩn đầu ra của học phần.', 'QB009', 'KB046', TRUE, '2026-06-12 15:45:00', '2026-06-12 15:45:00', 'U047'),
    ('Q0011', 'CH0011', 'Phòng học và thiết bị hỗ trợ học tập đáp ứng nhu cầu? (Như để giống này nếu thay mỗi tự.)', 'true_false', 'medium', 'Đáp án dựa trên chuẩn đầu ra của học phần.', 'QB022', 'KB038', TRUE, '2026-06-12 15:45:00', '2026-06-12 15:45:00', 'U058'),
    ('Q0012', 'CH0012', 'Tài liệu học tập được cung cấp đầy đủ? (Mà lớn của của làm.)', 'true_false', 'medium', 'Đáp án dựa trên chuẩn đầu ra của học phần.', 'QB021', 'KB058', TRUE, '2026-06-12 15:45:00', '2026-06-12 15:45:00', 'U064'),
    ('Q0013', 'CH0013', 'Quy trình coi thi được tổ chức nghiêm túc? (Của tại nơi về thì tại vậy.)', 'fill_blank', 'medium', 'Đáp án dựa trên chuẩn đầu ra của học phần.', 'QB006', 'KB005', TRUE, '2026-06-12 15:45:00', '2026-06-12 15:45:00', 'U065'),
    ('Q0014', 'CH0014', 'Phòng học và thiết bị hỗ trợ học tập đáp ứng nhu cầu? (Như đi điều đang mà thay dưới.)', 'fill_blank', 'easy', 'Đáp án dựa trên chuẩn đầu ra của học phần.', 'QB006', 'KB029', TRUE, '2026-06-12 15:45:00', '2026-06-12 15:45:00', 'U060'),
    ('Q0015', 'CH0015', 'Bạn có góp ý gì để cải thiện học phần/dịch vụ? (Tại số như khiến gần làm người.)', 'true_false', 'easy', 'Đáp án dựa trên chuẩn đầu ra của học phần.', 'QB005', 'KB048', TRUE, '2026-06-12 15:45:00', '2026-06-12 15:45:00', 'U015'),
    ('Q0016', 'CH0016', 'Phòng học và thiết bị hỗ trợ học tập đáp ứng nhu cầu? (Số với vậy bên vậy đến đến.)', 'single_choice', 'hard', 'Đáp án dựa trên chuẩn đầu ra của học phần.', 'QB024', 'KB006', TRUE, '2026-06-12 15:45:00', '2026-06-12 15:45:00', 'U091'),
    ('Q0017', 'CH0017', 'Quy trình coi thi được tổ chức nghiêm túc? (Với để rất cái vậy.)', 'essay', 'easy', 'Đáp án dựa trên chuẩn đầu ra của học phần.', 'QB017', 'KB033', TRUE, '2026-06-12 15:45:00', '2026-06-12 15:45:00', 'U087'),
    ('Q0018', 'CH0018', 'Lịch thi được thông báo kịp thời và rõ ràng? (Của vẫn vì với với từ số.)', 'multiple_choice', 'hard', 'Đáp án dựa trên chuẩn đầu ra của học phần.', 'QB017', 'KB041', TRUE, '2026-06-12 15:45:00', '2026-06-12 15:45:00', 'U039'),
    ('Q0019', 'CH0019', 'Bạn có góp ý gì để cải thiện học phần/dịch vụ? (Nơi cũng tôi.)', 'true_false', 'easy', 'Đáp án dựa trên chuẩn đầu ra của học phần.', 'QB022', 'KB014', TRUE, '2026-06-12 15:45:00', '2026-06-12 15:45:00', 'U087'),
    ('Q0020', 'CH0020', 'Phòng học và thiết bị hỗ trợ học tập đáp ứng nhu cầu? (Một về của về đúng mỗi.)', 'multiple_choice', 'hard', 'Đáp án dựa trên chuẩn đầu ra của học phần.', 'QB011', 'KB017', TRUE, '2026-06-12 15:45:00', '2026-06-12 15:45:00', 'U043'),
    ('Q0021', 'CH0021', 'Bạn có góp ý gì để cải thiện học phần/dịch vụ? (Giống giữa như thay dưới chỉ này.)', 'multiple_choice', 'hard', 'Đáp án dựa trên chuẩn đầu ra của học phần.', 'QB018', 'KB017', TRUE, '2026-06-12 15:45:00', '2026-06-12 15:45:00', 'U045'),
    ('Q0022', 'CH0022', 'Mức độ phù hợp của nội dung học phần với mục tiêu đào tạo? (Lớn khiến nhiều tại tự bạn hơn.)', 'multiple_choice', 'medium', 'Đáp án dựa trên chuẩn đầu ra của học phần.', 'QB001', 'KB040', TRUE, '2026-06-12 15:45:00', '2026-06-12 15:45:00', 'U041'),
    ('Q0023', 'CH0023', 'Tài liệu học tập được cung cấp đầy đủ? (Vì giữa một tại từ.)', 'multiple_choice', 'medium', 'Đáp án dựa trên chuẩn đầu ra của học phần.', 'QB015', 'KB034', TRUE, '2026-06-12 15:45:00', '2026-06-12 15:45:00', 'U007'),
    ('Q0024', 'CH0024', 'Quy trình coi thi được tổ chức nghiêm túc? (Cho sẽ một đúng để để đó cũng.)', 'single_choice', 'hard', 'Đáp án dựa trên chuẩn đầu ra của học phần.', 'QB009', 'KB026', TRUE, '2026-06-12 15:45:00', '2026-06-12 15:45:00', 'U007'),
    ('Q0025', 'CH0025', 'Tài liệu học tập được cung cấp đầy đủ? (Vậy như theo của nếu cũng.)', 'multiple_choice', 'easy', 'Đáp án dựa trên chuẩn đầu ra của học phần.', 'QB012', 'KB001', TRUE, '2026-06-12 15:45:00', '2026-06-12 15:45:00', 'U058'),
    ('Q0026', 'CH0026', 'Hình thức kiểm tra đánh giá phản ánh đúng năng lực người học? (Mà người mà.)', 'essay', 'easy', 'Đáp án dựa trên chuẩn đầu ra của học phần.', 'QB011', 'KB055', TRUE, '2026-06-12 15:45:00', '2026-06-12 15:45:00', 'U079'),
    ('Q0027', 'CH0027', 'Lịch thi được thông báo kịp thời và rõ ràng? (Có như thay bên.)', 'essay', 'easy', 'Đáp án dựa trên chuẩn đầu ra của học phần.', 'QB024', 'KB044', TRUE, '2026-06-12 15:45:00', '2026-06-12 15:45:00', 'U077'),
    ('Q0028', 'CH0028', 'Đề thi có độ khó phù hợp với nội dung đã học? (Vài chưa nhiều đã đến các.)', 'fill_blank', 'hard', 'Đáp án dựa trên chuẩn đầu ra của học phần.', 'QB021', 'KB050', TRUE, '2026-06-12 15:45:00', '2026-06-12 15:45:00', 'U057'),
    ('Q0029', 'CH0029', 'Tài liệu học tập được cung cấp đầy đủ? (Cho hơn tại nhưng thì.)', 'multiple_choice', 'easy', 'Đáp án dựa trên chuẩn đầu ra của học phần.', 'QB017', 'KB044', TRUE, '2026-06-12 15:45:00', '2026-06-12 15:45:00', 'U053'),
    ('Q0030', 'CH0030', 'Quy trình coi thi được tổ chức nghiêm túc? (Khiến nào có khi một là theo.)', 'essay', 'medium', 'Đáp án dựa trên chuẩn đầu ra của học phần.', 'QB024', 'KB015', TRUE, '2026-06-12 15:45:00', '2026-06-12 15:45:00', 'U006'),
    ('Q0031', 'CH0031', 'Bạn hài lòng với trải nghiệm học tập của học phần này? (Một cũng bên như nhưng đúng sau trong.)', 'essay', 'easy', 'Đáp án dựa trên chuẩn đầu ra của học phần.', 'QB009', 'KB058', TRUE, '2026-06-12 15:45:00', '2026-06-12 15:45:00', 'U098'),
    ('Q0032', 'CH0032', 'Lịch thi được thông báo kịp thời và rõ ràng? (Thay tại tại.)', 'single_choice', 'hard', 'Đáp án dựa trên chuẩn đầu ra của học phần.', 'QB018', 'KB055', TRUE, '2026-06-12 15:45:00', '2026-06-12 15:45:00', 'U047'),
    ('Q0033', 'CH0033', 'Quy trình coi thi được tổ chức nghiêm túc? (Hơn làm tự vì chưa.)', 'true_false', 'hard', 'Đáp án dựa trên chuẩn đầu ra của học phần.', 'QB019', 'KB031', TRUE, '2026-06-12 15:45:00', '2026-06-12 15:45:00', 'U096'),
    ('Q0034', 'CH0034', 'Đề thi có độ khó phù hợp với nội dung đã học? (Này theo vài đúng làm của.)', 'essay', 'hard', 'Đáp án dựa trên chuẩn đầu ra của học phần.', 'QB021', 'KB017', TRUE, '2026-06-12 15:45:00', '2026-06-12 15:45:00', 'U015'),
    ('Q0035', 'CH0035', 'Hình thức kiểm tra đánh giá phản ánh đúng năng lực người học? (Và của lớn tại thì cũng từ.)', 'single_choice', 'hard', 'Đáp án dựa trên chuẩn đầu ra của học phần.', 'QB023', 'KB046', TRUE, '2026-06-12 15:45:00', '2026-06-12 15:45:00', 'U055'),
    ('Q0036', 'CH0036', 'Hình thức kiểm tra đánh giá phản ánh đúng năng lực người học? (Chỉ đến khi mỗi đi cũng.)', 'multiple_choice', 'easy', 'Đáp án dựa trên chuẩn đầu ra của học phần.', 'QB001', 'KB018', TRUE, '2026-06-12 15:45:00', '2026-06-12 15:45:00', 'U008'),
    ('Q0037', 'CH0037', 'Tài liệu học tập được cung cấp đầy đủ? (Một và thay các mà.)', 'true_false', 'easy', 'Đáp án dựa trên chuẩn đầu ra của học phần.', 'QB008', 'KB058', TRUE, '2026-06-12 15:45:00', '2026-06-12 15:45:00', 'U067'),
    ('Q0038', 'CH0038', 'Tài liệu học tập được cung cấp đầy đủ? (Tại của tự cái khiến.)', 'single_choice', 'easy', 'Đáp án dựa trên chuẩn đầu ra của học phần.', 'QB009', 'KB059', TRUE, '2026-06-12 15:45:00', '2026-06-12 15:45:00', 'U046'),
    ('Q0039', 'CH0039', 'Lịch thi được thông báo kịp thời và rõ ràng? (Chỉ khi vì trong về như số.)', 'fill_blank', 'hard', 'Đáp án dựa trên chuẩn đầu ra của học phần.', 'QB006', 'KB007', TRUE, '2026-06-12 15:45:00', '2026-06-12 15:45:00', 'U047'),
    ('Q0040', 'CH0040', 'Mức độ phù hợp của nội dung học phần với mục tiêu đào tạo? (Mà trong thì bên hơn nhưng.)', 'true_false', 'hard', 'Đáp án dựa trên chuẩn đầu ra của học phần.', 'QB017', 'KB049', TRUE, '2026-06-12 15:45:00', '2026-06-12 15:45:00', 'U069'),
    ('Q0041', 'CH0041', 'Bạn có góp ý gì để cải thiện học phần/dịch vụ? (Thì mà vẫn chỉ tại.)', 'essay', 'easy', 'Đáp án dựa trên chuẩn đầu ra của học phần.', 'QB002', 'KB044', TRUE, '2026-06-12 15:45:00', '2026-06-12 15:45:00', 'U099'),
    ('Q0042', 'CH0042', 'Lịch thi được thông báo kịp thời và rõ ràng? (Thì theo bạn.)', 'multiple_choice', 'medium', 'Đáp án dựa trên chuẩn đầu ra của học phần.', 'QB018', 'KB001', TRUE, '2026-06-12 15:45:00', '2026-06-12 15:45:00', 'U059'),
    ('Q0043', 'CH0043', 'Quy trình coi thi được tổ chức nghiêm túc? (Vài và để vài một vậy.)', 'true_false', 'easy', 'Đáp án dựa trên chuẩn đầu ra của học phần.', 'QB005', 'KB014', TRUE, '2026-06-12 15:45:00', '2026-06-12 15:45:00', 'U044'),
    ('Q0044', 'CH0044', 'Giảng viên trình bày bài học rõ ràng và dễ hiểu? (Hoặc và đang một thay.)', 'fill_blank', 'medium', 'Đáp án dựa trên chuẩn đầu ra của học phần.', 'QB003', 'KB051', TRUE, '2026-06-12 15:45:00', '2026-06-12 15:45:00', 'U093'),
    ('Q0045', 'CH0045', 'Hình thức kiểm tra đánh giá phản ánh đúng năng lực người học? (Hoặc trong dưới dưới một cũng.)', 'single_choice', 'easy', 'Đáp án dựa trên chuẩn đầu ra của học phần.', 'QB025', 'KB006', TRUE, '2026-06-12 15:45:00', '2026-06-12 15:45:00', 'U021'),
    ('Q0046', 'CH0046', 'Hình thức kiểm tra đánh giá phản ánh đúng năng lực người học? (Vẫn từ lớn thì từng.)', 'multiple_choice', 'easy', 'Đáp án dựa trên chuẩn đầu ra của học phần.', 'QB016', 'KB054', TRUE, '2026-06-12 15:45:00', '2026-06-12 15:45:00', 'U053'),
    ('Q0047', 'CH0047', 'Bạn hài lòng với trải nghiệm học tập của học phần này? (Tự trong như từ nếu để.)', 'essay', 'medium', 'Đáp án dựa trên chuẩn đầu ra của học phần.', 'QB017', 'KB018', TRUE, '2026-06-12 15:45:00', '2026-06-12 15:45:00', 'U081'),
    ('Q0048', 'CH0048', 'Hình thức kiểm tra đánh giá phản ánh đúng năng lực người học? (Trong đến vì mỗi trong cũng đã sau.)', 'multiple_choice', 'medium', 'Đáp án dựa trên chuẩn đầu ra của học phần.', 'QB024', 'KB013', TRUE, '2026-06-12 15:45:00', '2026-06-12 15:45:00', 'U020'),
    ('Q0049', 'CH0049', 'Tài liệu học tập được cung cấp đầy đủ? (Chưa được người gần.)', 'single_choice', 'medium', 'Đáp án dựa trên chuẩn đầu ra của học phần.', 'QB014', 'KB044', TRUE, '2026-06-12 15:45:00', '2026-06-12 15:45:00', 'U031'),
    ('Q0050', 'CH0050', 'Tài liệu học tập được cung cấp đầy đủ? (Vậy vì như cũng hơn.)', 'essay', 'medium', 'Đáp án dựa trên chuẩn đầu ra của học phần.', 'QB013', 'KB029', TRUE, '2026-06-12 15:45:00', '2026-06-12 15:45:00', 'U074'),
    ('Q0051', 'CH0051', 'Phòng học và thiết bị hỗ trợ học tập đáp ứng nhu cầu? (Nhiều đúng với cũng người từ tại.)', 'single_choice', 'hard', 'Đáp án dựa trên chuẩn đầu ra của học phần.', 'QB009', 'KB040', TRUE, '2026-06-12 15:45:00', '2026-06-12 15:45:00', 'U019'),
    ('Q0052', 'CH0052', 'Lịch thi được thông báo kịp thời và rõ ràng? (Đã chưa giống mà.)', 'single_choice', 'easy', 'Đáp án dựa trên chuẩn đầu ra của học phần.', 'QB012', 'KB032', TRUE, '2026-06-12 15:45:00', '2026-06-12 15:45:00', 'U016'),
    ('Q0053', 'CH0053', 'Bạn hài lòng với trải nghiệm học tập của học phần này? (Giống của của từ nhưng đi.)', 'multiple_choice', 'easy', 'Đáp án dựa trên chuẩn đầu ra của học phần.', 'QB015', 'KB007', TRUE, '2026-06-12 15:45:00', '2026-06-12 15:45:00', 'U078'),
    ('Q0054', 'CH0054', 'Bạn có góp ý gì để cải thiện học phần/dịch vụ? (Vài nhưng hơn tự.)', 'essay', 'hard', 'Đáp án dựa trên chuẩn đầu ra của học phần.', 'QB014', 'KB048', TRUE, '2026-06-12 15:45:00', '2026-06-12 15:45:00', 'U057'),
    ('Q0055', 'CH0055', 'Lịch thi được thông báo kịp thời và rõ ràng? (Cho có về nhiều.)', 'essay', 'hard', 'Đáp án dựa trên chuẩn đầu ra của học phần.', 'QB011', 'KB054', TRUE, '2026-06-12 15:45:00', '2026-06-12 15:45:00', 'U079'),
    ('Q0056', 'CH0056', 'Hình thức kiểm tra đánh giá phản ánh đúng năng lực người học? (Sẽ vậy đó có này.)', 'fill_blank', 'easy', 'Đáp án dựa trên chuẩn đầu ra của học phần.', 'QB008', 'KB040', TRUE, '2026-06-12 15:45:00', '2026-06-12 15:45:00', 'U053'),
    ('Q0057', 'CH0057', 'Bạn hài lòng với trải nghiệm học tập của học phần này? (Sau từ từ rất của.)', 'single_choice', 'medium', 'Đáp án dựa trên chuẩn đầu ra của học phần.', 'QB024', 'KB033', TRUE, '2026-06-12 15:45:00', '2026-06-12 15:45:00', 'U047'),
    ('Q0058', 'CH0058', 'Tài liệu học tập được cung cấp đầy đủ? (Tự để chưa tại giữa.)', 'true_false', 'hard', 'Đáp án dựa trên chuẩn đầu ra của học phần.', 'QB019', 'KB018', TRUE, '2026-06-12 15:45:00', '2026-06-12 15:45:00', 'U030'),
    ('Q0059', 'CH0059', 'Bạn có góp ý gì để cải thiện học phần/dịch vụ? (Cho mỗi cách này như trong khiến.)', 'fill_blank', 'medium', 'Đáp án dựa trên chuẩn đầu ra của học phần.', 'QB021', 'KB051', TRUE, '2026-06-12 15:45:00', '2026-06-12 15:45:00', 'U060'),
    ('Q0060', 'CH0060', 'Bạn hài lòng với trải nghiệm học tập của học phần này? (Nhưng của hơn khiến số là với.)', 'true_false', 'hard', 'Đáp án dựa trên chuẩn đầu ra của học phần.', 'QB003', 'KB030', TRUE, '2026-06-12 15:45:00', '2026-06-12 15:45:00', 'U085'),
    ('Q0061', 'CH0061', 'Mức độ phù hợp của nội dung học phần với mục tiêu đào tạo? (Thì này giữa.)', 'true_false', 'hard', 'Đáp án dựa trên chuẩn đầu ra của học phần.', 'QB007', 'KB048', TRUE, '2026-06-12 15:45:00', '2026-06-12 15:45:00', 'U061'),
    ('Q0062', 'CH0062', 'Quy trình coi thi được tổ chức nghiêm túc? (Cũng cách với vẫn khiến mà.)', 'true_false', 'medium', 'Đáp án dựa trên chuẩn đầu ra của học phần.', 'QB017', 'KB006', TRUE, '2026-06-12 15:45:00', '2026-06-12 15:45:00', 'U019'),
    ('Q0063', 'CH0063', 'Đề thi có độ khó phù hợp với nội dung đã học? (Từ mỗi tự như.)', 'fill_blank', 'medium', 'Đáp án dựa trên chuẩn đầu ra của học phần.', 'QB009', 'KB033', TRUE, '2026-06-12 15:45:00', '2026-06-12 15:45:00', 'U093'),
    ('Q0064', 'CH0064', 'Giảng viên trình bày bài học rõ ràng và dễ hiểu? (Thì các khi bên chỉ như.)', 'true_false', 'easy', 'Đáp án dựa trên chuẩn đầu ra của học phần.', 'QB007', 'KB006', TRUE, '2026-06-12 15:45:00', '2026-06-12 15:45:00', 'U070'),
    ('Q0065', 'CH0065', 'Quy trình coi thi được tổ chức nghiêm túc? (Hoặc mỗi từ đúng nào.)', 'fill_blank', 'hard', 'Đáp án dựa trên chuẩn đầu ra của học phần.', 'QB007', 'KB055', TRUE, '2026-06-12 15:45:00', '2026-06-12 15:45:00', 'U083'),
    ('Q0066', 'CH0066', 'Tài liệu học tập được cung cấp đầy đủ? (Khiến cái có làm hoặc của các.)', 'multiple_choice', 'easy', 'Đáp án dựa trên chuẩn đầu ra của học phần.', 'QB009', 'KB026', TRUE, '2026-06-12 15:45:00', '2026-06-12 15:45:00', 'U020'),
    ('Q0067', 'CH0067', 'Lịch thi được thông báo kịp thời và rõ ràng? (Vài gần chỉ khiến đến như.)', 'true_false', 'hard', 'Đáp án dựa trên chuẩn đầu ra của học phần.', 'QB023', 'KB022', TRUE, '2026-06-12 15:45:00', '2026-06-12 15:45:00', 'U063'),
    ('Q0068', 'CH0068', 'Hình thức kiểm tra đánh giá phản ánh đúng năng lực người học? (Đi bạn làm từ dưới cũng như tại.)', 'essay', 'medium', 'Đáp án dựa trên chuẩn đầu ra của học phần.', 'QB015', 'KB006', TRUE, '2026-06-12 15:45:00', '2026-06-12 15:45:00', 'U066'),
    ('Q0069', 'CH0069', 'Mức độ phù hợp của nội dung học phần với mục tiêu đào tạo? (Cách mà làm.)', 'single_choice', 'medium', 'Đáp án dựa trên chuẩn đầu ra của học phần.', 'QB010', 'KB011', TRUE, '2026-06-12 15:45:00', '2026-06-12 15:45:00', 'U088'),
    ('Q0070', 'CH0070', 'Giảng viên trình bày bài học rõ ràng và dễ hiểu? (Tôi vì để đang từng cũng.)', 'single_choice', 'hard', 'Đáp án dựa trên chuẩn đầu ra của học phần.', 'QB005', 'KB041', TRUE, '2026-06-12 15:45:00', '2026-06-12 15:45:00', 'U027'),
    ('Q0071', 'CH0071', 'Giảng viên trình bày bài học rõ ràng và dễ hiểu? (Lớn lớn làm của không với tại thay.)', 'multiple_choice', 'easy', 'Đáp án dựa trên chuẩn đầu ra của học phần.', 'QB011', 'KB002', TRUE, '2026-06-12 15:45:00', '2026-06-12 15:45:00', 'U093'),
    ('Q0072', 'CH0072', 'Hình thức kiểm tra đánh giá phản ánh đúng năng lực người học? (Tại thì nhiều thay được và đi đã.)', 'fill_blank', 'hard', 'Đáp án dựa trên chuẩn đầu ra của học phần.', 'QB020', 'KB033', TRUE, '2026-06-12 15:45:00', '2026-06-12 15:45:00', 'U059'),
    ('Q0073', 'CH0073', 'Quy trình coi thi được tổ chức nghiêm túc? (Nơi giống theo số sau nhưng.)', 'multiple_choice', 'easy', 'Đáp án dựa trên chuẩn đầu ra của học phần.', 'QB001', 'KB020', TRUE, '2026-06-12 15:45:00', '2026-06-12 15:45:00', 'U094'),
    ('Q0074', 'CH0074', 'Phòng học và thiết bị hỗ trợ học tập đáp ứng nhu cầu? (Số các khi vì sẽ bên.)', 'essay', 'easy', 'Đáp án dựa trên chuẩn đầu ra của học phần.', 'QB003', 'KB055', TRUE, '2026-06-12 15:45:00', '2026-06-12 15:45:00', 'U096'),
    ('Q0075', 'CH0075', 'Quy trình coi thi được tổ chức nghiêm túc? (Khiến sau bạn và thì như của.)', 'fill_blank', 'medium', 'Đáp án dựa trên chuẩn đầu ra của học phần.', 'QB011', 'KB027', TRUE, '2026-06-12 15:45:00', '2026-06-12 15:45:00', 'U070'),
    ('Q0076', 'CH0076', 'Quy trình coi thi được tổ chức nghiêm túc? (Thế từng nào bên của với.)', 'multiple_choice', 'easy', 'Đáp án dựa trên chuẩn đầu ra của học phần.', 'QB003', 'KB019', TRUE, '2026-06-12 15:45:00', '2026-06-12 15:45:00', 'U096'),
    ('Q0077', 'CH0077', 'Hình thức kiểm tra đánh giá phản ánh đúng năng lực người học? (Người các số vài vẫn tại.)', 'multiple_choice', 'hard', 'Đáp án dựa trên chuẩn đầu ra của học phần.', 'QB012', 'KB060', TRUE, '2026-06-12 15:45:00', '2026-06-12 15:45:00', 'U100'),
    ('Q0078', 'CH0078', 'Tài liệu học tập được cung cấp đầy đủ? (Số nơi bên sau này.)', 'essay', 'medium', 'Đáp án dựa trên chuẩn đầu ra của học phần.', 'QB025', 'KB014', TRUE, '2026-06-12 15:45:00', '2026-06-12 15:45:00', 'U017'),
    ('Q0079', 'CH0079', 'Giảng viên trình bày bài học rõ ràng và dễ hiểu? (Chỉ vài bên.)', 'essay', 'easy', 'Đáp án dựa trên chuẩn đầu ra của học phần.', 'QB008', 'KB054', TRUE, '2026-06-12 15:45:00', '2026-06-12 15:45:00', 'U004'),
    ('Q0080', 'CH0080', 'Giảng viên trình bày bài học rõ ràng và dễ hiểu? (Đã người cho.)', 'true_false', 'hard', 'Đáp án dựa trên chuẩn đầu ra của học phần.', 'QB019', 'KB044', TRUE, '2026-06-12 15:45:00', '2026-06-12 15:45:00', 'U078'),
    ('Q0081', 'CH0081', 'Lịch thi được thông báo kịp thời và rõ ràng? (Nhưng như các nhưng nhiều mỗi.)', 'essay', 'hard', 'Đáp án dựa trên chuẩn đầu ra của học phần.', 'QB022', 'KB027', TRUE, '2026-06-12 15:45:00', '2026-06-12 15:45:00', 'U028'),
    ('Q0082', 'CH0082', 'Mức độ phù hợp của nội dung học phần với mục tiêu đào tạo? (Là để để vẫn để từ để.)', 'single_choice', 'medium', 'Đáp án dựa trên chuẩn đầu ra của học phần.', 'QB007', 'KB048', TRUE, '2026-06-12 15:45:00', '2026-06-12 15:45:00', 'U041'),
    ('Q0083', 'CH0083', 'Hình thức kiểm tra đánh giá phản ánh đúng năng lực người học? (Với cũng nhưng.)', 'fill_blank', 'hard', 'Đáp án dựa trên chuẩn đầu ra của học phần.', 'QB001', 'KB037', TRUE, '2026-06-12 15:45:00', '2026-06-12 15:45:00', 'U030'),
    ('Q0084', 'CH0084', 'Bạn hài lòng với trải nghiệm học tập của học phần này? (Bên trong hoặc với này.)', 'single_choice', 'easy', 'Đáp án dựa trên chuẩn đầu ra của học phần.', 'QB016', 'KB017', TRUE, '2026-06-12 15:45:00', '2026-06-12 15:45:00', 'U097'),
    ('Q0085', 'CH0085', 'Tài liệu học tập được cung cấp đầy đủ? (Là này để nhiều về của này.)', 'fill_blank', 'hard', 'Đáp án dựa trên chuẩn đầu ra của học phần.', 'QB017', 'KB024', TRUE, '2026-06-12 15:45:00', '2026-06-12 15:45:00', 'U007'),
    ('Q0086', 'CH0086', 'Mức độ phù hợp của nội dung học phần với mục tiêu đào tạo? (Khi với cái đã này để từ.)', 'fill_blank', 'medium', 'Đáp án dựa trên chuẩn đầu ra của học phần.', 'QB021', 'KB027', TRUE, '2026-06-12 15:45:00', '2026-06-12 15:45:00', 'U041'),
    ('Q0087', 'CH0087', 'Đề thi có độ khó phù hợp với nội dung đã học? (Được trong để của đã một như.)', 'essay', 'easy', 'Đáp án dựa trên chuẩn đầu ra của học phần.', 'QB003', 'KB012', TRUE, '2026-06-12 15:45:00', '2026-06-12 15:45:00', 'U041'),
    ('Q0088', 'CH0088', 'Phòng học và thiết bị hỗ trợ học tập đáp ứng nhu cầu? (Đến bên để với từng.)', 'fill_blank', 'easy', 'Đáp án dựa trên chuẩn đầu ra của học phần.', 'QB022', 'KB049', TRUE, '2026-06-12 15:45:00', '2026-06-12 15:45:00', 'U078'),
    ('Q0089', 'CH0089', 'Bạn hài lòng với trải nghiệm học tập của học phần này? (Của với thay về có các.)', 'single_choice', 'hard', 'Đáp án dựa trên chuẩn đầu ra của học phần.', 'QB022', 'KB058', TRUE, '2026-06-12 15:45:00', '2026-06-12 15:45:00', 'U048'),
    ('Q0090', 'CH0090', 'Mức độ phù hợp của nội dung học phần với mục tiêu đào tạo? (Trong cho về từ.)', 'multiple_choice', 'medium', 'Đáp án dựa trên chuẩn đầu ra của học phần.', 'QB021', 'KB012', TRUE, '2026-06-12 15:45:00', '2026-06-12 15:45:00', 'U088'),
    ('Q0091', 'CH0091', 'Tài liệu học tập được cung cấp đầy đủ? (Thì có có hơn từ.)', 'true_false', 'easy', 'Đáp án dựa trên chuẩn đầu ra của học phần.', 'QB013', 'KB057', TRUE, '2026-06-12 15:45:00', '2026-06-12 15:45:00', 'U024'),
    ('Q0092', 'CH0092', 'Giảng viên trình bày bài học rõ ràng và dễ hiểu? (Đúng tại hoặc các này thế.)', 'fill_blank', 'easy', 'Đáp án dựa trên chuẩn đầu ra của học phần.', 'QB008', 'KB043', TRUE, '2026-06-12 15:45:00', '2026-06-12 15:45:00', 'U094'),
    ('Q0093', 'CH0093', 'Tài liệu học tập được cung cấp đầy đủ? (Theo bên với theo dưới.)', 'true_false', 'medium', 'Đáp án dựa trên chuẩn đầu ra của học phần.', 'QB024', 'KB001', TRUE, '2026-06-12 15:45:00', '2026-06-12 15:45:00', 'U062'),
    ('Q0094', 'CH0094', 'Đề thi có độ khó phù hợp với nội dung đã học? (Đã để thì nhiều.)', 'essay', 'medium', 'Đáp án dựa trên chuẩn đầu ra của học phần.', 'QB020', 'KB004', TRUE, '2026-06-12 15:45:00', '2026-06-12 15:45:00', 'U002'),
    ('Q0095', 'CH0095', 'Mức độ phù hợp của nội dung học phần với mục tiêu đào tạo? (Khiến chỉ và có gần dưới.)', 'true_false', 'medium', 'Đáp án dựa trên chuẩn đầu ra của học phần.', 'QB002', 'KB056', TRUE, '2026-06-12 15:45:00', '2026-06-12 15:45:00', 'U025'),
    ('Q0096', 'CH0096', 'Hình thức kiểm tra đánh giá phản ánh đúng năng lực người học? (Có vậy bạn bên lớn để cách đó.)', 'fill_blank', 'hard', 'Đáp án dựa trên chuẩn đầu ra của học phần.', 'QB016', 'KB012', TRUE, '2026-06-12 15:45:00', '2026-06-12 15:45:00', 'U075'),
    ('Q0097', 'CH0097', 'Mức độ phù hợp của nội dung học phần với mục tiêu đào tạo? (Các từ cách có hoặc vài gần.)', 'fill_blank', 'hard', 'Đáp án dựa trên chuẩn đầu ra của học phần.', 'QB003', 'KB007', TRUE, '2026-06-12 15:45:00', '2026-06-12 15:45:00', 'U004'),
    ('Q0098', 'CH0098', 'Quy trình coi thi được tổ chức nghiêm túc? (Vậy nhiều vài như bên đến.)', 'single_choice', 'hard', 'Đáp án dựa trên chuẩn đầu ra của học phần.', 'QB002', 'KB052', TRUE, '2026-06-12 15:45:00', '2026-06-12 15:45:00', 'U077'),
    ('Q0099', 'CH0099', 'Đề thi có độ khó phù hợp với nội dung đã học? (Với nơi như.)', 'true_false', 'hard', 'Đáp án dựa trên chuẩn đầu ra của học phần.', 'QB020', 'KB058', TRUE, '2026-06-12 15:45:00', '2026-06-12 15:45:00', 'U008'),
    ('Q0100', 'CH0100', 'Giảng viên trình bày bài học rõ ràng và dễ hiểu? (Với đang điều với chỉ.)', 'fill_blank', 'easy', 'Đáp án dựa trên chuẩn đầu ra của học phần.', 'QB019', 'KB047', TRUE, '2026-06-12 15:45:00', '2026-06-12 15:45:00', 'U053'),
    ('Q0101', 'CH0101', 'Mức độ phù hợp của nội dung học phần với mục tiêu đào tạo? (Giữa tôi thế từng một.)', 'single_choice', 'easy', 'Đáp án dựa trên chuẩn đầu ra của học phần.', 'QB011', 'KB006', TRUE, '2026-06-12 15:45:00', '2026-06-12 15:45:00', 'U013'),
    ('Q0102', 'CH0102', 'Phòng học và thiết bị hỗ trợ học tập đáp ứng nhu cầu? (Của nào để này.)', 'essay', 'hard', 'Đáp án dựa trên chuẩn đầu ra của học phần.', 'QB003', 'KB043', TRUE, '2026-06-12 15:45:00', '2026-06-12 15:45:00', 'U014'),
    ('Q0103', 'CH0103', 'Đề thi có độ khó phù hợp với nội dung đã học? (Của rất các là.)', 'fill_blank', 'hard', 'Đáp án dựa trên chuẩn đầu ra của học phần.', 'QB025', 'KB059', TRUE, '2026-06-12 15:45:00', '2026-06-12 15:45:00', 'U100'),
    ('Q0104', 'CH0104', 'Mức độ phù hợp của nội dung học phần với mục tiêu đào tạo? (Đó với làm các giữa đúng.)', 'fill_blank', 'medium', 'Đáp án dựa trên chuẩn đầu ra của học phần.', 'QB016', 'KB030', TRUE, '2026-06-12 15:45:00', '2026-06-12 15:45:00', 'U015'),
    ('Q0105', 'CH0105', 'Đề thi có độ khó phù hợp với nội dung đã học? (Và của mỗi từ nhiều đến.)', 'essay', 'hard', 'Đáp án dựa trên chuẩn đầu ra của học phần.', 'QB005', 'KB013', TRUE, '2026-06-12 15:45:00', '2026-06-12 15:45:00', 'U098'),
    ('Q0106', 'CH0106', 'Tài liệu học tập được cung cấp đầy đủ? (Tại gần theo thay tự các đã của.)', 'essay', 'medium', 'Đáp án dựa trên chuẩn đầu ra của học phần.', 'QB021', 'KB049', TRUE, '2026-06-12 15:45:00', '2026-06-12 15:45:00', 'U073'),
    ('Q0107', 'CH0107', 'Hình thức kiểm tra đánh giá phản ánh đúng năng lực người học? (Điều mỗi khiến đó dưới bên và.)', 'multiple_choice', 'easy', 'Đáp án dựa trên chuẩn đầu ra của học phần.', 'QB002', 'KB019', TRUE, '2026-06-12 15:45:00', '2026-06-12 15:45:00', 'U065'),
    ('Q0108', 'CH0108', 'Mức độ phù hợp của nội dung học phần với mục tiêu đào tạo? (Như tại của.)', 'essay', 'medium', 'Đáp án dựa trên chuẩn đầu ra của học phần.', 'QB012', 'KB048', TRUE, '2026-06-12 15:45:00', '2026-06-12 15:45:00', 'U004'),
    ('Q0109', 'CH0109', 'Bạn có góp ý gì để cải thiện học phần/dịch vụ? (Nơi này nơi cũng nơi.)', 'fill_blank', 'medium', 'Đáp án dựa trên chuẩn đầu ra của học phần.', 'QB002', 'KB055', TRUE, '2026-06-12 15:45:00', '2026-06-12 15:45:00', 'U002'),
    ('Q0110', 'CH0110', 'Lịch thi được thông báo kịp thời và rõ ràng? (Bạn hơn với từ số được.)', 'true_false', 'easy', 'Đáp án dựa trên chuẩn đầu ra của học phần.', 'QB012', 'KB014', TRUE, '2026-06-12 15:45:00', '2026-06-12 15:45:00', 'U057'),
    ('Q0111', 'CH0111', 'Phòng học và thiết bị hỗ trợ học tập đáp ứng nhu cầu? (Thế đã từ nếu vậy.)', 'multiple_choice', 'hard', 'Đáp án dựa trên chuẩn đầu ra của học phần.', 'QB017', 'KB013', TRUE, '2026-06-12 15:45:00', '2026-06-12 15:45:00', 'U079'),
    ('Q0112', 'CH0112', 'Hình thức kiểm tra đánh giá phản ánh đúng năng lực người học? (Hoặc của chưa chưa.)', 'true_false', 'hard', 'Đáp án dựa trên chuẩn đầu ra của học phần.', 'QB015', 'KB014', TRUE, '2026-06-12 15:45:00', '2026-06-12 15:45:00', 'U029'),
    ('Q0113', 'CH0113', 'Mức độ phù hợp của nội dung học phần với mục tiêu đào tạo? (Tại cũng được như mỗi tại vì.)', 'single_choice', 'easy', 'Đáp án dựa trên chuẩn đầu ra của học phần.', 'QB013', 'KB039', TRUE, '2026-06-12 15:45:00', '2026-06-12 15:45:00', 'U091'),
    ('Q0114', 'CH0114', 'Đề thi có độ khó phù hợp với nội dung đã học? (Cho từ một để dưới.)', 'single_choice', 'easy', 'Đáp án dựa trên chuẩn đầu ra của học phần.', 'QB006', 'KB017', TRUE, '2026-06-12 15:45:00', '2026-06-12 15:45:00', 'U055'),
    ('Q0115', 'CH0115', 'Phòng học và thiết bị hỗ trợ học tập đáp ứng nhu cầu? (Đã từ được và.)', 'essay', 'easy', 'Đáp án dựa trên chuẩn đầu ra của học phần.', 'QB023', 'KB029', TRUE, '2026-06-12 15:45:00', '2026-06-12 15:45:00', 'U006'),
    ('Q0116', 'CH0116', 'Bạn có góp ý gì để cải thiện học phần/dịch vụ? (Đang đó của đó đã số.)', 'multiple_choice', 'hard', 'Đáp án dựa trên chuẩn đầu ra của học phần.', 'QB020', 'KB030', TRUE, '2026-06-12 15:45:00', '2026-06-12 15:45:00', 'U046'),
    ('Q0117', 'CH0117', 'Đề thi có độ khó phù hợp với nội dung đã học? (Đã điều về nhiều cho giữa từ.)', 'essay', 'easy', 'Đáp án dựa trên chuẩn đầu ra của học phần.', 'QB025', 'KB012', TRUE, '2026-06-12 15:45:00', '2026-06-12 15:45:00', 'U005'),
    ('Q0118', 'CH0118', 'Lịch thi được thông báo kịp thời và rõ ràng? (Vậy hơn để với như như trong.)', 'essay', 'easy', 'Đáp án dựa trên chuẩn đầu ra của học phần.', 'QB011', 'KB046', TRUE, '2026-06-12 15:45:00', '2026-06-12 15:45:00', 'U072'),
    ('Q0119', 'CH0119', 'Đề thi có độ khó phù hợp với nội dung đã học? (Như của rất vài có.)', 'true_false', 'hard', 'Đáp án dựa trên chuẩn đầu ra của học phần.', 'QB010', 'KB026', TRUE, '2026-06-12 15:45:00', '2026-06-12 15:45:00', 'U082'),
    ('Q0120', 'CH0120', 'Quy trình coi thi được tổ chức nghiêm túc? (Nơi như như như nơi chưa đúng.)', 'true_false', 'easy', 'Đáp án dựa trên chuẩn đầu ra của học phần.', 'QB012', 'KB048', TRUE, '2026-06-12 15:45:00', '2026-06-12 15:45:00', 'U055'),
    ('Q0121', 'CH0121', 'Phòng học và thiết bị hỗ trợ học tập đáp ứng nhu cầu? (Cũng bên đúng bên.)', 'single_choice', 'hard', 'Đáp án dựa trên chuẩn đầu ra của học phần.', 'QB015', 'KB023', TRUE, '2026-06-12 15:45:00', '2026-06-12 15:45:00', 'U052'),
    ('Q0122', 'CH0122', 'Mức độ phù hợp của nội dung học phần với mục tiêu đào tạo? (Gần để tôi mỗi cũng.)', 'single_choice', 'medium', 'Đáp án dựa trên chuẩn đầu ra của học phần.', 'QB025', 'KB040', TRUE, '2026-06-12 15:45:00', '2026-06-12 15:45:00', 'U048'),
    ('Q0123', 'CH0123', 'Mức độ phù hợp của nội dung học phần với mục tiêu đào tạo? (Nếu như lớn nhiều có đúng để.)', 'multiple_choice', 'easy', 'Đáp án dựa trên chuẩn đầu ra của học phần.', 'QB003', 'KB006', TRUE, '2026-06-12 15:45:00', '2026-06-12 15:45:00', 'U005'),
    ('Q0124', 'CH0124', 'Bạn hài lòng với trải nghiệm học tập của học phần này? (Vì từng tại cũng tại nơi.)', 'true_false', 'hard', 'Đáp án dựa trên chuẩn đầu ra của học phần.', 'QB021', 'KB016', TRUE, '2026-06-12 15:45:00', '2026-06-12 15:45:00', 'U014'),
    ('Q0125', 'CH0125', 'Giảng viên trình bày bài học rõ ràng và dễ hiểu? (Vẫn để làm tại vậy như tôi.)', 'single_choice', 'hard', 'Đáp án dựa trên chuẩn đầu ra của học phần.', 'QB003', 'KB007', TRUE, '2026-06-12 15:45:00', '2026-06-12 15:45:00', 'U099'),
    ('Q0126', 'CH0126', 'Bạn có góp ý gì để cải thiện học phần/dịch vụ? (Khiến nơi được tại.)', 'single_choice', 'easy', 'Đáp án dựa trên chuẩn đầu ra của học phần.', 'QB007', 'KB038', TRUE, '2026-06-12 15:45:00', '2026-06-12 15:45:00', 'U036'),
    ('Q0127', 'CH0127', 'Đề thi có độ khó phù hợp với nội dung đã học? (Để trong chỉ cái hơn khi.)', 'single_choice', 'medium', 'Đáp án dựa trên chuẩn đầu ra của học phần.', 'QB004', 'KB043', TRUE, '2026-06-12 15:45:00', '2026-06-12 15:45:00', 'U070'),
    ('Q0128', 'CH0128', 'Lịch thi được thông báo kịp thời và rõ ràng? (Sau nhưng để.)', 'essay', 'hard', 'Đáp án dựa trên chuẩn đầu ra của học phần.', 'QB012', 'KB016', TRUE, '2026-06-12 15:45:00', '2026-06-12 15:45:00', 'U060'),
    ('Q0129', 'CH0129', 'Giảng viên trình bày bài học rõ ràng và dễ hiểu? (Cũng hơn vẫn cái các điều với.)', 'essay', 'medium', 'Đáp án dựa trên chuẩn đầu ra của học phần.', 'QB003', 'KB051', TRUE, '2026-06-12 15:45:00', '2026-06-12 15:45:00', 'U081'),
    ('Q0130', 'CH0130', 'Quy trình coi thi được tổ chức nghiêm túc? (Từ nhưng cách giữa của không.)', 'single_choice', 'easy', 'Đáp án dựa trên chuẩn đầu ra của học phần.', 'QB015', 'KB002', TRUE, '2026-06-12 15:45:00', '2026-06-12 15:45:00', 'U022'),
    ('Q0131', 'CH0131', 'Tài liệu học tập được cung cấp đầy đủ? (Mà này của bên.)', 'multiple_choice', 'easy', 'Đáp án dựa trên chuẩn đầu ra của học phần.', 'QB003', 'KB023', TRUE, '2026-06-12 15:45:00', '2026-06-12 15:45:00', 'U006'),
    ('Q0132', 'CH0132', 'Mức độ phù hợp của nội dung học phần với mục tiêu đào tạo? (Khi từng mà về với.)', 'essay', 'hard', 'Đáp án dựa trên chuẩn đầu ra của học phần.', 'QB004', 'KB029', TRUE, '2026-06-12 15:45:00', '2026-06-12 15:45:00', 'U097'),
    ('Q0133', 'CH0133', 'Đề thi có độ khó phù hợp với nội dung đã học? (Hơn hơn của vài.)', 'single_choice', 'easy', 'Đáp án dựa trên chuẩn đầu ra của học phần.', 'QB012', 'KB024', TRUE, '2026-06-12 15:45:00', '2026-06-12 15:45:00', 'U054'),
    ('Q0134', 'CH0134', 'Hình thức kiểm tra đánh giá phản ánh đúng năng lực người học? (Được của là vài.)', 'true_false', 'medium', 'Đáp án dựa trên chuẩn đầu ra của học phần.', 'QB021', 'KB027', TRUE, '2026-06-12 15:45:00', '2026-06-12 15:45:00', 'U085'),
    ('Q0135', 'CH0135', 'Tài liệu học tập được cung cấp đầy đủ? (Cũng thay hơn để thế số.)', 'single_choice', 'hard', 'Đáp án dựa trên chuẩn đầu ra của học phần.', 'QB010', 'KB034', TRUE, '2026-06-12 15:45:00', '2026-06-12 15:45:00', 'U035'),
    ('Q0136', 'CH0136', 'Bạn hài lòng với trải nghiệm học tập của học phần này? (Vẫn như tôi thay.)', 'essay', 'medium', 'Đáp án dựa trên chuẩn đầu ra của học phần.', 'QB020', 'KB045', TRUE, '2026-06-12 15:45:00', '2026-06-12 15:45:00', 'U089'),
    ('Q0137', 'CH0137', 'Phòng học và thiết bị hỗ trợ học tập đáp ứng nhu cầu? (Mỗi vài sau vậy.)', 'fill_blank', 'easy', 'Đáp án dựa trên chuẩn đầu ra của học phần.', 'QB022', 'KB011', TRUE, '2026-06-12 15:45:00', '2026-06-12 15:45:00', 'U011'),
    ('Q0138', 'CH0138', 'Đề thi có độ khó phù hợp với nội dung đã học? (Bạn tại tại có mỗi.)', 'fill_blank', 'easy', 'Đáp án dựa trên chuẩn đầu ra của học phần.', 'QB010', 'KB034', TRUE, '2026-06-12 15:45:00', '2026-06-12 15:45:00', 'U051'),
    ('Q0139', 'CH0139', 'Giảng viên trình bày bài học rõ ràng và dễ hiểu? (Các các vẫn hơn.)', 'single_choice', 'medium', 'Đáp án dựa trên chuẩn đầu ra của học phần.', 'QB015', 'KB003', TRUE, '2026-06-12 15:45:00', '2026-06-12 15:45:00', 'U081'),
    ('Q0140', 'CH0140', 'Bạn có góp ý gì để cải thiện học phần/dịch vụ? (Mỗi để sẽ hơn giữa rất có.)', 'fill_blank', 'medium', 'Đáp án dựa trên chuẩn đầu ra của học phần.', 'QB011', 'KB010', TRUE, '2026-06-12 15:45:00', '2026-06-12 15:45:00', 'U015'),
    ('Q0141', 'CH0141', 'Giảng viên trình bày bài học rõ ràng và dễ hiểu? (Bạn theo nếu.)', 'true_false', 'easy', 'Đáp án dựa trên chuẩn đầu ra của học phần.', 'QB015', 'KB052', TRUE, '2026-06-12 15:45:00', '2026-06-12 15:45:00', 'U006'),
    ('Q0142', 'CH0142', 'Bạn hài lòng với trải nghiệm học tập của học phần này? (Với mỗi của của theo cũng tự.)', 'fill_blank', 'hard', 'Đáp án dựa trên chuẩn đầu ra của học phần.', 'QB020', 'KB022', TRUE, '2026-06-12 15:45:00', '2026-06-12 15:45:00', 'U058'),
    ('Q0143', 'CH0143', 'Tài liệu học tập được cung cấp đầy đủ? (Chưa mà số đúng điều.)', 'essay', 'medium', 'Đáp án dựa trên chuẩn đầu ra của học phần.', 'QB014', 'KB040', TRUE, '2026-06-12 15:45:00', '2026-06-12 15:45:00', 'U050'),
    ('Q0144', 'CH0144', 'Quy trình coi thi được tổ chức nghiêm túc? (Giữa của đi của hoặc rất cái.)', 'essay', 'hard', 'Đáp án dựa trên chuẩn đầu ra của học phần.', 'QB012', 'KB059', TRUE, '2026-06-12 15:45:00', '2026-06-12 15:45:00', 'U016'),
    ('Q0145', 'CH0145', 'Hình thức kiểm tra đánh giá phản ánh đúng năng lực người học? (Bạn nơi thế bạn.)', 'essay', 'hard', 'Đáp án dựa trên chuẩn đầu ra của học phần.', 'QB022', 'KB057', TRUE, '2026-06-12 15:45:00', '2026-06-12 15:45:00', 'U046'),
    ('Q0146', 'CH0146', 'Hình thức kiểm tra đánh giá phản ánh đúng năng lực người học? (Mỗi gần mỗi sẽ rất đến là.)', 'multiple_choice', 'medium', 'Đáp án dựa trên chuẩn đầu ra của học phần.', 'QB012', 'KB051', TRUE, '2026-06-12 15:45:00', '2026-06-12 15:45:00', 'U028'),
    ('Q0147', 'CH0147', 'Tài liệu học tập được cung cấp đầy đủ? (Đã nơi được.)', 'fill_blank', 'hard', 'Đáp án dựa trên chuẩn đầu ra của học phần.', 'QB016', 'KB059', TRUE, '2026-06-12 15:45:00', '2026-06-12 15:45:00', 'U081'),
    ('Q0148', 'CH0148', 'Lịch thi được thông báo kịp thời và rõ ràng? (Nhiều có có đã nếu.)', 'multiple_choice', 'medium', 'Đáp án dựa trên chuẩn đầu ra của học phần.', 'QB005', 'KB041', TRUE, '2026-06-12 15:45:00', '2026-06-12 15:45:00', 'U096'),
    ('Q0149', 'CH0149', 'Hình thức kiểm tra đánh giá phản ánh đúng năng lực người học? (Thế mà có hoặc của.)', 'essay', 'easy', 'Đáp án dựa trên chuẩn đầu ra của học phần.', 'QB012', 'KB013', TRUE, '2026-06-12 15:45:00', '2026-06-12 15:45:00', 'U032'),
    ('Q0150', 'CH0150', 'Lịch thi được thông báo kịp thời và rõ ràng? (Gần trong tự và của của nào.)', 'essay', 'medium', 'Đáp án dựa trên chuẩn đầu ra của học phần.', 'QB002', 'KB029', TRUE, '2026-06-12 15:45:00', '2026-06-12 15:45:00', 'U063'),
    ('Q0151', 'CH0151', 'Quy trình coi thi được tổ chức nghiêm túc? (Được chỉ như sau này thì để vẫn.)', 'fill_blank', 'medium', 'Đáp án dựa trên chuẩn đầu ra của học phần.', 'QB001', 'KB010', TRUE, '2026-06-12 15:45:00', '2026-06-12 15:45:00', 'U032'),
    ('Q0152', 'CH0152', 'Quy trình coi thi được tổ chức nghiêm túc? (Tại để khiến đúng.)', 'single_choice', 'medium', 'Đáp án dựa trên chuẩn đầu ra của học phần.', 'QB019', 'KB012', TRUE, '2026-06-12 15:45:00', '2026-06-12 15:45:00', 'U040'),
    ('Q0153', 'CH0153', 'Lịch thi được thông báo kịp thời và rõ ràng? (Khi đó giữa vẫn tự chỉ đi.)', 'fill_blank', 'hard', 'Đáp án dựa trên chuẩn đầu ra của học phần.', 'QB010', 'KB059', TRUE, '2026-06-12 15:45:00', '2026-06-12 15:45:00', 'U036'),
    ('Q0154', 'CH0154', 'Tài liệu học tập được cung cấp đầy đủ? (Từ hoặc thì từng với hoặc làm.)', 'multiple_choice', 'medium', 'Đáp án dựa trên chuẩn đầu ra của học phần.', 'QB012', 'KB041', TRUE, '2026-06-12 15:45:00', '2026-06-12 15:45:00', 'U027'),
    ('Q0155', 'CH0155', 'Bạn có góp ý gì để cải thiện học phần/dịch vụ? (Sau chưa đúng đi.)', 'essay', 'easy', 'Đáp án dựa trên chuẩn đầu ra của học phần.', 'QB003', 'KB039', TRUE, '2026-06-12 15:45:00', '2026-06-12 15:45:00', 'U014'),
    ('Q0156', 'CH0156', 'Giảng viên trình bày bài học rõ ràng và dễ hiểu? (Có và chỉ từng vẫn gần giữa.)', 'single_choice', 'medium', 'Đáp án dựa trên chuẩn đầu ra của học phần.', 'QB021', 'KB022', TRUE, '2026-06-12 15:45:00', '2026-06-12 15:45:00', 'U059'),
    ('Q0157', 'CH0157', 'Lịch thi được thông báo kịp thời và rõ ràng? (Các như thay mỗi như hoặc.)', 'single_choice', 'medium', 'Đáp án dựa trên chuẩn đầu ra của học phần.', 'QB005', 'KB028', TRUE, '2026-06-12 15:45:00', '2026-06-12 15:45:00', 'U056'),
    ('Q0158', 'CH0158', 'Bạn hài lòng với trải nghiệm học tập của học phần này? (Đến và nhiều để vì hơn khi.)', 'multiple_choice', 'hard', 'Đáp án dựa trên chuẩn đầu ra của học phần.', 'QB020', 'KB039', TRUE, '2026-06-12 15:45:00', '2026-06-12 15:45:00', 'U011'),
    ('Q0159', 'CH0159', 'Lịch thi được thông báo kịp thời và rõ ràng? (Không theo cũng thay như có nhiều.)', 'fill_blank', 'hard', 'Đáp án dựa trên chuẩn đầu ra của học phần.', 'QB001', 'KB014', TRUE, '2026-06-12 15:45:00', '2026-06-12 15:45:00', 'U017'),
    ('Q0160', 'CH0160', 'Giảng viên trình bày bài học rõ ràng và dễ hiểu? (Đã không làm sau cũng làm từng trong.)', 'single_choice', 'easy', 'Đáp án dựa trên chuẩn đầu ra của học phần.', 'QB014', 'KB008', TRUE, '2026-06-12 15:45:00', '2026-06-12 15:45:00', 'U068'),
    ('Q0161', 'CH0161', 'Mức độ phù hợp của nội dung học phần với mục tiêu đào tạo? (Tự để nơi nhiều mà nào nếu.)', 'true_false', 'easy', 'Đáp án dựa trên chuẩn đầu ra của học phần.', 'QB010', 'KB060', TRUE, '2026-06-12 15:45:00', '2026-06-12 15:45:00', 'U011'),
    ('Q0162', 'CH0162', 'Phòng học và thiết bị hỗ trợ học tập đáp ứng nhu cầu? (Khiến về trong rất chưa như.)', 'true_false', 'hard', 'Đáp án dựa trên chuẩn đầu ra của học phần.', 'QB003', 'KB041', TRUE, '2026-06-12 15:45:00', '2026-06-12 15:45:00', 'U005'),
    ('Q0163', 'CH0163', 'Giảng viên trình bày bài học rõ ràng và dễ hiểu? (Các từ và.)', 'fill_blank', 'hard', 'Đáp án dựa trên chuẩn đầu ra của học phần.', 'QB022', 'KB003', TRUE, '2026-06-12 15:45:00', '2026-06-12 15:45:00', 'U038'),
    ('Q0164', 'CH0164', 'Tài liệu học tập được cung cấp đầy đủ? (Thay mà nhiều làm.)', 'single_choice', 'easy', 'Đáp án dựa trên chuẩn đầu ra của học phần.', 'QB017', 'KB032', TRUE, '2026-06-12 15:45:00', '2026-06-12 15:45:00', 'U079'),
    ('Q0165', 'CH0165', 'Bạn hài lòng với trải nghiệm học tập của học phần này? (Giữa khi từng của với bên giống.)', 'multiple_choice', 'easy', 'Đáp án dựa trên chuẩn đầu ra của học phần.', 'QB012', 'KB050', TRUE, '2026-06-12 15:45:00', '2026-06-12 15:45:00', 'U002'),
    ('Q0166', 'CH0166', 'Phòng học và thiết bị hỗ trợ học tập đáp ứng nhu cầu? (Số với bên hơn một các như nào.)', 'multiple_choice', 'easy', 'Đáp án dựa trên chuẩn đầu ra của học phần.', 'QB004', 'KB020', TRUE, '2026-06-12 15:45:00', '2026-06-12 15:45:00', 'U036'),
    ('Q0167', 'CH0167', 'Bạn có góp ý gì để cải thiện học phần/dịch vụ? (Đó chưa nhưng thì.)', 'fill_blank', 'medium', 'Đáp án dựa trên chuẩn đầu ra của học phần.', 'QB003', 'KB035', TRUE, '2026-06-12 15:45:00', '2026-06-12 15:45:00', 'U003'),
    ('Q0168', 'CH0168', 'Hình thức kiểm tra đánh giá phản ánh đúng năng lực người học? (Chỉ cách hơn sau.)', 'true_false', 'hard', 'Đáp án dựa trên chuẩn đầu ra của học phần.', 'QB003', 'KB041', TRUE, '2026-06-12 15:45:00', '2026-06-12 15:45:00', 'U038'),
    ('Q0169', 'CH0169', 'Giảng viên trình bày bài học rõ ràng và dễ hiểu? (Của cái chỉ cũng cho.)', 'essay', 'hard', 'Đáp án dựa trên chuẩn đầu ra của học phần.', 'QB016', 'KB049', TRUE, '2026-06-12 15:45:00', '2026-06-12 15:45:00', 'U095'),
    ('Q0170', 'CH0170', 'Tài liệu học tập được cung cấp đầy đủ? (Cũng cho thì thế vẫn từ tôi.)', 'true_false', 'hard', 'Đáp án dựa trên chuẩn đầu ra của học phần.', 'QB018', 'KB003', TRUE, '2026-06-12 15:45:00', '2026-06-12 15:45:00', 'U051'),
    ('Q0171', 'CH0171', 'Phòng học và thiết bị hỗ trợ học tập đáp ứng nhu cầu? (Làm sẽ đã theo chưa dưới cách.)', 'essay', 'hard', 'Đáp án dựa trên chuẩn đầu ra của học phần.', 'QB013', 'KB013', TRUE, '2026-06-12 15:45:00', '2026-06-12 15:45:00', 'U073'),
    ('Q0172', 'CH0172', 'Đề thi có độ khó phù hợp với nội dung đã học? (Nếu sau mà nào số.)', 'true_false', 'hard', 'Đáp án dựa trên chuẩn đầu ra của học phần.', 'QB025', 'KB003', TRUE, '2026-06-12 15:45:00', '2026-06-12 15:45:00', 'U067'),
    ('Q0173', 'CH0173', 'Bạn có góp ý gì để cải thiện học phần/dịch vụ? (Hơn được mà giống có tự.)', 'true_false', 'easy', 'Đáp án dựa trên chuẩn đầu ra của học phần.', 'QB022', 'KB053', TRUE, '2026-06-12 15:45:00', '2026-06-12 15:45:00', 'U069'),
    ('Q0174', 'CH0174', 'Đề thi có độ khó phù hợp với nội dung đã học? (Này từ khiến không vì cho với.)', 'multiple_choice', 'hard', 'Đáp án dựa trên chuẩn đầu ra của học phần.', 'QB016', 'KB030', TRUE, '2026-06-12 15:45:00', '2026-06-12 15:45:00', 'U072'),
    ('Q0175', 'CH0175', 'Bạn hài lòng với trải nghiệm học tập của học phần này? (Thay thế theo.)', 'multiple_choice', 'easy', 'Đáp án dựa trên chuẩn đầu ra của học phần.', 'QB011', 'KB057', TRUE, '2026-06-12 15:45:00', '2026-06-12 15:45:00', 'U034'),
    ('Q0176', 'CH0176', 'Bạn hài lòng với trải nghiệm học tập của học phần này? (Để là chỉ nơi như.)', 'multiple_choice', 'easy', 'Đáp án dựa trên chuẩn đầu ra của học phần.', 'QB007', 'KB050', TRUE, '2026-06-12 15:45:00', '2026-06-12 15:45:00', 'U095'),
    ('Q0177', 'CH0177', 'Bạn hài lòng với trải nghiệm học tập của học phần này? (Của giữa để được vài có.)', 'true_false', 'medium', 'Đáp án dựa trên chuẩn đầu ra của học phần.', 'QB023', 'KB058', TRUE, '2026-06-12 15:45:00', '2026-06-12 15:45:00', 'U001'),
    ('Q0178', 'CH0178', 'Đề thi có độ khó phù hợp với nội dung đã học? (Cũng mà từng mà mỗi này.)', 'single_choice', 'medium', 'Đáp án dựa trên chuẩn đầu ra của học phần.', 'QB012', 'KB060', TRUE, '2026-06-12 15:45:00', '2026-06-12 15:45:00', 'U062'),
    ('Q0179', 'CH0179', 'Bạn hài lòng với trải nghiệm học tập của học phần này? (Nhiều mỗi đi thay điều cũng có.)', 'multiple_choice', 'medium', 'Đáp án dựa trên chuẩn đầu ra của học phần.', 'QB025', 'KB055', TRUE, '2026-06-12 15:45:00', '2026-06-12 15:45:00', 'U025'),
    ('Q0180', 'CH0180', 'Đề thi có độ khó phù hợp với nội dung đã học? (Đi người là lớn.)', 'single_choice', 'hard', 'Đáp án dựa trên chuẩn đầu ra của học phần.', 'QB005', 'KB040', TRUE, '2026-06-12 15:45:00', '2026-06-12 15:45:00', 'U014'),
    ('Q0181', 'CH0181', 'Bạn hài lòng với trải nghiệm học tập của học phần này? (Giữa đang để của.)', 'single_choice', 'easy', 'Đáp án dựa trên chuẩn đầu ra của học phần.', 'QB008', 'KB025', TRUE, '2026-06-12 15:45:00', '2026-06-12 15:45:00', 'U021'),
    ('Q0182', 'CH0182', 'Quy trình coi thi được tổ chức nghiêm túc? (Cái của trong.)', 'single_choice', 'medium', 'Đáp án dựa trên chuẩn đầu ra của học phần.', 'QB009', 'KB005', TRUE, '2026-06-12 15:45:00', '2026-06-12 15:45:00', 'U044'),
    ('Q0183', 'CH0183', 'Quy trình coi thi được tổ chức nghiêm túc? (Cách khi giữa vẫn nếu.)', 'multiple_choice', 'medium', 'Đáp án dựa trên chuẩn đầu ra của học phần.', 'QB020', 'KB014', TRUE, '2026-06-12 15:45:00', '2026-06-12 15:45:00', 'U026'),
    ('Q0184', 'CH0184', 'Bạn có góp ý gì để cải thiện học phần/dịch vụ? (Theo với mà đến.)', 'true_false', 'easy', 'Đáp án dựa trên chuẩn đầu ra của học phần.', 'QB003', 'KB006', TRUE, '2026-06-12 15:45:00', '2026-06-12 15:45:00', 'U074'),
    ('Q0185', 'CH0185', 'Đề thi có độ khó phù hợp với nội dung đã học? (Đến giữa như rất như được.)', 'single_choice', 'hard', 'Đáp án dựa trên chuẩn đầu ra của học phần.', 'QB018', 'KB017', TRUE, '2026-06-12 15:45:00', '2026-06-12 15:45:00', 'U096'),
    ('Q0186', 'CH0186', 'Giảng viên trình bày bài học rõ ràng và dễ hiểu? (Vì này như sẽ về đến hoặc.)', 'single_choice', 'medium', 'Đáp án dựa trên chuẩn đầu ra của học phần.', 'QB021', 'KB044', TRUE, '2026-06-12 15:45:00', '2026-06-12 15:45:00', 'U014'),
    ('Q0187', 'CH0187', 'Đề thi có độ khó phù hợp với nội dung đã học? (Vẫn các về cũng vài đúng điều.)', 'multiple_choice', 'medium', 'Đáp án dựa trên chuẩn đầu ra của học phần.', 'QB008', 'KB022', TRUE, '2026-06-12 15:45:00', '2026-06-12 15:45:00', 'U041'),
    ('Q0188', 'CH0188', 'Bạn hài lòng với trải nghiệm học tập của học phần này? (Khi khi của nếu nơi giống.)', 'true_false', 'easy', 'Đáp án dựa trên chuẩn đầu ra của học phần.', 'QB011', 'KB031', TRUE, '2026-06-12 15:45:00', '2026-06-12 15:45:00', 'U019'),
    ('Q0189', 'CH0189', 'Mức độ phù hợp của nội dung học phần với mục tiêu đào tạo? (Theo bên cho của cái như.)', 'essay', 'medium', 'Đáp án dựa trên chuẩn đầu ra của học phần.', 'QB008', 'KB017', TRUE, '2026-06-12 15:45:00', '2026-06-12 15:45:00', 'U033'),
    ('Q0190', 'CH0190', 'Quy trình coi thi được tổ chức nghiêm túc? (Đang vài tự đi mà sẽ khiến cái.)', 'single_choice', 'medium', 'Đáp án dựa trên chuẩn đầu ra của học phần.', 'QB008', 'KB020', TRUE, '2026-06-12 15:45:00', '2026-06-12 15:45:00', 'U007'),
    ('Q0191', 'CH0191', 'Quy trình coi thi được tổ chức nghiêm túc? (Không để của đúng đúng.)', 'fill_blank', 'easy', 'Đáp án dựa trên chuẩn đầu ra của học phần.', 'QB021', 'KB003', TRUE, '2026-06-12 15:45:00', '2026-06-12 15:45:00', 'U013'),
    ('Q0192', 'CH0192', 'Tài liệu học tập được cung cấp đầy đủ? (Cách của như một thế sẽ để.)', 'multiple_choice', 'easy', 'Đáp án dựa trên chuẩn đầu ra của học phần.', 'QB001', 'KB046', TRUE, '2026-06-12 15:45:00', '2026-06-12 15:45:00', 'U021'),
    ('Q0193', 'CH0193', 'Bạn có góp ý gì để cải thiện học phần/dịch vụ? (Đúng của khiến về.)', 'single_choice', 'easy', 'Đáp án dựa trên chuẩn đầu ra của học phần.', 'QB024', 'KB037', TRUE, '2026-06-12 15:45:00', '2026-06-12 15:45:00', 'U076'),
    ('Q0194', 'CH0194', 'Bạn hài lòng với trải nghiệm học tập của học phần này? (Từ như được gần của.)', 'single_choice', 'hard', 'Đáp án dựa trên chuẩn đầu ra của học phần.', 'QB009', 'KB055', TRUE, '2026-06-12 15:45:00', '2026-06-12 15:45:00', 'U046'),
    ('Q0195', 'CH0195', 'Giảng viên trình bày bài học rõ ràng và dễ hiểu? (Nhưng trong như sau của đến để thế.)', 'fill_blank', 'hard', 'Đáp án dựa trên chuẩn đầu ra của học phần.', 'QB022', 'KB035', TRUE, '2026-06-12 15:45:00', '2026-06-12 15:45:00', 'U012'),
    ('Q0196', 'CH0196', 'Giảng viên trình bày bài học rõ ràng và dễ hiểu? (Đến khi số người cũng số.)', 'true_false', 'medium', 'Đáp án dựa trên chuẩn đầu ra của học phần.', 'QB019', 'KB058', TRUE, '2026-06-12 15:45:00', '2026-06-12 15:45:00', 'U064'),
    ('Q0197', 'CH0197', 'Bạn có góp ý gì để cải thiện học phần/dịch vụ? (Này không cách không từng.)', 'essay', 'hard', 'Đáp án dựa trên chuẩn đầu ra của học phần.', 'QB018', 'KB056', TRUE, '2026-06-12 15:45:00', '2026-06-12 15:45:00', 'U069'),
    ('Q0198', 'CH0198', 'Giảng viên trình bày bài học rõ ràng và dễ hiểu? (Có như theo tại bên.)', 'true_false', 'medium', 'Đáp án dựa trên chuẩn đầu ra của học phần.', 'QB006', 'KB042', TRUE, '2026-06-12 15:45:00', '2026-06-12 15:45:00', 'U071'),
    ('Q0199', 'CH0199', 'Quy trình coi thi được tổ chức nghiêm túc? (Đúng hoặc hơn với là như của.)', 'essay', 'hard', 'Đáp án dựa trên chuẩn đầu ra của học phần.', 'QB023', 'KB001', TRUE, '2026-06-12 15:45:00', '2026-06-12 15:45:00', 'U076'),
    ('Q0200', 'CH0200', 'Hình thức kiểm tra đánh giá phản ánh đúng năng lực người học? (Sau tự để vì không.)', 'single_choice', 'easy', 'Đáp án dựa trên chuẩn đầu ra của học phần.', 'QB008', 'KB049', TRUE, '2026-06-12 15:45:00', '2026-06-12 15:45:00', 'U099'),
    ('Q0201', 'CH0201', 'Quy trình coi thi được tổ chức nghiêm túc? (Đã thế làm để.)', 'single_choice', 'easy', 'Đáp án dựa trên chuẩn đầu ra của học phần.', 'QB005', 'KB025', TRUE, '2026-06-12 15:45:00', '2026-06-12 15:45:00', 'U004'),
    ('Q0202', 'CH0202', 'Lịch thi được thông báo kịp thời và rõ ràng? (Như làm số chỉ.)', 'true_false', 'hard', 'Đáp án dựa trên chuẩn đầu ra của học phần.', 'QB001', 'KB056', TRUE, '2026-06-12 15:45:00', '2026-06-12 15:45:00', 'U079'),
    ('Q0203', 'CH0203', 'Tài liệu học tập được cung cấp đầy đủ? (Nhưng khi tại như tại đi đang.)', 'multiple_choice', 'hard', 'Đáp án dựa trên chuẩn đầu ra của học phần.', 'QB006', 'KB036', TRUE, '2026-06-12 15:45:00', '2026-06-12 15:45:00', 'U016'),
    ('Q0204', 'CH0204', 'Mức độ phù hợp của nội dung học phần với mục tiêu đào tạo? (Tự sau bên cho.)', 'multiple_choice', 'hard', 'Đáp án dựa trên chuẩn đầu ra của học phần.', 'QB021', 'KB001', TRUE, '2026-06-12 15:45:00', '2026-06-12 15:45:00', 'U061'),
    ('Q0205', 'CH0205', 'Đề thi có độ khó phù hợp với nội dung đã học? (Có trong để giữa đi.)', 'true_false', 'hard', 'Đáp án dựa trên chuẩn đầu ra của học phần.', 'QB010', 'KB006', TRUE, '2026-06-12 15:45:00', '2026-06-12 15:45:00', 'U091'),
    ('Q0206', 'CH0206', 'Bạn hài lòng với trải nghiệm học tập của học phần này? (Giống như với trong vậy từng.)', 'fill_blank', 'hard', 'Đáp án dựa trên chuẩn đầu ra của học phần.', 'QB015', 'KB007', TRUE, '2026-06-12 15:45:00', '2026-06-12 15:45:00', 'U029'),
    ('Q0207', 'CH0207', 'Lịch thi được thông báo kịp thời và rõ ràng? (Các cái bên nếu tự để cũng.)', 'fill_blank', 'hard', 'Đáp án dựa trên chuẩn đầu ra của học phần.', 'QB005', 'KB025', TRUE, '2026-06-12 15:45:00', '2026-06-12 15:45:00', 'U075'),
    ('Q0208', 'CH0208', 'Bạn có góp ý gì để cải thiện học phần/dịch vụ? (Sau tôi cho chưa khi theo từ sẽ.)', 'single_choice', 'medium', 'Đáp án dựa trên chuẩn đầu ra của học phần.', 'QB018', 'KB054', TRUE, '2026-06-12 15:45:00', '2026-06-12 15:45:00', 'U073'),
    ('Q0209', 'CH0209', 'Bạn hài lòng với trải nghiệm học tập của học phần này? (Chưa thay lớn thì số cách tự.)', 'multiple_choice', 'easy', 'Đáp án dựa trên chuẩn đầu ra của học phần.', 'QB015', 'KB059', TRUE, '2026-06-12 15:45:00', '2026-06-12 15:45:00', 'U015'),
    ('Q0210', 'CH0210', 'Giảng viên trình bày bài học rõ ràng và dễ hiểu? (Từng làm dưới bạn.)', 'fill_blank', 'hard', 'Đáp án dựa trên chuẩn đầu ra của học phần.', 'QB007', 'KB055', TRUE, '2026-06-12 15:45:00', '2026-06-12 15:45:00', 'U004'),
    ('Q0211', 'CH0211', 'Hình thức kiểm tra đánh giá phản ánh đúng năng lực người học? (Vì giống nhưng sẽ.)', 'fill_blank', 'easy', 'Đáp án dựa trên chuẩn đầu ra của học phần.', 'QB009', 'KB019', TRUE, '2026-06-12 15:45:00', '2026-06-12 15:45:00', 'U056'),
    ('Q0212', 'CH0212', 'Phòng học và thiết bị hỗ trợ học tập đáp ứng nhu cầu? (Giống vẫn các này đã bạn bên.)', 'multiple_choice', 'hard', 'Đáp án dựa trên chuẩn đầu ra của học phần.', 'QB012', 'KB015', TRUE, '2026-06-12 15:45:00', '2026-06-12 15:45:00', 'U076'),
    ('Q0213', 'CH0213', 'Giảng viên trình bày bài học rõ ràng và dễ hiểu? (Theo hơn sẽ giống khiến tôi nhiều.)', 'single_choice', 'hard', 'Đáp án dựa trên chuẩn đầu ra của học phần.', 'QB014', 'KB012', TRUE, '2026-06-12 15:45:00', '2026-06-12 15:45:00', 'U073'),
    ('Q0214', 'CH0214', 'Đề thi có độ khó phù hợp với nội dung đã học? (Vẫn một vẫn cái.)', 'essay', 'easy', 'Đáp án dựa trên chuẩn đầu ra của học phần.', 'QB006', 'KB005', TRUE, '2026-06-12 15:45:00', '2026-06-12 15:45:00', 'U008'),
    ('Q0215', 'CH0215', 'Giảng viên trình bày bài học rõ ràng và dễ hiểu? (Nào các đi trong từng hoặc.)', 'essay', 'easy', 'Đáp án dựa trên chuẩn đầu ra của học phần.', 'QB015', 'KB020', TRUE, '2026-06-12 15:45:00', '2026-06-12 15:45:00', 'U080'),
    ('Q0216', 'CH0216', 'Phòng học và thiết bị hỗ trợ học tập đáp ứng nhu cầu? (Cách tại các trong rất thì vài.)', 'multiple_choice', 'easy', 'Đáp án dựa trên chuẩn đầu ra của học phần.', 'QB017', 'KB046', TRUE, '2026-06-12 15:45:00', '2026-06-12 15:45:00', 'U092'),
    ('Q0217', 'CH0217', 'Mức độ phù hợp của nội dung học phần với mục tiêu đào tạo? (Từng bên được đúng và chưa người.)', 'true_false', 'hard', 'Đáp án dựa trên chuẩn đầu ra của học phần.', 'QB014', 'KB012', TRUE, '2026-06-12 15:45:00', '2026-06-12 15:45:00', 'U062'),
    ('Q0218', 'CH0218', 'Đề thi có độ khó phù hợp với nội dung đã học? (Sau của trong để của từng nếu có.)', 'single_choice', 'medium', 'Đáp án dựa trên chuẩn đầu ra của học phần.', 'QB004', 'KB047', TRUE, '2026-06-12 15:45:00', '2026-06-12 15:45:00', 'U077'),
    ('Q0219', 'CH0219', 'Quy trình coi thi được tổ chức nghiêm túc? (Làm chưa sẽ mà nhưng đến.)', 'fill_blank', 'medium', 'Đáp án dựa trên chuẩn đầu ra của học phần.', 'QB022', 'KB012', TRUE, '2026-06-12 15:45:00', '2026-06-12 15:45:00', 'U099'),
    ('Q0220', 'CH0220', 'Phòng học và thiết bị hỗ trợ học tập đáp ứng nhu cầu? (Thay các lớn.)', 'fill_blank', 'medium', 'Đáp án dựa trên chuẩn đầu ra của học phần.', 'QB004', 'KB045', TRUE, '2026-06-12 15:45:00', '2026-06-12 15:45:00', 'U084'),
    ('Q0221', 'CH0221', 'Đề thi có độ khó phù hợp với nội dung đã học? (Này và vẫn đến của đó theo.)', 'essay', 'hard', 'Đáp án dựa trên chuẩn đầu ra của học phần.', 'QB004', 'KB050', TRUE, '2026-06-12 15:45:00', '2026-06-12 15:45:00', 'U088'),
    ('Q0222', 'CH0222', 'Bạn có góp ý gì để cải thiện học phần/dịch vụ? (Tôi trong vì sẽ theo của.)', 'multiple_choice', 'easy', 'Đáp án dựa trên chuẩn đầu ra của học phần.', 'QB014', 'KB057', TRUE, '2026-06-12 15:45:00', '2026-06-12 15:45:00', 'U093'),
    ('Q0223', 'CH0223', 'Giảng viên trình bày bài học rõ ràng và dễ hiểu? (Vẫn mà đúng đi nơi.)', 'fill_blank', 'easy', 'Đáp án dựa trên chuẩn đầu ra của học phần.', 'QB002', 'KB011', TRUE, '2026-06-12 15:45:00', '2026-06-12 15:45:00', 'U047'),
    ('Q0224', 'CH0224', 'Lịch thi được thông báo kịp thời và rõ ràng? (Của nhưng rất như tại của lớn.)', 'essay', 'medium', 'Đáp án dựa trên chuẩn đầu ra của học phần.', 'QB007', 'KB006', TRUE, '2026-06-12 15:45:00', '2026-06-12 15:45:00', 'U087'),
    ('Q0225', 'CH0225', 'Mức độ phù hợp của nội dung học phần với mục tiêu đào tạo? (Của đi chỉ đó khiến.)', 'essay', 'hard', 'Đáp án dựa trên chuẩn đầu ra của học phần.', 'QB019', 'KB020', TRUE, '2026-06-12 15:45:00', '2026-06-12 15:45:00', 'U030'),
    ('Q0226', 'CH0226', 'Hình thức kiểm tra đánh giá phản ánh đúng năng lực người học? (Vậy để đã vì khiến để hoặc.)', 'single_choice', 'medium', 'Đáp án dựa trên chuẩn đầu ra của học phần.', 'QB002', 'KB036', TRUE, '2026-06-12 15:45:00', '2026-06-12 15:45:00', 'U059'),
    ('Q0227', 'CH0227', 'Phòng học và thiết bị hỗ trợ học tập đáp ứng nhu cầu? (Sau như chưa dưới.)', 'single_choice', 'medium', 'Đáp án dựa trên chuẩn đầu ra của học phần.', 'QB003', 'KB045', TRUE, '2026-06-12 15:45:00', '2026-06-12 15:45:00', 'U041'),
    ('Q0228', 'CH0228', 'Bạn hài lòng với trải nghiệm học tập của học phần này? (Cũng thay tự.)', 'multiple_choice', 'easy', 'Đáp án dựa trên chuẩn đầu ra của học phần.', 'QB020', 'KB005', TRUE, '2026-06-12 15:45:00', '2026-06-12 15:45:00', 'U010'),
    ('Q0229', 'CH0229', 'Phòng học và thiết bị hỗ trợ học tập đáp ứng nhu cầu? (Để như có.)', 'single_choice', 'easy', 'Đáp án dựa trên chuẩn đầu ra của học phần.', 'QB015', 'KB018', TRUE, '2026-06-12 15:45:00', '2026-06-12 15:45:00', 'U025'),
    ('Q0230', 'CH0230', 'Đề thi có độ khó phù hợp với nội dung đã học? (Vẫn rất hoặc sẽ khi các.)', 'true_false', 'easy', 'Đáp án dựa trên chuẩn đầu ra của học phần.', 'QB003', 'KB028', TRUE, '2026-06-12 15:45:00', '2026-06-12 15:45:00', 'U078'),
    ('Q0231', 'CH0231', 'Tài liệu học tập được cung cấp đầy đủ? (Gần thế gần như vậy cũng tự.)', 'true_false', 'hard', 'Đáp án dựa trên chuẩn đầu ra của học phần.', 'QB010', 'KB047', TRUE, '2026-06-12 15:45:00', '2026-06-12 15:45:00', 'U071'),
    ('Q0232', 'CH0232', 'Phòng học và thiết bị hỗ trợ học tập đáp ứng nhu cầu? (Mỗi nếu để giữa người cũng.)', 'fill_blank', 'easy', 'Đáp án dựa trên chuẩn đầu ra của học phần.', 'QB014', 'KB015', TRUE, '2026-06-12 15:45:00', '2026-06-12 15:45:00', 'U052'),
    ('Q0233', 'CH0233', 'Tài liệu học tập được cung cấp đầy đủ? (Với khi chỉ có vẫn.)', 'single_choice', 'hard', 'Đáp án dựa trên chuẩn đầu ra của học phần.', 'QB016', 'KB033', TRUE, '2026-06-12 15:45:00', '2026-06-12 15:45:00', 'U061'),
    ('Q0234', 'CH0234', 'Hình thức kiểm tra đánh giá phản ánh đúng năng lực người học? (Điều người nơi từng chỉ.)', 'fill_blank', 'hard', 'Đáp án dựa trên chuẩn đầu ra của học phần.', 'QB024', 'KB019', TRUE, '2026-06-12 15:45:00', '2026-06-12 15:45:00', 'U098'),
    ('Q0235', 'CH0235', 'Tài liệu học tập được cung cấp đầy đủ? (Các thay gần là hoặc.)', 'single_choice', 'hard', 'Đáp án dựa trên chuẩn đầu ra của học phần.', 'QB021', 'KB034', TRUE, '2026-06-12 15:45:00', '2026-06-12 15:45:00', 'U072'),
    ('Q0236', 'CH0236', 'Bạn hài lòng với trải nghiệm học tập của học phần này? (Nếu vài của.)', 'single_choice', 'easy', 'Đáp án dựa trên chuẩn đầu ra của học phần.', 'QB022', 'KB053', TRUE, '2026-06-12 15:45:00', '2026-06-12 15:45:00', 'U085'),
    ('Q0237', 'CH0237', 'Quy trình coi thi được tổ chức nghiêm túc? (Chỉ một của thế vì.)', 'true_false', 'medium', 'Đáp án dựa trên chuẩn đầu ra của học phần.', 'QB006', 'KB032', TRUE, '2026-06-12 15:45:00', '2026-06-12 15:45:00', 'U093'),
    ('Q0238', 'CH0238', 'Lịch thi được thông báo kịp thời và rõ ràng? (Rất đi gần của giữa các.)', 'single_choice', 'hard', 'Đáp án dựa trên chuẩn đầu ra của học phần.', 'QB004', 'KB021', TRUE, '2026-06-12 15:45:00', '2026-06-12 15:45:00', 'U067'),
    ('Q0239', 'CH0239', 'Tài liệu học tập được cung cấp đầy đủ? (Hơn tại nơi cho theo thay.)', 'true_false', 'easy', 'Đáp án dựa trên chuẩn đầu ra của học phần.', 'QB007', 'KB037', TRUE, '2026-06-12 15:45:00', '2026-06-12 15:45:00', 'U004'),
    ('Q0240', 'CH0240', 'Mức độ phù hợp của nội dung học phần với mục tiêu đào tạo? (Trong thay để tự.)', 'essay', 'easy', 'Đáp án dựa trên chuẩn đầu ra của học phần.', 'QB001', 'KB023', TRUE, '2026-06-12 15:45:00', '2026-06-12 15:45:00', 'U074'),
    ('Q0241', 'CH0241', 'Phòng học và thiết bị hỗ trợ học tập đáp ứng nhu cầu? (Để hoặc hơn bên.)', 'multiple_choice', 'hard', 'Đáp án dựa trên chuẩn đầu ra của học phần.', 'QB013', 'KB022', TRUE, '2026-06-12 15:45:00', '2026-06-12 15:45:00', 'U016'),
    ('Q0242', 'CH0242', 'Hình thức kiểm tra đánh giá phản ánh đúng năng lực người học? (Như cách này hoặc nhiều như.)', 'multiple_choice', 'medium', 'Đáp án dựa trên chuẩn đầu ra của học phần.', 'QB001', 'KB041', TRUE, '2026-06-12 15:45:00', '2026-06-12 15:45:00', 'U050'),
    ('Q0243', 'CH0243', 'Bạn hài lòng với trải nghiệm học tập của học phần này? (Thế khiến thế đang nhiều thế.)', 'multiple_choice', 'easy', 'Đáp án dựa trên chuẩn đầu ra của học phần.', 'QB018', 'KB011', TRUE, '2026-06-12 15:45:00', '2026-06-12 15:45:00', 'U080'),
    ('Q0244', 'CH0244', 'Đề thi có độ khó phù hợp với nội dung đã học? (Này nhưng trong làm đi được cách.)', 'single_choice', 'medium', 'Đáp án dựa trên chuẩn đầu ra của học phần.', 'QB016', 'KB041', TRUE, '2026-06-12 15:45:00', '2026-06-12 15:45:00', 'U020'),
    ('Q0245', 'CH0245', 'Mức độ phù hợp của nội dung học phần với mục tiêu đào tạo? (Gần lớn mỗi nơi từ không.)', 'single_choice', 'easy', 'Đáp án dựa trên chuẩn đầu ra của học phần.', 'QB023', 'KB053', TRUE, '2026-06-12 15:45:00', '2026-06-12 15:45:00', 'U042'),
    ('Q0246', 'CH0246', 'Lịch thi được thông báo kịp thời và rõ ràng? (Bạn và số dưới.)', 'fill_blank', 'medium', 'Đáp án dựa trên chuẩn đầu ra của học phần.', 'QB014', 'KB059', TRUE, '2026-06-12 15:45:00', '2026-06-12 15:45:00', 'U007'),
    ('Q0247', 'CH0247', 'Giảng viên trình bày bài học rõ ràng và dễ hiểu? (Đang tôi điều cũng.)', 'true_false', 'medium', 'Đáp án dựa trên chuẩn đầu ra của học phần.', 'QB016', 'KB026', TRUE, '2026-06-12 15:45:00', '2026-06-12 15:45:00', 'U069'),
    ('Q0248', 'CH0248', 'Hình thức kiểm tra đánh giá phản ánh đúng năng lực người học? (Với với được là thế hơn.)', 'essay', 'easy', 'Đáp án dựa trên chuẩn đầu ra của học phần.', 'QB019', 'KB043', TRUE, '2026-06-12 15:45:00', '2026-06-12 15:45:00', 'U019'),
    ('Q0249', 'CH0249', 'Phòng học và thiết bị hỗ trợ học tập đáp ứng nhu cầu? (Vậy nào cái với.)', 'fill_blank', 'hard', 'Đáp án dựa trên chuẩn đầu ra của học phần.', 'QB021', 'KB053', TRUE, '2026-06-12 15:45:00', '2026-06-12 15:45:00', 'U093'),
    ('Q0250', 'CH0250', 'Phòng học và thiết bị hỗ trợ học tập đáp ứng nhu cầu? (Số này như và làm.)', 'fill_blank', 'medium', 'Đáp án dựa trên chuẩn đầu ra của học phần.', 'QB007', 'KB036', TRUE, '2026-06-12 15:45:00', '2026-06-12 15:45:00', 'U095'),
    ('Q0251', 'CH0251', 'Mức độ phù hợp của nội dung học phần với mục tiêu đào tạo? (Lớn chỉ lớn theo từ.)', 'fill_blank', 'medium', 'Đáp án dựa trên chuẩn đầu ra của học phần.', 'QB002', 'KB054', TRUE, '2026-06-12 15:45:00', '2026-06-12 15:45:00', 'U034'),
    ('Q0252', 'CH0252', 'Bạn hài lòng với trải nghiệm học tập của học phần này? (Vì tại gần làm như.)', 'single_choice', 'medium', 'Đáp án dựa trên chuẩn đầu ra của học phần.', 'QB013', 'KB036', TRUE, '2026-06-12 15:45:00', '2026-06-12 15:45:00', 'U018'),
    ('Q0253', 'CH0253', 'Bạn hài lòng với trải nghiệm học tập của học phần này? (Mỗi vẫn cho lớn.)', 'essay', 'hard', 'Đáp án dựa trên chuẩn đầu ra của học phần.', 'QB021', 'KB057', TRUE, '2026-06-12 15:45:00', '2026-06-12 15:45:00', 'U046'),
    ('Q0254', 'CH0254', 'Giảng viên trình bày bài học rõ ràng và dễ hiểu? (Làm từ tại để khi vì đi.)', 'single_choice', 'hard', 'Đáp án dựa trên chuẩn đầu ra của học phần.', 'QB018', 'KB008', TRUE, '2026-06-12 15:45:00', '2026-06-12 15:45:00', 'U008'),
    ('Q0255', 'CH0255', 'Bạn có góp ý gì để cải thiện học phần/dịch vụ? (Chưa trong rất là.)', 'true_false', 'hard', 'Đáp án dựa trên chuẩn đầu ra của học phần.', 'QB012', 'KB016', TRUE, '2026-06-12 15:45:00', '2026-06-12 15:45:00', 'U010'),
    ('Q0256', 'CH0256', 'Bạn có góp ý gì để cải thiện học phần/dịch vụ? (Không khi của đã.)', 'single_choice', 'medium', 'Đáp án dựa trên chuẩn đầu ra của học phần.', 'QB013', 'KB007', TRUE, '2026-06-12 15:45:00', '2026-06-12 15:45:00', 'U085'),
    ('Q0257', 'CH0257', 'Tài liệu học tập được cung cấp đầy đủ? (Hơn người là từng từ.)', 'true_false', 'hard', 'Đáp án dựa trên chuẩn đầu ra của học phần.', 'QB008', 'KB005', TRUE, '2026-06-12 15:45:00', '2026-06-12 15:45:00', 'U100'),
    ('Q0258', 'CH0258', 'Lịch thi được thông báo kịp thời và rõ ràng? (Sẽ trong khi là mỗi.)', 'fill_blank', 'hard', 'Đáp án dựa trên chuẩn đầu ra của học phần.', 'QB014', 'KB030', TRUE, '2026-06-12 15:45:00', '2026-06-12 15:45:00', 'U088'),
    ('Q0259', 'CH0259', 'Giảng viên trình bày bài học rõ ràng và dễ hiểu? (Để các cũng.)', 'essay', 'easy', 'Đáp án dựa trên chuẩn đầu ra của học phần.', 'QB009', 'KB006', TRUE, '2026-06-12 15:45:00', '2026-06-12 15:45:00', 'U060'),
    ('Q0260', 'CH0260', 'Quy trình coi thi được tổ chức nghiêm túc? (Đi mà cái như chỉ khi.)', 'true_false', 'hard', 'Đáp án dựa trên chuẩn đầu ra của học phần.', 'QB006', 'KB012', TRUE, '2026-06-12 15:45:00', '2026-06-12 15:45:00', 'U015'),
    ('Q0261', 'CH0261', 'Bạn có góp ý gì để cải thiện học phần/dịch vụ? (Hơn cái không đến trong.)', 'essay', 'easy', 'Đáp án dựa trên chuẩn đầu ra của học phần.', 'QB019', 'KB046', TRUE, '2026-06-12 15:45:00', '2026-06-12 15:45:00', 'U074'),
    ('Q0262', 'CH0262', 'Tài liệu học tập được cung cấp đầy đủ? (Các là như như từng của vài.)', 'true_false', 'easy', 'Đáp án dựa trên chuẩn đầu ra của học phần.', 'QB013', 'KB016', TRUE, '2026-06-12 15:45:00', '2026-06-12 15:45:00', 'U006'),
    ('Q0263', 'CH0263', 'Bạn hài lòng với trải nghiệm học tập của học phần này? (Để mà trong.)', 'single_choice', 'hard', 'Đáp án dựa trên chuẩn đầu ra của học phần.', 'QB017', 'KB041', TRUE, '2026-06-12 15:45:00', '2026-06-12 15:45:00', 'U083'),
    ('Q0264', 'CH0264', 'Phòng học và thiết bị hỗ trợ học tập đáp ứng nhu cầu? (Tôi của như gần cũng nơi này.)', 'true_false', 'hard', 'Đáp án dựa trên chuẩn đầu ra của học phần.', 'QB021', 'KB018', TRUE, '2026-06-12 15:45:00', '2026-06-12 15:45:00', 'U015'),
    ('Q0265', 'CH0265', 'Quy trình coi thi được tổ chức nghiêm túc? (Đang một tại.)', 'single_choice', 'easy', 'Đáp án dựa trên chuẩn đầu ra của học phần.', 'QB018', 'KB053', TRUE, '2026-06-12 15:45:00', '2026-06-12 15:45:00', 'U049'),
    ('Q0266', 'CH0266', 'Quy trình coi thi được tổ chức nghiêm túc? (Mà để trong không từng vài trong.)', 'true_false', 'medium', 'Đáp án dựa trên chuẩn đầu ra của học phần.', 'QB015', 'KB039', TRUE, '2026-06-12 15:45:00', '2026-06-12 15:45:00', 'U055'),
    ('Q0267', 'CH0267', 'Bạn hài lòng với trải nghiệm học tập của học phần này? (Từ thế về gần với hơn.)', 'true_false', 'easy', 'Đáp án dựa trên chuẩn đầu ra của học phần.', 'QB020', 'KB010', TRUE, '2026-06-12 15:45:00', '2026-06-12 15:45:00', 'U024'),
    ('Q0268', 'CH0268', 'Bạn có góp ý gì để cải thiện học phần/dịch vụ? (Cái đang như của.)', 'fill_blank', 'easy', 'Đáp án dựa trên chuẩn đầu ra của học phần.', 'QB025', 'KB059', TRUE, '2026-06-12 15:45:00', '2026-06-12 15:45:00', 'U080'),
    ('Q0269', 'CH0269', 'Quy trình coi thi được tổ chức nghiêm túc? (Và hơn để đến trong rất tự.)', 'fill_blank', 'easy', 'Đáp án dựa trên chuẩn đầu ra của học phần.', 'QB019', 'KB015', TRUE, '2026-06-12 15:45:00', '2026-06-12 15:45:00', 'U003'),
    ('Q0270', 'CH0270', 'Giảng viên trình bày bài học rõ ràng và dễ hiểu? (Nhưng người này đó người.)', 'fill_blank', 'hard', 'Đáp án dựa trên chuẩn đầu ra của học phần.', 'QB016', 'KB048', TRUE, '2026-06-12 15:45:00', '2026-06-12 15:45:00', 'U007'),
    ('Q0271', 'CH0271', 'Đề thi có độ khó phù hợp với nội dung đã học? (Và của của như.)', 'essay', 'medium', 'Đáp án dựa trên chuẩn đầu ra của học phần.', 'QB020', 'KB037', TRUE, '2026-06-12 15:45:00', '2026-06-12 15:45:00', 'U093'),
    ('Q0272', 'CH0272', 'Quy trình coi thi được tổ chức nghiêm túc? (Số gần điều sẽ trong.)', 'multiple_choice', 'hard', 'Đáp án dựa trên chuẩn đầu ra của học phần.', 'QB018', 'KB055', TRUE, '2026-06-12 15:45:00', '2026-06-12 15:45:00', 'U083'),
    ('Q0273', 'CH0273', 'Tài liệu học tập được cung cấp đầy đủ? (Khi đến khiến một.)', 'true_false', 'medium', 'Đáp án dựa trên chuẩn đầu ra của học phần.', 'QB004', 'KB035', TRUE, '2026-06-12 15:45:00', '2026-06-12 15:45:00', 'U037'),
    ('Q0274', 'CH0274', 'Bạn có góp ý gì để cải thiện học phần/dịch vụ? (Để một như để.)', 'essay', 'easy', 'Đáp án dựa trên chuẩn đầu ra của học phần.', 'QB011', 'KB060', TRUE, '2026-06-12 15:45:00', '2026-06-12 15:45:00', 'U010'),
    ('Q0275', 'CH0275', 'Giảng viên trình bày bài học rõ ràng và dễ hiểu? (Khiến tại cái vài sau cho cũng điều.)', 'essay', 'easy', 'Đáp án dựa trên chuẩn đầu ra của học phần.', 'QB024', 'KB023', TRUE, '2026-06-12 15:45:00', '2026-06-12 15:45:00', 'U016'),
    ('Q0276', 'CH0276', 'Đề thi có độ khó phù hợp với nội dung đã học? (Bên đến là về rất.)', 'essay', 'medium', 'Đáp án dựa trên chuẩn đầu ra của học phần.', 'QB007', 'KB031', TRUE, '2026-06-12 15:45:00', '2026-06-12 15:45:00', 'U003'),
    ('Q0277', 'CH0277', 'Lịch thi được thông báo kịp thời và rõ ràng? (Đã thế bên số tại thế.)', 'fill_blank', 'medium', 'Đáp án dựa trên chuẩn đầu ra của học phần.', 'QB004', 'KB059', TRUE, '2026-06-12 15:45:00', '2026-06-12 15:45:00', 'U059'),
    ('Q0278', 'CH0278', 'Đề thi có độ khó phù hợp với nội dung đã học? (Mỗi hoặc tự nào sẽ được.)', 'multiple_choice', 'hard', 'Đáp án dựa trên chuẩn đầu ra của học phần.', 'QB006', 'KB037', TRUE, '2026-06-12 15:45:00', '2026-06-12 15:45:00', 'U049'),
    ('Q0279', 'CH0279', 'Giảng viên trình bày bài học rõ ràng và dễ hiểu? (Hoặc nào nhưng của để cũng là đang.)', 'essay', 'medium', 'Đáp án dựa trên chuẩn đầu ra của học phần.', 'QB001', 'KB053', TRUE, '2026-06-12 15:45:00', '2026-06-12 15:45:00', 'U089'),
    ('Q0280', 'CH0280', 'Hình thức kiểm tra đánh giá phản ánh đúng năng lực người học? (Như với giữa bạn hoặc.)', 'fill_blank', 'medium', 'Đáp án dựa trên chuẩn đầu ra của học phần.', 'QB005', 'KB033', TRUE, '2026-06-12 15:45:00', '2026-06-12 15:45:00', 'U098'),
    ('Q0281', 'CH0281', 'Lịch thi được thông báo kịp thời và rõ ràng? (Điều dưới cách đã.)', 'multiple_choice', 'hard', 'Đáp án dựa trên chuẩn đầu ra của học phần.', 'QB011', 'KB039', TRUE, '2026-06-12 15:45:00', '2026-06-12 15:45:00', 'U001'),
    ('Q0282', 'CH0282', 'Mức độ phù hợp của nội dung học phần với mục tiêu đào tạo? (Của mỗi cũng thì chưa chưa từ tôi.)', 'multiple_choice', 'medium', 'Đáp án dựa trên chuẩn đầu ra của học phần.', 'QB011', 'KB018', TRUE, '2026-06-12 15:45:00', '2026-06-12 15:45:00', 'U007'),
    ('Q0283', 'CH0283', 'Quy trình coi thi được tổ chức nghiêm túc? (Từ vài nào tôi nơi hoặc cho của.)', 'fill_blank', 'medium', 'Đáp án dựa trên chuẩn đầu ra của học phần.', 'QB019', 'KB060', TRUE, '2026-06-12 15:45:00', '2026-06-12 15:45:00', 'U049'),
    ('Q0284', 'CH0284', 'Bạn có góp ý gì để cải thiện học phần/dịch vụ? (Đi khi như bạn.)', 'fill_blank', 'hard', 'Đáp án dựa trên chuẩn đầu ra của học phần.', 'QB008', 'KB017', TRUE, '2026-06-12 15:45:00', '2026-06-12 15:45:00', 'U085'),
    ('Q0285', 'CH0285', 'Bạn hài lòng với trải nghiệm học tập của học phần này? (Cũng có bên để.)', 'multiple_choice', 'easy', 'Đáp án dựa trên chuẩn đầu ra của học phần.', 'QB024', 'KB034', TRUE, '2026-06-12 15:45:00', '2026-06-12 15:45:00', 'U060'),
    ('Q0286', 'CH0286', 'Giảng viên trình bày bài học rõ ràng và dễ hiểu? (Theo như mà điều tại là.)', 'essay', 'easy', 'Đáp án dựa trên chuẩn đầu ra của học phần.', 'QB009', 'KB044', TRUE, '2026-06-12 15:45:00', '2026-06-12 15:45:00', 'U054'),
    ('Q0287', 'CH0287', 'Tài liệu học tập được cung cấp đầy đủ? (Cũng như vài nếu trong để.)', 'multiple_choice', 'hard', 'Đáp án dựa trên chuẩn đầu ra của học phần.', 'QB004', 'KB046', TRUE, '2026-06-12 15:45:00', '2026-06-12 15:45:00', 'U004'),
    ('Q0288', 'CH0288', 'Phòng học và thiết bị hỗ trợ học tập đáp ứng nhu cầu? (Bạn thay sau để.)', 'single_choice', 'medium', 'Đáp án dựa trên chuẩn đầu ra của học phần.', 'QB012', 'KB031', TRUE, '2026-06-12 15:45:00', '2026-06-12 15:45:00', 'U008'),
    ('Q0289', 'CH0289', 'Giảng viên trình bày bài học rõ ràng và dễ hiểu? (Giống cái mỗi không là tại.)', 'essay', 'easy', 'Đáp án dựa trên chuẩn đầu ra của học phần.', 'QB024', 'KB011', TRUE, '2026-06-12 15:45:00', '2026-06-12 15:45:00', 'U033'),
    ('Q0290', 'CH0290', 'Phòng học và thiết bị hỗ trợ học tập đáp ứng nhu cầu? (Nếu cũng sẽ đang đi đi nhưng.)', 'fill_blank', 'easy', 'Đáp án dựa trên chuẩn đầu ra của học phần.', 'QB025', 'KB010', TRUE, '2026-06-12 15:45:00', '2026-06-12 15:45:00', 'U085'),
    ('Q0291', 'CH0291', 'Bạn có góp ý gì để cải thiện học phần/dịch vụ? (Gần để sau đi chỉ nhiều tự gần.)', 'essay', 'medium', 'Đáp án dựa trên chuẩn đầu ra của học phần.', 'QB020', 'KB007', TRUE, '2026-06-12 15:45:00', '2026-06-12 15:45:00', 'U046'),
    ('Q0292', 'CH0292', 'Giảng viên trình bày bài học rõ ràng và dễ hiểu? (Tại tôi được nơi cái đã.)', 'fill_blank', 'easy', 'Đáp án dựa trên chuẩn đầu ra của học phần.', 'QB008', 'KB040', TRUE, '2026-06-12 15:45:00', '2026-06-12 15:45:00', 'U006'),
    ('Q0293', 'CH0293', 'Bạn hài lòng với trải nghiệm học tập của học phần này? (Từ số với là có.)', 'true_false', 'medium', 'Đáp án dựa trên chuẩn đầu ra của học phần.', 'QB016', 'KB057', TRUE, '2026-06-12 15:45:00', '2026-06-12 15:45:00', 'U022'),
    ('Q0294', 'CH0294', 'Quy trình coi thi được tổ chức nghiêm túc? (Một như tại như như bên.)', 'fill_blank', 'hard', 'Đáp án dựa trên chuẩn đầu ra của học phần.', 'QB012', 'KB032', TRUE, '2026-06-12 15:45:00', '2026-06-12 15:45:00', 'U078'),
    ('Q0295', 'CH0295', 'Giảng viên trình bày bài học rõ ràng và dễ hiểu? (Giống tôi như về từng.)', 'true_false', 'easy', 'Đáp án dựa trên chuẩn đầu ra của học phần.', 'QB021', 'KB016', TRUE, '2026-06-12 15:45:00', '2026-06-12 15:45:00', 'U029'),
    ('Q0296', 'CH0296', 'Phòng học và thiết bị hỗ trợ học tập đáp ứng nhu cầu? (Vậy với hơn giống.)', 'essay', 'hard', 'Đáp án dựa trên chuẩn đầu ra của học phần.', 'QB009', 'KB034', TRUE, '2026-06-12 15:45:00', '2026-06-12 15:45:00', 'U098'),
    ('Q0297', 'CH0297', 'Bạn hài lòng với trải nghiệm học tập của học phần này? (Cũng đúng cũng nhiều dưới.)', 'essay', 'easy', 'Đáp án dựa trên chuẩn đầu ra của học phần.', 'QB012', 'KB041', TRUE, '2026-06-12 15:45:00', '2026-06-12 15:45:00', 'U074'),
    ('Q0298', 'CH0298', 'Bạn có góp ý gì để cải thiện học phần/dịch vụ? (Của như đang cái khi như.)', 'fill_blank', 'medium', 'Đáp án dựa trên chuẩn đầu ra của học phần.', 'QB019', 'KB030', TRUE, '2026-06-12 15:45:00', '2026-06-12 15:45:00', 'U024'),
    ('Q0299', 'CH0299', 'Bạn có góp ý gì để cải thiện học phần/dịch vụ? (Tự vài vì như.)', 'single_choice', 'medium', 'Đáp án dựa trên chuẩn đầu ra của học phần.', 'QB006', 'KB046', TRUE, '2026-06-12 15:45:00', '2026-06-12 15:45:00', 'U067'),
    ('Q0300', 'CH0300', 'Phòng học và thiết bị hỗ trợ học tập đáp ứng nhu cầu? (Nhiều khi bạn rất đúng có.)', 'single_choice', 'hard', 'Đáp án dựa trên chuẩn đầu ra của học phần.', 'QB019', 'KB001', TRUE, '2026-06-12 15:45:00', '2026-06-12 15:45:00', 'U010');

INSERT INTO question_options (id, question_id, option_label, content, is_correct, created_at) VALUES
    ('QO0001A', 'Q0001', 'A', 'Vẫn khi chỉ chỉ chưa điều sau cho.', FALSE, '2026-06-12 15:45:00'),
    ('QO0001B', 'Q0001', 'B', 'Có như số của như vì.', TRUE, '2026-06-12 15:45:00'),
    ('QO0001C', 'Q0001', 'C', 'Thì một của này rất làm giữa.', FALSE, '2026-06-12 15:45:00'),
    ('QO0001D', 'Q0001', 'D', 'Đến của bên nếu nơi lớn khiến với thế.', FALSE, '2026-06-12 15:45:00'),
    ('QO0005A', 'Q0005', 'A', 'Đúng', FALSE, '2026-06-12 15:45:00'),
    ('QO0005B', 'Q0005', 'B', 'Từ từ dưới vài từ cách bạn với là có.', TRUE, '2026-06-12 15:45:00'),
    ('QO0006A', 'Q0006', 'A', 'Bên của sẽ có rất của hoặc như tôi.', FALSE, '2026-06-12 15:45:00'),
    ('QO0006B', 'Q0006', 'B', 'Không của rất đó khi cái đã để.', TRUE, '2026-06-12 15:45:00'),
    ('QO0006C', 'Q0006', 'C', 'Sẽ tại thế của nhưng.', FALSE, '2026-06-12 15:45:00'),
    ('QO0006D', 'Q0006', 'D', 'Để từ như như.', FALSE, '2026-06-12 15:45:00'),
    ('QO0008A', 'Q0008', 'A', 'Thế về tại nhưng thế được là.', FALSE, '2026-06-12 15:45:00'),
    ('QO0008B', 'Q0008', 'B', 'Với nhưng từng để để đến.', FALSE, '2026-06-12 15:45:00'),
    ('QO0008C', 'Q0008', 'C', 'Mỗi thay nơi với cách.', TRUE, '2026-06-12 15:45:00'),
    ('QO0008D', 'Q0008', 'D', 'Cho lớn cũng cũng vài hoặc nhưng tôi này cái.', FALSE, '2026-06-12 15:45:00'),
    ('QO0009A', 'Q0009', 'A', 'Như tự từ sau như nơi.', FALSE, '2026-06-12 15:45:00'),
    ('QO0009B', 'Q0009', 'B', 'Rất cũng nào nơi để đã như của.', FALSE, '2026-06-12 15:45:00'),
    ('QO0009C', 'Q0009', 'C', 'Của tại bạn từng điều không đi.', FALSE, '2026-06-12 15:45:00'),
    ('QO0009D', 'Q0009', 'D', 'Theo như sẽ của cho.', TRUE, '2026-06-12 15:45:00'),
    ('QO0010A', 'Q0010', 'A', 'Nếu đi cũng nơi người thay nhiều.', FALSE, '2026-06-12 15:45:00'),
    ('QO0010B', 'Q0010', 'B', 'Nhiều vài mà có hơn cho nhưng được.', FALSE, '2026-06-12 15:45:00'),
    ('QO0010C', 'Q0010', 'C', 'Sau theo của trong vậy.', FALSE, '2026-06-12 15:45:00'),
    ('QO0010D', 'Q0010', 'D', 'Người để nhưng không tại làm tại để làm giống.', TRUE, '2026-06-12 15:45:00'),
    ('QO0011A', 'Q0011', 'A', 'Đúng', TRUE, '2026-06-12 15:45:00'),
    ('QO0011B', 'Q0011', 'B', 'Điều gần khi được hoặc cách giống đó.', FALSE, '2026-06-12 15:45:00'),
    ('QO0012A', 'Q0012', 'A', 'Đúng', FALSE, '2026-06-12 15:45:00'),
    ('QO0012B', 'Q0012', 'B', 'Cho nhưng cách với cho điều theo dưới vậy gần.', TRUE, '2026-06-12 15:45:00'),
    ('QO0015A', 'Q0015', 'A', 'Đúng', FALSE, '2026-06-12 15:45:00'),
    ('QO0015B', 'Q0015', 'B', 'Được cái khiến nhưng nơi đến một như vậy.', TRUE, '2026-06-12 15:45:00'),
    ('QO0016A', 'Q0016', 'A', 'Thế có vậy vậy cách chỉ bạn.', TRUE, '2026-06-12 15:45:00'),
    ('QO0016B', 'Q0016', 'B', 'Theo và vẫn đúng làm khi có đó.', FALSE, '2026-06-12 15:45:00'),
    ('QO0016C', 'Q0016', 'C', 'Giống không tự của với gần để tại.', FALSE, '2026-06-12 15:45:00'),
    ('QO0016D', 'Q0016', 'D', 'Cũng của điều cho đó về của.', FALSE, '2026-06-12 15:45:00'),
    ('QO0018A', 'Q0018', 'A', 'Thế cũng rất đã và hoặc rất đến.', FALSE, '2026-06-12 15:45:00'),
    ('QO0018B', 'Q0018', 'B', 'Mỗi từng như sau về chưa để như thay tại.', FALSE, '2026-06-12 15:45:00'),
    ('QO0018C', 'Q0018', 'C', 'Tại giống đúng của nơi nào như để làm cũng.', FALSE, '2026-06-12 15:45:00'),
    ('QO0018D', 'Q0018', 'D', 'Để như chỉ thay tôi trong đó.', TRUE, '2026-06-12 15:45:00'),
    ('QO0019A', 'Q0019', 'A', 'Đúng', FALSE, '2026-06-12 15:45:00'),
    ('QO0019B', 'Q0019', 'B', 'Này giữa trong tôi như và các.', TRUE, '2026-06-12 15:45:00'),
    ('QO0020A', 'Q0020', 'A', 'Để với vì giống đúng vậy trong chưa làm cái.', TRUE, '2026-06-12 15:45:00'),
    ('QO0020B', 'Q0020', 'B', 'Về có sẽ như trong rất đúng.', FALSE, '2026-06-12 15:45:00'),
    ('QO0020C', 'Q0020', 'C', 'Đã sau thay tôi tại.', FALSE, '2026-06-12 15:45:00'),
    ('QO0020D', 'Q0020', 'D', 'Này như từng có trong của.', FALSE, '2026-06-12 15:45:00'),
    ('QO0021A', 'Q0021', 'A', 'Tôi đó từng hơn nơi vậy.', FALSE, '2026-06-12 15:45:00'),
    ('QO0021B', 'Q0021', 'B', 'Điều nào điều cũng vì lớn với.', FALSE, '2026-06-12 15:45:00'),
    ('QO0021C', 'Q0021', 'C', 'Cách hơn được dưới về thì với.', TRUE, '2026-06-12 15:45:00'),
    ('QO0021D', 'Q0021', 'D', 'Với cho rất hơn nào hơn.', FALSE, '2026-06-12 15:45:00'),
    ('QO0022A', 'Q0022', 'A', 'Bên gần hơn từng của để khiến.', FALSE, '2026-06-12 15:45:00'),
    ('QO0022B', 'Q0022', 'B', 'Và khiến tôi các có đã lớn điều.', FALSE, '2026-06-12 15:45:00'),
    ('QO0022C', 'Q0022', 'C', 'Từng số đúng khi như một đến như khi.', TRUE, '2026-06-12 15:45:00'),
    ('QO0022D', 'Q0022', 'D', 'Nhiều không tại không.', FALSE, '2026-06-12 15:45:00'),
    ('QO0023A', 'Q0023', 'A', 'Nơi hơn đúng trong một nhiều cách.', FALSE, '2026-06-12 15:45:00'),
    ('QO0023B', 'Q0023', 'B', 'Điều vậy để đi tôi một nào như sau bạn.', TRUE, '2026-06-12 15:45:00'),
    ('QO0023C', 'Q0023', 'C', 'Đến khi nhiều vì sau rất giữa sau.', FALSE, '2026-06-12 15:45:00'),
    ('QO0023D', 'Q0023', 'D', 'Của của không và nhiều.', FALSE, '2026-06-12 15:45:00'),
    ('QO0024A', 'Q0024', 'A', 'Để chưa hơn rất tại cái khiến.', FALSE, '2026-06-12 15:45:00'),
    ('QO0024B', 'Q0024', 'B', 'Cũng từ là để giống bên giống về.', FALSE, '2026-06-12 15:45:00'),
    ('QO0024C', 'Q0024', 'C', 'Từng không rất để giống đến chưa vậy.', FALSE, '2026-06-12 15:45:00'),
    ('QO0024D', 'Q0024', 'D', 'Vẫn tự với theo của thì sẽ.', TRUE, '2026-06-12 15:45:00'),
    ('QO0025A', 'Q0025', 'A', 'Điều theo khi vậy như và đi nơi giống vì.', FALSE, '2026-06-12 15:45:00'),
    ('QO0025B', 'Q0025', 'B', 'Vẫn cái này với thế giống.', FALSE, '2026-06-12 15:45:00'),
    ('QO0025C', 'Q0025', 'C', 'Chưa của giữa có của rất của vì có của.', TRUE, '2026-06-12 15:45:00'),
    ('QO0025D', 'Q0025', 'D', 'Làm như cho vậy hơn để có vậy về số.', FALSE, '2026-06-12 15:45:00'),
    ('QO0029A', 'Q0029', 'A', 'Đó và như bên có.', FALSE, '2026-06-12 15:45:00'),
    ('QO0029B', 'Q0029', 'B', 'Giữa hơn để người chưa thay.', FALSE, '2026-06-12 15:45:00'),
    ('QO0029C', 'Q0029', 'C', 'Để cũng hoặc của chưa.', FALSE, '2026-06-12 15:45:00'),
    ('QO0029D', 'Q0029', 'D', 'Của hơn thay sau để là với.', TRUE, '2026-06-12 15:45:00'),
    ('QO0032A', 'Q0032', 'A', 'Mà trong sau của dưới giống trong các.', TRUE, '2026-06-12 15:45:00'),
    ('QO0032B', 'Q0032', 'B', 'Nếu tự cũng đó vì.', FALSE, '2026-06-12 15:45:00'),
    ('QO0032C', 'Q0032', 'C', 'Thay hơn bên có từ.', FALSE, '2026-06-12 15:45:00'),
    ('QO0032D', 'Q0032', 'D', 'Thay được cho sẽ là nếu nhiều.', FALSE, '2026-06-12 15:45:00'),
    ('QO0033A', 'Q0033', 'A', 'Đúng', FALSE, '2026-06-12 15:45:00'),
    ('QO0033B', 'Q0033', 'B', 'Tại dưới giống cái cũng chỉ điều.', TRUE, '2026-06-12 15:45:00'),
    ('QO0035A', 'Q0035', 'A', 'Trong nhiều như các cũng như.', FALSE, '2026-06-12 15:45:00'),
    ('QO0035B', 'Q0035', 'B', 'Được nhưng hoặc nào dưới hơn của cũng sau như.', TRUE, '2026-06-12 15:45:00'),
    ('QO0035C', 'Q0035', 'C', 'Gần thì nhưng để sau.', FALSE, '2026-06-12 15:45:00'),
    ('QO0035D', 'Q0035', 'D', 'Khi có là rất hơn tại sẽ như để.', FALSE, '2026-06-12 15:45:00'),
    ('QO0036A', 'Q0036', 'A', 'Các khiến cũng mà.', TRUE, '2026-06-12 15:45:00'),
    ('QO0036B', 'Q0036', 'B', 'Có vài từng nơi khiến tại thay đến cách tại.', FALSE, '2026-06-12 15:45:00'),
    ('QO0036C', 'Q0036', 'C', 'Này thay điều để một dưới tại cũng.', FALSE, '2026-06-12 15:45:00'),
    ('QO0036D', 'Q0036', 'D', 'Của vậy người thay.', FALSE, '2026-06-12 15:45:00'),
    ('QO0037A', 'Q0037', 'A', 'Đúng', FALSE, '2026-06-12 15:45:00'),
    ('QO0037B', 'Q0037', 'B', 'Vì là có về làm.', TRUE, '2026-06-12 15:45:00'),
    ('QO0038A', 'Q0038', 'A', 'Hơn thay nếu làm về chỉ.', TRUE, '2026-06-12 15:45:00'),
    ('QO0038B', 'Q0038', 'B', 'Các vẫn điều sau theo đến một cũng tự số.', FALSE, '2026-06-12 15:45:00'),
    ('QO0038C', 'Q0038', 'C', 'Từng cũng bạn gần dưới có hơn được.', FALSE, '2026-06-12 15:45:00'),
    ('QO0038D', 'Q0038', 'D', 'Cũng như này của được các.', FALSE, '2026-06-12 15:45:00'),
    ('QO0040A', 'Q0040', 'A', 'Đúng', FALSE, '2026-06-12 15:45:00'),
    ('QO0040B', 'Q0040', 'B', 'Người đã khi đúng tôi có khiến các.', TRUE, '2026-06-12 15:45:00'),
    ('QO0042A', 'Q0042', 'A', 'Rất cách hoặc cũng trong.', FALSE, '2026-06-12 15:45:00'),
    ('QO0042B', 'Q0042', 'B', 'Từ cái về người có khi hoặc.', TRUE, '2026-06-12 15:45:00'),
    ('QO0042C', 'Q0042', 'C', 'Của bạn dưới hoặc đúng tôi tại.', FALSE, '2026-06-12 15:45:00'),
    ('QO0042D', 'Q0042', 'D', 'Là hơn một về khi bên giống với về trong.', FALSE, '2026-06-12 15:45:00'),
    ('QO0043A', 'Q0043', 'A', 'Đúng', TRUE, '2026-06-12 15:45:00'),
    ('QO0043B', 'Q0043', 'B', 'Hoặc bạn đó với để để nhưng với.', FALSE, '2026-06-12 15:45:00'),
    ('QO0045A', 'Q0045', 'A', 'Đang để có thế tại.', FALSE, '2026-06-12 15:45:00'),
    ('QO0045B', 'Q0045', 'B', 'Để về cái nhiều bạn cũng nơi chưa các.', FALSE, '2026-06-12 15:45:00'),
    ('QO0045C', 'Q0045', 'C', 'Hơn có một đó chưa không như đang.', FALSE, '2026-06-12 15:45:00'),
    ('QO0045D', 'Q0045', 'D', 'Cũng như tại khiến đang từ trong với nhiều và.', TRUE, '2026-06-12 15:45:00'),
    ('QO0046A', 'Q0046', 'A', 'Tự giữa nếu vẫn như.', TRUE, '2026-06-12 15:45:00'),
    ('QO0046B', 'Q0046', 'B', 'Thế các hoặc từng vẫn rất từ đúng để khi.', FALSE, '2026-06-12 15:45:00'),
    ('QO0046C', 'Q0046', 'C', 'Mỗi sẽ cũng trong của mà cũng.', FALSE, '2026-06-12 15:45:00'),
    ('QO0046D', 'Q0046', 'D', 'Đó với cũng sau.', FALSE, '2026-06-12 15:45:00'),
    ('QO0048A', 'Q0048', 'A', 'Mỗi đã tôi dưới để tại nơi từ sẽ này.', FALSE, '2026-06-12 15:45:00'),
    ('QO0048B', 'Q0048', 'B', 'Hơn không đến như mỗi làm lớn có để.', FALSE, '2026-06-12 15:45:00'),
    ('QO0048C', 'Q0048', 'C', 'Dưới tại các bên từ giống cũng cũng đi chưa.', FALSE, '2026-06-12 15:45:00'),
    ('QO0048D', 'Q0048', 'D', 'Có không như đang được.', TRUE, '2026-06-12 15:45:00'),
    ('QO0049A', 'Q0049', 'A', 'Cho vậy mà đó khi theo.', FALSE, '2026-06-12 15:45:00'),
    ('QO0049B', 'Q0049', 'B', 'Dưới của làm nếu và.', FALSE, '2026-06-12 15:45:00'),
    ('QO0049C', 'Q0049', 'C', 'Vì đi để các đó chỉ tôi gần để của.', FALSE, '2026-06-12 15:45:00'),
    ('QO0049D', 'Q0049', 'D', 'Có cái đúng như làm thì về dưới lớn với.', TRUE, '2026-06-12 15:45:00'),
    ('QO0051A', 'Q0051', 'A', 'Để vì mỗi chỉ từ để trong sau với giống thế.', FALSE, '2026-06-12 15:45:00'),
    ('QO0051B', 'Q0051', 'B', 'Cũng tự tôi về cái vẫn.', FALSE, '2026-06-12 15:45:00'),
    ('QO0051C', 'Q0051', 'C', 'Người vài cách với trong có dưới như gần.', TRUE, '2026-06-12 15:45:00'),
    ('QO0051D', 'Q0051', 'D', 'Nơi giống một chỉ mà mỗi với như như.', FALSE, '2026-06-12 15:45:00'),
    ('QO0052A', 'Q0052', 'A', 'Vài cách lớn dưới sẽ.', FALSE, '2026-06-12 15:45:00'),
    ('QO0052B', 'Q0052', 'B', 'Nhiều các cũng nhiều hơn.', TRUE, '2026-06-12 15:45:00'),
    ('QO0052C', 'Q0052', 'C', 'Điều cách để giữa tôi nơi nhưng đang thì đúng cái.', FALSE, '2026-06-12 15:45:00'),
    ('QO0052D', 'Q0052', 'D', 'Để để của lớn cái.', FALSE, '2026-06-12 15:45:00'),
    ('QO0053A', 'Q0053', 'A', 'Chưa như nếu của vẫn như.', FALSE, '2026-06-12 15:45:00'),
    ('QO0053B', 'Q0053', 'B', 'Với chỉ lớn có hơn là vẫn.', FALSE, '2026-06-12 15:45:00'),
    ('QO0053C', 'Q0053', 'C', 'Tại sau với đúng nhiều đang.', FALSE, '2026-06-12 15:45:00'),
    ('QO0053D', 'Q0053', 'D', 'Sẽ giữa tại của lớn nhiều để đi mỗi có.', TRUE, '2026-06-12 15:45:00'),
    ('QO0057A', 'Q0057', 'A', 'Tại nhiều hoặc giống người như hơn.', TRUE, '2026-06-12 15:45:00'),
    ('QO0057B', 'Q0057', 'B', 'Vẫn tự và nơi vì.', FALSE, '2026-06-12 15:45:00'),
    ('QO0057C', 'Q0057', 'C', 'Hoặc điều nhưng như nhưng bạn.', FALSE, '2026-06-12 15:45:00'),
    ('QO0057D', 'Q0057', 'D', 'Như giữa hơn vẫn giữa của với.', FALSE, '2026-06-12 15:45:00'),
    ('QO0058A', 'Q0058', 'A', 'Đúng', TRUE, '2026-06-12 15:45:00'),
    ('QO0058B', 'Q0058', 'B', 'Với không giống sau với dưới từ.', FALSE, '2026-06-12 15:45:00'),
    ('QO0060A', 'Q0060', 'A', 'Đúng', FALSE, '2026-06-12 15:45:00'),
    ('QO0060B', 'Q0060', 'B', 'Để giữa đến trong vậy về trong sẽ là tại cái.', TRUE, '2026-06-12 15:45:00'),
    ('QO0061A', 'Q0061', 'A', 'Đúng', TRUE, '2026-06-12 15:45:00'),
    ('QO0061B', 'Q0061', 'B', 'Với như tại trong đã tại chưa là.', FALSE, '2026-06-12 15:45:00'),
    ('QO0062A', 'Q0062', 'A', 'Đúng', FALSE, '2026-06-12 15:45:00'),
    ('QO0062B', 'Q0062', 'B', 'Cũng tại trong bên đến.', TRUE, '2026-06-12 15:45:00'),
    ('QO0064A', 'Q0064', 'A', 'Đúng', TRUE, '2026-06-12 15:45:00'),
    ('QO0064B', 'Q0064', 'B', 'Bên nào với thế không có trong.', FALSE, '2026-06-12 15:45:00'),
    ('QO0066A', 'Q0066', 'A', 'Từ hoặc khiến thay của lớn như và.', FALSE, '2026-06-12 15:45:00'),
    ('QO0066B', 'Q0066', 'B', 'Với có có vài khi như sau có từ cũng.', FALSE, '2026-06-12 15:45:00'),
    ('QO0066C', 'Q0066', 'C', 'Theo trong theo trong với được mỗi các nhưng.', TRUE, '2026-06-12 15:45:00'),
    ('QO0066D', 'Q0066', 'D', 'Trong một làm chưa thay rất người với.', FALSE, '2026-06-12 15:45:00'),
    ('QO0067A', 'Q0067', 'A', 'Đúng', TRUE, '2026-06-12 15:45:00'),
    ('QO0067B', 'Q0067', 'B', 'Cũng và rất để như điều.', FALSE, '2026-06-12 15:45:00'),
    ('QO0069A', 'Q0069', 'A', 'Bên đúng nhiều khi vài vì từ cái hơn.', FALSE, '2026-06-12 15:45:00'),
    ('QO0069B', 'Q0069', 'B', 'Nào có sẽ các vẫn có.', TRUE, '2026-06-12 15:45:00'),
    ('QO0069C', 'Q0069', 'C', 'Có đó giữa mỗi tại có của.', FALSE, '2026-06-12 15:45:00'),
    ('QO0069D', 'Q0069', 'D', 'Vì lớn mỗi đã từng vì như để đi.', FALSE, '2026-06-12 15:45:00'),
    ('QO0070A', 'Q0070', 'A', 'Đúng bạn một tại như thì cũng mà từng tại.', TRUE, '2026-06-12 15:45:00'),
    ('QO0070B', 'Q0070', 'B', 'Khi cũng từ cho dưới của mà thì như thì.', FALSE, '2026-06-12 15:45:00'),
    ('QO0070C', 'Q0070', 'C', 'Không trong sau bên nhiều được cái cho rất nơi.', FALSE, '2026-06-12 15:45:00'),
    ('QO0070D', 'Q0070', 'D', 'Đúng gần thế vài mà.', FALSE, '2026-06-12 15:45:00'),
    ('QO0071A', 'Q0071', 'A', 'Tại như này từ của không.', TRUE, '2026-06-12 15:45:00'),
    ('QO0071B', 'Q0071', 'B', 'Cách chỉ trong đang về có.', FALSE, '2026-06-12 15:45:00'),
    ('QO0071C', 'Q0071', 'C', 'Như cũng khiến theo nơi trong đến như.', FALSE, '2026-06-12 15:45:00'),
    ('QO0071D', 'Q0071', 'D', 'Hơn thì để theo và cách thế của tự.', FALSE, '2026-06-12 15:45:00'),
    ('QO0073A', 'Q0073', 'A', 'Nhiều về lớn hơn nếu có.', FALSE, '2026-06-12 15:45:00'),
    ('QO0073B', 'Q0073', 'B', 'Như vài tôi chỉ giữa hơn.', FALSE, '2026-06-12 15:45:00'),
    ('QO0073C', 'Q0073', 'C', 'Như làm có như cũng như với nào thay.', TRUE, '2026-06-12 15:45:00'),
    ('QO0073D', 'Q0073', 'D', 'Nơi như từng đi vẫn.', FALSE, '2026-06-12 15:45:00'),
    ('QO0076A', 'Q0076', 'A', 'Các bên đã thế thì.', TRUE, '2026-06-12 15:45:00'),
    ('QO0076B', 'Q0076', 'B', 'Thay sẽ sẽ sau tôi bên rất.', FALSE, '2026-06-12 15:45:00'),
    ('QO0076C', 'Q0076', 'C', 'Một vì trong có vậy đi.', FALSE, '2026-06-12 15:45:00'),
    ('QO0076D', 'Q0076', 'D', 'Như nào dưới thay nếu như mỗi bạn.', FALSE, '2026-06-12 15:45:00'),
    ('QO0077A', 'Q0077', 'A', 'Người là như sẽ cái đó về hơn như.', FALSE, '2026-06-12 15:45:00'),
    ('QO0077B', 'Q0077', 'B', 'Tự sẽ bạn một nhưng.', TRUE, '2026-06-12 15:45:00'),
    ('QO0077C', 'Q0077', 'C', 'Của bên tại từng thế cho cách.', FALSE, '2026-06-12 15:45:00'),
    ('QO0077D', 'Q0077', 'D', 'Này cho sau người của vẫn hơn.', FALSE, '2026-06-12 15:45:00'),
    ('QO0080A', 'Q0080', 'A', 'Đúng', TRUE, '2026-06-12 15:45:00'),
    ('QO0080B', 'Q0080', 'B', 'Và người này khi không để nhiều tự chỉ như.', FALSE, '2026-06-12 15:45:00'),
    ('QO0082A', 'Q0082', 'A', 'Giống gần sẽ từng cách và.', FALSE, '2026-06-12 15:45:00'),
    ('QO0082B', 'Q0082', 'B', 'Hơn được cũng giống chưa chỉ hơn vài.', FALSE, '2026-06-12 15:45:00'),
    ('QO0082C', 'Q0082', 'C', 'Thì và mà từ về đi.', FALSE, '2026-06-12 15:45:00'),
    ('QO0082D', 'Q0082', 'D', 'Như như của đi.', TRUE, '2026-06-12 15:45:00'),
    ('QO0084A', 'Q0084', 'A', 'Người chỉ bên nhưng tôi vậy để làm.', FALSE, '2026-06-12 15:45:00'),
    ('QO0084B', 'Q0084', 'B', 'Của mỗi vậy nếu lớn các.', FALSE, '2026-06-12 15:45:00'),
    ('QO0084C', 'Q0084', 'C', 'Cách dưới và để từng để nhiều hơn để.', FALSE, '2026-06-12 15:45:00'),
    ('QO0084D', 'Q0084', 'D', 'Vẫn và rất vì của của đến nhiều.', TRUE, '2026-06-12 15:45:00'),
    ('QO0089A', 'Q0089', 'A', 'Mỗi như để làm.', FALSE, '2026-06-12 15:45:00'),
    ('QO0089B', 'Q0089', 'B', 'Nhưng nơi để thì giữa dưới làm tự khiến nhưng.', FALSE, '2026-06-12 15:45:00'),
    ('QO0089C', 'Q0089', 'C', 'Bạn vẫn để đang nhiều thay này đang.', FALSE, '2026-06-12 15:45:00'),
    ('QO0089D', 'Q0089', 'D', 'Như đã không sau dưới này số cho thay.', TRUE, '2026-06-12 15:45:00'),
    ('QO0090A', 'Q0090', 'A', 'Hơn nhưng nào tại mà.', FALSE, '2026-06-12 15:45:00'),
    ('QO0090B', 'Q0090', 'B', 'Về thì mà của sẽ có sau một với hơn.', FALSE, '2026-06-12 15:45:00'),
    ('QO0090C', 'Q0090', 'C', 'Bên có để hoặc được như.', FALSE, '2026-06-12 15:45:00'),
    ('QO0090D', 'Q0090', 'D', 'Được đến cho tại từ đi và từ vài làm.', TRUE, '2026-06-12 15:45:00'),
    ('QO0091A', 'Q0091', 'A', 'Đúng', FALSE, '2026-06-12 15:45:00'),
    ('QO0091B', 'Q0091', 'B', 'Rất là trong khi số này để của nào.', TRUE, '2026-06-12 15:45:00'),
    ('QO0093A', 'Q0093', 'A', 'Đúng', FALSE, '2026-06-12 15:45:00'),
    ('QO0093B', 'Q0093', 'B', 'Thế của trong và số số.', TRUE, '2026-06-12 15:45:00'),
    ('QO0095A', 'Q0095', 'A', 'Đúng', TRUE, '2026-06-12 15:45:00'),
    ('QO0095B', 'Q0095', 'B', 'Cũng khiến nhiều nơi nơi.', FALSE, '2026-06-12 15:45:00'),
    ('QO0098A', 'Q0098', 'A', 'Sau hơn là trong của thì của thay.', FALSE, '2026-06-12 15:45:00'),
    ('QO0098B', 'Q0098', 'B', 'Trong người cũng thay cái tôi cách cho thì.', FALSE, '2026-06-12 15:45:00'),
    ('QO0098C', 'Q0098', 'C', 'Về thì bên theo thì.', TRUE, '2026-06-12 15:45:00'),
    ('QO0098D', 'Q0098', 'D', 'Cho làm này nhiều bên này giữa từ.', FALSE, '2026-06-12 15:45:00'),
    ('QO0099A', 'Q0099', 'A', 'Đúng', TRUE, '2026-06-12 15:45:00'),
    ('QO0099B', 'Q0099', 'B', 'Rất để khi để cách nào.', FALSE, '2026-06-12 15:45:00'),
    ('QO0101A', 'Q0101', 'A', 'Để mỗi dưới trong tại có khi cũng như.', TRUE, '2026-06-12 15:45:00'),
    ('QO0101B', 'Q0101', 'B', 'Của nhiều khi từ bạn dưới từ tôi vẫn của.', FALSE, '2026-06-12 15:45:00'),
    ('QO0101C', 'Q0101', 'C', 'Đi tự theo đó nhiều sẽ khi.', FALSE, '2026-06-12 15:45:00'),
    ('QO0101D', 'Q0101', 'D', 'Thay thì một nào làm.', FALSE, '2026-06-12 15:45:00'),
    ('QO0107A', 'Q0107', 'A', 'Bên cũng hơn dưới như bạn hơn để đã từng lớn.', FALSE, '2026-06-12 15:45:00'),
    ('QO0107B', 'Q0107', 'B', 'Hơn của đúng nhiều nào cách trong nếu một hơn.', FALSE, '2026-06-12 15:45:00'),
    ('QO0107C', 'Q0107', 'C', 'Đi là cũng để giống.', TRUE, '2026-06-12 15:45:00'),
    ('QO0107D', 'Q0107', 'D', 'Gần cũng tại mà có nhiều từng rất tôi đi.', FALSE, '2026-06-12 15:45:00'),
    ('QO0110A', 'Q0110', 'A', 'Đúng', TRUE, '2026-06-12 15:45:00'),
    ('QO0110B', 'Q0110', 'B', 'Đang vậy rất đang là từ lớn một.', FALSE, '2026-06-12 15:45:00'),
    ('QO0111A', 'Q0111', 'A', 'Vì vài cũng và thì từ giữa tự cách như.', FALSE, '2026-06-12 15:45:00'),
    ('QO0111B', 'Q0111', 'B', 'Đi số cho thay sẽ mỗi như cũng vì.', FALSE, '2026-06-12 15:45:00'),
    ('QO0111C', 'Q0111', 'C', 'Giống có đúng thế sau.', FALSE, '2026-06-12 15:45:00'),
    ('QO0111D', 'Q0111', 'D', 'Như của như của như điều được sau chỉ thì.', TRUE, '2026-06-12 15:45:00'),
    ('QO0112A', 'Q0112', 'A', 'Đúng', FALSE, '2026-06-12 15:45:00'),
    ('QO0112B', 'Q0112', 'B', 'Từng tại là cách thế không có.', TRUE, '2026-06-12 15:45:00'),
    ('QO0113A', 'Q0113', 'A', 'Hoặc sẽ giống tại vậy là này theo điều.', TRUE, '2026-06-12 15:45:00'),
    ('QO0113B', 'Q0113', 'B', 'Từ của của đã.', FALSE, '2026-06-12 15:45:00'),
    ('QO0113C', 'Q0113', 'C', 'Đó sẽ của chỉ sau nào thay tại tự theo cũng.', FALSE, '2026-06-12 15:45:00'),
    ('QO0113D', 'Q0113', 'D', 'Hoặc mỗi người bạn cũng đúng thay chưa của bên.', FALSE, '2026-06-12 15:45:00'),
    ('QO0114A', 'Q0114', 'A', 'Cũng bạn cách theo này.', FALSE, '2026-06-12 15:45:00'),
    ('QO0114B', 'Q0114', 'B', 'Như cũng cũng của nhiều.', FALSE, '2026-06-12 15:45:00'),
    ('QO0114C', 'Q0114', 'C', 'Như đang hơn từng khi thay với sau cách.', FALSE, '2026-06-12 15:45:00'),
    ('QO0114D', 'Q0114', 'D', 'Không nếu bên đang thế người vẫn.', TRUE, '2026-06-12 15:45:00'),
    ('QO0116A', 'Q0116', 'A', 'Cho này mà một chưa tự.', TRUE, '2026-06-12 15:45:00'),
    ('QO0116B', 'Q0116', 'B', 'Của chưa chưa cho nơi hơn đó các.', FALSE, '2026-06-12 15:45:00'),
    ('QO0116C', 'Q0116', 'C', 'Tại trong có vì là về.', FALSE, '2026-06-12 15:45:00'),
    ('QO0116D', 'Q0116', 'D', 'Về vẫn gần nào không để nơi nhiều.', FALSE, '2026-06-12 15:45:00'),
    ('QO0119A', 'Q0119', 'A', 'Đúng', TRUE, '2026-06-12 15:45:00'),
    ('QO0119B', 'Q0119', 'B', 'Là vì dưới đó đã cũng của hơn.', FALSE, '2026-06-12 15:45:00'),
    ('QO0120A', 'Q0120', 'A', 'Đúng', FALSE, '2026-06-12 15:45:00'),
    ('QO0120B', 'Q0120', 'B', 'Sẽ hoặc với tại để về.', TRUE, '2026-06-12 15:45:00'),
    ('QO0121A', 'Q0121', 'A', 'Các của số theo hoặc đi của tôi cái có về.', TRUE, '2026-06-12 15:45:00'),
    ('QO0121B', 'Q0121', 'B', 'Như gần và và của từ để hoặc tại.', FALSE, '2026-06-12 15:45:00'),
    ('QO0121C', 'Q0121', 'C', 'Cho hơn hoặc là nhưng vẫn.', FALSE, '2026-06-12 15:45:00'),
    ('QO0121D', 'Q0121', 'D', 'Vài có của từ này nhưng rất chưa và giữa.', FALSE, '2026-06-12 15:45:00'),
    ('QO0122A', 'Q0122', 'A', 'Vậy đang vậy giống tại chỉ cho nơi nếu giữa.', FALSE, '2026-06-12 15:45:00'),
    ('QO0122B', 'Q0122', 'B', 'Tôi đúng đã giống để cách với hoặc đi nơi chưa.', FALSE, '2026-06-12 15:45:00'),
    ('QO0122C', 'Q0122', 'C', 'Cũng sau theo gần chỉ cũng cách từ.', FALSE, '2026-06-12 15:45:00'),
    ('QO0122D', 'Q0122', 'D', 'Về với với để các tại có điều của dưới.', TRUE, '2026-06-12 15:45:00'),
    ('QO0123A', 'Q0123', 'A', 'Có không theo vậy nếu để đến vì sẽ.', FALSE, '2026-06-12 15:45:00'),
    ('QO0123B', 'Q0123', 'B', 'Sau tại tự như từ của được giữa.', FALSE, '2026-06-12 15:45:00'),
    ('QO0123C', 'Q0123', 'C', 'Bạn nơi được như gần.', TRUE, '2026-06-12 15:45:00'),
    ('QO0123D', 'Q0123', 'D', 'Cho trong vì với nơi.', FALSE, '2026-06-12 15:45:00'),
    ('QO0124A', 'Q0124', 'A', 'Đúng', TRUE, '2026-06-12 15:45:00'),
    ('QO0124B', 'Q0124', 'B', 'Hoặc có trong và đến cái tại được đi.', FALSE, '2026-06-12 15:45:00'),
    ('QO0125A', 'Q0125', 'A', 'Chưa cũng cái mà trong dưới.', FALSE, '2026-06-12 15:45:00'),
    ('QO0125B', 'Q0125', 'B', 'Tôi đến tự nhưng nhiều một hoặc cũng từng.', FALSE, '2026-06-12 15:45:00'),
    ('QO0125C', 'Q0125', 'C', 'Rất bạn giống để của sau thế là người đó cũng.', TRUE, '2026-06-12 15:45:00'),
    ('QO0125D', 'Q0125', 'D', 'Là vậy tại mà hơn.', FALSE, '2026-06-12 15:45:00'),
    ('QO0126A', 'Q0126', 'A', 'Thì với bên gần đi.', FALSE, '2026-06-12 15:45:00'),
    ('QO0126B', 'Q0126', 'B', 'Với cho đã nào tự.', FALSE, '2026-06-12 15:45:00'),
    ('QO0126C', 'Q0126', 'C', 'Nào cái của gần nếu có đúng cách.', TRUE, '2026-06-12 15:45:00'),
    ('QO0126D', 'Q0126', 'D', 'Của như giống sau cái để từ giữa vẫn.', FALSE, '2026-06-12 15:45:00'),
    ('QO0127A', 'Q0127', 'A', 'Nhưng sẽ trong đó của.', FALSE, '2026-06-12 15:45:00'),
    ('QO0127B', 'Q0127', 'B', 'Sau nếu nơi từ hơn như đó.', FALSE, '2026-06-12 15:45:00'),
    ('QO0127C', 'Q0127', 'C', 'Này sau có từ dưới.', FALSE, '2026-06-12 15:45:00'),
    ('QO0127D', 'Q0127', 'D', 'Có vì của hơn như thế một.', TRUE, '2026-06-12 15:45:00'),
    ('QO0130A', 'Q0130', 'A', 'Cũng vài từ bạn theo thế có hoặc này.', FALSE, '2026-06-12 15:45:00'),
    ('QO0130B', 'Q0130', 'B', 'Tự vài nào giữa nhưng tại làm.', TRUE, '2026-06-12 15:45:00'),
    ('QO0130C', 'Q0130', 'C', 'Thế bên với tại tại thế.', FALSE, '2026-06-12 15:45:00'),
    ('QO0130D', 'Q0130', 'D', 'Hơn cũng bên mỗi để với bạn vậy nếu được.', FALSE, '2026-06-12 15:45:00'),
    ('QO0131A', 'Q0131', 'A', 'Cũng từng vì nào đang được đi dưới giống vì.', FALSE, '2026-06-12 15:45:00'),
    ('QO0131B', 'Q0131', 'B', 'Cũng khiến bên không được cái không để.', TRUE, '2026-06-12 15:45:00'),
    ('QO0131C', 'Q0131', 'C', 'Như đó nhiều hoặc và.', FALSE, '2026-06-12 15:45:00'),
    ('QO0131D', 'Q0131', 'D', 'Thế giữa nào hơn cách khiến không người có đó.', FALSE, '2026-06-12 15:45:00'),
    ('QO0133A', 'Q0133', 'A', 'Trong đi cho đến một từng theo.', FALSE, '2026-06-12 15:45:00'),
    ('QO0133B', 'Q0133', 'B', 'Không đến tại cũng theo như.', FALSE, '2026-06-12 15:45:00'),
    ('QO0133C', 'Q0133', 'C', 'Chưa vài thì theo theo đang.', TRUE, '2026-06-12 15:45:00'),
    ('QO0133D', 'Q0133', 'D', 'Bạn về không sau trong.', FALSE, '2026-06-12 15:45:00'),
    ('QO0134A', 'Q0134', 'A', 'Đúng', TRUE, '2026-06-12 15:45:00'),
    ('QO0134B', 'Q0134', 'B', 'Gần đúng từ cũng như đã có.', FALSE, '2026-06-12 15:45:00'),
    ('QO0135A', 'Q0135', 'A', 'Thì thế giữa cũng của vậy của để.', FALSE, '2026-06-12 15:45:00'),
    ('QO0135B', 'Q0135', 'B', 'Trong đã cũng nào đúng các một cách.', FALSE, '2026-06-12 15:45:00'),
    ('QO0135C', 'Q0135', 'C', 'Mà tại các giống như từng.', TRUE, '2026-06-12 15:45:00'),
    ('QO0135D', 'Q0135', 'D', 'Như gần thế để nào như.', FALSE, '2026-06-12 15:45:00'),
    ('QO0139A', 'Q0139', 'A', 'Khiến cái về với một đúng.', FALSE, '2026-06-12 15:45:00'),
    ('QO0139B', 'Q0139', 'B', 'Để thế mỗi này một đã với lớn.', FALSE, '2026-06-12 15:45:00'),
    ('QO0139C', 'Q0139', 'C', 'Của giống và bạn các như.', FALSE, '2026-06-12 15:45:00'),
    ('QO0139D', 'Q0139', 'D', 'Thế điều từ vậy sẽ cũng đi đang cho hoặc.', TRUE, '2026-06-12 15:45:00'),
    ('QO0141A', 'Q0141', 'A', 'Đúng', FALSE, '2026-06-12 15:45:00'),
    ('QO0141B', 'Q0141', 'B', 'Như trong hơn trong chưa cũng cho.', TRUE, '2026-06-12 15:45:00'),
    ('QO0146A', 'Q0146', 'A', 'Mà số dưới cho cũng trong đó tôi.', FALSE, '2026-06-12 15:45:00'),
    ('QO0146B', 'Q0146', 'B', 'Tại hơn của đến đi được cũng nhiều thế đến.', TRUE, '2026-06-12 15:45:00'),
    ('QO0146C', 'Q0146', 'C', 'Tại thế như đi một cũng.', FALSE, '2026-06-12 15:45:00'),
    ('QO0146D', 'Q0146', 'D', 'Bên như thế nhiều trong vài nơi này.', FALSE, '2026-06-12 15:45:00'),
    ('QO0148A', 'Q0148', 'A', 'Của đúng của dưới tại bạn.', TRUE, '2026-06-12 15:45:00'),
    ('QO0148B', 'Q0148', 'B', 'Mà từ của thì như tôi chỉ.', FALSE, '2026-06-12 15:45:00'),
    ('QO0148C', 'Q0148', 'C', 'Để như đến như tôi cái làm lớn trong các.', FALSE, '2026-06-12 15:45:00'),
    ('QO0148D', 'Q0148', 'D', 'Thay đến như của cũng và nhưng vì trong.', FALSE, '2026-06-12 15:45:00'),
    ('QO0152A', 'Q0152', 'A', 'Đi khiến vậy đang trong giống.', TRUE, '2026-06-12 15:45:00'),
    ('QO0152B', 'Q0152', 'B', 'Thì từng giữa như dưới trong.', FALSE, '2026-06-12 15:45:00'),
    ('QO0152C', 'Q0152', 'C', 'Từ một dưới các từ của từng trong nhưng cái rất.', FALSE, '2026-06-12 15:45:00'),
    ('QO0152D', 'Q0152', 'D', 'Thế không để giữa giống nơi chỉ.', FALSE, '2026-06-12 15:45:00'),
    ('QO0154A', 'Q0154', 'A', 'Có cũng vẫn khiến như trong cho chưa.', FALSE, '2026-06-12 15:45:00'),
    ('QO0154B', 'Q0154', 'B', 'Giống dưới và đúng như trong đúng vậy.', TRUE, '2026-06-12 15:45:00'),
    ('QO0154C', 'Q0154', 'C', 'Tại đúng đi như dưới nơi tôi như sẽ như vì.', FALSE, '2026-06-12 15:45:00'),
    ('QO0154D', 'Q0154', 'D', 'Sẽ vài dưới không thay của của không hơn.', FALSE, '2026-06-12 15:45:00'),
    ('QO0156A', 'Q0156', 'A', 'Của làm để như cái đang để đang nếu và.', FALSE, '2026-06-12 15:45:00'),
    ('QO0156B', 'Q0156', 'B', 'Giữa từng cho làm đó mà.', FALSE, '2026-06-12 15:45:00'),
    ('QO0156C', 'Q0156', 'C', 'Tại để như điều cho theo đi bên.', FALSE, '2026-06-12 15:45:00'),
    ('QO0156D', 'Q0156', 'D', 'Số có của lớn như.', TRUE, '2026-06-12 15:45:00'),
    ('QO0157A', 'Q0157', 'A', 'Để có tại chỉ hơn sẽ.', TRUE, '2026-06-12 15:45:00'),
    ('QO0157B', 'Q0157', 'B', 'Được với mỗi như khi của mỗi như cũng số.', FALSE, '2026-06-12 15:45:00'),
    ('QO0157C', 'Q0157', 'C', 'Cái tôi nhiều có.', FALSE, '2026-06-12 15:45:00'),
    ('QO0157D', 'Q0157', 'D', 'Của có từ của từ được.', FALSE, '2026-06-12 15:45:00'),
    ('QO0158A', 'Q0158', 'A', 'Chỉ nhiều các đó tại.', FALSE, '2026-06-12 15:45:00'),
    ('QO0158B', 'Q0158', 'B', 'Theo một được và trong.', FALSE, '2026-06-12 15:45:00'),
    ('QO0158C', 'Q0158', 'C', 'Như thay bên bên từng với trong cho từ.', TRUE, '2026-06-12 15:45:00'),
    ('QO0158D', 'Q0158', 'D', 'Hoặc trong cách này theo theo đi là đã của về.', FALSE, '2026-06-12 15:45:00'),
    ('QO0160A', 'Q0160', 'A', 'Đang làm lớn các với.', FALSE, '2026-06-12 15:45:00'),
    ('QO0160B', 'Q0160', 'B', 'Vì cũng thế từng có.', FALSE, '2026-06-12 15:45:00'),
    ('QO0160C', 'Q0160', 'C', 'Theo nào khiến người rất về.', FALSE, '2026-06-12 15:45:00'),
    ('QO0160D', 'Q0160', 'D', 'Để đến nhiều đi cách.', TRUE, '2026-06-12 15:45:00'),
    ('QO0161A', 'Q0161', 'A', 'Đúng', TRUE, '2026-06-12 15:45:00'),
    ('QO0161B', 'Q0161', 'B', 'Thì giữa cũng bên là cái giữa.', FALSE, '2026-06-12 15:45:00'),
    ('QO0162A', 'Q0162', 'A', 'Đúng', TRUE, '2026-06-12 15:45:00'),
    ('QO0162B', 'Q0162', 'B', 'Các cũng nơi bạn đúng bên đang.', FALSE, '2026-06-12 15:45:00'),
    ('QO0164A', 'Q0164', 'A', 'Với bạn theo và các giống từng chưa.', FALSE, '2026-06-12 15:45:00'),
    ('QO0164B', 'Q0164', 'B', 'Bạn của nào từ như tại.', FALSE, '2026-06-12 15:45:00'),
    ('QO0164C', 'Q0164', 'C', 'Hơn vài trong sẽ.', FALSE, '2026-06-12 15:45:00'),
    ('QO0164D', 'Q0164', 'D', 'Với trong là với để từ tôi hơn hơn nào.', TRUE, '2026-06-12 15:45:00'),
    ('QO0165A', 'Q0165', 'A', 'Cái cũng bạn của cách người.', FALSE, '2026-06-12 15:45:00'),
    ('QO0165B', 'Q0165', 'B', 'Và khiến hơn thì thay nếu đã có.', TRUE, '2026-06-12 15:45:00'),
    ('QO0165C', 'Q0165', 'C', 'Lớn nơi đúng tại nào vài vì như để.', FALSE, '2026-06-12 15:45:00'),
    ('QO0165D', 'Q0165', 'D', 'Về như đúng này này nhưng nhiều làm.', FALSE, '2026-06-12 15:45:00'),
    ('QO0166A', 'Q0166', 'A', 'Cái trong nhiều giữa bên là bên đó giữa.', FALSE, '2026-06-12 15:45:00'),
    ('QO0166B', 'Q0166', 'B', 'Cũng vẫn với không thay rất và đúng vài tại người.', FALSE, '2026-06-12 15:45:00'),
    ('QO0166C', 'Q0166', 'C', 'Để với với được bên chỉ rất.', FALSE, '2026-06-12 15:45:00'),
    ('QO0166D', 'Q0166', 'D', 'Cũng là về của với chỉ đến là giữa.', TRUE, '2026-06-12 15:45:00'),
    ('QO0168A', 'Q0168', 'A', 'Đúng', TRUE, '2026-06-12 15:45:00'),
    ('QO0168B', 'Q0168', 'B', 'Hơn được như rất đã tại.', FALSE, '2026-06-12 15:45:00'),
    ('QO0170A', 'Q0170', 'A', 'Đúng', TRUE, '2026-06-12 15:45:00'),
    ('QO0170B', 'Q0170', 'B', 'Để các vì nhiều khi này đi chưa này.', FALSE, '2026-06-12 15:45:00'),
    ('QO0172A', 'Q0172', 'A', 'Đúng', TRUE, '2026-06-12 15:45:00'),
    ('QO0172B', 'Q0172', 'B', 'Để trong chỉ mỗi đó từ nếu mà.', FALSE, '2026-06-12 15:45:00'),
    ('QO0173A', 'Q0173', 'A', 'Đúng', FALSE, '2026-06-12 15:45:00'),
    ('QO0173B', 'Q0173', 'B', 'Đã chỉ cũng đến nhiều hoặc hơn đang khi.', TRUE, '2026-06-12 15:45:00'),
    ('QO0174A', 'Q0174', 'A', 'Để cách để có trong theo nếu với cũng các.', FALSE, '2026-06-12 15:45:00'),
    ('QO0174B', 'Q0174', 'B', 'Đi đã có đúng thì trong chưa hơn trong từ.', FALSE, '2026-06-12 15:45:00'),
    ('QO0174C', 'Q0174', 'C', 'Đang đó giống số như không với.', FALSE, '2026-06-12 15:45:00'),
    ('QO0174D', 'Q0174', 'D', 'Của mỗi tại cũng với đến như để cũng số.', TRUE, '2026-06-12 15:45:00'),
    ('QO0175A', 'Q0175', 'A', 'Đó chỉ hoặc hoặc với vài.', TRUE, '2026-06-12 15:45:00'),
    ('QO0175B', 'Q0175', 'B', 'Được của theo không dưới để từ chưa.', FALSE, '2026-06-12 15:45:00'),
    ('QO0175C', 'Q0175', 'C', 'Từ chưa đến sau như.', FALSE, '2026-06-12 15:45:00'),
    ('QO0175D', 'Q0175', 'D', 'Nào mà thay trong có trong.', FALSE, '2026-06-12 15:45:00'),
    ('QO0176A', 'Q0176', 'A', 'Đã với cách vẫn tại tại sau không một.', FALSE, '2026-06-12 15:45:00'),
    ('QO0176B', 'Q0176', 'B', 'Từ thế nhiều nhiều đến vẫn để với từng dưới.', FALSE, '2026-06-12 15:45:00'),
    ('QO0176C', 'Q0176', 'C', 'Với thế như cho trong hơn là rất.', FALSE, '2026-06-12 15:45:00'),
    ('QO0176D', 'Q0176', 'D', 'Như vài đã của tôi từ từ trong với với.', TRUE, '2026-06-12 15:45:00'),
    ('QO0177A', 'Q0177', 'A', 'Đúng', TRUE, '2026-06-12 15:45:00'),
    ('QO0177B', 'Q0177', 'B', 'Nhưng như thế tự.', FALSE, '2026-06-12 15:45:00'),
    ('QO0178A', 'Q0178', 'A', 'Dưới này cũng làm với.', FALSE, '2026-06-12 15:45:00'),
    ('QO0178B', 'Q0178', 'B', 'Của hơn của hơn rất không.', TRUE, '2026-06-12 15:45:00'),
    ('QO0178C', 'Q0178', 'C', 'Thì bên này thế chỉ như với đang.', FALSE, '2026-06-12 15:45:00'),
    ('QO0178D', 'Q0178', 'D', 'Hoặc thay tại để với vậy.', FALSE, '2026-06-12 15:45:00'),
    ('QO0179A', 'Q0179', 'A', 'Có của về bạn tự khiến.', FALSE, '2026-06-12 15:45:00'),
    ('QO0179B', 'Q0179', 'B', 'Sau cũng của sau người để mỗi.', FALSE, '2026-06-12 15:45:00'),
    ('QO0179C', 'Q0179', 'C', 'Như là các thì vẫn đi hơn như bên được.', FALSE, '2026-06-12 15:45:00'),
    ('QO0179D', 'Q0179', 'D', 'Đến có để có nếu chưa.', TRUE, '2026-06-12 15:45:00'),
    ('QO0180A', 'Q0180', 'A', 'Của hơn hoặc nhiều sẽ như vài.', FALSE, '2026-06-12 15:45:00'),
    ('QO0180B', 'Q0180', 'B', 'Như nếu cái từng với sẽ dưới.', TRUE, '2026-06-12 15:45:00'),
    ('QO0180C', 'Q0180', 'C', 'Được không không giữa có đang giữa có.', FALSE, '2026-06-12 15:45:00'),
    ('QO0180D', 'Q0180', 'D', 'Của như hoặc cũng này.', FALSE, '2026-06-12 15:45:00'),
    ('QO0181A', 'Q0181', 'A', 'Thay nơi như người giữa từ sẽ tại như cái cho.', FALSE, '2026-06-12 15:45:00'),
    ('QO0181B', 'Q0181', 'B', 'Từ của vì thì hơn đó.', FALSE, '2026-06-12 15:45:00'),
    ('QO0181C', 'Q0181', 'C', 'Như cũng nơi vậy điều như nơi theo từ.', TRUE, '2026-06-12 15:45:00'),
    ('QO0181D', 'Q0181', 'D', 'Của mà cách đó như nhưng và của.', FALSE, '2026-06-12 15:45:00'),
    ('QO0182A', 'Q0182', 'A', 'Vẫn hoặc cái hơn để lớn.', FALSE, '2026-06-12 15:45:00'),
    ('QO0182B', 'Q0182', 'B', 'Vì này rất nào vài được đúng tại.', TRUE, '2026-06-12 15:45:00'),
    ('QO0182C', 'Q0182', 'C', 'Có chỉ là như và được nơi đã điều như.', FALSE, '2026-06-12 15:45:00'),
    ('QO0182D', 'Q0182', 'D', 'Cách để nào khiến điều.', FALSE, '2026-06-12 15:45:00'),
    ('QO0183A', 'Q0183', 'A', 'Theo người cho bạn một theo đã với như hoặc.', FALSE, '2026-06-12 15:45:00'),
    ('QO0183B', 'Q0183', 'B', 'Tự giống trong khiến với để là sẽ này.', FALSE, '2026-06-12 15:45:00'),
    ('QO0183C', 'Q0183', 'C', 'Sẽ theo đang được nơi khiến của sau.', TRUE, '2026-06-12 15:45:00'),
    ('QO0183D', 'Q0183', 'D', 'Với từ về tự và.', FALSE, '2026-06-12 15:45:00'),
    ('QO0184A', 'Q0184', 'A', 'Đúng', FALSE, '2026-06-12 15:45:00'),
    ('QO0184B', 'Q0184', 'B', 'Như đến như khi nơi cách số.', TRUE, '2026-06-12 15:45:00'),
    ('QO0185A', 'Q0185', 'A', 'Đúng cách có cũng như dưới cách.', FALSE, '2026-06-12 15:45:00'),
    ('QO0185B', 'Q0185', 'B', 'Là cái nào sẽ người bên một.', TRUE, '2026-06-12 15:45:00'),
    ('QO0185C', 'Q0185', 'C', 'Nào để nhiều không.', FALSE, '2026-06-12 15:45:00'),
    ('QO0185D', 'Q0185', 'D', 'Cái đi cho đó như.', FALSE, '2026-06-12 15:45:00'),
    ('QO0186A', 'Q0186', 'A', 'Làm các thế thế như như như đúng đến rất.', FALSE, '2026-06-12 15:45:00'),
    ('QO0186B', 'Q0186', 'B', 'Đã từ thế như làm số của một khiến.', TRUE, '2026-06-12 15:45:00'),
    ('QO0186C', 'Q0186', 'C', 'Người lớn điều sau để hoặc dưới.', FALSE, '2026-06-12 15:45:00'),
    ('QO0186D', 'Q0186', 'D', 'Sẽ như nếu thì.', FALSE, '2026-06-12 15:45:00'),
    ('QO0187A', 'Q0187', 'A', 'Để của để tôi tôi các mà chỉ mà.', TRUE, '2026-06-12 15:45:00'),
    ('QO0187B', 'Q0187', 'B', 'Từng đến tại cũng như bên không.', FALSE, '2026-06-12 15:45:00'),
    ('QO0187C', 'Q0187', 'C', 'Bên về được với mỗi với với.', FALSE, '2026-06-12 15:45:00'),
    ('QO0187D', 'Q0187', 'D', 'Tự nhiều nhưng như từ sẽ.', FALSE, '2026-06-12 15:45:00'),
    ('QO0188A', 'Q0188', 'A', 'Đúng', TRUE, '2026-06-12 15:45:00'),
    ('QO0188B', 'Q0188', 'B', 'Số tôi là của tại tự.', FALSE, '2026-06-12 15:45:00'),
    ('QO0190A', 'Q0190', 'A', 'Đang thay chỉ nơi một thì.', TRUE, '2026-06-12 15:45:00'),
    ('QO0190B', 'Q0190', 'B', 'Cũng cũng cách trong như vậy từng như khi được.', FALSE, '2026-06-12 15:45:00'),
    ('QO0190C', 'Q0190', 'C', 'Khi không sau mà nơi tôi tại nếu nơi thay.', FALSE, '2026-06-12 15:45:00'),
    ('QO0190D', 'Q0190', 'D', 'Và như với giữa tại đi cũng.', FALSE, '2026-06-12 15:45:00'),
    ('QO0192A', 'Q0192', 'A', 'Vậy đi và hoặc như là hoặc lớn thay hơn trong.', FALSE, '2026-06-12 15:45:00'),
    ('QO0192B', 'Q0192', 'B', 'Người về trong chưa là khi các theo cách.', FALSE, '2026-06-12 15:45:00'),
    ('QO0192C', 'Q0192', 'C', 'Sau có lớn như từ cái.', FALSE, '2026-06-12 15:45:00'),
    ('QO0192D', 'Q0192', 'D', 'Để sau người nhiều thì cái có lớn.', TRUE, '2026-06-12 15:45:00'),
    ('QO0193A', 'Q0193', 'A', 'Sau để thay có chỉ có một với sẽ.', FALSE, '2026-06-12 15:45:00'),
    ('QO0193B', 'Q0193', 'B', 'Nào các để chỉ bạn khiến bên.', FALSE, '2026-06-12 15:45:00'),
    ('QO0193C', 'Q0193', 'C', 'Có như có với là gần.', TRUE, '2026-06-12 15:45:00'),
    ('QO0193D', 'Q0193', 'D', 'Là vậy trong vài hoặc nơi.', FALSE, '2026-06-12 15:45:00'),
    ('QO0194A', 'Q0194', 'A', 'Là là như vẫn nhưng hơn giữa nào.', FALSE, '2026-06-12 15:45:00'),
    ('QO0194B', 'Q0194', 'B', 'Khiến với đang số không nếu vài.', FALSE, '2026-06-12 15:45:00'),
    ('QO0194C', 'Q0194', 'C', 'Là nếu đang vì nơi đang bạn là như.', TRUE, '2026-06-12 15:45:00'),
    ('QO0194D', 'Q0194', 'D', 'Trong cho chưa đúng vậy bên tự khiến tự có tại.', FALSE, '2026-06-12 15:45:00'),
    ('QO0196A', 'Q0196', 'A', 'Đúng', TRUE, '2026-06-12 15:45:00'),
    ('QO0196B', 'Q0196', 'B', 'Của đúng cũng bên vẫn giống.', FALSE, '2026-06-12 15:45:00'),
    ('QO0198A', 'Q0198', 'A', 'Đúng', FALSE, '2026-06-12 15:45:00'),
    ('QO0198B', 'Q0198', 'B', 'Thế nào thì vậy gần.', TRUE, '2026-06-12 15:45:00'),
    ('QO0200A', 'Q0200', 'A', 'Đã mỗi của vì từ không giống là tôi cho.', TRUE, '2026-06-12 15:45:00'),
    ('QO0200B', 'Q0200', 'B', 'Tại là cho nào hoặc cái đó nhiều khiến.', FALSE, '2026-06-12 15:45:00'),
    ('QO0200C', 'Q0200', 'C', 'Tại gần được thế nếu các nhưng làm lớn tại.', FALSE, '2026-06-12 15:45:00'),
    ('QO0200D', 'Q0200', 'D', 'Nào các nhưng bạn chưa thì nếu.', FALSE, '2026-06-12 15:45:00'),
    ('QO0201A', 'Q0201', 'A', 'Từ như đúng trong thế bạn sau của để.', FALSE, '2026-06-12 15:45:00'),
    ('QO0201B', 'Q0201', 'B', 'Người dưới đã điều cái bên sẽ.', TRUE, '2026-06-12 15:45:00'),
    ('QO0201C', 'Q0201', 'C', 'Tại thế để vì hoặc.', FALSE, '2026-06-12 15:45:00'),
    ('QO0201D', 'Q0201', 'D', 'Đó chưa người này giữa giữa từ.', FALSE, '2026-06-12 15:45:00'),
    ('QO0202A', 'Q0202', 'A', 'Đúng', FALSE, '2026-06-12 15:45:00'),
    ('QO0202B', 'Q0202', 'B', 'Khiến sau tự đang nhiều thì sẽ trong theo có.', TRUE, '2026-06-12 15:45:00'),
    ('QO0203A', 'Q0203', 'A', 'Của khiến thì cũng như rất.', FALSE, '2026-06-12 15:45:00'),
    ('QO0203B', 'Q0203', 'B', 'Vậy từ này vài khiến.', TRUE, '2026-06-12 15:45:00'),
    ('QO0203C', 'Q0203', 'C', 'Thay cho không dưới cái khiến đang thì nhưng.', FALSE, '2026-06-12 15:45:00'),
    ('QO0203D', 'Q0203', 'D', 'Đang mà và cho tự khi thế thế với.', FALSE, '2026-06-12 15:45:00'),
    ('QO0204A', 'Q0204', 'A', 'Được để cái nhưng như nơi trong.', FALSE, '2026-06-12 15:45:00'),
    ('QO0204B', 'Q0204', 'B', 'Cho trong đang thế mà.', FALSE, '2026-06-12 15:45:00'),
    ('QO0204C', 'Q0204', 'C', 'Gần từ người hoặc làm.', FALSE, '2026-06-12 15:45:00'),
    ('QO0204D', 'Q0204', 'D', 'Vì đó mà làm như đến về.', TRUE, '2026-06-12 15:45:00'),
    ('QO0205A', 'Q0205', 'A', 'Đúng', FALSE, '2026-06-12 15:45:00'),
    ('QO0205B', 'Q0205', 'B', 'Khiến tại người từ cái trong như như đang.', TRUE, '2026-06-12 15:45:00'),
    ('QO0208A', 'Q0208', 'A', 'Bên từ lớn dưới này.', TRUE, '2026-06-12 15:45:00'),
    ('QO0208B', 'Q0208', 'B', 'Tại cho tại đó người.', FALSE, '2026-06-12 15:45:00'),
    ('QO0208C', 'Q0208', 'C', 'Của đi cái mà này.', FALSE, '2026-06-12 15:45:00'),
    ('QO0208D', 'Q0208', 'D', 'Tự tôi trong tại một số của tự một để.', FALSE, '2026-06-12 15:45:00'),
    ('QO0209A', 'Q0209', 'A', 'Vẫn sau là nơi đang cái của từ để.', TRUE, '2026-06-12 15:45:00'),
    ('QO0209B', 'Q0209', 'B', 'Bạn như khi là vài để vài.', FALSE, '2026-06-12 15:45:00'),
    ('QO0209C', 'Q0209', 'C', 'Lớn vì tại đang đó theo sẽ không.', FALSE, '2026-06-12 15:45:00'),
    ('QO0209D', 'Q0209', 'D', 'Của nào như cũng có hơn.', FALSE, '2026-06-12 15:45:00'),
    ('QO0212A', 'Q0212', 'A', 'Gần hơn trong vì mà cho một từ tại vậy nào.', TRUE, '2026-06-12 15:45:00'),
    ('QO0212B', 'Q0212', 'B', 'Cho này đến đó đúng gần hoặc.', FALSE, '2026-06-12 15:45:00'),
    ('QO0212C', 'Q0212', 'C', 'Cũng các nhưng gần hoặc như được.', FALSE, '2026-06-12 15:45:00'),
    ('QO0212D', 'Q0212', 'D', 'Nhưng với thì từng chưa hơn là đến sẽ cho.', FALSE, '2026-06-12 15:45:00'),
    ('QO0213A', 'Q0213', 'A', 'Các như làm của chưa rất số.', TRUE, '2026-06-12 15:45:00'),
    ('QO0213B', 'Q0213', 'B', 'Như cho tôi mỗi.', FALSE, '2026-06-12 15:45:00'),
    ('QO0213C', 'Q0213', 'C', 'Thay các vậy một cách của làm của từ là.', FALSE, '2026-06-12 15:45:00'),
    ('QO0213D', 'Q0213', 'D', 'Này của điều mỗi đi không rất.', FALSE, '2026-06-12 15:45:00'),
    ('QO0216A', 'Q0216', 'A', 'Bên cách như như tại làm với như bạn hoặc.', TRUE, '2026-06-12 15:45:00'),
    ('QO0216B', 'Q0216', 'B', 'Của theo nơi để cũng.', FALSE, '2026-06-12 15:45:00'),
    ('QO0216C', 'Q0216', 'C', 'Số không lớn vậy khi lớn cũng của để có người.', FALSE, '2026-06-12 15:45:00'),
    ('QO0216D', 'Q0216', 'D', 'Nhiều với giữa trong nơi.', FALSE, '2026-06-12 15:45:00'),
    ('QO0217A', 'Q0217', 'A', 'Đúng', FALSE, '2026-06-12 15:45:00'),
    ('QO0217B', 'Q0217', 'B', 'Từng bạn cách giống từ thì chưa cách.', TRUE, '2026-06-12 15:45:00'),
    ('QO0218A', 'Q0218', 'A', 'Vậy điều như giữa và mỗi.', FALSE, '2026-06-12 15:45:00'),
    ('QO0218B', 'Q0218', 'B', 'Giống bạn của thay và dưới từ cũng cách.', TRUE, '2026-06-12 15:45:00'),
    ('QO0218C', 'Q0218', 'C', 'Và cũng để vẫn cách đúng sau vẫn được.', FALSE, '2026-06-12 15:45:00'),
    ('QO0218D', 'Q0218', 'D', 'Tại như vậy khiến vẫn bạn chưa tại.', FALSE, '2026-06-12 15:45:00'),
    ('QO0222A', 'Q0222', 'A', 'Có của đó thì vì cho vì trong gần dưới.', FALSE, '2026-06-12 15:45:00'),
    ('QO0222B', 'Q0222', 'B', 'Sau vì khiến như khiến giống này bạn như.', FALSE, '2026-06-12 15:45:00'),
    ('QO0222C', 'Q0222', 'C', 'Có gần trong trong mà nếu một vì với nhiều.', FALSE, '2026-06-12 15:45:00'),
    ('QO0222D', 'Q0222', 'D', 'Vài bạn đang dưới vẫn vẫn tại.', TRUE, '2026-06-12 15:45:00'),
    ('QO0226A', 'Q0226', 'A', 'Vì chưa chưa đúng lớn là trong sau.', FALSE, '2026-06-12 15:45:00'),
    ('QO0226B', 'Q0226', 'B', 'Với như vài người nơi mà nào.', FALSE, '2026-06-12 15:45:00'),
    ('QO0226C', 'Q0226', 'C', 'Tự vẫn đến của rất vì cũng đang.', FALSE, '2026-06-12 15:45:00'),
    ('QO0226D', 'Q0226', 'D', 'Đang đã như số hoặc là khi nơi vài không.', TRUE, '2026-06-12 15:45:00'),
    ('QO0227A', 'Q0227', 'A', 'Từ chưa được đang nếu chỉ với như.', FALSE, '2026-06-12 15:45:00'),
    ('QO0227B', 'Q0227', 'B', 'Số mỗi đó đang cũng cũng.', TRUE, '2026-06-12 15:45:00'),
    ('QO0227C', 'Q0227', 'C', 'Hoặc của là nào có nhiều với hơn với thay.', FALSE, '2026-06-12 15:45:00'),
    ('QO0227D', 'Q0227', 'D', 'Chưa này vậy để cho.', FALSE, '2026-06-12 15:45:00'),
    ('QO0228A', 'Q0228', 'A', 'Bên điều dưới nhiều cái có người.', FALSE, '2026-06-12 15:45:00'),
    ('QO0228B', 'Q0228', 'B', 'Dưới có tại đó chỉ thay cái.', FALSE, '2026-06-12 15:45:00'),
    ('QO0228C', 'Q0228', 'C', 'Là hơn làm tại chưa mà số tôi các từ.', FALSE, '2026-06-12 15:45:00'),
    ('QO0228D', 'Q0228', 'D', 'Có vậy và để về mỗi thế thay.', TRUE, '2026-06-12 15:45:00'),
    ('QO0229A', 'Q0229', 'A', 'Người để thì mỗi làm vì chưa để như từ mỗi.', TRUE, '2026-06-12 15:45:00'),
    ('QO0229B', 'Q0229', 'B', 'Thì tôi nhưng được đi sau.', FALSE, '2026-06-12 15:45:00'),
    ('QO0229C', 'Q0229', 'C', 'Nhiều cũng rất không từ từng vài thì với một.', FALSE, '2026-06-12 15:45:00'),
    ('QO0229D', 'Q0229', 'D', 'Tôi về cách như của sau cách.', FALSE, '2026-06-12 15:45:00'),
    ('QO0230A', 'Q0230', 'A', 'Đúng', FALSE, '2026-06-12 15:45:00'),
    ('QO0230B', 'Q0230', 'B', 'Sau của từ từ thay lớn như.', TRUE, '2026-06-12 15:45:00'),
    ('QO0231A', 'Q0231', 'A', 'Đúng', FALSE, '2026-06-12 15:45:00'),
    ('QO0231B', 'Q0231', 'B', 'Vẫn như đang không hoặc.', TRUE, '2026-06-12 15:45:00'),
    ('QO0233A', 'Q0233', 'A', 'Giữa vài của nơi nhưng các như.', FALSE, '2026-06-12 15:45:00'),
    ('QO0233B', 'Q0233', 'B', 'Để cái số khiến sau tại chỉ.', FALSE, '2026-06-12 15:45:00'),
    ('QO0233C', 'Q0233', 'C', 'Của theo như giống đi của rất dưới như.', TRUE, '2026-06-12 15:45:00'),
    ('QO0233D', 'Q0233', 'D', 'Nơi vì nào trong sẽ giống bạn giống tại.', FALSE, '2026-06-12 15:45:00'),
    ('QO0235A', 'Q0235', 'A', 'Về gần dưới này và.', FALSE, '2026-06-12 15:45:00'),
    ('QO0235B', 'Q0235', 'B', 'Của theo để này như đã vì.', TRUE, '2026-06-12 15:45:00'),
    ('QO0235C', 'Q0235', 'C', 'Rất điều tự cũng cách nếu và hoặc và này.', FALSE, '2026-06-12 15:45:00'),
    ('QO0235D', 'Q0235', 'D', 'Rất như tự nhưng sau.', FALSE, '2026-06-12 15:45:00'),
    ('QO0236A', 'Q0236', 'A', 'Số lớn gần cũng rất tự để mà.', FALSE, '2026-06-12 15:45:00'),
    ('QO0236B', 'Q0236', 'B', 'Vậy hơn cho đó nếu đã đó đã vài hơn.', TRUE, '2026-06-12 15:45:00'),
    ('QO0236C', 'Q0236', 'C', 'Tại hoặc mà đến của trong nhiều thay không.', FALSE, '2026-06-12 15:45:00'),
    ('QO0236D', 'Q0236', 'D', 'Giống cũng để thay gần rất lớn.', FALSE, '2026-06-12 15:45:00'),
    ('QO0237A', 'Q0237', 'A', 'Đúng', TRUE, '2026-06-12 15:45:00'),
    ('QO0237B', 'Q0237', 'B', 'Số để đang mà tại thì.', FALSE, '2026-06-12 15:45:00'),
    ('QO0238A', 'Q0238', 'A', 'Cho được với đó của hơn về nhiều nhưng một.', FALSE, '2026-06-12 15:45:00'),
    ('QO0238B', 'Q0238', 'B', 'Tại là bạn khiến khiến theo đúng.', TRUE, '2026-06-12 15:45:00'),
    ('QO0238C', 'Q0238', 'C', 'Vẫn đi sau nhiều mà nơi cho của.', FALSE, '2026-06-12 15:45:00'),
    ('QO0238D', 'Q0238', 'D', 'Nhưng gần giữa dưới có từ vậy một tôi với thế.', FALSE, '2026-06-12 15:45:00'),
    ('QO0239A', 'Q0239', 'A', 'Đúng', FALSE, '2026-06-12 15:45:00'),
    ('QO0239B', 'Q0239', 'B', 'Như đi giữa trong nếu khiến như.', TRUE, '2026-06-12 15:45:00'),
    ('QO0241A', 'Q0241', 'A', 'Bên đó cách trong nào.', FALSE, '2026-06-12 15:45:00'),
    ('QO0241B', 'Q0241', 'B', 'Chưa nơi thì vì vì.', FALSE, '2026-06-12 15:45:00'),
    ('QO0241C', 'Q0241', 'C', 'Nhưng nơi số bạn.', FALSE, '2026-06-12 15:45:00'),
    ('QO0241D', 'Q0241', 'D', 'Vậy đúng như điều cho người tự trong giữa.', TRUE, '2026-06-12 15:45:00'),
    ('QO0242A', 'Q0242', 'A', 'Là bạn các nhiều các chưa nhiều vẫn.', TRUE, '2026-06-12 15:45:00'),
    ('QO0242B', 'Q0242', 'B', 'Như trong thay thì giống nhiều vì hơn nào các.', FALSE, '2026-06-12 15:45:00'),
    ('QO0242C', 'Q0242', 'C', 'Một với trong với để chỉ từ vẫn.', FALSE, '2026-06-12 15:45:00'),
    ('QO0242D', 'Q0242', 'D', 'Để mà cách hoặc đang đã có vẫn.', FALSE, '2026-06-12 15:45:00'),
    ('QO0243A', 'Q0243', 'A', 'Đã hơn hoặc chưa một tại khiến.', FALSE, '2026-06-12 15:45:00'),
    ('QO0243B', 'Q0243', 'B', 'Làm của bên để để.', FALSE, '2026-06-12 15:45:00'),
    ('QO0243C', 'Q0243', 'C', 'Đó tại với người chưa giữa mà thay hơn số.', FALSE, '2026-06-12 15:45:00'),
    ('QO0243D', 'Q0243', 'D', 'Nếu bạn mỗi cách điều từng vài khi được hơn.', TRUE, '2026-06-12 15:45:00'),
    ('QO0244A', 'Q0244', 'A', 'Số trong của vài của.', FALSE, '2026-06-12 15:45:00'),
    ('QO0244B', 'Q0244', 'B', 'Nhiều chưa khiến hoặc vẫn bên.', FALSE, '2026-06-12 15:45:00'),
    ('QO0244C', 'Q0244', 'C', 'Đã hoặc mỗi đó sau.', FALSE, '2026-06-12 15:45:00'),
    ('QO0244D', 'Q0244', 'D', 'Số được hơn dưới từ trong cách đó.', TRUE, '2026-06-12 15:45:00'),
    ('QO0245A', 'Q0245', 'A', 'Cái nếu nếu hoặc cách.', FALSE, '2026-06-12 15:45:00'),
    ('QO0245B', 'Q0245', 'B', 'Của từng cũng có mỗi lớn.', TRUE, '2026-06-12 15:45:00'),
    ('QO0245C', 'Q0245', 'C', 'Mà khi sau cho như không cũng cách với từng.', FALSE, '2026-06-12 15:45:00'),
    ('QO0245D', 'Q0245', 'D', 'Giống tự đã cho thì.', FALSE, '2026-06-12 15:45:00'),
    ('QO0247A', 'Q0247', 'A', 'Đúng', FALSE, '2026-06-12 15:45:00'),
    ('QO0247B', 'Q0247', 'B', 'Không vẫn gần nhưng thay của điều tự sau gần.', TRUE, '2026-06-12 15:45:00'),
    ('QO0252A', 'Q0252', 'A', 'Cũng chưa là thay mà bên.', FALSE, '2026-06-12 15:45:00'),
    ('QO0252B', 'Q0252', 'B', 'Như theo lớn với sẽ như.', FALSE, '2026-06-12 15:45:00'),
    ('QO0252C', 'Q0252', 'C', 'Sẽ vẫn thì như chưa giữa như khi giữa.', FALSE, '2026-06-12 15:45:00'),
    ('QO0252D', 'Q0252', 'D', 'Một giống cho như đã nhưng cách về với.', TRUE, '2026-06-12 15:45:00'),
    ('QO0254A', 'Q0254', 'A', 'Được như nơi chưa mỗi mà đúng với đến.', TRUE, '2026-06-12 15:45:00'),
    ('QO0254B', 'Q0254', 'B', 'Cũng để dưới vài làm thay theo vẫn sau đúng hoặc.', FALSE, '2026-06-12 15:45:00'),
    ('QO0254C', 'Q0254', 'C', 'Điều này khiến thì.', FALSE, '2026-06-12 15:45:00'),
    ('QO0254D', 'Q0254', 'D', 'Đến hoặc từ không đó sau nhưng như cho từng.', FALSE, '2026-06-12 15:45:00'),
    ('QO0255A', 'Q0255', 'A', 'Đúng', TRUE, '2026-06-12 15:45:00'),
    ('QO0255B', 'Q0255', 'B', 'Với hơn của đã.', FALSE, '2026-06-12 15:45:00'),
    ('QO0256A', 'Q0256', 'A', 'Chỉ tôi khiến bạn giống nơi nhiều mỗi cho từ.', FALSE, '2026-06-12 15:45:00'),
    ('QO0256B', 'Q0256', 'B', 'Giữa này khiến bạn giữa với đó.', FALSE, '2026-06-12 15:45:00'),
    ('QO0256C', 'Q0256', 'C', 'Bên sau để hơn của thì có dưới.', FALSE, '2026-06-12 15:45:00'),
    ('QO0256D', 'Q0256', 'D', 'Chưa như chỉ tại khiến cũng.', TRUE, '2026-06-12 15:45:00'),
    ('QO0257A', 'Q0257', 'A', 'Đúng', FALSE, '2026-06-12 15:45:00'),
    ('QO0257B', 'Q0257', 'B', 'Giống các thế rất sẽ.', TRUE, '2026-06-12 15:45:00'),
    ('QO0260A', 'Q0260', 'A', 'Đúng', FALSE, '2026-06-12 15:45:00'),
    ('QO0260B', 'Q0260', 'B', 'Này đang nhưng đến tại vậy của giữa gần gần.', TRUE, '2026-06-12 15:45:00'),
    ('QO0262A', 'Q0262', 'A', 'Đúng', FALSE, '2026-06-12 15:45:00'),
    ('QO0262B', 'Q0262', 'B', 'Giống trong thay chưa từng.', TRUE, '2026-06-12 15:45:00'),
    ('QO0263A', 'Q0263', 'A', 'Đi từ với làm để.', FALSE, '2026-06-12 15:45:00'),
    ('QO0263B', 'Q0263', 'B', 'Như dưới một từng từng nhiều.', FALSE, '2026-06-12 15:45:00'),
    ('QO0263C', 'Q0263', 'C', 'Gần như không của vì.', FALSE, '2026-06-12 15:45:00'),
    ('QO0263D', 'Q0263', 'D', 'Người của này cũng của nơi một nếu.', TRUE, '2026-06-12 15:45:00'),
    ('QO0264A', 'Q0264', 'A', 'Đúng', TRUE, '2026-06-12 15:45:00'),
    ('QO0264B', 'Q0264', 'B', 'Trong một đi tự làm.', FALSE, '2026-06-12 15:45:00'),
    ('QO0265A', 'Q0265', 'A', 'Giữa đến với chưa.', TRUE, '2026-06-12 15:45:00'),
    ('QO0265B', 'Q0265', 'B', 'Như nhiều số từ giống.', FALSE, '2026-06-12 15:45:00'),
    ('QO0265C', 'Q0265', 'C', 'Hơn cũng sau từ rất từ trong để với đúng mỗi.', FALSE, '2026-06-12 15:45:00'),
    ('QO0265D', 'Q0265', 'D', 'Của để trong cái cũng.', FALSE, '2026-06-12 15:45:00'),
    ('QO0266A', 'Q0266', 'A', 'Đúng', FALSE, '2026-06-12 15:45:00'),
    ('QO0266B', 'Q0266', 'B', 'Cái trong vì từng bên lớn giống sau giống hoặc chỉ.', TRUE, '2026-06-12 15:45:00'),
    ('QO0267A', 'Q0267', 'A', 'Đúng', FALSE, '2026-06-12 15:45:00'),
    ('QO0267B', 'Q0267', 'B', 'Dưới một cho tại vậy có cũng không.', TRUE, '2026-06-12 15:45:00'),
    ('QO0272A', 'Q0272', 'A', 'Giữa sau từng vẫn điều của nếu.', TRUE, '2026-06-12 15:45:00'),
    ('QO0272B', 'Q0272', 'B', 'Vài của cách từng giống giống cũng vậy hơn nào.', FALSE, '2026-06-12 15:45:00'),
    ('QO0272C', 'Q0272', 'C', 'Về dưới dưới theo tại đúng của.', FALSE, '2026-06-12 15:45:00'),
    ('QO0272D', 'Q0272', 'D', 'Từ tại sẽ các với làm.', FALSE, '2026-06-12 15:45:00'),
    ('QO0273A', 'Q0273', 'A', 'Đúng', TRUE, '2026-06-12 15:45:00'),
    ('QO0273B', 'Q0273', 'B', 'Này đang giữa cũng đến này hơn.', FALSE, '2026-06-12 15:45:00'),
    ('QO0278A', 'Q0278', 'A', 'Bạn đó mà chưa cái để.', FALSE, '2026-06-12 15:45:00'),
    ('QO0278B', 'Q0278', 'B', 'Cái và theo nơi vì có có thế đúng.', FALSE, '2026-06-12 15:45:00'),
    ('QO0278C', 'Q0278', 'C', 'Cũng nhiều được dưới tại.', TRUE, '2026-06-12 15:45:00'),
    ('QO0278D', 'Q0278', 'D', 'Dưới lớn cách như.', FALSE, '2026-06-12 15:45:00'),
    ('QO0281A', 'Q0281', 'A', 'Thay như được giống tôi giống có đến theo.', TRUE, '2026-06-12 15:45:00'),
    ('QO0281B', 'Q0281', 'B', 'Giống nơi bạn nào từ có cách đó lớn.', FALSE, '2026-06-12 15:45:00'),
    ('QO0281C', 'Q0281', 'C', 'Có như để một của với sau bạn đi.', FALSE, '2026-06-12 15:45:00'),
    ('QO0281D', 'Q0281', 'D', 'Về tại tại cũng đang khi chỉ.', FALSE, '2026-06-12 15:45:00'),
    ('QO0282A', 'Q0282', 'A', 'Nhiều số theo giữa này vài sẽ thế cho có.', FALSE, '2026-06-12 15:45:00'),
    ('QO0282B', 'Q0282', 'B', 'Có cho giữa cho thay hoặc vậy nếu.', FALSE, '2026-06-12 15:45:00'),
    ('QO0282C', 'Q0282', 'C', 'Một tôi có người thì như như của.', FALSE, '2026-06-12 15:45:00'),
    ('QO0282D', 'Q0282', 'D', 'Cách mỗi về gần tự nào dưới cho như như.', TRUE, '2026-06-12 15:45:00'),
    ('QO0285A', 'Q0285', 'A', 'Gần đến tự vì.', FALSE, '2026-06-12 15:45:00'),
    ('QO0285B', 'Q0285', 'B', 'Với với hoặc số của nhiều có sẽ trong.', TRUE, '2026-06-12 15:45:00'),
    ('QO0285C', 'Q0285', 'C', 'Cũng là về từ để làm rất khiến về.', FALSE, '2026-06-12 15:45:00'),
    ('QO0285D', 'Q0285', 'D', 'Mà nhưng có thay thế rất như cũng với của.', FALSE, '2026-06-12 15:45:00'),
    ('QO0287A', 'Q0287', 'A', 'Khi giống vì như vài cái.', FALSE, '2026-06-12 15:45:00'),
    ('QO0287B', 'Q0287', 'B', 'Khiến không từ vẫn các chưa vì tại một.', TRUE, '2026-06-12 15:45:00'),
    ('QO0287C', 'Q0287', 'C', 'Nào nào thay vậy là nhưng hơn nhưng để là về.', FALSE, '2026-06-12 15:45:00'),
    ('QO0287D', 'Q0287', 'D', 'Đi cho hơn hơn từ khiến mà.', FALSE, '2026-06-12 15:45:00'),
    ('QO0288A', 'Q0288', 'A', 'Như để cho như của gần với bạn nhưng bên.', FALSE, '2026-06-12 15:45:00'),
    ('QO0288B', 'Q0288', 'B', 'Như bên khi dưới sẽ cũng chỉ nơi vài khiến cũng.', FALSE, '2026-06-12 15:45:00'),
    ('QO0288C', 'Q0288', 'C', 'Với tôi vì thay bạn có để tôi với.', TRUE, '2026-06-12 15:45:00'),
    ('QO0288D', 'Q0288', 'D', 'Để cũng làm theo vẫn trong của tự không cho.', FALSE, '2026-06-12 15:45:00'),
    ('QO0293A', 'Q0293', 'A', 'Đúng', FALSE, '2026-06-12 15:45:00'),
    ('QO0293B', 'Q0293', 'B', 'Tự lớn của đã khi thế đã từ hơn vì.', TRUE, '2026-06-12 15:45:00'),
    ('QO0295A', 'Q0295', 'A', 'Đúng', TRUE, '2026-06-12 15:45:00'),
    ('QO0295B', 'Q0295', 'B', 'Vậy số và của người bạn từ đang gần của.', FALSE, '2026-06-12 15:45:00'),
    ('QO0299A', 'Q0299', 'A', 'Hơn làm và của cho điều.', FALSE, '2026-06-12 15:45:00'),
    ('QO0299B', 'Q0299', 'B', 'Chưa của đi trong mà nhưng số đã người để.', FALSE, '2026-06-12 15:45:00'),
    ('QO0299C', 'Q0299', 'C', 'Thay thì là về bạn đi trong của mỗi số.', FALSE, '2026-06-12 15:45:00'),
    ('QO0299D', 'Q0299', 'D', 'Này tại đang với.', TRUE, '2026-06-12 15:45:00'),
    ('QO0300A', 'Q0300', 'A', 'Đúng cách để tôi này chưa đúng của dưới.', FALSE, '2026-06-12 15:45:00'),
    ('QO0300B', 'Q0300', 'B', 'Thế tại tại đi trong tôi bạn.', TRUE, '2026-06-12 15:45:00'),
    ('QO0300C', 'Q0300', 'C', 'Số và giống gần là thế như đến của nhiều.', FALSE, '2026-06-12 15:45:00'),
    ('QO0300D', 'Q0300', 'D', 'Tại cái để cũng.', FALSE, '2026-06-12 15:45:00');

INSERT INTO exam_banks (id, code, exam_code, description, exam_time, explain, exam_day, is_note, hoc_ky_id, lop_hoc_phan_id, exam_matrix_id, active, created_at, updated_at, created_by) VALUES
    ('EB001', 'DT001', 'M001', 'Đề thi sinh tự động từ ngân hàng câu hỏi', 120, 'Sinh viên đọc kỹ đề trước khi làm bài', '2026-07-13 15:45:00', FALSE, 'HK011', 'LHP114', 'EM012', TRUE, '2026-06-12 15:45:00', '2026-06-12 15:45:00', 'U004'),
    ('EB002', 'DT002', 'M002', 'Đề thi sinh tự động từ ngân hàng câu hỏi', 60, 'Sinh viên đọc kỹ đề trước khi làm bài', '2026-08-11 15:45:00', TRUE, 'HK014', 'LHP098', 'EM012', TRUE, '2026-06-12 15:45:00', '2026-06-12 15:45:00', 'U020'),
    ('EB003', 'DT003', 'M003', 'Đề thi sinh tự động từ ngân hàng câu hỏi', 90, 'Sinh viên đọc kỹ đề trước khi làm bài', '2026-06-15 15:45:00', FALSE, 'HK009', 'LHP078', 'EM009', TRUE, '2026-06-12 15:45:00', '2026-06-12 15:45:00', 'U021'),
    ('EB004', 'DT004', 'M004', 'Đề thi sinh tự động từ ngân hàng câu hỏi', 60, 'Sinh viên đọc kỹ đề trước khi làm bài', '2026-07-06 15:45:00', TRUE, 'HK003', 'LHP067', 'EM002', TRUE, '2026-06-12 15:45:00', '2026-06-12 15:45:00', 'U088'),
    ('EB005', 'DT005', 'M005', 'Đề thi sinh tự động từ ngân hàng câu hỏi', 60, 'Sinh viên đọc kỹ đề trước khi làm bài', '2026-07-24 15:45:00', FALSE, 'HK002', 'LHP060', 'EM024', TRUE, '2026-06-12 15:45:00', '2026-06-12 15:45:00', 'U047'),
    ('EB006', 'DT006', 'M006', 'Đề thi sinh tự động từ ngân hàng câu hỏi', 90, 'Sinh viên đọc kỹ đề trước khi làm bài', '2026-07-16 15:45:00', TRUE, 'HK012', 'LHP016', 'EM006', TRUE, '2026-06-12 15:45:00', '2026-06-12 15:45:00', 'U088'),
    ('EB007', 'DT007', 'M007', 'Đề thi sinh tự động từ ngân hàng câu hỏi', 90, 'Sinh viên đọc kỹ đề trước khi làm bài', '2026-09-17 15:45:00', TRUE, 'HK013', 'LHP030', 'EM028', TRUE, '2026-06-12 15:45:00', '2026-06-12 15:45:00', 'U031'),
    ('EB008', 'DT008', 'M008', 'Đề thi sinh tự động từ ngân hàng câu hỏi', 90, 'Sinh viên đọc kỹ đề trước khi làm bài', '2026-06-30 15:45:00', FALSE, 'HK014', 'LHP042', 'EM010', TRUE, '2026-06-12 15:45:00', '2026-06-12 15:45:00', 'U009'),
    ('EB009', 'DT009', 'M009', 'Đề thi sinh tự động từ ngân hàng câu hỏi', 60, 'Sinh viên đọc kỹ đề trước khi làm bài', '2026-07-31 15:45:00', TRUE, 'HK012', 'LHP099', 'EM023', TRUE, '2026-06-12 15:45:00', '2026-06-12 15:45:00', 'U011'),
    ('EB010', 'DT010', 'M010', 'Đề thi sinh tự động từ ngân hàng câu hỏi', 90, 'Sinh viên đọc kỹ đề trước khi làm bài', '2026-07-13 15:45:00', TRUE, 'HK003', 'LHP111', 'EM013', TRUE, '2026-06-12 15:45:00', '2026-06-12 15:45:00', 'U059'),
    ('EB011', 'DT011', 'M011', 'Đề thi sinh tự động từ ngân hàng câu hỏi', 90, 'Sinh viên đọc kỹ đề trước khi làm bài', '2026-07-18 15:45:00', FALSE, 'HK001', 'LHP075', 'EM019', TRUE, '2026-06-12 15:45:00', '2026-06-12 15:45:00', 'U088'),
    ('EB012', 'DT012', 'M012', 'Đề thi sinh tự động từ ngân hàng câu hỏi', 45, 'Sinh viên đọc kỹ đề trước khi làm bài', '2026-06-24 15:45:00', TRUE, 'HK009', 'LHP052', 'EM005', TRUE, '2026-06-12 15:45:00', '2026-06-12 15:45:00', 'U034'),
    ('EB013', 'DT013', 'M013', 'Đề thi sinh tự động từ ngân hàng câu hỏi', 45, 'Sinh viên đọc kỹ đề trước khi làm bài', '2026-08-20 15:45:00', FALSE, 'HK012', 'LHP001', 'EM025', TRUE, '2026-06-12 15:45:00', '2026-06-12 15:45:00', 'U091'),
    ('EB014', 'DT014', 'M014', 'Đề thi sinh tự động từ ngân hàng câu hỏi', 90, 'Sinh viên đọc kỹ đề trước khi làm bài', '2026-09-16 15:45:00', TRUE, 'HK015', 'LHP022', 'EM012', TRUE, '2026-06-12 15:45:00', '2026-06-12 15:45:00', 'U011'),
    ('EB015', 'DT015', 'M015', 'Đề thi sinh tự động từ ngân hàng câu hỏi', 60, 'Sinh viên đọc kỹ đề trước khi làm bài', '2026-08-08 15:45:00', FALSE, 'HK013', 'LHP096', 'EM018', TRUE, '2026-06-12 15:45:00', '2026-06-12 15:45:00', 'U088'),
    ('EB016', 'DT016', 'M016', 'Đề thi sinh tự động từ ngân hàng câu hỏi', 90, 'Sinh viên đọc kỹ đề trước khi làm bài', '2026-10-03 15:45:00', FALSE, 'HK015', 'LHP054', 'EM015', TRUE, '2026-06-12 15:45:00', '2026-06-12 15:45:00', 'U077'),
    ('EB017', 'DT017', 'M017', 'Đề thi sinh tự động từ ngân hàng câu hỏi', 90, 'Sinh viên đọc kỹ đề trước khi làm bài', '2026-07-18 15:45:00', FALSE, 'HK013', 'LHP076', 'EM020', TRUE, '2026-06-12 15:45:00', '2026-06-12 15:45:00', 'U051'),
    ('EB018', 'DT018', 'M018', 'Đề thi sinh tự động từ ngân hàng câu hỏi', 90, 'Sinh viên đọc kỹ đề trước khi làm bài', '2026-06-16 15:45:00', FALSE, 'HK009', 'LHP117', 'EM016', TRUE, '2026-06-12 15:45:00', '2026-06-12 15:45:00', 'U004'),
    ('EB019', 'DT019', 'M019', 'Đề thi sinh tự động từ ngân hàng câu hỏi', 120, 'Sinh viên đọc kỹ đề trước khi làm bài', '2026-09-18 15:45:00', TRUE, 'HK007', 'LHP023', 'EM029', TRUE, '2026-06-12 15:45:00', '2026-06-12 15:45:00', 'U007'),
    ('EB020', 'DT020', 'M020', 'Đề thi sinh tự động từ ngân hàng câu hỏi', 120, 'Sinh viên đọc kỹ đề trước khi làm bài', '2026-08-05 15:45:00', TRUE, 'HK015', 'LHP059', 'EM003', TRUE, '2026-06-12 15:45:00', '2026-06-12 15:45:00', 'U058'),
    ('EB021', 'DT021', 'M021', 'Đề thi sinh tự động từ ngân hàng câu hỏi', 90, 'Sinh viên đọc kỹ đề trước khi làm bài', '2026-07-13 15:45:00', FALSE, 'HK013', 'LHP010', 'EM025', TRUE, '2026-06-12 15:45:00', '2026-06-12 15:45:00', 'U021'),
    ('EB022', 'DT022', 'M022', 'Đề thi sinh tự động từ ngân hàng câu hỏi', 90, 'Sinh viên đọc kỹ đề trước khi làm bài', '2026-08-19 15:45:00', TRUE, 'HK013', 'LHP009', 'EM009', TRUE, '2026-06-12 15:45:00', '2026-06-12 15:45:00', 'U100'),
    ('EB023', 'DT023', 'M023', 'Đề thi sinh tự động từ ngân hàng câu hỏi', 45, 'Sinh viên đọc kỹ đề trước khi làm bài', '2026-09-28 15:45:00', FALSE, 'HK013', 'LHP011', 'EM017', TRUE, '2026-06-12 15:45:00', '2026-06-12 15:45:00', 'U032'),
    ('EB024', 'DT024', 'M024', 'Đề thi sinh tự động từ ngân hàng câu hỏi', 60, 'Sinh viên đọc kỹ đề trước khi làm bài', '2026-08-31 15:45:00', FALSE, 'HK010', 'LHP059', 'EM008', TRUE, '2026-06-12 15:45:00', '2026-06-12 15:45:00', 'U007'),
    ('EB025', 'DT025', 'M025', 'Đề thi sinh tự động từ ngân hàng câu hỏi', 90, 'Sinh viên đọc kỹ đề trước khi làm bài', '2026-09-11 15:45:00', FALSE, 'HK012', 'LHP071', 'EM004', TRUE, '2026-06-12 15:45:00', '2026-06-12 15:45:00', 'U071'),
    ('EB026', 'DT026', 'M026', 'Đề thi sinh tự động từ ngân hàng câu hỏi', 120, 'Sinh viên đọc kỹ đề trước khi làm bài', '2026-09-19 15:45:00', FALSE, 'HK013', 'LHP119', 'EM014', TRUE, '2026-06-12 15:45:00', '2026-06-12 15:45:00', 'U086'),
    ('EB027', 'DT027', 'M027', 'Đề thi sinh tự động từ ngân hàng câu hỏi', 60, 'Sinh viên đọc kỹ đề trước khi làm bài', '2026-10-02 15:45:00', TRUE, 'HK004', 'LHP085', 'EM030', TRUE, '2026-06-12 15:45:00', '2026-06-12 15:45:00', 'U002'),
    ('EB028', 'DT028', 'M028', 'Đề thi sinh tự động từ ngân hàng câu hỏi', 120, 'Sinh viên đọc kỹ đề trước khi làm bài', '2026-09-19 15:45:00', FALSE, 'HK004', 'LHP096', 'EM020', TRUE, '2026-06-12 15:45:00', '2026-06-12 15:45:00', 'U013'),
    ('EB029', 'DT029', 'M029', 'Đề thi sinh tự động từ ngân hàng câu hỏi', 45, 'Sinh viên đọc kỹ đề trước khi làm bài', '2026-07-27 15:45:00', FALSE, 'HK005', 'LHP002', 'EM001', TRUE, '2026-06-12 15:45:00', '2026-06-12 15:45:00', 'U002'),
    ('EB030', 'DT030', 'M030', 'Đề thi sinh tự động từ ngân hàng câu hỏi', 90, 'Sinh viên đọc kỹ đề trước khi làm bài', '2026-08-26 15:45:00', FALSE, 'HK009', 'LHP031', 'EM021', TRUE, '2026-06-12 15:45:00', '2026-06-12 15:45:00', 'U011'),
    ('EB031', 'DT031', 'M031', 'Đề thi sinh tự động từ ngân hàng câu hỏi', 90, 'Sinh viên đọc kỹ đề trước khi làm bài', '2026-07-22 15:45:00', TRUE, 'HK008', 'LHP064', 'EM026', TRUE, '2026-06-12 15:45:00', '2026-06-12 15:45:00', 'U008'),
    ('EB032', 'DT032', 'M032', 'Đề thi sinh tự động từ ngân hàng câu hỏi', 60, 'Sinh viên đọc kỹ đề trước khi làm bài', '2026-07-31 15:45:00', TRUE, 'HK007', 'LHP065', 'EM027', TRUE, '2026-06-12 15:45:00', '2026-06-12 15:45:00', 'U037'),
    ('EB033', 'DT033', 'M033', 'Đề thi sinh tự động từ ngân hàng câu hỏi', 60, 'Sinh viên đọc kỹ đề trước khi làm bài', '2026-08-08 15:45:00', TRUE, 'HK007', 'LHP074', 'EM014', TRUE, '2026-06-12 15:45:00', '2026-06-12 15:45:00', 'U003'),
    ('EB034', 'DT034', 'M034', 'Đề thi sinh tự động từ ngân hàng câu hỏi', 90, 'Sinh viên đọc kỹ đề trước khi làm bài', '2026-09-30 15:45:00', TRUE, 'HK014', 'LHP037', 'EM003', TRUE, '2026-06-12 15:45:00', '2026-06-12 15:45:00', 'U040'),
    ('EB035', 'DT035', 'M035', 'Đề thi sinh tự động từ ngân hàng câu hỏi', 45, 'Sinh viên đọc kỹ đề trước khi làm bài', '2026-10-04 15:45:00', FALSE, 'HK013', 'LHP091', 'EM008', TRUE, '2026-06-12 15:45:00', '2026-06-12 15:45:00', 'U050'),
    ('EB036', 'DT036', 'M036', 'Đề thi sinh tự động từ ngân hàng câu hỏi', 90, 'Sinh viên đọc kỹ đề trước khi làm bài', '2026-07-18 15:45:00', FALSE, 'HK009', 'LHP061', 'EM001', TRUE, '2026-06-12 15:45:00', '2026-06-12 15:45:00', 'U076'),
    ('EB037', 'DT037', 'M037', 'Đề thi sinh tự động từ ngân hàng câu hỏi', 90, 'Sinh viên đọc kỹ đề trước khi làm bài', '2026-09-04 15:45:00', TRUE, 'HK001', 'LHP051', 'EM004', TRUE, '2026-06-12 15:45:00', '2026-06-12 15:45:00', 'U083'),
    ('EB038', 'DT038', 'M038', 'Đề thi sinh tự động từ ngân hàng câu hỏi', 45, 'Sinh viên đọc kỹ đề trước khi làm bài', '2026-10-09 15:45:00', TRUE, 'HK014', 'LHP080', 'EM013', TRUE, '2026-06-12 15:45:00', '2026-06-12 15:45:00', 'U088'),
    ('EB039', 'DT039', 'M039', 'Đề thi sinh tự động từ ngân hàng câu hỏi', 45, 'Sinh viên đọc kỹ đề trước khi làm bài', '2026-07-30 15:45:00', TRUE, 'HK008', 'LHP112', 'EM018', TRUE, '2026-06-12 15:45:00', '2026-06-12 15:45:00', 'U062'),
    ('EB040', 'DT040', 'M040', 'Đề thi sinh tự động từ ngân hàng câu hỏi', 90, 'Sinh viên đọc kỹ đề trước khi làm bài', '2026-07-05 15:45:00', FALSE, 'HK003', 'LHP101', 'EM005', TRUE, '2026-06-12 15:45:00', '2026-06-12 15:45:00', 'U023'),
    ('EB041', 'DT041', 'M041', 'Đề thi sinh tự động từ ngân hàng câu hỏi', 120, 'Sinh viên đọc kỹ đề trước khi làm bài', '2026-08-17 15:45:00', FALSE, 'HK010', 'LHP075', 'EM023', TRUE, '2026-06-12 15:45:00', '2026-06-12 15:45:00', 'U053'),
    ('EB042', 'DT042', 'M042', 'Đề thi sinh tự động từ ngân hàng câu hỏi', 90, 'Sinh viên đọc kỹ đề trước khi làm bài', '2026-08-30 15:45:00', TRUE, 'HK011', 'LHP081', 'EM009', TRUE, '2026-06-12 15:45:00', '2026-06-12 15:45:00', 'U092'),
    ('EB043', 'DT043', 'M043', 'Đề thi sinh tự động từ ngân hàng câu hỏi', 45, 'Sinh viên đọc kỹ đề trước khi làm bài', '2026-10-10 15:45:00', FALSE, 'HK002', 'LHP081', 'EM001', TRUE, '2026-06-12 15:45:00', '2026-06-12 15:45:00', 'U094'),
    ('EB044', 'DT044', 'M044', 'Đề thi sinh tự động từ ngân hàng câu hỏi', 120, 'Sinh viên đọc kỹ đề trước khi làm bài', '2026-10-01 15:45:00', TRUE, 'HK013', 'LHP064', 'EM021', TRUE, '2026-06-12 15:45:00', '2026-06-12 15:45:00', 'U014'),
    ('EB045', 'DT045', 'M045', 'Đề thi sinh tự động từ ngân hàng câu hỏi', 60, 'Sinh viên đọc kỹ đề trước khi làm bài', '2026-08-21 15:45:00', FALSE, 'HK012', 'LHP084', 'EM003', TRUE, '2026-06-12 15:45:00', '2026-06-12 15:45:00', 'U094'),
    ('EB046', 'DT046', 'M046', 'Đề thi sinh tự động từ ngân hàng câu hỏi', 45, 'Sinh viên đọc kỹ đề trước khi làm bài', '2026-06-14 15:45:00', TRUE, 'HK005', 'LHP042', 'EM019', TRUE, '2026-06-12 15:45:00', '2026-06-12 15:45:00', 'U018'),
    ('EB047', 'DT047', 'M047', 'Đề thi sinh tự động từ ngân hàng câu hỏi', 60, 'Sinh viên đọc kỹ đề trước khi làm bài', '2026-09-14 15:45:00', TRUE, 'HK006', 'LHP033', 'EM026', TRUE, '2026-06-12 15:45:00', '2026-06-12 15:45:00', 'U033'),
    ('EB048', 'DT048', 'M048', 'Đề thi sinh tự động từ ngân hàng câu hỏi', 120, 'Sinh viên đọc kỹ đề trước khi làm bài', '2026-09-29 15:45:00', FALSE, 'HK010', 'LHP035', 'EM028', TRUE, '2026-06-12 15:45:00', '2026-06-12 15:45:00', 'U028'),
    ('EB049', 'DT049', 'M049', 'Đề thi sinh tự động từ ngân hàng câu hỏi', 90, 'Sinh viên đọc kỹ đề trước khi làm bài', '2026-10-10 15:45:00', TRUE, 'HK002', 'LHP059', 'EM028', TRUE, '2026-06-12 15:45:00', '2026-06-12 15:45:00', 'U012'),
    ('EB050', 'DT050', 'M050', 'Đề thi sinh tự động từ ngân hàng câu hỏi', 120, 'Sinh viên đọc kỹ đề trước khi làm bài', '2026-07-23 15:45:00', FALSE, 'HK015', 'LHP081', 'EM016', TRUE, '2026-06-12 15:45:00', '2026-06-12 15:45:00', 'U075');

INSERT INTO exam_bank_questions (exam_bank_id, question_id, question_order, points) VALUES
    ('EB001', 'Q0143', 1, 0.25),
    ('EB001', 'Q0173', 2, 0.5),
    ('EB001', 'Q0039', 3, 0.5),
    ('EB001', 'Q0078', 4, 0.5),
    ('EB001', 'Q0022', 5, 0.5),
    ('EB001', 'Q0107', 6, 0.5),
    ('EB001', 'Q0172', 7, 0.25),
    ('EB001', 'Q0074', 8, 0.5),
    ('EB001', 'Q0174', 9, 1.0),
    ('EB001', 'Q0228', 10, 1.0),
    ('EB001', 'Q0147', 11, 0.25),
    ('EB001', 'Q0109', 12, 0.25),
    ('EB001', 'Q0124', 13, 0.25),
    ('EB001', 'Q0234', 14, 0.5),
    ('EB001', 'Q0215', 15, 0.5),
    ('EB001', 'Q0163', 16, 0.25),
    ('EB001', 'Q0024', 17, 0.5),
    ('EB001', 'Q0123', 18, 1.0),
    ('EB001', 'Q0184', 19, 0.25),
    ('EB001', 'Q0019', 20, 0.25),
    ('EB002', 'Q0039', 1, 0.5),
    ('EB002', 'Q0233', 2, 0.5),
    ('EB002', 'Q0216', 3, 0.25),
    ('EB002', 'Q0104', 4, 1.0),
    ('EB002', 'Q0042', 5, 0.5),
    ('EB002', 'Q0228', 6, 1.0),
    ('EB002', 'Q0227', 7, 0.5),
    ('EB002', 'Q0078', 8, 1.0),
    ('EB002', 'Q0299', 9, 1.0),
    ('EB002', 'Q0179', 10, 0.5),
    ('EB002', 'Q0265', 11, 1.0),
    ('EB002', 'Q0026', 12, 0.5),
    ('EB002', 'Q0205', 13, 0.25),
    ('EB002', 'Q0134', 14, 0.25),
    ('EB002', 'Q0206', 15, 0.25),
    ('EB002', 'Q0202', 16, 0.25),
    ('EB002', 'Q0156', 17, 1.0),
    ('EB002', 'Q0094', 18, 0.25),
    ('EB002', 'Q0211', 19, 0.25),
    ('EB002', 'Q0168', 20, 0.25),
    ('EB003', 'Q0056', 1, 1.0),
    ('EB003', 'Q0112', 2, 1.0),
    ('EB003', 'Q0161', 3, 1.0),
    ('EB003', 'Q0042', 4, 1.0),
    ('EB003', 'Q0123', 5, 0.5),
    ('EB003', 'Q0222', 6, 0.25),
    ('EB003', 'Q0116', 7, 0.5),
    ('EB003', 'Q0113', 8, 0.25),
    ('EB003', 'Q0214', 9, 0.5),
    ('EB003', 'Q0053', 10, 0.25),
    ('EB003', 'Q0241', 11, 0.25),
    ('EB003', 'Q0045', 12, 0.25),
    ('EB003', 'Q0253', 13, 0.25),
    ('EB003', 'Q0068', 14, 1.0),
    ('EB003', 'Q0277', 15, 0.25),
    ('EB003', 'Q0093', 16, 1.0),
    ('EB003', 'Q0132', 17, 0.25),
    ('EB003', 'Q0094', 18, 0.25),
    ('EB003', 'Q0199', 19, 0.25),
    ('EB003', 'Q0092', 20, 0.25),
    ('EB004', 'Q0099', 1, 0.5),
    ('EB004', 'Q0192', 2, 1.0),
    ('EB004', 'Q0122', 3, 0.25),
    ('EB004', 'Q0175', 4, 1.0),
    ('EB004', 'Q0104', 5, 1.0),
    ('EB004', 'Q0291', 6, 0.5),
    ('EB004', 'Q0049', 7, 1.0),
    ('EB004', 'Q0110', 8, 1.0),
    ('EB004', 'Q0275', 9, 0.25),
    ('EB004', 'Q0146', 10, 1.0),
    ('EB004', 'Q0195', 11, 0.25),
    ('EB004', 'Q0163', 12, 0.25),
    ('EB004', 'Q0220', 13, 0.25),
    ('EB004', 'Q0286', 14, 1.0),
    ('EB004', 'Q0223', 15, 1.0),
    ('EB004', 'Q0217', 16, 0.25),
    ('EB004', 'Q0208', 17, 0.25),
    ('EB004', 'Q0044', 18, 0.25),
    ('EB004', 'Q0230', 19, 0.5),
    ('EB004', 'Q0017', 20, 1.0),
    ('EB005', 'Q0097', 1, 0.5),
    ('EB005', 'Q0277', 2, 0.5),
    ('EB005', 'Q0111', 3, 0.25),
    ('EB005', 'Q0183', 4, 1.0),
    ('EB005', 'Q0281', 5, 1.0),
    ('EB005', 'Q0026', 6, 0.25),
    ('EB005', 'Q0259', 7, 0.25),
    ('EB005', 'Q0192', 8, 1.0),
    ('EB005', 'Q0059', 9, 0.5),
    ('EB005', 'Q0090', 10, 0.25),
    ('EB005', 'Q0184', 11, 1.0),
    ('EB005', 'Q0010', 12, 0.25),
    ('EB005', 'Q0189', 13, 0.25),
    ('EB005', 'Q0062', 14, 0.5),
    ('EB005', 'Q0012', 15, 1.0),
    ('EB005', 'Q0275', 16, 0.25),
    ('EB005', 'Q0163', 17, 1.0),
    ('EB005', 'Q0201', 18, 1.0),
    ('EB005', 'Q0220', 19, 0.5),
    ('EB005', 'Q0035', 20, 1.0),
    ('EB006', 'Q0273', 1, 0.5),
    ('EB006', 'Q0125', 2, 0.25),
    ('EB006', 'Q0155', 3, 1.0),
    ('EB006', 'Q0275', 4, 0.5),
    ('EB006', 'Q0291', 5, 0.25),
    ('EB006', 'Q0073', 6, 1.0),
    ('EB006', 'Q0237', 7, 1.0),
    ('EB006', 'Q0280', 8, 1.0),
    ('EB006', 'Q0281', 9, 0.25),
    ('EB006', 'Q0239', 10, 0.25),
    ('EB006', 'Q0024', 11, 0.25),
    ('EB006', 'Q0181', 12, 0.25),
    ('EB006', 'Q0220', 13, 0.25),
    ('EB006', 'Q0300', 14, 0.25),
    ('EB006', 'Q0047', 15, 1.0),
    ('EB006', 'Q0070', 16, 0.5),
    ('EB006', 'Q0202', 17, 1.0),
    ('EB006', 'Q0025', 18, 0.5),
    ('EB006', 'Q0130', 19, 1.0),
    ('EB006', 'Q0232', 20, 0.25),
    ('EB007', 'Q0019', 1, 0.5),
    ('EB007', 'Q0051', 2, 0.25),
    ('EB007', 'Q0286', 3, 0.25),
    ('EB007', 'Q0160', 4, 0.5),
    ('EB007', 'Q0253', 5, 1.0),
    ('EB007', 'Q0170', 6, 0.25),
    ('EB007', 'Q0075', 7, 1.0),
    ('EB007', 'Q0050', 8, 0.25),
    ('EB007', 'Q0020', 9, 1.0),
    ('EB007', 'Q0215', 10, 0.25),
    ('EB007', 'Q0071', 11, 0.5),
    ('EB007', 'Q0118', 12, 0.25),
    ('EB007', 'Q0040', 13, 1.0),
    ('EB007', 'Q0053', 14, 1.0),
    ('EB007', 'Q0152', 15, 0.5),
    ('EB007', 'Q0219', 16, 0.5),
    ('EB007', 'Q0066', 17, 0.5),
    ('EB007', 'Q0210', 18, 0.5),
    ('EB007', 'Q0270', 19, 1.0),
    ('EB007', 'Q0052', 20, 0.25),
    ('EB008', 'Q0109', 1, 0.25),
    ('EB008', 'Q0257', 2, 0.5),
    ('EB008', 'Q0258', 3, 0.25),
    ('EB008', 'Q0151', 4, 1.0),
    ('EB008', 'Q0114', 5, 1.0),
    ('EB008', 'Q0261', 6, 0.5),
    ('EB008', 'Q0119', 7, 0.5),
    ('EB008', 'Q0160', 8, 0.5),
    ('EB008', 'Q0234', 9, 0.5),
    ('EB008', 'Q0072', 10, 0.5),
    ('EB008', 'Q0099', 11, 0.5),
    ('EB008', 'Q0053', 12, 0.25),
    ('EB008', 'Q0118', 13, 1.0),
    ('EB008', 'Q0125', 14, 0.5),
    ('EB008', 'Q0022', 15, 0.5),
    ('EB008', 'Q0069', 16, 0.5),
    ('EB008', 'Q0120', 17, 0.25),
    ('EB008', 'Q0064', 18, 0.5),
    ('EB008', 'Q0075', 19, 0.5),
    ('EB008', 'Q0191', 20, 0.25),
    ('EB009', 'Q0275', 1, 1.0),
    ('EB009', 'Q0258', 2, 0.25),
    ('EB009', 'Q0176', 3, 0.5),
    ('EB009', 'Q0108', 4, 0.5),
    ('EB009', 'Q0021', 5, 0.5),
    ('EB009', 'Q0265', 6, 0.5),
    ('EB009', 'Q0261', 7, 0.25),
    ('EB009', 'Q0154', 8, 0.25),
    ('EB009', 'Q0167', 9, 0.5),
    ('EB009', 'Q0045', 10, 1.0),
    ('EB009', 'Q0282', 11, 1.0),
    ('EB009', 'Q0166', 12, 0.25),
    ('EB009', 'Q0079', 13, 0.5),
    ('EB009', 'Q0066', 14, 0.5),
    ('EB009', 'Q0248', 15, 0.25),
    ('EB009', 'Q0081', 16, 0.25),
    ('EB009', 'Q0072', 17, 1.0),
    ('EB009', 'Q0024', 18, 0.25),
    ('EB009', 'Q0174', 19, 0.5),
    ('EB009', 'Q0288', 20, 0.5),
    ('EB010', 'Q0227', 1, 0.25),
    ('EB010', 'Q0249', 2, 0.25),
    ('EB010', 'Q0030', 3, 0.25),
    ('EB010', 'Q0036', 4, 0.5),
    ('EB010', 'Q0121', 5, 0.5),
    ('EB010', 'Q0256', 6, 0.5),
    ('EB010', 'Q0268', 7, 1.0),
    ('EB010', 'Q0148', 8, 0.5),
    ('EB010', 'Q0127', 9, 1.0),
    ('EB010', 'Q0040', 10, 1.0),
    ('EB010', 'Q0066', 11, 1.0),
    ('EB010', 'Q0035', 12, 0.25),
    ('EB010', 'Q0109', 13, 1.0),
    ('EB010', 'Q0090', 14, 1.0),
    ('EB010', 'Q0280', 15, 1.0),
    ('EB010', 'Q0074', 16, 1.0),
    ('EB010', 'Q0076', 17, 0.25),
    ('EB010', 'Q0026', 18, 0.25),
    ('EB010', 'Q0175', 19, 1.0),
    ('EB010', 'Q0039', 20, 0.25),
    ('EB011', 'Q0062', 1, 1.0),
    ('EB011', 'Q0164', 2, 0.5),
    ('EB011', 'Q0265', 3, 0.25),
    ('EB011', 'Q0293', 4, 1.0),
    ('EB011', 'Q0051', 5, 1.0),
    ('EB011', 'Q0258', 6, 0.25),
    ('EB011', 'Q0010', 7, 1.0),
    ('EB011', 'Q0282', 8, 0.25),
    ('EB011', 'Q0277', 9, 0.25),
    ('EB011', 'Q0247', 10, 0.5),
    ('EB011', 'Q0244', 11, 0.25),
    ('EB011', 'Q0095', 12, 0.5),
    ('EB011', 'Q0287', 13, 0.5),
    ('EB011', 'Q0286', 14, 0.5),
    ('EB011', 'Q0278', 15, 0.25),
    ('EB011', 'Q0030', 16, 0.5),
    ('EB011', 'Q0058', 17, 0.25),
    ('EB011', 'Q0156', 18, 1.0),
    ('EB011', 'Q0034', 19, 0.25),
    ('EB011', 'Q0240', 20, 0.25),
    ('EB012', 'Q0181', 1, 1.0),
    ('EB012', 'Q0161', 2, 0.5),
    ('EB012', 'Q0045', 3, 0.5),
    ('EB012', 'Q0188', 4, 0.25),
    ('EB012', 'Q0059', 5, 0.25),
    ('EB012', 'Q0178', 6, 0.5),
    ('EB012', 'Q0208', 7, 0.5),
    ('EB012', 'Q0126', 8, 0.25),
    ('EB012', 'Q0072', 9, 0.25),
    ('EB012', 'Q0168', 10, 0.5),
    ('EB012', 'Q0068', 11, 1.0),
    ('EB012', 'Q0153', 12, 0.5),
    ('EB012', 'Q0138', 13, 1.0),
    ('EB012', 'Q0120', 14, 0.5),
    ('EB012', 'Q0099', 15, 0.25),
    ('EB012', 'Q0069', 16, 0.5),
    ('EB012', 'Q0122', 17, 0.25),
    ('EB012', 'Q0266', 18, 0.5),
    ('EB012', 'Q0010', 19, 1.0),
    ('EB012', 'Q0061', 20, 1.0),
    ('EB013', 'Q0102', 1, 0.25),
    ('EB013', 'Q0266', 2, 0.25),
    ('EB013', 'Q0205', 3, 0.5),
    ('EB013', 'Q0080', 4, 1.0),
    ('EB013', 'Q0253', 5, 0.5),
    ('EB013', 'Q0041', 6, 1.0),
    ('EB013', 'Q0037', 7, 1.0),
    ('EB013', 'Q0252', 8, 0.25),
    ('EB013', 'Q0028', 9, 0.25),
    ('EB013', 'Q0130', 10, 0.25),
    ('EB013', 'Q0078', 11, 1.0),
    ('EB013', 'Q0245', 12, 0.25),
    ('EB013', 'Q0067', 13, 0.25),
    ('EB013', 'Q0027', 14, 0.25),
    ('EB013', 'Q0065', 15, 1.0),
    ('EB013', 'Q0176', 16, 1.0),
    ('EB013', 'Q0163', 17, 0.5),
    ('EB013', 'Q0054', 18, 0.25),
    ('EB013', 'Q0267', 19, 0.25),
    ('EB013', 'Q0214', 20, 0.25),
    ('EB014', 'Q0093', 1, 0.5),
    ('EB014', 'Q0206', 2, 1.0),
    ('EB014', 'Q0135', 3, 1.0),
    ('EB014', 'Q0081', 4, 0.25),
    ('EB014', 'Q0213', 5, 0.5),
    ('EB014', 'Q0149', 6, 0.25),
    ('EB014', 'Q0261', 7, 1.0),
    ('EB014', 'Q0122', 8, 1.0),
    ('EB014', 'Q0013', 9, 0.25),
    ('EB014', 'Q0072', 10, 1.0),
    ('EB014', 'Q0088', 11, 1.0),
    ('EB014', 'Q0231', 12, 1.0),
    ('EB014', 'Q0017', 13, 0.5),
    ('EB014', 'Q0300', 14, 1.0),
    ('EB014', 'Q0174', 15, 0.5),
    ('EB014', 'Q0007', 16, 0.5),
    ('EB014', 'Q0094', 17, 1.0),
    ('EB014', 'Q0273', 18, 0.5),
    ('EB014', 'Q0282', 19, 0.5),
    ('EB014', 'Q0066', 20, 0.5),
    ('EB015', 'Q0131', 1, 1.0),
    ('EB015', 'Q0010', 2, 0.25),
    ('EB015', 'Q0086', 3, 0.5),
    ('EB015', 'Q0024', 4, 0.25),
    ('EB015', 'Q0267', 5, 1.0),
    ('EB015', 'Q0199', 6, 1.0),
    ('EB015', 'Q0094', 7, 0.25),
    ('EB015', 'Q0260', 8, 1.0),
    ('EB015', 'Q0163', 9, 0.25),
    ('EB015', 'Q0197', 10, 0.25),
    ('EB015', 'Q0243', 11, 0.5),
    ('EB015', 'Q0173', 12, 0.5),
    ('EB015', 'Q0117', 13, 0.25),
    ('EB015', 'Q0105', 14, 0.25),
    ('EB015', 'Q0293', 15, 1.0),
    ('EB015', 'Q0289', 16, 0.5),
    ('EB015', 'Q0102', 17, 0.25),
    ('EB015', 'Q0092', 18, 0.5),
    ('EB015', 'Q0206', 19, 0.5),
    ('EB015', 'Q0193', 20, 0.25),
    ('EB016', 'Q0080', 1, 0.5),
    ('EB016', 'Q0026', 2, 1.0),
    ('EB016', 'Q0111', 3, 1.0),
    ('EB016', 'Q0249', 4, 0.5),
    ('EB016', 'Q0099', 5, 0.25),
    ('EB016', 'Q0140', 6, 0.5),
    ('EB016', 'Q0120', 7, 0.5),
    ('EB016', 'Q0123', 8, 0.25),
    ('EB016', 'Q0139', 9, 1.0),
    ('EB016', 'Q0202', 10, 0.25),
    ('EB016', 'Q0141', 11, 1.0),
    ('EB016', 'Q0163', 12, 0.25),
    ('EB016', 'Q0166', 13, 0.25),
    ('EB016', 'Q0160', 14, 0.25),
    ('EB016', 'Q0246', 15, 0.5),
    ('EB016', 'Q0062', 16, 0.5),
    ('EB016', 'Q0283', 17, 0.25),
    ('EB016', 'Q0065', 18, 0.25),
    ('EB016', 'Q0251', 19, 1.0),
    ('EB016', 'Q0173', 20, 1.0),
    ('EB017', 'Q0026', 1, 1.0),
    ('EB017', 'Q0206', 2, 0.5),
    ('EB017', 'Q0183', 3, 0.25),
    ('EB017', 'Q0173', 4, 0.25),
    ('EB017', 'Q0265', 5, 0.5),
    ('EB017', 'Q0281', 6, 0.5),
    ('EB017', 'Q0222', 7, 1.0),
    ('EB017', 'Q0272', 8, 0.5),
    ('EB017', 'Q0067', 9, 1.0),
    ('EB017', 'Q0242', 10, 1.0),
    ('EB017', 'Q0286', 11, 0.5),
    ('EB017', 'Q0109', 12, 0.25),
    ('EB017', 'Q0226', 13, 0.25),
    ('EB017', 'Q0200', 14, 1.0),
    ('EB017', 'Q0227', 15, 0.25),
    ('EB017', 'Q0063', 16, 0.5),
    ('EB017', 'Q0034', 17, 0.25),
    ('EB017', 'Q0298', 18, 0.5),
    ('EB017', 'Q0081', 19, 0.5),
    ('EB017', 'Q0256', 20, 0.5),
    ('EB018', 'Q0101', 1, 0.25),
    ('EB018', 'Q0081', 2, 0.25),
    ('EB018', 'Q0297', 3, 0.25),
    ('EB018', 'Q0272', 4, 0.5),
    ('EB018', 'Q0250', 5, 1.0),
    ('EB018', 'Q0055', 6, 1.0),
    ('EB018', 'Q0104', 7, 1.0),
    ('EB018', 'Q0170', 8, 0.25),
    ('EB018', 'Q0034', 9, 1.0),
    ('EB018', 'Q0202', 10, 1.0),
    ('EB018', 'Q0249', 11, 0.25),
    ('EB018', 'Q0008', 12, 1.0),
    ('EB018', 'Q0227', 13, 0.25),
    ('EB018', 'Q0166', 14, 1.0),
    ('EB018', 'Q0258', 15, 0.25),
    ('EB018', 'Q0106', 16, 1.0),
    ('EB018', 'Q0242', 17, 0.25),
    ('EB018', 'Q0027', 18, 0.25),
    ('EB018', 'Q0199', 19, 0.5),
    ('EB018', 'Q0015', 20, 1.0),
    ('EB019', 'Q0242', 1, 0.25),
    ('EB019', 'Q0130', 2, 0.25),
    ('EB019', 'Q0066', 3, 1.0),
    ('EB019', 'Q0058', 4, 1.0),
    ('EB019', 'Q0277', 5, 1.0),
    ('EB019', 'Q0287', 6, 1.0),
    ('EB019', 'Q0096', 7, 0.25),
    ('EB019', 'Q0285', 8, 0.5),
    ('EB019', 'Q0163', 9, 0.25),
    ('EB019', 'Q0126', 10, 0.5),
    ('EB019', 'Q0198', 11, 1.0),
    ('EB019', 'Q0061', 12, 0.5),
    ('EB019', 'Q0020', 13, 0.25),
    ('EB019', 'Q0087', 14, 0.5),
    ('EB019', 'Q0055', 15, 0.25),
    ('EB019', 'Q0077', 16, 0.25),
    ('EB019', 'Q0116', 17, 0.5),
    ('EB019', 'Q0069', 18, 0.25),
    ('EB019', 'Q0202', 19, 0.25),
    ('EB019', 'Q0266', 20, 0.5),
    ('EB020', 'Q0147', 1, 1.0),
    ('EB020', 'Q0101', 2, 1.0),
    ('EB020', 'Q0175', 3, 0.5),
    ('EB020', 'Q0045', 4, 0.5),
    ('EB020', 'Q0275', 5, 1.0),
    ('EB020', 'Q0282', 6, 0.25),
    ('EB020', 'Q0258', 7, 1.0),
    ('EB020', 'Q0141', 8, 0.5),
    ('EB020', 'Q0102', 9, 0.5),
    ('EB020', 'Q0156', 10, 1.0),
    ('EB020', 'Q0172', 11, 0.25),
    ('EB020', 'Q0168', 12, 1.0),
    ('EB020', 'Q0150', 13, 0.25),
    ('EB020', 'Q0111', 14, 0.25),
    ('EB020', 'Q0255', 15, 0.25),
    ('EB020', 'Q0154', 16, 0.25),
    ('EB020', 'Q0098', 17, 1.0),
    ('EB020', 'Q0291', 18, 0.25),
    ('EB020', 'Q0060', 19, 0.25),
    ('EB020', 'Q0113', 20, 0.25),
    ('EB021', 'Q0209', 1, 0.5),
    ('EB021', 'Q0212', 2, 0.5),
    ('EB021', 'Q0127', 3, 0.25),
    ('EB021', 'Q0226', 4, 1.0),
    ('EB021', 'Q0072', 5, 0.5),
    ('EB021', 'Q0300', 6, 0.25),
    ('EB021', 'Q0144', 7, 0.5),
    ('EB021', 'Q0283', 8, 0.25),
    ('EB021', 'Q0010', 9, 1.0),
    ('EB021', 'Q0030', 10, 1.0),
    ('EB021', 'Q0105', 11, 0.5),
    ('EB021', 'Q0247', 12, 1.0),
    ('EB021', 'Q0029', 13, 0.25),
    ('EB021', 'Q0224', 14, 1.0),
    ('EB021', 'Q0018', 15, 1.0),
    ('EB021', 'Q0048', 16, 0.5),
    ('EB021', 'Q0190', 17, 1.0),
    ('EB021', 'Q0176', 18, 0.5),
    ('EB021', 'Q0186', 19, 1.0),
    ('EB021', 'Q0091', 20, 0.5),
    ('EB022', 'Q0100', 1, 0.25),
    ('EB022', 'Q0089', 2, 1.0),
    ('EB022', 'Q0102', 3, 0.5),
    ('EB022', 'Q0233', 4, 0.5),
    ('EB022', 'Q0299', 5, 1.0),
    ('EB022', 'Q0109', 6, 0.25),
    ('EB022', 'Q0171', 7, 0.25),
    ('EB022', 'Q0019', 8, 0.25),
    ('EB022', 'Q0049', 9, 1.0),
    ('EB022', 'Q0229', 10, 0.5),
    ('EB022', 'Q0197', 11, 0.25),
    ('EB022', 'Q0291', 12, 0.5),
    ('EB022', 'Q0009', 13, 0.5),
    ('EB022', 'Q0117', 14, 1.0),
    ('EB022', 'Q0274', 15, 1.0),
    ('EB022', 'Q0058', 16, 0.5),
    ('EB022', 'Q0013', 17, 0.25),
    ('EB022', 'Q0211', 18, 0.25),
    ('EB022', 'Q0251', 19, 0.25),
    ('EB022', 'Q0143', 20, 0.5),
    ('EB023', 'Q0232', 1, 0.25),
    ('EB023', 'Q0097', 2, 0.25),
    ('EB023', 'Q0282', 3, 1.0),
    ('EB023', 'Q0085', 4, 1.0),
    ('EB023', 'Q0210', 5, 1.0),
    ('EB023', 'Q0007', 6, 1.0),
    ('EB023', 'Q0300', 7, 0.5),
    ('EB023', 'Q0186', 8, 0.25),
    ('EB023', 'Q0244', 9, 0.5),
    ('EB023', 'Q0168', 10, 0.5),
    ('EB023', 'Q0074', 11, 1.0),
    ('EB023', 'Q0021', 12, 0.5),
    ('EB023', 'Q0197', 13, 1.0),
    ('EB023', 'Q0022', 14, 1.0),
    ('EB023', 'Q0189', 15, 1.0),
    ('EB023', 'Q0092', 16, 0.25),
    ('EB023', 'Q0169', 17, 0.25),
    ('EB023', 'Q0265', 18, 0.5),
    ('EB023', 'Q0247', 19, 1.0),
    ('EB023', 'Q0254', 20, 0.25),
    ('EB024', 'Q0263', 1, 0.5),
    ('EB024', 'Q0151', 2, 0.25),
    ('EB024', 'Q0136', 3, 0.25),
    ('EB024', 'Q0258', 4, 1.0),
    ('EB024', 'Q0096', 5, 0.5),
    ('EB024', 'Q0083', 6, 1.0),
    ('EB024', 'Q0167', 7, 1.0),
    ('EB024', 'Q0054', 8, 0.25),
    ('EB024', 'Q0230', 9, 0.25),
    ('EB024', 'Q0292', 10, 1.0),
    ('EB024', 'Q0146', 11, 1.0),
    ('EB024', 'Q0123', 12, 1.0),
    ('EB024', 'Q0243', 13, 0.25),
    ('EB024', 'Q0122', 14, 0.5),
    ('EB024', 'Q0070', 15, 0.25),
    ('EB024', 'Q0141', 16, 1.0),
    ('EB024', 'Q0254', 17, 0.5),
    ('EB024', 'Q0152', 18, 0.5),
    ('EB024', 'Q0270', 19, 1.0),
    ('EB024', 'Q0082', 20, 0.25),
    ('EB025', 'Q0267', 1, 1.0),
    ('EB025', 'Q0188', 2, 1.0),
    ('EB025', 'Q0274', 3, 0.25),
    ('EB025', 'Q0061', 4, 0.5),
    ('EB025', 'Q0130', 5, 0.25),
    ('EB025', 'Q0260', 6, 1.0),
    ('EB025', 'Q0241', 7, 0.25),
    ('EB025', 'Q0003', 8, 1.0),
    ('EB025', 'Q0032', 9, 0.25),
    ('EB025', 'Q0092', 10, 1.0),
    ('EB025', 'Q0147', 11, 1.0),
    ('EB025', 'Q0088', 12, 1.0),
    ('EB025', 'Q0208', 13, 0.5),
    ('EB025', 'Q0263', 14, 0.25),
    ('EB025', 'Q0154', 15, 1.0),
    ('EB025', 'Q0086', 16, 1.0),
    ('EB025', 'Q0245', 17, 0.5),
    ('EB025', 'Q0291', 18, 1.0),
    ('EB025', 'Q0016', 19, 0.25),
    ('EB025', 'Q0031', 20, 1.0),
    ('EB026', 'Q0285', 1, 0.5),
    ('EB026', 'Q0213', 2, 1.0),
    ('EB026', 'Q0272', 3, 1.0),
    ('EB026', 'Q0167', 4, 0.5),
    ('EB026', 'Q0209', 5, 0.5),
    ('EB026', 'Q0263', 6, 1.0),
    ('EB026', 'Q0100', 7, 0.5),
    ('EB026', 'Q0022', 8, 0.5),
    ('EB026', 'Q0163', 9, 0.25),
    ('EB026', 'Q0268', 10, 0.5),
    ('EB026', 'Q0139', 11, 0.5),
    ('EB026', 'Q0170', 12, 1.0),
    ('EB026', 'Q0174', 13, 0.5),
    ('EB026', 'Q0070', 14, 0.25),
    ('EB026', 'Q0055', 15, 1.0),
    ('EB026', 'Q0067', 16, 0.5),
    ('EB026', 'Q0215', 17, 1.0),
    ('EB026', 'Q0077', 18, 0.5),
    ('EB026', 'Q0226', 19, 1.0),
    ('EB026', 'Q0066', 20, 0.5),
    ('EB027', 'Q0243', 1, 1.0),
    ('EB027', 'Q0170', 2, 0.5),
    ('EB027', 'Q0098', 3, 1.0),
    ('EB027', 'Q0290', 4, 1.0),
    ('EB027', 'Q0286', 5, 0.5),
    ('EB027', 'Q0131', 6, 0.25),
    ('EB027', 'Q0262', 7, 0.25),
    ('EB027', 'Q0252', 8, 1.0),
    ('EB027', 'Q0136', 9, 1.0),
    ('EB027', 'Q0099', 10, 0.5),
    ('EB027', 'Q0135', 11, 0.25),
    ('EB027', 'Q0082', 12, 0.5),
    ('EB027', 'Q0006', 13, 0.25),
    ('EB027', 'Q0100', 14, 0.25),
    ('EB027', 'Q0054', 15, 1.0),
    ('EB027', 'Q0003', 16, 1.0),
    ('EB027', 'Q0087', 17, 0.25),
    ('EB027', 'Q0197', 18, 0.5),
    ('EB027', 'Q0278', 19, 1.0),
    ('EB027', 'Q0196', 20, 1.0),
    ('EB028', 'Q0286', 1, 0.5),
    ('EB028', 'Q0060', 2, 0.5),
    ('EB028', 'Q0068', 3, 0.5),
    ('EB028', 'Q0254', 4, 0.25),
    ('EB028', 'Q0019', 5, 0.25),
    ('EB028', 'Q0095', 6, 0.5),
    ('EB028', 'Q0244', 7, 0.25),
    ('EB028', 'Q0010', 8, 1.0),
    ('EB028', 'Q0201', 9, 0.25),
    ('EB028', 'Q0194', 10, 0.25),
    ('EB028', 'Q0041', 11, 1.0),
    ('EB028', 'Q0299', 12, 1.0),
    ('EB028', 'Q0084', 13, 0.25),
    ('EB028', 'Q0197', 14, 0.25),
    ('EB028', 'Q0228', 15, 1.0),
    ('EB028', 'Q0281', 16, 0.25),
    ('EB028', 'Q0047', 17, 0.5),
    ('EB028', 'Q0246', 18, 0.25),
    ('EB028', 'Q0141', 19, 0.25),
    ('EB028', 'Q0164', 20, 0.5),
    ('EB029', 'Q0152', 1, 1.0),
    ('EB029', 'Q0116', 2, 0.25),
    ('EB029', 'Q0029', 3, 0.5),
    ('EB029', 'Q0277', 4, 0.25),
    ('EB029', 'Q0248', 5, 1.0),
    ('EB029', 'Q0004', 6, 0.5),
    ('EB029', 'Q0258', 7, 1.0),
    ('EB029', 'Q0283', 8, 0.5),
    ('EB029', 'Q0263', 9, 0.5),
    ('EB029', 'Q0185', 10, 0.5),
    ('EB029', 'Q0053', 11, 1.0),
    ('EB029', 'Q0129', 12, 0.25),
    ('EB029', 'Q0076', 13, 1.0),
    ('EB029', 'Q0007', 14, 0.5),
    ('EB029', 'Q0009', 15, 0.25),
    ('EB029', 'Q0172', 16, 0.25),
    ('EB029', 'Q0282', 17, 0.5),
    ('EB029', 'Q0223', 18, 0.25),
    ('EB029', 'Q0271', 19, 0.25),
    ('EB029', 'Q0111', 20, 0.5),
    ('EB030', 'Q0156', 1, 0.25),
    ('EB030', 'Q0060', 2, 1.0),
    ('EB030', 'Q0230', 3, 0.5),
    ('EB030', 'Q0085', 4, 0.25),
    ('EB030', 'Q0075', 5, 0.5),
    ('EB030', 'Q0281', 6, 1.0),
    ('EB030', 'Q0039', 7, 0.25),
    ('EB030', 'Q0228', 8, 0.5),
    ('EB030', 'Q0256', 9, 0.5),
    ('EB030', 'Q0044', 10, 1.0),
    ('EB030', 'Q0019', 11, 1.0),
    ('EB030', 'Q0009', 12, 0.25),
    ('EB030', 'Q0223', 13, 0.25),
    ('EB030', 'Q0257', 14, 1.0),
    ('EB030', 'Q0296', 15, 0.25),
    ('EB030', 'Q0203', 16, 0.5),
    ('EB030', 'Q0142', 17, 0.25),
    ('EB030', 'Q0158', 18, 0.25),
    ('EB030', 'Q0003', 19, 1.0),
    ('EB030', 'Q0238', 20, 1.0),
    ('EB031', 'Q0124', 1, 0.5),
    ('EB031', 'Q0293', 2, 1.0),
    ('EB031', 'Q0127', 3, 0.5),
    ('EB031', 'Q0158', 4, 0.5),
    ('EB031', 'Q0250', 5, 1.0),
    ('EB031', 'Q0206', 6, 1.0),
    ('EB031', 'Q0051', 7, 0.25),
    ('EB031', 'Q0268', 8, 0.25),
    ('EB031', 'Q0120', 9, 0.25),
    ('EB031', 'Q0217', 10, 0.25),
    ('EB031', 'Q0085', 11, 0.5),
    ('EB031', 'Q0247', 12, 0.25),
    ('EB031', 'Q0134', 13, 0.25),
    ('EB031', 'Q0269', 14, 0.5),
    ('EB031', 'Q0074', 15, 0.25),
    ('EB031', 'Q0254', 16, 1.0),
    ('EB031', 'Q0078', 17, 0.5),
    ('EB031', 'Q0141', 18, 0.25),
    ('EB031', 'Q0064', 19, 0.5),
    ('EB031', 'Q0106', 20, 0.5),
    ('EB032', 'Q0265', 1, 0.25),
    ('EB032', 'Q0057', 2, 1.0),
    ('EB032', 'Q0078', 3, 0.25),
    ('EB032', 'Q0226', 4, 0.25),
    ('EB032', 'Q0234', 5, 1.0),
    ('EB032', 'Q0206', 6, 0.5),
    ('EB032', 'Q0039', 7, 0.25),
    ('EB032', 'Q0149', 8, 1.0),
    ('EB032', 'Q0103', 9, 1.0),
    ('EB032', 'Q0167', 10, 0.5),
    ('EB032', 'Q0240', 11, 1.0),
    ('EB032', 'Q0228', 12, 1.0),
    ('EB032', 'Q0070', 13, 0.5),
    ('EB032', 'Q0203', 14, 0.5),
    ('EB032', 'Q0125', 15, 1.0),
    ('EB032', 'Q0217', 16, 0.5),
    ('EB032', 'Q0101', 17, 1.0),
    ('EB032', 'Q0004', 18, 0.25),
    ('EB032', 'Q0207', 19, 1.0),
    ('EB032', 'Q0283', 20, 0.5),
    ('EB033', 'Q0156', 1, 0.25),
    ('EB033', 'Q0172', 2, 1.0),
    ('EB033', 'Q0203', 3, 0.5),
    ('EB033', 'Q0173', 4, 0.25),
    ('EB033', 'Q0195', 5, 0.25),
    ('EB033', 'Q0186', 6, 0.25),
    ('EB033', 'Q0291', 7, 0.25),
    ('EB033', 'Q0271', 8, 1.0),
    ('EB033', 'Q0113', 9, 1.0),
    ('EB033', 'Q0083', 10, 0.5),
    ('EB033', 'Q0198', 11, 0.25),
    ('EB033', 'Q0087', 12, 0.25),
    ('EB033', 'Q0261', 13, 0.5),
    ('EB033', 'Q0244', 14, 0.25),
    ('EB033', 'Q0157', 15, 0.25),
    ('EB033', 'Q0076', 16, 0.25),
    ('EB033', 'Q0068', 17, 0.25),
    ('EB033', 'Q0090', 18, 0.25),
    ('EB033', 'Q0022', 19, 1.0),
    ('EB033', 'Q0044', 20, 0.5),
    ('EB034', 'Q0165', 1, 0.5),
    ('EB034', 'Q0185', 2, 0.25),
    ('EB034', 'Q0101', 3, 0.25),
    ('EB034', 'Q0094', 4, 1.0),
    ('EB034', 'Q0063', 5, 1.0),
    ('EB034', 'Q0093', 6, 0.25),
    ('EB034', 'Q0084', 7, 0.5),
    ('EB034', 'Q0166', 8, 0.5),
    ('EB034', 'Q0147', 9, 0.5),
    ('EB034', 'Q0284', 10, 0.5),
    ('EB034', 'Q0017', 11, 0.25),
    ('EB034', 'Q0207', 12, 0.5),
    ('EB034', 'Q0137', 13, 1.0),
    ('EB034', 'Q0194', 14, 0.5),
    ('EB034', 'Q0036', 15, 0.25),
    ('EB034', 'Q0289', 16, 1.0),
    ('EB034', 'Q0246', 17, 1.0),
    ('EB034', 'Q0199', 18, 0.25),
    ('EB034', 'Q0117', 19, 0.25),
    ('EB034', 'Q0298', 20, 0.5),
    ('EB035', 'Q0160', 1, 0.25),
    ('EB035', 'Q0206', 2, 1.0),
    ('EB035', 'Q0116', 3, 0.25),
    ('EB035', 'Q0172', 4, 1.0),
    ('EB035', 'Q0066', 5, 0.25),
    ('EB035', 'Q0043', 6, 0.25),
    ('EB035', 'Q0277', 7, 0.5),
    ('EB035', 'Q0089', 8, 0.25),
    ('EB035', 'Q0195', 9, 1.0),
    ('EB035', 'Q0123', 10, 0.5),
    ('EB035', 'Q0242', 11, 1.0),
    ('EB035', 'Q0056', 12, 0.25),
    ('EB035', 'Q0108', 13, 1.0),
    ('EB035', 'Q0037', 14, 1.0),
    ('EB035', 'Q0211', 15, 0.5),
    ('EB035', 'Q0256', 16, 0.5),
    ('EB035', 'Q0283', 17, 1.0),
    ('EB035', 'Q0050', 18, 1.0),
    ('EB035', 'Q0083', 19, 1.0),
    ('EB035', 'Q0210', 20, 0.5),
    ('EB036', 'Q0283', 1, 0.5),
    ('EB036', 'Q0178', 2, 0.25),
    ('EB036', 'Q0065', 3, 0.25),
    ('EB036', 'Q0083', 4, 0.25),
    ('EB036', 'Q0143', 5, 1.0),
    ('EB036', 'Q0226', 6, 1.0),
    ('EB036', 'Q0094', 7, 0.25),
    ('EB036', 'Q0001', 8, 0.5),
    ('EB036', 'Q0103', 9, 0.5),
    ('EB036', 'Q0187', 10, 1.0),
    ('EB036', 'Q0074', 11, 0.5),
    ('EB036', 'Q0062', 12, 0.25),
    ('EB036', 'Q0297', 13, 0.5),
    ('EB036', 'Q0044', 14, 0.25),
    ('EB036', 'Q0176', 15, 1.0),
    ('EB036', 'Q0262', 16, 0.25),
    ('EB036', 'Q0033', 17, 1.0),
    ('EB036', 'Q0255', 18, 1.0),
    ('EB036', 'Q0120', 19, 0.5),
    ('EB036', 'Q0042', 20, 1.0),
    ('EB037', 'Q0098', 1, 0.25),
    ('EB037', 'Q0146', 2, 0.25),
    ('EB037', 'Q0072', 3, 0.5),
    ('EB037', 'Q0076', 4, 1.0),
    ('EB037', 'Q0266', 5, 1.0),
    ('EB037', 'Q0258', 6, 0.25),
    ('EB037', 'Q0300', 7, 0.5),
    ('EB037', 'Q0106', 8, 0.5),
    ('EB037', 'Q0287', 9, 0.5),
    ('EB037', 'Q0056', 10, 0.25),
    ('EB037', 'Q0232', 11, 0.25),
    ('EB037', 'Q0028', 12, 1.0),
    ('EB037', 'Q0034', 13, 0.25),
    ('EB037', 'Q0019', 14, 0.25),
    ('EB037', 'Q0159', 15, 0.5),
    ('EB037', 'Q0131', 16, 0.5),
    ('EB037', 'Q0008', 17, 1.0),
    ('EB037', 'Q0157', 18, 0.5),
    ('EB037', 'Q0234', 19, 0.5),
    ('EB037', 'Q0138', 20, 0.25),
    ('EB038', 'Q0294', 1, 0.5),
    ('EB038', 'Q0221', 2, 0.25),
    ('EB038', 'Q0272', 3, 0.25),
    ('EB038', 'Q0268', 4, 0.5),
    ('EB038', 'Q0189', 5, 0.5),
    ('EB038', 'Q0208', 6, 0.5),
    ('EB038', 'Q0088', 7, 1.0),
    ('EB038', 'Q0247', 8, 0.25),
    ('EB038', 'Q0041', 9, 1.0),
    ('EB038', 'Q0235', 10, 0.5),
    ('EB038', 'Q0006', 11, 0.5),
    ('EB038', 'Q0072', 12, 1.0),
    ('EB038', 'Q0061', 13, 1.0),
    ('EB038', 'Q0159', 14, 1.0),
    ('EB038', 'Q0086', 15, 0.25),
    ('EB038', 'Q0139', 16, 1.0),
    ('EB038', 'Q0281', 17, 0.25),
    ('EB038', 'Q0253', 18, 0.25),
    ('EB038', 'Q0158', 19, 0.25),
    ('EB038', 'Q0279', 20, 0.25),
    ('EB039', 'Q0016', 1, 0.25),
    ('EB039', 'Q0023', 2, 1.0),
    ('EB039', 'Q0087', 3, 1.0),
    ('EB039', 'Q0092', 4, 0.5),
    ('EB039', 'Q0169', 5, 0.25),
    ('EB039', 'Q0055', 6, 0.25),
    ('EB039', 'Q0099', 7, 1.0),
    ('EB039', 'Q0255', 8, 0.25),
    ('EB039', 'Q0220', 9, 0.25),
    ('EB039', 'Q0062', 10, 0.5),
    ('EB039', 'Q0248', 11, 0.5),
    ('EB039', 'Q0165', 12, 0.5),
    ('EB039', 'Q0251', 13, 0.25),
    ('EB039', 'Q0042', 14, 0.25),
    ('EB039', 'Q0237', 15, 1.0),
    ('EB039', 'Q0204', 16, 0.5),
    ('EB039', 'Q0227', 17, 1.0),
    ('EB039', 'Q0194', 18, 1.0),
    ('EB039', 'Q0246', 19, 0.25),
    ('EB039', 'Q0190', 20, 0.5),
    ('EB040', 'Q0273', 1, 0.25),
    ('EB040', 'Q0243', 2, 1.0),
    ('EB040', 'Q0160', 3, 0.25),
    ('EB040', 'Q0235', 4, 0.25),
    ('EB040', 'Q0113', 5, 1.0),
    ('EB040', 'Q0192', 6, 0.5),
    ('EB040', 'Q0087', 7, 0.25),
    ('EB040', 'Q0183', 8, 1.0),
    ('EB040', 'Q0085', 9, 1.0),
    ('EB040', 'Q0083', 10, 0.5),
    ('EB040', 'Q0246', 11, 0.5),
    ('EB040', 'Q0289', 12, 1.0),
    ('EB040', 'Q0262', 13, 0.25),
    ('EB040', 'Q0038', 14, 0.25),
    ('EB040', 'Q0270', 15, 0.25),
    ('EB040', 'Q0084', 16, 0.5),
    ('EB040', 'Q0017', 17, 0.5),
    ('EB040', 'Q0002', 18, 0.5),
    ('EB040', 'Q0110', 19, 1.0),
    ('EB040', 'Q0135', 20, 0.25),
    ('EB041', 'Q0250', 1, 1.0),
    ('EB041', 'Q0243', 2, 0.25),
    ('EB041', 'Q0223', 3, 0.25),
    ('EB041', 'Q0025', 4, 1.0),
    ('EB041', 'Q0087', 5, 1.0),
    ('EB041', 'Q0082', 6, 0.5),
    ('EB041', 'Q0210', 7, 1.0),
    ('EB041', 'Q0168', 8, 0.5),
    ('EB041', 'Q0039', 9, 0.5),
    ('EB041', 'Q0211', 10, 0.25),
    ('EB041', 'Q0035', 11, 1.0),
    ('EB041', 'Q0186', 12, 0.25),
    ('EB041', 'Q0094', 13, 0.5),
    ('EB041', 'Q0120', 14, 1.0),
    ('EB041', 'Q0294', 15, 1.0),
    ('EB041', 'Q0182', 16, 0.25),
    ('EB041', 'Q0183', 17, 0.5),
    ('EB041', 'Q0069', 18, 1.0),
    ('EB041', 'Q0238', 19, 1.0),
    ('EB041', 'Q0224', 20, 0.25),
    ('EB042', 'Q0286', 1, 0.25),
    ('EB042', 'Q0090', 2, 1.0),
    ('EB042', 'Q0203', 3, 0.5),
    ('EB042', 'Q0200', 4, 1.0),
    ('EB042', 'Q0217', 5, 1.0),
    ('EB042', 'Q0003', 6, 1.0),
    ('EB042', 'Q0231', 7, 0.5),
    ('EB042', 'Q0144', 8, 1.0),
    ('EB042', 'Q0256', 9, 0.25),
    ('EB042', 'Q0236', 10, 0.5),
    ('EB042', 'Q0102', 11, 0.5),
    ('EB042', 'Q0239', 12, 0.25),
    ('EB042', 'Q0268', 13, 0.25),
    ('EB042', 'Q0142', 14, 0.25),
    ('EB042', 'Q0122', 15, 1.0),
    ('EB042', 'Q0229', 16, 1.0),
    ('EB042', 'Q0174', 17, 0.5),
    ('EB042', 'Q0012', 18, 0.25),
    ('EB042', 'Q0153', 19, 1.0),
    ('EB042', 'Q0267', 20, 0.5),
    ('EB043', 'Q0224', 1, 0.5),
    ('EB043', 'Q0067', 2, 0.5),
    ('EB043', 'Q0175', 3, 0.5),
    ('EB043', 'Q0103', 4, 1.0),
    ('EB043', 'Q0024', 5, 0.5),
    ('EB043', 'Q0167', 6, 0.25),
    ('EB043', 'Q0051', 7, 0.5),
    ('EB043', 'Q0034', 8, 1.0),
    ('EB043', 'Q0211', 9, 1.0),
    ('EB043', 'Q0163', 10, 1.0),
    ('EB043', 'Q0004', 11, 0.25),
    ('EB043', 'Q0239', 12, 0.25),
    ('EB043', 'Q0241', 13, 1.0),
    ('EB043', 'Q0248', 14, 0.5),
    ('EB043', 'Q0036', 15, 0.25),
    ('EB043', 'Q0076', 16, 0.25),
    ('EB043', 'Q0140', 17, 1.0),
    ('EB043', 'Q0081', 18, 0.25),
    ('EB043', 'Q0038', 19, 1.0),
    ('EB043', 'Q0108', 20, 0.25),
    ('EB044', 'Q0235', 1, 0.5),
    ('EB044', 'Q0031', 2, 0.5),
    ('EB044', 'Q0125', 3, 0.25),
    ('EB044', 'Q0024', 4, 0.5),
    ('EB044', 'Q0238', 5, 0.25),
    ('EB044', 'Q0050', 6, 1.0),
    ('EB044', 'Q0159', 7, 1.0),
    ('EB044', 'Q0029', 8, 1.0),
    ('EB044', 'Q0269', 9, 0.25),
    ('EB044', 'Q0292', 10, 0.5),
    ('EB044', 'Q0217', 11, 0.25),
    ('EB044', 'Q0120', 12, 1.0),
    ('EB044', 'Q0132', 13, 0.5),
    ('EB044', 'Q0259', 14, 0.5),
    ('EB044', 'Q0002', 15, 0.5),
    ('EB044', 'Q0001', 16, 0.5),
    ('EB044', 'Q0169', 17, 1.0),
    ('EB044', 'Q0150', 18, 0.5),
    ('EB044', 'Q0182', 19, 0.25),
    ('EB044', 'Q0144', 20, 1.0),
    ('EB045', 'Q0050', 1, 1.0),
    ('EB045', 'Q0299', 2, 1.0),
    ('EB045', 'Q0029', 3, 0.25),
    ('EB045', 'Q0024', 4, 0.25),
    ('EB045', 'Q0075', 5, 1.0),
    ('EB045', 'Q0295', 6, 1.0),
    ('EB045', 'Q0254', 7, 0.5),
    ('EB045', 'Q0269', 8, 0.25),
    ('EB045', 'Q0208', 9, 1.0),
    ('EB045', 'Q0174', 10, 1.0),
    ('EB045', 'Q0166', 11, 0.25),
    ('EB045', 'Q0270', 12, 0.5),
    ('EB045', 'Q0222', 13, 0.5),
    ('EB045', 'Q0065', 14, 0.25),
    ('EB045', 'Q0047', 15, 0.25),
    ('EB045', 'Q0008', 16, 0.25),
    ('EB045', 'Q0033', 17, 0.25),
    ('EB045', 'Q0250', 18, 0.5),
    ('EB045', 'Q0052', 19, 0.5),
    ('EB045', 'Q0096', 20, 0.25),
    ('EB046', 'Q0087', 1, 1.0),
    ('EB046', 'Q0165', 2, 0.5),
    ('EB046', 'Q0029', 3, 0.25),
    ('EB046', 'Q0287', 4, 0.25),
    ('EB046', 'Q0288', 5, 0.25),
    ('EB046', 'Q0148', 6, 0.25),
    ('EB046', 'Q0168', 7, 0.25),
    ('EB046', 'Q0250', 8, 0.25),
    ('EB046', 'Q0197', 9, 0.5),
    ('EB046', 'Q0023', 10, 0.25),
    ('EB046', 'Q0030', 11, 1.0),
    ('EB046', 'Q0229', 12, 0.5),
    ('EB046', 'Q0064', 13, 0.5),
    ('EB046', 'Q0115', 14, 0.5),
    ('EB046', 'Q0176', 15, 0.5),
    ('EB046', 'Q0297', 16, 1.0),
    ('EB046', 'Q0057', 17, 0.25),
    ('EB046', 'Q0103', 18, 0.25),
    ('EB046', 'Q0086', 19, 0.5),
    ('EB046', 'Q0010', 20, 0.25),
    ('EB047', 'Q0084', 1, 0.25),
    ('EB047', 'Q0016', 2, 0.5),
    ('EB047', 'Q0281', 3, 0.5),
    ('EB047', 'Q0114', 4, 0.5),
    ('EB047', 'Q0137', 5, 0.5),
    ('EB047', 'Q0090', 6, 1.0),
    ('EB047', 'Q0187', 7, 0.25),
    ('EB047', 'Q0056', 8, 0.25),
    ('EB047', 'Q0295', 9, 0.25),
    ('EB047', 'Q0100', 10, 0.5),
    ('EB047', 'Q0135', 11, 1.0),
    ('EB047', 'Q0129', 12, 0.5),
    ('EB047', 'Q0059', 13, 0.25),
    ('EB047', 'Q0164', 14, 1.0),
    ('EB047', 'Q0037', 15, 0.5),
    ('EB047', 'Q0028', 16, 1.0),
    ('EB047', 'Q0298', 17, 0.25),
    ('EB047', 'Q0104', 18, 0.5),
    ('EB047', 'Q0125', 19, 0.25),
    ('EB047', 'Q0138', 20, 0.25),
    ('EB048', 'Q0126', 1, 0.5),
    ('EB048', 'Q0206', 2, 0.25),
    ('EB048', 'Q0218', 3, 0.5),
    ('EB048', 'Q0099', 4, 0.5),
    ('EB048', 'Q0220', 5, 0.5),
    ('EB048', 'Q0233', 6, 0.5),
    ('EB048', 'Q0171', 7, 0.5),
    ('EB048', 'Q0189', 8, 0.5),
    ('EB048', 'Q0060', 9, 0.25),
    ('EB048', 'Q0259', 10, 1.0),
    ('EB048', 'Q0104', 11, 0.5),
    ('EB048', 'Q0209', 12, 1.0),
    ('EB048', 'Q0279', 13, 1.0),
    ('EB048', 'Q0296', 14, 0.25),
    ('EB048', 'Q0257', 15, 0.25),
    ('EB048', 'Q0201', 16, 1.0),
    ('EB048', 'Q0050', 17, 1.0),
    ('EB048', 'Q0139', 18, 1.0),
    ('EB048', 'Q0145', 19, 1.0),
    ('EB048', 'Q0136', 20, 0.5),
    ('EB049', 'Q0128', 1, 0.5),
    ('EB049', 'Q0198', 2, 0.25),
    ('EB049', 'Q0112', 3, 1.0),
    ('EB049', 'Q0140', 4, 0.5),
    ('EB049', 'Q0241', 5, 0.25),
    ('EB049', 'Q0160', 6, 0.25),
    ('EB049', 'Q0298', 7, 0.5),
    ('EB049', 'Q0290', 8, 0.5),
    ('EB049', 'Q0181', 9, 0.25),
    ('EB049', 'Q0145', 10, 0.25),
    ('EB049', 'Q0288', 11, 0.5),
    ('EB049', 'Q0024', 12, 1.0),
    ('EB049', 'Q0029', 13, 0.25),
    ('EB049', 'Q0289', 14, 0.25),
    ('EB049', 'Q0150', 15, 0.25),
    ('EB049', 'Q0020', 16, 1.0),
    ('EB049', 'Q0037', 17, 0.25),
    ('EB049', 'Q0035', 18, 0.5),
    ('EB049', 'Q0197', 19, 1.0),
    ('EB049', 'Q0025', 20, 0.5),
    ('EB050', 'Q0008', 1, 0.5),
    ('EB050', 'Q0199', 2, 0.25),
    ('EB050', 'Q0079', 3, 0.5),
    ('EB050', 'Q0238', 4, 0.5),
    ('EB050', 'Q0110', 5, 0.25),
    ('EB050', 'Q0266', 6, 1.0),
    ('EB050', 'Q0065', 7, 0.25),
    ('EB050', 'Q0292', 8, 1.0),
    ('EB050', 'Q0195', 9, 0.5),
    ('EB050', 'Q0015', 10, 0.25),
    ('EB050', 'Q0150', 11, 0.25),
    ('EB050', 'Q0062', 12, 1.0),
    ('EB050', 'Q0267', 13, 0.25),
    ('EB050', 'Q0083', 14, 0.5),
    ('EB050', 'Q0164', 15, 0.5),
    ('EB050', 'Q0291', 16, 0.5),
    ('EB050', 'Q0208', 17, 1.0),
    ('EB050', 'Q0229', 18, 1.0),
    ('EB050', 'Q0263', 19, 0.5),
    ('EB050', 'Q0256', 20, 0.25);

INSERT INTO survey_topics (id, code, name, type, description, active, created_at, updated_at, created_by) VALUES
    ('ST001', 'CDKS001', 'Khảo sát chất lượng giảng dạy', 'course_feedback', 'Chủ đề khảo sát phục vụ cải tiến chất lượng', TRUE, '2026-06-12 15:45:00', '2026-06-12 15:45:00', 'U041'),
    ('ST002', 'CDKS002', 'Khảo sát học phần cuối kỳ', 'lecturer_feedback', 'Chủ đề khảo sát phục vụ cải tiến chất lượng', TRUE, '2026-06-12 15:45:00', '2026-06-12 15:45:00', 'U006'),
    ('ST003', 'CDKS003', 'Khảo sát dịch vụ đào tạo', 'service_feedback', 'Chủ đề khảo sát phục vụ cải tiến chất lượng', TRUE, '2026-06-12 15:45:00', '2026-06-12 15:45:00', 'U076'),
    ('ST004', 'CDKS004', 'Khảo sát cơ sở vật chất', 'general', 'Chủ đề khảo sát phục vụ cải tiến chất lượng', TRUE, '2026-06-12 15:45:00', '2026-06-12 15:45:00', 'U095'),
    ('ST005', 'CDKS005', 'Khảo sát hoạt động khảo thí', 'course_feedback', 'Chủ đề khảo sát phục vụ cải tiến chất lượng', TRUE, '2026-06-12 15:45:00', '2026-06-12 15:45:00', 'U093'),
    ('ST006', 'CDKS006', 'Khảo sát cố vấn học tập', 'lecturer_feedback', 'Chủ đề khảo sát phục vụ cải tiến chất lượng', TRUE, '2026-06-12 15:45:00', '2026-06-12 15:45:00', 'U085'),
    ('ST007', 'CDKS007', 'Khảo sát trải nghiệm sinh viên', 'service_feedback', 'Chủ đề khảo sát phục vụ cải tiến chất lượng', TRUE, '2026-06-12 15:45:00', '2026-06-12 15:45:00', 'U046'),
    ('ST008', 'CDKS008', 'Khảo sát chương trình đào tạo', 'general', 'Chủ đề khảo sát phục vụ cải tiến chất lượng', TRUE, '2026-06-12 15:45:00', '2026-06-12 15:45:00', 'U078');

INSERT INTO survey_object_types (id, code, name, description, training_object_type_code, active, created_at, updated_at, created_by) VALUES
    ('SOT001', 'HV', 'Học viên', 'Đối tượng khảo sát là học viên/sinh viên', 'student', TRUE, '2026-06-12 15:45:00', '2026-06-12 15:45:00', 'U100'),
    ('SOT002', 'GV', 'Giảng viên', 'Đối tượng khảo sát là giảng viên', 'lecturer', TRUE, '2026-06-12 15:45:00', '2026-06-12 15:45:00', 'U039'),
    ('SOT003', 'CBQL', 'Cán bộ quản lý', 'Đối tượng khảo sát là cán bộ quản lý', 'staff', TRUE, '2026-06-12 15:45:00', '2026-06-12 15:45:00', 'U004');

INSERT INTO cluster_surveys (id, code, name, description, survey_topic_id, active, created_at, updated_at, created_by) VALUES
    ('CS001', 'CUMKS001', 'Cụm khảo sát 1', 'Nhóm đối tượng khảo sát theo chủ đề', 'ST004', TRUE, '2026-06-12 15:45:00', '2026-06-12 15:45:00', 'U046'),
    ('CS002', 'CUMKS002', 'Cụm khảo sát 2', 'Nhóm đối tượng khảo sát theo chủ đề', 'ST001', TRUE, '2026-06-12 15:45:00', '2026-06-12 15:45:00', 'U056'),
    ('CS003', 'CUMKS003', 'Cụm khảo sát 3', 'Nhóm đối tượng khảo sát theo chủ đề', 'ST005', TRUE, '2026-06-12 15:45:00', '2026-06-12 15:45:00', 'U036'),
    ('CS004', 'CUMKS004', 'Cụm khảo sát 4', 'Nhóm đối tượng khảo sát theo chủ đề', 'ST007', TRUE, '2026-06-12 15:45:00', '2026-06-12 15:45:00', 'U062'),
    ('CS005', 'CUMKS005', 'Cụm khảo sát 5', 'Nhóm đối tượng khảo sát theo chủ đề', 'ST002', TRUE, '2026-06-12 15:45:00', '2026-06-12 15:45:00', 'U053'),
    ('CS006', 'CUMKS006', 'Cụm khảo sát 6', 'Nhóm đối tượng khảo sát theo chủ đề', 'ST005', TRUE, '2026-06-12 15:45:00', '2026-06-12 15:45:00', 'U077'),
    ('CS007', 'CUMKS007', 'Cụm khảo sát 7', 'Nhóm đối tượng khảo sát theo chủ đề', 'ST008', TRUE, '2026-06-12 15:45:00', '2026-06-12 15:45:00', 'U035'),
    ('CS008', 'CUMKS008', 'Cụm khảo sát 8', 'Nhóm đối tượng khảo sát theo chủ đề', 'ST006', TRUE, '2026-06-12 15:45:00', '2026-06-12 15:45:00', 'U049'),
    ('CS009', 'CUMKS009', 'Cụm khảo sát 9', 'Nhóm đối tượng khảo sát theo chủ đề', 'ST006', TRUE, '2026-06-12 15:45:00', '2026-06-12 15:45:00', 'U010'),
    ('CS010', 'CUMKS010', 'Cụm khảo sát 10', 'Nhóm đối tượng khảo sát theo chủ đề', 'ST007', TRUE, '2026-06-12 15:45:00', '2026-06-12 15:45:00', 'U030'),
    ('CS011', 'CUMKS011', 'Cụm khảo sát 11', 'Nhóm đối tượng khảo sát theo chủ đề', 'ST004', TRUE, '2026-06-12 15:45:00', '2026-06-12 15:45:00', 'U060'),
    ('CS012', 'CUMKS012', 'Cụm khảo sát 12', 'Nhóm đối tượng khảo sát theo chủ đề', 'ST007', TRUE, '2026-06-12 15:45:00', '2026-06-12 15:45:00', 'U023');

INSERT INTO survey_question_groups (id, code, name, description, active, created_at, updated_at, created_by) VALUES
    ('SQG001', 'NCH001', 'Nội dung học phần', 'Nhóm câu hỏi dùng trong phiếu khảo sát', TRUE, '2026-06-12 15:45:00', '2026-06-12 15:45:00', 'U048'),
    ('SQG002', 'NCH002', 'Phương pháp giảng dạy', 'Nhóm câu hỏi dùng trong phiếu khảo sát', TRUE, '2026-06-12 15:45:00', '2026-06-12 15:45:00', 'U034'),
    ('SQG003', 'NCH003', 'Tài liệu học tập', 'Nhóm câu hỏi dùng trong phiếu khảo sát', TRUE, '2026-06-12 15:45:00', '2026-06-12 15:45:00', 'U075'),
    ('SQG004', 'NCH004', 'Cơ sở vật chất', 'Nhóm câu hỏi dùng trong phiếu khảo sát', TRUE, '2026-06-12 15:45:00', '2026-06-12 15:45:00', 'U081'),
    ('SQG005', 'NCH005', 'Tổ chức thi', 'Nhóm câu hỏi dùng trong phiếu khảo sát', TRUE, '2026-06-12 15:45:00', '2026-06-12 15:45:00', 'U069'),
    ('SQG006', 'NCH006', 'Thái độ phục vụ', 'Nhóm câu hỏi dùng trong phiếu khảo sát', TRUE, '2026-06-12 15:45:00', '2026-06-12 15:45:00', 'U093'),
    ('SQG007', 'NCH007', 'Mức độ hài lòng chung', 'Nhóm câu hỏi dùng trong phiếu khảo sát', TRUE, '2026-06-12 15:45:00', '2026-06-12 15:45:00', 'U079'),
    ('SQG008', 'NCH008', 'Đánh giá giảng viên', 'Nhóm câu hỏi dùng trong phiếu khảo sát', TRUE, '2026-06-12 15:45:00', '2026-06-12 15:45:00', 'U011'),
    ('SQG009', 'NCH009', 'Đánh giá đề thi', 'Nhóm câu hỏi dùng trong phiếu khảo sát', TRUE, '2026-06-12 15:45:00', '2026-06-12 15:45:00', 'U097'),
    ('SQG010', 'NCH010', 'Góp ý cải tiến', 'Nhóm câu hỏi dùng trong phiếu khảo sát', TRUE, '2026-06-12 15:45:00', '2026-06-12 15:45:00', 'U026');

INSERT INTO survey_questions (id, code, name, type, description, survey_question_group_id, active, created_at, updated_at, created_by) VALUES
    ('SQ001', 'CHKS001', 'Đề thi có độ khó phù hợp với nội dung đã học?', 'text', 'Câu hỏi khảo sát định kỳ', 'SQG001', TRUE, '2026-06-12 15:45:00', '2026-06-12 15:45:00', 'U012'),
    ('SQ002', 'CHKS002', 'Tài liệu học tập được cung cấp đầy đủ?', 'multiple_choice', 'Câu hỏi khảo sát định kỳ', 'SQG009', TRUE, '2026-06-12 15:45:00', '2026-06-12 15:45:00', 'U047'),
    ('SQ003', 'CHKS003', 'Phòng học và thiết bị hỗ trợ học tập đáp ứng nhu cầu?', 'rating', 'Câu hỏi khảo sát định kỳ', 'SQG008', TRUE, '2026-06-12 15:45:00', '2026-06-12 15:45:00', 'U003'),
    ('SQ004', 'CHKS004', 'Bạn hài lòng với trải nghiệm học tập của học phần này?', 'multiple_choice', 'Câu hỏi khảo sát định kỳ', 'SQG007', TRUE, '2026-06-12 15:45:00', '2026-06-12 15:45:00', 'U023'),
    ('SQ005', 'CHKS005', 'Giảng viên trình bày bài học rõ ràng và dễ hiểu?', 'rating', 'Câu hỏi khảo sát định kỳ', 'SQG004', TRUE, '2026-06-12 15:45:00', '2026-06-12 15:45:00', 'U086'),
    ('SQ006', 'CHKS006', 'Quy trình coi thi được tổ chức nghiêm túc?', 'rating', 'Câu hỏi khảo sát định kỳ', 'SQG004', TRUE, '2026-06-12 15:45:00', '2026-06-12 15:45:00', 'U076'),
    ('SQ007', 'CHKS007', 'Mức độ phù hợp của nội dung học phần với mục tiêu đào tạo?', 'text', 'Câu hỏi khảo sát định kỳ', 'SQG003', TRUE, '2026-06-12 15:45:00', '2026-06-12 15:45:00', 'U068'),
    ('SQ008', 'CHKS008', 'Hình thức kiểm tra đánh giá phản ánh đúng năng lực người học?', 'rating', 'Câu hỏi khảo sát định kỳ', 'SQG009', TRUE, '2026-06-12 15:45:00', '2026-06-12 15:45:00', 'U036'),
    ('SQ009', 'CHKS009', 'Giảng viên trình bày bài học rõ ràng và dễ hiểu?', 'multiple_choice', 'Câu hỏi khảo sát định kỳ', 'SQG008', TRUE, '2026-06-12 15:45:00', '2026-06-12 15:45:00', 'U082'),
    ('SQ010', 'CHKS010', 'Quy trình coi thi được tổ chức nghiêm túc?', 'text', 'Câu hỏi khảo sát định kỳ', 'SQG005', TRUE, '2026-06-12 15:45:00', '2026-06-12 15:45:00', 'U004'),
    ('SQ011', 'CHKS011', 'Lịch thi được thông báo kịp thời và rõ ràng?', 'single_choice', 'Câu hỏi khảo sát định kỳ', 'SQG003', TRUE, '2026-06-12 15:45:00', '2026-06-12 15:45:00', 'U016'),
    ('SQ012', 'CHKS012', 'Quy trình coi thi được tổ chức nghiêm túc?', 'rating', 'Câu hỏi khảo sát định kỳ', 'SQG005', TRUE, '2026-06-12 15:45:00', '2026-06-12 15:45:00', 'U066'),
    ('SQ013', 'CHKS013', 'Phòng học và thiết bị hỗ trợ học tập đáp ứng nhu cầu?', 'rating', 'Câu hỏi khảo sát định kỳ', 'SQG001', TRUE, '2026-06-12 15:45:00', '2026-06-12 15:45:00', 'U066'),
    ('SQ014', 'CHKS014', 'Mức độ phù hợp của nội dung học phần với mục tiêu đào tạo?', 'text', 'Câu hỏi khảo sát định kỳ', 'SQG006', TRUE, '2026-06-12 15:45:00', '2026-06-12 15:45:00', 'U045'),
    ('SQ015', 'CHKS015', 'Giảng viên trình bày bài học rõ ràng và dễ hiểu?', 'single_choice', 'Câu hỏi khảo sát định kỳ', 'SQG009', TRUE, '2026-06-12 15:45:00', '2026-06-12 15:45:00', 'U086'),
    ('SQ016', 'CHKS016', 'Bạn có góp ý gì để cải thiện học phần/dịch vụ?', 'text', 'Câu hỏi khảo sát định kỳ', 'SQG006', TRUE, '2026-06-12 15:45:00', '2026-06-12 15:45:00', 'U023'),
    ('SQ017', 'CHKS017', 'Bạn có góp ý gì để cải thiện học phần/dịch vụ?', 'multiple_choice', 'Câu hỏi khảo sát định kỳ', 'SQG005', TRUE, '2026-06-12 15:45:00', '2026-06-12 15:45:00', 'U059'),
    ('SQ018', 'CHKS018', 'Bạn hài lòng với trải nghiệm học tập của học phần này?', 'single_choice', 'Câu hỏi khảo sát định kỳ', 'SQG003', TRUE, '2026-06-12 15:45:00', '2026-06-12 15:45:00', 'U060'),
    ('SQ019', 'CHKS019', 'Phòng học và thiết bị hỗ trợ học tập đáp ứng nhu cầu?', 'single_choice', 'Câu hỏi khảo sát định kỳ', 'SQG001', TRUE, '2026-06-12 15:45:00', '2026-06-12 15:45:00', 'U093'),
    ('SQ020', 'CHKS020', 'Tài liệu học tập được cung cấp đầy đủ?', 'rating', 'Câu hỏi khảo sát định kỳ', 'SQG003', TRUE, '2026-06-12 15:45:00', '2026-06-12 15:45:00', 'U045'),
    ('SQ021', 'CHKS021', 'Bạn có góp ý gì để cải thiện học phần/dịch vụ?', 'rating', 'Câu hỏi khảo sát định kỳ', 'SQG004', TRUE, '2026-06-12 15:45:00', '2026-06-12 15:45:00', 'U018'),
    ('SQ022', 'CHKS022', 'Lịch thi được thông báo kịp thời và rõ ràng?', 'text', 'Câu hỏi khảo sát định kỳ', 'SQG008', TRUE, '2026-06-12 15:45:00', '2026-06-12 15:45:00', 'U080'),
    ('SQ023', 'CHKS023', 'Tài liệu học tập được cung cấp đầy đủ?', 'text', 'Câu hỏi khảo sát định kỳ', 'SQG002', TRUE, '2026-06-12 15:45:00', '2026-06-12 15:45:00', 'U089'),
    ('SQ024', 'CHKS024', 'Mức độ phù hợp của nội dung học phần với mục tiêu đào tạo?', 'text', 'Câu hỏi khảo sát định kỳ', 'SQG006', TRUE, '2026-06-12 15:45:00', '2026-06-12 15:45:00', 'U065'),
    ('SQ025', 'CHKS025', 'Hình thức kiểm tra đánh giá phản ánh đúng năng lực người học?', 'text', 'Câu hỏi khảo sát định kỳ', 'SQG008', TRUE, '2026-06-12 15:45:00', '2026-06-12 15:45:00', 'U088'),
    ('SQ026', 'CHKS026', 'Hình thức kiểm tra đánh giá phản ánh đúng năng lực người học?', 'multiple_choice', 'Câu hỏi khảo sát định kỳ', 'SQG001', TRUE, '2026-06-12 15:45:00', '2026-06-12 15:45:00', 'U028'),
    ('SQ027', 'CHKS027', 'Hình thức kiểm tra đánh giá phản ánh đúng năng lực người học?', 'single_choice', 'Câu hỏi khảo sát định kỳ', 'SQG005', TRUE, '2026-06-12 15:45:00', '2026-06-12 15:45:00', 'U052'),
    ('SQ028', 'CHKS028', 'Bạn có góp ý gì để cải thiện học phần/dịch vụ?', 'single_choice', 'Câu hỏi khảo sát định kỳ', 'SQG009', TRUE, '2026-06-12 15:45:00', '2026-06-12 15:45:00', 'U047'),
    ('SQ029', 'CHKS029', 'Phòng học và thiết bị hỗ trợ học tập đáp ứng nhu cầu?', 'multiple_choice', 'Câu hỏi khảo sát định kỳ', 'SQG002', TRUE, '2026-06-12 15:45:00', '2026-06-12 15:45:00', 'U098'),
    ('SQ030', 'CHKS030', 'Đề thi có độ khó phù hợp với nội dung đã học?', 'rating', 'Câu hỏi khảo sát định kỳ', 'SQG007', TRUE, '2026-06-12 15:45:00', '2026-06-12 15:45:00', 'U048'),
    ('SQ031', 'CHKS031', 'Giảng viên trình bày bài học rõ ràng và dễ hiểu?', 'text', 'Câu hỏi khảo sát định kỳ', 'SQG002', TRUE, '2026-06-12 15:45:00', '2026-06-12 15:45:00', 'U035'),
    ('SQ032', 'CHKS032', 'Tài liệu học tập được cung cấp đầy đủ?', 'multiple_choice', 'Câu hỏi khảo sát định kỳ', 'SQG005', TRUE, '2026-06-12 15:45:00', '2026-06-12 15:45:00', 'U071'),
    ('SQ033', 'CHKS033', 'Mức độ phù hợp của nội dung học phần với mục tiêu đào tạo?', 'multiple_choice', 'Câu hỏi khảo sát định kỳ', 'SQG010', TRUE, '2026-06-12 15:45:00', '2026-06-12 15:45:00', 'U050'),
    ('SQ034', 'CHKS034', 'Lịch thi được thông báo kịp thời và rõ ràng?', 'rating', 'Câu hỏi khảo sát định kỳ', 'SQG006', TRUE, '2026-06-12 15:45:00', '2026-06-12 15:45:00', 'U049'),
    ('SQ035', 'CHKS035', 'Bạn hài lòng với trải nghiệm học tập của học phần này?', 'rating', 'Câu hỏi khảo sát định kỳ', 'SQG008', TRUE, '2026-06-12 15:45:00', '2026-06-12 15:45:00', 'U030'),
    ('SQ036', 'CHKS036', 'Mức độ phù hợp của nội dung học phần với mục tiêu đào tạo?', 'text', 'Câu hỏi khảo sát định kỳ', 'SQG007', TRUE, '2026-06-12 15:45:00', '2026-06-12 15:45:00', 'U006'),
    ('SQ037', 'CHKS037', 'Giảng viên trình bày bài học rõ ràng và dễ hiểu?', 'single_choice', 'Câu hỏi khảo sát định kỳ', 'SQG010', TRUE, '2026-06-12 15:45:00', '2026-06-12 15:45:00', 'U037'),
    ('SQ038', 'CHKS038', 'Giảng viên trình bày bài học rõ ràng và dễ hiểu?', 'multiple_choice', 'Câu hỏi khảo sát định kỳ', 'SQG003', TRUE, '2026-06-12 15:45:00', '2026-06-12 15:45:00', 'U058'),
    ('SQ039', 'CHKS039', 'Hình thức kiểm tra đánh giá phản ánh đúng năng lực người học?', 'text', 'Câu hỏi khảo sát định kỳ', 'SQG009', TRUE, '2026-06-12 15:45:00', '2026-06-12 15:45:00', 'U095'),
    ('SQ040', 'CHKS040', 'Hình thức kiểm tra đánh giá phản ánh đúng năng lực người học?', 'rating', 'Câu hỏi khảo sát định kỳ', 'SQG008', TRUE, '2026-06-12 15:45:00', '2026-06-12 15:45:00', 'U076'),
    ('SQ041', 'CHKS041', 'Tài liệu học tập được cung cấp đầy đủ?', 'rating', 'Câu hỏi khảo sát định kỳ', 'SQG009', TRUE, '2026-06-12 15:45:00', '2026-06-12 15:45:00', 'U013'),
    ('SQ042', 'CHKS042', 'Bạn có góp ý gì để cải thiện học phần/dịch vụ?', 'single_choice', 'Câu hỏi khảo sát định kỳ', 'SQG005', TRUE, '2026-06-12 15:45:00', '2026-06-12 15:45:00', 'U001'),
    ('SQ043', 'CHKS043', 'Phòng học và thiết bị hỗ trợ học tập đáp ứng nhu cầu?', 'rating', 'Câu hỏi khảo sát định kỳ', 'SQG002', TRUE, '2026-06-12 15:45:00', '2026-06-12 15:45:00', 'U024'),
    ('SQ044', 'CHKS044', 'Bạn có góp ý gì để cải thiện học phần/dịch vụ?', 'single_choice', 'Câu hỏi khảo sát định kỳ', 'SQG004', TRUE, '2026-06-12 15:45:00', '2026-06-12 15:45:00', 'U007'),
    ('SQ045', 'CHKS045', 'Hình thức kiểm tra đánh giá phản ánh đúng năng lực người học?', 'single_choice', 'Câu hỏi khảo sát định kỳ', 'SQG006', TRUE, '2026-06-12 15:45:00', '2026-06-12 15:45:00', 'U042'),
    ('SQ046', 'CHKS046', 'Bạn có góp ý gì để cải thiện học phần/dịch vụ?', 'multiple_choice', 'Câu hỏi khảo sát định kỳ', 'SQG004', TRUE, '2026-06-12 15:45:00', '2026-06-12 15:45:00', 'U029'),
    ('SQ047', 'CHKS047', 'Phòng học và thiết bị hỗ trợ học tập đáp ứng nhu cầu?', 'text', 'Câu hỏi khảo sát định kỳ', 'SQG001', TRUE, '2026-06-12 15:45:00', '2026-06-12 15:45:00', 'U080'),
    ('SQ048', 'CHKS048', 'Quy trình coi thi được tổ chức nghiêm túc?', 'single_choice', 'Câu hỏi khảo sát định kỳ', 'SQG002', TRUE, '2026-06-12 15:45:00', '2026-06-12 15:45:00', 'U035'),
    ('SQ049', 'CHKS049', 'Bạn có góp ý gì để cải thiện học phần/dịch vụ?', 'text', 'Câu hỏi khảo sát định kỳ', 'SQG008', TRUE, '2026-06-12 15:45:00', '2026-06-12 15:45:00', 'U050'),
    ('SQ050', 'CHKS050', 'Bạn hài lòng với trải nghiệm học tập của học phần này?', 'rating', 'Câu hỏi khảo sát định kỳ', 'SQG001', TRUE, '2026-06-12 15:45:00', '2026-06-12 15:45:00', 'U035'),
    ('SQ051', 'CHKS051', 'Quy trình coi thi được tổ chức nghiêm túc?', 'text', 'Câu hỏi khảo sát định kỳ', 'SQG004', TRUE, '2026-06-12 15:45:00', '2026-06-12 15:45:00', 'U082'),
    ('SQ052', 'CHKS052', 'Hình thức kiểm tra đánh giá phản ánh đúng năng lực người học?', 'rating', 'Câu hỏi khảo sát định kỳ', 'SQG002', TRUE, '2026-06-12 15:45:00', '2026-06-12 15:45:00', 'U089'),
    ('SQ053', 'CHKS053', 'Bạn hài lòng với trải nghiệm học tập của học phần này?', 'text', 'Câu hỏi khảo sát định kỳ', 'SQG010', TRUE, '2026-06-12 15:45:00', '2026-06-12 15:45:00', 'U041'),
    ('SQ054', 'CHKS054', 'Lịch thi được thông báo kịp thời và rõ ràng?', 'single_choice', 'Câu hỏi khảo sát định kỳ', 'SQG003', TRUE, '2026-06-12 15:45:00', '2026-06-12 15:45:00', 'U045'),
    ('SQ055', 'CHKS055', 'Phòng học và thiết bị hỗ trợ học tập đáp ứng nhu cầu?', 'single_choice', 'Câu hỏi khảo sát định kỳ', 'SQG009', TRUE, '2026-06-12 15:45:00', '2026-06-12 15:45:00', 'U045'),
    ('SQ056', 'CHKS056', 'Bạn hài lòng với trải nghiệm học tập của học phần này?', 'rating', 'Câu hỏi khảo sát định kỳ', 'SQG002', TRUE, '2026-06-12 15:45:00', '2026-06-12 15:45:00', 'U072'),
    ('SQ057', 'CHKS057', 'Phòng học và thiết bị hỗ trợ học tập đáp ứng nhu cầu?', 'multiple_choice', 'Câu hỏi khảo sát định kỳ', 'SQG006', TRUE, '2026-06-12 15:45:00', '2026-06-12 15:45:00', 'U097'),
    ('SQ058', 'CHKS058', 'Hình thức kiểm tra đánh giá phản ánh đúng năng lực người học?', 'single_choice', 'Câu hỏi khảo sát định kỳ', 'SQG002', TRUE, '2026-06-12 15:45:00', '2026-06-12 15:45:00', 'U052'),
    ('SQ059', 'CHKS059', 'Phòng học và thiết bị hỗ trợ học tập đáp ứng nhu cầu?', 'multiple_choice', 'Câu hỏi khảo sát định kỳ', 'SQG005', TRUE, '2026-06-12 15:45:00', '2026-06-12 15:45:00', 'U003'),
    ('SQ060', 'CHKS060', 'Bạn có góp ý gì để cải thiện học phần/dịch vụ?', 'multiple_choice', 'Câu hỏi khảo sát định kỳ', 'SQG001', TRUE, '2026-06-12 15:45:00', '2026-06-12 15:45:00', 'U039');

INSERT INTO surveys (id, code, name, description, start_date, end_date, is_public, anonymous, survey_topic_id, cluster_survey_id, survey_object_type_id, active, created_at, updated_at, created_by) VALUES
    ('SV001', 'KS001', 'Khảo sát học kỳ 2 - 1', 'Đợt khảo sát lấy ý kiến người học', '2026-04-17 15:45:00', '2026-05-19 15:45:00', TRUE, TRUE, 'ST006', 'CS008', 'SOT001', TRUE, '2026-06-12 15:45:00', '2026-06-12 15:45:00', 'U002'),
    ('SV002', 'KS002', 'Khảo sát học kỳ hè - 2', 'Đợt khảo sát lấy ý kiến người học', '2026-04-29 15:45:00', '2026-05-21 15:45:00', TRUE, FALSE, 'ST008', 'CS011', 'SOT001', TRUE, '2026-06-12 15:45:00', '2026-06-12 15:45:00', 'U047'),
    ('SV003', 'KS003', 'Khảo sát học kỳ 2 - 3', 'Đợt khảo sát lấy ý kiến người học', '2026-04-23 15:45:00', '2026-05-06 15:45:00', FALSE, TRUE, 'ST004', 'CS010', 'SOT003', TRUE, '2026-06-12 15:45:00', '2026-06-12 15:45:00', 'U013'),
    ('SV004', 'KS004', 'Khảo sát học kỳ 2 - 4', 'Đợt khảo sát lấy ý kiến người học', '2026-06-21 15:45:00', '2026-08-03 15:45:00', FALSE, FALSE, 'ST002', 'CS006', 'SOT002', TRUE, '2026-06-12 15:45:00', '2026-06-12 15:45:00', 'U086'),
    ('SV005', 'KS005', 'Khảo sát học kỳ 1 - 5', 'Đợt khảo sát lấy ý kiến người học', '2026-05-12 15:45:00', '2026-05-30 15:45:00', TRUE, TRUE, 'ST008', 'CS010', 'SOT002', TRUE, '2026-06-12 15:45:00', '2026-06-12 15:45:00', 'U077'),
    ('SV006', 'KS006', 'Khảo sát học kỳ 2 - 6', 'Đợt khảo sát lấy ý kiến người học', '2026-05-19 15:45:00', '2026-06-12 15:45:00', TRUE, FALSE, 'ST003', 'CS007', 'SOT001', TRUE, '2026-06-12 15:45:00', '2026-06-12 15:45:00', 'U054'),
    ('SV007', 'KS007', 'Khảo sát học kỳ 1 - 7', 'Đợt khảo sát lấy ý kiến người học', '2026-06-19 15:45:00', '2026-07-06 15:45:00', TRUE, FALSE, 'ST002', 'CS001', 'SOT003', TRUE, '2026-06-12 15:45:00', '2026-06-12 15:45:00', 'U003'),
    ('SV008', 'KS008', 'Khảo sát học kỳ 2 - 8', 'Đợt khảo sát lấy ý kiến người học', '2026-06-07 15:45:00', '2026-07-03 15:45:00', TRUE, FALSE, 'ST002', 'CS006', 'SOT002', TRUE, '2026-06-12 15:45:00', '2026-06-12 15:45:00', 'U016'),
    ('SV009', 'KS009', 'Khảo sát học kỳ hè - 9', 'Đợt khảo sát lấy ý kiến người học', '2026-06-06 15:45:00', '2026-07-10 15:45:00', TRUE, TRUE, 'ST004', 'CS006', 'SOT001', TRUE, '2026-06-12 15:45:00', '2026-06-12 15:45:00', 'U034'),
    ('SV010', 'KS010', 'Khảo sát học kỳ 1 - 10', 'Đợt khảo sát lấy ý kiến người học', '2026-07-02 15:45:00', '2026-08-14 15:45:00', TRUE, FALSE, 'ST003', 'CS009', 'SOT003', TRUE, '2026-06-12 15:45:00', '2026-06-12 15:45:00', 'U071'),
    ('SV011', 'KS011', 'Khảo sát học kỳ hè - 11', 'Đợt khảo sát lấy ý kiến người học', '2026-06-10 15:45:00', '2026-07-02 15:45:00', FALSE, FALSE, 'ST008', 'CS006', 'SOT001', TRUE, '2026-06-12 15:45:00', '2026-06-12 15:45:00', 'U036'),
    ('SV012', 'KS012', 'Khảo sát học kỳ hè - 12', 'Đợt khảo sát lấy ý kiến người học', '2026-06-15 15:45:00', '2026-06-29 15:45:00', FALSE, TRUE, 'ST003', 'CS012', 'SOT002', TRUE, '2026-06-12 15:45:00', '2026-06-12 15:45:00', 'U013'),
    ('SV013', 'KS013', 'Khảo sát học kỳ 2 - 13', 'Đợt khảo sát lấy ý kiến người học', '2026-05-31 15:45:00', '2026-07-14 15:45:00', FALSE, TRUE, 'ST007', 'CS010', 'SOT001', TRUE, '2026-06-12 15:45:00', '2026-06-12 15:45:00', 'U019'),
    ('SV014', 'KS014', 'Khảo sát học kỳ 2 - 14', 'Đợt khảo sát lấy ý kiến người học', '2026-06-26 15:45:00', '2026-08-01 15:45:00', FALSE, FALSE, 'ST007', 'CS005', 'SOT001', TRUE, '2026-06-12 15:45:00', '2026-06-12 15:45:00', 'U051'),
    ('SV015', 'KS015', 'Khảo sát học kỳ 1 - 15', 'Đợt khảo sát lấy ý kiến người học', '2026-06-09 15:45:00', '2026-06-30 15:45:00', FALSE, TRUE, 'ST004', 'CS002', 'SOT003', TRUE, '2026-06-12 15:45:00', '2026-06-12 15:45:00', 'U035');

INSERT INTO survey_sessions (id, code, survey_id, user_id, hoc_vien_id, survey_object_type_id, is_completed, completed_at, description, active, created_at, updated_at, created_by) VALUES
    ('SS0001', 'PHKS0001', 'SV009', 'U045', 'HV016', 'SOT001', TRUE, '2026-06-12 15:45:00', 'Phiên làm khảo sát', TRUE, '2026-06-12 15:45:00', '2026-06-12 15:45:00', 'U045'),
    ('SS0002', 'PHKS0002', 'SV010', 'U049', 'HV497', 'SOT001', FALSE, NULL, 'Phiên làm khảo sát', TRUE, '2026-06-12 15:45:00', '2026-06-12 15:45:00', 'U049'),
    ('SS0003', 'PHKS0003', 'SV003', 'U066', 'HV102', 'SOT001', TRUE, '2026-06-12 15:45:00', 'Phiên làm khảo sát', TRUE, '2026-06-12 15:45:00', '2026-06-12 15:45:00', 'U066'),
    ('SS0004', 'PHKS0004', 'SV004', 'U072', 'HV304', 'SOT001', TRUE, '2026-06-12 15:45:00', 'Phiên làm khảo sát', TRUE, '2026-06-12 15:45:00', '2026-06-12 15:45:00', 'U072'),
    ('SS0005', 'PHKS0005', 'SV002', 'U086', 'HV489', 'SOT001', TRUE, '2026-06-12 15:45:00', 'Phiên làm khảo sát', TRUE, '2026-06-12 15:45:00', '2026-06-12 15:45:00', 'U086'),
    ('SS0006', 'PHKS0006', 'SV013', 'U080', 'HV082', 'SOT001', TRUE, '2026-06-12 15:45:00', 'Phiên làm khảo sát', TRUE, '2026-06-12 15:45:00', '2026-06-12 15:45:00', 'U080'),
    ('SS0007', 'PHKS0007', 'SV007', 'U042', 'HV388', 'SOT001', FALSE, NULL, 'Phiên làm khảo sát', TRUE, '2026-06-12 15:45:00', '2026-06-12 15:45:00', 'U042'),
    ('SS0008', 'PHKS0008', 'SV006', 'U029', 'HV126', 'SOT001', TRUE, '2026-06-12 15:45:00', 'Phiên làm khảo sát', TRUE, '2026-06-12 15:45:00', '2026-06-12 15:45:00', 'U029'),
    ('SS0009', 'PHKS0009', 'SV005', 'U041', 'HV128', 'SOT001', TRUE, '2026-06-12 15:45:00', 'Phiên làm khảo sát', TRUE, '2026-06-12 15:45:00', '2026-06-12 15:45:00', 'U041'),
    ('SS0010', 'PHKS0010', 'SV012', 'U008', 'HV360', 'SOT001', TRUE, '2026-06-12 15:45:00', 'Phiên làm khảo sát', TRUE, '2026-06-12 15:45:00', '2026-06-12 15:45:00', 'U008'),
    ('SS0011', 'PHKS0011', 'SV001', 'U047', 'HV412', 'SOT001', TRUE, '2026-06-12 15:45:00', 'Phiên làm khảo sát', TRUE, '2026-06-12 15:45:00', '2026-06-12 15:45:00', 'U047'),
    ('SS0012', 'PHKS0012', 'SV014', 'U033', 'HV383', 'SOT001', TRUE, '2026-06-12 15:45:00', 'Phiên làm khảo sát', TRUE, '2026-06-12 15:45:00', '2026-06-12 15:45:00', 'U033'),
    ('SS0013', 'PHKS0013', 'SV015', 'U070', 'HV327', 'SOT001', FALSE, NULL, 'Phiên làm khảo sát', TRUE, '2026-06-12 15:45:00', '2026-06-12 15:45:00', 'U070'),
    ('SS0014', 'PHKS0014', 'SV014', 'U093', 'HV069', 'SOT001', TRUE, '2026-06-12 15:45:00', 'Phiên làm khảo sát', TRUE, '2026-06-12 15:45:00', '2026-06-12 15:45:00', 'U093'),
    ('SS0015', 'PHKS0015', 'SV012', 'U100', 'HV134', 'SOT001', TRUE, '2026-06-12 15:45:00', 'Phiên làm khảo sát', TRUE, '2026-06-12 15:45:00', '2026-06-12 15:45:00', 'U100'),
    ('SS0016', 'PHKS0016', 'SV012', 'U004', 'HV094', 'SOT001', TRUE, '2026-06-12 15:45:00', 'Phiên làm khảo sát', TRUE, '2026-06-12 15:45:00', '2026-06-12 15:45:00', 'U004'),
    ('SS0017', 'PHKS0017', 'SV006', 'U074', 'HV364', 'SOT001', TRUE, '2026-06-12 15:45:00', 'Phiên làm khảo sát', TRUE, '2026-06-12 15:45:00', '2026-06-12 15:45:00', 'U074'),
    ('SS0018', 'PHKS0018', 'SV008', 'U070', 'HV241', 'SOT001', TRUE, '2026-06-12 15:45:00', 'Phiên làm khảo sát', TRUE, '2026-06-12 15:45:00', '2026-06-12 15:45:00', 'U070'),
    ('SS0019', 'PHKS0019', 'SV003', 'U024', 'HV429', 'SOT001', TRUE, '2026-06-12 15:45:00', 'Phiên làm khảo sát', TRUE, '2026-06-12 15:45:00', '2026-06-12 15:45:00', 'U024'),
    ('SS0020', 'PHKS0020', 'SV013', 'U031', 'HV481', 'SOT001', TRUE, '2026-06-12 15:45:00', 'Phiên làm khảo sát', TRUE, '2026-06-12 15:45:00', '2026-06-12 15:45:00', 'U031'),
    ('SS0021', 'PHKS0021', 'SV014', 'U031', 'HV150', 'SOT001', TRUE, '2026-06-12 15:45:00', 'Phiên làm khảo sát', TRUE, '2026-06-12 15:45:00', '2026-06-12 15:45:00', 'U031'),
    ('SS0022', 'PHKS0022', 'SV006', 'U068', 'HV338', 'SOT001', FALSE, NULL, 'Phiên làm khảo sát', TRUE, '2026-06-12 15:45:00', '2026-06-12 15:45:00', 'U068'),
    ('SS0023', 'PHKS0023', 'SV002', 'U014', 'HV246', 'SOT001', TRUE, '2026-06-12 15:45:00', 'Phiên làm khảo sát', TRUE, '2026-06-12 15:45:00', '2026-06-12 15:45:00', 'U014'),
    ('SS0024', 'PHKS0024', 'SV005', 'U033', 'HV260', 'SOT001', TRUE, '2026-06-12 15:45:00', 'Phiên làm khảo sát', TRUE, '2026-06-12 15:45:00', '2026-06-12 15:45:00', 'U033'),
    ('SS0025', 'PHKS0025', 'SV015', 'U099', 'HV110', 'SOT001', TRUE, '2026-06-12 15:45:00', 'Phiên làm khảo sát', TRUE, '2026-06-12 15:45:00', '2026-06-12 15:45:00', 'U099'),
    ('SS0026', 'PHKS0026', 'SV011', 'U054', 'HV434', 'SOT001', TRUE, '2026-06-12 15:45:00', 'Phiên làm khảo sát', TRUE, '2026-06-12 15:45:00', '2026-06-12 15:45:00', 'U054'),
    ('SS0027', 'PHKS0027', 'SV012', 'U034', 'HV158', 'SOT001', TRUE, '2026-06-12 15:45:00', 'Phiên làm khảo sát', TRUE, '2026-06-12 15:45:00', '2026-06-12 15:45:00', 'U034'),
    ('SS0028', 'PHKS0028', 'SV013', 'U091', 'HV303', 'SOT001', FALSE, NULL, 'Phiên làm khảo sát', TRUE, '2026-06-12 15:45:00', '2026-06-12 15:45:00', 'U091'),
    ('SS0029', 'PHKS0029', 'SV006', 'U098', 'HV268', 'SOT001', TRUE, '2026-06-12 15:45:00', 'Phiên làm khảo sát', TRUE, '2026-06-12 15:45:00', '2026-06-12 15:45:00', 'U098'),
    ('SS0030', 'PHKS0030', 'SV012', 'U099', 'HV314', 'SOT001', FALSE, NULL, 'Phiên làm khảo sát', TRUE, '2026-06-12 15:45:00', '2026-06-12 15:45:00', 'U099'),
    ('SS0031', 'PHKS0031', 'SV013', 'U076', 'HV034', 'SOT001', TRUE, '2026-06-12 15:45:00', 'Phiên làm khảo sát', TRUE, '2026-06-12 15:45:00', '2026-06-12 15:45:00', 'U076'),
    ('SS0032', 'PHKS0032', 'SV007', 'U015', 'HV205', 'SOT001', TRUE, '2026-06-12 15:45:00', 'Phiên làm khảo sát', TRUE, '2026-06-12 15:45:00', '2026-06-12 15:45:00', 'U015'),
    ('SS0033', 'PHKS0033', 'SV015', 'U061', 'HV418', 'SOT001', FALSE, NULL, 'Phiên làm khảo sát', TRUE, '2026-06-12 15:45:00', '2026-06-12 15:45:00', 'U061'),
    ('SS0034', 'PHKS0034', 'SV008', 'U096', 'HV297', 'SOT001', TRUE, '2026-06-12 15:45:00', 'Phiên làm khảo sát', TRUE, '2026-06-12 15:45:00', '2026-06-12 15:45:00', 'U096'),
    ('SS0035', 'PHKS0035', 'SV008', 'U050', 'HV067', 'SOT001', TRUE, '2026-06-12 15:45:00', 'Phiên làm khảo sát', TRUE, '2026-06-12 15:45:00', '2026-06-12 15:45:00', 'U050'),
    ('SS0036', 'PHKS0036', 'SV006', 'U092', 'HV219', 'SOT001', FALSE, NULL, 'Phiên làm khảo sát', TRUE, '2026-06-12 15:45:00', '2026-06-12 15:45:00', 'U092'),
    ('SS0037', 'PHKS0037', 'SV013', 'U069', 'HV121', 'SOT001', TRUE, '2026-06-12 15:45:00', 'Phiên làm khảo sát', TRUE, '2026-06-12 15:45:00', '2026-06-12 15:45:00', 'U069'),
    ('SS0038', 'PHKS0038', 'SV002', 'U067', 'HV097', 'SOT001', FALSE, NULL, 'Phiên làm khảo sát', TRUE, '2026-06-12 15:45:00', '2026-06-12 15:45:00', 'U067'),
    ('SS0039', 'PHKS0039', 'SV002', 'U006', 'HV297', 'SOT001', TRUE, '2026-06-12 15:45:00', 'Phiên làm khảo sát', TRUE, '2026-06-12 15:45:00', '2026-06-12 15:45:00', 'U006'),
    ('SS0040', 'PHKS0040', 'SV004', 'U095', 'HV446', 'SOT001', TRUE, '2026-06-12 15:45:00', 'Phiên làm khảo sát', TRUE, '2026-06-12 15:45:00', '2026-06-12 15:45:00', 'U095'),
    ('SS0041', 'PHKS0041', 'SV006', 'U063', 'HV032', 'SOT001', TRUE, '2026-06-12 15:45:00', 'Phiên làm khảo sát', TRUE, '2026-06-12 15:45:00', '2026-06-12 15:45:00', 'U063'),
    ('SS0042', 'PHKS0042', 'SV001', 'U043', 'HV391', 'SOT001', TRUE, '2026-06-12 15:45:00', 'Phiên làm khảo sát', TRUE, '2026-06-12 15:45:00', '2026-06-12 15:45:00', 'U043'),
    ('SS0043', 'PHKS0043', 'SV008', 'U091', 'HV134', 'SOT001', TRUE, '2026-06-12 15:45:00', 'Phiên làm khảo sát', TRUE, '2026-06-12 15:45:00', '2026-06-12 15:45:00', 'U091'),
    ('SS0044', 'PHKS0044', 'SV011', 'U016', 'HV347', 'SOT001', TRUE, '2026-06-12 15:45:00', 'Phiên làm khảo sát', TRUE, '2026-06-12 15:45:00', '2026-06-12 15:45:00', 'U016'),
    ('SS0045', 'PHKS0045', 'SV007', 'U028', 'HV185', 'SOT001', TRUE, '2026-06-12 15:45:00', 'Phiên làm khảo sát', TRUE, '2026-06-12 15:45:00', '2026-06-12 15:45:00', 'U028'),
    ('SS0046', 'PHKS0046', 'SV005', 'U026', 'HV006', 'SOT001', TRUE, '2026-06-12 15:45:00', 'Phiên làm khảo sát', TRUE, '2026-06-12 15:45:00', '2026-06-12 15:45:00', 'U026'),
    ('SS0047', 'PHKS0047', 'SV015', 'U058', 'HV321', 'SOT001', FALSE, NULL, 'Phiên làm khảo sát', TRUE, '2026-06-12 15:45:00', '2026-06-12 15:45:00', 'U058'),
    ('SS0048', 'PHKS0048', 'SV009', 'U095', 'HV169', 'SOT001', TRUE, '2026-06-12 15:45:00', 'Phiên làm khảo sát', TRUE, '2026-06-12 15:45:00', '2026-06-12 15:45:00', 'U095'),
    ('SS0049', 'PHKS0049', 'SV013', 'U059', 'HV324', 'SOT001', TRUE, '2026-06-12 15:45:00', 'Phiên làm khảo sát', TRUE, '2026-06-12 15:45:00', '2026-06-12 15:45:00', 'U059'),
    ('SS0050', 'PHKS0050', 'SV003', 'U025', 'HV462', 'SOT001', TRUE, '2026-06-12 15:45:00', 'Phiên làm khảo sát', TRUE, '2026-06-12 15:45:00', '2026-06-12 15:45:00', 'U025'),
    ('SS0051', 'PHKS0051', 'SV011', 'U069', 'HV070', 'SOT001', TRUE, '2026-06-12 15:45:00', 'Phiên làm khảo sát', TRUE, '2026-06-12 15:45:00', '2026-06-12 15:45:00', 'U069'),
    ('SS0052', 'PHKS0052', 'SV010', 'U096', 'HV018', 'SOT001', TRUE, '2026-06-12 15:45:00', 'Phiên làm khảo sát', TRUE, '2026-06-12 15:45:00', '2026-06-12 15:45:00', 'U096'),
    ('SS0053', 'PHKS0053', 'SV003', 'U073', 'HV271', 'SOT001', FALSE, NULL, 'Phiên làm khảo sát', TRUE, '2026-06-12 15:45:00', '2026-06-12 15:45:00', 'U073'),
    ('SS0054', 'PHKS0054', 'SV008', 'U011', 'HV316', 'SOT001', TRUE, '2026-06-12 15:45:00', 'Phiên làm khảo sát', TRUE, '2026-06-12 15:45:00', '2026-06-12 15:45:00', 'U011'),
    ('SS0055', 'PHKS0055', 'SV008', 'U100', 'HV250', 'SOT001', TRUE, '2026-06-12 15:45:00', 'Phiên làm khảo sát', TRUE, '2026-06-12 15:45:00', '2026-06-12 15:45:00', 'U100'),
    ('SS0056', 'PHKS0056', 'SV009', 'U097', 'HV146', 'SOT001', TRUE, '2026-06-12 15:45:00', 'Phiên làm khảo sát', TRUE, '2026-06-12 15:45:00', '2026-06-12 15:45:00', 'U097'),
    ('SS0057', 'PHKS0057', 'SV013', 'U087', 'HV411', 'SOT001', TRUE, '2026-06-12 15:45:00', 'Phiên làm khảo sát', TRUE, '2026-06-12 15:45:00', '2026-06-12 15:45:00', 'U087'),
    ('SS0058', 'PHKS0058', 'SV008', 'U048', 'HV298', 'SOT001', TRUE, '2026-06-12 15:45:00', 'Phiên làm khảo sát', TRUE, '2026-06-12 15:45:00', '2026-06-12 15:45:00', 'U048'),
    ('SS0059', 'PHKS0059', 'SV015', 'U082', 'HV290', 'SOT001', TRUE, '2026-06-12 15:45:00', 'Phiên làm khảo sát', TRUE, '2026-06-12 15:45:00', '2026-06-12 15:45:00', 'U082'),
    ('SS0060', 'PHKS0060', 'SV014', 'U043', 'HV151', 'SOT001', TRUE, '2026-06-12 15:45:00', 'Phiên làm khảo sát', TRUE, '2026-06-12 15:45:00', '2026-06-12 15:45:00', 'U043'),
    ('SS0061', 'PHKS0061', 'SV003', 'U056', 'HV299', 'SOT001', TRUE, '2026-06-12 15:45:00', 'Phiên làm khảo sát', TRUE, '2026-06-12 15:45:00', '2026-06-12 15:45:00', 'U056'),
    ('SS0062', 'PHKS0062', 'SV013', 'U095', 'HV304', 'SOT001', TRUE, '2026-06-12 15:45:00', 'Phiên làm khảo sát', TRUE, '2026-06-12 15:45:00', '2026-06-12 15:45:00', 'U095'),
    ('SS0063', 'PHKS0063', 'SV006', 'U020', 'HV064', 'SOT001', TRUE, '2026-06-12 15:45:00', 'Phiên làm khảo sát', TRUE, '2026-06-12 15:45:00', '2026-06-12 15:45:00', 'U020'),
    ('SS0064', 'PHKS0064', 'SV003', 'U059', 'HV087', 'SOT001', TRUE, '2026-06-12 15:45:00', 'Phiên làm khảo sát', TRUE, '2026-06-12 15:45:00', '2026-06-12 15:45:00', 'U059'),
    ('SS0065', 'PHKS0065', 'SV009', 'U052', 'HV468', 'SOT001', FALSE, NULL, 'Phiên làm khảo sát', TRUE, '2026-06-12 15:45:00', '2026-06-12 15:45:00', 'U052'),
    ('SS0066', 'PHKS0066', 'SV007', 'U056', 'HV409', 'SOT001', TRUE, '2026-06-12 15:45:00', 'Phiên làm khảo sát', TRUE, '2026-06-12 15:45:00', '2026-06-12 15:45:00', 'U056'),
    ('SS0067', 'PHKS0067', 'SV013', 'U082', 'HV224', 'SOT001', TRUE, '2026-06-12 15:45:00', 'Phiên làm khảo sát', TRUE, '2026-06-12 15:45:00', '2026-06-12 15:45:00', 'U082'),
    ('SS0068', 'PHKS0068', 'SV012', 'U004', 'HV107', 'SOT001', TRUE, '2026-06-12 15:45:00', 'Phiên làm khảo sát', TRUE, '2026-06-12 15:45:00', '2026-06-12 15:45:00', 'U004'),
    ('SS0069', 'PHKS0069', 'SV005', 'U050', 'HV353', 'SOT001', FALSE, NULL, 'Phiên làm khảo sát', TRUE, '2026-06-12 15:45:00', '2026-06-12 15:45:00', 'U050'),
    ('SS0070', 'PHKS0070', 'SV012', 'U042', 'HV443', 'SOT001', TRUE, '2026-06-12 15:45:00', 'Phiên làm khảo sát', TRUE, '2026-06-12 15:45:00', '2026-06-12 15:45:00', 'U042'),
    ('SS0071', 'PHKS0071', 'SV006', 'U034', 'HV476', 'SOT001', TRUE, '2026-06-12 15:45:00', 'Phiên làm khảo sát', TRUE, '2026-06-12 15:45:00', '2026-06-12 15:45:00', 'U034'),
    ('SS0072', 'PHKS0072', 'SV007', 'U084', 'HV244', 'SOT001', FALSE, NULL, 'Phiên làm khảo sát', TRUE, '2026-06-12 15:45:00', '2026-06-12 15:45:00', 'U084'),
    ('SS0073', 'PHKS0073', 'SV003', 'U048', 'HV060', 'SOT001', TRUE, '2026-06-12 15:45:00', 'Phiên làm khảo sát', TRUE, '2026-06-12 15:45:00', '2026-06-12 15:45:00', 'U048'),
    ('SS0074', 'PHKS0074', 'SV002', 'U044', 'HV108', 'SOT001', TRUE, '2026-06-12 15:45:00', 'Phiên làm khảo sát', TRUE, '2026-06-12 15:45:00', '2026-06-12 15:45:00', 'U044'),
    ('SS0075', 'PHKS0075', 'SV015', 'U002', 'HV320', 'SOT001', FALSE, NULL, 'Phiên làm khảo sát', TRUE, '2026-06-12 15:45:00', '2026-06-12 15:45:00', 'U002'),
    ('SS0076', 'PHKS0076', 'SV014', 'U068', 'HV123', 'SOT001', TRUE, '2026-06-12 15:45:00', 'Phiên làm khảo sát', TRUE, '2026-06-12 15:45:00', '2026-06-12 15:45:00', 'U068'),
    ('SS0077', 'PHKS0077', 'SV013', 'U083', 'HV451', 'SOT001', TRUE, '2026-06-12 15:45:00', 'Phiên làm khảo sát', TRUE, '2026-06-12 15:45:00', '2026-06-12 15:45:00', 'U083'),
    ('SS0078', 'PHKS0078', 'SV011', 'U006', 'HV466', 'SOT001', FALSE, NULL, 'Phiên làm khảo sát', TRUE, '2026-06-12 15:45:00', '2026-06-12 15:45:00', 'U006'),
    ('SS0079', 'PHKS0079', 'SV004', 'U080', 'HV233', 'SOT001', TRUE, '2026-06-12 15:45:00', 'Phiên làm khảo sát', TRUE, '2026-06-12 15:45:00', '2026-06-12 15:45:00', 'U080'),
    ('SS0080', 'PHKS0080', 'SV005', 'U003', 'HV069', 'SOT001', FALSE, NULL, 'Phiên làm khảo sát', TRUE, '2026-06-12 15:45:00', '2026-06-12 15:45:00', 'U003'),
    ('SS0081', 'PHKS0081', 'SV013', 'U012', 'HV099', 'SOT001', FALSE, NULL, 'Phiên làm khảo sát', TRUE, '2026-06-12 15:45:00', '2026-06-12 15:45:00', 'U012'),
    ('SS0082', 'PHKS0082', 'SV004', 'U054', 'HV129', 'SOT001', TRUE, '2026-06-12 15:45:00', 'Phiên làm khảo sát', TRUE, '2026-06-12 15:45:00', '2026-06-12 15:45:00', 'U054'),
    ('SS0083', 'PHKS0083', 'SV008', 'U033', 'HV425', 'SOT001', TRUE, '2026-06-12 15:45:00', 'Phiên làm khảo sát', TRUE, '2026-06-12 15:45:00', '2026-06-12 15:45:00', 'U033'),
    ('SS0084', 'PHKS0084', 'SV008', 'U097', 'HV328', 'SOT001', TRUE, '2026-06-12 15:45:00', 'Phiên làm khảo sát', TRUE, '2026-06-12 15:45:00', '2026-06-12 15:45:00', 'U097'),
    ('SS0085', 'PHKS0085', 'SV012', 'U019', 'HV437', 'SOT001', TRUE, '2026-06-12 15:45:00', 'Phiên làm khảo sát', TRUE, '2026-06-12 15:45:00', '2026-06-12 15:45:00', 'U019'),
    ('SS0086', 'PHKS0086', 'SV015', 'U035', 'HV349', 'SOT001', TRUE, '2026-06-12 15:45:00', 'Phiên làm khảo sát', TRUE, '2026-06-12 15:45:00', '2026-06-12 15:45:00', 'U035'),
    ('SS0087', 'PHKS0087', 'SV014', 'U040', 'HV333', 'SOT001', TRUE, '2026-06-12 15:45:00', 'Phiên làm khảo sát', TRUE, '2026-06-12 15:45:00', '2026-06-12 15:45:00', 'U040'),
    ('SS0088', 'PHKS0088', 'SV002', 'U099', 'HV088', 'SOT001', TRUE, '2026-06-12 15:45:00', 'Phiên làm khảo sát', TRUE, '2026-06-12 15:45:00', '2026-06-12 15:45:00', 'U099'),
    ('SS0089', 'PHKS0089', 'SV011', 'U043', 'HV317', 'SOT001', TRUE, '2026-06-12 15:45:00', 'Phiên làm khảo sát', TRUE, '2026-06-12 15:45:00', '2026-06-12 15:45:00', 'U043'),
    ('SS0090', 'PHKS0090', 'SV002', 'U038', 'HV462', 'SOT001', TRUE, '2026-06-12 15:45:00', 'Phiên làm khảo sát', TRUE, '2026-06-12 15:45:00', '2026-06-12 15:45:00', 'U038'),
    ('SS0091', 'PHKS0091', 'SV015', 'U082', 'HV397', 'SOT001', TRUE, '2026-06-12 15:45:00', 'Phiên làm khảo sát', TRUE, '2026-06-12 15:45:00', '2026-06-12 15:45:00', 'U082'),
    ('SS0092', 'PHKS0092', 'SV001', 'U045', 'HV160', 'SOT001', FALSE, NULL, 'Phiên làm khảo sát', TRUE, '2026-06-12 15:45:00', '2026-06-12 15:45:00', 'U045'),
    ('SS0093', 'PHKS0093', 'SV009', 'U018', 'HV468', 'SOT001', FALSE, NULL, 'Phiên làm khảo sát', TRUE, '2026-06-12 15:45:00', '2026-06-12 15:45:00', 'U018'),
    ('SS0094', 'PHKS0094', 'SV015', 'U017', 'HV491', 'SOT001', FALSE, NULL, 'Phiên làm khảo sát', TRUE, '2026-06-12 15:45:00', '2026-06-12 15:45:00', 'U017'),
    ('SS0095', 'PHKS0095', 'SV015', 'U073', 'HV244', 'SOT001', TRUE, '2026-06-12 15:45:00', 'Phiên làm khảo sát', TRUE, '2026-06-12 15:45:00', '2026-06-12 15:45:00', 'U073'),
    ('SS0096', 'PHKS0096', 'SV002', 'U068', 'HV293', 'SOT001', FALSE, NULL, 'Phiên làm khảo sát', TRUE, '2026-06-12 15:45:00', '2026-06-12 15:45:00', 'U068'),
    ('SS0097', 'PHKS0097', 'SV012', 'U057', 'HV064', 'SOT001', TRUE, '2026-06-12 15:45:00', 'Phiên làm khảo sát', TRUE, '2026-06-12 15:45:00', '2026-06-12 15:45:00', 'U057'),
    ('SS0098', 'PHKS0098', 'SV005', 'U052', 'HV070', 'SOT001', TRUE, '2026-06-12 15:45:00', 'Phiên làm khảo sát', TRUE, '2026-06-12 15:45:00', '2026-06-12 15:45:00', 'U052'),
    ('SS0099', 'PHKS0099', 'SV006', 'U083', 'HV456', 'SOT001', TRUE, '2026-06-12 15:45:00', 'Phiên làm khảo sát', TRUE, '2026-06-12 15:45:00', '2026-06-12 15:45:00', 'U083'),
    ('SS0100', 'PHKS0100', 'SV008', 'U032', 'HV181', 'SOT001', TRUE, '2026-06-12 15:45:00', 'Phiên làm khảo sát', TRUE, '2026-06-12 15:45:00', '2026-06-12 15:45:00', 'U032'),
    ('SS0101', 'PHKS0101', 'SV015', 'U079', 'HV272', 'SOT001', FALSE, NULL, 'Phiên làm khảo sát', TRUE, '2026-06-12 15:45:00', '2026-06-12 15:45:00', 'U079'),
    ('SS0102', 'PHKS0102', 'SV005', 'U079', 'HV119', 'SOT001', TRUE, '2026-06-12 15:45:00', 'Phiên làm khảo sát', TRUE, '2026-06-12 15:45:00', '2026-06-12 15:45:00', 'U079'),
    ('SS0103', 'PHKS0103', 'SV011', 'U026', 'HV245', 'SOT001', TRUE, '2026-06-12 15:45:00', 'Phiên làm khảo sát', TRUE, '2026-06-12 15:45:00', '2026-06-12 15:45:00', 'U026'),
    ('SS0104', 'PHKS0104', 'SV015', 'U100', 'HV088', 'SOT001', TRUE, '2026-06-12 15:45:00', 'Phiên làm khảo sát', TRUE, '2026-06-12 15:45:00', '2026-06-12 15:45:00', 'U100'),
    ('SS0105', 'PHKS0105', 'SV005', 'U085', 'HV295', 'SOT001', FALSE, NULL, 'Phiên làm khảo sát', TRUE, '2026-06-12 15:45:00', '2026-06-12 15:45:00', 'U085'),
    ('SS0106', 'PHKS0106', 'SV007', 'U083', 'HV076', 'SOT001', TRUE, '2026-06-12 15:45:00', 'Phiên làm khảo sát', TRUE, '2026-06-12 15:45:00', '2026-06-12 15:45:00', 'U083'),
    ('SS0107', 'PHKS0107', 'SV002', 'U092', 'HV494', 'SOT001', FALSE, NULL, 'Phiên làm khảo sát', TRUE, '2026-06-12 15:45:00', '2026-06-12 15:45:00', 'U092'),
    ('SS0108', 'PHKS0108', 'SV013', 'U012', 'HV457', 'SOT001', TRUE, '2026-06-12 15:45:00', 'Phiên làm khảo sát', TRUE, '2026-06-12 15:45:00', '2026-06-12 15:45:00', 'U012'),
    ('SS0109', 'PHKS0109', 'SV005', 'U085', 'HV181', 'SOT001', TRUE, '2026-06-12 15:45:00', 'Phiên làm khảo sát', TRUE, '2026-06-12 15:45:00', '2026-06-12 15:45:00', 'U085'),
    ('SS0110', 'PHKS0110', 'SV013', 'U058', 'HV255', 'SOT001', TRUE, '2026-06-12 15:45:00', 'Phiên làm khảo sát', TRUE, '2026-06-12 15:45:00', '2026-06-12 15:45:00', 'U058'),
    ('SS0111', 'PHKS0111', 'SV013', 'U096', 'HV106', 'SOT001', TRUE, '2026-06-12 15:45:00', 'Phiên làm khảo sát', TRUE, '2026-06-12 15:45:00', '2026-06-12 15:45:00', 'U096'),
    ('SS0112', 'PHKS0112', 'SV013', 'U001', 'HV072', 'SOT001', FALSE, NULL, 'Phiên làm khảo sát', TRUE, '2026-06-12 15:45:00', '2026-06-12 15:45:00', 'U001'),
    ('SS0113', 'PHKS0113', 'SV014', 'U071', 'HV063', 'SOT001', TRUE, '2026-06-12 15:45:00', 'Phiên làm khảo sát', TRUE, '2026-06-12 15:45:00', '2026-06-12 15:45:00', 'U071'),
    ('SS0114', 'PHKS0114', 'SV012', 'U051', 'HV193', 'SOT001', TRUE, '2026-06-12 15:45:00', 'Phiên làm khảo sát', TRUE, '2026-06-12 15:45:00', '2026-06-12 15:45:00', 'U051'),
    ('SS0115', 'PHKS0115', 'SV006', 'U015', 'HV471', 'SOT001', TRUE, '2026-06-12 15:45:00', 'Phiên làm khảo sát', TRUE, '2026-06-12 15:45:00', '2026-06-12 15:45:00', 'U015'),
    ('SS0116', 'PHKS0116', 'SV010', 'U018', 'HV127', 'SOT001', TRUE, '2026-06-12 15:45:00', 'Phiên làm khảo sát', TRUE, '2026-06-12 15:45:00', '2026-06-12 15:45:00', 'U018'),
    ('SS0117', 'PHKS0117', 'SV006', 'U040', 'HV102', 'SOT001', TRUE, '2026-06-12 15:45:00', 'Phiên làm khảo sát', TRUE, '2026-06-12 15:45:00', '2026-06-12 15:45:00', 'U040'),
    ('SS0118', 'PHKS0118', 'SV005', 'U008', 'HV378', 'SOT001', FALSE, NULL, 'Phiên làm khảo sát', TRUE, '2026-06-12 15:45:00', '2026-06-12 15:45:00', 'U008'),
    ('SS0119', 'PHKS0119', 'SV003', 'U056', 'HV462', 'SOT001', TRUE, '2026-06-12 15:45:00', 'Phiên làm khảo sát', TRUE, '2026-06-12 15:45:00', '2026-06-12 15:45:00', 'U056'),
    ('SS0120', 'PHKS0120', 'SV002', 'U089', 'HV073', 'SOT001', TRUE, '2026-06-12 15:45:00', 'Phiên làm khảo sát', TRUE, '2026-06-12 15:45:00', '2026-06-12 15:45:00', 'U089'),
    ('SS0121', 'PHKS0121', 'SV009', 'U071', 'HV493', 'SOT001', TRUE, '2026-06-12 15:45:00', 'Phiên làm khảo sát', TRUE, '2026-06-12 15:45:00', '2026-06-12 15:45:00', 'U071'),
    ('SS0122', 'PHKS0122', 'SV012', 'U028', 'HV151', 'SOT001', TRUE, '2026-06-12 15:45:00', 'Phiên làm khảo sát', TRUE, '2026-06-12 15:45:00', '2026-06-12 15:45:00', 'U028'),
    ('SS0123', 'PHKS0123', 'SV005', 'U054', 'HV109', 'SOT001', TRUE, '2026-06-12 15:45:00', 'Phiên làm khảo sát', TRUE, '2026-06-12 15:45:00', '2026-06-12 15:45:00', 'U054'),
    ('SS0124', 'PHKS0124', 'SV005', 'U007', 'HV451', 'SOT001', FALSE, NULL, 'Phiên làm khảo sát', TRUE, '2026-06-12 15:45:00', '2026-06-12 15:45:00', 'U007'),
    ('SS0125', 'PHKS0125', 'SV009', 'U068', 'HV141', 'SOT001', TRUE, '2026-06-12 15:45:00', 'Phiên làm khảo sát', TRUE, '2026-06-12 15:45:00', '2026-06-12 15:45:00', 'U068'),
    ('SS0126', 'PHKS0126', 'SV003', 'U068', 'HV466', 'SOT001', TRUE, '2026-06-12 15:45:00', 'Phiên làm khảo sát', TRUE, '2026-06-12 15:45:00', '2026-06-12 15:45:00', 'U068'),
    ('SS0127', 'PHKS0127', 'SV015', 'U056', 'HV342', 'SOT001', TRUE, '2026-06-12 15:45:00', 'Phiên làm khảo sát', TRUE, '2026-06-12 15:45:00', '2026-06-12 15:45:00', 'U056'),
    ('SS0128', 'PHKS0128', 'SV005', 'U090', 'HV290', 'SOT001', TRUE, '2026-06-12 15:45:00', 'Phiên làm khảo sát', TRUE, '2026-06-12 15:45:00', '2026-06-12 15:45:00', 'U090'),
    ('SS0129', 'PHKS0129', 'SV008', 'U080', 'HV254', 'SOT001', TRUE, '2026-06-12 15:45:00', 'Phiên làm khảo sát', TRUE, '2026-06-12 15:45:00', '2026-06-12 15:45:00', 'U080'),
    ('SS0130', 'PHKS0130', 'SV005', 'U099', 'HV239', 'SOT001', TRUE, '2026-06-12 15:45:00', 'Phiên làm khảo sát', TRUE, '2026-06-12 15:45:00', '2026-06-12 15:45:00', 'U099'),
    ('SS0131', 'PHKS0131', 'SV012', 'U053', 'HV379', 'SOT001', TRUE, '2026-06-12 15:45:00', 'Phiên làm khảo sát', TRUE, '2026-06-12 15:45:00', '2026-06-12 15:45:00', 'U053'),
    ('SS0132', 'PHKS0132', 'SV010', 'U068', 'HV055', 'SOT001', FALSE, NULL, 'Phiên làm khảo sát', TRUE, '2026-06-12 15:45:00', '2026-06-12 15:45:00', 'U068'),
    ('SS0133', 'PHKS0133', 'SV001', 'U071', 'HV146', 'SOT001', TRUE, '2026-06-12 15:45:00', 'Phiên làm khảo sát', TRUE, '2026-06-12 15:45:00', '2026-06-12 15:45:00', 'U071'),
    ('SS0134', 'PHKS0134', 'SV006', 'U002', 'HV092', 'SOT001', TRUE, '2026-06-12 15:45:00', 'Phiên làm khảo sát', TRUE, '2026-06-12 15:45:00', '2026-06-12 15:45:00', 'U002'),
    ('SS0135', 'PHKS0135', 'SV003', 'U088', 'HV244', 'SOT001', FALSE, NULL, 'Phiên làm khảo sát', TRUE, '2026-06-12 15:45:00', '2026-06-12 15:45:00', 'U088'),
    ('SS0136', 'PHKS0136', 'SV007', 'U036', 'HV149', 'SOT001', FALSE, NULL, 'Phiên làm khảo sát', TRUE, '2026-06-12 15:45:00', '2026-06-12 15:45:00', 'U036'),
    ('SS0137', 'PHKS0137', 'SV010', 'U095', 'HV351', 'SOT001', FALSE, NULL, 'Phiên làm khảo sát', TRUE, '2026-06-12 15:45:00', '2026-06-12 15:45:00', 'U095'),
    ('SS0138', 'PHKS0138', 'SV014', 'U083', 'HV324', 'SOT001', TRUE, '2026-06-12 15:45:00', 'Phiên làm khảo sát', TRUE, '2026-06-12 15:45:00', '2026-06-12 15:45:00', 'U083'),
    ('SS0139', 'PHKS0139', 'SV003', 'U096', 'HV254', 'SOT001', TRUE, '2026-06-12 15:45:00', 'Phiên làm khảo sát', TRUE, '2026-06-12 15:45:00', '2026-06-12 15:45:00', 'U096'),
    ('SS0140', 'PHKS0140', 'SV013', 'U064', 'HV247', 'SOT001', TRUE, '2026-06-12 15:45:00', 'Phiên làm khảo sát', TRUE, '2026-06-12 15:45:00', '2026-06-12 15:45:00', 'U064'),
    ('SS0141', 'PHKS0141', 'SV007', 'U049', 'HV159', 'SOT001', TRUE, '2026-06-12 15:45:00', 'Phiên làm khảo sát', TRUE, '2026-06-12 15:45:00', '2026-06-12 15:45:00', 'U049'),
    ('SS0142', 'PHKS0142', 'SV002', 'U012', 'HV287', 'SOT001', FALSE, NULL, 'Phiên làm khảo sát', TRUE, '2026-06-12 15:45:00', '2026-06-12 15:45:00', 'U012'),
    ('SS0143', 'PHKS0143', 'SV006', 'U077', 'HV251', 'SOT001', TRUE, '2026-06-12 15:45:00', 'Phiên làm khảo sát', TRUE, '2026-06-12 15:45:00', '2026-06-12 15:45:00', 'U077'),
    ('SS0144', 'PHKS0144', 'SV015', 'U044', 'HV389', 'SOT001', TRUE, '2026-06-12 15:45:00', 'Phiên làm khảo sát', TRUE, '2026-06-12 15:45:00', '2026-06-12 15:45:00', 'U044'),
    ('SS0145', 'PHKS0145', 'SV011', 'U007', 'HV322', 'SOT001', TRUE, '2026-06-12 15:45:00', 'Phiên làm khảo sát', TRUE, '2026-06-12 15:45:00', '2026-06-12 15:45:00', 'U007'),
    ('SS0146', 'PHKS0146', 'SV013', 'U036', 'HV287', 'SOT001', FALSE, NULL, 'Phiên làm khảo sát', TRUE, '2026-06-12 15:45:00', '2026-06-12 15:45:00', 'U036'),
    ('SS0147', 'PHKS0147', 'SV013', 'U066', 'HV148', 'SOT001', TRUE, '2026-06-12 15:45:00', 'Phiên làm khảo sát', TRUE, '2026-06-12 15:45:00', '2026-06-12 15:45:00', 'U066'),
    ('SS0148', 'PHKS0148', 'SV007', 'U076', 'HV482', 'SOT001', TRUE, '2026-06-12 15:45:00', 'Phiên làm khảo sát', TRUE, '2026-06-12 15:45:00', '2026-06-12 15:45:00', 'U076'),
    ('SS0149', 'PHKS0149', 'SV004', 'U047', 'HV189', 'SOT001', FALSE, NULL, 'Phiên làm khảo sát', TRUE, '2026-06-12 15:45:00', '2026-06-12 15:45:00', 'U047'),
    ('SS0150', 'PHKS0150', 'SV015', 'U055', 'HV193', 'SOT001', TRUE, '2026-06-12 15:45:00', 'Phiên làm khảo sát', TRUE, '2026-06-12 15:45:00', '2026-06-12 15:45:00', 'U055'),
    ('SS0151', 'PHKS0151', 'SV001', 'U063', 'HV405', 'SOT001', TRUE, '2026-06-12 15:45:00', 'Phiên làm khảo sát', TRUE, '2026-06-12 15:45:00', '2026-06-12 15:45:00', 'U063'),
    ('SS0152', 'PHKS0152', 'SV007', 'U040', 'HV166', 'SOT001', TRUE, '2026-06-12 15:45:00', 'Phiên làm khảo sát', TRUE, '2026-06-12 15:45:00', '2026-06-12 15:45:00', 'U040'),
    ('SS0153', 'PHKS0153', 'SV001', 'U007', 'HV236', 'SOT001', TRUE, '2026-06-12 15:45:00', 'Phiên làm khảo sát', TRUE, '2026-06-12 15:45:00', '2026-06-12 15:45:00', 'U007'),
    ('SS0154', 'PHKS0154', 'SV008', 'U038', 'HV116', 'SOT001', TRUE, '2026-06-12 15:45:00', 'Phiên làm khảo sát', TRUE, '2026-06-12 15:45:00', '2026-06-12 15:45:00', 'U038'),
    ('SS0155', 'PHKS0155', 'SV008', 'U016', 'HV259', 'SOT001', TRUE, '2026-06-12 15:45:00', 'Phiên làm khảo sát', TRUE, '2026-06-12 15:45:00', '2026-06-12 15:45:00', 'U016'),
    ('SS0156', 'PHKS0156', 'SV007', 'U074', 'HV116', 'SOT001', TRUE, '2026-06-12 15:45:00', 'Phiên làm khảo sát', TRUE, '2026-06-12 15:45:00', '2026-06-12 15:45:00', 'U074'),
    ('SS0157', 'PHKS0157', 'SV013', 'U083', 'HV010', 'SOT001', TRUE, '2026-06-12 15:45:00', 'Phiên làm khảo sát', TRUE, '2026-06-12 15:45:00', '2026-06-12 15:45:00', 'U083'),
    ('SS0158', 'PHKS0158', 'SV014', 'U002', 'HV152', 'SOT001', TRUE, '2026-06-12 15:45:00', 'Phiên làm khảo sát', TRUE, '2026-06-12 15:45:00', '2026-06-12 15:45:00', 'U002'),
    ('SS0159', 'PHKS0159', 'SV002', 'U030', 'HV456', 'SOT001', TRUE, '2026-06-12 15:45:00', 'Phiên làm khảo sát', TRUE, '2026-06-12 15:45:00', '2026-06-12 15:45:00', 'U030'),
    ('SS0160', 'PHKS0160', 'SV012', 'U012', 'HV352', 'SOT001', TRUE, '2026-06-12 15:45:00', 'Phiên làm khảo sát', TRUE, '2026-06-12 15:45:00', '2026-06-12 15:45:00', 'U012'),
    ('SS0161', 'PHKS0161', 'SV012', 'U085', 'HV153', 'SOT001', TRUE, '2026-06-12 15:45:00', 'Phiên làm khảo sát', TRUE, '2026-06-12 15:45:00', '2026-06-12 15:45:00', 'U085'),
    ('SS0162', 'PHKS0162', 'SV001', 'U031', 'HV273', 'SOT001', TRUE, '2026-06-12 15:45:00', 'Phiên làm khảo sát', TRUE, '2026-06-12 15:45:00', '2026-06-12 15:45:00', 'U031'),
    ('SS0163', 'PHKS0163', 'SV003', 'U022', 'HV057', 'SOT001', FALSE, NULL, 'Phiên làm khảo sát', TRUE, '2026-06-12 15:45:00', '2026-06-12 15:45:00', 'U022'),
    ('SS0164', 'PHKS0164', 'SV004', 'U097', 'HV394', 'SOT001', TRUE, '2026-06-12 15:45:00', 'Phiên làm khảo sát', TRUE, '2026-06-12 15:45:00', '2026-06-12 15:45:00', 'U097'),
    ('SS0165', 'PHKS0165', 'SV013', 'U091', 'HV279', 'SOT001', TRUE, '2026-06-12 15:45:00', 'Phiên làm khảo sát', TRUE, '2026-06-12 15:45:00', '2026-06-12 15:45:00', 'U091'),
    ('SS0166', 'PHKS0166', 'SV013', 'U042', 'HV493', 'SOT001', TRUE, '2026-06-12 15:45:00', 'Phiên làm khảo sát', TRUE, '2026-06-12 15:45:00', '2026-06-12 15:45:00', 'U042'),
    ('SS0167', 'PHKS0167', 'SV011', 'U033', 'HV157', 'SOT001', TRUE, '2026-06-12 15:45:00', 'Phiên làm khảo sát', TRUE, '2026-06-12 15:45:00', '2026-06-12 15:45:00', 'U033'),
    ('SS0168', 'PHKS0168', 'SV010', 'U088', 'HV351', 'SOT001', TRUE, '2026-06-12 15:45:00', 'Phiên làm khảo sát', TRUE, '2026-06-12 15:45:00', '2026-06-12 15:45:00', 'U088'),
    ('SS0169', 'PHKS0169', 'SV015', 'U064', 'HV331', 'SOT001', TRUE, '2026-06-12 15:45:00', 'Phiên làm khảo sát', TRUE, '2026-06-12 15:45:00', '2026-06-12 15:45:00', 'U064'),
    ('SS0170', 'PHKS0170', 'SV001', 'U086', 'HV249', 'SOT001', TRUE, '2026-06-12 15:45:00', 'Phiên làm khảo sát', TRUE, '2026-06-12 15:45:00', '2026-06-12 15:45:00', 'U086'),
    ('SS0171', 'PHKS0171', 'SV009', 'U033', 'HV365', 'SOT001', TRUE, '2026-06-12 15:45:00', 'Phiên làm khảo sát', TRUE, '2026-06-12 15:45:00', '2026-06-12 15:45:00', 'U033'),
    ('SS0172', 'PHKS0172', 'SV008', 'U040', 'HV031', 'SOT001', TRUE, '2026-06-12 15:45:00', 'Phiên làm khảo sát', TRUE, '2026-06-12 15:45:00', '2026-06-12 15:45:00', 'U040'),
    ('SS0173', 'PHKS0173', 'SV008', 'U019', 'HV367', 'SOT001', TRUE, '2026-06-12 15:45:00', 'Phiên làm khảo sát', TRUE, '2026-06-12 15:45:00', '2026-06-12 15:45:00', 'U019'),
    ('SS0174', 'PHKS0174', 'SV012', 'U045', 'HV424', 'SOT001', TRUE, '2026-06-12 15:45:00', 'Phiên làm khảo sát', TRUE, '2026-06-12 15:45:00', '2026-06-12 15:45:00', 'U045'),
    ('SS0175', 'PHKS0175', 'SV015', 'U062', 'HV234', 'SOT001', TRUE, '2026-06-12 15:45:00', 'Phiên làm khảo sát', TRUE, '2026-06-12 15:45:00', '2026-06-12 15:45:00', 'U062'),
    ('SS0176', 'PHKS0176', 'SV002', 'U081', 'HV034', 'SOT001', TRUE, '2026-06-12 15:45:00', 'Phiên làm khảo sát', TRUE, '2026-06-12 15:45:00', '2026-06-12 15:45:00', 'U081'),
    ('SS0177', 'PHKS0177', 'SV003', 'U090', 'HV038', 'SOT001', TRUE, '2026-06-12 15:45:00', 'Phiên làm khảo sát', TRUE, '2026-06-12 15:45:00', '2026-06-12 15:45:00', 'U090'),
    ('SS0178', 'PHKS0178', 'SV007', 'U043', 'HV178', 'SOT001', TRUE, '2026-06-12 15:45:00', 'Phiên làm khảo sát', TRUE, '2026-06-12 15:45:00', '2026-06-12 15:45:00', 'U043'),
    ('SS0179', 'PHKS0179', 'SV010', 'U096', 'HV208', 'SOT001', TRUE, '2026-06-12 15:45:00', 'Phiên làm khảo sát', TRUE, '2026-06-12 15:45:00', '2026-06-12 15:45:00', 'U096'),
    ('SS0180', 'PHKS0180', 'SV002', 'U081', 'HV385', 'SOT001', TRUE, '2026-06-12 15:45:00', 'Phiên làm khảo sát', TRUE, '2026-06-12 15:45:00', '2026-06-12 15:45:00', 'U081');

INSERT INTO survey_answers (id, survey_session_id, survey_question_id, rating_value, choice_value, text_value, created_at) VALUES
    (1, 'SS0001', 'SQ041', 1, NULL, NULL, '2026-06-12 15:45:00'),
    (2, 'SS0001', 'SQ050', 1, NULL, NULL, '2026-06-12 15:45:00'),
    (3, 'SS0001', 'SQ042', NULL, 'C', NULL, '2026-06-12 15:45:00'),
    (4, 'SS0001', 'SQ027', NULL, 'B', NULL, '2026-06-12 15:45:00'),
    (5, 'SS0001', 'SQ047', NULL, NULL, 'Đúng với đó cũng tự trong nhưng hơn tôi với thì vậy để của thế.', '2026-06-12 15:45:00'),
    (6, 'SS0001', 'SQ056', 2, NULL, NULL, '2026-06-12 15:45:00'),
    (7, 'SS0001', 'SQ054', NULL, 'A', NULL, '2026-06-12 15:45:00'),
    (8, 'SS0001', 'SQ030', 2, NULL, NULL, '2026-06-12 15:45:00'),
    (9, 'SS0001', 'SQ021', 4, NULL, NULL, '2026-06-12 15:45:00'),
    (10, 'SS0001', 'SQ024', NULL, NULL, 'Thế thay sau đến này từ cho dưới nếu để cách được với được khiến như.', '2026-06-12 15:45:00'),
    (11, 'SS0001', 'SQ014', NULL, NULL, 'Của mà tôi bên thay vậy khi.', '2026-06-12 15:45:00'),
    (12, 'SS0001', 'SQ043', 1, NULL, NULL, '2026-06-12 15:45:00'),
    (13, 'SS0001', 'SQ017', NULL, 'B', NULL, '2026-06-12 15:45:00'),
    (14, 'SS0001', 'SQ038', NULL, 'B', NULL, '2026-06-12 15:45:00'),
    (15, 'SS0001', 'SQ011', NULL, 'A', NULL, '2026-06-12 15:45:00'),
    (16, 'SS0002', 'SQ027', NULL, 'C', NULL, '2026-06-12 15:45:00'),
    (17, 'SS0002', 'SQ058', NULL, 'A', NULL, '2026-06-12 15:45:00'),
    (18, 'SS0002', 'SQ023', NULL, NULL, 'Trong từ điều mỗi đến được hơn và làm tôi một trong.', '2026-06-12 15:45:00'),
    (19, 'SS0002', 'SQ038', NULL, 'C', NULL, '2026-06-12 15:45:00'),
    (20, 'SS0002', 'SQ017', NULL, 'B', NULL, '2026-06-12 15:45:00'),
    (21, 'SS0002', 'SQ016', NULL, NULL, 'Vì với vẫn hơn đúng vì cũng tôi.', '2026-06-12 15:45:00'),
    (22, 'SS0002', 'SQ054', NULL, 'C', NULL, '2026-06-12 15:45:00'),
    (23, 'SS0002', 'SQ020', 4, NULL, NULL, '2026-06-12 15:45:00'),
    (24, 'SS0002', 'SQ028', NULL, 'C', NULL, '2026-06-12 15:45:00'),
    (25, 'SS0002', 'SQ001', NULL, NULL, 'Cũng tôi đúng gần như là bạn vài tự.', '2026-06-12 15:45:00'),
    (26, 'SS0002', 'SQ015', NULL, 'C', NULL, '2026-06-12 15:45:00'),
    (27, 'SS0003', 'SQ019', NULL, 'C', NULL, '2026-06-12 15:45:00'),
    (28, 'SS0003', 'SQ032', NULL, 'A', NULL, '2026-06-12 15:45:00'),
    (29, 'SS0003', 'SQ034', 2, NULL, NULL, '2026-06-12 15:45:00'),
    (30, 'SS0003', 'SQ021', 1, NULL, NULL, '2026-06-12 15:45:00'),
    (31, 'SS0003', 'SQ038', NULL, 'C', NULL, '2026-06-12 15:45:00'),
    (32, 'SS0003', 'SQ005', 1, NULL, NULL, '2026-06-12 15:45:00'),
    (33, 'SS0003', 'SQ055', NULL, 'B', NULL, '2026-06-12 15:45:00'),
    (34, 'SS0003', 'SQ052', 5, NULL, NULL, '2026-06-12 15:45:00'),
    (35, 'SS0003', 'SQ004', NULL, 'C', NULL, '2026-06-12 15:45:00'),
    (36, 'SS0003', 'SQ045', NULL, 'A', NULL, '2026-06-12 15:45:00'),
    (37, 'SS0004', 'SQ014', NULL, NULL, 'Rất gần đang với thay các trong số từ và nhiều bạn một mà cũng sẽ.', '2026-06-12 15:45:00'),
    (38, 'SS0004', 'SQ039', NULL, NULL, 'Tự từng trong có để làm cho.', '2026-06-12 15:45:00'),
    (39, 'SS0004', 'SQ031', NULL, NULL, 'Chỉ cũng vài có chưa để được cách như cho khiến là người gần bạn.', '2026-06-12 15:45:00'),
    (40, 'SS0004', 'SQ059', NULL, 'D', NULL, '2026-06-12 15:45:00'),
    (41, 'SS0004', 'SQ001', NULL, NULL, 'Của số có khi như là khi cho tại từng lớn nhiều là.', '2026-06-12 15:45:00'),
    (42, 'SS0004', 'SQ026', NULL, 'C', NULL, '2026-06-12 15:45:00'),
    (43, 'SS0004', 'SQ009', NULL, 'A', NULL, '2026-06-12 15:45:00'),
    (44, 'SS0004', 'SQ050', 5, NULL, NULL, '2026-06-12 15:45:00'),
    (45, 'SS0004', 'SQ012', 1, NULL, NULL, '2026-06-12 15:45:00'),
    (46, 'SS0004', 'SQ036', NULL, NULL, 'Của sẽ tự bạn để về tôi với.', '2026-06-12 15:45:00'),
    (47, 'SS0004', 'SQ058', NULL, 'A', NULL, '2026-06-12 15:45:00'),
    (48, 'SS0004', 'SQ027', NULL, 'D', NULL, '2026-06-12 15:45:00'),
    (49, 'SS0004', 'SQ022', NULL, NULL, 'Của các có sẽ bên không thay sau được trong.', '2026-06-12 15:45:00'),
    (50, 'SS0005', 'SQ044', NULL, 'A', NULL, '2026-06-12 15:45:00'),
    (51, 'SS0005', 'SQ060', NULL, 'A', NULL, '2026-06-12 15:45:00'),
    (52, 'SS0005', 'SQ005', 3, NULL, NULL, '2026-06-12 15:45:00'),
    (53, 'SS0005', 'SQ046', NULL, 'B', NULL, '2026-06-12 15:45:00'),
    (54, 'SS0005', 'SQ019', NULL, 'D', NULL, '2026-06-12 15:45:00'),
    (55, 'SS0005', 'SQ003', 4, NULL, NULL, '2026-06-12 15:45:00'),
    (56, 'SS0005', 'SQ016', NULL, NULL, 'Như được nhưng chưa cũng này đi về số như sẽ các đến.', '2026-06-12 15:45:00'),
    (57, 'SS0005', 'SQ057', NULL, 'A', NULL, '2026-06-12 15:45:00'),
    (58, 'SS0005', 'SQ027', NULL, 'D', NULL, '2026-06-12 15:45:00'),
    (59, 'SS0005', 'SQ026', NULL, 'A', NULL, '2026-06-12 15:45:00'),
    (60, 'SS0005', 'SQ012', 1, NULL, NULL, '2026-06-12 15:45:00'),
    (61, 'SS0005', 'SQ015', NULL, 'B', NULL, '2026-06-12 15:45:00'),
    (62, 'SS0005', 'SQ025', NULL, NULL, 'Đó thì từng số tự hơn một tự tự.', '2026-06-12 15:45:00'),
    (63, 'SS0005', 'SQ029', NULL, 'B', NULL, '2026-06-12 15:45:00'),
    (64, 'SS0006', 'SQ014', NULL, NULL, 'Cũng bên cách từ nếu nào thế đúng như làm như.', '2026-06-12 15:45:00'),
    (65, 'SS0006', 'SQ047', NULL, NULL, 'Nếu với vẫn vì như đã đã trong đang rất thì nơi.', '2026-06-12 15:45:00'),
    (66, 'SS0006', 'SQ050', 2, NULL, NULL, '2026-06-12 15:45:00'),
    (67, 'SS0006', 'SQ007', NULL, NULL, 'Này chưa trong tại vẫn vẫn thì.', '2026-06-12 15:45:00'),
    (68, 'SS0006', 'SQ037', NULL, 'D', NULL, '2026-06-12 15:45:00'),
    (69, 'SS0006', 'SQ022', NULL, NULL, 'Trong vì để hơn từ và rất có thế mà sau từ.', '2026-06-12 15:45:00'),
    (70, 'SS0006', 'SQ029', NULL, 'B', NULL, '2026-06-12 15:45:00'),
    (71, 'SS0006', 'SQ051', NULL, NULL, 'Từng dưới có người có đến điều nếu sẽ từ với đã.', '2026-06-12 15:45:00'),
    (72, 'SS0007', 'SQ051', NULL, NULL, 'Vài khi vì đang đúng từ cũng từng cái.', '2026-06-12 15:45:00'),
    (73, 'SS0007', 'SQ056', 5, NULL, NULL, '2026-06-12 15:45:00'),
    (74, 'SS0007', 'SQ032', NULL, 'A', NULL, '2026-06-12 15:45:00'),
    (75, 'SS0007', 'SQ033', NULL, 'A', NULL, '2026-06-12 15:45:00'),
    (76, 'SS0007', 'SQ048', NULL, 'A', NULL, '2026-06-12 15:45:00'),
    (77, 'SS0007', 'SQ054', NULL, 'A', NULL, '2026-06-12 15:45:00'),
    (78, 'SS0007', 'SQ039', NULL, NULL, 'Để thay rất với như một với mỗi với cũng trong chỉ.', '2026-06-12 15:45:00'),
    (79, 'SS0007', 'SQ038', NULL, 'D', NULL, '2026-06-12 15:45:00'),
    (80, 'SS0008', 'SQ051', NULL, NULL, 'Thế tại cách đã đúng lớn vài thay để chỉ cái vì các.', '2026-06-12 15:45:00'),
    (81, 'SS0008', 'SQ006', 2, NULL, NULL, '2026-06-12 15:45:00'),
    (82, 'SS0008', 'SQ035', 5, NULL, NULL, '2026-06-12 15:45:00'),
    (83, 'SS0008', 'SQ007', NULL, NULL, 'Nhưng rất vậy làm để mỗi về nào về sau vậy bên.', '2026-06-12 15:45:00'),
    (84, 'SS0008', 'SQ016', NULL, NULL, 'Đúng một đi hoặc như đó như này rất.', '2026-06-12 15:45:00'),
    (85, 'SS0008', 'SQ027', NULL, 'C', NULL, '2026-06-12 15:45:00'),
    (86, 'SS0008', 'SQ048', NULL, 'C', NULL, '2026-06-12 15:45:00'),
    (87, 'SS0008', 'SQ045', NULL, 'A', NULL, '2026-06-12 15:45:00'),
    (88, 'SS0008', 'SQ017', NULL, 'A', NULL, '2026-06-12 15:45:00'),
    (89, 'SS0009', 'SQ027', NULL, 'A', NULL, '2026-06-12 15:45:00'),
    (90, 'SS0009', 'SQ009', NULL, 'A', NULL, '2026-06-12 15:45:00'),
    (91, 'SS0009', 'SQ001', NULL, NULL, 'Như hơn cũng có đi giống sau tại khiến số.', '2026-06-12 15:45:00'),
    (92, 'SS0009', 'SQ021', 1, NULL, NULL, '2026-06-12 15:45:00'),
    (93, 'SS0009', 'SQ005', 5, NULL, NULL, '2026-06-12 15:45:00'),
    (94, 'SS0009', 'SQ006', 4, NULL, NULL, '2026-06-12 15:45:00'),
    (95, 'SS0009', 'SQ013', 5, NULL, NULL, '2026-06-12 15:45:00'),
    (96, 'SS0009', 'SQ016', NULL, NULL, 'Cái cách bên lớn đó hơn về để một mỗi chỉ một cho này gần.', '2026-06-12 15:45:00'),
    (97, 'SS0009', 'SQ015', NULL, 'B', NULL, '2026-06-12 15:45:00'),
    (98, 'SS0009', 'SQ038', NULL, 'D', NULL, '2026-06-12 15:45:00'),
    (99, 'SS0010', 'SQ050', 3, NULL, NULL, '2026-06-12 15:45:00'),
    (100, 'SS0010', 'SQ014', NULL, NULL, 'Làm tự tự từ một thì này thế.', '2026-06-12 15:45:00'),
    (101, 'SS0010', 'SQ035', 3, NULL, NULL, '2026-06-12 15:45:00'),
    (102, 'SS0010', 'SQ015', NULL, 'C', NULL, '2026-06-12 15:45:00'),
    (103, 'SS0010', 'SQ020', 1, NULL, NULL, '2026-06-12 15:45:00'),
    (104, 'SS0010', 'SQ023', NULL, NULL, 'Đang của từ như các mỗi có của đi của điều hoặc như không nhưng.', '2026-06-12 15:45:00'),
    (105, 'SS0010', 'SQ059', NULL, 'C', NULL, '2026-06-12 15:45:00'),
    (106, 'SS0010', 'SQ016', NULL, NULL, 'Từ cách vì không hoặc như điều thế nhiều vì là vẫn sau.', '2026-06-12 15:45:00'),
    (107, 'SS0011', 'SQ008', 3, NULL, NULL, '2026-06-12 15:45:00'),
    (108, 'SS0011', 'SQ016', NULL, NULL, 'Hơn nơi cho như khi có này.', '2026-06-12 15:45:00'),
    (109, 'SS0011', 'SQ024', NULL, NULL, 'Tự để chưa gần chỉ chỉ đến mỗi từ của sẽ đã giống với.', '2026-06-12 15:45:00'),
    (110, 'SS0011', 'SQ025', NULL, NULL, 'Rất làm với vài và với này dưới thế để.', '2026-06-12 15:45:00'),
    (111, 'SS0011', 'SQ019', NULL, 'A', NULL, '2026-06-12 15:45:00'),
    (112, 'SS0011', 'SQ003', 5, NULL, NULL, '2026-06-12 15:45:00'),
    (113, 'SS0011', 'SQ047', NULL, NULL, 'Nếu một đang tôi chưa hoặc của tôi mà tôi hơn.', '2026-06-12 15:45:00'),
    (114, 'SS0011', 'SQ052', 4, NULL, NULL, '2026-06-12 15:45:00'),
    (115, 'SS0011', 'SQ009', NULL, 'D', NULL, '2026-06-12 15:45:00'),
    (116, 'SS0012', 'SQ043', 5, NULL, NULL, '2026-06-12 15:45:00'),
    (117, 'SS0012', 'SQ046', NULL, 'C', NULL, '2026-06-12 15:45:00'),
    (118, 'SS0012', 'SQ057', NULL, 'D', NULL, '2026-06-12 15:45:00'),
    (119, 'SS0012', 'SQ044', NULL, 'C', NULL, '2026-06-12 15:45:00'),
    (120, 'SS0012', 'SQ023', NULL, NULL, 'Cách như nếu theo thì làm đến từ được đang người nếu nhưng.', '2026-06-12 15:45:00'),
    (121, 'SS0012', 'SQ020', 2, NULL, NULL, '2026-06-12 15:45:00'),
    (122, 'SS0012', 'SQ018', NULL, 'B', NULL, '2026-06-12 15:45:00'),
    (123, 'SS0012', 'SQ008', 4, NULL, NULL, '2026-06-12 15:45:00'),
    (124, 'SS0012', 'SQ036', NULL, NULL, 'Từ không đúng giống thay tự cũng đi nơi cũng như với như như vậy.', '2026-06-12 15:45:00'),
    (125, 'SS0012', 'SQ045', NULL, 'C', NULL, '2026-06-12 15:45:00'),
    (126, 'SS0012', 'SQ050', 1, NULL, NULL, '2026-06-12 15:45:00'),
    (127, 'SS0012', 'SQ059', NULL, 'B', NULL, '2026-06-12 15:45:00'),
    (128, 'SS0012', 'SQ049', NULL, NULL, 'Làm của mà chỉ để lớn của các điều cách vì cách từ vẫn.', '2026-06-12 15:45:00'),
    (129, 'SS0012', 'SQ024', NULL, NULL, 'Giữa sẽ về chưa với để giống khi được tại tôi như khi trong.', '2026-06-12 15:45:00'),
    (130, 'SS0012', 'SQ060', NULL, 'D', NULL, '2026-06-12 15:45:00'),
    (131, 'SS0013', 'SQ003', 1, NULL, NULL, '2026-06-12 15:45:00'),
    (132, 'SS0013', 'SQ015', NULL, 'D', NULL, '2026-06-12 15:45:00'),
    (133, 'SS0013', 'SQ001', NULL, NULL, 'Của chỉ tôi được cho đó thì vài mỗi khi mà để.', '2026-06-12 15:45:00'),
    (134, 'SS0013', 'SQ040', 5, NULL, NULL, '2026-06-12 15:45:00'),
    (135, 'SS0013', 'SQ026', NULL, 'D', NULL, '2026-06-12 15:45:00'),
    (136, 'SS0013', 'SQ025', NULL, NULL, 'Một nếu theo về trong cái này vài tại cái thế cho đi đang lớn về.', '2026-06-12 15:45:00'),
    (137, 'SS0013', 'SQ014', NULL, NULL, 'Hơn cho điều khi của nhưng đúng mỗi người gần.', '2026-06-12 15:45:00'),
    (138, 'SS0013', 'SQ013', 3, NULL, NULL, '2026-06-12 15:45:00'),
    (139, 'SS0013', 'SQ021', 2, NULL, NULL, '2026-06-12 15:45:00'),
    (140, 'SS0013', 'SQ048', NULL, 'D', NULL, '2026-06-12 15:45:00'),
    (141, 'SS0013', 'SQ006', 1, NULL, NULL, '2026-06-12 15:45:00'),
    (142, 'SS0013', 'SQ046', NULL, 'A', NULL, '2026-06-12 15:45:00'),
    (143, 'SS0014', 'SQ049', NULL, NULL, 'Dưới với cho đi tại sau tự rất vậy đi.', '2026-06-12 15:45:00'),
    (144, 'SS0014', 'SQ005', 2, NULL, NULL, '2026-06-12 15:45:00'),
    (145, 'SS0014', 'SQ041', 2, NULL, NULL, '2026-06-12 15:45:00'),
    (146, 'SS0014', 'SQ031', NULL, NULL, 'Giống người để nơi mỗi sẽ số.', '2026-06-12 15:45:00'),
    (147, 'SS0014', 'SQ029', NULL, 'C', NULL, '2026-06-12 15:45:00'),
    (148, 'SS0014', 'SQ015', NULL, 'A', NULL, '2026-06-12 15:45:00'),
    (149, 'SS0014', 'SQ016', NULL, NULL, 'Từ hơn nào với tại của từng của điều này mỗi có của.', '2026-06-12 15:45:00'),
    (150, 'SS0014', 'SQ022', NULL, NULL, 'Với dưới khi cái từ mà theo.', '2026-06-12 15:45:00'),
    (151, 'SS0015', 'SQ032', NULL, 'D', NULL, '2026-06-12 15:45:00'),
    (152, 'SS0015', 'SQ031', NULL, NULL, 'Số vài lớn và trong như cũng về của cách trong khi vì.', '2026-06-12 15:45:00'),
    (153, 'SS0015', 'SQ060', NULL, 'B', NULL, '2026-06-12 15:45:00'),
    (154, 'SS0015', 'SQ048', NULL, 'D', NULL, '2026-06-12 15:45:00'),
    (155, 'SS0015', 'SQ053', NULL, NULL, 'Này nhưng này có tự cách trong không từ chưa sau cái.', '2026-06-12 15:45:00'),
    (156, 'SS0015', 'SQ002', NULL, 'D', NULL, '2026-06-12 15:45:00'),
    (157, 'SS0015', 'SQ005', 2, NULL, NULL, '2026-06-12 15:45:00'),
    (158, 'SS0015', 'SQ020', 3, NULL, NULL, '2026-06-12 15:45:00'),
    (159, 'SS0015', 'SQ051', NULL, NULL, 'Từng này chỉ tôi như rất có trong người như từ tôi tại nhưng.', '2026-06-12 15:45:00'),
    (160, 'SS0015', 'SQ046', NULL, 'B', NULL, '2026-06-12 15:45:00'),
    (161, 'SS0015', 'SQ043', 1, NULL, NULL, '2026-06-12 15:45:00'),
    (162, 'SS0015', 'SQ030', 5, NULL, NULL, '2026-06-12 15:45:00'),
    (163, 'SS0015', 'SQ049', NULL, NULL, 'Để mỗi sẽ lớn cái giữa gần.', '2026-06-12 15:45:00'),
    (164, 'SS0015', 'SQ047', NULL, NULL, 'Từ gần hơn như thì cũng của như như hơn các dưới để chỉ giữa.', '2026-06-12 15:45:00'),
    (165, 'SS0016', 'SQ044', NULL, 'A', NULL, '2026-06-12 15:45:00'),
    (166, 'SS0016', 'SQ020', 2, NULL, NULL, '2026-06-12 15:45:00'),
    (167, 'SS0016', 'SQ049', NULL, NULL, 'Nếu rất được từ số chỉ như khiến như.', '2026-06-12 15:45:00'),
    (168, 'SS0016', 'SQ035', 5, NULL, NULL, '2026-06-12 15:45:00'),
    (169, 'SS0016', 'SQ055', NULL, 'A', NULL, '2026-06-12 15:45:00'),
    (170, 'SS0016', 'SQ034', 1, NULL, NULL, '2026-06-12 15:45:00'),
    (171, 'SS0016', 'SQ045', NULL, 'C', NULL, '2026-06-12 15:45:00'),
    (172, 'SS0016', 'SQ046', NULL, 'A', NULL, '2026-06-12 15:45:00'),
    (173, 'SS0017', 'SQ045', NULL, 'D', NULL, '2026-06-12 15:45:00'),
    (174, 'SS0017', 'SQ007', NULL, NULL, 'Rất dưới của tôi cũng nếu cho có khi.', '2026-06-12 15:45:00'),
    (175, 'SS0017', 'SQ029', NULL, 'B', NULL, '2026-06-12 15:45:00'),
    (176, 'SS0017', 'SQ039', NULL, NULL, 'Có các khi cũng tự không có như lớn là nào như với dưới lớn số.', '2026-06-12 15:45:00'),
    (177, 'SS0017', 'SQ008', 3, NULL, NULL, '2026-06-12 15:45:00'),
    (178, 'SS0017', 'SQ051', NULL, NULL, 'Tôi hơn gần nhiều thế có và bạn được như.', '2026-06-12 15:45:00'),
    (179, 'SS0017', 'SQ044', NULL, 'B', NULL, '2026-06-12 15:45:00'),
    (180, 'SS0017', 'SQ027', NULL, 'D', NULL, '2026-06-12 15:45:00'),
    (181, 'SS0017', 'SQ028', NULL, 'A', NULL, '2026-06-12 15:45:00'),
    (182, 'SS0017', 'SQ033', NULL, 'D', NULL, '2026-06-12 15:45:00'),
    (183, 'SS0017', 'SQ049', NULL, NULL, 'Để một nếu và nhưng như nhiều cách hơn đang của như thay giống trong.', '2026-06-12 15:45:00'),
    (184, 'SS0017', 'SQ053', NULL, NULL, 'Dưới cũng có được cái theo như được người với tôi mà đi từ với.', '2026-06-12 15:45:00'),
    (185, 'SS0017', 'SQ035', 2, NULL, NULL, '2026-06-12 15:45:00'),
    (186, 'SS0018', 'SQ005', 3, NULL, NULL, '2026-06-12 15:45:00'),
    (187, 'SS0018', 'SQ007', NULL, NULL, 'Số cái gần hơn vẫn gần giống trong.', '2026-06-12 15:45:00'),
    (188, 'SS0018', 'SQ054', NULL, 'C', NULL, '2026-06-12 15:45:00'),
    (189, 'SS0018', 'SQ047', NULL, NULL, 'Đó thì chỉ từng với nào điều mà.', '2026-06-12 15:45:00'),
    (190, 'SS0018', 'SQ013', 5, NULL, NULL, '2026-06-12 15:45:00'),
    (191, 'SS0018', 'SQ022', NULL, NULL, 'Theo các cái giống được tự từ.', '2026-06-12 15:45:00'),
    (192, 'SS0018', 'SQ058', NULL, 'B', NULL, '2026-06-12 15:45:00'),
    (193, 'SS0018', 'SQ015', NULL, 'D', NULL, '2026-06-12 15:45:00'),
    (194, 'SS0018', 'SQ028', NULL, 'A', NULL, '2026-06-12 15:45:00'),
    (195, 'SS0019', 'SQ050', 3, NULL, NULL, '2026-06-12 15:45:00'),
    (196, 'SS0019', 'SQ028', NULL, 'C', NULL, '2026-06-12 15:45:00'),
    (197, 'SS0019', 'SQ035', 1, NULL, NULL, '2026-06-12 15:45:00'),
    (198, 'SS0019', 'SQ005', 3, NULL, NULL, '2026-06-12 15:45:00'),
    (199, 'SS0019', 'SQ021', 3, NULL, NULL, '2026-06-12 15:45:00'),
    (200, 'SS0019', 'SQ045', NULL, 'A', NULL, '2026-06-12 15:45:00'),
    (201, 'SS0019', 'SQ014', NULL, NULL, 'Hơn giống dưới với thay đến sẽ bên.', '2026-06-12 15:45:00'),
    (202, 'SS0019', 'SQ023', NULL, NULL, 'Cho bên về vậy vì chỉ các thế khiến vẫn người.', '2026-06-12 15:45:00'),
    (203, 'SS0019', 'SQ053', NULL, NULL, 'Của tại một hơn giữa và cái tự khiến.', '2026-06-12 15:45:00'),
    (204, 'SS0020', 'SQ008', 3, NULL, NULL, '2026-06-12 15:45:00'),
    (205, 'SS0020', 'SQ002', NULL, 'B', NULL, '2026-06-12 15:45:00'),
    (206, 'SS0020', 'SQ025', NULL, NULL, 'Hơn cũng rất dưới giống hơn của hơn các.', '2026-06-12 15:45:00'),
    (207, 'SS0020', 'SQ012', 2, NULL, NULL, '2026-06-12 15:45:00'),
    (208, 'SS0020', 'SQ001', NULL, NULL, 'Thay cũng và hơn nơi cũng như cách đúng để.', '2026-06-12 15:45:00'),
    (209, 'SS0020', 'SQ030', 2, NULL, NULL, '2026-06-12 15:45:00'),
    (210, 'SS0020', 'SQ005', 4, NULL, NULL, '2026-06-12 15:45:00'),
    (211, 'SS0020', 'SQ024', NULL, NULL, 'Lớn về vài thay chỉ rất giữa như một được điều hơn của.', '2026-06-12 15:45:00'),
    (212, 'SS0020', 'SQ016', NULL, NULL, 'Gần như tự một tự cho của.', '2026-06-12 15:45:00'),
    (213, 'SS0020', 'SQ027', NULL, 'A', NULL, '2026-06-12 15:45:00'),
    (214, 'SS0021', 'SQ060', NULL, 'C', NULL, '2026-06-12 15:45:00'),
    (215, 'SS0021', 'SQ030', 3, NULL, NULL, '2026-06-12 15:45:00'),
    (216, 'SS0021', 'SQ042', NULL, 'A', NULL, '2026-06-12 15:45:00'),
    (217, 'SS0021', 'SQ013', 3, NULL, NULL, '2026-06-12 15:45:00'),
    (218, 'SS0021', 'SQ025', NULL, NULL, 'Của cũng đó khi khi và nếu thế đã.', '2026-06-12 15:45:00'),
    (219, 'SS0021', 'SQ059', NULL, 'A', NULL, '2026-06-12 15:45:00'),
    (220, 'SS0021', 'SQ014', NULL, NULL, 'Và vậy có như tôi và bạn bên cũng.', '2026-06-12 15:45:00'),
    (221, 'SS0021', 'SQ047', NULL, NULL, 'Hơn có sau như có hơn bạn về từ khiến tại.', '2026-06-12 15:45:00'),
    (222, 'SS0021', 'SQ032', NULL, 'A', NULL, '2026-06-12 15:45:00'),
    (223, 'SS0021', 'SQ001', NULL, NULL, 'Sau cũng không trong sau từ để nào đúng đến cũng giữa để cái.', '2026-06-12 15:45:00'),
    (224, 'SS0021', 'SQ057', NULL, 'D', NULL, '2026-06-12 15:45:00'),
    (225, 'SS0021', 'SQ019', NULL, 'B', NULL, '2026-06-12 15:45:00'),
    (226, 'SS0021', 'SQ002', NULL, 'D', NULL, '2026-06-12 15:45:00'),
    (227, 'SS0021', 'SQ054', NULL, 'C', NULL, '2026-06-12 15:45:00'),
    (228, 'SS0021', 'SQ046', NULL, 'D', NULL, '2026-06-12 15:45:00'),
    (229, 'SS0022', 'SQ055', NULL, 'C', NULL, '2026-06-12 15:45:00'),
    (230, 'SS0022', 'SQ014', NULL, NULL, 'Trong cho bạn của đi về số đã thì như vậy có thay.', '2026-06-12 15:45:00'),
    (231, 'SS0022', 'SQ049', NULL, NULL, 'Như để cũng từ về đúng vì như rất như.', '2026-06-12 15:45:00'),
    (232, 'SS0022', 'SQ025', NULL, NULL, 'Các khi rất như sẽ mà thay.', '2026-06-12 15:45:00'),
    (233, 'SS0022', 'SQ010', NULL, NULL, 'Nếu khi của không dưới sau tự cách về nhiều dưới sau.', '2026-06-12 15:45:00'),
    (234, 'SS0022', 'SQ018', NULL, 'D', NULL, '2026-06-12 15:45:00'),
    (235, 'SS0022', 'SQ016', NULL, NULL, 'Đi số giống đang khiến vài số làm đang này.', '2026-06-12 15:45:00'),
    (236, 'SS0022', 'SQ056', 3, NULL, NULL, '2026-06-12 15:45:00'),
    (237, 'SS0022', 'SQ023', NULL, NULL, 'Khi bên chưa nhưng có lớn có của vài chưa dưới vậy.', '2026-06-12 15:45:00'),
    (238, 'SS0022', 'SQ030', 1, NULL, NULL, '2026-06-12 15:45:00'),
    (239, 'SS0022', 'SQ040', 1, NULL, NULL, '2026-06-12 15:45:00'),
    (240, 'SS0022', 'SQ020', 2, NULL, NULL, '2026-06-12 15:45:00'),
    (241, 'SS0022', 'SQ039', NULL, NULL, 'Giữa và mỗi trong đang thế số điều trong hoặc hơn nhưng không cách.', '2026-06-12 15:45:00'),
    (242, 'SS0023', 'SQ054', NULL, 'A', NULL, '2026-06-12 15:45:00'),
    (243, 'SS0023', 'SQ052', 2, NULL, NULL, '2026-06-12 15:45:00'),
    (244, 'SS0023', 'SQ017', NULL, 'D', NULL, '2026-06-12 15:45:00'),
    (245, 'SS0023', 'SQ013', 5, NULL, NULL, '2026-06-12 15:45:00'),
    (246, 'SS0023', 'SQ042', NULL, 'D', NULL, '2026-06-12 15:45:00'),
    (247, 'SS0023', 'SQ055', NULL, 'D', NULL, '2026-06-12 15:45:00'),
    (248, 'SS0023', 'SQ007', NULL, NULL, 'Sau làm không nếu trong vài giữa.', '2026-06-12 15:45:00'),
    (249, 'SS0023', 'SQ011', NULL, 'A', NULL, '2026-06-12 15:45:00'),
    (250, 'SS0023', 'SQ041', 4, NULL, NULL, '2026-06-12 15:45:00'),
    (251, 'SS0024', 'SQ004', NULL, 'D', NULL, '2026-06-12 15:45:00'),
    (252, 'SS0024', 'SQ012', 2, NULL, NULL, '2026-06-12 15:45:00'),
    (253, 'SS0024', 'SQ045', NULL, 'D', NULL, '2026-06-12 15:45:00'),
    (254, 'SS0024', 'SQ007', NULL, NULL, 'Gần cho là nào nơi hơn dưới.', '2026-06-12 15:45:00'),
    (255, 'SS0024', 'SQ005', 3, NULL, NULL, '2026-06-12 15:45:00'),
    (256, 'SS0024', 'SQ022', NULL, NULL, 'Là vậy tại và đến về hơn khiến tại cũng một trong.', '2026-06-12 15:45:00'),
    (257, 'SS0024', 'SQ003', 2, NULL, NULL, '2026-06-12 15:45:00'),
    (258, 'SS0024', 'SQ058', NULL, 'A', NULL, '2026-06-12 15:45:00'),
    (259, 'SS0024', 'SQ053', NULL, NULL, 'Được như các đến khiến để đó nhưng làm nhưng làm giữa với.', '2026-06-12 15:45:00'),
    (260, 'SS0024', 'SQ018', NULL, 'C', NULL, '2026-06-12 15:45:00'),
    (261, 'SS0024', 'SQ037', NULL, 'C', NULL, '2026-06-12 15:45:00'),
    (262, 'SS0024', 'SQ040', 3, NULL, NULL, '2026-06-12 15:45:00'),
    (263, 'SS0024', 'SQ059', NULL, 'B', NULL, '2026-06-12 15:45:00'),
    (264, 'SS0025', 'SQ037', NULL, 'A', NULL, '2026-06-12 15:45:00'),
    (265, 'SS0025', 'SQ024', NULL, NULL, 'Thì điều mà nếu có dưới vậy bạn gần trong cho đã dưới cũng đó và.', '2026-06-12 15:45:00'),
    (266, 'SS0025', 'SQ005', 2, NULL, NULL, '2026-06-12 15:45:00'),
    (267, 'SS0025', 'SQ056', 3, NULL, NULL, '2026-06-12 15:45:00'),
    (268, 'SS0025', 'SQ054', NULL, 'A', NULL, '2026-06-12 15:45:00'),
    (269, 'SS0025', 'SQ001', NULL, NULL, 'Rất của của cũng vậy tại để đó để.', '2026-06-12 15:45:00'),
    (270, 'SS0025', 'SQ018', NULL, 'A', NULL, '2026-06-12 15:45:00'),
    (271, 'SS0025', 'SQ021', 5, NULL, NULL, '2026-06-12 15:45:00'),
    (272, 'SS0026', 'SQ048', NULL, 'A', NULL, '2026-06-12 15:45:00'),
    (273, 'SS0026', 'SQ045', NULL, 'A', NULL, '2026-06-12 15:45:00'),
    (274, 'SS0026', 'SQ024', NULL, NULL, 'Có các như khiến nếu điều bên trong tại như nhưng này giữa.', '2026-06-12 15:45:00'),
    (275, 'SS0026', 'SQ033', NULL, 'B', NULL, '2026-06-12 15:45:00'),
    (276, 'SS0026', 'SQ031', NULL, NULL, 'Không để trong chỉ từng khiến thay như không tại điều vẫn chỉ có từng.', '2026-06-12 15:45:00'),
    (277, 'SS0026', 'SQ049', NULL, NULL, 'Lớn chỉ đã để giữa như như cũng.', '2026-06-12 15:45:00'),
    (278, 'SS0026', 'SQ026', NULL, 'B', NULL, '2026-06-12 15:45:00'),
    (279, 'SS0026', 'SQ058', NULL, 'C', NULL, '2026-06-12 15:45:00'),
    (280, 'SS0026', 'SQ038', NULL, 'C', NULL, '2026-06-12 15:45:00'),
    (281, 'SS0026', 'SQ001', NULL, NULL, 'Cũng vài có trong và để sau vài.', '2026-06-12 15:45:00'),
    (282, 'SS0026', 'SQ046', NULL, 'D', NULL, '2026-06-12 15:45:00'),
    (283, 'SS0026', 'SQ004', NULL, 'A', NULL, '2026-06-12 15:45:00'),
    (284, 'SS0027', 'SQ057', NULL, 'B', NULL, '2026-06-12 15:45:00'),
    (285, 'SS0027', 'SQ013', 1, NULL, NULL, '2026-06-12 15:45:00'),
    (286, 'SS0027', 'SQ004', NULL, 'C', NULL, '2026-06-12 15:45:00'),
    (287, 'SS0027', 'SQ015', NULL, 'B', NULL, '2026-06-12 15:45:00'),
    (288, 'SS0027', 'SQ031', NULL, NULL, 'Và làm vài về từng tôi tự thế như.', '2026-06-12 15:45:00'),
    (289, 'SS0027', 'SQ038', NULL, 'A', NULL, '2026-06-12 15:45:00'),
    (290, 'SS0027', 'SQ039', NULL, NULL, 'Tôi mà mỗi và các vẫn sau từ cho của khi lớn rất.', '2026-06-12 15:45:00'),
    (291, 'SS0027', 'SQ009', NULL, 'D', NULL, '2026-06-12 15:45:00'),
    (292, 'SS0028', 'SQ018', NULL, 'A', NULL, '2026-06-12 15:45:00'),
    (293, 'SS0028', 'SQ041', 4, NULL, NULL, '2026-06-12 15:45:00'),
    (294, 'SS0028', 'SQ060', NULL, 'A', NULL, '2026-06-12 15:45:00'),
    (295, 'SS0028', 'SQ036', NULL, NULL, 'Chỉ có trong sau nhưng vì có thế từ mỗi để giữa mà mà.', '2026-06-12 15:45:00'),
    (296, 'SS0028', 'SQ057', NULL, 'D', NULL, '2026-06-12 15:45:00'),
    (297, 'SS0028', 'SQ014', NULL, NULL, 'Vì đã giữa với mà thay của.', '2026-06-12 15:45:00'),
    (298, 'SS0028', 'SQ022', NULL, NULL, 'Theo giống như về không thế và.', '2026-06-12 15:45:00'),
    (299, 'SS0028', 'SQ023', NULL, NULL, 'Đang cũng làm để số nào gần tại để tự đến giống.', '2026-06-12 15:45:00'),
    (300, 'SS0028', 'SQ044', NULL, 'B', NULL, '2026-06-12 15:45:00'),
    (301, 'SS0028', 'SQ051', NULL, NULL, 'Sau cho mỗi nhiều giữa và rất từng đang.', '2026-06-12 15:45:00'),
    (302, 'SS0028', 'SQ040', 5, NULL, NULL, '2026-06-12 15:45:00'),
    (303, 'SS0028', 'SQ026', NULL, 'D', NULL, '2026-06-12 15:45:00'),
    (304, 'SS0029', 'SQ054', NULL, 'A', NULL, '2026-06-12 15:45:00'),
    (305, 'SS0029', 'SQ017', NULL, 'C', NULL, '2026-06-12 15:45:00'),
    (306, 'SS0029', 'SQ047', NULL, NULL, 'Không để để để mỗi cho nào như được từ.', '2026-06-12 15:45:00'),
    (307, 'SS0029', 'SQ021', 3, NULL, NULL, '2026-06-12 15:45:00'),
    (308, 'SS0029', 'SQ009', NULL, 'A', NULL, '2026-06-12 15:45:00'),
    (309, 'SS0029', 'SQ056', 4, NULL, NULL, '2026-06-12 15:45:00'),
    (310, 'SS0029', 'SQ019', NULL, 'C', NULL, '2026-06-12 15:45:00'),
    (311, 'SS0029', 'SQ036', NULL, NULL, 'Nào để một tự mà tự khi từ theo sẽ vẫn điều của lớn nếu các.', '2026-06-12 15:45:00'),
    (312, 'SS0029', 'SQ013', 3, NULL, NULL, '2026-06-12 15:45:00'),
    (313, 'SS0029', 'SQ057', NULL, 'C', NULL, '2026-06-12 15:45:00'),
    (314, 'SS0029', 'SQ020', 2, NULL, NULL, '2026-06-12 15:45:00'),
    (315, 'SS0029', 'SQ015', NULL, 'C', NULL, '2026-06-12 15:45:00'),
    (316, 'SS0029', 'SQ038', NULL, 'A', NULL, '2026-06-12 15:45:00'),
    (317, 'SS0029', 'SQ031', NULL, NULL, 'Như không nhiều nơi đến như cho.', '2026-06-12 15:45:00'),
    (318, 'SS0030', 'SQ040', 5, NULL, NULL, '2026-06-12 15:45:00'),
    (319, 'SS0030', 'SQ056', 3, NULL, NULL, '2026-06-12 15:45:00'),
    (320, 'SS0030', 'SQ045', NULL, 'A', NULL, '2026-06-12 15:45:00'),
    (321, 'SS0030', 'SQ051', NULL, NULL, 'Cho cái để hơn cũng gần thay một.', '2026-06-12 15:45:00'),
    (322, 'SS0030', 'SQ053', NULL, NULL, 'Của với nơi khi chỉ cho nhưng về để với với hơn là như vì.', '2026-06-12 15:45:00'),
    (323, 'SS0030', 'SQ044', NULL, 'D', NULL, '2026-06-12 15:45:00'),
    (324, 'SS0030', 'SQ028', NULL, 'D', NULL, '2026-06-12 15:45:00'),
    (325, 'SS0030', 'SQ001', NULL, NULL, 'Để tại nhiều như hơn chỉ tại sau để để lớn gần.', '2026-06-12 15:45:00'),
    (326, 'SS0030', 'SQ031', NULL, NULL, 'Cũng vẫn như cũng thay cũng hoặc hơn trong thì sau cho này cho để.', '2026-06-12 15:45:00'),
    (327, 'SS0030', 'SQ047', NULL, NULL, 'Mỗi khiến làm có cũng như và mỗi khiến.', '2026-06-12 15:45:00'),
    (328, 'SS0031', 'SQ027', NULL, 'C', NULL, '2026-06-12 15:45:00'),
    (329, 'SS0031', 'SQ003', 4, NULL, NULL, '2026-06-12 15:45:00'),
    (330, 'SS0031', 'SQ043', 2, NULL, NULL, '2026-06-12 15:45:00'),
    (331, 'SS0031', 'SQ018', NULL, 'C', NULL, '2026-06-12 15:45:00'),
    (332, 'SS0031', 'SQ007', NULL, NULL, 'Chỉ vài sẽ của để như thì tự với với không.', '2026-06-12 15:45:00'),
    (333, 'SS0031', 'SQ032', NULL, 'A', NULL, '2026-06-12 15:45:00'),
    (334, 'SS0031', 'SQ022', NULL, NULL, 'Cái vì số người cho mà và giữa đang đúng đúng gần.', '2026-06-12 15:45:00'),
    (335, 'SS0031', 'SQ028', NULL, 'C', NULL, '2026-06-12 15:45:00'),
    (336, 'SS0031', 'SQ058', NULL, 'C', NULL, '2026-06-12 15:45:00'),
    (337, 'SS0031', 'SQ009', NULL, 'B', NULL, '2026-06-12 15:45:00'),
    (338, 'SS0032', 'SQ041', 5, NULL, NULL, '2026-06-12 15:45:00'),
    (339, 'SS0032', 'SQ052', 2, NULL, NULL, '2026-06-12 15:45:00'),
    (340, 'SS0032', 'SQ049', NULL, NULL, 'Sau được được về như với là cái có như giống cách.', '2026-06-12 15:45:00'),
    (341, 'SS0032', 'SQ033', NULL, 'D', NULL, '2026-06-12 15:45:00'),
    (342, 'SS0032', 'SQ014', NULL, NULL, 'Cũng số này từ của cũng về của điều để trong chưa.', '2026-06-12 15:45:00'),
    (343, 'SS0032', 'SQ016', NULL, NULL, 'Có một vẫn theo cũng trong mà của nhiều đúng bạn với từng đi thay theo.', '2026-06-12 15:45:00'),
    (344, 'SS0032', 'SQ020', 3, NULL, NULL, '2026-06-12 15:45:00'),
    (345, 'SS0032', 'SQ013', 5, NULL, NULL, '2026-06-12 15:45:00'),
    (346, 'SS0032', 'SQ035', 2, NULL, NULL, '2026-06-12 15:45:00'),
    (347, 'SS0033', 'SQ032', NULL, 'A', NULL, '2026-06-12 15:45:00'),
    (348, 'SS0033', 'SQ052', 3, NULL, NULL, '2026-06-12 15:45:00'),
    (349, 'SS0033', 'SQ026', NULL, 'D', NULL, '2026-06-12 15:45:00'),
    (350, 'SS0033', 'SQ012', 3, NULL, NULL, '2026-06-12 15:45:00'),
    (351, 'SS0033', 'SQ023', NULL, NULL, 'Này đến tại mỗi hoặc nơi trong sẽ vài đang tại sẽ về sẽ.', '2026-06-12 15:45:00'),
    (352, 'SS0033', 'SQ044', NULL, 'A', NULL, '2026-06-12 15:45:00'),
    (353, 'SS0033', 'SQ055', NULL, 'A', NULL, '2026-06-12 15:45:00'),
    (354, 'SS0033', 'SQ041', 4, NULL, NULL, '2026-06-12 15:45:00'),
    (355, 'SS0033', 'SQ051', NULL, NULL, 'Đang nhiều đúng sau đi giữa thì người tại khiến này chỉ dưới sẽ các.', '2026-06-12 15:45:00'),
    (356, 'SS0034', 'SQ042', NULL, 'A', NULL, '2026-06-12 15:45:00'),
    (357, 'SS0034', 'SQ053', NULL, NULL, 'Điều mà lớn từ mà hoặc khi điều giữa.', '2026-06-12 15:45:00'),
    (358, 'SS0034', 'SQ052', 1, NULL, NULL, '2026-06-12 15:45:00'),
    (359, 'SS0034', 'SQ025', NULL, NULL, 'Với người chỉ lớn tôi giống của vài của lớn.', '2026-06-12 15:45:00'),
    (360, 'SS0034', 'SQ028', NULL, 'B', NULL, '2026-06-12 15:45:00'),
    (361, 'SS0034', 'SQ017', NULL, 'B', NULL, '2026-06-12 15:45:00'),
    (362, 'SS0034', 'SQ036', NULL, NULL, 'Dưới vài hoặc như mà thì vài tại.', '2026-06-12 15:45:00'),
    (363, 'SS0034', 'SQ056', 5, NULL, NULL, '2026-06-12 15:45:00'),
    (364, 'SS0034', 'SQ014', NULL, NULL, 'Đó sẽ giống vẫn đi rất để vậy nơi cái sau theo làm nơi tại khi.', '2026-06-12 15:45:00'),
    (365, 'SS0034', 'SQ048', NULL, 'D', NULL, '2026-06-12 15:45:00'),
    (366, 'SS0034', 'SQ001', NULL, NULL, 'Từ vẫn khi có đã rất chỉ để một cũng.', '2026-06-12 15:45:00'),
    (367, 'SS0035', 'SQ028', NULL, 'C', NULL, '2026-06-12 15:45:00'),
    (368, 'SS0035', 'SQ046', NULL, 'D', NULL, '2026-06-12 15:45:00'),
    (369, 'SS0035', 'SQ034', 3, NULL, NULL, '2026-06-12 15:45:00'),
    (370, 'SS0035', 'SQ001', NULL, NULL, 'Như để cho sau lớn cái nếu giống khi.', '2026-06-12 15:45:00'),
    (371, 'SS0035', 'SQ052', 4, NULL, NULL, '2026-06-12 15:45:00'),
    (372, 'SS0035', 'SQ057', NULL, 'B', NULL, '2026-06-12 15:45:00'),
    (373, 'SS0035', 'SQ060', NULL, 'D', NULL, '2026-06-12 15:45:00'),
    (374, 'SS0035', 'SQ056', 3, NULL, NULL, '2026-06-12 15:45:00'),
    (375, 'SS0035', 'SQ048', NULL, 'B', NULL, '2026-06-12 15:45:00'),
    (376, 'SS0035', 'SQ039', NULL, NULL, 'Nào vậy cho như nơi khi thay hơn và các có.', '2026-06-12 15:45:00'),
    (377, 'SS0035', 'SQ038', NULL, 'D', NULL, '2026-06-12 15:45:00'),
    (378, 'SS0035', 'SQ032', NULL, 'A', NULL, '2026-06-12 15:45:00'),
    (379, 'SS0035', 'SQ015', NULL, 'B', NULL, '2026-06-12 15:45:00'),
    (380, 'SS0035', 'SQ045', NULL, 'D', NULL, '2026-06-12 15:45:00'),
    (381, 'SS0036', 'SQ009', NULL, 'D', NULL, '2026-06-12 15:45:00'),
    (382, 'SS0036', 'SQ056', 4, NULL, NULL, '2026-06-12 15:45:00'),
    (383, 'SS0036', 'SQ023', NULL, NULL, 'Được với có nào một từ không để hoặc người.', '2026-06-12 15:45:00'),
    (384, 'SS0036', 'SQ020', 5, NULL, NULL, '2026-06-12 15:45:00'),
    (385, 'SS0036', 'SQ010', NULL, NULL, 'Giống cách với thì khiến mà như giữa số để trong chỉ rất làm theo với.', '2026-06-12 15:45:00'),
    (386, 'SS0036', 'SQ015', NULL, 'A', NULL, '2026-06-12 15:45:00'),
    (387, 'SS0036', 'SQ035', 1, NULL, NULL, '2026-06-12 15:45:00'),
    (388, 'SS0036', 'SQ032', NULL, 'A', NULL, '2026-06-12 15:45:00'),
    (389, 'SS0036', 'SQ017', NULL, 'B', NULL, '2026-06-12 15:45:00'),
    (390, 'SS0036', 'SQ052', 4, NULL, NULL, '2026-06-12 15:45:00'),
    (391, 'SS0036', 'SQ058', NULL, 'C', NULL, '2026-06-12 15:45:00'),
    (392, 'SS0036', 'SQ033', NULL, 'A', NULL, '2026-06-12 15:45:00'),
    (393, 'SS0037', 'SQ012', 1, NULL, NULL, '2026-06-12 15:45:00'),
    (394, 'SS0037', 'SQ006', 4, NULL, NULL, '2026-06-12 15:45:00'),
    (395, 'SS0037', 'SQ041', 4, NULL, NULL, '2026-06-12 15:45:00'),
    (396, 'SS0037', 'SQ031', NULL, NULL, 'Mỗi từng như làm khiến hơn lớn hơn lớn thì chỉ.', '2026-06-12 15:45:00'),
    (397, 'SS0037', 'SQ015', NULL, 'A', NULL, '2026-06-12 15:45:00'),
    (398, 'SS0037', 'SQ054', NULL, 'D', NULL, '2026-06-12 15:45:00'),
    (399, 'SS0037', 'SQ044', NULL, 'B', NULL, '2026-06-12 15:45:00'),
    (400, 'SS0037', 'SQ001', NULL, NULL, 'Vẫn thay đi có thì cách được này này tự cho.', '2026-06-12 15:45:00'),
    (401, 'SS0037', 'SQ019', NULL, 'B', NULL, '2026-06-12 15:45:00'),
    (402, 'SS0037', 'SQ014', NULL, NULL, 'Nhiều mà hơn số đúng đi cũng bên đến các với hoặc.', '2026-06-12 15:45:00'),
    (403, 'SS0037', 'SQ020', 1, NULL, NULL, '2026-06-12 15:45:00'),
    (404, 'SS0038', 'SQ060', NULL, 'A', NULL, '2026-06-12 15:45:00'),
    (405, 'SS0038', 'SQ034', 5, NULL, NULL, '2026-06-12 15:45:00'),
    (406, 'SS0038', 'SQ024', NULL, NULL, 'Dưới của hơn với nhiều vài mỗi người dưới khi của về để cũng rất.', '2026-06-12 15:45:00'),
    (407, 'SS0038', 'SQ059', NULL, 'B', NULL, '2026-06-12 15:45:00'),
    (408, 'SS0038', 'SQ052', 3, NULL, NULL, '2026-06-12 15:45:00'),
    (409, 'SS0038', 'SQ041', 3, NULL, NULL, '2026-06-12 15:45:00'),
    (410, 'SS0038', 'SQ054', NULL, 'C', NULL, '2026-06-12 15:45:00'),
    (411, 'SS0038', 'SQ051', NULL, NULL, 'Của sẽ cách mà hơn để hơn chưa thì.', '2026-06-12 15:45:00'),
    (412, 'SS0038', 'SQ012', 4, NULL, NULL, '2026-06-12 15:45:00'),
    (413, 'SS0038', 'SQ046', NULL, 'B', NULL, '2026-06-12 15:45:00'),
    (414, 'SS0038', 'SQ017', NULL, 'B', NULL, '2026-06-12 15:45:00'),
    (415, 'SS0039', 'SQ011', NULL, 'B', NULL, '2026-06-12 15:45:00'),
    (416, 'SS0039', 'SQ022', NULL, NULL, 'Nhiều thì để tại đang từng với tôi như cho đã của.', '2026-06-12 15:45:00'),
    (417, 'SS0039', 'SQ045', NULL, 'C', NULL, '2026-06-12 15:45:00'),
    (418, 'SS0039', 'SQ031', NULL, NULL, 'Tại của gần để để nếu sau trong về sau hơn nhưng.', '2026-06-12 15:45:00'),
    (419, 'SS0039', 'SQ026', NULL, 'D', NULL, '2026-06-12 15:45:00'),
    (420, 'SS0039', 'SQ037', NULL, 'B', NULL, '2026-06-12 15:45:00'),
    (421, 'SS0039', 'SQ057', NULL, 'A', NULL, '2026-06-12 15:45:00'),
    (422, 'SS0039', 'SQ047', NULL, NULL, 'Tại sau cũng vì số thay hơn rất từng cũng đi sẽ hoặc một để.', '2026-06-12 15:45:00'),
    (423, 'SS0039', 'SQ042', NULL, 'D', NULL, '2026-06-12 15:45:00'),
    (424, 'SS0039', 'SQ019', NULL, 'A', NULL, '2026-06-12 15:45:00'),
    (425, 'SS0039', 'SQ051', NULL, NULL, 'Cái giống đi chưa lớn một của về của của với từ về một.', '2026-06-12 15:45:00'),
    (426, 'SS0039', 'SQ012', 5, NULL, NULL, '2026-06-12 15:45:00'),
    (427, 'SS0039', 'SQ013', 5, NULL, NULL, '2026-06-12 15:45:00'),
    (428, 'SS0039', 'SQ060', NULL, 'C', NULL, '2026-06-12 15:45:00'),
    (429, 'SS0040', 'SQ057', NULL, 'D', NULL, '2026-06-12 15:45:00'),
    (430, 'SS0040', 'SQ009', NULL, 'D', NULL, '2026-06-12 15:45:00'),
    (431, 'SS0040', 'SQ059', NULL, 'C', NULL, '2026-06-12 15:45:00'),
    (432, 'SS0040', 'SQ021', 4, NULL, NULL, '2026-06-12 15:45:00'),
    (433, 'SS0040', 'SQ013', 4, NULL, NULL, '2026-06-12 15:45:00'),
    (434, 'SS0040', 'SQ033', NULL, 'D', NULL, '2026-06-12 15:45:00'),
    (435, 'SS0040', 'SQ041', 1, NULL, NULL, '2026-06-12 15:45:00'),
    (436, 'SS0040', 'SQ004', NULL, 'D', NULL, '2026-06-12 15:45:00'),
    (437, 'SS0040', 'SQ001', NULL, NULL, 'Vẫn nhưng tại hoặc trong các giống giữa sẽ mỗi không tự như vì.', '2026-06-12 15:45:00'),
    (438, 'SS0040', 'SQ003', 2, NULL, NULL, '2026-06-12 15:45:00'),
    (439, 'SS0040', 'SQ048', NULL, 'B', NULL, '2026-06-12 15:45:00'),
    (440, 'SS0040', 'SQ019', NULL, 'A', NULL, '2026-06-12 15:45:00'),
    (441, 'SS0040', 'SQ036', NULL, NULL, 'Chỉ rất thế có giống như có nhưng.', '2026-06-12 15:45:00'),
    (442, 'SS0040', 'SQ023', NULL, NULL, 'Không vẫn cũng vài với thì mỗi mỗi và tại để cũng cách đó đi.', '2026-06-12 15:45:00'),
    (443, 'SS0040', 'SQ014', NULL, NULL, 'Cũng từ khiến với điều là cho cách cách.', '2026-06-12 15:45:00'),
    (444, 'SS0041', 'SQ031', NULL, NULL, 'Tại nhưng tự đang mỗi khiến đang sau của.', '2026-06-12 15:45:00'),
    (445, 'SS0041', 'SQ046', NULL, 'C', NULL, '2026-06-12 15:45:00'),
    (446, 'SS0041', 'SQ007', NULL, NULL, 'Mỗi điều là để nơi sau về như từng đúng vì thì và vẫn như.', '2026-06-12 15:45:00'),
    (447, 'SS0041', 'SQ051', NULL, NULL, 'Thay nơi khi về bên nếu điều dưới với chỉ.', '2026-06-12 15:45:00'),
    (448, 'SS0041', 'SQ050', 3, NULL, NULL, '2026-06-12 15:45:00'),
    (449, 'SS0041', 'SQ045', NULL, 'C', NULL, '2026-06-12 15:45:00'),
    (450, 'SS0041', 'SQ054', NULL, 'A', NULL, '2026-06-12 15:45:00'),
    (451, 'SS0041', 'SQ014', NULL, NULL, 'Trong cũng tại bạn nào vẫn các điều tại đúng hoặc từ đi vài với như.', '2026-06-12 15:45:00'),
    (452, 'SS0041', 'SQ009', NULL, 'B', NULL, '2026-06-12 15:45:00'),
    (453, 'SS0042', 'SQ005', 1, NULL, NULL, '2026-06-12 15:45:00'),
    (454, 'SS0042', 'SQ050', 1, NULL, NULL, '2026-06-12 15:45:00'),
    (455, 'SS0042', 'SQ004', NULL, 'B', NULL, '2026-06-12 15:45:00'),
    (456, 'SS0042', 'SQ007', NULL, NULL, 'Thay bên đi tôi với đã khiến điều khi nơi cho từ đúng cách đã.', '2026-06-12 15:45:00'),
    (457, 'SS0042', 'SQ009', NULL, 'B', NULL, '2026-06-12 15:45:00'),
    (458, 'SS0042', 'SQ008', 5, NULL, NULL, '2026-06-12 15:45:00'),
    (459, 'SS0042', 'SQ059', NULL, 'C', NULL, '2026-06-12 15:45:00'),
    (460, 'SS0042', 'SQ041', 2, NULL, NULL, '2026-06-12 15:45:00'),
    (461, 'SS0042', 'SQ019', NULL, 'D', NULL, '2026-06-12 15:45:00'),
    (462, 'SS0042', 'SQ029', NULL, 'A', NULL, '2026-06-12 15:45:00'),
    (463, 'SS0042', 'SQ032', NULL, 'A', NULL, '2026-06-12 15:45:00'),
    (464, 'SS0042', 'SQ024', NULL, NULL, 'Hơn tại chưa đã dưới gần chỉ đã.', '2026-06-12 15:45:00'),
    (465, 'SS0043', 'SQ024', NULL, NULL, 'Bên giữa bạn mỗi rất sẽ là vì của điều.', '2026-06-12 15:45:00'),
    (466, 'SS0043', 'SQ001', NULL, NULL, 'Như trong lớn trong có nào thì cũng cho đi nhiều.', '2026-06-12 15:45:00'),
    (467, 'SS0043', 'SQ015', NULL, 'D', NULL, '2026-06-12 15:45:00'),
    (468, 'SS0043', 'SQ004', NULL, 'D', NULL, '2026-06-12 15:45:00'),
    (469, 'SS0043', 'SQ040', 2, NULL, NULL, '2026-06-12 15:45:00'),
    (470, 'SS0043', 'SQ010', NULL, NULL, 'Các tự số để tự nơi tại vài sẽ gần có sẽ vậy như như.', '2026-06-12 15:45:00'),
    (471, 'SS0043', 'SQ011', NULL, 'B', NULL, '2026-06-12 15:45:00'),
    (472, 'SS0043', 'SQ007', NULL, NULL, 'Bạn về gần sẽ nếu tôi của là tôi tại giống khiến như chưa.', '2026-06-12 15:45:00'),
    (473, 'SS0043', 'SQ021', 1, NULL, NULL, '2026-06-12 15:45:00'),
    (474, 'SS0043', 'SQ034', 4, NULL, NULL, '2026-06-12 15:45:00'),
    (475, 'SS0043', 'SQ042', NULL, 'A', NULL, '2026-06-12 15:45:00'),
    (476, 'SS0043', 'SQ033', NULL, 'C', NULL, '2026-06-12 15:45:00'),
    (477, 'SS0043', 'SQ048', NULL, 'D', NULL, '2026-06-12 15:45:00'),
    (478, 'SS0044', 'SQ043', 5, NULL, NULL, '2026-06-12 15:45:00'),
    (479, 'SS0044', 'SQ055', NULL, 'A', NULL, '2026-06-12 15:45:00'),
    (480, 'SS0044', 'SQ020', 4, NULL, NULL, '2026-06-12 15:45:00'),
    (481, 'SS0044', 'SQ048', NULL, 'C', NULL, '2026-06-12 15:45:00'),
    (482, 'SS0044', 'SQ032', NULL, 'B', NULL, '2026-06-12 15:45:00'),
    (483, 'SS0044', 'SQ027', NULL, 'B', NULL, '2026-06-12 15:45:00'),
    (484, 'SS0044', 'SQ001', NULL, NULL, 'Hơn thế về điều tôi cũng vài lớn có nào như hoặc.', '2026-06-12 15:45:00'),
    (485, 'SS0044', 'SQ015', NULL, 'C', NULL, '2026-06-12 15:45:00'),
    (486, 'SS0044', 'SQ058', NULL, 'C', NULL, '2026-06-12 15:45:00'),
    (487, 'SS0044', 'SQ024', NULL, NULL, 'Cũng làm theo như theo một cũng để nhưng bạn khi như mỗi một cách nhưng.', '2026-06-12 15:45:00'),
    (488, 'SS0045', 'SQ007', NULL, NULL, 'Từ tại điều nhiều nhưng hơn về đã cái tự về.', '2026-06-12 15:45:00'),
    (489, 'SS0045', 'SQ054', NULL, 'B', NULL, '2026-06-12 15:45:00'),
    (490, 'SS0045', 'SQ035', 5, NULL, NULL, '2026-06-12 15:45:00'),
    (491, 'SS0045', 'SQ047', NULL, NULL, 'Để được thay đang làm nơi trong như nhiều hơn nào.', '2026-06-12 15:45:00'),
    (492, 'SS0045', 'SQ037', NULL, 'D', NULL, '2026-06-12 15:45:00'),
    (493, 'SS0045', 'SQ018', NULL, 'A', NULL, '2026-06-12 15:45:00'),
    (494, 'SS0045', 'SQ041', 2, NULL, NULL, '2026-06-12 15:45:00'),
    (495, 'SS0045', 'SQ015', NULL, 'B', NULL, '2026-06-12 15:45:00'),
    (496, 'SS0045', 'SQ022', NULL, NULL, 'Đến để này của là từ từng và đến trong đã như cũng từ về.', '2026-06-12 15:45:00'),
    (497, 'SS0045', 'SQ004', NULL, 'A', NULL, '2026-06-12 15:45:00'),
    (498, 'SS0045', 'SQ031', NULL, NULL, 'Rất từng theo vậy đã khiến vài nếu đang đã đúng giữa đang.', '2026-06-12 15:45:00'),
    (499, 'SS0045', 'SQ005', 2, NULL, NULL, '2026-06-12 15:45:00'),
    (500, 'SS0046', 'SQ016', NULL, NULL, 'Hơn đúng chỉ đi không một từng khi có nhưng như.', '2026-06-12 15:45:00'),
    (501, 'SS0046', 'SQ055', NULL, 'A', NULL, '2026-06-12 15:45:00'),
    (502, 'SS0046', 'SQ037', NULL, 'B', NULL, '2026-06-12 15:45:00'),
    (503, 'SS0046', 'SQ039', NULL, NULL, 'Với điều hoặc đúng cái để bên như giống cũng của để và từng từ.', '2026-06-12 15:45:00'),
    (504, 'SS0046', 'SQ011', NULL, 'D', NULL, '2026-06-12 15:45:00'),
    (505, 'SS0046', 'SQ053', NULL, NULL, 'Gần tôi người vài của đó hơn trong nhiều với là là trong.', '2026-06-12 15:45:00'),
    (506, 'SS0046', 'SQ010', NULL, NULL, 'Cho khiến như vài thì vài đã bên lớn khiến được sau khiến để.', '2026-06-12 15:45:00'),
    (507, 'SS0046', 'SQ045', NULL, 'B', NULL, '2026-06-12 15:45:00'),
    (508, 'SS0046', 'SQ031', NULL, NULL, 'Lớn vậy khiến có thế rất lớn cũng.', '2026-06-12 15:45:00'),
    (509, 'SS0046', 'SQ052', 3, NULL, NULL, '2026-06-12 15:45:00'),
    (510, 'SS0046', 'SQ006', 5, NULL, NULL, '2026-06-12 15:45:00'),
    (511, 'SS0046', 'SQ033', NULL, 'C', NULL, '2026-06-12 15:45:00'),
    (512, 'SS0046', 'SQ029', NULL, 'B', NULL, '2026-06-12 15:45:00'),
    (513, 'SS0046', 'SQ027', NULL, 'C', NULL, '2026-06-12 15:45:00'),
    (514, 'SS0047', 'SQ002', NULL, 'C', NULL, '2026-06-12 15:45:00'),
    (515, 'SS0047', 'SQ037', NULL, 'C', NULL, '2026-06-12 15:45:00'),
    (516, 'SS0047', 'SQ019', NULL, 'C', NULL, '2026-06-12 15:45:00'),
    (517, 'SS0047', 'SQ055', NULL, 'A', NULL, '2026-06-12 15:45:00'),
    (518, 'SS0047', 'SQ058', NULL, 'A', NULL, '2026-06-12 15:45:00'),
    (519, 'SS0047', 'SQ040', 3, NULL, NULL, '2026-06-12 15:45:00'),
    (520, 'SS0047', 'SQ001', NULL, NULL, 'Nào vậy được tôi đến giống các để thì nơi để trong đến.', '2026-06-12 15:45:00'),
    (521, 'SS0047', 'SQ017', NULL, 'A', NULL, '2026-06-12 15:45:00'),
    (522, 'SS0047', 'SQ027', NULL, 'D', NULL, '2026-06-12 15:45:00'),
    (523, 'SS0047', 'SQ051', NULL, NULL, 'Mỗi cho nhiều đến giữa bạn vậy sau.', '2026-06-12 15:45:00'),
    (524, 'SS0048', 'SQ037', NULL, 'D', NULL, '2026-06-12 15:45:00'),
    (525, 'SS0048', 'SQ036', NULL, NULL, 'Đúng có sẽ cũng sau cũng làm với đi với tôi với vì thì sẽ nhưng.', '2026-06-12 15:45:00'),
    (526, 'SS0048', 'SQ029', NULL, 'B', NULL, '2026-06-12 15:45:00'),
    (527, 'SS0048', 'SQ027', NULL, 'C', NULL, '2026-06-12 15:45:00'),
    (528, 'SS0048', 'SQ030', 4, NULL, NULL, '2026-06-12 15:45:00'),
    (529, 'SS0048', 'SQ019', NULL, 'B', NULL, '2026-06-12 15:45:00'),
    (530, 'SS0048', 'SQ005', 1, NULL, NULL, '2026-06-12 15:45:00'),
    (531, 'SS0048', 'SQ001', NULL, NULL, 'Cũng đúng để hơn hơn của nào tại vì thế giữa đang tại đúng theo để.', '2026-06-12 15:45:00'),
    (532, 'SS0048', 'SQ031', NULL, NULL, 'Đang các mà tự bạn tự bên từ nếu hơn các bên bên số từ cũng.', '2026-06-12 15:45:00'),
    (533, 'SS0048', 'SQ017', NULL, 'A', NULL, '2026-06-12 15:45:00'),
    (534, 'SS0048', 'SQ044', NULL, 'C', NULL, '2026-06-12 15:45:00'),
    (535, 'SS0048', 'SQ014', NULL, NULL, 'Vì có được sau người khiến nhiều giống.', '2026-06-12 15:45:00'),
    (536, 'SS0048', 'SQ004', NULL, 'A', NULL, '2026-06-12 15:45:00'),
    (537, 'SS0048', 'SQ013', 1, NULL, NULL, '2026-06-12 15:45:00'),
    (538, 'SS0049', 'SQ030', 5, NULL, NULL, '2026-06-12 15:45:00'),
    (539, 'SS0049', 'SQ009', NULL, 'B', NULL, '2026-06-12 15:45:00'),
    (540, 'SS0049', 'SQ029', NULL, 'B', NULL, '2026-06-12 15:45:00'),
    (541, 'SS0049', 'SQ059', NULL, 'C', NULL, '2026-06-12 15:45:00'),
    (542, 'SS0049', 'SQ049', NULL, NULL, 'Nhưng trong tại chưa theo cũng hơn vài người cũng thay thay vẫn và hơn làm.', '2026-06-12 15:45:00'),
    (543, 'SS0049', 'SQ042', NULL, 'A', NULL, '2026-06-12 15:45:00'),
    (544, 'SS0049', 'SQ028', NULL, 'B', NULL, '2026-06-12 15:45:00'),
    (545, 'SS0049', 'SQ013', 4, NULL, NULL, '2026-06-12 15:45:00'),
    (546, 'SS0049', 'SQ014', NULL, NULL, 'Từ lớn chỉ tôi của đi trong từng điều theo bạn vì.', '2026-06-12 15:45:00'),
    (547, 'SS0049', 'SQ056', 3, NULL, NULL, '2026-06-12 15:45:00'),
    (548, 'SS0049', 'SQ058', NULL, 'D', NULL, '2026-06-12 15:45:00'),
    (549, 'SS0049', 'SQ048', NULL, 'B', NULL, '2026-06-12 15:45:00'),
    (550, 'SS0050', 'SQ007', NULL, NULL, 'Tại mỗi nhiều sau đúng đang đã gần với với này với như nào thì đó.', '2026-06-12 15:45:00'),
    (551, 'SS0050', 'SQ043', 4, NULL, NULL, '2026-06-12 15:45:00'),
    (552, 'SS0050', 'SQ051', NULL, NULL, 'Với từ cho gần đang đang có mà điều gần một của.', '2026-06-12 15:45:00'),
    (553, 'SS0050', 'SQ027', NULL, 'B', NULL, '2026-06-12 15:45:00'),
    (554, 'SS0050', 'SQ019', NULL, 'B', NULL, '2026-06-12 15:45:00'),
    (555, 'SS0050', 'SQ058', NULL, 'C', NULL, '2026-06-12 15:45:00'),
    (556, 'SS0050', 'SQ049', NULL, NULL, 'Về cách hơn như cái giữa của vẫn chỉ cách nơi của và.', '2026-06-12 15:45:00'),
    (557, 'SS0050', 'SQ017', NULL, 'A', NULL, '2026-06-12 15:45:00'),
    (558, 'SS0050', 'SQ009', NULL, 'B', NULL, '2026-06-12 15:45:00'),
    (559, 'SS0050', 'SQ056', 3, NULL, NULL, '2026-06-12 15:45:00'),
    (560, 'SS0050', 'SQ016', NULL, NULL, 'Cũng với trong khi đi thay sẽ hơn nơi về giữa cho có số số thì.', '2026-06-12 15:45:00'),
    (561, 'SS0050', 'SQ012', 4, NULL, NULL, '2026-06-12 15:45:00'),
    (562, 'SS0050', 'SQ059', NULL, 'B', NULL, '2026-06-12 15:45:00'),
    (563, 'SS0050', 'SQ014', NULL, NULL, 'Mỗi nhưng có từ vẫn hơn các về nếu này.', '2026-06-12 15:45:00'),
    (564, 'SS0050', 'SQ002', NULL, 'C', NULL, '2026-06-12 15:45:00'),
    (565, 'SS0051', 'SQ023', NULL, NULL, 'Như đã tôi đi vậy như số như và sẽ sẽ hơn từ đang vài vì.', '2026-06-12 15:45:00'),
    (566, 'SS0051', 'SQ008', 2, NULL, NULL, '2026-06-12 15:45:00'),
    (567, 'SS0051', 'SQ053', NULL, NULL, 'Cái như tự đã cũng đang cũng này các hơn nào thế của gần cũng nơi.', '2026-06-12 15:45:00'),
    (568, 'SS0051', 'SQ056', 4, NULL, NULL, '2026-06-12 15:45:00'),
    (569, 'SS0051', 'SQ018', NULL, 'B', NULL, '2026-06-12 15:45:00'),
    (570, 'SS0051', 'SQ047', NULL, NULL, 'Tại như cũng này dưới có gần đang tôi mỗi cho cái như đến tại giữa.', '2026-06-12 15:45:00'),
    (571, 'SS0051', 'SQ038', NULL, 'D', NULL, '2026-06-12 15:45:00'),
    (572, 'SS0051', 'SQ003', 3, NULL, NULL, '2026-06-12 15:45:00'),
    (573, 'SS0051', 'SQ036', NULL, NULL, 'Đúng vì như của sẽ của được chưa nhiều đi số hơn nơi có có.', '2026-06-12 15:45:00'),
    (574, 'SS0051', 'SQ043', 4, NULL, NULL, '2026-06-12 15:45:00'),
    (575, 'SS0052', 'SQ047', NULL, NULL, 'Mà có để tự của về có cũng hoặc như sẽ lớn nhưng có.', '2026-06-12 15:45:00'),
    (576, 'SS0052', 'SQ011', NULL, 'C', NULL, '2026-06-12 15:45:00'),
    (577, 'SS0052', 'SQ005', 5, NULL, NULL, '2026-06-12 15:45:00'),
    (578, 'SS0052', 'SQ035', 4, NULL, NULL, '2026-06-12 15:45:00'),
    (579, 'SS0052', 'SQ019', NULL, 'B', NULL, '2026-06-12 15:45:00'),
    (580, 'SS0052', 'SQ013', 1, NULL, NULL, '2026-06-12 15:45:00'),
    (581, 'SS0052', 'SQ053', NULL, NULL, 'Tôi giữa được được hoặc của điều thì từng các lớn.', '2026-06-12 15:45:00'),
    (582, 'SS0052', 'SQ023', NULL, NULL, 'Cái số hơn với người nơi giống chưa tự như trong từ theo.', '2026-06-12 15:45:00'),
    (583, 'SS0052', 'SQ017', NULL, 'B', NULL, '2026-06-12 15:45:00'),
    (584, 'SS0053', 'SQ044', NULL, 'B', NULL, '2026-06-12 15:45:00'),
    (585, 'SS0053', 'SQ007', NULL, NULL, 'Điều vì cho rất để theo tự.', '2026-06-12 15:45:00'),
    (586, 'SS0053', 'SQ005', 1, NULL, NULL, '2026-06-12 15:45:00'),
    (587, 'SS0053', 'SQ036', NULL, NULL, 'Như sau có rất tôi như nhiều với thế số có thế.', '2026-06-12 15:45:00'),
    (588, 'SS0053', 'SQ057', NULL, 'C', NULL, '2026-06-12 15:45:00'),
    (589, 'SS0053', 'SQ006', 2, NULL, NULL, '2026-06-12 15:45:00'),
    (590, 'SS0053', 'SQ027', NULL, 'B', NULL, '2026-06-12 15:45:00'),
    (591, 'SS0053', 'SQ054', NULL, 'A', NULL, '2026-06-12 15:45:00'),
    (592, 'SS0053', 'SQ018', NULL, 'B', NULL, '2026-06-12 15:45:00'),
    (593, 'SS0053', 'SQ008', 1, NULL, NULL, '2026-06-12 15:45:00'),
    (594, 'SS0054', 'SQ040', 1, NULL, NULL, '2026-06-12 15:45:00'),
    (595, 'SS0054', 'SQ039', NULL, NULL, 'Làm bên cho có và từng thì để như để thì cách hơn.', '2026-06-12 15:45:00'),
    (596, 'SS0054', 'SQ001', NULL, NULL, 'Giống có nào chưa dưới nhiều của để làm được.', '2026-06-12 15:45:00'),
    (597, 'SS0054', 'SQ027', NULL, 'D', NULL, '2026-06-12 15:45:00'),
    (598, 'SS0054', 'SQ026', NULL, 'A', NULL, '2026-06-12 15:45:00'),
    (599, 'SS0054', 'SQ056', 5, NULL, NULL, '2026-06-12 15:45:00'),
    (600, 'SS0054', 'SQ017', NULL, 'A', NULL, '2026-06-12 15:45:00'),
    (601, 'SS0054', 'SQ049', NULL, NULL, 'Thì như vẫn đi nơi của cũng để một này vì hơn của theo.', '2026-06-12 15:45:00'),
    (602, 'SS0055', 'SQ030', 5, NULL, NULL, '2026-06-12 15:45:00'),
    (603, 'SS0055', 'SQ008', 5, NULL, NULL, '2026-06-12 15:45:00'),
    (604, 'SS0055', 'SQ023', NULL, NULL, 'Cái với nhiều từ từng đi khi là với hơn.', '2026-06-12 15:45:00'),
    (605, 'SS0055', 'SQ055', NULL, 'B', NULL, '2026-06-12 15:45:00'),
    (606, 'SS0055', 'SQ039', NULL, NULL, 'Số tại gần số đã khiến nhiều sau nhiều đúng không người rất.', '2026-06-12 15:45:00'),
    (607, 'SS0055', 'SQ056', 5, NULL, NULL, '2026-06-12 15:45:00'),
    (608, 'SS0055', 'SQ054', NULL, 'C', NULL, '2026-06-12 15:45:00'),
    (609, 'SS0055', 'SQ019', NULL, 'A', NULL, '2026-06-12 15:45:00'),
    (610, 'SS0055', 'SQ035', 2, NULL, NULL, '2026-06-12 15:45:00'),
    (611, 'SS0055', 'SQ043', 2, NULL, NULL, '2026-06-12 15:45:00'),
    (612, 'SS0055', 'SQ052', 2, NULL, NULL, '2026-06-12 15:45:00'),
    (613, 'SS0055', 'SQ028', NULL, 'C', NULL, '2026-06-12 15:45:00'),
    (614, 'SS0055', 'SQ031', NULL, NULL, 'Sẽ hơn khi theo khiến theo mà đến này.', '2026-06-12 15:45:00'),
    (615, 'SS0055', 'SQ018', NULL, 'C', NULL, '2026-06-12 15:45:00'),
    (616, 'SS0056', 'SQ014', NULL, NULL, 'Đi người lớn với chỉ được như cũng trong hơn từ.', '2026-06-12 15:45:00'),
    (617, 'SS0056', 'SQ037', NULL, 'A', NULL, '2026-06-12 15:45:00'),
    (618, 'SS0056', 'SQ007', NULL, NULL, 'Vẫn thay nào đang khi thế cái của cho về vì mỗi khiến.', '2026-06-12 15:45:00'),
    (619, 'SS0056', 'SQ044', NULL, 'A', NULL, '2026-06-12 15:45:00'),
    (620, 'SS0056', 'SQ033', NULL, 'A', NULL, '2026-06-12 15:45:00'),
    (621, 'SS0056', 'SQ022', NULL, NULL, 'Với từ của gần cái được chỉ từ làm bạn làm dưới nhưng của.', '2026-06-12 15:45:00'),
    (622, 'SS0056', 'SQ030', 2, NULL, NULL, '2026-06-12 15:45:00'),
    (623, 'SS0056', 'SQ059', NULL, 'D', NULL, '2026-06-12 15:45:00'),
    (624, 'SS0056', 'SQ018', NULL, 'A', NULL, '2026-06-12 15:45:00'),
    (625, 'SS0056', 'SQ058', NULL, 'D', NULL, '2026-06-12 15:45:00'),
    (626, 'SS0056', 'SQ028', NULL, 'A', NULL, '2026-06-12 15:45:00'),
    (627, 'SS0057', 'SQ039', NULL, NULL, 'Như trong sẽ từ đang mỗi hơn nhưng nếu sẽ vì trong với chưa.', '2026-06-12 15:45:00'),
    (628, 'SS0057', 'SQ054', NULL, 'B', NULL, '2026-06-12 15:45:00'),
    (629, 'SS0057', 'SQ056', 4, NULL, NULL, '2026-06-12 15:45:00'),
    (630, 'SS0057', 'SQ021', 3, NULL, NULL, '2026-06-12 15:45:00'),
    (631, 'SS0057', 'SQ047', NULL, NULL, 'Khi như đó thay với để vì như một mỗi để đang tại điều vẫn.', '2026-06-12 15:45:00'),
    (632, 'SS0057', 'SQ051', NULL, NULL, 'Vài thì gần có sau vẫn chưa tôi giống hơn rất chỉ theo cũng với.', '2026-06-12 15:45:00'),
    (633, 'SS0057', 'SQ005', 5, NULL, NULL, '2026-06-12 15:45:00'),
    (634, 'SS0057', 'SQ004', NULL, 'D', NULL, '2026-06-12 15:45:00'),
    (635, 'SS0057', 'SQ016', NULL, NULL, 'Nào của vài điều là nào có đúng để từ của gần.', '2026-06-12 15:45:00'),
    (636, 'SS0057', 'SQ012', 2, NULL, NULL, '2026-06-12 15:45:00'),
    (637, 'SS0057', 'SQ034', 5, NULL, NULL, '2026-06-12 15:45:00'),
    (638, 'SS0057', 'SQ024', NULL, NULL, 'Có bên như người số trong tại của đã với đang số đó là có để.', '2026-06-12 15:45:00'),
    (639, 'SS0057', 'SQ018', NULL, 'A', NULL, '2026-06-12 15:45:00'),
    (640, 'SS0057', 'SQ020', 4, NULL, NULL, '2026-06-12 15:45:00'),
    (641, 'SS0057', 'SQ002', NULL, 'A', NULL, '2026-06-12 15:45:00'),
    (642, 'SS0058', 'SQ043', 4, NULL, NULL, '2026-06-12 15:45:00'),
    (643, 'SS0058', 'SQ016', NULL, NULL, 'Trong như như được chưa chưa một trong vài giống số mỗi.', '2026-06-12 15:45:00'),
    (644, 'SS0058', 'SQ044', NULL, 'C', NULL, '2026-06-12 15:45:00'),
    (645, 'SS0058', 'SQ053', NULL, NULL, 'Thay sau đó như lớn cách lớn cho.', '2026-06-12 15:45:00'),
    (646, 'SS0058', 'SQ034', 5, NULL, NULL, '2026-06-12 15:45:00'),
    (647, 'SS0058', 'SQ025', NULL, NULL, 'Với hoặc vậy rất và vài mà này của từ làm.', '2026-06-12 15:45:00'),
    (648, 'SS0058', 'SQ003', 4, NULL, NULL, '2026-06-12 15:45:00'),
    (649, 'SS0058', 'SQ024', NULL, NULL, 'Cách không trong gần thì như nào và nếu sau trong từ khi.', '2026-06-12 15:45:00'),
    (650, 'SS0058', 'SQ052', 5, NULL, NULL, '2026-06-12 15:45:00'),
    (651, 'SS0058', 'SQ051', NULL, NULL, 'Như không đúng cách để giữa vài chỉ nếu các.', '2026-06-12 15:45:00'),
    (652, 'SS0059', 'SQ025', NULL, NULL, 'Nơi được bên các và cũng trong từ nào tự.', '2026-06-12 15:45:00'),
    (653, 'SS0059', 'SQ013', 1, NULL, NULL, '2026-06-12 15:45:00'),
    (654, 'SS0059', 'SQ035', 5, NULL, NULL, '2026-06-12 15:45:00'),
    (655, 'SS0059', 'SQ017', NULL, 'C', NULL, '2026-06-12 15:45:00'),
    (656, 'SS0059', 'SQ029', NULL, 'D', NULL, '2026-06-12 15:45:00'),
    (657, 'SS0059', 'SQ003', 4, NULL, NULL, '2026-06-12 15:45:00'),
    (658, 'SS0059', 'SQ008', 1, NULL, NULL, '2026-06-12 15:45:00'),
    (659, 'SS0059', 'SQ050', 1, NULL, NULL, '2026-06-12 15:45:00'),
    (660, 'SS0059', 'SQ033', NULL, 'C', NULL, '2026-06-12 15:45:00'),
    (661, 'SS0059', 'SQ032', NULL, 'B', NULL, '2026-06-12 15:45:00'),
    (662, 'SS0059', 'SQ040', 5, NULL, NULL, '2026-06-12 15:45:00'),
    (663, 'SS0059', 'SQ044', NULL, 'B', NULL, '2026-06-12 15:45:00'),
    (664, 'SS0059', 'SQ058', NULL, 'C', NULL, '2026-06-12 15:45:00'),
    (665, 'SS0059', 'SQ006', 4, NULL, NULL, '2026-06-12 15:45:00'),
    (666, 'SS0060', 'SQ019', NULL, 'B', NULL, '2026-06-12 15:45:00'),
    (667, 'SS0060', 'SQ056', 5, NULL, NULL, '2026-06-12 15:45:00'),
    (668, 'SS0060', 'SQ026', NULL, 'A', NULL, '2026-06-12 15:45:00'),
    (669, 'SS0060', 'SQ014', NULL, NULL, 'Sẽ để đó dưới như thì của bên.', '2026-06-12 15:45:00'),
    (670, 'SS0060', 'SQ055', NULL, 'D', NULL, '2026-06-12 15:45:00'),
    (671, 'SS0060', 'SQ025', NULL, NULL, 'Của điều để bạn về làm như trong vậy.', '2026-06-12 15:45:00'),
    (672, 'SS0060', 'SQ006', 4, NULL, NULL, '2026-06-12 15:45:00'),
    (673, 'SS0060', 'SQ028', NULL, 'A', NULL, '2026-06-12 15:45:00'),
    (674, 'SS0060', 'SQ011', NULL, 'A', NULL, '2026-06-12 15:45:00'),
    (675, 'SS0060', 'SQ043', 2, NULL, NULL, '2026-06-12 15:45:00'),
    (676, 'SS0060', 'SQ050', 5, NULL, NULL, '2026-06-12 15:45:00'),
    (677, 'SS0060', 'SQ003', 3, NULL, NULL, '2026-06-12 15:45:00'),
    (678, 'SS0061', 'SQ018', NULL, 'C', NULL, '2026-06-12 15:45:00'),
    (679, 'SS0061', 'SQ016', NULL, NULL, 'Có từng của mà cũng tôi được mỗi để giống đến mỗi người các vì như.', '2026-06-12 15:45:00'),
    (680, 'SS0061', 'SQ039', NULL, NULL, 'Khiến có mà cái bên từ hơn sẽ được trong tại các làm.', '2026-06-12 15:45:00'),
    (681, 'SS0061', 'SQ052', 5, NULL, NULL, '2026-06-12 15:45:00'),
    (682, 'SS0061', 'SQ037', NULL, 'D', NULL, '2026-06-12 15:45:00'),
    (683, 'SS0061', 'SQ056', 2, NULL, NULL, '2026-06-12 15:45:00'),
    (684, 'SS0061', 'SQ001', NULL, NULL, 'Theo với sau của của hơn tôi cho như bên các này cho như theo như.', '2026-06-12 15:45:00'),
    (685, 'SS0061', 'SQ057', NULL, 'B', NULL, '2026-06-12 15:45:00'),
    (686, 'SS0061', 'SQ005', 4, NULL, NULL, '2026-06-12 15:45:00'),
    (687, 'SS0061', 'SQ002', NULL, 'C', NULL, '2026-06-12 15:45:00'),
    (688, 'SS0061', 'SQ055', NULL, 'D', NULL, '2026-06-12 15:45:00'),
    (689, 'SS0062', 'SQ049', NULL, NULL, 'Đi làm mà giống bạn chỉ các.', '2026-06-12 15:45:00'),
    (690, 'SS0062', 'SQ015', NULL, 'A', NULL, '2026-06-12 15:45:00'),
    (691, 'SS0062', 'SQ059', NULL, 'C', NULL, '2026-06-12 15:45:00'),
    (692, 'SS0062', 'SQ016', NULL, NULL, 'Sau như số cái lớn làm đi khi hoặc theo nhiều.', '2026-06-12 15:45:00'),
    (693, 'SS0062', 'SQ021', 4, NULL, NULL, '2026-06-12 15:45:00'),
    (694, 'SS0062', 'SQ047', NULL, NULL, 'Nếu vì vậy như này của cũng khiến trong hoặc là điều nhưng.', '2026-06-12 15:45:00'),
    (695, 'SS0062', 'SQ036', NULL, NULL, 'Hơn này gần đến cái đã như đến đó sau cái thay.', '2026-06-12 15:45:00'),
    (696, 'SS0062', 'SQ038', NULL, 'C', NULL, '2026-06-12 15:45:00'),
    (697, 'SS0062', 'SQ004', NULL, 'A', NULL, '2026-06-12 15:45:00'),
    (698, 'SS0062', 'SQ001', NULL, NULL, 'Lớn đúng chỉ của với như vài đang với của.', '2026-06-12 15:45:00'),
    (699, 'SS0063', 'SQ018', NULL, 'D', NULL, '2026-06-12 15:45:00'),
    (700, 'SS0063', 'SQ038', NULL, 'B', NULL, '2026-06-12 15:45:00'),
    (701, 'SS0063', 'SQ011', NULL, 'C', NULL, '2026-06-12 15:45:00'),
    (702, 'SS0063', 'SQ020', 4, NULL, NULL, '2026-06-12 15:45:00'),
    (703, 'SS0063', 'SQ012', 2, NULL, NULL, '2026-06-12 15:45:00'),
    (704, 'SS0063', 'SQ019', NULL, 'B', NULL, '2026-06-12 15:45:00'),
    (705, 'SS0063', 'SQ051', NULL, NULL, 'Hơn đến cách tại của khiến một tại tại từ và không là vậy.', '2026-06-12 15:45:00'),
    (706, 'SS0063', 'SQ042', NULL, 'C', NULL, '2026-06-12 15:45:00'),
    (707, 'SS0063', 'SQ015', NULL, 'D', NULL, '2026-06-12 15:45:00'),
    (708, 'SS0064', 'SQ058', NULL, 'B', NULL, '2026-06-12 15:45:00'),
    (709, 'SS0064', 'SQ015', NULL, 'C', NULL, '2026-06-12 15:45:00'),
    (710, 'SS0064', 'SQ030', 1, NULL, NULL, '2026-06-12 15:45:00'),
    (711, 'SS0064', 'SQ008', 4, NULL, NULL, '2026-06-12 15:45:00'),
    (712, 'SS0064', 'SQ012', 5, NULL, NULL, '2026-06-12 15:45:00'),
    (713, 'SS0064', 'SQ002', NULL, 'A', NULL, '2026-06-12 15:45:00'),
    (714, 'SS0064', 'SQ037', NULL, 'B', NULL, '2026-06-12 15:45:00'),
    (715, 'SS0064', 'SQ017', NULL, 'D', NULL, '2026-06-12 15:45:00'),
    (716, 'SS0064', 'SQ044', NULL, 'A', NULL, '2026-06-12 15:45:00'),
    (717, 'SS0064', 'SQ053', NULL, NULL, 'Vài đến hơn chưa cho về thì mỗi.', '2026-06-12 15:45:00'),
    (718, 'SS0064', 'SQ056', 3, NULL, NULL, '2026-06-12 15:45:00'),
    (719, 'SS0065', 'SQ001', NULL, NULL, 'Vài thì là mỗi nơi nhưng để cũng cũng để có và.', '2026-06-12 15:45:00'),
    (720, 'SS0065', 'SQ056', 3, NULL, NULL, '2026-06-12 15:45:00'),
    (721, 'SS0065', 'SQ018', NULL, 'B', NULL, '2026-06-12 15:45:00'),
    (722, 'SS0065', 'SQ059', NULL, 'C', NULL, '2026-06-12 15:45:00'),
    (723, 'SS0065', 'SQ021', 3, NULL, NULL, '2026-06-12 15:45:00'),
    (724, 'SS0065', 'SQ051', NULL, NULL, 'Như gần được điều của đã khiến tại như.', '2026-06-12 15:45:00'),
    (725, 'SS0065', 'SQ037', NULL, 'D', NULL, '2026-06-12 15:45:00'),
    (726, 'SS0065', 'SQ028', NULL, 'D', NULL, '2026-06-12 15:45:00'),
    (727, 'SS0065', 'SQ003', 4, NULL, NULL, '2026-06-12 15:45:00'),
    (728, 'SS0065', 'SQ006', 4, NULL, NULL, '2026-06-12 15:45:00'),
    (729, 'SS0065', 'SQ050', 4, NULL, NULL, '2026-06-12 15:45:00'),
    (730, 'SS0065', 'SQ049', NULL, NULL, 'Giống rất các đang nơi như được các nhiều giữa để bên như sẽ chưa như.', '2026-06-12 15:45:00'),
    (731, 'SS0065', 'SQ047', NULL, NULL, 'Khiến tại từng thay điều từng đang là tại lớn đang nhiều này về chỉ rất.', '2026-06-12 15:45:00'),
    (732, 'SS0065', 'SQ020', 5, NULL, NULL, '2026-06-12 15:45:00'),
    (733, 'SS0065', 'SQ008', 5, NULL, NULL, '2026-06-12 15:45:00'),
    (734, 'SS0066', 'SQ056', 2, NULL, NULL, '2026-06-12 15:45:00'),
    (735, 'SS0066', 'SQ019', NULL, 'A', NULL, '2026-06-12 15:45:00'),
    (736, 'SS0066', 'SQ044', NULL, 'C', NULL, '2026-06-12 15:45:00'),
    (737, 'SS0066', 'SQ035', 3, NULL, NULL, '2026-06-12 15:45:00'),
    (738, 'SS0066', 'SQ059', NULL, 'C', NULL, '2026-06-12 15:45:00'),
    (739, 'SS0066', 'SQ050', 5, NULL, NULL, '2026-06-12 15:45:00'),
    (740, 'SS0066', 'SQ015', NULL, 'A', NULL, '2026-06-12 15:45:00'),
    (741, 'SS0066', 'SQ054', NULL, 'B', NULL, '2026-06-12 15:45:00'),
    (742, 'SS0066', 'SQ005', 2, NULL, NULL, '2026-06-12 15:45:00'),
    (743, 'SS0067', 'SQ036', NULL, NULL, 'Dưới nếu rất về giữa làm chưa.', '2026-06-12 15:45:00'),
    (744, 'SS0067', 'SQ056', 1, NULL, NULL, '2026-06-12 15:45:00'),
    (745, 'SS0067', 'SQ042', NULL, 'A', NULL, '2026-06-12 15:45:00'),
    (746, 'SS0067', 'SQ021', 1, NULL, NULL, '2026-06-12 15:45:00'),
    (747, 'SS0067', 'SQ023', NULL, NULL, 'Bên nhưng giống trong như khi của vì theo nơi của từ không từ đó.', '2026-06-12 15:45:00'),
    (748, 'SS0067', 'SQ019', NULL, 'A', NULL, '2026-06-12 15:45:00'),
    (749, 'SS0067', 'SQ025', NULL, NULL, 'Và trong nhiều sẽ có bạn như bạn đến các nhưng không nào.', '2026-06-12 15:45:00'),
    (750, 'SS0067', 'SQ020', 3, NULL, NULL, '2026-06-12 15:45:00'),
    (751, 'SS0067', 'SQ028', NULL, 'D', NULL, '2026-06-12 15:45:00'),
    (752, 'SS0067', 'SQ046', NULL, 'D', NULL, '2026-06-12 15:45:00'),
    (753, 'SS0067', 'SQ027', NULL, 'D', NULL, '2026-06-12 15:45:00'),
    (754, 'SS0067', 'SQ035', 1, NULL, NULL, '2026-06-12 15:45:00'),
    (755, 'SS0067', 'SQ013', 5, NULL, NULL, '2026-06-12 15:45:00'),
    (756, 'SS0068', 'SQ026', NULL, 'A', NULL, '2026-06-12 15:45:00'),
    (757, 'SS0068', 'SQ035', 5, NULL, NULL, '2026-06-12 15:45:00'),
    (758, 'SS0068', 'SQ038', NULL, 'B', NULL, '2026-06-12 15:45:00'),
    (759, 'SS0068', 'SQ030', 5, NULL, NULL, '2026-06-12 15:45:00'),
    (760, 'SS0068', 'SQ008', 2, NULL, NULL, '2026-06-12 15:45:00'),
    (761, 'SS0068', 'SQ033', NULL, 'B', NULL, '2026-06-12 15:45:00'),
    (762, 'SS0068', 'SQ039', NULL, NULL, 'Như của cách các dưới không các nơi vậy thì tôi rất vì cũng đi.', '2026-06-12 15:45:00'),
    (763, 'SS0068', 'SQ042', NULL, 'A', NULL, '2026-06-12 15:45:00'),
    (764, 'SS0068', 'SQ034', 1, NULL, NULL, '2026-06-12 15:45:00'),
    (765, 'SS0068', 'SQ027', NULL, 'B', NULL, '2026-06-12 15:45:00'),
    (766, 'SS0069', 'SQ001', NULL, NULL, 'Cũng trong nào như để nào sau giống người mỗi để bên đến của.', '2026-06-12 15:45:00'),
    (767, 'SS0069', 'SQ059', NULL, 'A', NULL, '2026-06-12 15:45:00'),
    (768, 'SS0069', 'SQ038', NULL, 'D', NULL, '2026-06-12 15:45:00'),
    (769, 'SS0069', 'SQ014', NULL, NULL, 'Nếu đúng người tự mỗi này không từ.', '2026-06-12 15:45:00'),
    (770, 'SS0069', 'SQ012', 5, NULL, NULL, '2026-06-12 15:45:00'),
    (771, 'SS0069', 'SQ053', NULL, NULL, 'Từng hơn cho đó tôi mỗi cho được đến.', '2026-06-12 15:45:00'),
    (772, 'SS0069', 'SQ018', NULL, 'A', NULL, '2026-06-12 15:45:00'),
    (773, 'SS0069', 'SQ041', 5, NULL, NULL, '2026-06-12 15:45:00'),
    (774, 'SS0069', 'SQ029', NULL, 'A', NULL, '2026-06-12 15:45:00'),
    (775, 'SS0069', 'SQ058', NULL, 'C', NULL, '2026-06-12 15:45:00'),
    (776, 'SS0069', 'SQ035', 3, NULL, NULL, '2026-06-12 15:45:00'),
    (777, 'SS0069', 'SQ031', NULL, NULL, 'Có khi giữa tại theo vài nếu nếu như làm.', '2026-06-12 15:45:00'),
    (778, 'SS0070', 'SQ033', NULL, 'A', NULL, '2026-06-12 15:45:00'),
    (779, 'SS0070', 'SQ011', NULL, 'A', NULL, '2026-06-12 15:45:00'),
    (780, 'SS0070', 'SQ042', NULL, 'D', NULL, '2026-06-12 15:45:00'),
    (781, 'SS0070', 'SQ045', NULL, 'A', NULL, '2026-06-12 15:45:00'),
    (782, 'SS0070', 'SQ034', 1, NULL, NULL, '2026-06-12 15:45:00'),
    (783, 'SS0070', 'SQ054', NULL, 'A', NULL, '2026-06-12 15:45:00'),
    (784, 'SS0070', 'SQ023', NULL, NULL, 'Trong bên khi theo cái như đến.', '2026-06-12 15:45:00'),
    (785, 'SS0070', 'SQ004', NULL, 'A', NULL, '2026-06-12 15:45:00'),
    (786, 'SS0070', 'SQ005', 3, NULL, NULL, '2026-06-12 15:45:00'),
    (787, 'SS0070', 'SQ044', NULL, 'B', NULL, '2026-06-12 15:45:00'),
    (788, 'SS0070', 'SQ019', NULL, 'A', NULL, '2026-06-12 15:45:00'),
    (789, 'SS0070', 'SQ003', 5, NULL, NULL, '2026-06-12 15:45:00'),
    (790, 'SS0070', 'SQ060', NULL, 'B', NULL, '2026-06-12 15:45:00'),
    (791, 'SS0070', 'SQ024', NULL, NULL, 'Thay từ cách và để sẽ cũng theo đang theo và hoặc trong đúng gần.', '2026-06-12 15:45:00'),
    (792, 'SS0071', 'SQ029', NULL, 'B', NULL, '2026-06-12 15:45:00'),
    (793, 'SS0071', 'SQ011', NULL, 'C', NULL, '2026-06-12 15:45:00'),
    (794, 'SS0071', 'SQ056', 3, NULL, NULL, '2026-06-12 15:45:00'),
    (795, 'SS0071', 'SQ051', NULL, NULL, 'Nơi tại nơi trong đang cũng lớn đến cách cho cũng thế hoặc.', '2026-06-12 15:45:00'),
    (796, 'SS0071', 'SQ007', NULL, NULL, 'Như số của thế trong đang khi như đúng chưa nhiều đi nào tại.', '2026-06-12 15:45:00'),
    (797, 'SS0071', 'SQ060', NULL, 'B', NULL, '2026-06-12 15:45:00'),
    (798, 'SS0071', 'SQ052', 3, NULL, NULL, '2026-06-12 15:45:00'),
    (799, 'SS0071', 'SQ036', NULL, NULL, 'Vài sẽ vì mỗi nếu vì nơi cái sau các người như.', '2026-06-12 15:45:00'),
    (800, 'SS0072', 'SQ049', NULL, NULL, 'Như được số có làm sẽ để thế tự giữa mỗi.', '2026-06-12 15:45:00'),
    (801, 'SS0072', 'SQ020', 5, NULL, NULL, '2026-06-12 15:45:00'),
    (802, 'SS0072', 'SQ036', NULL, NULL, 'Chưa trong nào của hoặc có sau vậy giữa.', '2026-06-12 15:45:00'),
    (803, 'SS0072', 'SQ051', NULL, NULL, 'Đi chỉ cho mỗi hơn dưới khi không.', '2026-06-12 15:45:00'),
    (804, 'SS0072', 'SQ025', NULL, NULL, 'Với có về cũng đó điều tại từ bên đúng các của mỗi các vậy.', '2026-06-12 15:45:00'),
    (805, 'SS0072', 'SQ004', NULL, 'C', NULL, '2026-06-12 15:45:00'),
    (806, 'SS0072', 'SQ030', 1, NULL, NULL, '2026-06-12 15:45:00'),
    (807, 'SS0072', 'SQ013', 5, NULL, NULL, '2026-06-12 15:45:00'),
    (808, 'SS0073', 'SQ005', 2, NULL, NULL, '2026-06-12 15:45:00'),
    (809, 'SS0073', 'SQ043', 5, NULL, NULL, '2026-06-12 15:45:00'),
    (810, 'SS0073', 'SQ018', NULL, 'C', NULL, '2026-06-12 15:45:00'),
    (811, 'SS0073', 'SQ011', NULL, 'D', NULL, '2026-06-12 15:45:00'),
    (812, 'SS0073', 'SQ024', NULL, NULL, 'Chưa như là bạn đang giữa đúng làm vậy từ tại theo nhiều thay không.', '2026-06-12 15:45:00'),
    (813, 'SS0073', 'SQ058', NULL, 'D', NULL, '2026-06-12 15:45:00'),
    (814, 'SS0073', 'SQ036', NULL, NULL, 'Tôi của đã đang dưới để giữa như.', '2026-06-12 15:45:00'),
    (815, 'SS0073', 'SQ025', NULL, NULL, 'Để tại trong đến như như như cũng giống tôi.', '2026-06-12 15:45:00'),
    (816, 'SS0073', 'SQ057', NULL, 'D', NULL, '2026-06-12 15:45:00'),
    (817, 'SS0074', 'SQ019', NULL, 'C', NULL, '2026-06-12 15:45:00'),
    (818, 'SS0074', 'SQ049', NULL, NULL, 'Từ bạn để vì vậy đó nhưng đang không giống nếu gần tại.', '2026-06-12 15:45:00'),
    (819, 'SS0074', 'SQ047', NULL, NULL, 'Vậy bên vì hoặc hơn có cách của sau cách chưa có cái.', '2026-06-12 15:45:00'),
    (820, 'SS0074', 'SQ051', NULL, NULL, 'Thế số để sẽ nhiều không chưa bên vì.', '2026-06-12 15:45:00'),
    (821, 'SS0074', 'SQ045', NULL, 'D', NULL, '2026-06-12 15:45:00'),
    (822, 'SS0074', 'SQ036', NULL, NULL, 'Làm đã số cũng giữa mà tôi trong khi vài đến.', '2026-06-12 15:45:00'),
    (823, 'SS0074', 'SQ054', NULL, 'A', NULL, '2026-06-12 15:45:00'),
    (824, 'SS0074', 'SQ037', NULL, 'C', NULL, '2026-06-12 15:45:00'),
    (825, 'SS0074', 'SQ042', NULL, 'D', NULL, '2026-06-12 15:45:00'),
    (826, 'SS0074', 'SQ023', NULL, NULL, 'Đến nào tôi thế theo có nhưng.', '2026-06-12 15:45:00'),
    (827, 'SS0074', 'SQ053', NULL, NULL, 'Cũng vậy như như hơn từ tự tôi như đó có từ.', '2026-06-12 15:45:00'),
    (828, 'SS0074', 'SQ017', NULL, 'D', NULL, '2026-06-12 15:45:00'),
    (829, 'SS0074', 'SQ005', 2, NULL, NULL, '2026-06-12 15:45:00'),
    (830, 'SS0075', 'SQ005', 1, NULL, NULL, '2026-06-12 15:45:00'),
    (831, 'SS0075', 'SQ013', 2, NULL, NULL, '2026-06-12 15:45:00'),
    (832, 'SS0075', 'SQ026', NULL, 'D', NULL, '2026-06-12 15:45:00'),
    (833, 'SS0075', 'SQ046', NULL, 'A', NULL, '2026-06-12 15:45:00'),
    (834, 'SS0075', 'SQ039', NULL, NULL, 'Người cái như sau của thì sẽ của như thế từng tại trong không để trong.', '2026-06-12 15:45:00'),
    (835, 'SS0075', 'SQ044', NULL, 'C', NULL, '2026-06-12 15:45:00'),
    (836, 'SS0075', 'SQ028', NULL, 'C', NULL, '2026-06-12 15:45:00'),
    (837, 'SS0075', 'SQ053', NULL, NULL, 'Tại tôi tại một về rất lớn cách cũng đã có.', '2026-06-12 15:45:00'),
    (838, 'SS0075', 'SQ022', NULL, NULL, 'Có vài sẽ và của khiến có sau đã mỗi từ.', '2026-06-12 15:45:00'),
    (839, 'SS0075', 'SQ020', 4, NULL, NULL, '2026-06-12 15:45:00'),
    (840, 'SS0075', 'SQ049', NULL, NULL, 'Vì bên như có đang cũng cũng giữa như vẫn để tôi cho.', '2026-06-12 15:45:00'),
    (841, 'SS0075', 'SQ034', 1, NULL, NULL, '2026-06-12 15:45:00'),
    (842, 'SS0076', 'SQ036', NULL, NULL, 'Điều thay rất thì của và đúng.', '2026-06-12 15:45:00'),
    (843, 'SS0076', 'SQ018', NULL, 'C', NULL, '2026-06-12 15:45:00'),
    (844, 'SS0076', 'SQ042', NULL, 'D', NULL, '2026-06-12 15:45:00'),
    (845, 'SS0076', 'SQ028', NULL, 'D', NULL, '2026-06-12 15:45:00'),
    (846, 'SS0076', 'SQ030', 4, NULL, NULL, '2026-06-12 15:45:00'),
    (847, 'SS0076', 'SQ032', NULL, 'B', NULL, '2026-06-12 15:45:00'),
    (848, 'SS0076', 'SQ011', NULL, 'D', NULL, '2026-06-12 15:45:00'),
    (849, 'SS0076', 'SQ058', NULL, 'D', NULL, '2026-06-12 15:45:00'),
    (850, 'SS0076', 'SQ052', 2, NULL, NULL, '2026-06-12 15:45:00'),
    (851, 'SS0076', 'SQ043', 4, NULL, NULL, '2026-06-12 15:45:00'),
    (852, 'SS0076', 'SQ016', NULL, NULL, 'Khi nơi như hoặc người nhiều đi đi này.', '2026-06-12 15:45:00'),
    (853, 'SS0076', 'SQ007', NULL, NULL, 'Trong bạn của cách vài mà số được có tôi của sẽ như.', '2026-06-12 15:45:00'),
    (854, 'SS0076', 'SQ010', NULL, NULL, 'Để cho rất này gần như người để chưa của như làm cũng vẫn mà gần.', '2026-06-12 15:45:00'),
    (855, 'SS0076', 'SQ001', NULL, NULL, 'Dưới giống người bạn thế cho gần để gần cái dưới để của từ như.', '2026-06-12 15:45:00'),
    (856, 'SS0077', 'SQ019', NULL, 'C', NULL, '2026-06-12 15:45:00'),
    (857, 'SS0077', 'SQ029', NULL, 'B', NULL, '2026-06-12 15:45:00'),
    (858, 'SS0077', 'SQ015', NULL, 'C', NULL, '2026-06-12 15:45:00'),
    (859, 'SS0077', 'SQ027', NULL, 'C', NULL, '2026-06-12 15:45:00'),
    (860, 'SS0077', 'SQ054', NULL, 'A', NULL, '2026-06-12 15:45:00'),
    (861, 'SS0077', 'SQ050', 1, NULL, NULL, '2026-06-12 15:45:00'),
    (862, 'SS0077', 'SQ014', NULL, NULL, 'Từ bên với từng nhiều đã đang từng được của vài gần nếu với.', '2026-06-12 15:45:00'),
    (863, 'SS0077', 'SQ003', 1, NULL, NULL, '2026-06-12 15:45:00'),
    (864, 'SS0077', 'SQ048', NULL, 'A', NULL, '2026-06-12 15:45:00'),
    (865, 'SS0077', 'SQ022', NULL, NULL, 'Với tại về chỉ từng đang sau có từ.', '2026-06-12 15:45:00'),
    (866, 'SS0077', 'SQ021', 3, NULL, NULL, '2026-06-12 15:45:00'),
    (867, 'SS0077', 'SQ023', NULL, NULL, 'Nếu sau hoặc thế bên các để cho đúng trong giống đang.', '2026-06-12 15:45:00'),
    (868, 'SS0077', 'SQ037', NULL, 'A', NULL, '2026-06-12 15:45:00'),
    (869, 'SS0077', 'SQ031', NULL, NULL, 'Đi với từ hoặc có có người tại theo cái điều.', '2026-06-12 15:45:00'),
    (870, 'SS0078', 'SQ028', NULL, 'D', NULL, '2026-06-12 15:45:00'),
    (871, 'SS0078', 'SQ026', NULL, 'D', NULL, '2026-06-12 15:45:00'),
    (872, 'SS0078', 'SQ017', NULL, 'D', NULL, '2026-06-12 15:45:00'),
    (873, 'SS0078', 'SQ044', NULL, 'C', NULL, '2026-06-12 15:45:00'),
    (874, 'SS0078', 'SQ006', 1, NULL, NULL, '2026-06-12 15:45:00'),
    (875, 'SS0078', 'SQ012', 5, NULL, NULL, '2026-06-12 15:45:00'),
    (876, 'SS0078', 'SQ015', NULL, 'C', NULL, '2026-06-12 15:45:00'),
    (877, 'SS0078', 'SQ010', NULL, NULL, 'Với của trong hoặc cái tôi vài có số từ tại vài.', '2026-06-12 15:45:00'),
    (878, 'SS0078', 'SQ009', NULL, 'A', NULL, '2026-06-12 15:45:00'),
    (879, 'SS0078', 'SQ054', NULL, 'C', NULL, '2026-06-12 15:45:00'),
    (880, 'SS0078', 'SQ024', NULL, NULL, 'Nào các như cái sẽ tự tại giống đó nhưng không về.', '2026-06-12 15:45:00'),
    (881, 'SS0079', 'SQ026', NULL, 'D', NULL, '2026-06-12 15:45:00'),
    (882, 'SS0079', 'SQ049', NULL, NULL, 'Chỉ khi như đó vì hơn của lớn.', '2026-06-12 15:45:00'),
    (883, 'SS0079', 'SQ005', 2, NULL, NULL, '2026-06-12 15:45:00'),
    (884, 'SS0079', 'SQ001', NULL, NULL, 'Là điều để tôi sẽ lớn cách.', '2026-06-12 15:45:00'),
    (885, 'SS0079', 'SQ020', 5, NULL, NULL, '2026-06-12 15:45:00'),
    (886, 'SS0079', 'SQ058', NULL, 'D', NULL, '2026-06-12 15:45:00'),
    (887, 'SS0079', 'SQ038', NULL, 'A', NULL, '2026-06-12 15:45:00'),
    (888, 'SS0079', 'SQ027', NULL, 'D', NULL, '2026-06-12 15:45:00'),
    (889, 'SS0079', 'SQ042', NULL, 'B', NULL, '2026-06-12 15:45:00'),
    (890, 'SS0079', 'SQ025', NULL, NULL, 'Mà vậy từ gần để này người nơi để như hoặc của một điều.', '2026-06-12 15:45:00'),
    (891, 'SS0079', 'SQ048', NULL, 'B', NULL, '2026-06-12 15:45:00'),
    (892, 'SS0079', 'SQ037', NULL, 'A', NULL, '2026-06-12 15:45:00'),
    (893, 'SS0079', 'SQ004', NULL, 'A', NULL, '2026-06-12 15:45:00'),
    (894, 'SS0079', 'SQ007', NULL, NULL, 'Mỗi này từ cho làm gần thay.', '2026-06-12 15:45:00'),
    (895, 'SS0080', 'SQ015', NULL, 'B', NULL, '2026-06-12 15:45:00'),
    (896, 'SS0080', 'SQ054', NULL, 'A', NULL, '2026-06-12 15:45:00'),
    (897, 'SS0080', 'SQ039', NULL, NULL, 'Nhiều khi cũng là gần khi của trong cũng trong của chỉ thì.', '2026-06-12 15:45:00'),
    (898, 'SS0080', 'SQ037', NULL, 'D', NULL, '2026-06-12 15:45:00'),
    (899, 'SS0080', 'SQ047', NULL, NULL, 'Chỉ vài rất như làm với vậy giữa cũng nhiều với cái cái của về.', '2026-06-12 15:45:00'),
    (900, 'SS0080', 'SQ048', NULL, 'A', NULL, '2026-06-12 15:45:00'),
    (901, 'SS0080', 'SQ027', NULL, 'D', NULL, '2026-06-12 15:45:00'),
    (902, 'SS0080', 'SQ031', NULL, NULL, 'Thế như sẽ cũng có mà hơn rất dưới như như của.', '2026-06-12 15:45:00'),
    (903, 'SS0080', 'SQ059', NULL, 'B', NULL, '2026-06-12 15:45:00'),
    (904, 'SS0080', 'SQ045', NULL, 'C', NULL, '2026-06-12 15:45:00'),
    (905, 'SS0080', 'SQ036', NULL, NULL, 'Của khiến như số tại cái như đó của.', '2026-06-12 15:45:00'),
    (906, 'SS0080', 'SQ025', NULL, NULL, 'Như vài để vẫn tự nhiều người các.', '2026-06-12 15:45:00'),
    (907, 'SS0081', 'SQ022', NULL, NULL, 'Chưa có khiến với của như để sau cũng như nhưng đang khi.', '2026-06-12 15:45:00'),
    (908, 'SS0081', 'SQ030', 2, NULL, NULL, '2026-06-12 15:45:00'),
    (909, 'SS0081', 'SQ003', 3, NULL, NULL, '2026-06-12 15:45:00'),
    (910, 'SS0081', 'SQ037', NULL, 'D', NULL, '2026-06-12 15:45:00'),
    (911, 'SS0081', 'SQ036', NULL, NULL, 'Sau đúng thì với số gần hoặc hơn với rất để gần nếu đó.', '2026-06-12 15:45:00'),
    (912, 'SS0081', 'SQ016', NULL, NULL, 'Như chỉ đã của về cho tại thì.', '2026-06-12 15:45:00'),
    (913, 'SS0081', 'SQ046', NULL, 'A', NULL, '2026-06-12 15:45:00'),
    (914, 'SS0081', 'SQ012', 4, NULL, NULL, '2026-06-12 15:45:00'),
    (915, 'SS0081', 'SQ006', 3, NULL, NULL, '2026-06-12 15:45:00'),
    (916, 'SS0081', 'SQ032', NULL, 'C', NULL, '2026-06-12 15:45:00'),
    (917, 'SS0081', 'SQ029', NULL, 'C', NULL, '2026-06-12 15:45:00'),
    (918, 'SS0081', 'SQ005', 4, NULL, NULL, '2026-06-12 15:45:00'),
    (919, 'SS0082', 'SQ034', 5, NULL, NULL, '2026-06-12 15:45:00'),
    (920, 'SS0082', 'SQ048', NULL, 'B', NULL, '2026-06-12 15:45:00'),
    (921, 'SS0082', 'SQ028', NULL, 'A', NULL, '2026-06-12 15:45:00'),
    (922, 'SS0082', 'SQ033', NULL, 'D', NULL, '2026-06-12 15:45:00'),
    (923, 'SS0082', 'SQ009', NULL, 'C', NULL, '2026-06-12 15:45:00'),
    (924, 'SS0082', 'SQ004', NULL, 'D', NULL, '2026-06-12 15:45:00'),
    (925, 'SS0082', 'SQ021', 4, NULL, NULL, '2026-06-12 15:45:00'),
    (926, 'SS0082', 'SQ012', 4, NULL, NULL, '2026-06-12 15:45:00'),
    (927, 'SS0083', 'SQ048', NULL, 'A', NULL, '2026-06-12 15:45:00'),
    (928, 'SS0083', 'SQ003', 5, NULL, NULL, '2026-06-12 15:45:00'),
    (929, 'SS0083', 'SQ047', NULL, NULL, 'Đúng mỗi mà chưa đi chỉ khiến như sẽ và để.', '2026-06-12 15:45:00'),
    (930, 'SS0083', 'SQ021', 3, NULL, NULL, '2026-06-12 15:45:00'),
    (931, 'SS0083', 'SQ060', NULL, 'D', NULL, '2026-06-12 15:45:00'),
    (932, 'SS0083', 'SQ005', 5, NULL, NULL, '2026-06-12 15:45:00'),
    (933, 'SS0083', 'SQ056', 3, NULL, NULL, '2026-06-12 15:45:00'),
    (934, 'SS0083', 'SQ016', NULL, NULL, 'Rất đúng để đang này chỉ khi theo người thay như.', '2026-06-12 15:45:00'),
    (935, 'SS0083', 'SQ017', NULL, 'B', NULL, '2026-06-12 15:45:00'),
    (936, 'SS0083', 'SQ052', 3, NULL, NULL, '2026-06-12 15:45:00'),
    (937, 'SS0083', 'SQ001', NULL, NULL, 'Cách đến từng mỗi các dưới là của.', '2026-06-12 15:45:00'),
    (938, 'SS0083', 'SQ022', NULL, NULL, 'Giữa là thay thay trong sau như nếu của đến.', '2026-06-12 15:45:00'),
    (939, 'SS0083', 'SQ040', 5, NULL, NULL, '2026-06-12 15:45:00'),
    (940, 'SS0083', 'SQ038', NULL, 'D', NULL, '2026-06-12 15:45:00'),
    (941, 'SS0083', 'SQ042', NULL, 'B', NULL, '2026-06-12 15:45:00'),
    (942, 'SS0084', 'SQ043', 2, NULL, NULL, '2026-06-12 15:45:00'),
    (943, 'SS0084', 'SQ010', NULL, NULL, 'Từ như với các nhưng gần dưới bên khiến rất vẫn nếu có hơn hơn.', '2026-06-12 15:45:00'),
    (944, 'SS0084', 'SQ006', 2, NULL, NULL, '2026-06-12 15:45:00'),
    (945, 'SS0084', 'SQ017', NULL, 'A', NULL, '2026-06-12 15:45:00'),
    (946, 'SS0084', 'SQ011', NULL, 'B', NULL, '2026-06-12 15:45:00'),
    (947, 'SS0084', 'SQ027', NULL, 'C', NULL, '2026-06-12 15:45:00'),
    (948, 'SS0084', 'SQ009', NULL, 'D', NULL, '2026-06-12 15:45:00'),
    (949, 'SS0084', 'SQ034', 4, NULL, NULL, '2026-06-12 15:45:00'),
    (950, 'SS0084', 'SQ032', NULL, 'C', NULL, '2026-06-12 15:45:00'),
    (951, 'SS0084', 'SQ021', 2, NULL, NULL, '2026-06-12 15:45:00'),
    (952, 'SS0084', 'SQ039', NULL, NULL, 'Hơn này là cái để đến cái bạn của thế như chưa.', '2026-06-12 15:45:00'),
    (953, 'SS0084', 'SQ020', 3, NULL, NULL, '2026-06-12 15:45:00'),
    (954, 'SS0084', 'SQ052', 3, NULL, NULL, '2026-06-12 15:45:00'),
    (955, 'SS0084', 'SQ001', NULL, NULL, 'Như sau tại một như đó như gần điều đi như vài.', '2026-06-12 15:45:00'),
    (956, 'SS0084', 'SQ018', NULL, 'B', NULL, '2026-06-12 15:45:00'),
    (957, 'SS0085', 'SQ006', 1, NULL, NULL, '2026-06-12 15:45:00'),
    (958, 'SS0085', 'SQ028', NULL, 'B', NULL, '2026-06-12 15:45:00'),
    (959, 'SS0085', 'SQ043', 1, NULL, NULL, '2026-06-12 15:45:00'),
    (960, 'SS0085', 'SQ008', 2, NULL, NULL, '2026-06-12 15:45:00'),
    (961, 'SS0085', 'SQ007', NULL, NULL, 'Mỗi giữa có để người đang thì cách.', '2026-06-12 15:45:00'),
    (962, 'SS0085', 'SQ017', NULL, 'B', NULL, '2026-06-12 15:45:00'),
    (963, 'SS0085', 'SQ045', NULL, 'D', NULL, '2026-06-12 15:45:00'),
    (964, 'SS0085', 'SQ022', NULL, NULL, 'Từ chưa đi nhưng chỉ giữa chỉ có nhiều.', '2026-06-12 15:45:00'),
    (965, 'SS0086', 'SQ023', NULL, NULL, 'Thì tại từ các của như như.', '2026-06-12 15:45:00'),
    (966, 'SS0086', 'SQ003', 3, NULL, NULL, '2026-06-12 15:45:00'),
    (967, 'SS0086', 'SQ029', NULL, 'C', NULL, '2026-06-12 15:45:00'),
    (968, 'SS0086', 'SQ049', NULL, NULL, 'Đến tự cái gần vậy với giữa làm thay để nơi cái mà.', '2026-06-12 15:45:00'),
    (969, 'SS0086', 'SQ058', NULL, 'B', NULL, '2026-06-12 15:45:00'),
    (970, 'SS0086', 'SQ032', NULL, 'C', NULL, '2026-06-12 15:45:00'),
    (971, 'SS0086', 'SQ002', NULL, 'B', NULL, '2026-06-12 15:45:00'),
    (972, 'SS0086', 'SQ028', NULL, 'D', NULL, '2026-06-12 15:45:00'),
    (973, 'SS0086', 'SQ021', 1, NULL, NULL, '2026-06-12 15:45:00'),
    (974, 'SS0086', 'SQ018', NULL, 'D', NULL, '2026-06-12 15:45:00'),
    (975, 'SS0086', 'SQ030', 2, NULL, NULL, '2026-06-12 15:45:00'),
    (976, 'SS0086', 'SQ052', 4, NULL, NULL, '2026-06-12 15:45:00'),
    (977, 'SS0086', 'SQ053', NULL, NULL, 'Tại đã để hơn tự đi sẽ số sẽ vì.', '2026-06-12 15:45:00'),
    (978, 'SS0086', 'SQ044', NULL, 'A', NULL, '2026-06-12 15:45:00'),
    (979, 'SS0087', 'SQ059', NULL, 'C', NULL, '2026-06-12 15:45:00'),
    (980, 'SS0087', 'SQ002', NULL, 'B', NULL, '2026-06-12 15:45:00'),
    (981, 'SS0087', 'SQ037', NULL, 'B', NULL, '2026-06-12 15:45:00'),
    (982, 'SS0087', 'SQ056', 3, NULL, NULL, '2026-06-12 15:45:00'),
    (983, 'SS0087', 'SQ050', 4, NULL, NULL, '2026-06-12 15:45:00'),
    (984, 'SS0087', 'SQ041', 3, NULL, NULL, '2026-06-12 15:45:00'),
    (985, 'SS0087', 'SQ012', 4, NULL, NULL, '2026-06-12 15:45:00'),
    (986, 'SS0087', 'SQ035', 4, NULL, NULL, '2026-06-12 15:45:00'),
    (987, 'SS0087', 'SQ024', NULL, NULL, 'Số chưa từng tại thế của nhưng đó.', '2026-06-12 15:45:00'),
    (988, 'SS0087', 'SQ057', NULL, 'C', NULL, '2026-06-12 15:45:00'),
    (989, 'SS0087', 'SQ001', NULL, NULL, 'Trong các cách bạn như đã chưa vẫn đã đúng khi rất về làm làm.', '2026-06-12 15:45:00'),
    (990, 'SS0087', 'SQ048', NULL, 'D', NULL, '2026-06-12 15:45:00'),
    (991, 'SS0088', 'SQ008', 5, NULL, NULL, '2026-06-12 15:45:00'),
    (992, 'SS0088', 'SQ032', NULL, 'D', NULL, '2026-06-12 15:45:00'),
    (993, 'SS0088', 'SQ055', NULL, 'D', NULL, '2026-06-12 15:45:00'),
    (994, 'SS0088', 'SQ052', 5, NULL, NULL, '2026-06-12 15:45:00'),
    (995, 'SS0088', 'SQ046', NULL, 'D', NULL, '2026-06-12 15:45:00'),
    (996, 'SS0088', 'SQ016', NULL, NULL, 'Có hơn từ cái đi sẽ vẫn giữa hoặc cũng khiến như đúng cho từ số.', '2026-06-12 15:45:00'),
    (997, 'SS0088', 'SQ036', NULL, NULL, 'Khi tại nào hơn từ cũng một.', '2026-06-12 15:45:00'),
    (998, 'SS0088', 'SQ021', 3, NULL, NULL, '2026-06-12 15:45:00'),
    (999, 'SS0088', 'SQ040', 3, NULL, NULL, '2026-06-12 15:45:00'),
    (1000, 'SS0088', 'SQ059', NULL, 'B', NULL, '2026-06-12 15:45:00'),
    (1001, 'SS0088', 'SQ024', NULL, NULL, 'Chỉ người thì tại số tại tại để thì không mà.', '2026-06-12 15:45:00'),
    (1002, 'SS0089', 'SQ003', 2, NULL, NULL, '2026-06-12 15:45:00'),
    (1003, 'SS0089', 'SQ048', NULL, 'D', NULL, '2026-06-12 15:45:00'),
    (1004, 'SS0089', 'SQ032', NULL, 'A', NULL, '2026-06-12 15:45:00'),
    (1005, 'SS0089', 'SQ058', NULL, 'C', NULL, '2026-06-12 15:45:00'),
    (1006, 'SS0089', 'SQ019', NULL, 'A', NULL, '2026-06-12 15:45:00'),
    (1007, 'SS0089', 'SQ039', NULL, NULL, 'Từng thế chỉ giữa chưa của vì để đi của.', '2026-06-12 15:45:00'),
    (1008, 'SS0089', 'SQ006', 3, NULL, NULL, '2026-06-12 15:45:00'),
    (1009, 'SS0089', 'SQ057', NULL, 'B', NULL, '2026-06-12 15:45:00'),
    (1010, 'SS0089', 'SQ001', NULL, NULL, 'Chỉ vài của mà tự gần đi.', '2026-06-12 15:45:00'),
    (1011, 'SS0089', 'SQ018', NULL, 'A', NULL, '2026-06-12 15:45:00'),
    (1012, 'SS0089', 'SQ015', NULL, 'A', NULL, '2026-06-12 15:45:00'),
    (1013, 'SS0089', 'SQ047', NULL, NULL, 'Thế như theo cách số là các cho để về từ đó trong cũng sau.', '2026-06-12 15:45:00'),
    (1014, 'SS0089', 'SQ017', NULL, 'A', NULL, '2026-06-12 15:45:00'),
    (1015, 'SS0089', 'SQ045', NULL, 'D', NULL, '2026-06-12 15:45:00'),
    (1016, 'SS0089', 'SQ054', NULL, 'B', NULL, '2026-06-12 15:45:00'),
    (1017, 'SS0090', 'SQ031', NULL, NULL, 'Từng cách vì giống vẫn khiến nếu dưới có vậy lớn như thay khi như của.', '2026-06-12 15:45:00'),
    (1018, 'SS0090', 'SQ057', NULL, 'C', NULL, '2026-06-12 15:45:00'),
    (1019, 'SS0090', 'SQ006', 5, NULL, NULL, '2026-06-12 15:45:00'),
    (1020, 'SS0090', 'SQ039', NULL, NULL, 'Với cũng sẽ cái dưới rất điều với từng tự.', '2026-06-12 15:45:00'),
    (1021, 'SS0090', 'SQ025', NULL, NULL, 'Khi các của người mỗi chưa khi các.', '2026-06-12 15:45:00'),
    (1022, 'SS0090', 'SQ008', 2, NULL, NULL, '2026-06-12 15:45:00'),
    (1023, 'SS0090', 'SQ036', NULL, NULL, 'Thay để dưới giữa tự gần không nơi như rất.', '2026-06-12 15:45:00'),
    (1024, 'SS0090', 'SQ019', NULL, 'C', NULL, '2026-06-12 15:45:00'),
    (1025, 'SS0090', 'SQ021', 3, NULL, NULL, '2026-06-12 15:45:00'),
    (1026, 'SS0090', 'SQ011', NULL, 'D', NULL, '2026-06-12 15:45:00'),
    (1027, 'SS0090', 'SQ003', 5, NULL, NULL, '2026-06-12 15:45:00'),
    (1028, 'SS0090', 'SQ035', 5, NULL, NULL, '2026-06-12 15:45:00'),
    (1029, 'SS0090', 'SQ044', NULL, 'D', NULL, '2026-06-12 15:45:00'),
    (1030, 'SS0090', 'SQ058', NULL, 'B', NULL, '2026-06-12 15:45:00'),
    (1031, 'SS0091', 'SQ023', NULL, NULL, 'Người tại vậy với trong điều vẫn để.', '2026-06-12 15:45:00'),
    (1032, 'SS0091', 'SQ042', NULL, 'B', NULL, '2026-06-12 15:45:00'),
    (1033, 'SS0091', 'SQ054', NULL, 'B', NULL, '2026-06-12 15:45:00'),
    (1034, 'SS0091', 'SQ022', NULL, NULL, 'Có tôi số vậy một đã đã hoặc bạn trong trong rất.', '2026-06-12 15:45:00'),
    (1035, 'SS0091', 'SQ040', 1, NULL, NULL, '2026-06-12 15:45:00'),
    (1036, 'SS0091', 'SQ036', NULL, NULL, 'Khiến giữa không tại lớn đó với không giống đó vẫn chưa.', '2026-06-12 15:45:00'),
    (1037, 'SS0091', 'SQ046', NULL, 'B', NULL, '2026-06-12 15:45:00'),
    (1038, 'SS0091', 'SQ004', NULL, 'A', NULL, '2026-06-12 15:45:00'),
    (1039, 'SS0091', 'SQ010', NULL, NULL, 'Của tại từ như của có bạn với tại.', '2026-06-12 15:45:00'),
    (1040, 'SS0091', 'SQ021', 2, NULL, NULL, '2026-06-12 15:45:00'),
    (1041, 'SS0091', 'SQ012', 3, NULL, NULL, '2026-06-12 15:45:00'),
    (1042, 'SS0091', 'SQ037', NULL, 'C', NULL, '2026-06-12 15:45:00'),
    (1043, 'SS0092', 'SQ021', 5, NULL, NULL, '2026-06-12 15:45:00'),
    (1044, 'SS0092', 'SQ034', 4, NULL, NULL, '2026-06-12 15:45:00'),
    (1045, 'SS0092', 'SQ040', 3, NULL, NULL, '2026-06-12 15:45:00'),
    (1046, 'SS0092', 'SQ006', 4, NULL, NULL, '2026-06-12 15:45:00'),
    (1047, 'SS0092', 'SQ041', 5, NULL, NULL, '2026-06-12 15:45:00'),
    (1048, 'SS0092', 'SQ009', NULL, 'B', NULL, '2026-06-12 15:45:00'),
    (1049, 'SS0092', 'SQ002', NULL, 'A', NULL, '2026-06-12 15:45:00'),
    (1050, 'SS0092', 'SQ010', NULL, NULL, 'Hoặc để thì tại như hơn lớn hoặc các tự với nào thay để với.', '2026-06-12 15:45:00'),
    (1051, 'SS0092', 'SQ004', NULL, 'A', NULL, '2026-06-12 15:45:00'),
    (1052, 'SS0092', 'SQ035', 3, NULL, NULL, '2026-06-12 15:45:00'),
    (1053, 'SS0092', 'SQ031', NULL, NULL, 'Đã sau cũng theo cho cái từ hoặc tại từng nhiều đến sau chỉ.', '2026-06-12 15:45:00'),
    (1054, 'SS0092', 'SQ054', NULL, 'C', NULL, '2026-06-12 15:45:00'),
    (1055, 'SS0092', 'SQ023', NULL, NULL, 'Đúng để nếu vì điều từ cũng này cũng là bạn theo các để được tự.', '2026-06-12 15:45:00'),
    (1056, 'SS0092', 'SQ048', NULL, 'C', NULL, '2026-06-12 15:45:00'),
    (1057, 'SS0093', 'SQ005', 5, NULL, NULL, '2026-06-12 15:45:00'),
    (1058, 'SS0093', 'SQ031', NULL, NULL, 'Thế vì hơn làm này giống theo với đến tại đó vẫn.', '2026-06-12 15:45:00'),
    (1059, 'SS0093', 'SQ008', 5, NULL, NULL, '2026-06-12 15:45:00'),
    (1060, 'SS0093', 'SQ012', 2, NULL, NULL, '2026-06-12 15:45:00'),
    (1061, 'SS0093', 'SQ004', NULL, 'A', NULL, '2026-06-12 15:45:00'),
    (1062, 'SS0093', 'SQ009', NULL, 'B', NULL, '2026-06-12 15:45:00'),
    (1063, 'SS0093', 'SQ052', 3, NULL, NULL, '2026-06-12 15:45:00'),
    (1064, 'SS0093', 'SQ042', NULL, 'A', NULL, '2026-06-12 15:45:00'),
    (1065, 'SS0093', 'SQ037', NULL, 'A', NULL, '2026-06-12 15:45:00'),
    (1066, 'SS0093', 'SQ041', 5, NULL, NULL, '2026-06-12 15:45:00'),
    (1067, 'SS0093', 'SQ033', NULL, 'A', NULL, '2026-06-12 15:45:00'),
    (1068, 'SS0093', 'SQ025', NULL, NULL, 'Vì cái dưới đó để là được này của.', '2026-06-12 15:45:00'),
    (1069, 'SS0093', 'SQ056', 2, NULL, NULL, '2026-06-12 15:45:00'),
    (1070, 'SS0093', 'SQ022', NULL, NULL, 'Thì với đúng như làm hoặc cái như để thì đi như này bạn được.', '2026-06-12 15:45:00'),
    (1071, 'SS0094', 'SQ023', NULL, NULL, 'Từng chỉ nhưng sau trong nhưng này từ này để.', '2026-06-12 15:45:00'),
    (1072, 'SS0094', 'SQ028', NULL, 'A', NULL, '2026-06-12 15:45:00'),
    (1073, 'SS0094', 'SQ007', NULL, NULL, 'Vì cái tại về thế điều theo với như.', '2026-06-12 15:45:00'),
    (1074, 'SS0094', 'SQ021', 5, NULL, NULL, '2026-06-12 15:45:00'),
    (1075, 'SS0094', 'SQ003', 2, NULL, NULL, '2026-06-12 15:45:00'),
    (1076, 'SS0094', 'SQ036', NULL, NULL, 'Từng lớn đó đi tại lớn bên tại vậy của điều.', '2026-06-12 15:45:00'),
    (1077, 'SS0094', 'SQ041', 3, NULL, NULL, '2026-06-12 15:45:00'),
    (1078, 'SS0094', 'SQ047', NULL, NULL, 'Cách nơi gần có nơi hơn đúng để đến đến nếu các có tôi có hoặc.', '2026-06-12 15:45:00'),
    (1079, 'SS0094', 'SQ006', 4, NULL, NULL, '2026-06-12 15:45:00'),
    (1080, 'SS0094', 'SQ019', NULL, 'D', NULL, '2026-06-12 15:45:00'),
    (1081, 'SS0094', 'SQ011', NULL, 'B', NULL, '2026-06-12 15:45:00'),
    (1082, 'SS0094', 'SQ045', NULL, 'A', NULL, '2026-06-12 15:45:00'),
    (1083, 'SS0094', 'SQ043', 5, NULL, NULL, '2026-06-12 15:45:00'),
    (1084, 'SS0095', 'SQ008', 2, NULL, NULL, '2026-06-12 15:45:00'),
    (1085, 'SS0095', 'SQ039', NULL, NULL, 'Sau trong từ vậy với với khiến dưới và người tại với cũng với.', '2026-06-12 15:45:00'),
    (1086, 'SS0095', 'SQ060', NULL, 'D', NULL, '2026-06-12 15:45:00'),
    (1087, 'SS0095', 'SQ012', 1, NULL, NULL, '2026-06-12 15:45:00'),
    (1088, 'SS0095', 'SQ021', 4, NULL, NULL, '2026-06-12 15:45:00'),
    (1089, 'SS0095', 'SQ035', 2, NULL, NULL, '2026-06-12 15:45:00'),
    (1090, 'SS0095', 'SQ002', NULL, 'C', NULL, '2026-06-12 15:45:00'),
    (1091, 'SS0095', 'SQ014', NULL, NULL, 'Sẽ làm trong tại tại trong của để giống của.', '2026-06-12 15:45:00'),
    (1092, 'SS0095', 'SQ032', NULL, 'B', NULL, '2026-06-12 15:45:00'),
    (1093, 'SS0095', 'SQ007', NULL, NULL, 'Chỉ nhiều khiến đó nếu cách trong theo mà đến trong.', '2026-06-12 15:45:00'),
    (1094, 'SS0095', 'SQ059', NULL, 'B', NULL, '2026-06-12 15:45:00'),
    (1095, 'SS0095', 'SQ013', 1, NULL, NULL, '2026-06-12 15:45:00'),
    (1096, 'SS0095', 'SQ057', NULL, 'C', NULL, '2026-06-12 15:45:00'),
    (1097, 'SS0096', 'SQ037', NULL, 'D', NULL, '2026-06-12 15:45:00'),
    (1098, 'SS0096', 'SQ049', NULL, NULL, 'Mỗi tại gần đó sẽ hơn cái để vì giống điều.', '2026-06-12 15:45:00'),
    (1099, 'SS0096', 'SQ017', NULL, 'B', NULL, '2026-06-12 15:45:00'),
    (1100, 'SS0096', 'SQ004', NULL, 'A', NULL, '2026-06-12 15:45:00'),
    (1101, 'SS0096', 'SQ036', NULL, NULL, 'Thì theo từ vẫn cũng chưa để cũng cũng khiến sẽ của.', '2026-06-12 15:45:00'),
    (1102, 'SS0096', 'SQ033', NULL, 'B', NULL, '2026-06-12 15:45:00'),
    (1103, 'SS0096', 'SQ018', NULL, 'A', NULL, '2026-06-12 15:45:00'),
    (1104, 'SS0096', 'SQ029', NULL, 'A', NULL, '2026-06-12 15:45:00'),
    (1105, 'SS0096', 'SQ006', 5, NULL, NULL, '2026-06-12 15:45:00'),
    (1106, 'SS0096', 'SQ030', 4, NULL, NULL, '2026-06-12 15:45:00'),
    (1107, 'SS0096', 'SQ011', NULL, 'B', NULL, '2026-06-12 15:45:00'),
    (1108, 'SS0096', 'SQ020', 2, NULL, NULL, '2026-06-12 15:45:00'),
    (1109, 'SS0096', 'SQ058', NULL, 'C', NULL, '2026-06-12 15:45:00'),
    (1110, 'SS0097', 'SQ018', NULL, 'B', NULL, '2026-06-12 15:45:00'),
    (1111, 'SS0097', 'SQ005', 5, NULL, NULL, '2026-06-12 15:45:00'),
    (1112, 'SS0097', 'SQ025', NULL, NULL, 'Như là hơn như để đến từ vẫn giữa giữa nhưng vài điều bạn từng.', '2026-06-12 15:45:00'),
    (1113, 'SS0097', 'SQ042', NULL, 'C', NULL, '2026-06-12 15:45:00'),
    (1114, 'SS0097', 'SQ032', NULL, 'A', NULL, '2026-06-12 15:45:00'),
    (1115, 'SS0097', 'SQ014', NULL, NULL, 'Vài vẫn thay từ để về thế bạn.', '2026-06-12 15:45:00'),
    (1116, 'SS0097', 'SQ039', NULL, NULL, 'Để của như nhưng với đến người.', '2026-06-12 15:45:00'),
    (1117, 'SS0097', 'SQ040', 4, NULL, NULL, '2026-06-12 15:45:00'),
    (1118, 'SS0097', 'SQ051', NULL, NULL, 'Số này đúng đúng cái rất để thay từ được cho.', '2026-06-12 15:45:00'),
    (1119, 'SS0097', 'SQ023', NULL, NULL, 'Về và của rất cái điều nhiều.', '2026-06-12 15:45:00'),
    (1120, 'SS0097', 'SQ048', NULL, 'A', NULL, '2026-06-12 15:45:00'),
    (1121, 'SS0098', 'SQ015', NULL, 'B', NULL, '2026-06-12 15:45:00'),
    (1122, 'SS0098', 'SQ022', NULL, NULL, 'Và trong đó cũng nào gần và cái tự không.', '2026-06-12 15:45:00'),
    (1123, 'SS0098', 'SQ028', NULL, 'A', NULL, '2026-06-12 15:45:00'),
    (1124, 'SS0098', 'SQ030', 4, NULL, NULL, '2026-06-12 15:45:00'),
    (1125, 'SS0098', 'SQ035', 3, NULL, NULL, '2026-06-12 15:45:00'),
    (1126, 'SS0098', 'SQ013', 5, NULL, NULL, '2026-06-12 15:45:00'),
    (1127, 'SS0098', 'SQ024', NULL, NULL, 'Với nào cũng như từ có khi cái.', '2026-06-12 15:45:00'),
    (1128, 'SS0098', 'SQ036', NULL, NULL, 'Gần này vậy dưới của một từ chỉ cũng cũng với vì tôi dưới.', '2026-06-12 15:45:00'),
    (1129, 'SS0098', 'SQ008', 2, NULL, NULL, '2026-06-12 15:45:00'),
    (1130, 'SS0098', 'SQ059', NULL, 'D', NULL, '2026-06-12 15:45:00'),
    (1131, 'SS0098', 'SQ009', NULL, 'C', NULL, '2026-06-12 15:45:00'),
    (1132, 'SS0098', 'SQ037', NULL, 'C', NULL, '2026-06-12 15:45:00'),
    (1133, 'SS0099', 'SQ033', NULL, 'A', NULL, '2026-06-12 15:45:00'),
    (1134, 'SS0099', 'SQ021', 5, NULL, NULL, '2026-06-12 15:45:00'),
    (1135, 'SS0099', 'SQ057', NULL, 'D', NULL, '2026-06-12 15:45:00'),
    (1136, 'SS0099', 'SQ012', 3, NULL, NULL, '2026-06-12 15:45:00'),
    (1137, 'SS0099', 'SQ018', NULL, 'A', NULL, '2026-06-12 15:45:00'),
    (1138, 'SS0099', 'SQ041', 4, NULL, NULL, '2026-06-12 15:45:00'),
    (1139, 'SS0099', 'SQ058', NULL, 'C', NULL, '2026-06-12 15:45:00'),
    (1140, 'SS0099', 'SQ053', NULL, NULL, 'Bên đi có đúng cũng khi thay như.', '2026-06-12 15:45:00'),
    (1141, 'SS0099', 'SQ038', NULL, 'D', NULL, '2026-06-12 15:45:00'),
    (1142, 'SS0099', 'SQ025', NULL, NULL, 'Gần như cũng cho điều chỉ để chưa sau.', '2026-06-12 15:45:00'),
    (1143, 'SS0099', 'SQ056', 3, NULL, NULL, '2026-06-12 15:45:00'),
    (1144, 'SS0099', 'SQ049', NULL, NULL, 'Nếu thay nơi từ nếu cho dưới giống mà cho như giống nơi.', '2026-06-12 15:45:00'),
    (1145, 'SS0099', 'SQ034', 1, NULL, NULL, '2026-06-12 15:45:00'),
    (1146, 'SS0099', 'SQ031', NULL, NULL, 'Một đang có vậy không để đi của bạn của của vẫn.', '2026-06-12 15:45:00'),
    (1147, 'SS0099', 'SQ043', 2, NULL, NULL, '2026-06-12 15:45:00'),
    (1148, 'SS0100', 'SQ045', NULL, 'C', NULL, '2026-06-12 15:45:00'),
    (1149, 'SS0100', 'SQ049', NULL, NULL, 'Cái điều số từng hoặc để mà đang sẽ.', '2026-06-12 15:45:00'),
    (1150, 'SS0100', 'SQ036', NULL, NULL, 'Cách nhiều làm đó chưa lớn hơn thế.', '2026-06-12 15:45:00'),
    (1151, 'SS0100', 'SQ004', NULL, 'B', NULL, '2026-06-12 15:45:00'),
    (1152, 'SS0100', 'SQ014', NULL, NULL, 'Cũng để làm tại sẽ để chỉ vậy đến đang có như.', '2026-06-12 15:45:00'),
    (1153, 'SS0100', 'SQ054', NULL, 'A', NULL, '2026-06-12 15:45:00'),
    (1154, 'SS0100', 'SQ002', NULL, 'A', NULL, '2026-06-12 15:45:00'),
    (1155, 'SS0100', 'SQ050', 3, NULL, NULL, '2026-06-12 15:45:00'),
    (1156, 'SS0100', 'SQ021', 2, NULL, NULL, '2026-06-12 15:45:00'),
    (1157, 'SS0100', 'SQ028', NULL, 'D', NULL, '2026-06-12 15:45:00'),
    (1158, 'SS0100', 'SQ043', 1, NULL, NULL, '2026-06-12 15:45:00'),
    (1159, 'SS0100', 'SQ005', 1, NULL, NULL, '2026-06-12 15:45:00'),
    (1160, 'SS0101', 'SQ053', NULL, NULL, 'Hoặc các và của để gần trong lớn giữa hơn điều mà sau là như để.', '2026-06-12 15:45:00'),
    (1161, 'SS0101', 'SQ015', NULL, 'B', NULL, '2026-06-12 15:45:00'),
    (1162, 'SS0101', 'SQ050', 4, NULL, NULL, '2026-06-12 15:45:00'),
    (1163, 'SS0101', 'SQ009', NULL, 'C', NULL, '2026-06-12 15:45:00'),
    (1164, 'SS0101', 'SQ013', 3, NULL, NULL, '2026-06-12 15:45:00'),
    (1165, 'SS0101', 'SQ038', NULL, 'C', NULL, '2026-06-12 15:45:00'),
    (1166, 'SS0101', 'SQ022', NULL, NULL, 'Nhiều cho có mà vì hơn số.', '2026-06-12 15:45:00'),
    (1167, 'SS0101', 'SQ049', NULL, NULL, 'Nào tự nào bạn chỉ và vài về hơn vẫn vì của vậy được.', '2026-06-12 15:45:00'),
    (1168, 'SS0101', 'SQ012', 5, NULL, NULL, '2026-06-12 15:45:00'),
    (1169, 'SS0101', 'SQ042', NULL, 'B', NULL, '2026-06-12 15:45:00'),
    (1170, 'SS0101', 'SQ059', NULL, 'B', NULL, '2026-06-12 15:45:00'),
    (1171, 'SS0101', 'SQ037', NULL, 'B', NULL, '2026-06-12 15:45:00'),
    (1172, 'SS0101', 'SQ036', NULL, NULL, 'Khiến vậy một hoặc mà tôi cái của vì vẫn và có về nào.', '2026-06-12 15:45:00'),
    (1173, 'SS0101', 'SQ046', NULL, 'D', NULL, '2026-06-12 15:45:00'),
    (1174, 'SS0102', 'SQ020', 1, NULL, NULL, '2026-06-12 15:45:00'),
    (1175, 'SS0102', 'SQ009', NULL, 'B', NULL, '2026-06-12 15:45:00'),
    (1176, 'SS0102', 'SQ034', 3, NULL, NULL, '2026-06-12 15:45:00'),
    (1177, 'SS0102', 'SQ059', NULL, 'B', NULL, '2026-06-12 15:45:00'),
    (1178, 'SS0102', 'SQ022', NULL, NULL, 'Với đúng sau điều cái có trong giữa trong chỉ sẽ để nhiều đó.', '2026-06-12 15:45:00'),
    (1179, 'SS0102', 'SQ002', NULL, 'A', NULL, '2026-06-12 15:45:00'),
    (1180, 'SS0102', 'SQ019', NULL, 'B', NULL, '2026-06-12 15:45:00'),
    (1181, 'SS0102', 'SQ049', NULL, NULL, 'Chưa từ khi để có đúng dưới của mỗi người như gần bạn nào.', '2026-06-12 15:45:00'),
    (1182, 'SS0102', 'SQ056', 1, NULL, NULL, '2026-06-12 15:45:00'),
    (1183, 'SS0103', 'SQ037', NULL, 'A', NULL, '2026-06-12 15:45:00'),
    (1184, 'SS0103', 'SQ014', NULL, NULL, 'Nhiều tôi cách từ hoặc đã có thì điều với.', '2026-06-12 15:45:00'),
    (1185, 'SS0103', 'SQ039', NULL, NULL, 'Có khi với chỉ được của sau từ thay các nhiều.', '2026-06-12 15:45:00'),
    (1186, 'SS0103', 'SQ019', NULL, 'A', NULL, '2026-06-12 15:45:00'),
    (1187, 'SS0103', 'SQ013', 4, NULL, NULL, '2026-06-12 15:45:00'),
    (1188, 'SS0103', 'SQ030', 1, NULL, NULL, '2026-06-12 15:45:00'),
    (1189, 'SS0103', 'SQ002', NULL, 'D', NULL, '2026-06-12 15:45:00'),
    (1190, 'SS0103', 'SQ033', NULL, 'D', NULL, '2026-06-12 15:45:00'),
    (1191, 'SS0103', 'SQ009', NULL, 'B', NULL, '2026-06-12 15:45:00'),
    (1192, 'SS0104', 'SQ015', NULL, 'D', NULL, '2026-06-12 15:45:00'),
    (1193, 'SS0104', 'SQ003', 5, NULL, NULL, '2026-06-12 15:45:00'),
    (1194, 'SS0104', 'SQ046', NULL, 'D', NULL, '2026-06-12 15:45:00'),
    (1195, 'SS0104', 'SQ053', NULL, NULL, 'Của giống như rất cũng nơi nào tại bạn mỗi thì rất cũng một lớn.', '2026-06-12 15:45:00'),
    (1196, 'SS0104', 'SQ018', NULL, 'B', NULL, '2026-06-12 15:45:00'),
    (1197, 'SS0104', 'SQ042', NULL, 'A', NULL, '2026-06-12 15:45:00'),
    (1198, 'SS0104', 'SQ043', 3, NULL, NULL, '2026-06-12 15:45:00'),
    (1199, 'SS0104', 'SQ052', 1, NULL, NULL, '2026-06-12 15:45:00'),
    (1200, 'SS0104', 'SQ002', NULL, 'C', NULL, '2026-06-12 15:45:00'),
    (1201, 'SS0104', 'SQ033', NULL, 'C', NULL, '2026-06-12 15:45:00'),
    (1202, 'SS0104', 'SQ041', 5, NULL, NULL, '2026-06-12 15:45:00'),
    (1203, 'SS0104', 'SQ026', NULL, 'B', NULL, '2026-06-12 15:45:00'),
    (1204, 'SS0104', 'SQ050', 1, NULL, NULL, '2026-06-12 15:45:00'),
    (1205, 'SS0105', 'SQ026', NULL, 'B', NULL, '2026-06-12 15:45:00'),
    (1206, 'SS0105', 'SQ044', NULL, 'A', NULL, '2026-06-12 15:45:00'),
    (1207, 'SS0105', 'SQ053', NULL, NULL, 'Hoặc vài người người vẫn nơi từ làm đang như.', '2026-06-12 15:45:00'),
    (1208, 'SS0105', 'SQ027', NULL, 'C', NULL, '2026-06-12 15:45:00'),
    (1209, 'SS0105', 'SQ023', NULL, NULL, 'Tại lớn các vì thế không từ có khiến từng và thì nếu cũng.', '2026-06-12 15:45:00'),
    (1210, 'SS0105', 'SQ034', 1, NULL, NULL, '2026-06-12 15:45:00'),
    (1211, 'SS0105', 'SQ043', 5, NULL, NULL, '2026-06-12 15:45:00'),
    (1212, 'SS0105', 'SQ046', NULL, 'B', NULL, '2026-06-12 15:45:00'),
    (1213, 'SS0105', 'SQ015', NULL, 'A', NULL, '2026-06-12 15:45:00'),
    (1214, 'SS0105', 'SQ058', NULL, 'A', NULL, '2026-06-12 15:45:00'),
    (1215, 'SS0105', 'SQ032', NULL, 'B', NULL, '2026-06-12 15:45:00'),
    (1216, 'SS0105', 'SQ001', NULL, NULL, 'Từ có có một giữa hơn đó giữa tôi về với mà vài với.', '2026-06-12 15:45:00'),
    (1217, 'SS0105', 'SQ017', NULL, 'D', NULL, '2026-06-12 15:45:00'),
    (1218, 'SS0105', 'SQ013', 1, NULL, NULL, '2026-06-12 15:45:00'),
    (1219, 'SS0105', 'SQ054', NULL, 'D', NULL, '2026-06-12 15:45:00'),
    (1220, 'SS0106', 'SQ042', NULL, 'B', NULL, '2026-06-12 15:45:00'),
    (1221, 'SS0106', 'SQ047', NULL, NULL, 'Hơn nhiều hơn là từ từng bên dưới như cách với tại tại cũng cái như.', '2026-06-12 15:45:00'),
    (1222, 'SS0106', 'SQ016', NULL, NULL, 'Như mỗi hoặc là chưa hoặc điều người đến của để sau tôi được có.', '2026-06-12 15:45:00'),
    (1223, 'SS0106', 'SQ008', 4, NULL, NULL, '2026-06-12 15:45:00'),
    (1224, 'SS0106', 'SQ010', NULL, NULL, 'Làm này cho như đến bạn tự người theo cái.', '2026-06-12 15:45:00'),
    (1225, 'SS0106', 'SQ017', NULL, 'B', NULL, '2026-06-12 15:45:00'),
    (1226, 'SS0106', 'SQ060', NULL, 'A', NULL, '2026-06-12 15:45:00'),
    (1227, 'SS0106', 'SQ007', NULL, NULL, 'Nào từng các vài cho với điều từng thì tại đúng.', '2026-06-12 15:45:00'),
    (1228, 'SS0106', 'SQ009', NULL, 'D', NULL, '2026-06-12 15:45:00'),
    (1229, 'SS0107', 'SQ021', 3, NULL, NULL, '2026-06-12 15:45:00'),
    (1230, 'SS0107', 'SQ057', NULL, 'C', NULL, '2026-06-12 15:45:00'),
    (1231, 'SS0107', 'SQ006', 2, NULL, NULL, '2026-06-12 15:45:00'),
    (1232, 'SS0107', 'SQ013', 2, NULL, NULL, '2026-06-12 15:45:00'),
    (1233, 'SS0107', 'SQ053', NULL, NULL, 'Có khiến về mà vì trong cái đúng cách hơn đó này cho.', '2026-06-12 15:45:00'),
    (1234, 'SS0107', 'SQ012', 3, NULL, NULL, '2026-06-12 15:45:00'),
    (1235, 'SS0107', 'SQ034', 4, NULL, NULL, '2026-06-12 15:45:00'),
    (1236, 'SS0107', 'SQ029', NULL, 'C', NULL, '2026-06-12 15:45:00'),
    (1237, 'SS0108', 'SQ020', 1, NULL, NULL, '2026-06-12 15:45:00'),
    (1238, 'SS0108', 'SQ015', NULL, 'D', NULL, '2026-06-12 15:45:00'),
    (1239, 'SS0108', 'SQ047', NULL, NULL, 'Điều như tại sẽ nơi làm như mỗi này sau một với khi.', '2026-06-12 15:45:00'),
    (1240, 'SS0108', 'SQ035', 1, NULL, NULL, '2026-06-12 15:45:00'),
    (1241, 'SS0108', 'SQ010', NULL, NULL, 'Có nếu khiến từng gần theo mà điều như thế của.', '2026-06-12 15:45:00'),
    (1242, 'SS0108', 'SQ051', NULL, NULL, 'Để để thì chỉ là để dưới các như mỗi.', '2026-06-12 15:45:00'),
    (1243, 'SS0108', 'SQ052', 3, NULL, NULL, '2026-06-12 15:45:00'),
    (1244, 'SS0108', 'SQ038', NULL, 'C', NULL, '2026-06-12 15:45:00'),
    (1245, 'SS0108', 'SQ028', NULL, 'A', NULL, '2026-06-12 15:45:00'),
    (1246, 'SS0108', 'SQ046', NULL, 'C', NULL, '2026-06-12 15:45:00'),
    (1247, 'SS0108', 'SQ007', NULL, NULL, 'Đến đi bạn đó sẽ như từ từng khi vì mà với vài nhiều mà.', '2026-06-12 15:45:00'),
    (1248, 'SS0108', 'SQ018', NULL, 'B', NULL, '2026-06-12 15:45:00'),
    (1249, 'SS0108', 'SQ044', NULL, 'A', NULL, '2026-06-12 15:45:00'),
    (1250, 'SS0108', 'SQ016', NULL, NULL, 'Chỉ tự vậy của giống nhưng rất không không chỉ nhiều nào tại như như.', '2026-06-12 15:45:00'),
    (1251, 'SS0108', 'SQ009', NULL, 'D', NULL, '2026-06-12 15:45:00'),
    (1252, 'SS0109', 'SQ039', NULL, NULL, 'Bên từng vậy hoặc thay gần vậy cũng vẫn lớn của cách sau.', '2026-06-12 15:45:00'),
    (1253, 'SS0109', 'SQ056', 5, NULL, NULL, '2026-06-12 15:45:00'),
    (1254, 'SS0109', 'SQ058', NULL, 'D', NULL, '2026-06-12 15:45:00'),
    (1255, 'SS0109', 'SQ007', NULL, NULL, 'Của chỉ làm như khi tự giữa đúng như.', '2026-06-12 15:45:00'),
    (1256, 'SS0109', 'SQ054', NULL, 'A', NULL, '2026-06-12 15:45:00'),
    (1257, 'SS0109', 'SQ025', NULL, NULL, 'Tự để vậy từ đang của mà được là.', '2026-06-12 15:45:00'),
    (1258, 'SS0109', 'SQ030', 5, NULL, NULL, '2026-06-12 15:45:00'),
    (1259, 'SS0109', 'SQ036', NULL, NULL, 'Để đúng sau chưa thì vậy cái nhưng mà.', '2026-06-12 15:45:00'),
    (1260, 'SS0109', 'SQ049', NULL, NULL, 'Từng nào như này vì từng số rất nào.', '2026-06-12 15:45:00'),
    (1261, 'SS0110', 'SQ050', 4, NULL, NULL, '2026-06-12 15:45:00'),
    (1262, 'SS0110', 'SQ048', NULL, 'D', NULL, '2026-06-12 15:45:00'),
    (1263, 'SS0110', 'SQ007', NULL, NULL, 'Cách hơn dưới như rất cũng được bạn có vì làm có từng.', '2026-06-12 15:45:00'),
    (1264, 'SS0110', 'SQ002', NULL, 'B', NULL, '2026-06-12 15:45:00'),
    (1265, 'SS0110', 'SQ034', 2, NULL, NULL, '2026-06-12 15:45:00'),
    (1266, 'SS0110', 'SQ024', NULL, NULL, 'Nhưng từ chưa số giữa chỉ nếu cũng hoặc tôi như.', '2026-06-12 15:45:00'),
    (1267, 'SS0110', 'SQ051', NULL, NULL, 'Làm như vì từng các người người làm đúng nào.', '2026-06-12 15:45:00'),
    (1268, 'SS0110', 'SQ052', 4, NULL, NULL, '2026-06-12 15:45:00'),
    (1269, 'SS0110', 'SQ033', NULL, 'A', NULL, '2026-06-12 15:45:00'),
    (1270, 'SS0110', 'SQ042', NULL, 'D', NULL, '2026-06-12 15:45:00'),
    (1271, 'SS0110', 'SQ006', 1, NULL, NULL, '2026-06-12 15:45:00'),
    (1272, 'SS0110', 'SQ044', NULL, 'C', NULL, '2026-06-12 15:45:00'),
    (1273, 'SS0110', 'SQ039', NULL, NULL, 'Trong từ trong mỗi được như và khi một giống.', '2026-06-12 15:45:00'),
    (1274, 'SS0110', 'SQ001', NULL, NULL, 'Có hơn dưới rất của tôi từng cho để cũng một.', '2026-06-12 15:45:00'),
    (1275, 'SS0111', 'SQ036', NULL, NULL, 'Đã khi để từ giống vài để đúng rất tự số về để được thế cách.', '2026-06-12 15:45:00'),
    (1276, 'SS0111', 'SQ016', NULL, NULL, 'Số từ tại mà có làm chỉ cách sẽ.', '2026-06-12 15:45:00'),
    (1277, 'SS0111', 'SQ032', NULL, 'A', NULL, '2026-06-12 15:45:00'),
    (1278, 'SS0111', 'SQ014', NULL, NULL, 'Trong thay cái tại như vẫn tôi chỉ từng theo của mà đã.', '2026-06-12 15:45:00'),
    (1279, 'SS0111', 'SQ024', NULL, NULL, 'Rất rất vì như khi vậy vậy rất nếu sẽ sau để.', '2026-06-12 15:45:00'),
    (1280, 'SS0111', 'SQ059', NULL, 'B', NULL, '2026-06-12 15:45:00'),
    (1281, 'SS0111', 'SQ045', NULL, 'D', NULL, '2026-06-12 15:45:00'),
    (1282, 'SS0111', 'SQ034', 4, NULL, NULL, '2026-06-12 15:45:00'),
    (1283, 'SS0111', 'SQ047', NULL, NULL, 'Có đúng số làm chưa về như đến về mà tại để như nhiều chưa.', '2026-06-12 15:45:00'),
    (1284, 'SS0111', 'SQ042', NULL, 'D', NULL, '2026-06-12 15:45:00'),
    (1285, 'SS0111', 'SQ021', 1, NULL, NULL, '2026-06-12 15:45:00'),
    (1286, 'SS0111', 'SQ041', 1, NULL, NULL, '2026-06-12 15:45:00'),
    (1287, 'SS0111', 'SQ028', NULL, 'A', NULL, '2026-06-12 15:45:00'),
    (1288, 'SS0111', 'SQ006', 2, NULL, NULL, '2026-06-12 15:45:00'),
    (1289, 'SS0112', 'SQ052', 1, NULL, NULL, '2026-06-12 15:45:00'),
    (1290, 'SS0112', 'SQ058', NULL, 'C', NULL, '2026-06-12 15:45:00'),
    (1291, 'SS0112', 'SQ042', NULL, 'D', NULL, '2026-06-12 15:45:00'),
    (1292, 'SS0112', 'SQ011', NULL, 'C', NULL, '2026-06-12 15:45:00'),
    (1293, 'SS0112', 'SQ004', NULL, 'D', NULL, '2026-06-12 15:45:00'),
    (1294, 'SS0112', 'SQ054', NULL, 'D', NULL, '2026-06-12 15:45:00'),
    (1295, 'SS0112', 'SQ046', NULL, 'B', NULL, '2026-06-12 15:45:00'),
    (1296, 'SS0112', 'SQ029', NULL, 'C', NULL, '2026-06-12 15:45:00'),
    (1297, 'SS0112', 'SQ056', 2, NULL, NULL, '2026-06-12 15:45:00'),
    (1298, 'SS0112', 'SQ024', NULL, NULL, 'Không đi khi từ điều bên nơi vì nếu.', '2026-06-12 15:45:00'),
    (1299, 'SS0112', 'SQ055', NULL, 'A', NULL, '2026-06-12 15:45:00'),
    (1300, 'SS0112', 'SQ033', NULL, 'B', NULL, '2026-06-12 15:45:00'),
    (1301, 'SS0113', 'SQ054', NULL, 'B', NULL, '2026-06-12 15:45:00'),
    (1302, 'SS0113', 'SQ014', NULL, NULL, 'Sau cái đến của vài cái từ hơn tôi hơn bên một thay.', '2026-06-12 15:45:00'),
    (1303, 'SS0113', 'SQ030', 5, NULL, NULL, '2026-06-12 15:45:00'),
    (1304, 'SS0113', 'SQ044', NULL, 'C', NULL, '2026-06-12 15:45:00'),
    (1305, 'SS0113', 'SQ059', NULL, 'A', NULL, '2026-06-12 15:45:00'),
    (1306, 'SS0113', 'SQ042', NULL, 'C', NULL, '2026-06-12 15:45:00'),
    (1307, 'SS0113', 'SQ010', NULL, NULL, 'Với dưới giữa không hơn vẫn nhưng.', '2026-06-12 15:45:00'),
    (1308, 'SS0113', 'SQ019', NULL, 'A', NULL, '2026-06-12 15:45:00'),
    (1309, 'SS0113', 'SQ034', 3, NULL, NULL, '2026-06-12 15:45:00'),
    (1310, 'SS0114', 'SQ043', 2, NULL, NULL, '2026-06-12 15:45:00'),
    (1311, 'SS0114', 'SQ056', 4, NULL, NULL, '2026-06-12 15:45:00'),
    (1312, 'SS0114', 'SQ047', NULL, NULL, 'Của này hơn nhưng đến làm sau các bạn hơn khiến này.', '2026-06-12 15:45:00'),
    (1313, 'SS0114', 'SQ012', 1, NULL, NULL, '2026-06-12 15:45:00'),
    (1314, 'SS0114', 'SQ027', NULL, 'C', NULL, '2026-06-12 15:45:00'),
    (1315, 'SS0114', 'SQ005', 2, NULL, NULL, '2026-06-12 15:45:00'),
    (1316, 'SS0114', 'SQ017', NULL, 'C', NULL, '2026-06-12 15:45:00'),
    (1317, 'SS0114', 'SQ024', NULL, NULL, 'Như để giống vài cũng có thế về.', '2026-06-12 15:45:00'),
    (1318, 'SS0114', 'SQ033', NULL, 'B', NULL, '2026-06-12 15:45:00'),
    (1319, 'SS0114', 'SQ042', NULL, 'D', NULL, '2026-06-12 15:45:00'),
    (1320, 'SS0115', 'SQ017', NULL, 'D', NULL, '2026-06-12 15:45:00'),
    (1321, 'SS0115', 'SQ045', NULL, 'A', NULL, '2026-06-12 15:45:00'),
    (1322, 'SS0115', 'SQ009', NULL, 'A', NULL, '2026-06-12 15:45:00'),
    (1323, 'SS0115', 'SQ023', NULL, NULL, 'Đến này thì hơn số cho không này trong bạn thì trong từ rất làm.', '2026-06-12 15:45:00'),
    (1324, 'SS0115', 'SQ020', 5, NULL, NULL, '2026-06-12 15:45:00'),
    (1325, 'SS0115', 'SQ043', 2, NULL, NULL, '2026-06-12 15:45:00'),
    (1326, 'SS0115', 'SQ036', NULL, NULL, 'Là của bạn như như khiến số đang của số trong trong.', '2026-06-12 15:45:00'),
    (1327, 'SS0115', 'SQ048', NULL, 'A', NULL, '2026-06-12 15:45:00'),
    (1328, 'SS0115', 'SQ051', NULL, NULL, 'Tại hoặc cách từ được nếu sẽ trong vì như tôi đang tôi điều.', '2026-06-12 15:45:00'),
    (1329, 'SS0115', 'SQ006', 5, NULL, NULL, '2026-06-12 15:45:00'),
    (1330, 'SS0115', 'SQ031', NULL, NULL, 'Vậy giữa đang lớn như là tôi sau cũng được trong để.', '2026-06-12 15:45:00'),
    (1331, 'SS0115', 'SQ060', NULL, 'A', NULL, '2026-06-12 15:45:00'),
    (1332, 'SS0115', 'SQ015', NULL, 'D', NULL, '2026-06-12 15:45:00'),
    (1333, 'SS0115', 'SQ019', NULL, 'A', NULL, '2026-06-12 15:45:00'),
    (1334, 'SS0116', 'SQ046', NULL, 'D', NULL, '2026-06-12 15:45:00'),
    (1335, 'SS0116', 'SQ045', NULL, 'B', NULL, '2026-06-12 15:45:00'),
    (1336, 'SS0116', 'SQ032', NULL, 'D', NULL, '2026-06-12 15:45:00'),
    (1337, 'SS0116', 'SQ016', NULL, NULL, 'Nếu bên để trong không làm để của.', '2026-06-12 15:45:00'),
    (1338, 'SS0116', 'SQ054', NULL, 'B', NULL, '2026-06-12 15:45:00'),
    (1339, 'SS0116', 'SQ015', NULL, 'C', NULL, '2026-06-12 15:45:00'),
    (1340, 'SS0116', 'SQ043', 4, NULL, NULL, '2026-06-12 15:45:00'),
    (1341, 'SS0116', 'SQ035', 4, NULL, NULL, '2026-06-12 15:45:00'),
    (1342, 'SS0116', 'SQ003', 4, NULL, NULL, '2026-06-12 15:45:00'),
    (1343, 'SS0116', 'SQ048', NULL, 'A', NULL, '2026-06-12 15:45:00'),
    (1344, 'SS0116', 'SQ024', NULL, NULL, 'Đang từ khi như vài bên dưới bên mà sẽ.', '2026-06-12 15:45:00'),
    (1345, 'SS0116', 'SQ021', 3, NULL, NULL, '2026-06-12 15:45:00'),
    (1346, 'SS0116', 'SQ030', 4, NULL, NULL, '2026-06-12 15:45:00'),
    (1347, 'SS0116', 'SQ060', NULL, 'B', NULL, '2026-06-12 15:45:00'),
    (1348, 'SS0117', 'SQ015', NULL, 'A', NULL, '2026-06-12 15:45:00'),
    (1349, 'SS0117', 'SQ025', NULL, NULL, 'Như giống tự nếu đúng để cho từng nơi cái trong cách khiến cách.', '2026-06-12 15:45:00'),
    (1350, 'SS0117', 'SQ037', NULL, 'A', NULL, '2026-06-12 15:45:00'),
    (1351, 'SS0117', 'SQ056', 2, NULL, NULL, '2026-06-12 15:45:00'),
    (1352, 'SS0117', 'SQ039', NULL, NULL, 'Mỗi một điều hơn vậy làm cũng từ mà như.', '2026-06-12 15:45:00'),
    (1353, 'SS0117', 'SQ001', NULL, NULL, 'Làm tự cho mỗi hơn vì vì nhiều điều khi của mỗi lớn của đã giống.', '2026-06-12 15:45:00'),
    (1354, 'SS0117', 'SQ059', NULL, 'A', NULL, '2026-06-12 15:45:00'),
    (1355, 'SS0117', 'SQ007', NULL, NULL, 'Hoặc khi mỗi nơi giữa là đến đã đã của nhiều.', '2026-06-12 15:45:00'),
    (1356, 'SS0118', 'SQ017', NULL, 'D', NULL, '2026-06-12 15:45:00'),
    (1357, 'SS0118', 'SQ032', NULL, 'C', NULL, '2026-06-12 15:45:00'),
    (1358, 'SS0118', 'SQ019', NULL, 'D', NULL, '2026-06-12 15:45:00'),
    (1359, 'SS0118', 'SQ051', NULL, NULL, 'Cũng đã như có mỗi cái có khi cho khi mà số.', '2026-06-12 15:45:00'),
    (1360, 'SS0118', 'SQ004', NULL, 'A', NULL, '2026-06-12 15:45:00'),
    (1361, 'SS0118', 'SQ006', 1, NULL, NULL, '2026-06-12 15:45:00'),
    (1362, 'SS0118', 'SQ008', 5, NULL, NULL, '2026-06-12 15:45:00'),
    (1363, 'SS0118', 'SQ049', NULL, NULL, 'Giữa cũng trong vì với hơn khi số trong hơn giữa từ.', '2026-06-12 15:45:00'),
    (1364, 'SS0119', 'SQ027', NULL, 'C', NULL, '2026-06-12 15:45:00'),
    (1365, 'SS0119', 'SQ012', 2, NULL, NULL, '2026-06-12 15:45:00'),
    (1366, 'SS0119', 'SQ028', NULL, 'C', NULL, '2026-06-12 15:45:00'),
    (1367, 'SS0119', 'SQ052', 5, NULL, NULL, '2026-06-12 15:45:00'),
    (1368, 'SS0119', 'SQ031', NULL, NULL, 'Với của vài tôi được điều giống với nào trong và đang.', '2026-06-12 15:45:00'),
    (1369, 'SS0119', 'SQ033', NULL, 'C', NULL, '2026-06-12 15:45:00'),
    (1370, 'SS0119', 'SQ024', NULL, NULL, 'Một để cũng khiến từng như đi người đang đó trong để một các của của.', '2026-06-12 15:45:00'),
    (1371, 'SS0119', 'SQ025', NULL, NULL, 'Từ được của tại điều với hơn thay nhiều cho sẽ.', '2026-06-12 15:45:00'),
    (1372, 'SS0119', 'SQ044', NULL, 'C', NULL, '2026-06-12 15:45:00'),
    (1373, 'SS0119', 'SQ003', 3, NULL, NULL, '2026-06-12 15:45:00'),
    (1374, 'SS0120', 'SQ035', 1, NULL, NULL, '2026-06-12 15:45:00'),
    (1375, 'SS0120', 'SQ033', NULL, 'B', NULL, '2026-06-12 15:45:00'),
    (1376, 'SS0120', 'SQ015', NULL, 'C', NULL, '2026-06-12 15:45:00'),
    (1377, 'SS0120', 'SQ007', NULL, NULL, 'Có thế vì từ vậy vì lớn sẽ.', '2026-06-12 15:45:00'),
    (1378, 'SS0120', 'SQ059', NULL, 'D', NULL, '2026-06-12 15:45:00'),
    (1379, 'SS0120', 'SQ041', 3, NULL, NULL, '2026-06-12 15:45:00'),
    (1380, 'SS0120', 'SQ016', NULL, NULL, 'Vì gần thay gần sau tôi thế.', '2026-06-12 15:45:00'),
    (1381, 'SS0120', 'SQ021', 1, NULL, NULL, '2026-06-12 15:45:00'),
    (1382, 'SS0120', 'SQ050', 3, NULL, NULL, '2026-06-12 15:45:00'),
    (1383, 'SS0120', 'SQ048', NULL, 'C', NULL, '2026-06-12 15:45:00'),
    (1384, 'SS0120', 'SQ036', NULL, NULL, 'Bên thế điều giống này tự nhưng từ gần.', '2026-06-12 15:45:00'),
    (1385, 'SS0120', 'SQ011', NULL, 'D', NULL, '2026-06-12 15:45:00'),
    (1386, 'SS0120', 'SQ039', NULL, NULL, 'Người trong khi giữa vậy của hơn thay bên khiến một số giống.', '2026-06-12 15:45:00'),
    (1387, 'SS0120', 'SQ042', NULL, 'C', NULL, '2026-06-12 15:45:00'),
    (1388, 'SS0121', 'SQ002', NULL, 'A', NULL, '2026-06-12 15:45:00'),
    (1389, 'SS0121', 'SQ041', 4, NULL, NULL, '2026-06-12 15:45:00'),
    (1390, 'SS0121', 'SQ037', NULL, 'C', NULL, '2026-06-12 15:45:00'),
    (1391, 'SS0121', 'SQ011', NULL, 'A', NULL, '2026-06-12 15:45:00'),
    (1392, 'SS0121', 'SQ029', NULL, 'B', NULL, '2026-06-12 15:45:00'),
    (1393, 'SS0121', 'SQ004', NULL, 'C', NULL, '2026-06-12 15:45:00'),
    (1394, 'SS0121', 'SQ005', 4, NULL, NULL, '2026-06-12 15:45:00'),
    (1395, 'SS0121', 'SQ039', NULL, NULL, 'Đúng có từ làm từ các giống cái với như khiến đi.', '2026-06-12 15:45:00'),
    (1396, 'SS0121', 'SQ030', 5, NULL, NULL, '2026-06-12 15:45:00'),
    (1397, 'SS0121', 'SQ006', 4, NULL, NULL, '2026-06-12 15:45:00'),
    (1398, 'SS0122', 'SQ028', NULL, 'D', NULL, '2026-06-12 15:45:00'),
    (1399, 'SS0122', 'SQ046', NULL, 'A', NULL, '2026-06-12 15:45:00'),
    (1400, 'SS0122', 'SQ055', NULL, 'B', NULL, '2026-06-12 15:45:00'),
    (1401, 'SS0122', 'SQ039', NULL, NULL, 'Dưới sau như tôi gần trong với có.', '2026-06-12 15:45:00'),
    (1402, 'SS0122', 'SQ012', 1, NULL, NULL, '2026-06-12 15:45:00'),
    (1403, 'SS0122', 'SQ041', 5, NULL, NULL, '2026-06-12 15:45:00'),
    (1404, 'SS0122', 'SQ053', NULL, NULL, 'Tại giống bên vì sẽ từ với nhiều từ hơn.', '2026-06-12 15:45:00'),
    (1405, 'SS0122', 'SQ021', 2, NULL, NULL, '2026-06-12 15:45:00'),
    (1406, 'SS0122', 'SQ025', NULL, NULL, 'Bạn cũng cách rất điều này để để sẽ.', '2026-06-12 15:45:00'),
    (1407, 'SS0122', 'SQ058', NULL, 'C', NULL, '2026-06-12 15:45:00'),
    (1408, 'SS0122', 'SQ023', NULL, NULL, 'Không giống của giống của thay như lớn khi một khi số.', '2026-06-12 15:45:00'),
    (1409, 'SS0122', 'SQ048', NULL, 'D', NULL, '2026-06-12 15:45:00'),
    (1410, 'SS0122', 'SQ060', NULL, 'B', NULL, '2026-06-12 15:45:00'),
    (1411, 'SS0123', 'SQ036', NULL, NULL, 'Hơn với được cách như của dưới đúng theo có này từ người thế hoặc không.', '2026-06-12 15:45:00'),
    (1412, 'SS0123', 'SQ009', NULL, 'C', NULL, '2026-06-12 15:45:00'),
    (1413, 'SS0123', 'SQ028', NULL, 'C', NULL, '2026-06-12 15:45:00'),
    (1414, 'SS0123', 'SQ038', NULL, 'A', NULL, '2026-06-12 15:45:00'),
    (1415, 'SS0123', 'SQ024', NULL, NULL, 'Tại trong nhiều như bên chưa điều người hơn được gần cái vẫn.', '2026-06-12 15:45:00'),
    (1416, 'SS0123', 'SQ057', NULL, 'C', NULL, '2026-06-12 15:45:00'),
    (1417, 'SS0123', 'SQ043', 1, NULL, NULL, '2026-06-12 15:45:00'),
    (1418, 'SS0123', 'SQ059', NULL, 'D', NULL, '2026-06-12 15:45:00'),
    (1419, 'SS0123', 'SQ018', NULL, 'B', NULL, '2026-06-12 15:45:00'),
    (1420, 'SS0123', 'SQ033', NULL, 'A', NULL, '2026-06-12 15:45:00'),
    (1421, 'SS0123', 'SQ014', NULL, NULL, 'Thế cách theo như mà người như sau từng của cái đang thế như mỗi và.', '2026-06-12 15:45:00'),
    (1422, 'SS0123', 'SQ010', NULL, NULL, 'Giữa có nhưng chỉ vì đến vì cũng đó vì nào để của.', '2026-06-12 15:45:00'),
    (1423, 'SS0123', 'SQ016', NULL, NULL, 'Đã nhiều nào cho người sẽ nếu đó nhiều trong số của điều lớn để của.', '2026-06-12 15:45:00'),
    (1424, 'SS0123', 'SQ058', NULL, 'B', NULL, '2026-06-12 15:45:00'),
    (1425, 'SS0123', 'SQ046', NULL, 'C', NULL, '2026-06-12 15:45:00'),
    (1426, 'SS0124', 'SQ015', NULL, 'D', NULL, '2026-06-12 15:45:00'),
    (1427, 'SS0124', 'SQ036', NULL, NULL, 'Trong cách đến như của của vài chưa của khiến cho theo một tại để.', '2026-06-12 15:45:00'),
    (1428, 'SS0124', 'SQ059', NULL, 'B', NULL, '2026-06-12 15:45:00'),
    (1429, 'SS0124', 'SQ018', NULL, 'B', NULL, '2026-06-12 15:45:00'),
    (1430, 'SS0124', 'SQ053', NULL, NULL, 'Để đi người gần bạn về làm không mỗi hơn chưa trong làm hoặc khi.', '2026-06-12 15:45:00'),
    (1431, 'SS0124', 'SQ044', NULL, 'A', NULL, '2026-06-12 15:45:00'),
    (1432, 'SS0124', 'SQ024', NULL, NULL, 'Vẫn chỉ từ đã dưới trong từ của người trong.', '2026-06-12 15:45:00'),
    (1433, 'SS0124', 'SQ050', 5, NULL, NULL, '2026-06-12 15:45:00'),
    (1434, 'SS0124', 'SQ009', NULL, 'A', NULL, '2026-06-12 15:45:00'),
    (1435, 'SS0124', 'SQ032', NULL, 'D', NULL, '2026-06-12 15:45:00'),
    (1436, 'SS0125', 'SQ009', NULL, 'B', NULL, '2026-06-12 15:45:00'),
    (1437, 'SS0125', 'SQ055', NULL, 'D', NULL, '2026-06-12 15:45:00'),
    (1438, 'SS0125', 'SQ027', NULL, 'C', NULL, '2026-06-12 15:45:00'),
    (1439, 'SS0125', 'SQ010', NULL, NULL, 'Sẽ chưa giữa từ với hoặc đúng chỉ.', '2026-06-12 15:45:00'),
    (1440, 'SS0125', 'SQ042', NULL, 'A', NULL, '2026-06-12 15:45:00'),
    (1441, 'SS0125', 'SQ030', 2, NULL, NULL, '2026-06-12 15:45:00'),
    (1442, 'SS0125', 'SQ022', NULL, NULL, 'Tôi cũng như về cách từ và.', '2026-06-12 15:45:00'),
    (1443, 'SS0125', 'SQ060', NULL, 'B', NULL, '2026-06-12 15:45:00'),
    (1444, 'SS0125', 'SQ005', 1, NULL, NULL, '2026-06-12 15:45:00'),
    (1445, 'SS0125', 'SQ052', 3, NULL, NULL, '2026-06-12 15:45:00'),
    (1446, 'SS0125', 'SQ020', 2, NULL, NULL, '2026-06-12 15:45:00'),
    (1447, 'SS0125', 'SQ013', 4, NULL, NULL, '2026-06-12 15:45:00'),
    (1448, 'SS0126', 'SQ045', NULL, 'D', NULL, '2026-06-12 15:45:00'),
    (1449, 'SS0126', 'SQ020', 1, NULL, NULL, '2026-06-12 15:45:00'),
    (1450, 'SS0126', 'SQ056', 3, NULL, NULL, '2026-06-12 15:45:00'),
    (1451, 'SS0126', 'SQ011', NULL, 'C', NULL, '2026-06-12 15:45:00'),
    (1452, 'SS0126', 'SQ057', NULL, 'A', NULL, '2026-06-12 15:45:00'),
    (1453, 'SS0126', 'SQ039', NULL, NULL, 'Từ giống để bạn chưa theo này của làm cho.', '2026-06-12 15:45:00'),
    (1454, 'SS0126', 'SQ038', NULL, 'B', NULL, '2026-06-12 15:45:00'),
    (1455, 'SS0126', 'SQ026', NULL, 'C', NULL, '2026-06-12 15:45:00'),
    (1456, 'SS0126', 'SQ014', NULL, NULL, 'Có chỉ trong cách người của từng bên đó.', '2026-06-12 15:45:00'),
    (1457, 'SS0126', 'SQ059', NULL, 'D', NULL, '2026-06-12 15:45:00'),
    (1458, 'SS0126', 'SQ050', 5, NULL, NULL, '2026-06-12 15:45:00'),
    (1459, 'SS0126', 'SQ036', NULL, NULL, 'Lớn là chỉ hoặc đó mà người đi người cũng sẽ thì nếu khi.', '2026-06-12 15:45:00'),
    (1460, 'SS0126', 'SQ030', 3, NULL, NULL, '2026-06-12 15:45:00'),
    (1461, 'SS0127', 'SQ004', NULL, 'C', NULL, '2026-06-12 15:45:00'),
    (1462, 'SS0127', 'SQ001', NULL, NULL, 'Cũng hoặc bạn về nào về có làm vẫn làm.', '2026-06-12 15:45:00'),
    (1463, 'SS0127', 'SQ057', NULL, 'B', NULL, '2026-06-12 15:45:00'),
    (1464, 'SS0127', 'SQ054', NULL, 'C', NULL, '2026-06-12 15:45:00'),
    (1465, 'SS0127', 'SQ032', NULL, 'A', NULL, '2026-06-12 15:45:00'),
    (1466, 'SS0127', 'SQ024', NULL, NULL, 'Giữa bạn như các với từ thế.', '2026-06-12 15:45:00'),
    (1467, 'SS0127', 'SQ030', 4, NULL, NULL, '2026-06-12 15:45:00'),
    (1468, 'SS0127', 'SQ058', NULL, 'C', NULL, '2026-06-12 15:45:00'),
    (1469, 'SS0127', 'SQ007', NULL, NULL, 'Khi thay tại có không nếu cho hơn nơi.', '2026-06-12 15:45:00'),
    (1470, 'SS0127', 'SQ042', NULL, 'B', NULL, '2026-06-12 15:45:00'),
    (1471, 'SS0127', 'SQ035', 4, NULL, NULL, '2026-06-12 15:45:00'),
    (1472, 'SS0127', 'SQ053', NULL, NULL, 'Sẽ vì cách tự của đang trong hơn cách.', '2026-06-12 15:45:00'),
    (1473, 'SS0127', 'SQ012', 2, NULL, NULL, '2026-06-12 15:45:00'),
    (1474, 'SS0127', 'SQ033', NULL, 'A', NULL, '2026-06-12 15:45:00'),
    (1475, 'SS0128', 'SQ020', 4, NULL, NULL, '2026-06-12 15:45:00'),
    (1476, 'SS0128', 'SQ057', NULL, 'B', NULL, '2026-06-12 15:45:00'),
    (1477, 'SS0128', 'SQ050', 5, NULL, NULL, '2026-06-12 15:45:00'),
    (1478, 'SS0128', 'SQ038', NULL, 'A', NULL, '2026-06-12 15:45:00'),
    (1479, 'SS0128', 'SQ033', NULL, 'D', NULL, '2026-06-12 15:45:00'),
    (1480, 'SS0128', 'SQ011', NULL, 'B', NULL, '2026-06-12 15:45:00'),
    (1481, 'SS0128', 'SQ042', NULL, 'B', NULL, '2026-06-12 15:45:00'),
    (1482, 'SS0128', 'SQ045', NULL, 'B', NULL, '2026-06-12 15:45:00'),
    (1483, 'SS0128', 'SQ012', 3, NULL, NULL, '2026-06-12 15:45:00'),
    (1484, 'SS0128', 'SQ022', NULL, NULL, 'Thay có đã sau và với như đến.', '2026-06-12 15:45:00'),
    (1485, 'SS0128', 'SQ029', NULL, 'D', NULL, '2026-06-12 15:45:00'),
    (1486, 'SS0128', 'SQ049', NULL, NULL, 'Đã sau có của thế các vẫn cũng lớn nhiều đi nào hơn.', '2026-06-12 15:45:00'),
    (1487, 'SS0129', 'SQ026', NULL, 'A', NULL, '2026-06-12 15:45:00'),
    (1488, 'SS0129', 'SQ006', 3, NULL, NULL, '2026-06-12 15:45:00'),
    (1489, 'SS0129', 'SQ058', NULL, 'C', NULL, '2026-06-12 15:45:00'),
    (1490, 'SS0129', 'SQ056', 2, NULL, NULL, '2026-06-12 15:45:00'),
    (1491, 'SS0129', 'SQ044', NULL, 'B', NULL, '2026-06-12 15:45:00'),
    (1492, 'SS0129', 'SQ002', NULL, 'B', NULL, '2026-06-12 15:45:00'),
    (1493, 'SS0129', 'SQ031', NULL, NULL, 'Giống rất chỉ một dưới giữa như khi được với có cũng dưới nhiều tôi.', '2026-06-12 15:45:00'),
    (1494, 'SS0129', 'SQ028', NULL, 'B', NULL, '2026-06-12 15:45:00'),
    (1495, 'SS0129', 'SQ033', NULL, 'A', NULL, '2026-06-12 15:45:00'),
    (1496, 'SS0129', 'SQ040', 2, NULL, NULL, '2026-06-12 15:45:00'),
    (1497, 'SS0129', 'SQ011', NULL, 'D', NULL, '2026-06-12 15:45:00'),
    (1498, 'SS0129', 'SQ053', NULL, NULL, 'Của tại đã hơn giữa bên giống về với như với người.', '2026-06-12 15:45:00'),
    (1499, 'SS0129', 'SQ052', 4, NULL, NULL, '2026-06-12 15:45:00'),
    (1500, 'SS0129', 'SQ048', NULL, 'A', NULL, '2026-06-12 15:45:00'),
    (1501, 'SS0130', 'SQ036', NULL, NULL, 'Như số trong khi khiến vẫn tại số khi trong đúng từ theo điều để.', '2026-06-12 15:45:00'),
    (1502, 'SS0130', 'SQ053', NULL, NULL, 'Chưa các lớn nhiều của trong nhưng cách người tại như.', '2026-06-12 15:45:00'),
    (1503, 'SS0130', 'SQ054', NULL, 'A', NULL, '2026-06-12 15:45:00'),
    (1504, 'SS0130', 'SQ006', 4, NULL, NULL, '2026-06-12 15:45:00'),
    (1505, 'SS0130', 'SQ009', NULL, 'D', NULL, '2026-06-12 15:45:00'),
    (1506, 'SS0130', 'SQ052', 2, NULL, NULL, '2026-06-12 15:45:00'),
    (1507, 'SS0130', 'SQ005', 3, NULL, NULL, '2026-06-12 15:45:00'),
    (1508, 'SS0130', 'SQ027', NULL, 'B', NULL, '2026-06-12 15:45:00'),
    (1509, 'SS0130', 'SQ047', NULL, NULL, 'Để trong cái hơn để để đến như người vài một người.', '2026-06-12 15:45:00'),
    (1510, 'SS0130', 'SQ044', NULL, 'C', NULL, '2026-06-12 15:45:00'),
    (1511, 'SS0130', 'SQ035', 1, NULL, NULL, '2026-06-12 15:45:00'),
    (1512, 'SS0130', 'SQ041', 5, NULL, NULL, '2026-06-12 15:45:00'),
    (1513, 'SS0130', 'SQ021', 3, NULL, NULL, '2026-06-12 15:45:00'),
    (1514, 'SS0131', 'SQ047', NULL, NULL, 'Như tự bạn cũng mỗi thế tự nhưng khi để và đó từ cho như.', '2026-06-12 15:45:00'),
    (1515, 'SS0131', 'SQ029', NULL, 'C', NULL, '2026-06-12 15:45:00'),
    (1516, 'SS0131', 'SQ008', 5, NULL, NULL, '2026-06-12 15:45:00'),
    (1517, 'SS0131', 'SQ041', 5, NULL, NULL, '2026-06-12 15:45:00'),
    (1518, 'SS0131', 'SQ011', NULL, 'B', NULL, '2026-06-12 15:45:00'),
    (1519, 'SS0131', 'SQ043', 1, NULL, NULL, '2026-06-12 15:45:00'),
    (1520, 'SS0131', 'SQ059', NULL, 'A', NULL, '2026-06-12 15:45:00'),
    (1521, 'SS0131', 'SQ049', NULL, NULL, 'Khiến với sẽ bạn có thế có vẫn rất tôi tự tôi đã như.', '2026-06-12 15:45:00'),
    (1522, 'SS0131', 'SQ010', NULL, NULL, 'Vài cũng của vậy để thế tại nhưng nào có lớn vì vài trong về.', '2026-06-12 15:45:00'),
    (1523, 'SS0132', 'SQ034', 2, NULL, NULL, '2026-06-12 15:45:00'),
    (1524, 'SS0132', 'SQ017', NULL, 'C', NULL, '2026-06-12 15:45:00'),
    (1525, 'SS0132', 'SQ027', NULL, 'D', NULL, '2026-06-12 15:45:00'),
    (1526, 'SS0132', 'SQ041', 1, NULL, NULL, '2026-06-12 15:45:00'),
    (1527, 'SS0132', 'SQ005', 1, NULL, NULL, '2026-06-12 15:45:00'),
    (1528, 'SS0132', 'SQ010', NULL, NULL, 'Cũng theo vậy dưới đi như vài.', '2026-06-12 15:45:00'),
    (1529, 'SS0132', 'SQ049', NULL, NULL, 'Điều thế để hơn của như là các người chỉ của.', '2026-06-12 15:45:00'),
    (1530, 'SS0132', 'SQ011', NULL, 'D', NULL, '2026-06-12 15:45:00'),
    (1531, 'SS0132', 'SQ031', NULL, NULL, 'Tự khi trong trong lớn của cũng.', '2026-06-12 15:45:00'),
    (1532, 'SS0132', 'SQ018', NULL, 'B', NULL, '2026-06-12 15:45:00'),
    (1533, 'SS0132', 'SQ013', 1, NULL, NULL, '2026-06-12 15:45:00'),
    (1534, 'SS0132', 'SQ014', NULL, NULL, 'Đúng dưới với cũng một theo vì là.', '2026-06-12 15:45:00'),
    (1535, 'SS0133', 'SQ028', NULL, 'A', NULL, '2026-06-12 15:45:00'),
    (1536, 'SS0133', 'SQ025', NULL, NULL, 'Chỉ vì được thế làm về mỗi nơi như.', '2026-06-12 15:45:00'),
    (1537, 'SS0133', 'SQ060', NULL, 'C', NULL, '2026-06-12 15:45:00'),
    (1538, 'SS0133', 'SQ014', NULL, NULL, 'Để một dưới lớn đã sau gần từng chưa theo trong vậy.', '2026-06-12 15:45:00'),
    (1539, 'SS0133', 'SQ020', 2, NULL, NULL, '2026-06-12 15:45:00'),
    (1540, 'SS0133', 'SQ019', NULL, 'B', NULL, '2026-06-12 15:45:00'),
    (1541, 'SS0133', 'SQ051', NULL, NULL, 'Nhưng như làm rất thế khi thế vậy của vậy thì trong như tự để nhiều.', '2026-06-12 15:45:00'),
    (1542, 'SS0133', 'SQ042', NULL, 'D', NULL, '2026-06-12 15:45:00'),
    (1543, 'SS0133', 'SQ035', 4, NULL, NULL, '2026-06-12 15:45:00'),
    (1544, 'SS0133', 'SQ053', NULL, NULL, 'Bạn không trong với nhiều hoặc sẽ để có để nhiều.', '2026-06-12 15:45:00'),
    (1545, 'SS0133', 'SQ048', NULL, 'B', NULL, '2026-06-12 15:45:00'),
    (1546, 'SS0133', 'SQ058', NULL, 'D', NULL, '2026-06-12 15:45:00'),
    (1547, 'SS0134', 'SQ015', NULL, 'B', NULL, '2026-06-12 15:45:00'),
    (1548, 'SS0134', 'SQ007', NULL, NULL, 'Bạn rất được đã nhiều nhiều lớn làm như.', '2026-06-12 15:45:00'),
    (1549, 'SS0134', 'SQ016', NULL, NULL, 'Làm làm để đó trong hơn có nhiều để như theo.', '2026-06-12 15:45:00'),
    (1550, 'SS0134', 'SQ044', NULL, 'C', NULL, '2026-06-12 15:45:00'),
    (1551, 'SS0134', 'SQ008', 5, NULL, NULL, '2026-06-12 15:45:00'),
    (1552, 'SS0134', 'SQ035', 4, NULL, NULL, '2026-06-12 15:45:00'),
    (1553, 'SS0134', 'SQ003', 3, NULL, NULL, '2026-06-12 15:45:00'),
    (1554, 'SS0134', 'SQ002', NULL, 'B', NULL, '2026-06-12 15:45:00'),
    (1555, 'SS0134', 'SQ046', NULL, 'A', NULL, '2026-06-12 15:45:00'),
    (1556, 'SS0134', 'SQ004', NULL, 'C', NULL, '2026-06-12 15:45:00'),
    (1557, 'SS0134', 'SQ057', NULL, 'D', NULL, '2026-06-12 15:45:00'),
    (1558, 'SS0134', 'SQ039', NULL, NULL, 'Như cũng của thay của với như đi nơi một được với lớn.', '2026-06-12 15:45:00'),
    (1559, 'SS0134', 'SQ037', NULL, 'C', NULL, '2026-06-12 15:45:00'),
    (1560, 'SS0134', 'SQ012', 4, NULL, NULL, '2026-06-12 15:45:00'),
    (1561, 'SS0134', 'SQ028', NULL, 'A', NULL, '2026-06-12 15:45:00'),
    (1562, 'SS0135', 'SQ014', NULL, NULL, 'Nơi này hoặc đúng từng như một chưa mà cái nhưng.', '2026-06-12 15:45:00'),
    (1563, 'SS0135', 'SQ049', NULL, NULL, 'Là hơn khi cũng từng sẽ thế mà như khiến để cái.', '2026-06-12 15:45:00'),
    (1564, 'SS0135', 'SQ032', NULL, 'D', NULL, '2026-06-12 15:45:00'),
    (1565, 'SS0135', 'SQ011', NULL, 'A', NULL, '2026-06-12 15:45:00'),
    (1566, 'SS0135', 'SQ058', NULL, 'D', NULL, '2026-06-12 15:45:00'),
    (1567, 'SS0135', 'SQ054', NULL, 'B', NULL, '2026-06-12 15:45:00'),
    (1568, 'SS0135', 'SQ022', NULL, NULL, 'Lớn chưa một điều thì trong gần nơi các.', '2026-06-12 15:45:00'),
    (1569, 'SS0135', 'SQ024', NULL, NULL, 'Này để vài theo nơi vậy đó về sau.', '2026-06-12 15:45:00'),
    (1570, 'SS0135', 'SQ009', NULL, 'C', NULL, '2026-06-12 15:45:00'),
    (1571, 'SS0135', 'SQ051', NULL, NULL, 'Một để khi mỗi mà để như rất như theo như bên.', '2026-06-12 15:45:00'),
    (1572, 'SS0136', 'SQ043', 3, NULL, NULL, '2026-06-12 15:45:00'),
    (1573, 'SS0136', 'SQ039', NULL, NULL, 'Với như vì tự chưa đến đúng với thì của.', '2026-06-12 15:45:00'),
    (1574, 'SS0136', 'SQ008', 4, NULL, NULL, '2026-06-12 15:45:00'),
    (1575, 'SS0136', 'SQ010', NULL, NULL, 'Đến các hoặc từng như gần theo như đã chưa của khiến làm chỉ.', '2026-06-12 15:45:00'),
    (1576, 'SS0136', 'SQ047', NULL, NULL, 'Vài thế vẫn dưới tại vẫn của tự rất.', '2026-06-12 15:45:00'),
    (1577, 'SS0136', 'SQ015', NULL, 'A', NULL, '2026-06-12 15:45:00'),
    (1578, 'SS0136', 'SQ048', NULL, 'C', NULL, '2026-06-12 15:45:00'),
    (1579, 'SS0136', 'SQ017', NULL, 'C', NULL, '2026-06-12 15:45:00'),
    (1580, 'SS0136', 'SQ020', 1, NULL, NULL, '2026-06-12 15:45:00'),
    (1581, 'SS0136', 'SQ058', NULL, 'C', NULL, '2026-06-12 15:45:00'),
    (1582, 'SS0137', 'SQ060', NULL, 'C', NULL, '2026-06-12 15:45:00'),
    (1583, 'SS0137', 'SQ010', NULL, NULL, 'Về nào các nhiều các thế vì đó cái để dưới này có nơi để.', '2026-06-12 15:45:00'),
    (1584, 'SS0137', 'SQ039', NULL, NULL, 'Là làm đúng của từng thế thay một đúng là giống sau hơn của từ.', '2026-06-12 15:45:00'),
    (1585, 'SS0137', 'SQ004', NULL, 'A', NULL, '2026-06-12 15:45:00'),
    (1586, 'SS0137', 'SQ029', NULL, 'C', NULL, '2026-06-12 15:45:00'),
    (1587, 'SS0137', 'SQ056', 2, NULL, NULL, '2026-06-12 15:45:00'),
    (1588, 'SS0137', 'SQ059', NULL, 'B', NULL, '2026-06-12 15:45:00'),
    (1589, 'SS0137', 'SQ012', 3, NULL, NULL, '2026-06-12 15:45:00'),
    (1590, 'SS0137', 'SQ040', 5, NULL, NULL, '2026-06-12 15:45:00'),
    (1591, 'SS0138', 'SQ033', NULL, 'A', NULL, '2026-06-12 15:45:00'),
    (1592, 'SS0138', 'SQ028', NULL, 'A', NULL, '2026-06-12 15:45:00'),
    (1593, 'SS0138', 'SQ052', 3, NULL, NULL, '2026-06-12 15:45:00'),
    (1594, 'SS0138', 'SQ043', 1, NULL, NULL, '2026-06-12 15:45:00'),
    (1595, 'SS0138', 'SQ015', NULL, 'C', NULL, '2026-06-12 15:45:00'),
    (1596, 'SS0138', 'SQ005', 2, NULL, NULL, '2026-06-12 15:45:00'),
    (1597, 'SS0138', 'SQ013', 2, NULL, NULL, '2026-06-12 15:45:00'),
    (1598, 'SS0138', 'SQ053', NULL, NULL, 'Lớn có của điều giữa sau hơn trong như như khiến hoặc.', '2026-06-12 15:45:00'),
    (1599, 'SS0138', 'SQ060', NULL, 'B', NULL, '2026-06-12 15:45:00'),
    (1600, 'SS0138', 'SQ012', 1, NULL, NULL, '2026-06-12 15:45:00'),
    (1601, 'SS0138', 'SQ039', NULL, NULL, 'Vài như cũng người thế đi như đến thế như cũng lớn nếu bạn với.', '2026-06-12 15:45:00'),
    (1602, 'SS0138', 'SQ007', NULL, NULL, 'Là với và trong thế và sẽ thì khi nhiều khi thế.', '2026-06-12 15:45:00'),
    (1603, 'SS0138', 'SQ023', NULL, NULL, 'Tại để sẽ của số nếu đang và sau như dưới đã điều làm.', '2026-06-12 15:45:00'),
    (1604, 'SS0139', 'SQ016', NULL, NULL, 'Số bên giữa vì trong gần trong số cũng bạn được nhưng giữa.', '2026-06-12 15:45:00'),
    (1605, 'SS0139', 'SQ057', NULL, 'B', NULL, '2026-06-12 15:45:00'),
    (1606, 'SS0139', 'SQ031', NULL, NULL, 'Từng điều sau trong vậy điều nếu vậy vẫn.', '2026-06-12 15:45:00'),
    (1607, 'SS0139', 'SQ048', NULL, 'C', NULL, '2026-06-12 15:45:00'),
    (1608, 'SS0139', 'SQ019', NULL, 'C', NULL, '2026-06-12 15:45:00'),
    (1609, 'SS0139', 'SQ036', NULL, NULL, 'Như hoặc giữa sẽ nơi các bạn trong vẫn thay cũng tại để.', '2026-06-12 15:45:00'),
    (1610, 'SS0139', 'SQ008', 4, NULL, NULL, '2026-06-12 15:45:00'),
    (1611, 'SS0139', 'SQ021', 4, NULL, NULL, '2026-06-12 15:45:00'),
    (1612, 'SS0140', 'SQ050', 3, NULL, NULL, '2026-06-12 15:45:00'),
    (1613, 'SS0140', 'SQ015', NULL, 'D', NULL, '2026-06-12 15:45:00'),
    (1614, 'SS0140', 'SQ051', NULL, NULL, 'Vẫn cho các đúng của đến tại được người giữa đúng chưa.', '2026-06-12 15:45:00'),
    (1615, 'SS0140', 'SQ056', 4, NULL, NULL, '2026-06-12 15:45:00'),
    (1616, 'SS0140', 'SQ013', 4, NULL, NULL, '2026-06-12 15:45:00'),
    (1617, 'SS0140', 'SQ058', NULL, 'D', NULL, '2026-06-12 15:45:00'),
    (1618, 'SS0140', 'SQ023', NULL, NULL, 'Như không điều từng và của như là tự.', '2026-06-12 15:45:00'),
    (1619, 'SS0140', 'SQ027', NULL, 'A', NULL, '2026-06-12 15:45:00'),
    (1620, 'SS0140', 'SQ040', 5, NULL, NULL, '2026-06-12 15:45:00'),
    (1621, 'SS0140', 'SQ041', 2, NULL, NULL, '2026-06-12 15:45:00'),
    (1622, 'SS0141', 'SQ008', 2, NULL, NULL, '2026-06-12 15:45:00'),
    (1623, 'SS0141', 'SQ048', NULL, 'B', NULL, '2026-06-12 15:45:00'),
    (1624, 'SS0141', 'SQ025', NULL, NULL, 'Đến lớn cho chưa nhiều trong vài để từ.', '2026-06-12 15:45:00'),
    (1625, 'SS0141', 'SQ001', NULL, NULL, 'Số khi đã rất rất đang người cho thay là.', '2026-06-12 15:45:00'),
    (1626, 'SS0141', 'SQ002', NULL, 'A', NULL, '2026-06-12 15:45:00'),
    (1627, 'SS0141', 'SQ044', NULL, 'D', NULL, '2026-06-12 15:45:00'),
    (1628, 'SS0141', 'SQ032', NULL, 'A', NULL, '2026-06-12 15:45:00'),
    (1629, 'SS0141', 'SQ026', NULL, 'C', NULL, '2026-06-12 15:45:00'),
    (1630, 'SS0142', 'SQ002', NULL, 'B', NULL, '2026-06-12 15:45:00'),
    (1631, 'SS0142', 'SQ060', NULL, 'C', NULL, '2026-06-12 15:45:00'),
    (1632, 'SS0142', 'SQ047', NULL, NULL, 'Vẫn sau bạn chưa một này khiến một sau.', '2026-06-12 15:45:00'),
    (1633, 'SS0142', 'SQ026', NULL, 'C', NULL, '2026-06-12 15:45:00'),
    (1634, 'SS0142', 'SQ055', NULL, 'C', NULL, '2026-06-12 15:45:00'),
    (1635, 'SS0142', 'SQ049', NULL, NULL, 'Điều nào tôi tại tôi lớn người như sẽ cũng.', '2026-06-12 15:45:00'),
    (1636, 'SS0142', 'SQ010', NULL, NULL, 'Người vậy đi như đó sẽ hơn khiến để gần.', '2026-06-12 15:45:00'),
    (1637, 'SS0142', 'SQ025', NULL, NULL, 'Giữa giống tại tại mà như từ với cách và chưa có chỉ.', '2026-06-12 15:45:00'),
    (1638, 'SS0142', 'SQ028', NULL, 'B', NULL, '2026-06-12 15:45:00'),
    (1639, 'SS0142', 'SQ042', NULL, 'A', NULL, '2026-06-12 15:45:00'),
    (1640, 'SS0143', 'SQ058', NULL, 'C', NULL, '2026-06-12 15:45:00'),
    (1641, 'SS0143', 'SQ060', NULL, 'B', NULL, '2026-06-12 15:45:00'),
    (1642, 'SS0143', 'SQ049', NULL, NULL, 'Mà vẫn bên từng nhiều có gần hoặc như về vài làm.', '2026-06-12 15:45:00'),
    (1643, 'SS0143', 'SQ043', 3, NULL, NULL, '2026-06-12 15:45:00'),
    (1644, 'SS0143', 'SQ051', NULL, NULL, 'Giữa khiến sẽ theo hoặc các tại dưới đi.', '2026-06-12 15:45:00'),
    (1645, 'SS0143', 'SQ016', NULL, NULL, 'Điều vẫn trong cho như đến của mỗi.', '2026-06-12 15:45:00'),
    (1646, 'SS0143', 'SQ059', NULL, 'A', NULL, '2026-06-12 15:45:00'),
    (1647, 'SS0143', 'SQ022', NULL, NULL, 'Và một một đi hoặc cách vậy vẫn bên nhưng thay chỉ trong.', '2026-06-12 15:45:00'),
    (1648, 'SS0143', 'SQ009', NULL, 'A', NULL, '2026-06-12 15:45:00'),
    (1649, 'SS0143', 'SQ054', NULL, 'B', NULL, '2026-06-12 15:45:00'),
    (1650, 'SS0143', 'SQ041', 4, NULL, NULL, '2026-06-12 15:45:00'),
    (1651, 'SS0143', 'SQ024', NULL, NULL, 'Tự như với hơn để từ nào rất như khi để.', '2026-06-12 15:45:00'),
    (1652, 'SS0143', 'SQ020', 2, NULL, NULL, '2026-06-12 15:45:00'),
    (1653, 'SS0143', 'SQ040', 5, NULL, NULL, '2026-06-12 15:45:00'),
    (1654, 'SS0143', 'SQ006', 2, NULL, NULL, '2026-06-12 15:45:00'),
    (1655, 'SS0144', 'SQ050', 1, NULL, NULL, '2026-06-12 15:45:00'),
    (1656, 'SS0144', 'SQ017', NULL, 'C', NULL, '2026-06-12 15:45:00'),
    (1657, 'SS0144', 'SQ011', NULL, 'C', NULL, '2026-06-12 15:45:00'),
    (1658, 'SS0144', 'SQ044', NULL, 'B', NULL, '2026-06-12 15:45:00'),
    (1659, 'SS0144', 'SQ059', NULL, 'B', NULL, '2026-06-12 15:45:00'),
    (1660, 'SS0144', 'SQ052', 1, NULL, NULL, '2026-06-12 15:45:00'),
    (1661, 'SS0144', 'SQ047', NULL, NULL, 'Gần mà không vẫn vì vậy rất gần khiến.', '2026-06-12 15:45:00'),
    (1662, 'SS0144', 'SQ043', 5, NULL, NULL, '2026-06-12 15:45:00'),
    (1663, 'SS0144', 'SQ009', NULL, 'B', NULL, '2026-06-12 15:45:00'),
    (1664, 'SS0144', 'SQ021', 5, NULL, NULL, '2026-06-12 15:45:00'),
    (1665, 'SS0144', 'SQ018', NULL, 'A', NULL, '2026-06-12 15:45:00'),
    (1666, 'SS0144', 'SQ040', 4, NULL, NULL, '2026-06-12 15:45:00'),
    (1667, 'SS0144', 'SQ039', NULL, NULL, 'Đang để từng bạn để hoặc thế rất của.', '2026-06-12 15:45:00'),
    (1668, 'SS0145', 'SQ016', NULL, NULL, 'Từ từ là vẫn của vẫn như trong tại chưa.', '2026-06-12 15:45:00'),
    (1669, 'SS0145', 'SQ008', 3, NULL, NULL, '2026-06-12 15:45:00'),
    (1670, 'SS0145', 'SQ018', NULL, 'D', NULL, '2026-06-12 15:45:00'),
    (1671, 'SS0145', 'SQ010', NULL, NULL, 'Người để dưới vẫn như tôi vì nếu.', '2026-06-12 15:45:00'),
    (1672, 'SS0145', 'SQ047', NULL, NULL, 'Có của khi thì nếu một như theo đang được.', '2026-06-12 15:45:00'),
    (1673, 'SS0145', 'SQ056', 4, NULL, NULL, '2026-06-12 15:45:00'),
    (1674, 'SS0145', 'SQ057', NULL, 'D', NULL, '2026-06-12 15:45:00'),
    (1675, 'SS0145', 'SQ025', NULL, NULL, 'Các khi trong theo đến thay và sẽ đến các.', '2026-06-12 15:45:00'),
    (1676, 'SS0145', 'SQ012', 3, NULL, NULL, '2026-06-12 15:45:00'),
    (1677, 'SS0145', 'SQ011', NULL, 'C', NULL, '2026-06-12 15:45:00'),
    (1678, 'SS0145', 'SQ043', 1, NULL, NULL, '2026-06-12 15:45:00'),
    (1679, 'SS0145', 'SQ027', NULL, 'B', NULL, '2026-06-12 15:45:00'),
    (1680, 'SS0145', 'SQ053', NULL, NULL, 'Giống đang vẫn thì tại người cái chỉ nào giữa như của tự đến.', '2026-06-12 15:45:00'),
    (1681, 'SS0145', 'SQ003', 1, NULL, NULL, '2026-06-12 15:45:00'),
    (1682, 'SS0145', 'SQ006', 2, NULL, NULL, '2026-06-12 15:45:00'),
    (1683, 'SS0146', 'SQ021', 5, NULL, NULL, '2026-06-12 15:45:00'),
    (1684, 'SS0146', 'SQ007', NULL, NULL, 'Để có cách thì cũng vài đang rất nơi đó như mỗi tôi.', '2026-06-12 15:45:00'),
    (1685, 'SS0146', 'SQ060', NULL, 'B', NULL, '2026-06-12 15:45:00'),
    (1686, 'SS0146', 'SQ013', 1, NULL, NULL, '2026-06-12 15:45:00'),
    (1687, 'SS0146', 'SQ006', 1, NULL, NULL, '2026-06-12 15:45:00'),
    (1688, 'SS0146', 'SQ038', NULL, 'D', NULL, '2026-06-12 15:45:00'),
    (1689, 'SS0146', 'SQ025', NULL, NULL, 'Có tự với đó một trong chưa từ của để số một đang bạn.', '2026-06-12 15:45:00'),
    (1690, 'SS0146', 'SQ059', NULL, 'B', NULL, '2026-06-12 15:45:00'),
    (1691, 'SS0147', 'SQ017', NULL, 'C', NULL, '2026-06-12 15:45:00'),
    (1692, 'SS0147', 'SQ048', NULL, 'A', NULL, '2026-06-12 15:45:00'),
    (1693, 'SS0147', 'SQ009', NULL, 'D', NULL, '2026-06-12 15:45:00'),
    (1694, 'SS0147', 'SQ045', NULL, 'A', NULL, '2026-06-12 15:45:00'),
    (1695, 'SS0147', 'SQ037', NULL, 'B', NULL, '2026-06-12 15:45:00'),
    (1696, 'SS0147', 'SQ046', NULL, 'B', NULL, '2026-06-12 15:45:00'),
    (1697, 'SS0147', 'SQ029', NULL, 'A', NULL, '2026-06-12 15:45:00'),
    (1698, 'SS0147', 'SQ008', 2, NULL, NULL, '2026-06-12 15:45:00'),
    (1699, 'SS0147', 'SQ024', NULL, NULL, 'Vì như tôi giống để của tại cách tại thay nhưng nơi nếu bên điều.', '2026-06-12 15:45:00'),
    (1700, 'SS0147', 'SQ039', NULL, NULL, 'Đến được có giữa của là trong được gần giữa mỗi sẽ có sau.', '2026-06-12 15:45:00'),
    (1701, 'SS0147', 'SQ002', NULL, 'C', NULL, '2026-06-12 15:45:00'),
    (1702, 'SS0147', 'SQ038', NULL, 'C', NULL, '2026-06-12 15:45:00'),
    (1703, 'SS0147', 'SQ041', 5, NULL, NULL, '2026-06-12 15:45:00'),
    (1704, 'SS0148', 'SQ022', NULL, NULL, 'Để như cũng để của sẽ này đó từ của.', '2026-06-12 15:45:00'),
    (1705, 'SS0148', 'SQ049', NULL, NULL, 'Đang giống vẫn mỗi tự như hoặc thì cái các của.', '2026-06-12 15:45:00'),
    (1706, 'SS0148', 'SQ057', NULL, 'A', NULL, '2026-06-12 15:45:00'),
    (1707, 'SS0148', 'SQ025', NULL, NULL, 'Để mà hoặc vẫn như thế của.', '2026-06-12 15:45:00'),
    (1708, 'SS0148', 'SQ002', NULL, 'A', NULL, '2026-06-12 15:45:00'),
    (1709, 'SS0148', 'SQ040', 1, NULL, NULL, '2026-06-12 15:45:00'),
    (1710, 'SS0148', 'SQ060', NULL, 'B', NULL, '2026-06-12 15:45:00'),
    (1711, 'SS0148', 'SQ052', 2, NULL, NULL, '2026-06-12 15:45:00'),
    (1712, 'SS0148', 'SQ009', NULL, 'B', NULL, '2026-06-12 15:45:00'),
    (1713, 'SS0148', 'SQ041', 3, NULL, NULL, '2026-06-12 15:45:00'),
    (1714, 'SS0148', 'SQ031', NULL, NULL, 'Mà nhiều chỉ hoặc và của vậy để các là không tôi người đó cho trong.', '2026-06-12 15:45:00'),
    (1715, 'SS0149', 'SQ028', NULL, 'D', NULL, '2026-06-12 15:45:00'),
    (1716, 'SS0149', 'SQ034', 2, NULL, NULL, '2026-06-12 15:45:00'),
    (1717, 'SS0149', 'SQ013', 4, NULL, NULL, '2026-06-12 15:45:00'),
    (1718, 'SS0149', 'SQ049', NULL, NULL, 'Đúng thay cho mà điều là chỉ như là đến hoặc để được của.', '2026-06-12 15:45:00'),
    (1719, 'SS0149', 'SQ058', NULL, 'C', NULL, '2026-06-12 15:45:00'),
    (1720, 'SS0149', 'SQ011', NULL, 'B', NULL, '2026-06-12 15:45:00'),
    (1721, 'SS0149', 'SQ039', NULL, NULL, 'Bên nào vài thay đang dưới cái.', '2026-06-12 15:45:00'),
    (1722, 'SS0149', 'SQ038', NULL, 'B', NULL, '2026-06-12 15:45:00'),
    (1723, 'SS0149', 'SQ040', 4, NULL, NULL, '2026-06-12 15:45:00'),
    (1724, 'SS0149', 'SQ014', NULL, NULL, 'Cái nào với thay bên bạn sẽ thì.', '2026-06-12 15:45:00'),
    (1725, 'SS0150', 'SQ056', 3, NULL, NULL, '2026-06-12 15:45:00'),
    (1726, 'SS0150', 'SQ048', NULL, 'D', NULL, '2026-06-12 15:45:00'),
    (1727, 'SS0150', 'SQ007', NULL, NULL, 'Hoặc cũng như một để gần để có sẽ về nơi sẽ vậy.', '2026-06-12 15:45:00'),
    (1728, 'SS0150', 'SQ015', NULL, 'B', NULL, '2026-06-12 15:45:00'),
    (1729, 'SS0150', 'SQ016', NULL, NULL, 'Điều và bạn vì mỗi đúng của.', '2026-06-12 15:45:00'),
    (1730, 'SS0150', 'SQ042', NULL, 'C', NULL, '2026-06-12 15:45:00'),
    (1731, 'SS0150', 'SQ035', 2, NULL, NULL, '2026-06-12 15:45:00'),
    (1732, 'SS0150', 'SQ024', NULL, NULL, 'Cũng đang đang thì của từng dưới làm thì các.', '2026-06-12 15:45:00'),
    (1733, 'SS0151', 'SQ060', NULL, 'C', NULL, '2026-06-12 15:45:00'),
    (1734, 'SS0151', 'SQ044', NULL, 'C', NULL, '2026-06-12 15:45:00'),
    (1735, 'SS0151', 'SQ008', 4, NULL, NULL, '2026-06-12 15:45:00'),
    (1736, 'SS0151', 'SQ019', NULL, 'D', NULL, '2026-06-12 15:45:00'),
    (1737, 'SS0151', 'SQ007', NULL, NULL, 'Làm một như chưa theo để của được như vẫn các.', '2026-06-12 15:45:00'),
    (1738, 'SS0151', 'SQ055', NULL, 'B', NULL, '2026-06-12 15:45:00'),
    (1739, 'SS0151', 'SQ011', NULL, 'B', NULL, '2026-06-12 15:45:00'),
    (1740, 'SS0151', 'SQ035', 4, NULL, NULL, '2026-06-12 15:45:00'),
    (1741, 'SS0151', 'SQ015', NULL, 'C', NULL, '2026-06-12 15:45:00'),
    (1742, 'SS0152', 'SQ058', NULL, 'C', NULL, '2026-06-12 15:45:00'),
    (1743, 'SS0152', 'SQ005', 1, NULL, NULL, '2026-06-12 15:45:00'),
    (1744, 'SS0152', 'SQ021', 2, NULL, NULL, '2026-06-12 15:45:00'),
    (1745, 'SS0152', 'SQ015', NULL, 'B', NULL, '2026-06-12 15:45:00'),
    (1746, 'SS0152', 'SQ001', NULL, NULL, 'Về chỉ nếu thay tại nào cũng nào tại chưa có tại chưa mà.', '2026-06-12 15:45:00'),
    (1747, 'SS0152', 'SQ057', NULL, 'D', NULL, '2026-06-12 15:45:00'),
    (1748, 'SS0152', 'SQ044', NULL, 'D', NULL, '2026-06-12 15:45:00'),
    (1749, 'SS0152', 'SQ051', NULL, NULL, 'Bên dưới từ và bạn như được mà.', '2026-06-12 15:45:00'),
    (1750, 'SS0152', 'SQ048', NULL, 'C', NULL, '2026-06-12 15:45:00'),
    (1751, 'SS0152', 'SQ019', NULL, 'B', NULL, '2026-06-12 15:45:00'),
    (1752, 'SS0152', 'SQ060', NULL, 'D', NULL, '2026-06-12 15:45:00'),
    (1753, 'SS0152', 'SQ030', 2, NULL, NULL, '2026-06-12 15:45:00'),
    (1754, 'SS0152', 'SQ043', 4, NULL, NULL, '2026-06-12 15:45:00'),
    (1755, 'SS0152', 'SQ023', NULL, NULL, 'Đó đã như để của mà khi với đi điều từ khi thay.', '2026-06-12 15:45:00'),
    (1756, 'SS0152', 'SQ018', NULL, 'A', NULL, '2026-06-12 15:45:00'),
    (1757, 'SS0153', 'SQ032', NULL, 'B', NULL, '2026-06-12 15:45:00'),
    (1758, 'SS0153', 'SQ060', NULL, 'D', NULL, '2026-06-12 15:45:00'),
    (1759, 'SS0153', 'SQ025', NULL, NULL, 'Như này sẽ như làm từ trong bạn mỗi giống rất vậy cái có.', '2026-06-12 15:45:00'),
    (1760, 'SS0153', 'SQ003', 1, NULL, NULL, '2026-06-12 15:45:00'),
    (1761, 'SS0153', 'SQ049', NULL, NULL, 'Nhiều rất một giống theo người này tự và thay trong tại.', '2026-06-12 15:45:00'),
    (1762, 'SS0153', 'SQ017', NULL, 'A', NULL, '2026-06-12 15:45:00'),
    (1763, 'SS0153', 'SQ036', NULL, NULL, 'Gần nhiều một của như người khi từ thì hơn.', '2026-06-12 15:45:00'),
    (1764, 'SS0153', 'SQ056', 5, NULL, NULL, '2026-06-12 15:45:00'),
    (1765, 'SS0153', 'SQ024', NULL, NULL, 'Của cái cũng cách cho nếu các giữa đó của vì điều thì.', '2026-06-12 15:45:00'),
    (1766, 'SS0153', 'SQ030', 3, NULL, NULL, '2026-06-12 15:45:00'),
    (1767, 'SS0153', 'SQ041', 2, NULL, NULL, '2026-06-12 15:45:00'),
    (1768, 'SS0153', 'SQ038', NULL, 'B', NULL, '2026-06-12 15:45:00'),
    (1769, 'SS0153', 'SQ053', NULL, NULL, 'Giữa chỉ tôi cũng lớn thì tôi gần của khi sẽ.', '2026-06-12 15:45:00'),
    (1770, 'SS0153', 'SQ052', 4, NULL, NULL, '2026-06-12 15:45:00'),
    (1771, 'SS0154', 'SQ039', NULL, NULL, 'Hơn của của từng như bên như vài nào bên từ của cái.', '2026-06-12 15:45:00'),
    (1772, 'SS0154', 'SQ011', NULL, 'D', NULL, '2026-06-12 15:45:00'),
    (1773, 'SS0154', 'SQ023', NULL, NULL, 'Trong với khi giữa một giống tại làm cho thế.', '2026-06-12 15:45:00'),
    (1774, 'SS0154', 'SQ051', NULL, NULL, 'Với một số có làm đến giữa của về thì như tự dưới.', '2026-06-12 15:45:00'),
    (1775, 'SS0154', 'SQ029', NULL, 'A', NULL, '2026-06-12 15:45:00'),
    (1776, 'SS0154', 'SQ019', NULL, 'A', NULL, '2026-06-12 15:45:00'),
    (1777, 'SS0154', 'SQ057', NULL, 'C', NULL, '2026-06-12 15:45:00'),
    (1778, 'SS0154', 'SQ007', NULL, NULL, 'Cũng trong được sẽ làm về chỉ này đến để.', '2026-06-12 15:45:00'),
    (1779, 'SS0154', 'SQ037', NULL, 'A', NULL, '2026-06-12 15:45:00'),
    (1780, 'SS0154', 'SQ060', NULL, 'B', NULL, '2026-06-12 15:45:00'),
    (1781, 'SS0155', 'SQ040', 5, NULL, NULL, '2026-06-12 15:45:00'),
    (1782, 'SS0155', 'SQ008', 4, NULL, NULL, '2026-06-12 15:45:00'),
    (1783, 'SS0155', 'SQ036', NULL, NULL, 'Như một đi trong cũng mỗi mỗi của từ cho vài.', '2026-06-12 15:45:00'),
    (1784, 'SS0155', 'SQ053', NULL, NULL, 'Cái từ được đến được này và làm cái thay.', '2026-06-12 15:45:00'),
    (1785, 'SS0155', 'SQ026', NULL, 'D', NULL, '2026-06-12 15:45:00'),
    (1786, 'SS0155', 'SQ059', NULL, 'B', NULL, '2026-06-12 15:45:00'),
    (1787, 'SS0155', 'SQ025', NULL, NULL, 'Vài để với sau cũng cho từng.', '2026-06-12 15:45:00'),
    (1788, 'SS0155', 'SQ010', NULL, NULL, 'Để theo đó đang đang từ đang tôi một giữa.', '2026-06-12 15:45:00'),
    (1789, 'SS0155', 'SQ057', NULL, 'D', NULL, '2026-06-12 15:45:00'),
    (1790, 'SS0156', 'SQ033', NULL, 'A', NULL, '2026-06-12 15:45:00'),
    (1791, 'SS0156', 'SQ002', NULL, 'C', NULL, '2026-06-12 15:45:00'),
    (1792, 'SS0156', 'SQ046', NULL, 'A', NULL, '2026-06-12 15:45:00'),
    (1793, 'SS0156', 'SQ007', NULL, NULL, 'Số đến cũng cũng chưa lớn người nếu vài tại để chưa nhiều gần hoặc.', '2026-06-12 15:45:00'),
    (1794, 'SS0156', 'SQ001', NULL, NULL, 'Sau để từ cách từng đó sẽ mỗi.', '2026-06-12 15:45:00'),
    (1795, 'SS0156', 'SQ029', NULL, 'C', NULL, '2026-06-12 15:45:00'),
    (1796, 'SS0156', 'SQ026', NULL, 'C', NULL, '2026-06-12 15:45:00'),
    (1797, 'SS0156', 'SQ010', NULL, NULL, 'Đi và trong tại thì về các cũng từ đúng.', '2026-06-12 15:45:00'),
    (1798, 'SS0156', 'SQ021', 5, NULL, NULL, '2026-06-12 15:45:00'),
    (1799, 'SS0156', 'SQ028', NULL, 'D', NULL, '2026-06-12 15:45:00'),
    (1800, 'SS0156', 'SQ052', 3, NULL, NULL, '2026-06-12 15:45:00'),
    (1801, 'SS0156', 'SQ030', 2, NULL, NULL, '2026-06-12 15:45:00'),
    (1802, 'SS0156', 'SQ027', NULL, 'B', NULL, '2026-06-12 15:45:00'),
    (1803, 'SS0157', 'SQ005', 4, NULL, NULL, '2026-06-12 15:45:00'),
    (1804, 'SS0157', 'SQ044', NULL, 'A', NULL, '2026-06-12 15:45:00'),
    (1805, 'SS0157', 'SQ002', NULL, 'A', NULL, '2026-06-12 15:45:00'),
    (1806, 'SS0157', 'SQ051', NULL, NULL, 'Hơn chưa cái lớn chưa đó với hoặc cách.', '2026-06-12 15:45:00'),
    (1807, 'SS0157', 'SQ053', NULL, NULL, 'Với điều bạn về giống không như.', '2026-06-12 15:45:00'),
    (1808, 'SS0157', 'SQ052', 5, NULL, NULL, '2026-06-12 15:45:00'),
    (1809, 'SS0157', 'SQ016', NULL, NULL, 'Đến trong từng đang vì đó tôi cách từng mà như chưa nhiều đi với.', '2026-06-12 15:45:00'),
    (1810, 'SS0157', 'SQ023', NULL, NULL, 'Này trong cách khi dưới từ nhưng thì thay vẫn để chỉ cho về.', '2026-06-12 15:45:00'),
    (1811, 'SS0157', 'SQ029', NULL, 'C', NULL, '2026-06-12 15:45:00'),
    (1812, 'SS0157', 'SQ054', NULL, 'D', NULL, '2026-06-12 15:45:00'),
    (1813, 'SS0157', 'SQ015', NULL, 'D', NULL, '2026-06-12 15:45:00'),
    (1814, 'SS0157', 'SQ060', NULL, 'C', NULL, '2026-06-12 15:45:00'),
    (1815, 'SS0157', 'SQ037', NULL, 'A', NULL, '2026-06-12 15:45:00'),
    (1816, 'SS0157', 'SQ040', 5, NULL, NULL, '2026-06-12 15:45:00'),
    (1817, 'SS0158', 'SQ023', NULL, NULL, 'Từng như thì làm các điều nếu về nào mỗi nếu.', '2026-06-12 15:45:00'),
    (1818, 'SS0158', 'SQ007', NULL, NULL, 'Giống từ mỗi sẽ bạn nào theo có tôi nhiều vài.', '2026-06-12 15:45:00'),
    (1819, 'SS0158', 'SQ039', NULL, NULL, 'Trong thay điều một đến của cho cũng vẫn cũng giống cũng được có.', '2026-06-12 15:45:00'),
    (1820, 'SS0158', 'SQ006', 2, NULL, NULL, '2026-06-12 15:45:00'),
    (1821, 'SS0158', 'SQ011', NULL, 'B', NULL, '2026-06-12 15:45:00'),
    (1822, 'SS0158', 'SQ053', NULL, NULL, 'Đó được cũng là thế như tại được với để làm.', '2026-06-12 15:45:00'),
    (1823, 'SS0158', 'SQ021', 5, NULL, NULL, '2026-06-12 15:45:00'),
    (1824, 'SS0158', 'SQ046', NULL, 'A', NULL, '2026-06-12 15:45:00'),
    (1825, 'SS0158', 'SQ050', 3, NULL, NULL, '2026-06-12 15:45:00'),
    (1826, 'SS0158', 'SQ057', NULL, 'C', NULL, '2026-06-12 15:45:00'),
    (1827, 'SS0159', 'SQ032', NULL, 'D', NULL, '2026-06-12 15:45:00'),
    (1828, 'SS0159', 'SQ043', 4, NULL, NULL, '2026-06-12 15:45:00'),
    (1829, 'SS0159', 'SQ035', 4, NULL, NULL, '2026-06-12 15:45:00'),
    (1830, 'SS0159', 'SQ019', NULL, 'B', NULL, '2026-06-12 15:45:00'),
    (1831, 'SS0159', 'SQ024', NULL, NULL, 'Thay đến mỗi một này có để.', '2026-06-12 15:45:00'),
    (1832, 'SS0159', 'SQ027', NULL, 'D', NULL, '2026-06-12 15:45:00'),
    (1833, 'SS0159', 'SQ006', 4, NULL, NULL, '2026-06-12 15:45:00'),
    (1834, 'SS0159', 'SQ003', 4, NULL, NULL, '2026-06-12 15:45:00'),
    (1835, 'SS0159', 'SQ039', NULL, NULL, 'Giống vậy trong của cho được lớn người làm tại trong đến vì nào.', '2026-06-12 15:45:00'),
    (1836, 'SS0159', 'SQ042', NULL, 'C', NULL, '2026-06-12 15:45:00'),
    (1837, 'SS0159', 'SQ004', NULL, 'D', NULL, '2026-06-12 15:45:00'),
    (1838, 'SS0159', 'SQ029', NULL, 'D', NULL, '2026-06-12 15:45:00'),
    (1839, 'SS0159', 'SQ051', NULL, NULL, 'Điều theo về khiến hoặc nào cái gần.', '2026-06-12 15:45:00'),
    (1840, 'SS0159', 'SQ055', NULL, 'B', NULL, '2026-06-12 15:45:00'),
    (1841, 'SS0159', 'SQ057', NULL, 'A', NULL, '2026-06-12 15:45:00'),
    (1842, 'SS0160', 'SQ029', NULL, 'C', NULL, '2026-06-12 15:45:00'),
    (1843, 'SS0160', 'SQ058', NULL, 'C', NULL, '2026-06-12 15:45:00'),
    (1844, 'SS0160', 'SQ060', NULL, 'C', NULL, '2026-06-12 15:45:00'),
    (1845, 'SS0160', 'SQ003', 5, NULL, NULL, '2026-06-12 15:45:00'),
    (1846, 'SS0160', 'SQ006', 2, NULL, NULL, '2026-06-12 15:45:00'),
    (1847, 'SS0160', 'SQ041', 2, NULL, NULL, '2026-06-12 15:45:00'),
    (1848, 'SS0160', 'SQ024', NULL, NULL, 'Điều trong chưa khi vậy giữa không đúng cũng hơn đó theo.', '2026-06-12 15:45:00'),
    (1849, 'SS0160', 'SQ050', 4, NULL, NULL, '2026-06-12 15:45:00'),
    (1850, 'SS0160', 'SQ057', NULL, 'C', NULL, '2026-06-12 15:45:00'),
    (1851, 'SS0160', 'SQ039', NULL, NULL, 'Tôi cũng làm trong dưới bên này vẫn trong dưới hoặc khiến vậy giống.', '2026-06-12 15:45:00'),
    (1852, 'SS0160', 'SQ043', 5, NULL, NULL, '2026-06-12 15:45:00'),
    (1853, 'SS0160', 'SQ018', NULL, 'A', NULL, '2026-06-12 15:45:00'),
    (1854, 'SS0160', 'SQ051', NULL, NULL, 'Của như được đúng mỗi giống các tôi tại cho như về trong cách của đi.', '2026-06-12 15:45:00'),
    (1855, 'SS0160', 'SQ009', NULL, 'A', NULL, '2026-06-12 15:45:00'),
    (1856, 'SS0160', 'SQ042', NULL, 'C', NULL, '2026-06-12 15:45:00'),
    (1857, 'SS0161', 'SQ052', 2, NULL, NULL, '2026-06-12 15:45:00'),
    (1858, 'SS0161', 'SQ047', NULL, NULL, 'Bạn cũng lớn trong được dưới tự cách vài.', '2026-06-12 15:45:00'),
    (1859, 'SS0161', 'SQ031', NULL, NULL, 'Trong tại làm về tại cho có chưa với đó bên tôi nhiều dưới gần.', '2026-06-12 15:45:00'),
    (1860, 'SS0161', 'SQ060', NULL, 'D', NULL, '2026-06-12 15:45:00'),
    (1861, 'SS0161', 'SQ025', NULL, NULL, 'Người bạn cũng để tôi hơn dưới về nhiều của.', '2026-06-12 15:45:00'),
    (1862, 'SS0161', 'SQ014', NULL, NULL, 'Của thế của đang làm số như hơn người chưa bên như.', '2026-06-12 15:45:00'),
    (1863, 'SS0161', 'SQ006', 5, NULL, NULL, '2026-06-12 15:45:00'),
    (1864, 'SS0161', 'SQ015', NULL, 'C', NULL, '2026-06-12 15:45:00'),
    (1865, 'SS0161', 'SQ017', NULL, 'C', NULL, '2026-06-12 15:45:00'),
    (1866, 'SS0161', 'SQ049', NULL, NULL, 'Vậy các tôi và là chưa dưới mỗi hơn sau của một.', '2026-06-12 15:45:00'),
    (1867, 'SS0161', 'SQ009', NULL, 'D', NULL, '2026-06-12 15:45:00'),
    (1868, 'SS0161', 'SQ056', 5, NULL, NULL, '2026-06-12 15:45:00'),
    (1869, 'SS0162', 'SQ041', 3, NULL, NULL, '2026-06-12 15:45:00'),
    (1870, 'SS0162', 'SQ005', 1, NULL, NULL, '2026-06-12 15:45:00'),
    (1871, 'SS0162', 'SQ032', NULL, 'B', NULL, '2026-06-12 15:45:00'),
    (1872, 'SS0162', 'SQ007', NULL, NULL, 'Hoặc từ vậy nhưng có nhiều để không hơn.', '2026-06-12 15:45:00'),
    (1873, 'SS0162', 'SQ009', NULL, 'C', NULL, '2026-06-12 15:45:00'),
    (1874, 'SS0162', 'SQ019', NULL, 'A', NULL, '2026-06-12 15:45:00'),
    (1875, 'SS0162', 'SQ020', 1, NULL, NULL, '2026-06-12 15:45:00'),
    (1876, 'SS0162', 'SQ004', NULL, 'B', NULL, '2026-06-12 15:45:00'),
    (1877, 'SS0162', 'SQ006', 2, NULL, NULL, '2026-06-12 15:45:00'),
    (1878, 'SS0162', 'SQ022', NULL, NULL, 'Làm đã mỗi từng cho trong với từ đến hơn với dưới theo này.', '2026-06-12 15:45:00'),
    (1879, 'SS0163', 'SQ035', 3, NULL, NULL, '2026-06-12 15:45:00'),
    (1880, 'SS0163', 'SQ056', 5, NULL, NULL, '2026-06-12 15:45:00'),
    (1881, 'SS0163', 'SQ005', 3, NULL, NULL, '2026-06-12 15:45:00'),
    (1882, 'SS0163', 'SQ053', NULL, NULL, 'Về người để cái trong với của hơn.', '2026-06-12 15:45:00'),
    (1883, 'SS0163', 'SQ019', NULL, 'B', NULL, '2026-06-12 15:45:00'),
    (1884, 'SS0163', 'SQ020', 1, NULL, NULL, '2026-06-12 15:45:00'),
    (1885, 'SS0163', 'SQ016', NULL, NULL, 'Nơi lớn đi làm với nhưng khi của nơi chưa vậy đó hơn từng từ của.', '2026-06-12 15:45:00'),
    (1886, 'SS0163', 'SQ025', NULL, NULL, 'Sau trong về các khiến để vì làm rất đã đó dưới dưới các.', '2026-06-12 15:45:00'),
    (1887, 'SS0163', 'SQ023', NULL, NULL, 'Bên để khi vài giống chưa chỉ vài gần nào cái.', '2026-06-12 15:45:00'),
    (1888, 'SS0163', 'SQ055', NULL, 'C', NULL, '2026-06-12 15:45:00'),
    (1889, 'SS0163', 'SQ017', NULL, 'C', NULL, '2026-06-12 15:45:00'),
    (1890, 'SS0163', 'SQ045', NULL, 'D', NULL, '2026-06-12 15:45:00'),
    (1891, 'SS0163', 'SQ043', 5, NULL, NULL, '2026-06-12 15:45:00'),
    (1892, 'SS0163', 'SQ015', NULL, 'D', NULL, '2026-06-12 15:45:00'),
    (1893, 'SS0164', 'SQ042', NULL, 'A', NULL, '2026-06-12 15:45:00'),
    (1894, 'SS0164', 'SQ060', NULL, 'B', NULL, '2026-06-12 15:45:00'),
    (1895, 'SS0164', 'SQ041', 5, NULL, NULL, '2026-06-12 15:45:00'),
    (1896, 'SS0164', 'SQ018', NULL, 'D', NULL, '2026-06-12 15:45:00'),
    (1897, 'SS0164', 'SQ016', NULL, NULL, 'Cho để và cái sau hoặc vậy người chưa.', '2026-06-12 15:45:00'),
    (1898, 'SS0164', 'SQ007', NULL, NULL, 'Này vài nơi khiến chỉ khiến vài hơn các rất theo nếu về điều.', '2026-06-12 15:45:00'),
    (1899, 'SS0164', 'SQ036', NULL, NULL, 'Thay số trong tôi hoặc tôi cách vậy để là về cho mà mà tự thì.', '2026-06-12 15:45:00'),
    (1900, 'SS0164', 'SQ033', NULL, 'C', NULL, '2026-06-12 15:45:00'),
    (1901, 'SS0164', 'SQ035', 1, NULL, NULL, '2026-06-12 15:45:00'),
    (1902, 'SS0165', 'SQ055', NULL, 'B', NULL, '2026-06-12 15:45:00'),
    (1903, 'SS0165', 'SQ019', NULL, 'D', NULL, '2026-06-12 15:45:00'),
    (1904, 'SS0165', 'SQ037', NULL, 'D', NULL, '2026-06-12 15:45:00'),
    (1905, 'SS0165', 'SQ028', NULL, 'C', NULL, '2026-06-12 15:45:00'),
    (1906, 'SS0165', 'SQ003', 2, NULL, NULL, '2026-06-12 15:45:00'),
    (1907, 'SS0165', 'SQ045', NULL, 'C', NULL, '2026-06-12 15:45:00'),
    (1908, 'SS0165', 'SQ059', NULL, 'D', NULL, '2026-06-12 15:45:00'),
    (1909, 'SS0165', 'SQ035', 3, NULL, NULL, '2026-06-12 15:45:00'),
    (1910, 'SS0165', 'SQ027', NULL, 'A', NULL, '2026-06-12 15:45:00'),
    (1911, 'SS0165', 'SQ029', NULL, 'C', NULL, '2026-06-12 15:45:00'),
    (1912, 'SS0166', 'SQ031', NULL, NULL, 'Giữa giống sẽ chỉ nếu hơn bên tôi của.', '2026-06-12 15:45:00'),
    (1913, 'SS0166', 'SQ006', 5, NULL, NULL, '2026-06-12 15:45:00'),
    (1914, 'SS0166', 'SQ011', NULL, 'C', NULL, '2026-06-12 15:45:00'),
    (1915, 'SS0166', 'SQ026', NULL, 'B', NULL, '2026-06-12 15:45:00'),
    (1916, 'SS0166', 'SQ053', NULL, NULL, 'Đã trong mỗi sẽ cho vẫn cái tại như gần.', '2026-06-12 15:45:00'),
    (1917, 'SS0166', 'SQ019', NULL, 'C', NULL, '2026-06-12 15:45:00'),
    (1918, 'SS0166', 'SQ022', NULL, NULL, 'Các số nơi tại mà giống gần theo và được có cách chưa từ mỗi như.', '2026-06-12 15:45:00'),
    (1919, 'SS0166', 'SQ010', NULL, NULL, 'Là vì như như nhưng cũng khi đó của cho hơn vẫn làm trong cũng vậy.', '2026-06-12 15:45:00'),
    (1920, 'SS0166', 'SQ030', 1, NULL, NULL, '2026-06-12 15:45:00'),
    (1921, 'SS0166', 'SQ021', 3, NULL, NULL, '2026-06-12 15:45:00'),
    (1922, 'SS0166', 'SQ058', NULL, 'B', NULL, '2026-06-12 15:45:00'),
    (1923, 'SS0166', 'SQ060', NULL, 'C', NULL, '2026-06-12 15:45:00'),
    (1924, 'SS0166', 'SQ046', NULL, 'C', NULL, '2026-06-12 15:45:00'),
    (1925, 'SS0166', 'SQ052', 4, NULL, NULL, '2026-06-12 15:45:00'),
    (1926, 'SS0166', 'SQ050', 4, NULL, NULL, '2026-06-12 15:45:00'),
    (1927, 'SS0167', 'SQ059', NULL, 'A', NULL, '2026-06-12 15:45:00'),
    (1928, 'SS0167', 'SQ010', NULL, NULL, 'Các sau đã nếu vẫn làm vì được.', '2026-06-12 15:45:00'),
    (1929, 'SS0167', 'SQ027', NULL, 'B', NULL, '2026-06-12 15:45:00'),
    (1930, 'SS0167', 'SQ001', NULL, NULL, 'Chỉ để người bạn cho trong thì vẫn.', '2026-06-12 15:45:00'),
    (1931, 'SS0167', 'SQ009', NULL, 'C', NULL, '2026-06-12 15:45:00'),
    (1932, 'SS0167', 'SQ016', NULL, NULL, 'Có từ tự nhiều nào người vậy dưới đến tự vì.', '2026-06-12 15:45:00'),
    (1933, 'SS0167', 'SQ014', NULL, NULL, 'Các có tại cho theo điều đúng đang thay.', '2026-06-12 15:45:00'),
    (1934, 'SS0167', 'SQ039', NULL, NULL, 'Với đến từ người cái lớn tôi đang đi tại.', '2026-06-12 15:45:00'),
    (1935, 'SS0167', 'SQ049', NULL, NULL, 'Hoặc đang với người từ từ một.', '2026-06-12 15:45:00'),
    (1936, 'SS0167', 'SQ031', NULL, NULL, 'Của thay vì cũng như sau vì bên nhưng.', '2026-06-12 15:45:00'),
    (1937, 'SS0167', 'SQ057', NULL, 'D', NULL, '2026-06-12 15:45:00'),
    (1938, 'SS0167', 'SQ054', NULL, 'C', NULL, '2026-06-12 15:45:00'),
    (1939, 'SS0167', 'SQ032', NULL, 'B', NULL, '2026-06-12 15:45:00'),
    (1940, 'SS0168', 'SQ023', NULL, NULL, 'Để thay là dưới sẽ sẽ trong như của.', '2026-06-12 15:45:00'),
    (1941, 'SS0168', 'SQ025', NULL, NULL, 'Sau bên từng tại tự như vài bên cho các sau chưa người về lớn.', '2026-06-12 15:45:00'),
    (1942, 'SS0168', 'SQ052', 2, NULL, NULL, '2026-06-12 15:45:00'),
    (1943, 'SS0168', 'SQ048', NULL, 'B', NULL, '2026-06-12 15:45:00'),
    (1944, 'SS0168', 'SQ028', NULL, 'C', NULL, '2026-06-12 15:45:00'),
    (1945, 'SS0168', 'SQ051', NULL, NULL, 'Cũng giữa trong để tại khiến không để tự giống vì đến.', '2026-06-12 15:45:00'),
    (1946, 'SS0168', 'SQ056', 5, NULL, NULL, '2026-06-12 15:45:00'),
    (1947, 'SS0168', 'SQ053', NULL, NULL, 'Từ người như một đó từng từ cách với các.', '2026-06-12 15:45:00'),
    (1948, 'SS0169', 'SQ007', NULL, NULL, 'Nhiều với để thì sẽ về như từ từ như sau làm không.', '2026-06-12 15:45:00'),
    (1949, 'SS0169', 'SQ049', NULL, NULL, 'Có như của theo nào như sau và hơn vậy một cho người làm như.', '2026-06-12 15:45:00'),
    (1950, 'SS0169', 'SQ019', NULL, 'C', NULL, '2026-06-12 15:45:00'),
    (1951, 'SS0169', 'SQ030', 3, NULL, NULL, '2026-06-12 15:45:00'),
    (1952, 'SS0169', 'SQ042', NULL, 'A', NULL, '2026-06-12 15:45:00'),
    (1953, 'SS0169', 'SQ043', 2, NULL, NULL, '2026-06-12 15:45:00'),
    (1954, 'SS0169', 'SQ017', NULL, 'C', NULL, '2026-06-12 15:45:00'),
    (1955, 'SS0169', 'SQ056', 3, NULL, NULL, '2026-06-12 15:45:00'),
    (1956, 'SS0169', 'SQ014', NULL, NULL, 'Người trong đi nhiều hoặc nhiều đã tại đi tôi bên hơn đúng sau thì vẫn.', '2026-06-12 15:45:00'),
    (1957, 'SS0169', 'SQ001', NULL, NULL, 'Điều cho chưa bạn là có sau.', '2026-06-12 15:45:00'),
    (1958, 'SS0169', 'SQ048', NULL, 'D', NULL, '2026-06-12 15:45:00'),
    (1959, 'SS0169', 'SQ012', 1, NULL, NULL, '2026-06-12 15:45:00'),
    (1960, 'SS0169', 'SQ041', 5, NULL, NULL, '2026-06-12 15:45:00'),
    (1961, 'SS0169', 'SQ033', NULL, 'C', NULL, '2026-06-12 15:45:00'),
    (1962, 'SS0169', 'SQ005', 4, NULL, NULL, '2026-06-12 15:45:00'),
    (1963, 'SS0170', 'SQ007', NULL, NULL, 'Trong cách để là đến với vậy cái.', '2026-06-12 15:45:00'),
    (1964, 'SS0170', 'SQ033', NULL, 'A', NULL, '2026-06-12 15:45:00'),
    (1965, 'SS0170', 'SQ027', NULL, 'A', NULL, '2026-06-12 15:45:00'),
    (1966, 'SS0170', 'SQ003', 3, NULL, NULL, '2026-06-12 15:45:00'),
    (1967, 'SS0170', 'SQ044', NULL, 'C', NULL, '2026-06-12 15:45:00'),
    (1968, 'SS0170', 'SQ026', NULL, 'C', NULL, '2026-06-12 15:45:00'),
    (1969, 'SS0170', 'SQ016', NULL, NULL, 'Của nhưng từ bên trong cho từ với.', '2026-06-12 15:45:00'),
    (1970, 'SS0170', 'SQ053', NULL, NULL, 'Cũng giữa cách vẫn nếu vì nếu như tại các chưa nếu nào không mỗi điều.', '2026-06-12 15:45:00'),
    (1971, 'SS0170', 'SQ018', NULL, 'A', NULL, '2026-06-12 15:45:00'),
    (1972, 'SS0170', 'SQ038', NULL, 'B', NULL, '2026-06-12 15:45:00'),
    (1973, 'SS0171', 'SQ060', NULL, 'C', NULL, '2026-06-12 15:45:00'),
    (1974, 'SS0171', 'SQ007', NULL, NULL, 'Nào người vậy không người dưới thay trong có về lớn.', '2026-06-12 15:45:00'),
    (1975, 'SS0171', 'SQ039', NULL, NULL, 'Cái của của nhiều thay như làm như thế cũng nếu cũng đó như hơn.', '2026-06-12 15:45:00'),
    (1976, 'SS0171', 'SQ004', NULL, 'A', NULL, '2026-06-12 15:45:00'),
    (1977, 'SS0171', 'SQ037', NULL, 'B', NULL, '2026-06-12 15:45:00'),
    (1978, 'SS0171', 'SQ040', 3, NULL, NULL, '2026-06-12 15:45:00'),
    (1979, 'SS0171', 'SQ003', 1, NULL, NULL, '2026-06-12 15:45:00'),
    (1980, 'SS0171', 'SQ023', NULL, NULL, 'Có trong cho gần nhưng không điều khiến mà hơn như của.', '2026-06-12 15:45:00'),
    (1981, 'SS0171', 'SQ050', 4, NULL, NULL, '2026-06-12 15:45:00'),
    (1982, 'SS0171', 'SQ042', NULL, 'A', NULL, '2026-06-12 15:45:00'),
    (1983, 'SS0171', 'SQ005', 3, NULL, NULL, '2026-06-12 15:45:00'),
    (1984, 'SS0171', 'SQ029', NULL, 'B', NULL, '2026-06-12 15:45:00'),
    (1985, 'SS0171', 'SQ008', 1, NULL, NULL, '2026-06-12 15:45:00'),
    (1986, 'SS0171', 'SQ038', NULL, 'D', NULL, '2026-06-12 15:45:00'),
    (1987, 'SS0172', 'SQ049', NULL, NULL, 'Bên cho thế thay và gần theo để vì được để thế rất để một.', '2026-06-12 15:45:00'),
    (1988, 'SS0172', 'SQ013', 4, NULL, NULL, '2026-06-12 15:45:00'),
    (1989, 'SS0172', 'SQ021', 3, NULL, NULL, '2026-06-12 15:45:00'),
    (1990, 'SS0172', 'SQ036', NULL, NULL, 'Đã đó đã người một cũng vài.', '2026-06-12 15:45:00'),
    (1991, 'SS0172', 'SQ056', 2, NULL, NULL, '2026-06-12 15:45:00'),
    (1992, 'SS0172', 'SQ030', 1, NULL, NULL, '2026-06-12 15:45:00'),
    (1993, 'SS0172', 'SQ050', 2, NULL, NULL, '2026-06-12 15:45:00'),
    (1994, 'SS0172', 'SQ055', NULL, 'C', NULL, '2026-06-12 15:45:00'),
    (1995, 'SS0172', 'SQ001', NULL, NULL, 'Người này khi hơn có sau có sẽ một để chỉ nếu.', '2026-06-12 15:45:00'),
    (1996, 'SS0172', 'SQ027', NULL, 'C', NULL, '2026-06-12 15:45:00'),
    (1997, 'SS0173', 'SQ059', NULL, 'B', NULL, '2026-06-12 15:45:00'),
    (1998, 'SS0173', 'SQ060', NULL, 'B', NULL, '2026-06-12 15:45:00'),
    (1999, 'SS0173', 'SQ006', 5, NULL, NULL, '2026-06-12 15:45:00'),
    (2000, 'SS0173', 'SQ009', NULL, 'A', NULL, '2026-06-12 15:45:00'),
    (2001, 'SS0173', 'SQ011', NULL, 'C', NULL, '2026-06-12 15:45:00'),
    (2002, 'SS0173', 'SQ034', 5, NULL, NULL, '2026-06-12 15:45:00'),
    (2003, 'SS0173', 'SQ031', NULL, NULL, 'Có hơn đang một vài chỉ đã.', '2026-06-12 15:45:00'),
    (2004, 'SS0173', 'SQ028', NULL, 'B', NULL, '2026-06-12 15:45:00'),
    (2005, 'SS0173', 'SQ008', 5, NULL, NULL, '2026-06-12 15:45:00'),
    (2006, 'SS0173', 'SQ003', 5, NULL, NULL, '2026-06-12 15:45:00'),
    (2007, 'SS0173', 'SQ033', NULL, 'B', NULL, '2026-06-12 15:45:00'),
    (2008, 'SS0174', 'SQ026', NULL, 'C', NULL, '2026-06-12 15:45:00'),
    (2009, 'SS0174', 'SQ014', NULL, NULL, 'Nào về sau và điều không như lớn hơn này nhiều gần với và giữa.', '2026-06-12 15:45:00'),
    (2010, 'SS0174', 'SQ011', NULL, 'B', NULL, '2026-06-12 15:45:00'),
    (2011, 'SS0174', 'SQ020', 3, NULL, NULL, '2026-06-12 15:45:00'),
    (2012, 'SS0174', 'SQ006', 4, NULL, NULL, '2026-06-12 15:45:00'),
    (2013, 'SS0174', 'SQ054', NULL, 'C', NULL, '2026-06-12 15:45:00'),
    (2014, 'SS0174', 'SQ059', NULL, 'A', NULL, '2026-06-12 15:45:00'),
    (2015, 'SS0174', 'SQ040', 5, NULL, NULL, '2026-06-12 15:45:00'),
    (2016, 'SS0174', 'SQ042', NULL, 'A', NULL, '2026-06-12 15:45:00'),
    (2017, 'SS0174', 'SQ021', 1, NULL, NULL, '2026-06-12 15:45:00'),
    (2018, 'SS0174', 'SQ041', 2, NULL, NULL, '2026-06-12 15:45:00'),
    (2019, 'SS0174', 'SQ017', NULL, 'C', NULL, '2026-06-12 15:45:00'),
    (2020, 'SS0174', 'SQ007', NULL, NULL, 'Khiến hoặc từ từ và với đó vì một được đã của mỗi tại các.', '2026-06-12 15:45:00'),
    (2021, 'SS0174', 'SQ049', NULL, NULL, 'Một tại điều tự mà trong đó.', '2026-06-12 15:45:00'),
    (2022, 'SS0175', 'SQ012', 1, NULL, NULL, '2026-06-12 15:45:00'),
    (2023, 'SS0175', 'SQ031', NULL, NULL, 'Đúng bên các để đó sẽ bên nơi điều như như thì hơn vài tại đó.', '2026-06-12 15:45:00'),
    (2024, 'SS0175', 'SQ010', NULL, NULL, 'Hơn bạn tại của sau một nhưng với vì của đến nếu được.', '2026-06-12 15:45:00'),
    (2025, 'SS0175', 'SQ051', NULL, NULL, 'Vẫn tại có vài cách thì với trong tại không số từ trong trong sau.', '2026-06-12 15:45:00'),
    (2026, 'SS0175', 'SQ025', NULL, NULL, 'Của khi rất vì đến để thế tại như nào.', '2026-06-12 15:45:00'),
    (2027, 'SS0175', 'SQ060', NULL, 'C', NULL, '2026-06-12 15:45:00'),
    (2028, 'SS0175', 'SQ020', 1, NULL, NULL, '2026-06-12 15:45:00'),
    (2029, 'SS0175', 'SQ001', NULL, NULL, 'Tôi cho từ vẫn trong về tôi nhiều được nơi cũng lớn.', '2026-06-12 15:45:00'),
    (2030, 'SS0175', 'SQ009', NULL, 'B', NULL, '2026-06-12 15:45:00'),
    (2031, 'SS0175', 'SQ015', NULL, 'B', NULL, '2026-06-12 15:45:00'),
    (2032, 'SS0175', 'SQ004', NULL, 'A', NULL, '2026-06-12 15:45:00'),
    (2033, 'SS0175', 'SQ021', 4, NULL, NULL, '2026-06-12 15:45:00'),
    (2034, 'SS0175', 'SQ023', NULL, NULL, 'Cũng này cũng nếu với có gần thì tại nếu nơi.', '2026-06-12 15:45:00'),
    (2035, 'SS0175', 'SQ042', NULL, 'A', NULL, '2026-06-12 15:45:00'),
    (2036, 'SS0176', 'SQ029', NULL, 'B', NULL, '2026-06-12 15:45:00'),
    (2037, 'SS0176', 'SQ041', 4, NULL, NULL, '2026-06-12 15:45:00'),
    (2038, 'SS0176', 'SQ013', 2, NULL, NULL, '2026-06-12 15:45:00'),
    (2039, 'SS0176', 'SQ037', NULL, 'A', NULL, '2026-06-12 15:45:00'),
    (2040, 'SS0176', 'SQ038', NULL, 'A', NULL, '2026-06-12 15:45:00'),
    (2041, 'SS0176', 'SQ051', NULL, NULL, 'Hơn của sẽ cái gần tôi vài hơn.', '2026-06-12 15:45:00'),
    (2042, 'SS0176', 'SQ014', NULL, NULL, 'Chưa các mỗi bên gần nhưng số hơn người vài vài cho từng cách như.', '2026-06-12 15:45:00'),
    (2043, 'SS0176', 'SQ011', NULL, 'D', NULL, '2026-06-12 15:45:00'),
    (2044, 'SS0176', 'SQ006', 3, NULL, NULL, '2026-06-12 15:45:00'),
    (2045, 'SS0177', 'SQ006', 5, NULL, NULL, '2026-06-12 15:45:00'),
    (2046, 'SS0177', 'SQ018', NULL, 'A', NULL, '2026-06-12 15:45:00'),
    (2047, 'SS0177', 'SQ020', 5, NULL, NULL, '2026-06-12 15:45:00'),
    (2048, 'SS0177', 'SQ042', NULL, 'C', NULL, '2026-06-12 15:45:00'),
    (2049, 'SS0177', 'SQ004', NULL, 'C', NULL, '2026-06-12 15:45:00'),
    (2050, 'SS0177', 'SQ015', NULL, 'D', NULL, '2026-06-12 15:45:00'),
    (2051, 'SS0177', 'SQ028', NULL, 'D', NULL, '2026-06-12 15:45:00'),
    (2052, 'SS0177', 'SQ059', NULL, 'C', NULL, '2026-06-12 15:45:00'),
    (2053, 'SS0177', 'SQ046', NULL, 'B', NULL, '2026-06-12 15:45:00'),
    (2054, 'SS0177', 'SQ011', NULL, 'B', NULL, '2026-06-12 15:45:00'),
    (2055, 'SS0178', 'SQ001', NULL, NULL, 'Bên rất khiến theo để tôi nếu khi được nơi đã đến của tự vì vì.', '2026-06-12 15:45:00'),
    (2056, 'SS0178', 'SQ059', NULL, 'D', NULL, '2026-06-12 15:45:00'),
    (2057, 'SS0178', 'SQ017', NULL, 'A', NULL, '2026-06-12 15:45:00'),
    (2058, 'SS0178', 'SQ040', 3, NULL, NULL, '2026-06-12 15:45:00'),
    (2059, 'SS0178', 'SQ053', NULL, NULL, 'Có như đang chỉ thế hơn với bên rất được cách là giống như.', '2026-06-12 15:45:00'),
    (2060, 'SS0178', 'SQ041', 5, NULL, NULL, '2026-06-12 15:45:00'),
    (2061, 'SS0178', 'SQ021', 5, NULL, NULL, '2026-06-12 15:45:00'),
    (2062, 'SS0178', 'SQ014', NULL, NULL, 'Chưa nhưng giống nào như của với cái không vì từ các giữa.', '2026-06-12 15:45:00'),
    (2063, 'SS0178', 'SQ013', 4, NULL, NULL, '2026-06-12 15:45:00'),
    (2064, 'SS0178', 'SQ035', 1, NULL, NULL, '2026-06-12 15:45:00'),
    (2065, 'SS0178', 'SQ044', NULL, 'A', NULL, '2026-06-12 15:45:00'),
    (2066, 'SS0178', 'SQ011', NULL, 'B', NULL, '2026-06-12 15:45:00'),
    (2067, 'SS0178', 'SQ055', NULL, 'C', NULL, '2026-06-12 15:45:00'),
    (2068, 'SS0179', 'SQ050', 1, NULL, NULL, '2026-06-12 15:45:00'),
    (2069, 'SS0179', 'SQ018', NULL, 'C', NULL, '2026-06-12 15:45:00'),
    (2070, 'SS0179', 'SQ006', 1, NULL, NULL, '2026-06-12 15:45:00'),
    (2071, 'SS0179', 'SQ002', NULL, 'C', NULL, '2026-06-12 15:45:00'),
    (2072, 'SS0179', 'SQ023', NULL, NULL, 'Nào đang tự cũng mà đang các có chưa chỉ nếu và để tại vì.', '2026-06-12 15:45:00'),
    (2073, 'SS0179', 'SQ007', NULL, NULL, 'Điều của nhưng số thì hơn đi chưa được vẫn cách bạn.', '2026-06-12 15:45:00'),
    (2074, 'SS0179', 'SQ046', NULL, 'A', NULL, '2026-06-12 15:45:00'),
    (2075, 'SS0179', 'SQ047', NULL, NULL, 'Như này mà cũng từng đi trong của như rất về đang vậy.', '2026-06-12 15:45:00'),
    (2076, 'SS0179', 'SQ054', NULL, 'A', NULL, '2026-06-12 15:45:00'),
    (2077, 'SS0179', 'SQ035', 5, NULL, NULL, '2026-06-12 15:45:00'),
    (2078, 'SS0179', 'SQ059', NULL, 'C', NULL, '2026-06-12 15:45:00'),
    (2079, 'SS0179', 'SQ026', NULL, 'B', NULL, '2026-06-12 15:45:00'),
    (2080, 'SS0179', 'SQ036', NULL, NULL, 'Chưa là cho hơn vẫn nhiều gần lớn thế được hơn bên cho.', '2026-06-12 15:45:00'),
    (2081, 'SS0179', 'SQ045', NULL, 'B', NULL, '2026-06-12 15:45:00'),
    (2082, 'SS0180', 'SQ034', 4, NULL, NULL, '2026-06-12 15:45:00'),
    (2083, 'SS0180', 'SQ042', NULL, 'A', NULL, '2026-06-12 15:45:00'),
    (2084, 'SS0180', 'SQ057', NULL, 'D', NULL, '2026-06-12 15:45:00'),
    (2085, 'SS0180', 'SQ027', NULL, 'A', NULL, '2026-06-12 15:45:00'),
    (2086, 'SS0180', 'SQ043', 1, NULL, NULL, '2026-06-12 15:45:00'),
    (2087, 'SS0180', 'SQ054', NULL, 'D', NULL, '2026-06-12 15:45:00'),
    (2088, 'SS0180', 'SQ014', NULL, NULL, 'Thì là đã chỉ như hoặc nơi.', '2026-06-12 15:45:00'),
    (2089, 'SS0180', 'SQ048', NULL, 'B', NULL, '2026-06-12 15:45:00'),
    (2090, 'SS0180', 'SQ017', NULL, 'B', NULL, '2026-06-12 15:45:00'),
    (2091, 'SS0180', 'SQ020', 4, NULL, NULL, '2026-06-12 15:45:00'),
    (2092, 'SS0180', 'SQ010', NULL, NULL, 'Của cách để nếu khi cái người một tôi cũng nhiều với.', '2026-06-12 15:45:00'),
    (2093, 'SS0180', 'SQ050', 2, NULL, NULL, '2026-06-12 15:45:00'),
    (2094, 'SS0180', 'SQ004', NULL, 'A', NULL, '2026-06-12 15:45:00'),
    (2095, 'SS0180', 'SQ024', NULL, NULL, 'Người nhiều từ trong vậy từng đang.', '2026-06-12 15:45:00');

SET session_replication_role = 'origin';