-- ============================================
-- SEED DATA FOR PM2 POSTGRESQL DATABASE
-- Includes Training Module + Khao Thi Module
-- Generated by generate_seed.py using Faker vi_VN
-- Generated at: 2026-06-15 10:29:54.548820
-- ============================================

SET session_replication_role = 'replica';

-- ============================================
-- DIMENSION TABLES
-- ============================================

INSERT INTO nam_hoc (id, ma, ten, ngay_bat_dau, ngay_ket_thuc, active) VALUES
    ('NH001', 'NH2021-2022', 'Năm học 2021-2022', '2021-09-01', '2022-08-31', TRUE),
    ('NH002', 'NH2022-2023', 'Năm học 2022-2023', '2022-09-01', '2023-08-31', TRUE),
    ('NH003', 'NH2023-2024', 'Năm học 2023-2024', '2023-09-01', '2024-08-31', TRUE),
    ('NH004', 'NH2024-2025', 'Năm học 2024-2025', '2024-09-01', '2025-08-31', TRUE),
    ('NH005', 'NH2025-2026', 'Năm học 2025-2026', '2025-09-01', '2026-08-31', TRUE);

INSERT INTO hoc_ky (id, ma, ten, loai_hoc_ky, nam_hoc_id, ten_nam_hoc, ngay_bat_dau, ngay_ket_thuc, active) VALUES
    ('HK001', 'HK12021-2022', 'Học kỳ 1 Năm học 2021-2022', 'HK1', 'NH001', 'Năm học 2021-2022', '2021-09-01', '2022-01-15', TRUE),
    ('HK002', 'HK22021-2022', 'Học kỳ 2 Năm học 2021-2022', 'HK2', 'NH001', 'Năm học 2021-2022', '2022-02-01', '2022-06-30', TRUE),
    ('HK003', 'HK32021-2022', 'Học kỳ hè Năm học 2021-2022', 'HK3', 'NH001', 'Năm học 2021-2022', '2022-07-01', '2022-08-31', TRUE),
    ('HK004', 'HK12022-2023', 'Học kỳ 1 Năm học 2022-2023', 'HK1', 'NH002', 'Năm học 2022-2023', '2022-09-01', '2023-01-15', TRUE),
    ('HK005', 'HK22022-2023', 'Học kỳ 2 Năm học 2022-2023', 'HK2', 'NH002', 'Năm học 2022-2023', '2023-02-01', '2023-06-30', TRUE),
    ('HK006', 'HK32022-2023', 'Học kỳ hè Năm học 2022-2023', 'HK3', 'NH002', 'Năm học 2022-2023', '2023-07-01', '2023-08-31', TRUE),
    ('HK007', 'HK12023-2024', 'Học kỳ 1 Năm học 2023-2024', 'HK1', 'NH003', 'Năm học 2023-2024', '2023-09-01', '2024-01-15', TRUE),
    ('HK008', 'HK22023-2024', 'Học kỳ 2 Năm học 2023-2024', 'HK2', 'NH003', 'Năm học 2023-2024', '2024-02-01', '2024-06-30', TRUE),
    ('HK009', 'HK32023-2024', 'Học kỳ hè Năm học 2023-2024', 'HK3', 'NH003', 'Năm học 2023-2024', '2024-07-01', '2024-08-31', TRUE),
    ('HK010', 'HK12024-2025', 'Học kỳ 1 Năm học 2024-2025', 'HK1', 'NH004', 'Năm học 2024-2025', '2024-09-01', '2025-01-15', TRUE),
    ('HK011', 'HK22024-2025', 'Học kỳ 2 Năm học 2024-2025', 'HK2', 'NH004', 'Năm học 2024-2025', '2025-02-01', '2025-06-30', TRUE),
    ('HK012', 'HK32024-2025', 'Học kỳ hè Năm học 2024-2025', 'HK3', 'NH004', 'Năm học 2024-2025', '2025-07-01', '2025-08-31', TRUE),
    ('HK013', 'HK12025-2026', 'Học kỳ 1 Năm học 2025-2026', 'HK1', 'NH005', 'Năm học 2025-2026', '2025-09-01', '2026-01-15', TRUE),
    ('HK014', 'HK22025-2026', 'Học kỳ 2 Năm học 2025-2026', 'HK2', 'NH005', 'Năm học 2025-2026', '2026-02-01', '2026-06-30', TRUE),
    ('HK015', 'HK32025-2026', 'Học kỳ hè Năm học 2025-2026', 'HK3', 'NH005', 'Năm học 2025-2026', '2026-07-01', '2026-08-31', TRUE);

INSERT INTO don_vi (id, ma, ten, ten_viet_tat, cap_don_vi, parent_id, active) VALUES
    ('DV001', 'CNTT', 'Khoa Công nghệ thông tin', 'CNTT', 1, NULL, TRUE),
    ('DV002', 'DTVT', 'Khoa Điện tử viễn thông', 'DTVT', 1, NULL, TRUE),
    ('DV003', 'CK', 'Khoa Cơ khí', 'CK', 1, NULL, TRUE),
    ('DV004', 'KT', 'Khoa Kinh tế', 'KT', 1, NULL, TRUE),
    ('DV005', 'NN', 'Khoa Ngoại ngữ', 'NN', 1, NULL, TRUE),
    ('DV006', 'QS', 'Khoa Quân sự', 'QS', 1, NULL, TRUE),
    ('DV007', 'P2', 'Phòng Đào tạo', 'P2', 1, NULL, TRUE),
    ('DV008', 'P7', 'Phòng Sau đại học', 'P7', 1, NULL, TRUE),
    ('DV009', 'BKT', 'Ban Khảo thí', 'BKT', 1, NULL, TRUE),
    ('DV010', 'KHCN', 'Phòng Khoa học Công nghệ', 'KHCN', 1, NULL, TRUE),
    ('DV011', 'TV', 'Trung tâm Thư viện', 'TV', 1, NULL, TRUE),
    ('DV012', 'CNTT-BM1', 'Bộ môn Tin học cơ bản', 'CNTT-BM1', 2, 'DV001', TRUE),
    ('DV013', 'CNTT-BM2', 'Bộ môn Công nghệ phần mềm', 'CNTT-BM2', 2, 'DV001', TRUE),
    ('DV014', 'DTVT-BM1', 'Bộ môn Viễn thông', 'DTVT-BM1', 2, 'DV002', TRUE),
    ('DV015', 'KT-BM1', 'Bộ môn Kế toán', 'KT-BM1', 2, 'DV004', TRUE);

INSERT INTO giang_vien (id, ma_gv, ho_ten, email, so_dien_thoai, don_vi_id, ten_don_vi, hoc_vi, hoc_ham, active) VALUES
    ('GV001', 'GV5976', 'Lê Tuấn Hoa', 'letuanhoa@tlu.edu.vn', '02 9436483', 'DV015', 'Bộ môn Kế toán', 'PGS.TS', 'Giảng viên cao cấp', TRUE),
    ('GV002', 'GV6802', 'Ngô Tuấn Việt', 'ngotuanviet@viettel.com.vn', '+84-75-689 3485', 'DV013', 'Bộ môn Công nghệ phần mềm', 'GS', 'Giảng viên cao cấp', TRUE),
    ('GV003', 'GV8676', 'Đỗ Thị Giang', 'dothigiang@tlu.edu.vn', '+84-13-728360', 'DV014', 'Bộ môn Viễn thông', 'GS', 'Nghiên cứu viên', TRUE),
    ('GV004', 'GV8633', 'Lý Thanh Sơn', 'lythanhson@gmail.com', '(05)671-2565', 'DV012', 'Bộ môn Tin học cơ bản', 'PGS', 'Giảng viên cao cấp', TRUE),
    ('GV005', 'GV6332', 'Vũ Thanh Giang', 'vuthanhgiang@viettel.com.vn', '03 5665 9363', 'DV015', 'Bộ môn Kế toán', 'PGS.TS', 'Giảng viên cao cấp', TRUE),
    ('GV006', 'GV1663', 'Đặng Đức Giang', 'dangducgiang@tlu.edu.vn', '(00) 3048 5969', 'DV013', 'Bộ môn Công nghệ phần mềm', 'ThS', 'Giảng viên cao cấp', TRUE),
    ('GV007', 'GV2835', 'Lý Kim Sơn', 'lykimson@yahoo.com', '+84 59 3375235', 'DV014', 'Bộ môn Viễn thông', 'GS', 'Giảng viên chính', TRUE),
    ('GV008', 'GV7042', 'Vũ Hữu Giang', 'vuhuugiang@viettel.com.vn', '09 2469557', 'DV015', 'Bộ môn Kế toán', 'PGS', 'Giảng viên cao cấp', TRUE),
    ('GV009', 'GV8617', 'Hồ Thanh Nguyệt', 'hothanhnguyet@tlu.edu.vn', '(02)253-9112', 'DV015', 'Bộ môn Kế toán', 'PGS', 'Giảng viên cao cấp', TRUE),
    ('GV010', 'GV2605', 'Hồ Bảo Chiến', 'hobaochien@tlu.edu.vn', '+84 27 3531343', 'DV013', 'Bộ môn Công nghệ phần mềm', 'ThS', 'Giảng viên chính', TRUE),
    ('GV011', 'GV4744', 'Dương Đức Phương', 'duongducphuong@gmail.com', '+84-79-478 6631', 'DV015', 'Bộ môn Kế toán', 'GS', 'Giảng viên cao cấp', TRUE),
    ('GV012', 'GV5319', 'Dương Quang Hạnh', 'duongquanghanh@viettel.com.vn', '04 4294 8173', 'DV013', 'Bộ môn Công nghệ phần mềm', 'PGS.TS', 'Nghiên cứu viên', TRUE),
    ('GV013', 'GV5561', 'Trần Minh Minh', 'tranminhminh@tlu.edu.vn', '(06) 2835 5098', 'DV013', 'Bộ môn Công nghệ phần mềm', 'ThS.', 'Giảng viên', TRUE),
    ('GV014', 'GV3885', 'Phạm Đức Quân', 'phamducquan@fpt.vn', '01 1308239', 'DV015', 'Bộ môn Kế toán', 'GS', 'Giảng viên cao cấp', TRUE),
    ('GV015', 'GV9915', 'Lý Tuấn Bình', 'lytuanbinh@viettel.com.vn', '+84 82 3792212', 'DV014', 'Bộ môn Viễn thông', 'TS', 'Giảng viên', TRUE),
    ('GV016', 'GV4444', 'Nguyễn Phương Em', 'nguyenphuongem@fpt.vn', '+84-19-890918', 'DV013', 'Bộ môn Công nghệ phần mềm', 'TS', 'Giảng viên chính', TRUE),
    ('GV017', 'GV3654', 'Bùi Kim Phúc', 'buikimphuc@gmail.com', '(08) 5014 0201', 'DV013', 'Bộ môn Công nghệ phần mềm', 'PGS', 'Giảng viên', TRUE),
    ('GV018', 'GV3946', 'Hồ Thị Yến', 'hothiyen@fpt.vn', '+84-99-393 3727', 'DV012', 'Bộ môn Tin học cơ bản', 'TS.', 'Giảng viên', TRUE),
    ('GV019', 'GV2007', 'Hoàng Văn Phúc', 'hoangvanphuc@gmail.com', '04 7736 9769', 'DV012', 'Bộ môn Tin học cơ bản', 'GS', 'Giảng viên chính', TRUE),
    ('GV020', 'GV6139', 'Bùi Hữu Việt', 'buihuuviet@yahoo.com', '+84-23-246 3257', 'DV013', 'Bộ môn Công nghệ phần mềm', 'GS.TS', 'Nghiên cứu viên', TRUE);

-- ============================================
-- MAIN ENTITY TABLES
-- ============================================

INSERT INTO hoc_vien (id, ma_hv, ho_ten, ngay_sinh, noi_sinh, que_quan, email, so_dien_thoai, ma_lop, ten_chuyen_nganh, ten_nganh, ten_khoa_dao_tao, trang_thai, gpa_he4, gpa_he10, so_tin_chi_tich_luy, muc_canh_bao, active) VALUES
    ('HV001', '666106', 'Dương Hải Giang', '2002-07-21', 'Lạng Sơn', '215 Đường Trần Hưng Đạo, Cô Giang, Bắc Từ Liêm, Lạng Sơn', 'duonghaigiang@viettel.com.vn', '+84 50 3860397', 'K64A', 'TCNH', 'TCNH', 'K66', 'thoi_hoc', 3.87, 9.7, 126, 0, FALSE),
    ('HV002', '637868', 'Lê Thanh Tùng', '2001-02-05', 'Hòa Bình', '229 Đường Hoàng Quốc Việt, Bến Thành, Ba Đình, Hòa Bình', 'lethanhtung@gmail.com', '+84-06-508584', 'K64A', 'KTPM', 'KTPM', 'K63', 'tot_nghiep', 1.61, 4.0, 107, 0, TRUE),
    ('HV003', '674688', 'Bùi Phương Việt', '2002-04-29', 'Cà Mau', '751 Đường Trần Hưng Đạo, Phương Mai, Quận 7, Cà Mau', 'buiphuongviet@fpt.vn', '(03) 9161 2205', 'K63B', 'CNTT', 'CNTT', 'K67', 'tot_nghiep', 2.69, 6.7, 135, 0, TRUE),
    ('HV004', '649110', 'Lý Ngọc Chiến', '1998-05-20', 'Tuyên Quang', '939 Đường Phạm Văn Đồng, Giảng Võ, Quận 10, Tuyên Quang', 'lyngocchien@tlu.edu.vn', '07 2576 7952', 'K64C', 'ATTT', 'ATTT', 'K64', 'dang_hoc', 2.85, 7.1, 136, 0, TRUE),
    ('HV005', '679278', 'Bùi Ngọc Việt', '1995-05-30', 'An Giang', '979 Đường Trần Hưng Đạo, Thành Công, Thủ Đức, An Giang', 'buingocviet@gmail.com', '+84 15 6281060', 'K63A', 'TTĐPT', 'TTĐPT', 'K67', 'dang_hoc', 3.54, 8.8, 114, 0, TRUE),
    ('HV006', '648067', 'Đặng Văn Linh', '2003-11-29', 'Ninh Bình', '218 Đường Lê Lợi, Phương Mai, Lê Chân, Ninh Bình', 'dangvanlinh@gmail.com', '03 1589 2399', 'K66A', 'KTPM', 'KTPM', 'K64', 'tot_nghiep', 3.96, 9.9, 120, 0, TRUE),
    ('HV007', '678302', 'Dương Minh Sơn', '1996-03-10', 'Kon Tum', '549 Đường Võ Nguyên Giáp, Hàng Trống, Quận 3, Kon Tum', 'duongminhson@fpt.vn', '+84 94 6823081', 'K67A', 'ATTT', 'ATTT', 'K67', 'thoi_hoc', 2.96, 7.4, 52, 0, FALSE),
    ('HV008', '656213', 'Ngô Đức Yến', '1997-03-09', 'Gia Lai', '408 Đường Phạm Văn Đồng, Bến Nghé, Long Biên, Gia Lai', 'ngoducyen@fpt.vn', '+84-96-792384', 'K65C', 'HTTT', 'HTTT', 'K65', 'thoi_hoc', 0.91, 2.3, 59, 1, FALSE),
    ('HV009', '649863', 'Lý Hải Phương', '2004-11-19', 'Thái Nguyên', '199 Đường Trường Chinh, Bến Thành, Cái Răng, Thái Nguyên', 'lyhaiphuong@gmail.com', '09 5716 6458', 'K64B', 'ĐTVT', 'ĐTVT', 'K64', 'tot_nghiep', 3.05, 7.6, 78, 0, TRUE),
    ('HV010', '663199', 'Ngô Đức Linh', '2000-09-28', 'Quảng Ngãi', '705 Đường Hoàng Quốc Việt, Bến Nghé, Quận 11, Quảng Ngãi', 'ngoduclinh@gmail.com', '(05) 3679 4437', 'K65C', 'KT', 'KT', 'K66', 'dang_hoc', 1.79, 4.5, 58, 0, TRUE),
    ('HV011', '657145', 'Bùi Kim Linh', '2002-02-04', 'Yên Bái', '374 Đường Nguyễn Trãi, Phúc Xá, Liên Chiểu, Yên Bái', 'buikimlinh@gmail.com', '+84 46 3468254', 'K67A', 'KHMT', 'KHMT', 'K65', 'tot_nghiep', 2.32, 5.8, 122, 0, TRUE),
    ('HV012', '671537', 'Lê Thị Sơn', '2002-07-27', 'Sơn La', '593 Đường Phạm Văn Đồng, Đa Kao, Cầu Giấy, Sơn La', 'lethison@yahoo.com', '(02)183-7944', 'K66B', 'TTĐPT', 'TTĐPT', 'K67', 'dang_hoc', 2.16, 5.4, 138, 0, TRUE),
    ('HV013', '643135', 'Đỗ Đức Sơn', '1997-09-20', 'Nam Định', '608 Đường Phạm Văn Đồng, Nhân Chính, Long Biên, Nam Định', 'doducson@viettel.com.vn', '+84-64-275096', 'K67A', 'KHMT', 'KHMT', 'K64', 'dang_hoc', 2.46, 6.2, 105, 0, TRUE),
    ('HV014', '672765', 'Ngô Thị Hương', '2002-08-25', 'Thái Nguyên', '828 Đường Võ Nguyên Giáp, Lý Thái Tổ, Ô Môn, Thái Nguyên', 'ngothihuong@tlu.edu.vn', '(02)169-5319', 'K64C', 'KHMT', 'KHMT', 'K67', 'thoi_hoc', 1.34, 3.4, 82, 2, FALSE),
    ('HV015', '674571', 'Ngô Tuấn Nguyệt', '1997-10-18', 'Hưng Yên', '519 Đường Phạm Văn Đồng, Khương Thượng, Quận 8, Hưng Yên', 'ngotuannguyet@fpt.vn', '(04)836-2374', 'K63C', 'KHMT', 'KHMT', 'K67', 'dang_hoc', 3.44, 8.6, 119, 0, TRUE),
    ('HV016', '642794', 'Đặng Tuấn Yến', '1995-10-06', 'Quảng Bình', '259 Đường Nguyễn Trãi, Bến Thành, Ô Môn, Quảng Bình', 'dangtuanyen@viettel.com.vn', '+84 19 4269139', 'K65C', 'ATTT', 'ATTT', 'K64', 'dang_hoc', 2.88, 7.2, 83, 0, TRUE),
    ('HV017', '655647', 'Nguyễn Quang Em', '1997-07-30', 'Bắc Kạn', '566 Đường Nguyễn Trãi, Khương Thượng, Hải Châu, Bắc Kạn', 'nguyenquangem@tlu.edu.vn', '02 6125 6558', 'K65A', 'TTĐPT', 'TTĐPT', 'K65', 'thoi_hoc', 2.16, 5.4, 113, 0, FALSE),
    ('HV018', '675392', 'Bùi Bảo Phương', '2004-01-22', 'Đồng Nai', '755 Đường Hoàng Quốc Việt, Phúc Xá, Cầu Giấy, Đồng Nai', 'buibaophuong@tlu.edu.vn', '(00) 9462 9428', 'K63C', 'KTCK', 'KTCK', 'K67', 'tot_nghiep', 2.96, 7.4, 86, 0, TRUE),
    ('HV019', '638860', 'Bùi Thanh Hạnh', '2003-10-15', 'Điện Biên', '84 Đường Lê Lợi, Đa Kao, Bình Thủy, Điện Biên', 'buithanhhanh@viettel.com.vn', '03 8268 3223', 'K64A', 'ATTT', 'ATTT', 'K63', 'tot_nghiep', 2.72, 6.8, 97, 0, TRUE),
    ('HV020', '654457', 'Đỗ Bảo Hương', '1997-10-12', 'Quảng Ngãi', '594 Đường Nguyễn Trãi, Liễu Giai, Ngũ Hành Sơn, Quảng Ngãi', 'dobaohuong@fpt.vn', '+84-91-686 0724', 'K65B', 'KT', 'KT', 'K65', 'thoi_hoc', 1.96, 4.9, 121, 0, FALSE),
    ('HV021', '656727', 'Phạm Minh Nguyệt', '2002-11-03', 'Ninh Thuận', '155 Đường Nguyễn Trãi, Cống Vị, Gò Vấp, Ninh Thuận', 'phamminhnguyet@gmail.com', '05 4797804', 'K66A', 'TTĐPT', 'TTĐPT', 'K65', 'thoi_hoc', 3.88, 9.7, 70, 0, FALSE),
    ('HV022', '648919', 'Lý Thanh Giang', '1997-01-22', 'Quảng Ninh', '164 Đường Lê Lợi, Phương Liên, Đống Đa, Quảng Ninh', 'lythanhgiang@yahoo.com', '+84-75-875 2188', 'K65A', 'HTTT', 'HTTT', 'K64', 'tot_nghiep', 3.07, 7.7, 36, 0, TRUE),
    ('HV023', '646366', 'Đặng Đức Em', '1997-12-12', 'Khánh Hòa', '875 Đường Trường Chinh, Vĩnh Phúc, Long Biên, Khánh Hòa', 'dangducem@gmail.com', '(07) 7590 2160', 'K66C', 'TTĐPT', 'TTĐPT', 'K64', 'tot_nghiep', 3.55, 8.9, 116, 0, TRUE),
    ('HV024', '669113', 'Hồ Hải Xuân', '1998-02-05', 'Đồng Nai', '696 Đường Võ Nguyên Giáp, Lý Thái Tổ, Long Biên, Đồng Nai', 'hohaixuan@viettel.com.vn', '+84-11-773 8835', 'K65B', 'KTCK', 'KTCK', 'K66', 'dang_hoc', 2.86, 7.1, 87, 0, TRUE),
    ('HV025', '662151', 'Dương Đức Bình', '2002-03-19', 'Bắc Giang', '549 Đường Nguyễn Văn Linh, Thành Công, Dương Kinh, Bắc Giang', 'duongducbinh@yahoo.com', '+84-47-490 3873', 'K67C', 'KT', 'KT', 'K66', 'dang_hoc', 3.62, 9.1, 131, 0, TRUE),
    ('HV026', '661303', 'Bùi Kim Hoa', '1998-05-25', 'An Giang', '264 Đường Lê Lợi, Láng Hạ, Sơn Trà, An Giang', 'buikimhoa@tlu.edu.vn', '04 5029 8845', 'K67B', 'HTTT', 'HTTT', 'K66', 'thoi_hoc', 0.97, 2.4, 97, 3, FALSE),
    ('HV027', '649454', 'Lê Hải Em', '1998-10-18', 'Quảng Ninh', '235 Đường Lê Duẩn, Giảng Võ, Quận 1, Quảng Ninh', 'lehaiem@yahoo.com', '+84 50 9553247', 'K67A', 'CNTT', 'CNTT', 'K64', 'dang_hoc', 3.0, 7.5, 39, 0, TRUE),
    ('HV028', '655141', 'Lê Văn Linh', '2000-11-02', 'Hưng Yên', '111 Đường Nguyễn Văn Linh, Thành Công, Ngô Quyền, Hưng Yên', 'levanlinh@gmail.com', '(01) 7460 6322', 'K67A', 'KTPM', 'KTPM', 'K65', 'thoi_hoc', 2.2, 5.5, 133, 0, FALSE),
    ('HV029', '665364', 'Hồ Phương Yến', '1998-12-30', 'Sơn La', '889 Đường Nguyễn Văn Linh, Bến Thành, Nam Từ Liêm, Sơn La', 'hophuongyen@fpt.vn', '05 6315975', 'K63A', 'KTCK', 'KTCK', 'K66', 'dang_hoc', 2.37, 5.9, 88, 0, TRUE),
    ('HV030', '638533', 'Phạm Thanh Tùng', '1995-01-28', 'Trà Vinh', '798 Đường Lê Lợi, Giảng Võ, Cầu Giấy, Trà Vinh', 'phamthanhtung@gmail.com', '+84-98-673 2186', 'K67A', 'ATTT', 'ATTT', 'K63', 'dang_hoc', 2.39, 6.0, 122, 0, TRUE),
    ('HV031', '632283', 'Trần Đức Anh', '2000-06-12', 'Tây Ninh', '849 Đường Võ Nguyên Giáp, Trúc Bạch, Quận 5, Tây Ninh', 'tranducanh@viettel.com.vn', '07 7307814', 'K67A', 'ATTT', 'ATTT', 'K63', 'thoi_hoc', 2.42, 6.0, 97, 0, FALSE),
    ('HV032', '653109', 'Lý Ngọc Xuân', '2004-11-16', 'Hà Nam', '492 Đường Nguyễn Trãi, Thành Công, Quận 3, Hà Nam', 'lyngocxuan@yahoo.com', '(01)585-1579', 'K65A', 'ATTT', 'ATTT', 'K65', 'dang_hoc', 2.4, 6.0, 116, 0, TRUE),
    ('HV033', '665288', 'Phạm Bảo Sơn', '2001-07-09', 'Lai Châu', '277 Đường Hoàng Quốc Việt, Bến Nghé, Long Biên, Lai Châu', 'phambaoson@fpt.vn', '(04)668-4103', 'K63C', 'ATTT', 'ATTT', 'K66', 'thoi_hoc', 2.15, 5.4, 71, 0, FALSE),
    ('HV034', '633301', 'Trần Bảo Phương', '2004-06-11', 'Nghệ An', '129 Đường Hoàng Quốc Việt, Hàng Trống, Hải An, Nghệ An', 'tranbaophuong@viettel.com.vn', '+84-62-230 0401', 'K63B', 'TTĐPT', 'TTĐPT', 'K63', 'tot_nghiep', 3.37, 8.4, 107, 0, TRUE),
    ('HV035', '674894', 'Hồ Ngọc Tùng', '1998-09-04', 'Phú Yên', '863 Đường Hoàng Quốc Việt, Giảng Võ, Lê Chân, Phú Yên', 'hongoctung@tlu.edu.vn', '(03) 8412 0451', 'K64A', 'TCNH', 'TCNH', 'K67', 'tot_nghiep', 2.08, 5.2, 108, 0, TRUE),
    ('HV036', '675486', 'Lý Ngọc Anh', '2000-10-03', 'Đà Nẵng', '313 Đường Trần Hưng Đạo, Phương Liên, Tân Bình, Đà Nẵng', 'lyngocanh@tlu.edu.vn', '+84-21-540988', 'K64A', 'KTCK', 'KTCK', 'K67', 'thoi_hoc', 3.26, 8.1, 102, 0, FALSE),
    ('HV037', '666520', 'Ngô Bảo Hoa', '1999-10-06', 'Bà Rịa - Vũng Tàu', '903 Đường Phạm Văn Đồng, Nhân Chính, Bình Thủy, Bà Rịa - Vũng Tàu', 'ngobaohoa@gmail.com', '+84-30-254807', 'K66A', 'KTCK', 'KTCK', 'K66', 'dang_hoc', 1.82, 4.5, 55, 0, TRUE),
    ('HV038', '657859', 'Dương Quang Giang', '2005-01-01', 'Hà Nam', '495 Đường Hoàng Quốc Việt, Phương Liên, Thanh Xuân, Hà Nam', 'duongquanggiang@yahoo.com', '(05) 7023 5191', 'K64B', 'KTCK', 'KTCK', 'K65', 'tot_nghiep', 4.0, 10.0, 94, 0, TRUE),
    ('HV039', '643683', 'Dương Thanh Chiến', '2000-01-22', 'Bạc Liêu', '509 Đường Lê Duẩn, Hàng Bạc, Hải An, Bạc Liêu', 'duongthanhchien@tlu.edu.vn', '(01)301-2733', 'K63B', 'KHMT', 'KHMT', 'K64', 'thoi_hoc', 4.0, 10.0, 62, 0, FALSE),
    ('HV040', '654048', 'Đặng Hữu Yến', '1997-07-17', 'Hậu Giang', '350 Đường Trường Chinh, Giảng Võ, Bình Thủy, Hậu Giang', 'danghuuyen@viettel.com.vn', '(06)991-6868', 'K64A', 'HTTT', 'HTTT', 'K65', 'thoi_hoc', 3.85, 9.6, 127, 0, FALSE),
    ('HV041', '673296', 'Đặng Quang Chiến', '1997-12-05', 'Vĩnh Phúc', '990 Đường Lê Lợi, Trúc Bạch, Hai Bà Trưng, Vĩnh Phúc', 'dangquangchien@tlu.edu.vn', '(02)353-2702', 'K67C', 'CNTT', 'CNTT', 'K67', 'thoi_hoc', 3.44, 8.6, 40, 0, FALSE),
    ('HV042', '638542', 'Lý Hữu Dũng', '1998-01-12', 'Tiền Giang', '238 Đường Hoàng Quốc Việt, Cầu Kho, Hoàng Mai, Tiền Giang', 'lyhuudung@tlu.edu.vn', '+84-36-626 6791', 'K65B', 'TTĐPT', 'TTĐPT', 'K63', 'dang_hoc', 2.96, 7.4, 55, 0, TRUE),
    ('HV043', '666202', 'Nguyễn Minh Phương', '2003-01-01', 'Sơn La', '458 Đường Nguyễn Văn Linh, Phương Liên, Ô Môn, Sơn La', 'nguyenminhphuong@viettel.com.vn', '+84-49-251515', 'K65C', 'HTTT', 'HTTT', 'K66', 'thoi_hoc', 4.0, 10.0, 55, 0, FALSE),
    ('HV044', '659654', 'Bùi Hữu Chiến', '2000-06-05', 'Yên Bái', '230 Đường Nguyễn Văn Linh, Bến Thành, Cái Răng, Yên Bái', 'buihuuchien@tlu.edu.vn', '+84-32-827199', 'K65A', 'KTPM', 'KTPM', 'K65', 'dang_hoc', 3.08, 7.7, 51, 0, TRUE),
    ('HV045', '649143', 'Vũ Hải Giang', '1999-05-22', 'Bình Định', '113 Đường Lê Duẩn, Tân Định, Hoàn Kiếm, Bình Định', 'vuhaigiang@yahoo.com', '+84-99-677 5959', 'K66B', 'ĐTVT', 'ĐTVT', 'K64', 'dang_hoc', 2.65, 6.6, 116, 0, TRUE),
    ('HV046', '631135', 'Đặng Đức Bình', '2000-10-06', 'Lâm Đồng', '634 Đường Lê Duẩn, Cầu Kho, Quận 11, Lâm Đồng', 'dangducbinh@fpt.vn', '(02)396-0878', 'K64A', 'HTTT', 'HTTT', 'K63', 'dang_hoc', 2.53, 6.3, 40, 0, TRUE),
    ('HV047', '657727', 'Đỗ Đức Việt', '1999-01-11', 'Yên Bái', '39 Đường Trường Chinh, Hàng Bạc, Ngô Quyền, Yên Bái', 'doducviet@yahoo.com', '02 9433 9967', 'K65A', 'KTCK', 'KTCK', 'K65', 'thoi_hoc', 0.0, 0.0, 80, 0, FALSE),
    ('HV048', '677042', 'Trần Hữu Nguyệt', '1998-10-18', 'Hậu Giang', '102 Đường Hoàng Quốc Việt, Bến Thành, Kiến An, Hậu Giang', 'tranhuunguyet@viettel.com.vn', '+84-17-845 0937', 'K64A', 'HTTT', 'HTTT', 'K67', 'dang_hoc', 2.49, 6.2, 32, 0, TRUE),
    ('HV049', '664675', 'Đặng Bảo Phúc', '2005-07-26', 'Vĩnh Long', '955 Đường Lê Lợi, Cô Giang, Tân Bình, Vĩnh Long', 'dangbaophuc@tlu.edu.vn', '+84-47-681 2786', 'K66B', 'TTĐPT', 'TTĐPT', 'K66', 'dang_hoc', 3.31, 8.3, 148, 0, TRUE),
    ('HV050', '651232', 'Dương Minh Em', '1998-04-18', 'Đắk Lắk', '367 Đường Nguyễn Trãi, Thành Công, Thủ Đức, Đắk Lắk', 'duongminhem@yahoo.com', '+84-51-231880', 'K63A', 'CNTT', 'CNTT', 'K65', 'tot_nghiep', 3.4, 8.5, 92, 0, TRUE);

INSERT INTO mon_hoc (id, ma_mon, ten_mon, so_tin_chi, so_tiet, don_vi_ql_id, ten_don_vi_ql, active) VALUES
    ('MH001', 'IT101', 'Nhập môn Công nghệ thông tin', 3, 45, 'DV001', 'Khoa Công nghệ thông tin', TRUE),
    ('MH002', 'IT102', 'Lập trình cơ bản', 4, 60, 'DV001', 'Khoa Công nghệ thông tin', TRUE),
    ('MH003', 'IT201', 'Cấu trúc dữ liệu và giải thuật', 4, 60, 'DV001', 'Khoa Công nghệ thông tin', TRUE),
    ('MH004', 'IT202', 'Cơ sở dữ liệu', 3, 45, 'DV001', 'Khoa Công nghệ thông tin', TRUE),
    ('MH005', 'IT203', 'Mạng máy tính', 3, 45, 'DV001', 'Khoa Công nghệ thông tin', TRUE),
    ('MH006', 'IT301', 'Phát triển ứng dụng Web', 3, 45, 'DV001', 'Khoa Công nghệ thông tin', TRUE),
    ('MH007', 'IT302', 'Trí tuệ nhân tạo', 3, 45, 'DV001', 'Khoa Công nghệ thông tin', TRUE),
    ('MH008', 'IT303', 'Học máy', 3, 45, 'DV001', 'Khoa Công nghệ thông tin', TRUE),
    ('MH009', 'IT304', 'An toàn và bảo mật thông tin', 3, 45, 'DV001', 'Khoa Công nghệ thông tin', TRUE),
    ('MH010', 'KT101', 'Kinh tế vi mô', 3, 45, 'DV004', 'Khoa Kinh tế', TRUE),
    ('MH011', 'KT102', 'Kinh tế vĩ mô', 3, 45, 'DV004', 'Khoa Kinh tế', TRUE),
    ('MH012', 'KT201', 'Nguyên lý kế toán', 4, 60, 'DV004', 'Khoa Kinh tế', TRUE),
    ('MH013', 'KT202', 'Tài chính doanh nghiệp', 3, 45, 'DV004', 'Khoa Kinh tế', TRUE),
    ('MH014', 'KT301', 'Kinh tế lượng', 3, 45, 'DV004', 'Khoa Kinh tế', TRUE),
    ('MH015', 'NN101', 'Tiếng Anh cơ bản', 4, 60, 'DV005', 'Khoa Ngoại ngữ', TRUE),
    ('MH016', 'NN102', 'Tiếng Anh học thuật', 3, 45, 'DV005', 'Khoa Ngoại ngữ', TRUE),
    ('MH017', 'NN201', 'Tiếng Anh chuyên ngành', 3, 45, 'DV005', 'Khoa Ngoại ngữ', TRUE),
    ('MH018', 'NN202', 'Tiếng Trung cơ bản', 4, 60, 'DV005', 'Khoa Ngoại ngữ', TRUE),
    ('MH019', 'QS101', 'Giáo dục Quốc phòng', 2, 30, 'DV006', 'Khoa Quân sự', TRUE),
    ('MH020', 'QS102', 'Điều lệnh Quân đội', 2, 30, 'DV006', 'Khoa Quân sự', TRUE),
    ('MH021', 'QS201', 'Chiến thuật bộ binh', 3, 45, 'DV006', 'Khoa Quân sự', TRUE),
    ('MH022', 'QS202', 'Kỹ thuật quân sự', 3, 45, 'DV006', 'Khoa Quân sự', TRUE),
    ('MH023', 'MATH631', 'Reverse-engineered systemic methodology', 2, 49, 'DV012', 'Bộ môn Tin học cơ bản', TRUE),
    ('MH024', 'CHEM285', 'Synergistic didactic website', 4, 57, 'DV013', 'Bộ môn Công nghệ phần mềm', TRUE),
    ('MH025', 'CS200', 'Stand-alone value-added complexity', 2, 33, 'DV012', 'Bộ môn Tin học cơ bản', TRUE),
    ('MH026', 'CS923', 'Diverse attitude-oriented extranet', 4, 57, 'DV015', 'Bộ môn Kế toán', TRUE),
    ('MH027', 'PHY923', 'Open-architected coherent system engine', 3, 49, 'DV014', 'Bộ môn Viễn thông', TRUE),
    ('MH028', 'CS651', 'Public-key fresh-thinking function', 2, 37, 'DV012', 'Bộ môn Tin học cơ bản', TRUE),
    ('MH029', 'CS157', 'Up-sized fresh-thinking protocol', 2, 40, 'DV015', 'Bộ môn Kế toán', TRUE),
    ('MH030', 'CS133', 'Triple-buffered global matrix', 3, 38, 'DV012', 'Bộ môn Tin học cơ bản', TRUE),
    ('MH031', 'CS922', 'Enterprise-wide leadingedge encoding', 4, 56, 'DV012', 'Bộ môn Tin học cơ bản', TRUE),
    ('MH032', 'CS591', 'Virtual human-resource knowledge user', 3, 44, 'DV015', 'Bộ môn Kế toán', TRUE),
    ('MH033', 'CHEM492', 'Configurable multimedia superstructure', 4, 34, 'DV012', 'Bộ môn Tin học cơ bản', TRUE),
    ('MH034', 'CHEM280', 'Versatile 6thgeneration alliance', 3, 50, 'DV013', 'Bộ môn Công nghệ phần mềm', TRUE),
    ('MH035', 'MATH316', 'Operative executive concept', 2, 39, 'DV013', 'Bộ môn Công nghệ phần mềm', TRUE),
    ('MH036', 'CHEM838', 'Synergized demand-driven analyzer', 2, 57, 'DV014', 'Bộ môn Viễn thông', TRUE),
    ('MH037', 'PHY856', 'Customer-focused optimizing challenge', 2, 58, 'DV015', 'Bộ môn Kế toán', TRUE),
    ('MH038', 'CS970', 'Sharable demand-driven artificial intelligence', 2, 60, 'DV015', 'Bộ môn Kế toán', TRUE),
    ('MH039', 'PHY983', 'Enterprise-wide bottom-line benchmark', 2, 41, 'DV014', 'Bộ môn Viễn thông', TRUE),
    ('MH040', 'CHEM131', 'Mandatory 3rdgeneration success', 2, 39, 'DV013', 'Bộ môn Công nghệ phần mềm', TRUE),
    ('MH041', 'CHEM375', 'Customer-focused next generation emulation', 2, 59, 'DV013', 'Bộ môn Công nghệ phần mềm', TRUE),
    ('MH042', 'MATH982', 'Right-sized real-time migration', 2, 45, 'DV015', 'Bộ môn Kế toán', TRUE),
    ('MH043', 'CS206', 'Persevering content-based matrices', 3, 49, 'DV012', 'Bộ môn Tin học cơ bản', TRUE),
    ('MH044', 'CS954', 'Exclusive 24/7 function', 3, 37, 'DV012', 'Bộ môn Tin học cơ bản', TRUE),
    ('MH045', 'PHY539', 'Upgradable heuristic info-mediaries', 4, 45, 'DV013', 'Bộ môn Công nghệ phần mềm', TRUE),
    ('MH046', 'PHY153', 'Visionary even-keeled algorithm', 4, 44, 'DV015', 'Bộ môn Kế toán', TRUE),
    ('MH047', 'MATH710', 'Compatible value-added model', 4, 49, 'DV012', 'Bộ môn Tin học cơ bản', TRUE),
    ('MH048', 'PHY701', 'Total web-enabled knowledge user', 2, 45, 'DV015', 'Bộ môn Kế toán', TRUE),
    ('MH049', 'MATH894', 'Multi-layered foreground installation', 2, 60, 'DV015', 'Bộ môn Kế toán', TRUE),
    ('MH050', 'CHEM426', 'Quality-focused dedicated knowledgebase', 2, 40, 'DV012', 'Bộ môn Tin học cơ bản', TRUE),
    ('MH051', 'CHEM960', 'Distributed background forecast', 4, 39, 'DV014', 'Bộ môn Viễn thông', TRUE),
    ('MH052', 'CS876', 'User-friendly stable capability', 3, 58, 'DV015', 'Bộ môn Kế toán', TRUE),
    ('MH053', 'CS920', 'Diverse systematic service-desk', 3, 53, 'DV015', 'Bộ môn Kế toán', TRUE),
    ('MH054', 'CHEM194', 'Face-to-face regional hierarchy', 3, 54, 'DV015', 'Bộ môn Kế toán', TRUE),
    ('MH055', 'PHY515', 'Vision-oriented multi-tasking encryption', 2, 32, 'DV015', 'Bộ môn Kế toán', TRUE),
    ('MH056', 'CHEM883', 'Object-based composite help-desk', 4, 41, 'DV012', 'Bộ môn Tin học cơ bản', TRUE),
    ('MH057', 'MATH111', 'Versatile didactic capacity', 2, 32, 'DV015', 'Bộ môn Kế toán', TRUE),
    ('MH058', 'CS456', 'Networked static structure', 4, 60, 'DV012', 'Bộ môn Tin học cơ bản', TRUE),
    ('MH059', 'MATH205', 'Compatible contextually-based encryption', 2, 56, 'DV014', 'Bộ môn Viễn thông', TRUE),
    ('MH060', 'CS850', 'Assimilated exuding budgetary management', 2, 33, 'DV012', 'Bộ môn Tin học cơ bản', TRUE),
    ('MH061', 'CS689', 'Total optimizing software', 2, 36, 'DV014', 'Bộ môn Viễn thông', TRUE),
    ('MH062', 'PHY115', 'Robust dynamic methodology', 4, 43, 'DV014', 'Bộ môn Viễn thông', TRUE),
    ('MH063', 'CS773', 'Mandatory static service-desk', 4, 43, 'DV015', 'Bộ môn Kế toán', TRUE),
    ('MH064', 'PHY837', 'Operative didactic application', 3, 37, 'DV015', 'Bộ môn Kế toán', TRUE),
    ('MH065', 'CHEM796', 'Stand-alone analyzing focus group', 2, 44, 'DV015', 'Bộ môn Kế toán', TRUE),
    ('MH066', 'CS582', 'Extended value-added functionalities', 2, 44, 'DV012', 'Bộ môn Tin học cơ bản', TRUE),
    ('MH067', 'MATH287', 'Organized regional utilization', 4, 51, 'DV012', 'Bộ môn Tin học cơ bản', TRUE),
    ('MH068', 'MATH295', 'Extended responsive access', 2, 41, 'DV013', 'Bộ môn Công nghệ phần mềm', TRUE),
    ('MH069', 'MATH861', 'Re-engineered discrete artificial intelligence', 3, 30, 'DV012', 'Bộ môn Tin học cơ bản', TRUE),
    ('MH070', 'CHEM868', 'Public-key disintermediate methodology', 2, 42, 'DV012', 'Bộ môn Tin học cơ bản', TRUE),
    ('MH071', 'PHY474', 'Function-based web-enabled matrices', 3, 38, 'DV012', 'Bộ môn Tin học cơ bản', TRUE),
    ('MH072', 'MATH596', 'Programmable context-sensitive productivity', 4, 43, 'DV014', 'Bộ môn Viễn thông', TRUE),
    ('MH073', 'CS916', 'Programmable holistic application', 4, 51, 'DV013', 'Bộ môn Công nghệ phần mềm', TRUE),
    ('MH074', 'PHY629', 'Realigned 5thgeneration knowledge user', 3, 41, 'DV013', 'Bộ môn Công nghệ phần mềm', TRUE),
    ('MH075', 'CHEM731', 'Stand-alone incremental functionalities', 4, 52, 'DV015', 'Bộ môn Kế toán', TRUE),
    ('MH076', 'MATH782', 'Optional hybrid architecture', 2, 32, 'DV014', 'Bộ môn Viễn thông', TRUE),
    ('MH077', 'CS400', 'Configurable context-sensitive functionalities', 4, 42, 'DV015', 'Bộ môn Kế toán', TRUE),
    ('MH078', 'CS417', 'Synchronized tertiary open system', 3, 31, 'DV012', 'Bộ môn Tin học cơ bản', TRUE),
    ('MH079', 'CHEM429', 'Fundamental well-modulated capacity', 2, 33, 'DV015', 'Bộ môn Kế toán', TRUE),
    ('MH080', 'CS346', 'Synchronized web-enabled portal', 3, 55, 'DV014', 'Bộ môn Viễn thông', TRUE);

INSERT INTO lop_hoc_phan (id, ma_lhp, ten_lhp, mon_hoc_id, ma_mon, ten_mon, hoc_ky_id, ten_hoc_ky, giang_vien_id, ten_giang_vien, si_so_toi_da, phong, active) VALUES
    ('LHP001', 'IT301_HK32022-2023_1', 'Phát triển ứng dụng Web - Học kỳ hè Năm học 2022-2023 - Lớp 1', 'MH006', 'IT301', 'Phát triển ứng dụng Web', 'HK006', 'Học kỳ hè Năm học 2022-2023', 'GV018', 'Hồ Thị Yến', 65, 'P466', TRUE),
    ('LHP002', 'CS346_HK32022-2023_2', 'Synchronized web-enabled portal - Học kỳ hè Năm học 2022-2023 - Lớp 2', 'MH080', 'CS346', 'Synchronized web-enabled portal', 'HK006', 'Học kỳ hè Năm học 2022-2023', 'GV015', 'Lý Tuấn Bình', 57, 'P173', TRUE),
    ('LHP003', 'MATH710_HK22025-2026_3', 'Compatible value-added model - Học kỳ 2 Năm học 2025-2026 - Lớp 3', 'MH047', 'MATH710', 'Compatible value-added model', 'HK014', 'Học kỳ 2 Năm học 2025-2026', 'GV014', 'Phạm Đức Quân', 69, 'P298', TRUE),
    ('LHP004', 'MATH894_HK22023-2024_4', 'Multi-layered foreground installation - Học kỳ 2 Năm học 2023-2024 - Lớp 4', 'MH049', 'MATH894', 'Multi-layered foreground installation', 'HK008', 'Học kỳ 2 Năm học 2023-2024', 'GV012', 'Dương Quang Hạnh', 37, 'P471', TRUE),
    ('LHP005', 'PHY515_HK12022-2023_5', 'Vision-oriented multi-tasking encryption - Học kỳ 1 Năm học 2022-2023 - Lớp 5', 'MH055', 'PHY515', 'Vision-oriented multi-tasking encryption', 'HK004', 'Học kỳ 1 Năm học 2022-2023', 'GV012', 'Dương Quang Hạnh', 42, 'P441', TRUE),
    ('LHP006', 'CS133_HK22025-2026_6', 'Triple-buffered global matrix - Học kỳ 2 Năm học 2025-2026 - Lớp 6', 'MH030', 'CS133', 'Triple-buffered global matrix', 'HK014', 'Học kỳ 2 Năm học 2025-2026', 'GV011', 'Dương Đức Phương', 53, 'P209', TRUE),
    ('LHP007', 'QS102_HK32024-2025_7', 'Điều lệnh Quân đội - Học kỳ hè Năm học 2024-2025 - Lớp 7', 'MH020', 'QS102', 'Điều lệnh Quân đội', 'HK012', 'Học kỳ hè Năm học 2024-2025', 'GV019', 'Hoàng Văn Phúc', 41, 'P479', TRUE),
    ('LHP008', 'CS689_HK32025-2026_8', 'Total optimizing software - Học kỳ hè Năm học 2025-2026 - Lớp 8', 'MH061', 'CS689', 'Total optimizing software', 'HK015', 'Học kỳ hè Năm học 2025-2026', 'GV008', 'Vũ Hữu Giang', 52, 'P291', TRUE),
    ('LHP009', 'QS102_HK22024-2025_9', 'Điều lệnh Quân đội - Học kỳ 2 Năm học 2024-2025 - Lớp 9', 'MH020', 'QS102', 'Điều lệnh Quân đội', 'HK011', 'Học kỳ 2 Năm học 2024-2025', 'GV001', 'Lê Tuấn Hoa', 59, 'P208', TRUE),
    ('LHP010', 'IT102_HK32022-2023_10', 'Lập trình cơ bản - Học kỳ hè Năm học 2022-2023 - Lớp 10', 'MH002', 'IT102', 'Lập trình cơ bản', 'HK006', 'Học kỳ hè Năm học 2022-2023', 'GV007', 'Lý Kim Sơn', 45, 'P317', TRUE),
    ('LHP011', 'CHEM375_HK32022-2023_11', 'Customer-focused next generation emulation - Học kỳ hè Năm học 2022-2023 - Lớp 11', 'MH041', 'CHEM375', 'Customer-focused next generation emulation', 'HK006', 'Học kỳ hè Năm học 2022-2023', 'GV002', 'Ngô Tuấn Việt', 58, 'P351', TRUE),
    ('LHP012', 'PHY474_HK32024-2025_12', 'Function-based web-enabled matrices - Học kỳ hè Năm học 2024-2025 - Lớp 12', 'MH071', 'PHY474', 'Function-based web-enabled matrices', 'HK012', 'Học kỳ hè Năm học 2024-2025', 'GV015', 'Lý Tuấn Bình', 55, 'P110', TRUE),
    ('LHP013', 'QS102_HK32025-2026_13', 'Điều lệnh Quân đội - Học kỳ hè Năm học 2025-2026 - Lớp 13', 'MH020', 'QS102', 'Điều lệnh Quân đội', 'HK015', 'Học kỳ hè Năm học 2025-2026', 'GV008', 'Vũ Hữu Giang', 75, 'P105', TRUE),
    ('LHP014', 'PHY837_HK32022-2023_14', 'Operative didactic application - Học kỳ hè Năm học 2022-2023 - Lớp 14', 'MH064', 'PHY837', 'Operative didactic application', 'HK006', 'Học kỳ hè Năm học 2022-2023', 'GV019', 'Hoàng Văn Phúc', 41, 'P259', TRUE),
    ('LHP015', 'IT302_HK12024-2025_15', 'Trí tuệ nhân tạo - Học kỳ 1 Năm học 2024-2025 - Lớp 15', 'MH007', 'IT302', 'Trí tuệ nhân tạo', 'HK010', 'Học kỳ 1 Năm học 2024-2025', 'GV012', 'Dương Quang Hạnh', 74, 'P250', TRUE),
    ('LHP016', 'CHEM838_HK32021-2022_16', 'Synergized demand-driven analyzer - Học kỳ hè Năm học 2021-2022 - Lớp 16', 'MH036', 'CHEM838', 'Synergized demand-driven analyzer', 'HK003', 'Học kỳ hè Năm học 2021-2022', 'GV006', 'Đặng Đức Giang', 50, 'P285', TRUE),
    ('LHP017', 'PHY923_HK32024-2025_17', 'Open-architected coherent system engine - Học kỳ hè Năm học 2024-2025 - Lớp 17', 'MH027', 'PHY923', 'Open-architected coherent system engine', 'HK012', 'Học kỳ hè Năm học 2024-2025', 'GV006', 'Đặng Đức Giang', 60, 'P433', TRUE),
    ('LHP018', 'MATH782_HK12021-2022_18', 'Optional hybrid architecture - Học kỳ 1 Năm học 2021-2022 - Lớp 18', 'MH076', 'MATH782', 'Optional hybrid architecture', 'HK001', 'Học kỳ 1 Năm học 2021-2022', 'GV003', 'Đỗ Thị Giang', 68, 'P152', TRUE),
    ('LHP019', 'KT201_HK22021-2022_19', 'Nguyên lý kế toán - Học kỳ 2 Năm học 2021-2022 - Lớp 19', 'MH012', 'KT201', 'Nguyên lý kế toán', 'HK002', 'Học kỳ 2 Năm học 2021-2022', 'GV012', 'Dương Quang Hạnh', 70, 'P271', TRUE),
    ('LHP020', 'MATH205_HK22025-2026_20', 'Compatible contextually-based encryption - Học kỳ 2 Năm học 2025-2026 - Lớp 20', 'MH059', 'MATH205', 'Compatible contextually-based encryption', 'HK014', 'Học kỳ 2 Năm học 2025-2026', 'GV015', 'Lý Tuấn Bình', 37, 'P285', TRUE),
    ('LHP021', 'PHY983_HK32021-2022_21', 'Enterprise-wide bottom-line benchmark - Học kỳ hè Năm học 2021-2022 - Lớp 21', 'MH039', 'PHY983', 'Enterprise-wide bottom-line benchmark', 'HK003', 'Học kỳ hè Năm học 2021-2022', 'GV014', 'Phạm Đức Quân', 57, 'P405', TRUE),
    ('LHP022', 'IT301_HK32021-2022_22', 'Phát triển ứng dụng Web - Học kỳ hè Năm học 2021-2022 - Lớp 22', 'MH006', 'IT301', 'Phát triển ứng dụng Web', 'HK003', 'Học kỳ hè Năm học 2021-2022', 'GV017', 'Bùi Kim Phúc', 69, 'P406', TRUE),
    ('LHP023', 'CS400_HK22021-2022_23', 'Configurable context-sensitive functionalities - Học kỳ 2 Năm học 2021-2022 - Lớp 23', 'MH077', 'CS400', 'Configurable context-sensitive functionalities', 'HK002', 'Học kỳ 2 Năm học 2021-2022', 'GV019', 'Hoàng Văn Phúc', 72, 'P272', TRUE),
    ('LHP024', 'MATH596_HK32022-2023_24', 'Programmable context-sensitive productivity - Học kỳ hè Năm học 2022-2023 - Lớp 24', 'MH072', 'MATH596', 'Programmable context-sensitive productivity', 'HK006', 'Học kỳ hè Năm học 2022-2023', 'GV001', 'Lê Tuấn Hoa', 43, 'P164', TRUE),
    ('LHP025', 'KT202_HK22021-2022_25', 'Tài chính doanh nghiệp - Học kỳ 2 Năm học 2021-2022 - Lớp 25', 'MH013', 'KT202', 'Tài chính doanh nghiệp', 'HK002', 'Học kỳ 2 Năm học 2021-2022', 'GV006', 'Đặng Đức Giang', 57, 'P161', TRUE),
    ('LHP026', 'MATH295_HK12023-2024_26', 'Extended responsive access - Học kỳ 1 Năm học 2023-2024 - Lớp 26', 'MH068', 'MATH295', 'Extended responsive access', 'HK007', 'Học kỳ 1 Năm học 2023-2024', 'GV010', 'Hồ Bảo Chiến', 74, 'P124', TRUE),
    ('LHP027', 'KT301_HK22022-2023_27', 'Kinh tế lượng - Học kỳ 2 Năm học 2022-2023 - Lớp 27', 'MH014', 'KT301', 'Kinh tế lượng', 'HK005', 'Học kỳ 2 Năm học 2022-2023', 'GV003', 'Đỗ Thị Giang', 45, 'P432', TRUE),
    ('LHP028', 'CS954_HK32024-2025_28', 'Exclusive 24/7 function - Học kỳ hè Năm học 2024-2025 - Lớp 28', 'MH044', 'CS954', 'Exclusive 24/7 function', 'HK012', 'Học kỳ hè Năm học 2024-2025', 'GV010', 'Hồ Bảo Chiến', 70, 'P138', TRUE),
    ('LHP029', 'IT203_HK22021-2022_29', 'Mạng máy tính - Học kỳ 2 Năm học 2021-2022 - Lớp 29', 'MH005', 'IT203', 'Mạng máy tính', 'HK002', 'Học kỳ 2 Năm học 2021-2022', 'GV019', 'Hoàng Văn Phúc', 37, 'P457', TRUE),
    ('LHP030', 'IT301_HK22022-2023_30', 'Phát triển ứng dụng Web - Học kỳ 2 Năm học 2022-2023 - Lớp 30', 'MH006', 'IT301', 'Phát triển ứng dụng Web', 'HK005', 'Học kỳ 2 Năm học 2022-2023', 'GV003', 'Đỗ Thị Giang', 38, 'P128', TRUE),
    ('LHP031', 'CS582_HK22023-2024_31', 'Extended value-added functionalities - Học kỳ 2 Năm học 2023-2024 - Lớp 31', 'MH066', 'CS582', 'Extended value-added functionalities', 'HK008', 'Học kỳ 2 Năm học 2023-2024', 'GV020', 'Bùi Hữu Việt', 60, 'P196', TRUE),
    ('LHP032', 'CHEM796_HK22021-2022_32', 'Stand-alone analyzing focus group - Học kỳ 2 Năm học 2021-2022 - Lớp 32', 'MH065', 'CHEM796', 'Stand-alone analyzing focus group', 'HK002', 'Học kỳ 2 Năm học 2021-2022', 'GV012', 'Dương Quang Hạnh', 79, 'P105', TRUE),
    ('LHP033', 'CS922_HK32021-2022_33', 'Enterprise-wide leadingedge encoding - Học kỳ hè Năm học 2021-2022 - Lớp 33', 'MH031', 'CS922', 'Enterprise-wide leadingedge encoding', 'HK003', 'Học kỳ hè Năm học 2021-2022', 'GV010', 'Hồ Bảo Chiến', 34, 'P154', TRUE),
    ('LHP034', 'PHY983_HK22022-2023_34', 'Enterprise-wide bottom-line benchmark - Học kỳ 2 Năm học 2022-2023 - Lớp 34', 'MH039', 'PHY983', 'Enterprise-wide bottom-line benchmark', 'HK005', 'Học kỳ 2 Năm học 2022-2023', 'GV013', 'Trần Minh Minh', 68, 'P457', TRUE),
    ('LHP035', 'CHEM731_HK22022-2023_35', 'Stand-alone incremental functionalities - Học kỳ 2 Năm học 2022-2023 - Lớp 35', 'MH075', 'CHEM731', 'Stand-alone incremental functionalities', 'HK005', 'Học kỳ 2 Năm học 2022-2023', 'GV003', 'Đỗ Thị Giang', 64, 'P109', TRUE),
    ('LHP036', 'CS954_HK22025-2026_36', 'Exclusive 24/7 function - Học kỳ 2 Năm học 2025-2026 - Lớp 36', 'MH044', 'CS954', 'Exclusive 24/7 function', 'HK014', 'Học kỳ 2 Năm học 2025-2026', 'GV007', 'Lý Kim Sơn', 73, 'P138', TRUE),
    ('LHP037', 'CS970_HK22025-2026_37', 'Sharable demand-driven artificial intelligence - Học kỳ 2 Năm học 2025-2026 - Lớp 37', 'MH038', 'CS970', 'Sharable demand-driven artificial intelligence', 'HK014', 'Học kỳ 2 Năm học 2025-2026', 'GV017', 'Bùi Kim Phúc', 36, 'P337', TRUE),
    ('LHP038', 'KT101_HK32023-2024_38', 'Kinh tế vi mô - Học kỳ hè Năm học 2023-2024 - Lớp 38', 'MH010', 'KT101', 'Kinh tế vi mô', 'HK009', 'Học kỳ hè Năm học 2023-2024', 'GV016', 'Nguyễn Phương Em', 78, 'P476', TRUE),
    ('LHP039', 'CS970_HK22024-2025_39', 'Sharable demand-driven artificial intelligence - Học kỳ 2 Năm học 2024-2025 - Lớp 39', 'MH038', 'CS970', 'Sharable demand-driven artificial intelligence', 'HK011', 'Học kỳ 2 Năm học 2024-2025', 'GV005', 'Vũ Thanh Giang', 70, 'P372', TRUE),
    ('LHP040', 'IT301_HK12023-2024_40', 'Phát triển ứng dụng Web - Học kỳ 1 Năm học 2023-2024 - Lớp 40', 'MH006', 'IT301', 'Phát triển ứng dụng Web', 'HK007', 'Học kỳ 1 Năm học 2023-2024', 'GV002', 'Ngô Tuấn Việt', 59, 'P235', TRUE),
    ('LHP041', 'CS346_HK12023-2024_41', 'Synchronized web-enabled portal - Học kỳ 1 Năm học 2023-2024 - Lớp 41', 'MH080', 'CS346', 'Synchronized web-enabled portal', 'HK007', 'Học kỳ 1 Năm học 2023-2024', 'GV007', 'Lý Kim Sơn', 66, 'P278', TRUE),
    ('LHP042', 'CHEM883_HK12024-2025_42', 'Object-based composite help-desk - Học kỳ 1 Năm học 2024-2025 - Lớp 42', 'MH056', 'CHEM883', 'Object-based composite help-desk', 'HK010', 'Học kỳ 1 Năm học 2024-2025', 'GV002', 'Ngô Tuấn Việt', 63, 'P195', TRUE),
    ('LHP043', 'CHEM131_HK22024-2025_43', 'Mandatory 3rdgeneration success - Học kỳ 2 Năm học 2024-2025 - Lớp 43', 'MH040', 'CHEM131', 'Mandatory 3rdgeneration success', 'HK011', 'Học kỳ 2 Năm học 2024-2025', 'GV020', 'Bùi Hữu Việt', 31, 'P439', TRUE),
    ('LHP044', 'MATH861_HK22023-2024_44', 'Re-engineered discrete artificial intelligence - Học kỳ 2 Năm học 2023-2024 - Lớp 44', 'MH069', 'MATH861', 'Re-engineered discrete artificial intelligence', 'HK008', 'Học kỳ 2 Năm học 2023-2024', 'GV005', 'Vũ Thanh Giang', 57, 'P416', TRUE),
    ('LHP045', 'PHY115_HK22023-2024_45', 'Robust dynamic methodology - Học kỳ 2 Năm học 2023-2024 - Lớp 45', 'MH062', 'PHY115', 'Robust dynamic methodology', 'HK008', 'Học kỳ 2 Năm học 2023-2024', 'GV018', 'Hồ Thị Yến', 65, 'P345', TRUE),
    ('LHP046', 'QS101_HK32023-2024_46', 'Giáo dục Quốc phòng - Học kỳ hè Năm học 2023-2024 - Lớp 46', 'MH019', 'QS101', 'Giáo dục Quốc phòng', 'HK009', 'Học kỳ hè Năm học 2023-2024', 'GV004', 'Lý Thanh Sơn', 51, 'P235', TRUE),
    ('LHP047', 'IT301_HK12022-2023_47', 'Phát triển ứng dụng Web - Học kỳ 1 Năm học 2022-2023 - Lớp 47', 'MH006', 'IT301', 'Phát triển ứng dụng Web', 'HK004', 'Học kỳ 1 Năm học 2022-2023', 'GV018', 'Hồ Thị Yến', 37, 'P199', TRUE),
    ('LHP048', 'CHEM194_HK22024-2025_48', 'Face-to-face regional hierarchy - Học kỳ 2 Năm học 2024-2025 - Lớp 48', 'MH054', 'CHEM194', 'Face-to-face regional hierarchy', 'HK011', 'Học kỳ 2 Năm học 2024-2025', 'GV012', 'Dương Quang Hạnh', 65, 'P302', TRUE),
    ('LHP049', 'IT101_HK12021-2022_49', 'Nhập môn Công nghệ thông tin - Học kỳ 1 Năm học 2021-2022 - Lớp 49', 'MH001', 'IT101', 'Nhập môn Công nghệ thông tin', 'HK001', 'Học kỳ 1 Năm học 2021-2022', 'GV004', 'Lý Thanh Sơn', 55, 'P489', TRUE),
    ('LHP050', 'MATH316_HK32022-2023_50', 'Operative executive concept - Học kỳ hè Năm học 2022-2023 - Lớp 50', 'MH035', 'MATH316', 'Operative executive concept', 'HK006', 'Học kỳ hè Năm học 2022-2023', 'GV016', 'Nguyễn Phương Em', 39, 'P499', TRUE),
    ('LHP051', 'CS591_HK32023-2024_51', 'Virtual human-resource knowledge user - Học kỳ hè Năm học 2023-2024 - Lớp 51', 'MH032', 'CS591', 'Virtual human-resource knowledge user', 'HK009', 'Học kỳ hè Năm học 2023-2024', 'GV010', 'Hồ Bảo Chiến', 79, 'P198', TRUE),
    ('LHP052', 'CS400_HK12025-2026_52', 'Configurable context-sensitive functionalities - Học kỳ 1 Năm học 2025-2026 - Lớp 52', 'MH077', 'CS400', 'Configurable context-sensitive functionalities', 'HK013', 'Học kỳ 1 Năm học 2025-2026', 'GV013', 'Trần Minh Minh', 72, 'P113', TRUE),
    ('LHP053', 'CHEM883_HK22024-2025_53', 'Object-based composite help-desk - Học kỳ 2 Năm học 2024-2025 - Lớp 53', 'MH056', 'CHEM883', 'Object-based composite help-desk', 'HK011', 'Học kỳ 2 Năm học 2024-2025', 'GV005', 'Vũ Thanh Giang', 69, 'P153', TRUE),
    ('LHP054', 'CS133_HK32025-2026_54', 'Triple-buffered global matrix - Học kỳ hè Năm học 2025-2026 - Lớp 54', 'MH030', 'CS133', 'Triple-buffered global matrix', 'HK015', 'Học kỳ hè Năm học 2025-2026', 'GV002', 'Ngô Tuấn Việt', 62, 'P194', TRUE),
    ('LHP055', 'CS133_HK12023-2024_55', 'Triple-buffered global matrix - Học kỳ 1 Năm học 2023-2024 - Lớp 55', 'MH030', 'CS133', 'Triple-buffered global matrix', 'HK007', 'Học kỳ 1 Năm học 2023-2024', 'GV006', 'Đặng Đức Giang', 74, 'P425', TRUE),
    ('LHP056', 'CHEM131_HK22021-2022_56', 'Mandatory 3rdgeneration success - Học kỳ 2 Năm học 2021-2022 - Lớp 56', 'MH040', 'CHEM131', 'Mandatory 3rdgeneration success', 'HK002', 'Học kỳ 2 Năm học 2021-2022', 'GV016', 'Nguyễn Phương Em', 50, 'P241', TRUE),
    ('LHP057', 'IT304_HK32022-2023_57', 'An toàn và bảo mật thông tin - Học kỳ hè Năm học 2022-2023 - Lớp 57', 'MH009', 'IT304', 'An toàn và bảo mật thông tin', 'HK006', 'Học kỳ hè Năm học 2022-2023', 'GV007', 'Lý Kim Sơn', 45, 'P341', TRUE),
    ('LHP058', 'CHEM194_HK12024-2025_58', 'Face-to-face regional hierarchy - Học kỳ 1 Năm học 2024-2025 - Lớp 58', 'MH054', 'CHEM194', 'Face-to-face regional hierarchy', 'HK010', 'Học kỳ 1 Năm học 2024-2025', 'GV007', 'Lý Kim Sơn', 42, 'P363', TRUE),
    ('LHP059', 'PHY474_HK32025-2026_59', 'Function-based web-enabled matrices - Học kỳ hè Năm học 2025-2026 - Lớp 59', 'MH071', 'PHY474', 'Function-based web-enabled matrices', 'HK015', 'Học kỳ hè Năm học 2025-2026', 'GV012', 'Dương Quang Hạnh', 71, 'P235', TRUE),
    ('LHP060', 'PHY629_HK12025-2026_60', 'Realigned 5thgeneration knowledge user - Học kỳ 1 Năm học 2025-2026 - Lớp 60', 'MH074', 'PHY629', 'Realigned 5thgeneration knowledge user', 'HK013', 'Học kỳ 1 Năm học 2025-2026', 'GV002', 'Ngô Tuấn Việt', 34, 'P147', TRUE),
    ('LHP061', 'PHY629_HK12024-2025_61', 'Realigned 5thgeneration knowledge user - Học kỳ 1 Năm học 2024-2025 - Lớp 61', 'MH074', 'PHY629', 'Realigned 5thgeneration knowledge user', 'HK010', 'Học kỳ 1 Năm học 2024-2025', 'GV015', 'Lý Tuấn Bình', 34, 'P319', TRUE),
    ('LHP062', 'CS417_HK32023-2024_62', 'Synchronized tertiary open system - Học kỳ hè Năm học 2023-2024 - Lớp 62', 'MH078', 'CS417', 'Synchronized tertiary open system', 'HK009', 'Học kỳ hè Năm học 2023-2024', 'GV009', 'Hồ Thanh Nguyệt', 77, 'P186', TRUE),
    ('LHP063', 'KT301_HK32025-2026_63', 'Kinh tế lượng - Học kỳ hè Năm học 2025-2026 - Lớp 63', 'MH014', 'KT301', 'Kinh tế lượng', 'HK015', 'Học kỳ hè Năm học 2025-2026', 'GV004', 'Lý Thanh Sơn', 55, 'P434', TRUE),
    ('LHP064', 'KT301_HK12024-2025_64', 'Kinh tế lượng - Học kỳ 1 Năm học 2024-2025 - Lớp 64', 'MH014', 'KT301', 'Kinh tế lượng', 'HK010', 'Học kỳ 1 Năm học 2024-2025', 'GV005', 'Vũ Thanh Giang', 42, 'P311', TRUE),
    ('LHP065', 'PHY856_HK12022-2023_65', 'Customer-focused optimizing challenge - Học kỳ 1 Năm học 2022-2023 - Lớp 65', 'MH037', 'PHY856', 'Customer-focused optimizing challenge', 'HK004', 'Học kỳ 1 Năm học 2022-2023', 'GV011', 'Dương Đức Phương', 50, 'P153', TRUE),
    ('LHP066', 'MATH982_HK32023-2024_66', 'Right-sized real-time migration - Học kỳ hè Năm học 2023-2024 - Lớp 66', 'MH042', 'MATH982', 'Right-sized real-time migration', 'HK009', 'Học kỳ hè Năm học 2023-2024', 'GV007', 'Lý Kim Sơn', 51, 'P341', TRUE),
    ('LHP067', 'QS101_HK32021-2022_67', 'Giáo dục Quốc phòng - Học kỳ hè Năm học 2021-2022 - Lớp 67', 'MH019', 'QS101', 'Giáo dục Quốc phòng', 'HK003', 'Học kỳ hè Năm học 2021-2022', 'GV013', 'Trần Minh Minh', 72, 'P112', TRUE),
    ('LHP068', 'CS954_HK12022-2023_68', 'Exclusive 24/7 function - Học kỳ 1 Năm học 2022-2023 - Lớp 68', 'MH044', 'CS954', 'Exclusive 24/7 function', 'HK004', 'Học kỳ 1 Năm học 2022-2023', 'GV009', 'Hồ Thanh Nguyệt', 46, 'P116', TRUE),
    ('LHP069', 'PHY837_HK22022-2023_69', 'Operative didactic application - Học kỳ 2 Năm học 2022-2023 - Lớp 69', 'MH064', 'PHY837', 'Operative didactic application', 'HK005', 'Học kỳ 2 Năm học 2022-2023', 'GV008', 'Vũ Hữu Giang', 49, 'P125', TRUE),
    ('LHP070', 'IT302_HK32025-2026_70', 'Trí tuệ nhân tạo - Học kỳ hè Năm học 2025-2026 - Lớp 70', 'MH007', 'IT302', 'Trí tuệ nhân tạo', 'HK015', 'Học kỳ hè Năm học 2025-2026', 'GV018', 'Hồ Thị Yến', 58, 'P205', TRUE),
    ('LHP071', 'IT301_HK22021-2022_71', 'Phát triển ứng dụng Web - Học kỳ 2 Năm học 2021-2022 - Lớp 71', 'MH006', 'IT301', 'Phát triển ứng dụng Web', 'HK002', 'Học kỳ 2 Năm học 2021-2022', 'GV006', 'Đặng Đức Giang', 40, 'P111', TRUE),
    ('LHP072', 'IT102_HK32024-2025_72', 'Lập trình cơ bản - Học kỳ hè Năm học 2024-2025 - Lớp 72', 'MH002', 'IT102', 'Lập trình cơ bản', 'HK012', 'Học kỳ hè Năm học 2024-2025', 'GV006', 'Đặng Đức Giang', 56, 'P151', TRUE),
    ('LHP073', 'CS400_HK32021-2022_73', 'Configurable context-sensitive functionalities - Học kỳ hè Năm học 2021-2022 - Lớp 73', 'MH077', 'CS400', 'Configurable context-sensitive functionalities', 'HK003', 'Học kỳ hè Năm học 2021-2022', 'GV019', 'Hoàng Văn Phúc', 67, 'P247', TRUE),
    ('LHP074', 'IT101_HK32023-2024_74', 'Nhập môn Công nghệ thông tin - Học kỳ hè Năm học 2023-2024 - Lớp 74', 'MH001', 'IT101', 'Nhập môn Công nghệ thông tin', 'HK009', 'Học kỳ hè Năm học 2023-2024', 'GV009', 'Hồ Thanh Nguyệt', 52, 'P286', TRUE),
    ('LHP075', 'CS582_HK22024-2025_75', 'Extended value-added functionalities - Học kỳ 2 Năm học 2024-2025 - Lớp 75', 'MH066', 'CS582', 'Extended value-added functionalities', 'HK011', 'Học kỳ 2 Năm học 2024-2025', 'GV003', 'Đỗ Thị Giang', 66, 'P437', TRUE),
    ('LHP076', 'MATH861_HK22021-2022_76', 'Re-engineered discrete artificial intelligence - Học kỳ 2 Năm học 2021-2022 - Lớp 76', 'MH069', 'MATH861', 'Re-engineered discrete artificial intelligence', 'HK002', 'Học kỳ 2 Năm học 2021-2022', 'GV009', 'Hồ Thanh Nguyệt', 73, 'P160', TRUE),
    ('LHP077', 'CHEM883_HK12024-2025_77', 'Object-based composite help-desk - Học kỳ 1 Năm học 2024-2025 - Lớp 77', 'MH056', 'CHEM883', 'Object-based composite help-desk', 'HK010', 'Học kỳ 1 Năm học 2024-2025', 'GV016', 'Nguyễn Phương Em', 37, 'P310', TRUE),
    ('LHP078', 'CHEM429_HK12024-2025_78', 'Fundamental well-modulated capacity - Học kỳ 1 Năm học 2024-2025 - Lớp 78', 'MH079', 'CHEM429', 'Fundamental well-modulated capacity', 'HK010', 'Học kỳ 1 Năm học 2024-2025', 'GV018', 'Hồ Thị Yến', 80, 'P372', TRUE),
    ('LHP079', 'MATH710_HK22021-2022_79', 'Compatible value-added model - Học kỳ 2 Năm học 2021-2022 - Lớp 79', 'MH047', 'MATH710', 'Compatible value-added model', 'HK002', 'Học kỳ 2 Năm học 2021-2022', 'GV015', 'Lý Tuấn Bình', 41, 'P430', TRUE),
    ('LHP080', 'PHY474_HK32023-2024_80', 'Function-based web-enabled matrices - Học kỳ hè Năm học 2023-2024 - Lớp 80', 'MH071', 'PHY474', 'Function-based web-enabled matrices', 'HK009', 'Học kỳ hè Năm học 2023-2024', 'GV016', 'Nguyễn Phương Em', 70, 'P339', TRUE),
    ('LHP081', 'MATH111_HK22024-2025_81', 'Versatile didactic capacity - Học kỳ 2 Năm học 2024-2025 - Lớp 81', 'MH057', 'MATH111', 'Versatile didactic capacity', 'HK011', 'Học kỳ 2 Năm học 2024-2025', 'GV001', 'Lê Tuấn Hoa', 67, 'P151', TRUE),
    ('LHP082', 'CS651_HK32021-2022_82', 'Public-key fresh-thinking function - Học kỳ hè Năm học 2021-2022 - Lớp 82', 'MH028', 'CS651', 'Public-key fresh-thinking function', 'HK003', 'Học kỳ hè Năm học 2021-2022', 'GV008', 'Vũ Hữu Giang', 78, 'P495', TRUE),
    ('LHP083', 'MATH861_HK12021-2022_83', 'Re-engineered discrete artificial intelligence - Học kỳ 1 Năm học 2021-2022 - Lớp 83', 'MH069', 'MATH861', 'Re-engineered discrete artificial intelligence', 'HK001', 'Học kỳ 1 Năm học 2021-2022', 'GV002', 'Ngô Tuấn Việt', 61, 'P159', TRUE),
    ('LHP084', 'QS101_HK12023-2024_84', 'Giáo dục Quốc phòng - Học kỳ 1 Năm học 2023-2024 - Lớp 84', 'MH019', 'QS101', 'Giáo dục Quốc phòng', 'HK007', 'Học kỳ 1 Năm học 2023-2024', 'GV001', 'Lê Tuấn Hoa', 73, 'P184', TRUE),
    ('LHP085', 'PHY701_HK32022-2023_85', 'Total web-enabled knowledge user - Học kỳ hè Năm học 2022-2023 - Lớp 85', 'MH048', 'PHY701', 'Total web-enabled knowledge user', 'HK006', 'Học kỳ hè Năm học 2022-2023', 'GV001', 'Lê Tuấn Hoa', 69, 'P374', TRUE),
    ('LHP086', 'PHY115_HK32021-2022_86', 'Robust dynamic methodology - Học kỳ hè Năm học 2021-2022 - Lớp 86', 'MH062', 'PHY115', 'Robust dynamic methodology', 'HK003', 'Học kỳ hè Năm học 2021-2022', 'GV005', 'Vũ Thanh Giang', 68, 'P184', TRUE),
    ('LHP087', 'PHY474_HK22021-2022_87', 'Function-based web-enabled matrices - Học kỳ 2 Năm học 2021-2022 - Lớp 87', 'MH071', 'PHY474', 'Function-based web-enabled matrices', 'HK002', 'Học kỳ 2 Năm học 2021-2022', 'GV007', 'Lý Kim Sơn', 39, 'P129', TRUE),
    ('LHP088', 'IT102_HK22025-2026_88', 'Lập trình cơ bản - Học kỳ 2 Năm học 2025-2026 - Lớp 88', 'MH002', 'IT102', 'Lập trình cơ bản', 'HK014', 'Học kỳ 2 Năm học 2025-2026', 'GV016', 'Nguyễn Phương Em', 59, 'P238', TRUE),
    ('LHP089', 'CHEM426_HK32024-2025_89', 'Quality-focused dedicated knowledgebase - Học kỳ hè Năm học 2024-2025 - Lớp 89', 'MH050', 'CHEM426', 'Quality-focused dedicated knowledgebase', 'HK012', 'Học kỳ hè Năm học 2024-2025', 'GV010', 'Hồ Bảo Chiến', 35, 'P462', TRUE),
    ('LHP090', 'MATH894_HK12024-2025_90', 'Multi-layered foreground installation - Học kỳ 1 Năm học 2024-2025 - Lớp 90', 'MH049', 'MATH894', 'Multi-layered foreground installation', 'HK010', 'Học kỳ 1 Năm học 2024-2025', 'GV018', 'Hồ Thị Yến', 64, 'P330', TRUE),
    ('LHP091', 'KT202_HK12022-2023_91', 'Tài chính doanh nghiệp - Học kỳ 1 Năm học 2022-2023 - Lớp 91', 'MH013', 'KT202', 'Tài chính doanh nghiệp', 'HK004', 'Học kỳ 1 Năm học 2022-2023', 'GV017', 'Bùi Kim Phúc', 52, 'P482', TRUE),
    ('LHP092', 'NN202_HK12023-2024_92', 'Tiếng Trung cơ bản - Học kỳ 1 Năm học 2023-2024 - Lớp 92', 'MH018', 'NN202', 'Tiếng Trung cơ bản', 'HK007', 'Học kỳ 1 Năm học 2023-2024', 'GV019', 'Hoàng Văn Phúc', 36, 'P402', TRUE),
    ('LHP093', 'PHY856_HK32023-2024_93', 'Customer-focused optimizing challenge - Học kỳ hè Năm học 2023-2024 - Lớp 93', 'MH037', 'PHY856', 'Customer-focused optimizing challenge', 'HK009', 'Học kỳ hè Năm học 2023-2024', 'GV019', 'Hoàng Văn Phúc', 31, 'P425', TRUE),
    ('LHP094', 'PHY923_HK32023-2024_94', 'Open-architected coherent system engine - Học kỳ hè Năm học 2023-2024 - Lớp 94', 'MH027', 'PHY923', 'Open-architected coherent system engine', 'HK009', 'Học kỳ hè Năm học 2023-2024', 'GV002', 'Ngô Tuấn Việt', 58, 'P156', TRUE),
    ('LHP095', 'KT301_HK22025-2026_95', 'Kinh tế lượng - Học kỳ 2 Năm học 2025-2026 - Lớp 95', 'MH014', 'KT301', 'Kinh tế lượng', 'HK014', 'Học kỳ 2 Năm học 2025-2026', 'GV020', 'Bùi Hữu Việt', 74, 'P148', TRUE),
    ('LHP096', 'CHEM868_HK12022-2023_96', 'Public-key disintermediate methodology - Học kỳ 1 Năm học 2022-2023 - Lớp 96', 'MH070', 'CHEM868', 'Public-key disintermediate methodology', 'HK004', 'Học kỳ 1 Năm học 2022-2023', 'GV001', 'Lê Tuấn Hoa', 63, 'P225', TRUE),
    ('LHP097', 'QS201_HK22025-2026_97', 'Chiến thuật bộ binh - Học kỳ 2 Năm học 2025-2026 - Lớp 97', 'MH021', 'QS201', 'Chiến thuật bộ binh', 'HK014', 'Học kỳ 2 Năm học 2025-2026', 'GV009', 'Hồ Thanh Nguyệt', 48, 'P320', TRUE),
    ('LHP098', 'QS101_HK22022-2023_98', 'Giáo dục Quốc phòng - Học kỳ 2 Năm học 2022-2023 - Lớp 98', 'MH019', 'QS101', 'Giáo dục Quốc phòng', 'HK005', 'Học kỳ 2 Năm học 2022-2023', 'GV012', 'Dương Quang Hạnh', 44, 'P403', TRUE),
    ('LHP099', 'IT102_HK32024-2025_99', 'Lập trình cơ bản - Học kỳ hè Năm học 2024-2025 - Lớp 99', 'MH002', 'IT102', 'Lập trình cơ bản', 'HK012', 'Học kỳ hè Năm học 2024-2025', 'GV003', 'Đỗ Thị Giang', 72, 'P150', TRUE),
    ('LHP100', 'CS920_HK32021-2022_100', 'Diverse systematic service-desk - Học kỳ hè Năm học 2021-2022 - Lớp 100', 'MH053', 'CS920', 'Diverse systematic service-desk', 'HK003', 'Học kỳ hè Năm học 2021-2022', 'GV019', 'Hoàng Văn Phúc', 65, 'P104', TRUE),
    ('LHP101', 'CHEM960_HK12025-2026_101', 'Distributed background forecast - Học kỳ 1 Năm học 2025-2026 - Lớp 101', 'MH051', 'CHEM960', 'Distributed background forecast', 'HK013', 'Học kỳ 1 Năm học 2025-2026', 'GV014', 'Phạm Đức Quân', 43, 'P185', TRUE),
    ('LHP102', 'KT101_HK12021-2022_102', 'Kinh tế vi mô - Học kỳ 1 Năm học 2021-2022 - Lớp 102', 'MH010', 'KT101', 'Kinh tế vi mô', 'HK001', 'Học kỳ 1 Năm học 2021-2022', 'GV014', 'Phạm Đức Quân', 71, 'P158', TRUE),
    ('LHP103', 'NN201_HK22025-2026_103', 'Tiếng Anh chuyên ngành - Học kỳ 2 Năm học 2025-2026 - Lớp 103', 'MH017', 'NN201', 'Tiếng Anh chuyên ngành', 'HK014', 'Học kỳ 2 Năm học 2025-2026', 'GV015', 'Lý Tuấn Bình', 49, 'P419', TRUE),
    ('LHP104', 'CS200_HK32025-2026_104', 'Stand-alone value-added complexity - Học kỳ hè Năm học 2025-2026 - Lớp 104', 'MH025', 'CS200', 'Stand-alone value-added complexity', 'HK015', 'Học kỳ hè Năm học 2025-2026', 'GV010', 'Hồ Bảo Chiến', 37, 'P371', TRUE),
    ('LHP105', 'PHY629_HK12021-2022_105', 'Realigned 5thgeneration knowledge user - Học kỳ 1 Năm học 2021-2022 - Lớp 105', 'MH074', 'PHY629', 'Realigned 5thgeneration knowledge user', 'HK001', 'Học kỳ 1 Năm học 2021-2022', 'GV011', 'Dương Đức Phương', 31, 'P421', TRUE),
    ('LHP106', 'CHEM883_HK32021-2022_106', 'Object-based composite help-desk - Học kỳ hè Năm học 2021-2022 - Lớp 106', 'MH056', 'CHEM883', 'Object-based composite help-desk', 'HK003', 'Học kỳ hè Năm học 2021-2022', 'GV016', 'Nguyễn Phương Em', 49, 'P491', TRUE),
    ('LHP107', 'NN102_HK12023-2024_107', 'Tiếng Anh học thuật - Học kỳ 1 Năm học 2023-2024 - Lớp 107', 'MH016', 'NN102', 'Tiếng Anh học thuật', 'HK007', 'Học kỳ 1 Năm học 2023-2024', 'GV010', 'Hồ Bảo Chiến', 37, 'P473', TRUE),
    ('LHP108', 'CS400_HK12022-2023_108', 'Configurable context-sensitive functionalities - Học kỳ 1 Năm học 2022-2023 - Lớp 108', 'MH077', 'CS400', 'Configurable context-sensitive functionalities', 'HK004', 'Học kỳ 1 Năm học 2022-2023', 'GV017', 'Bùi Kim Phúc', 60, 'P337', TRUE),
    ('LHP109', 'MATH631_HK12025-2026_109', 'Reverse-engineered systemic methodology - Học kỳ 1 Năm học 2025-2026 - Lớp 109', 'MH023', 'MATH631', 'Reverse-engineered systemic methodology', 'HK013', 'Học kỳ 1 Năm học 2025-2026', 'GV019', 'Hoàng Văn Phúc', 46, 'P266', TRUE),
    ('LHP110', 'KT202_HK32024-2025_110', 'Tài chính doanh nghiệp - Học kỳ hè Năm học 2024-2025 - Lớp 110', 'MH013', 'KT202', 'Tài chính doanh nghiệp', 'HK012', 'Học kỳ hè Năm học 2024-2025', 'GV015', 'Lý Tuấn Bình', 54, 'P398', TRUE),
    ('LHP111', 'KT202_HK12025-2026_111', 'Tài chính doanh nghiệp - Học kỳ 1 Năm học 2025-2026 - Lớp 111', 'MH013', 'KT202', 'Tài chính doanh nghiệp', 'HK013', 'Học kỳ 1 Năm học 2025-2026', 'GV006', 'Đặng Đức Giang', 68, 'P219', TRUE),
    ('LHP112', 'PHY515_HK32025-2026_112', 'Vision-oriented multi-tasking encryption - Học kỳ hè Năm học 2025-2026 - Lớp 112', 'MH055', 'PHY515', 'Vision-oriented multi-tasking encryption', 'HK015', 'Học kỳ hè Năm học 2025-2026', 'GV014', 'Phạm Đức Quân', 67, 'P151', TRUE),
    ('LHP113', 'NN202_HK12025-2026_113', 'Tiếng Trung cơ bản - Học kỳ 1 Năm học 2025-2026 - Lớp 113', 'MH018', 'NN202', 'Tiếng Trung cơ bản', 'HK013', 'Học kỳ 1 Năm học 2025-2026', 'GV002', 'Ngô Tuấn Việt', 40, 'P285', TRUE),
    ('LHP114', 'MATH894_HK32022-2023_114', 'Multi-layered foreground installation - Học kỳ hè Năm học 2022-2023 - Lớp 114', 'MH049', 'MATH894', 'Multi-layered foreground installation', 'HK006', 'Học kỳ hè Năm học 2022-2023', 'GV010', 'Hồ Bảo Chiến', 43, 'P144', TRUE),
    ('LHP115', 'PHY115_HK12021-2022_115', 'Robust dynamic methodology - Học kỳ 1 Năm học 2021-2022 - Lớp 115', 'MH062', 'PHY115', 'Robust dynamic methodology', 'HK001', 'Học kỳ 1 Năm học 2021-2022', 'GV019', 'Hoàng Văn Phúc', 49, 'P218', TRUE),
    ('LHP116', 'KT101_HK12022-2023_116', 'Kinh tế vi mô - Học kỳ 1 Năm học 2022-2023 - Lớp 116', 'MH010', 'KT101', 'Kinh tế vi mô', 'HK004', 'Học kỳ 1 Năm học 2022-2023', 'GV015', 'Lý Tuấn Bình', 33, 'P386', TRUE),
    ('LHP117', 'MATH205_HK12023-2024_117', 'Compatible contextually-based encryption - Học kỳ 1 Năm học 2023-2024 - Lớp 117', 'MH059', 'MATH205', 'Compatible contextually-based encryption', 'HK007', 'Học kỳ 1 Năm học 2023-2024', 'GV002', 'Ngô Tuấn Việt', 48, 'P336', TRUE),
    ('LHP118', 'KT201_HK32024-2025_118', 'Nguyên lý kế toán - Học kỳ hè Năm học 2024-2025 - Lớp 118', 'MH012', 'KT201', 'Nguyên lý kế toán', 'HK012', 'Học kỳ hè Năm học 2024-2025', 'GV011', 'Dương Đức Phương', 78, 'P223', TRUE),
    ('LHP119', 'CS200_HK32023-2024_119', 'Stand-alone value-added complexity - Học kỳ hè Năm học 2023-2024 - Lớp 119', 'MH025', 'CS200', 'Stand-alone value-added complexity', 'HK009', 'Học kỳ hè Năm học 2023-2024', 'GV006', 'Đặng Đức Giang', 69, 'P137', TRUE),
    ('LHP120', 'KT101_HK12024-2025_120', 'Kinh tế vi mô - Học kỳ 1 Năm học 2024-2025 - Lớp 120', 'MH010', 'KT101', 'Kinh tế vi mô', 'HK010', 'Học kỳ 1 Năm học 2024-2025', 'GV019', 'Hoàng Văn Phúc', 59, 'P122', TRUE);

-- ============================================
-- FACT TABLES
-- ============================================

INSERT INTO diem (id, hoc_vien_id, ma_hv, ho_ten_hv, mon_hoc_id, ma_mon, ten_mon, so_tin_chi, hoc_ky_id, ten_hoc_ky, lop_hoc_phan_id, diem_chuyen_can, diem_thuong_xuyen, diem_thi, diem_tong_ket, diem_chu, diem_he4, dat) VALUES
    (1, 'HV013', '643135', 'Đỗ Đức Sơn', 'MH069', 'MATH861', 'Re-engineered discrete artificial intelligence', 3, 'HK001', 'Học kỳ 1 Năm học 2021-2022', 'LHP083', 9.0, 7.75, 8.5, 8.4, 'B+', 3.5, TRUE),
    (2, 'HV017', '655647', 'Nguyễn Quang Em', 'MH037', 'PHY856', 'Customer-focused optimizing challenge', 2, 'HK004', 'Học kỳ 1 Năm học 2022-2023', 'LHP065', 6.0, 8.5, 7.0, 7.2, 'B', 3.0, TRUE),
    (3, 'HV009', '649863', 'Lý Hải Phương', 'MH076', 'MATH782', 'Optional hybrid architecture', 2, 'HK001', 'Học kỳ 1 Năm học 2021-2022', 'LHP018', 8.75, 10.0, 9.0, 9.18, 'A+', 4.0, TRUE),
    (4, 'HV037', '666520', 'Ngô Bảo Hoa', 'MH014', 'KT301', 'Kinh tế lượng', 3, 'HK014', 'Học kỳ 2 Năm học 2025-2026', 'LHP095', 7.0, 5.5, 5.5, 5.65, 'C', 2.0, TRUE),
    (5, 'HV047', '657727', 'Đỗ Đức Việt', 'MH076', 'MATH782', 'Optional hybrid architecture', 2, 'HK001', 'Học kỳ 1 Năm học 2021-2022', 'LHP018', 4.0, 3.5, 4.25, 4.07, 'D', 1.0, FALSE),
    (6, 'HV002', '637868', 'Lê Thanh Tùng', 'MH019', 'QS101', 'Giáo dục Quốc phòng', 2, 'HK007', 'Học kỳ 1 Năm học 2023-2024', 'LHP084', 7.25, 8.75, 7.0, 7.38, 'B', 3.0, TRUE),
    (7, 'HV022', '648919', 'Lý Thanh Giang', 'MH036', 'CHEM838', 'Synergized demand-driven analyzer', 2, 'HK003', 'Học kỳ hè Năm học 2021-2022', 'LHP016', 9.5, 9.5, 8.75, 8.97, 'A', 4.0, TRUE),
    (8, 'HV027', '649454', 'Lê Hải Em', 'MH010', 'KT101', 'Kinh tế vi mô', 3, 'HK004', 'Học kỳ 1 Năm học 2022-2023', 'LHP116', 8.5, 8.75, 9.0, 8.9, 'A', 4.0, TRUE),
    (9, 'HV002', '637868', 'Lê Thanh Tùng', 'MH002', 'IT102', 'Lập trình cơ bản', 4, 'HK014', 'Học kỳ 2 Năm học 2025-2026', 'LHP088', 6.5, 5.5, 8.25, 7.52, 'B', 3.0, TRUE),
    (10, 'HV043', '666202', 'Nguyễn Minh Phương', 'MH039', 'PHY983', 'Enterprise-wide bottom-line benchmark', 2, 'HK003', 'Học kỳ hè Năm học 2021-2022', 'LHP021', 10.0, 8.25, 10.0, 9.65, 'A+', 4.0, TRUE),
    (11, 'HV025', '662151', 'Dương Đức Bình', 'MH069', 'MATH861', 'Re-engineered discrete artificial intelligence', 3, 'HK001', 'Học kỳ 1 Năm học 2021-2022', 'LHP083', 8.75, 8.5, 9.25, 9.05, 'A+', 4.0, TRUE),
    (12, 'HV001', '666106', 'Dương Hải Giang', 'MH070', 'CHEM868', 'Public-key disintermediate methodology', 2, 'HK004', 'Học kỳ 1 Năm học 2022-2023', 'LHP096', 10.0, 9.5, 9.0, 9.2, 'A+', 4.0, TRUE),
    (13, 'HV021', '656727', 'Phạm Minh Nguyệt', 'MH069', 'MATH861', 'Re-engineered discrete artificial intelligence', 3, 'HK001', 'Học kỳ 1 Năm học 2021-2022', 'LHP083', 10.0, 10.0, 8.5, 8.95, 'A', 4.0, TRUE),
    (14, 'HV026', '661303', 'Bùi Kim Hoa', 'MH070', 'CHEM868', 'Public-key disintermediate methodology', 2, 'HK004', 'Học kỳ 1 Năm học 2022-2023', 'LHP096', 4.75, 5.0, 4.5, 4.62, 'D', 1.0, FALSE),
    (15, 'HV022', '648919', 'Lý Thanh Giang', 'MH070', 'CHEM868', 'Public-key disintermediate methodology', 2, 'HK004', 'Học kỳ 1 Năm học 2022-2023', 'LHP096', 8.5, 8.5, 9.0, 8.85, 'A', 4.0, TRUE),
    (16, 'HV043', '666202', 'Nguyễn Minh Phương', 'MH053', 'CS920', 'Diverse systematic service-desk', 3, 'HK003', 'Học kỳ hè Năm học 2021-2022', 'LHP100', 10.0, 10.0, 10.0, 10.0, 'A+', 4.0, TRUE),
    (17, 'HV011', '657145', 'Bùi Kim Linh', 'MH078', 'CS417', 'Synchronized tertiary open system', 3, 'HK009', 'Học kỳ hè Năm học 2023-2024', 'LHP062', 9.25, 7.75, 9.25, 8.95, 'A', 4.0, TRUE),
    (18, 'HV040', '654048', 'Đặng Hữu Yến', 'MH005', 'IT203', 'Mạng máy tính', 3, 'HK002', 'Học kỳ 2 Năm học 2021-2022', 'LHP029', 10.0, 9.75, 8.5, 8.9, 'A', 4.0, TRUE),
    (19, 'HV015', '674571', 'Ngô Tuấn Nguyệt', 'MH006', 'IT301', 'Phát triển ứng dụng Web', 3, 'HK002', 'Học kỳ 2 Năm học 2021-2022', 'LHP071', 10.0, 7.75, 9.0, 8.85, 'A', 4.0, TRUE),
    (20, 'HV042', '638542', 'Lý Hữu Dũng', 'MH077', 'CS400', 'Configurable context-sensitive functionalities', 4, 'HK003', 'Học kỳ hè Năm học 2021-2022', 'LHP073', 7.5, 8.0, 8.5, 8.3, 'B+', 3.5, TRUE),
    (21, 'HV032', '653109', 'Lý Ngọc Xuân', 'MH030', 'CS133', 'Triple-buffered global matrix', 3, 'HK014', 'Học kỳ 2 Năm học 2025-2026', 'LHP006', 6.0, 5.75, 8.0, 7.35, 'B', 3.0, TRUE),
    (22, 'HV024', '669113', 'Hồ Hải Xuân', 'MH074', 'PHY629', 'Realigned 5thgeneration knowledge user', 3, 'HK013', 'Học kỳ 1 Năm học 2025-2026', 'LHP060', 8.75, 9.0, 9.25, 9.15, 'A+', 4.0, TRUE),
    (23, 'HV029', '665364', 'Hồ Phương Yến', 'MH077', 'CS400', 'Configurable context-sensitive functionalities', 4, 'HK013', 'Học kỳ 1 Năm học 2025-2026', 'LHP052', 8.25, 6.75, 9.25, 8.65, 'A', 4.0, TRUE),
    (24, 'HV008', '656213', 'Ngô Đức Yến', 'MH019', 'QS101', 'Giáo dục Quốc phòng', 2, 'HK005', 'Học kỳ 2 Năm học 2022-2023', 'LHP098', 6.5, 5.75, 5.25, 5.47, 'D+', 1.5, TRUE),
    (25, 'HV010', '663199', 'Ngô Đức Linh', 'MH019', 'QS101', 'Giáo dục Quốc phòng', 2, 'HK007', 'Học kỳ 1 Năm học 2023-2024', 'LHP084', 7.25, 6.25, 7.25, 7.05, 'B', 3.0, TRUE),
    (26, 'HV030', '638533', 'Phạm Thanh Tùng', 'MH002', 'IT102', 'Lập trình cơ bản', 4, 'HK006', 'Học kỳ hè Năm học 2022-2023', 'LHP010', 8.25, 8.25, 9.0, 8.78, 'A', 4.0, TRUE),
    (27, 'HV035', '674894', 'Hồ Ngọc Tùng', 'MH017', 'NN201', 'Tiếng Anh chuyên ngành', 3, 'HK014', 'Học kỳ 2 Năm học 2025-2026', 'LHP103', 6.75, 7.75, 8.75, 8.35, 'B+', 3.5, TRUE),
    (28, 'HV036', '675486', 'Lý Ngọc Anh', 'MH035', 'MATH316', 'Operative executive concept', 2, 'HK006', 'Học kỳ hè Năm học 2022-2023', 'LHP050', 9.25, 8.5, 10.0, 9.62, 'A+', 4.0, TRUE),
    (29, 'HV049', '664675', 'Đặng Bảo Phúc', 'MH014', 'KT301', 'Kinh tế lượng', 3, 'HK015', 'Học kỳ hè Năm học 2025-2026', 'LHP063', 9.25, 8.0, 7.75, 7.95, 'B', 3.0, TRUE),
    (30, 'HV008', '656213', 'Ngô Đức Yến', 'MH050', 'CHEM426', 'Quality-focused dedicated knowledgebase', 2, 'HK012', 'Học kỳ hè Năm học 2024-2025', 'LHP089', 6.0, 5.25, 5.0, 5.15, 'D+', 1.5, TRUE),
    (31, 'HV017', '655647', 'Nguyễn Quang Em', 'MH030', 'CS133', 'Triple-buffered global matrix', 3, 'HK007', 'Học kỳ 1 Năm học 2023-2024', 'LHP055', 8.25, 7.75, 7.75, 7.8, 'B', 3.0, TRUE),
    (32, 'HV002', '637868', 'Lê Thanh Tùng', 'MH040', 'CHEM131', 'Mandatory 3rdgeneration success', 2, 'HK002', 'Học kỳ 2 Năm học 2021-2022', 'LHP056', 6.0, 6.25, 6.75, 6.57, 'C+', 2.5, TRUE),
    (33, 'HV046', '631135', 'Đặng Đức Bình', 'MH055', 'PHY515', 'Vision-oriented multi-tasking encryption', 2, 'HK004', 'Học kỳ 1 Năm học 2022-2023', 'LHP005', 7.75, 8.75, 7.5, 7.78, 'B', 3.0, TRUE),
    (34, 'HV002', '637868', 'Lê Thanh Tùng', 'MH032', 'CS591', 'Virtual human-resource knowledge user', 3, 'HK009', 'Học kỳ hè Năm học 2023-2024', 'LHP051', 6.0, 7.75, 4.0, 4.95, 'D', 1.0, FALSE),
    (35, 'HV021', '656727', 'Phạm Minh Nguyệt', 'MH036', 'CHEM838', 'Synergized demand-driven analyzer', 2, 'HK003', 'Học kỳ hè Năm học 2021-2022', 'LHP016', 8.5, 9.25, 10.0, 9.7, 'A+', 4.0, TRUE),
    (36, 'HV002', '637868', 'Lê Thanh Tùng', 'MH069', 'MATH861', 'Re-engineered discrete artificial intelligence', 3, 'HK002', 'Học kỳ 2 Năm học 2021-2022', 'LHP076', 5.25, 7.75, 7.5, 7.33, 'B', 3.0, TRUE),
    (37, 'HV021', '656727', 'Phạm Minh Nguyệt', 'MH019', 'QS101', 'Giáo dục Quốc phòng', 2, 'HK007', 'Học kỳ 1 Năm học 2023-2024', 'LHP084', 8.75, 10.0, 9.75, 9.7, 'A+', 4.0, TRUE),
    (38, 'HV039', '643683', 'Dương Thanh Chiến', 'MH069', 'MATH861', 'Re-engineered discrete artificial intelligence', 3, 'HK008', 'Học kỳ 2 Năm học 2023-2024', 'LHP044', 9.75, 10.0, 8.5, 8.92, 'A', 4.0, TRUE),
    (39, 'HV044', '659654', 'Bùi Hữu Chiến', 'MH074', 'PHY629', 'Realigned 5thgeneration knowledge user', 3, 'HK013', 'Học kỳ 1 Năm học 2025-2026', 'LHP060', 9.0, 7.25, 8.75, 8.47, 'B+', 3.5, TRUE),
    (40, 'HV014', '672765', 'Ngô Thị Hương', 'MH012', 'KT201', 'Nguyên lý kế toán', 4, 'HK012', 'Học kỳ hè Năm học 2024-2025', 'LHP118', 6.0, 6.0, 5.0, 5.3, 'D+', 1.5, TRUE),
    (41, 'HV022', '648919', 'Lý Thanh Giang', 'MH069', 'MATH861', 'Re-engineered discrete artificial intelligence', 3, 'HK002', 'Học kỳ 2 Năm học 2021-2022', 'LHP076', 8.75, 7.75, 9.0, 8.72, 'A', 4.0, TRUE),
    (42, 'HV044', '659654', 'Bùi Hữu Chiến', 'MH010', 'KT101', 'Kinh tế vi mô', 3, 'HK010', 'Học kỳ 1 Năm học 2024-2025', 'LHP120', 7.75, 7.25, 8.25, 8.0, 'B+', 3.5, TRUE),
    (43, 'HV003', '674688', 'Bùi Phương Việt', 'MH056', 'CHEM883', 'Object-based composite help-desk', 4, 'HK011', 'Học kỳ 2 Năm học 2024-2025', 'LHP053', 9.5, 7.75, 6.75, 7.22, 'B', 3.0, TRUE),
    (44, 'HV003', '674688', 'Bùi Phương Việt', 'MH054', 'CHEM194', 'Face-to-face regional hierarchy', 3, 'HK010', 'Học kỳ 1 Năm học 2024-2025', 'LHP058', 7.5, 8.0, 6.75, 7.07, 'B', 3.0, TRUE),
    (45, 'HV032', '653109', 'Lý Ngọc Xuân', 'MH027', 'PHY923', 'Open-architected coherent system engine', 3, 'HK009', 'Học kỳ hè Năm học 2023-2024', 'LHP094', 6.75, 7.25, 6.0, 6.32, 'C+', 2.5, TRUE),
    (46, 'HV033', '665288', 'Phạm Bảo Sơn', 'MH080', 'CS346', 'Synchronized web-enabled portal', 3, 'HK006', 'Học kỳ hè Năm học 2022-2023', 'LHP002', 9.0, 7.0, 7.0, 7.2, 'B', 3.0, TRUE),
    (47, 'HV034', '633301', 'Trần Bảo Phương', 'MH005', 'IT203', 'Mạng máy tính', 3, 'HK002', 'Học kỳ 2 Năm học 2021-2022', 'LHP029', 7.75, 9.5, 8.75, 8.8, 'A', 4.0, TRUE),
    (48, 'HV014', '672765', 'Ngô Thị Hương', 'MH054', 'CHEM194', 'Face-to-face regional hierarchy', 3, 'HK010', 'Học kỳ 1 Năm học 2024-2025', 'LHP058', 6.0, 6.0, 4.5, 4.95, 'D', 1.0, FALSE),
    (49, 'HV017', '655647', 'Nguyễn Quang Em', 'MH072', 'MATH596', 'Programmable context-sensitive productivity', 4, 'HK006', 'Học kỳ hè Năm học 2022-2023', 'LHP024', 7.5, 5.75, 7.0, 6.8, 'C+', 2.5, TRUE),
    (50, 'HV038', '657859', 'Dương Quang Giang', 'MH012', 'KT201', 'Nguyên lý kế toán', 4, 'HK012', 'Học kỳ hè Năm học 2024-2025', 'LHP118', 9.75, 10.0, 10.0, 9.97, 'A+', 4.0, TRUE),
    (51, 'HV034', '633301', 'Trần Bảo Phương', 'MH055', 'PHY515', 'Vision-oriented multi-tasking encryption', 2, 'HK015', 'Học kỳ hè Năm học 2025-2026', 'LHP112', 9.25, 8.25, 9.5, 9.22, 'A+', 4.0, TRUE),
    (52, 'HV003', '674688', 'Bùi Phương Việt', 'MH064', 'PHY837', 'Operative didactic application', 3, 'HK005', 'Học kỳ 2 Năm học 2022-2023', 'LHP069', 7.75, 8.25, 8.5, 8.38, 'B+', 3.5, TRUE),
    (53, 'HV029', '665364', 'Hồ Phương Yến', 'MH071', 'PHY474', 'Function-based web-enabled matrices', 3, 'HK015', 'Học kỳ hè Năm học 2025-2026', 'LHP059', 7.25, 6.0, 9.0, 8.22, 'B+', 3.5, TRUE),
    (54, 'HV036', '675486', 'Lý Ngọc Anh', 'MH039', 'PHY983', 'Enterprise-wide bottom-line benchmark', 2, 'HK005', 'Học kỳ 2 Năm học 2022-2023', 'LHP034', 9.25, 10.0, 7.25, 8.0, 'B+', 3.5, TRUE),
    (55, 'HV039', '643683', 'Dương Thanh Chiến', 'MH006', 'IT301', 'Phát triển ứng dụng Web', 3, 'HK006', 'Học kỳ hè Năm học 2022-2023', 'LHP001', 9.75, 9.5, 10.0, 9.88, 'A+', 4.0, TRUE),
    (56, 'HV040', '654048', 'Đặng Hữu Yến', 'MH065', 'CHEM796', 'Stand-alone analyzing focus group', 2, 'HK002', 'Học kỳ 2 Năm học 2021-2022', 'LHP032', 10.0, 9.25, 8.5, 8.8, 'A', 4.0, TRUE),
    (57, 'HV031', '632283', 'Trần Đức Anh', 'MH078', 'CS417', 'Synchronized tertiary open system', 3, 'HK009', 'Học kỳ hè Năm học 2023-2024', 'LHP062', 8.5, 8.25, 8.0, 8.1, 'B+', 3.5, TRUE),
    (58, 'HV033', '665288', 'Phạm Bảo Sơn', 'MH049', 'MATH894', 'Multi-layered foreground installation', 2, 'HK010', 'Học kỳ 1 Năm học 2024-2025', 'LHP090', 6.25, 7.25, 6.0, 6.27, 'C+', 2.5, TRUE),
    (59, 'HV016', '642794', 'Đặng Tuấn Yến', 'MH030', 'CS133', 'Triple-buffered global matrix', 3, 'HK015', 'Học kỳ hè Năm học 2025-2026', 'LHP054', 9.0, 9.75, 8.5, 8.8, 'A', 4.0, TRUE),
    (60, 'HV044', '659654', 'Bùi Hữu Chiến', 'MH080', 'CS346', 'Synchronized web-enabled portal', 3, 'HK006', 'Học kỳ hè Năm học 2022-2023', 'LHP002', 9.0, 7.75, 9.5, 9.1, 'A+', 4.0, TRUE),
    (61, 'HV034', '633301', 'Trần Bảo Phương', 'MH069', 'MATH861', 'Re-engineered discrete artificial intelligence', 3, 'HK001', 'Học kỳ 1 Năm học 2021-2022', 'LHP083', 9.25, 9.0, 9.0, 9.03, 'A+', 4.0, TRUE),
    (62, 'HV023', '646366', 'Đặng Đức Em', 'MH028', 'CS651', 'Public-key fresh-thinking function', 2, 'HK003', 'Học kỳ hè Năm học 2021-2022', 'LHP082', 10.0, 10.0, 9.25, 9.47, 'A+', 4.0, TRUE),
    (63, 'HV018', '675392', 'Bùi Bảo Phương', 'MH021', 'QS201', 'Chiến thuật bộ binh', 3, 'HK014', 'Học kỳ 2 Năm học 2025-2026', 'LHP097', 9.75, 9.5, 7.5, 8.12, 'B+', 3.5, TRUE),
    (64, 'HV046', '631135', 'Đặng Đức Bình', 'MH066', 'CS582', 'Extended value-added functionalities', 2, 'HK008', 'Học kỳ 2 Năm học 2023-2024', 'LHP031', 8.5, 7.5, 8.75, 8.47, 'B+', 3.5, TRUE),
    (65, 'HV002', '637868', 'Lê Thanh Tùng', 'MH013', 'KT202', 'Tài chính doanh nghiệp', 3, 'HK004', 'Học kỳ 1 Năm học 2022-2023', 'LHP091', 5.75, 6.5, 6.25, 6.25, 'C+', 2.5, TRUE),
    (66, 'HV032', '653109', 'Lý Ngọc Xuân', 'MH013', 'KT202', 'Tài chính doanh nghiệp', 3, 'HK002', 'Học kỳ 2 Năm học 2021-2022', 'LHP025', 8.5, 8.5, 7.5, 7.8, 'B', 3.0, TRUE),
    (67, 'HV032', '653109', 'Lý Ngọc Xuân', 'MH018', 'NN202', 'Tiếng Trung cơ bản', 4, 'HK007', 'Học kỳ 1 Năm học 2023-2024', 'LHP092', 7.25, 7.5, 8.75, 8.35, 'B+', 3.5, TRUE),
    (68, 'HV001', '666106', 'Dương Hải Giang', 'MH002', 'IT102', 'Lập trình cơ bản', 4, 'HK006', 'Học kỳ hè Năm học 2022-2023', 'LHP010', 9.0, 7.75, 9.0, 8.75, 'A', 4.0, TRUE),
    (69, 'HV007', '678302', 'Dương Minh Sơn', 'MH002', 'IT102', 'Lập trình cơ bản', 4, 'HK006', 'Học kỳ hè Năm học 2022-2023', 'LHP010', 9.0, 9.0, 8.25, 8.47, 'B+', 3.5, TRUE),
    (70, 'HV038', '657859', 'Dương Quang Giang', 'MH006', 'IT301', 'Phát triển ứng dụng Web', 3, 'HK003', 'Học kỳ hè Năm học 2021-2022', 'LHP022', 9.5, 10.0, 9.75, 9.77, 'A+', 4.0, TRUE),
    (71, 'HV004', '649110', 'Lý Ngọc Chiến', 'MH075', 'CHEM731', 'Stand-alone incremental functionalities', 4, 'HK005', 'Học kỳ 2 Năm học 2022-2023', 'LHP035', 7.5, 9.75, 8.75, 8.82, 'A', 4.0, TRUE),
    (72, 'HV028', '655141', 'Lê Văn Linh', 'MH038', 'CS970', 'Sharable demand-driven artificial intelligence', 2, 'HK011', 'Học kỳ 2 Năm học 2024-2025', 'LHP039', 7.0, 7.5, 8.0, 7.8, 'B', 3.0, TRUE),
    (73, 'HV001', '666106', 'Dương Hải Giang', 'MH080', 'CS346', 'Synchronized web-enabled portal', 3, 'HK006', 'Học kỳ hè Năm học 2022-2023', 'LHP002', 10.0, 8.5, 10.0, 9.7, 'A+', 4.0, TRUE),
    (74, 'HV024', '669113', 'Hồ Hải Xuân', 'MH006', 'IT301', 'Phát triển ứng dụng Web', 3, 'HK003', 'Học kỳ hè Năm học 2021-2022', 'LHP022', 7.25, 7.75, 8.5, 8.22, 'B+', 3.5, TRUE),
    (75, 'HV050', '651232', 'Dương Minh Em', 'MH062', 'PHY115', 'Robust dynamic methodology', 4, 'HK008', 'Học kỳ 2 Năm học 2023-2024', 'LHP045', 8.75, 8.75, 8.75, 8.75, 'A', 4.0, TRUE),
    (76, 'HV014', '672765', 'Ngô Thị Hương', 'MH069', 'MATH861', 'Re-engineered discrete artificial intelligence', 3, 'HK001', 'Học kỳ 1 Năm học 2021-2022', 'LHP083', 5.5, 5.0, 7.0, 6.45, 'C+', 2.5, TRUE),
    (77, 'HV006', '648067', 'Đặng Văn Linh', 'MH006', 'IT301', 'Phát triển ứng dụng Web', 3, 'HK002', 'Học kỳ 2 Năm học 2021-2022', 'LHP071', 9.0, 9.25, 10.0, 9.75, 'A+', 4.0, TRUE),
    (78, 'HV004', '649110', 'Lý Ngọc Chiến', 'MH041', 'CHEM375', 'Customer-focused next generation emulation', 2, 'HK006', 'Học kỳ hè Năm học 2022-2023', 'LHP011', 9.5, 8.25, 7.75, 8.03, 'B+', 3.5, TRUE),
    (79, 'HV017', '655647', 'Nguyễn Quang Em', 'MH006', 'IT301', 'Phát triển ứng dụng Web', 3, 'HK002', 'Học kỳ 2 Năm học 2021-2022', 'LHP071', 7.25, 7.0, 7.25, 7.2, 'B', 3.0, TRUE),
    (80, 'HV049', '664675', 'Đặng Bảo Phúc', 'MH076', 'MATH782', 'Optional hybrid architecture', 2, 'HK001', 'Học kỳ 1 Năm học 2021-2022', 'LHP018', 8.0, 10.0, 9.0, 9.1, 'A+', 4.0, TRUE),
    (81, 'HV032', '653109', 'Lý Ngọc Xuân', 'MH047', 'MATH710', 'Compatible value-added model', 4, 'HK014', 'Học kỳ 2 Năm học 2025-2026', 'LHP003', 7.0, 6.75, 6.0, 6.25, 'C+', 2.5, TRUE),
    (82, 'HV018', '675392', 'Bùi Bảo Phương', 'MH016', 'NN102', 'Tiếng Anh học thuật', 3, 'HK007', 'Học kỳ 1 Năm học 2023-2024', 'LHP107', 8.0, 7.75, 9.0, 8.65, 'A', 4.0, TRUE),
    (83, 'HV042', '638542', 'Lý Hữu Dũng', 'MH036', 'CHEM838', 'Synergized demand-driven analyzer', 2, 'HK003', 'Học kỳ hè Năm học 2021-2022', 'LHP016', 7.75, 8.5, 9.0, 8.78, 'A', 4.0, TRUE),
    (84, 'HV030', '638533', 'Phạm Thanh Tùng', 'MH009', 'IT304', 'An toàn và bảo mật thông tin', 3, 'HK006', 'Học kỳ hè Năm học 2022-2023', 'LHP057', 7.75, 8.25, 7.0, 7.32, 'B', 3.0, TRUE),
    (85, 'HV023', '646366', 'Đặng Đức Em', 'MH010', 'KT101', 'Kinh tế vi mô', 3, 'HK009', 'Học kỳ hè Năm học 2023-2024', 'LHP038', 8.75, 10.0, 10.0, 9.88, 'A+', 4.0, TRUE),
    (86, 'HV032', '653109', 'Lý Ngọc Xuân', 'MH044', 'CS954', 'Exclusive 24/7 function', 3, 'HK012', 'Học kỳ hè Năm học 2024-2025', 'LHP028', 9.25, 7.0, 7.5, 7.58, 'B', 3.0, TRUE),
    (87, 'HV028', '655141', 'Lê Văn Linh', 'MH006', 'IT301', 'Phát triển ứng dụng Web', 3, 'HK006', 'Học kỳ hè Năm học 2022-2023', 'LHP001', 6.75, 8.5, 8.0, 7.97, 'B', 3.0, TRUE),
    (88, 'HV019', '638860', 'Bùi Thanh Hạnh', 'MH072', 'MATH596', 'Programmable context-sensitive productivity', 4, 'HK006', 'Học kỳ hè Năm học 2022-2023', 'LHP024', 9.25, 6.5, 8.0, 7.82, 'B', 3.0, TRUE),
    (89, 'HV007', '678302', 'Dương Minh Sơn', 'MH059', 'MATH205', 'Compatible contextually-based encryption', 2, 'HK007', 'Học kỳ 1 Năm học 2023-2024', 'LHP117', 7.25, 8.75, 9.25, 8.95, 'A', 4.0, TRUE),
    (90, 'HV006', '648067', 'Đặng Văn Linh', 'MH036', 'CHEM838', 'Synergized demand-driven analyzer', 2, 'HK003', 'Học kỳ hè Năm học 2021-2022', 'LHP016', 10.0, 9.75, 9.75, 9.77, 'A+', 4.0, TRUE),
    (91, 'HV016', '642794', 'Đặng Tuấn Yến', 'MH055', 'PHY515', 'Vision-oriented multi-tasking encryption', 2, 'HK015', 'Học kỳ hè Năm học 2025-2026', 'LHP112', 9.25, 8.5, 6.5, 7.17, 'B', 3.0, TRUE),
    (92, 'HV009', '649863', 'Lý Hải Phương', 'MH049', 'MATH894', 'Multi-layered foreground installation', 2, 'HK006', 'Học kỳ hè Năm học 2022-2023', 'LHP114', 9.25, 9.25, 9.0, 9.07, 'A+', 4.0, TRUE),
    (93, 'HV044', '659654', 'Bùi Hữu Chiến', 'MH066', 'CS582', 'Extended value-added functionalities', 2, 'HK008', 'Học kỳ 2 Năm học 2023-2024', 'LHP031', 9.5, 9.25, 8.75, 8.93, 'A', 4.0, TRUE),
    (94, 'HV009', '649863', 'Lý Hải Phương', 'MH020', 'QS102', 'Điều lệnh Quân đội', 2, 'HK011', 'Học kỳ 2 Năm học 2024-2025', 'LHP009', 10.0, 8.5, 7.25, 7.77, 'B', 3.0, TRUE),
    (95, 'HV043', '666202', 'Nguyễn Minh Phương', 'MH010', 'KT101', 'Kinh tế vi mô', 3, 'HK001', 'Học kỳ 1 Năm học 2021-2022', 'LHP102', 9.25, 10.0, 9.0, 9.22, 'A+', 4.0, TRUE),
    (96, 'HV025', '662151', 'Dương Đức Bình', 'MH074', 'PHY629', 'Realigned 5thgeneration knowledge user', 3, 'HK010', 'Học kỳ 1 Năm học 2024-2025', 'LHP061', 8.75, 8.75, 10.0, 9.62, 'A+', 4.0, TRUE),
    (97, 'HV011', '657145', 'Bùi Kim Linh', 'MH071', 'PHY474', 'Function-based web-enabled matrices', 3, 'HK009', 'Học kỳ hè Năm học 2023-2024', 'LHP080', 8.25, 6.75, 9.0, 8.47, 'B+', 3.5, TRUE),
    (98, 'HV021', '656727', 'Phạm Minh Nguyệt', 'MH039', 'PHY983', 'Enterprise-wide bottom-line benchmark', 2, 'HK003', 'Học kỳ hè Năm học 2021-2022', 'LHP021', 10.0, 9.75, 10.0, 9.95, 'A+', 4.0, TRUE),
    (99, 'HV019', '638860', 'Bùi Thanh Hạnh', 'MH053', 'CS920', 'Diverse systematic service-desk', 3, 'HK003', 'Học kỳ hè Năm học 2021-2022', 'LHP100', 7.75, 8.75, 7.25, 7.6, 'B', 3.0, TRUE),
    (100, 'HV040', '654048', 'Đặng Hữu Yến', 'MH025', 'CS200', 'Stand-alone value-added complexity', 2, 'HK009', 'Học kỳ hè Năm học 2023-2024', 'LHP119', 10.0, 9.0, 9.5, 9.45, 'A+', 4.0, TRUE),
    (101, 'HV024', '669113', 'Hồ Hải Xuân', 'MH042', 'MATH982', 'Right-sized real-time migration', 2, 'HK009', 'Học kỳ hè Năm học 2023-2024', 'LHP066', 8.25, 8.75, 8.25, 8.35, 'B+', 3.5, TRUE),
    (102, 'HV007', '678302', 'Dương Minh Sơn', 'MH010', 'KT101', 'Kinh tế vi mô', 3, 'HK001', 'Học kỳ 1 Năm học 2021-2022', 'LHP102', 9.25, 8.25, 9.0, 8.88, 'A', 4.0, TRUE),
    (103, 'HV008', '656213', 'Ngô Đức Yến', 'MH077', 'CS400', 'Configurable context-sensitive functionalities', 4, 'HK003', 'Học kỳ hè Năm học 2021-2022', 'LHP073', 5.5, 5.75, 5.75, 5.72, 'C', 2.0, TRUE),
    (104, 'HV026', '661303', 'Bùi Kim Hoa', 'MH013', 'KT202', 'Tài chính doanh nghiệp', 3, 'HK012', 'Học kỳ hè Năm học 2024-2025', 'LHP110', 6.25, 6.0, 6.5, 6.38, 'C+', 2.5, TRUE),
    (105, 'HV030', '638533', 'Phạm Thanh Tùng', 'MH039', 'PHY983', 'Enterprise-wide bottom-line benchmark', 2, 'HK003', 'Học kỳ hè Năm học 2021-2022', 'LHP021', 8.0, 7.0, 9.5, 8.85, 'A', 4.0, TRUE),
    (106, 'HV047', '657727', 'Đỗ Đức Việt', 'MH014', 'KT301', 'Kinh tế lượng', 3, 'HK010', 'Học kỳ 1 Năm học 2024-2025', 'LHP064', 4.0, 3.5, 2.75, 3.02, 'F', 0.0, FALSE),
    (107, 'HV003', '674688', 'Bùi Phương Việt', 'MH062', 'PHY115', 'Robust dynamic methodology', 4, 'HK001', 'Học kỳ 1 Năm học 2021-2022', 'LHP115', 8.25, 7.75, 7.75, 7.8, 'B', 3.0, TRUE),
    (108, 'HV008', '656213', 'Ngô Đức Yến', 'MH006', 'IT301', 'Phát triển ứng dụng Web', 3, 'HK003', 'Học kỳ hè Năm học 2021-2022', 'LHP022', 5.0, 4.25, 5.0, 4.85, 'D', 1.0, FALSE),
    (109, 'HV024', '669113', 'Hồ Hải Xuân', 'MH032', 'CS591', 'Virtual human-resource knowledge user', 3, 'HK009', 'Học kỳ hè Năm học 2023-2024', 'LHP051', 8.75, 9.0, 8.75, 8.8, 'A', 4.0, TRUE),
    (110, 'HV030', '638533', 'Phạm Thanh Tùng', 'MH006', 'IT301', 'Phát triển ứng dụng Web', 3, 'HK007', 'Học kỳ 1 Năm học 2023-2024', 'LHP040', 8.25, 8.25, 8.0, 8.07, 'B+', 3.5, TRUE),
    (111, 'HV018', '675392', 'Bùi Bảo Phương', 'MH064', 'PHY837', 'Operative didactic application', 3, 'HK006', 'Học kỳ hè Năm học 2022-2023', 'LHP014', 8.25, 8.5, 9.25, 9.0, 'A+', 4.0, TRUE),
    (112, 'HV005', '679278', 'Bùi Ngọc Việt', 'MH001', 'IT101', 'Nhập môn Công nghệ thông tin', 3, 'HK009', 'Học kỳ hè Năm học 2023-2024', 'LHP074', 8.0, 10.0, 9.25, 9.27, 'A+', 4.0, TRUE),
    (113, 'HV043', '666202', 'Nguyễn Minh Phương', 'MH002', 'IT102', 'Lập trình cơ bản', 4, 'HK006', 'Học kỳ hè Năm học 2022-2023', 'LHP010', 9.25, 10.0, 10.0, 9.93, 'A+', 4.0, TRUE),
    (114, 'HV023', '646366', 'Đặng Đức Em', 'MH077', 'CS400', 'Configurable context-sensitive functionalities', 4, 'HK013', 'Học kỳ 1 Năm học 2025-2026', 'LHP052', 9.0, 9.75, 9.25, 9.32, 'A+', 4.0, TRUE),
    (115, 'HV047', '657727', 'Đỗ Đức Việt', 'MH038', 'CS970', 'Sharable demand-driven artificial intelligence', 2, 'HK011', 'Học kỳ 2 Năm học 2024-2025', 'LHP039', 4.5, 5.75, 5.0, 5.1, 'D+', 1.5, TRUE),
    (116, 'HV039', '643683', 'Dương Thanh Chiến', 'MH059', 'MATH205', 'Compatible contextually-based encryption', 2, 'HK014', 'Học kỳ 2 Năm học 2025-2026', 'LHP020', 9.5, 10.0, 10.0, 9.95, 'A+', 4.0, TRUE),
    (117, 'HV012', '671537', 'Lê Thị Sơn', 'MH049', 'MATH894', 'Multi-layered foreground installation', 2, 'HK006', 'Học kỳ hè Năm học 2022-2023', 'LHP114', 7.25, 8.0, 7.25, 7.4, 'B', 3.0, TRUE),
    (118, 'HV031', '632283', 'Trần Đức Anh', 'MH013', 'KT202', 'Tài chính doanh nghiệp', 3, 'HK012', 'Học kỳ hè Năm học 2024-2025', 'LHP110', 7.0, 7.25, 7.0, 7.05, 'B', 3.0, TRUE),
    (119, 'HV004', '649110', 'Lý Ngọc Chiến', 'MH057', 'MATH111', 'Versatile didactic capacity', 2, 'HK011', 'Học kỳ 2 Năm học 2024-2025', 'LHP081', 9.0, 7.75, 6.75, 7.17, 'B', 3.0, TRUE),
    (120, 'HV026', '661303', 'Bùi Kim Hoa', 'MH020', 'QS102', 'Điều lệnh Quân đội', 2, 'HK015', 'Học kỳ hè Năm học 2025-2026', 'LHP013', 6.0, 4.75, 4.5, 4.7, 'D', 1.0, FALSE),
    (121, 'HV004', '649110', 'Lý Ngọc Chiến', 'MH044', 'CS954', 'Exclusive 24/7 function', 3, 'HK004', 'Học kỳ 1 Năm học 2022-2023', 'LHP068', 8.25, 8.5, 7.5, 7.78, 'B', 3.0, TRUE),
    (122, 'HV047', '657727', 'Đỗ Đức Việt', 'MH042', 'MATH982', 'Right-sized real-time migration', 2, 'HK009', 'Học kỳ hè Năm học 2023-2024', 'LHP066', 5.0, 4.0, 4.75, 4.62, 'D', 1.0, FALSE),
    (123, 'HV010', '663199', 'Ngô Đức Linh', 'MH072', 'MATH596', 'Programmable context-sensitive productivity', 4, 'HK006', 'Học kỳ hè Năm học 2022-2023', 'LHP024', 5.25, 6.0, 6.5, 6.28, 'C+', 2.5, TRUE),
    (124, 'HV017', '655647', 'Nguyễn Quang Em', 'MH027', 'PHY923', 'Open-architected coherent system engine', 3, 'HK009', 'Học kỳ hè Năm học 2023-2024', 'LHP094', 9.0, 7.0, 6.75, 7.03, 'B', 3.0, TRUE),
    (125, 'HV046', '631135', 'Đặng Đức Bình', 'MH002', 'IT102', 'Lập trình cơ bản', 4, 'HK006', 'Học kỳ hè Năm học 2022-2023', 'LHP010', 7.75, 7.0, 8.25, 7.95, 'B', 3.0, TRUE),
    (126, 'HV015', '674571', 'Ngô Tuấn Nguyệt', 'MH049', 'MATH894', 'Multi-layered foreground installation', 2, 'HK006', 'Học kỳ hè Năm học 2022-2023', 'LHP114', 8.25, 10.0, 8.5, 8.77, 'A', 4.0, TRUE),
    (127, 'HV003', '674688', 'Bùi Phương Việt', 'MH071', 'PHY474', 'Function-based web-enabled matrices', 3, 'HK009', 'Học kỳ hè Năm học 2023-2024', 'LHP080', 8.25, 7.5, 9.25, 8.8, 'A', 4.0, TRUE),
    (128, 'HV026', '661303', 'Bùi Kim Hoa', 'MH018', 'NN202', 'Tiếng Trung cơ bản', 4, 'HK007', 'Học kỳ 1 Năm học 2023-2024', 'LHP092', 7.75, 4.5, 5.75, 5.7, 'C', 2.0, TRUE),
    (129, 'HV034', '633301', 'Trần Bảo Phương', 'MH020', 'QS102', 'Điều lệnh Quân đội', 2, 'HK012', 'Học kỳ hè Năm học 2024-2025', 'LHP007', 8.25, 9.0, 7.75, 8.05, 'B+', 3.5, TRUE),
    (130, 'HV034', '633301', 'Trần Bảo Phương', 'MH066', 'CS582', 'Extended value-added functionalities', 2, 'HK008', 'Học kỳ 2 Năm học 2023-2024', 'LHP031', 10.0, 8.0, 9.25, 9.07, 'A+', 4.0, TRUE),
    (131, 'HV032', '653109', 'Lý Ngọc Xuân', 'MH069', 'MATH861', 'Re-engineered discrete artificial intelligence', 3, 'HK001', 'Học kỳ 1 Năm học 2021-2022', 'LHP083', 6.75, 8.0, 8.25, 8.05, 'B+', 3.5, TRUE),
    (132, 'HV029', '665364', 'Hồ Phương Yến', 'MH080', 'CS346', 'Synchronized web-enabled portal', 3, 'HK007', 'Học kỳ 1 Năm học 2023-2024', 'LHP041', 7.75, 7.25, 7.25, 7.3, 'B', 3.0, TRUE),
    (133, 'HV044', '659654', 'Bùi Hữu Chiến', 'MH049', 'MATH894', 'Multi-layered foreground installation', 2, 'HK008', 'Học kỳ 2 Năm học 2023-2024', 'LHP004', 7.5, 8.25, 8.5, 8.35, 'B+', 3.5, TRUE),
    (134, 'HV015', '674571', 'Ngô Tuấn Nguyệt', 'MH071', 'PHY474', 'Function-based web-enabled matrices', 3, 'HK012', 'Học kỳ hè Năm học 2024-2025', 'LHP012', 9.5, 10.0, 8.25, 8.72, 'A', 4.0, TRUE),
    (135, 'HV046', '631135', 'Đặng Đức Bình', 'MH014', 'KT301', 'Kinh tế lượng', 3, 'HK015', 'Học kỳ hè Năm học 2025-2026', 'LHP063', 6.25, 7.25, 9.25, 8.55, 'A', 4.0, TRUE),
    (136, 'HV024', '669113', 'Hồ Hải Xuân', 'MH056', 'CHEM883', 'Object-based composite help-desk', 4, 'HK010', 'Học kỳ 1 Năm học 2024-2025', 'LHP077', 7.75, 8.25, 7.0, 7.32, 'B', 3.0, TRUE),
    (137, 'HV032', '653109', 'Lý Ngọc Xuân', 'MH077', 'CS400', 'Configurable context-sensitive functionalities', 4, 'HK013', 'Học kỳ 1 Năm học 2025-2026', 'LHP052', 8.75, 8.25, 9.0, 8.82, 'A', 4.0, TRUE),
    (138, 'HV021', '656727', 'Phạm Minh Nguyệt', 'MH068', 'MATH295', 'Extended responsive access', 2, 'HK007', 'Học kỳ 1 Năm học 2023-2024', 'LHP026', 8.75, 9.25, 10.0, 9.72, 'A+', 4.0, TRUE),
    (139, 'HV008', '656213', 'Ngô Đức Yến', 'MH009', 'IT304', 'An toàn và bảo mật thông tin', 3, 'HK006', 'Học kỳ hè Năm học 2022-2023', 'LHP057', 4.75, 6.5, 4.5, 4.92, 'D', 1.0, FALSE),
    (140, 'HV030', '638533', 'Phạm Thanh Tùng', 'MH027', 'PHY923', 'Open-architected coherent system engine', 3, 'HK012', 'Học kỳ hè Năm học 2024-2025', 'LHP017', 6.5, 7.5, 7.25, 7.22, 'B', 3.0, TRUE),
    (141, 'HV007', '678302', 'Dương Minh Sơn', 'MH012', 'KT201', 'Nguyên lý kế toán', 4, 'HK002', 'Học kỳ 2 Năm học 2021-2022', 'LHP019', 8.75, 8.75, 6.75, 7.35, 'B', 3.0, TRUE),
    (142, 'HV043', '666202', 'Nguyễn Minh Phương', 'MH031', 'CS922', 'Enterprise-wide leadingedge encoding', 4, 'HK003', 'Học kỳ hè Năm học 2021-2022', 'LHP033', 10.0, 10.0, 9.75, 9.82, 'A+', 4.0, TRUE),
    (143, 'HV016', '642794', 'Đặng Tuấn Yến', 'MH039', 'PHY983', 'Enterprise-wide bottom-line benchmark', 2, 'HK005', 'Học kỳ 2 Năm học 2022-2023', 'LHP034', 8.5, 8.0, 8.5, 8.4, 'B+', 3.5, TRUE),
    (144, 'HV006', '648067', 'Đặng Văn Linh', 'MH076', 'MATH782', 'Optional hybrid architecture', 2, 'HK001', 'Học kỳ 1 Năm học 2021-2022', 'LHP018', 9.75, 9.0, 9.75, 9.6, 'A+', 4.0, TRUE),
    (145, 'HV050', '651232', 'Dương Minh Em', 'MH007', 'IT302', 'Trí tuệ nhân tạo', 3, 'HK010', 'Học kỳ 1 Năm học 2024-2025', 'LHP015', 9.5, 9.5, 9.5, 9.5, 'A+', 4.0, TRUE),
    (146, 'HV016', '642794', 'Đặng Tuấn Yến', 'MH020', 'QS102', 'Điều lệnh Quân đội', 2, 'HK015', 'Học kỳ hè Năm học 2025-2026', 'LHP013', 8.0, 8.25, 9.75, 9.27, 'A+', 4.0, TRUE),
    (147, 'HV016', '642794', 'Đặng Tuấn Yến', 'MH009', 'IT304', 'An toàn và bảo mật thông tin', 3, 'HK006', 'Học kỳ hè Năm học 2022-2023', 'LHP057', 8.75, 7.5, 9.0, 8.68, 'A', 4.0, TRUE),
    (148, 'HV016', '642794', 'Đặng Tuấn Yến', 'MH027', 'PHY923', 'Open-architected coherent system engine', 3, 'HK009', 'Học kỳ hè Năm học 2023-2024', 'LHP094', 8.75, 7.5, 8.0, 7.97, 'B', 3.0, TRUE),
    (149, 'HV048', '677042', 'Trần Hữu Nguyệt', 'MH010', 'KT101', 'Kinh tế vi mô', 3, 'HK001', 'Học kỳ 1 Năm học 2021-2022', 'LHP102', 8.0, 8.25, 7.0, 7.35, 'B', 3.0, TRUE),
    (150, 'HV031', '632283', 'Trần Đức Anh', 'MH001', 'IT101', 'Nhập môn Công nghệ thông tin', 3, 'HK009', 'Học kỳ hè Năm học 2023-2024', 'LHP074', 6.75, 8.75, 8.0, 8.02, 'B+', 3.5, TRUE),
    (151, 'HV015', '674571', 'Ngô Tuấn Nguyệt', 'MH028', 'CS651', 'Public-key fresh-thinking function', 2, 'HK003', 'Học kỳ hè Năm học 2021-2022', 'LHP082', 9.25, 8.0, 8.5, 8.47, 'B+', 3.5, TRUE),
    (152, 'HV008', '656213', 'Ngô Đức Yến', 'MH056', 'CHEM883', 'Object-based composite help-desk', 4, 'HK011', 'Học kỳ 2 Năm học 2024-2025', 'LHP053', 4.0, 4.75, 5.5, 5.2, 'D+', 1.5, TRUE),
    (153, 'HV028', '655141', 'Lê Văn Linh', 'MH049', 'MATH894', 'Multi-layered foreground installation', 2, 'HK010', 'Học kỳ 1 Năm học 2024-2025', 'LHP090', 6.75, 7.25, 7.0, 7.02, 'B', 3.0, TRUE),
    (154, 'HV030', '638533', 'Phạm Thanh Tùng', 'MH069', 'MATH861', 'Re-engineered discrete artificial intelligence', 3, 'HK008', 'Học kỳ 2 Năm học 2023-2024', 'LHP044', 7.75, 9.5, 7.5, 7.93, 'B', 3.0, TRUE),
    (155, 'HV035', '674894', 'Hồ Ngọc Tùng', 'MH001', 'IT101', 'Nhập môn Công nghệ thông tin', 3, 'HK009', 'Học kỳ hè Năm học 2023-2024', 'LHP074', 7.5, 7.25, 5.25, 5.88, 'C', 2.0, TRUE),
    (156, 'HV034', '633301', 'Trần Bảo Phương', 'MH006', 'IT301', 'Phát triển ứng dụng Web', 3, 'HK003', 'Học kỳ hè Năm học 2021-2022', 'LHP022', 7.75, 7.75, 9.75, 9.15, 'A+', 4.0, TRUE),
    (157, 'HV047', '657727', 'Đỗ Đức Việt', 'MH044', 'CS954', 'Exclusive 24/7 function', 3, 'HK004', 'Học kỳ 1 Năm học 2022-2023', 'LHP068', 4.0, 4.25, 3.25, 3.52, 'F', 0.0, FALSE),
    (158, 'HV011', '657145', 'Bùi Kim Linh', 'MH054', 'CHEM194', 'Face-to-face regional hierarchy', 3, 'HK011', 'Học kỳ 2 Năm học 2024-2025', 'LHP048', 8.25, 7.0, 7.75, 7.65, 'B', 3.0, TRUE),
    (159, 'HV041', '673296', 'Đặng Quang Chiến', 'MH031', 'CS922', 'Enterprise-wide leadingedge encoding', 4, 'HK003', 'Học kỳ hè Năm học 2021-2022', 'LHP033', 10.0, 8.5, 8.75, 8.82, 'A', 4.0, TRUE),
    (160, 'HV018', '675392', 'Bùi Bảo Phương', 'MH012', 'KT201', 'Nguyên lý kế toán', 4, 'HK012', 'Học kỳ hè Năm học 2024-2025', 'LHP118', 8.25, 9.25, 9.75, 9.5, 'A+', 4.0, TRUE),
    (161, 'HV037', '666520', 'Ngô Bảo Hoa', 'MH019', 'QS101', 'Giáo dục Quốc phòng', 2, 'HK005', 'Học kỳ 2 Năm học 2022-2023', 'LHP098', 8.0, 8.0, 5.5, 6.25, 'C+', 2.5, TRUE),
    (162, 'HV006', '648067', 'Đặng Văn Linh', 'MH062', 'PHY115', 'Robust dynamic methodology', 4, 'HK001', 'Học kỳ 1 Năm học 2021-2022', 'LHP115', 8.25, 8.25, 9.5, 9.12, 'A+', 4.0, TRUE),
    (163, 'HV033', '665288', 'Phạm Bảo Sơn', 'MH012', 'KT201', 'Nguyên lý kế toán', 4, 'HK012', 'Học kỳ hè Năm học 2024-2025', 'LHP118', 5.75, 8.5, 9.0, 8.57, 'A', 4.0, TRUE),
    (164, 'HV007', '678302', 'Dương Minh Sơn', 'MH047', 'MATH710', 'Compatible value-added model', 4, 'HK014', 'Học kỳ 2 Năm học 2025-2026', 'LHP003', 7.75, 9.75, 8.25, 8.5, 'A', 4.0, TRUE),
    (165, 'HV050', '651232', 'Dương Minh Em', 'MH066', 'CS582', 'Extended value-added functionalities', 2, 'HK008', 'Học kỳ 2 Năm học 2023-2024', 'LHP031', 9.5, 9.5, 9.0, 9.15, 'A+', 4.0, TRUE),
    (166, 'HV038', '657859', 'Dương Quang Giang', 'MH071', 'PHY474', 'Function-based web-enabled matrices', 3, 'HK012', 'Học kỳ hè Năm học 2024-2025', 'LHP012', 10.0, 8.5, 10.0, 9.7, 'A+', 4.0, TRUE),
    (167, 'HV024', '669113', 'Hồ Hải Xuân', 'MH041', 'CHEM375', 'Customer-focused next generation emulation', 2, 'HK006', 'Học kỳ hè Năm học 2022-2023', 'LHP011', 8.75, 6.75, 8.25, 8.0, 'B+', 3.5, TRUE),
    (168, 'HV005', '679278', 'Bùi Ngọc Việt', 'MH062', 'PHY115', 'Robust dynamic methodology', 4, 'HK008', 'Học kỳ 2 Năm học 2023-2024', 'LHP045', 9.5, 8.75, 9.0, 9.0, 'A+', 4.0, TRUE),
    (169, 'HV002', '637868', 'Lê Thanh Tùng', 'MH071', 'PHY474', 'Function-based web-enabled matrices', 3, 'HK009', 'Học kỳ hè Năm học 2023-2024', 'LHP080', 7.75, 5.75, 4.5, 5.08, 'D+', 1.5, TRUE),
    (170, 'HV010', '663199', 'Ngô Đức Linh', 'MH012', 'KT201', 'Nguyên lý kế toán', 4, 'HK012', 'Học kỳ hè Năm học 2024-2025', 'LHP118', 7.5, 6.0, 6.25, 6.33, 'C+', 2.5, TRUE),
    (171, 'HV001', '666106', 'Dương Hải Giang', 'MH012', 'KT201', 'Nguyên lý kế toán', 4, 'HK012', 'Học kỳ hè Năm học 2024-2025', 'LHP118', 9.75, 10.0, 9.75, 9.8, 'A+', 4.0, TRUE),
    (172, 'HV016', '642794', 'Đặng Tuấn Yến', 'MH050', 'CHEM426', 'Quality-focused dedicated knowledgebase', 2, 'HK012', 'Học kỳ hè Năm học 2024-2025', 'LHP089', 7.75, 7.25, 9.0, 8.53, 'A', 4.0, TRUE),
    (173, 'HV050', '651232', 'Dương Minh Em', 'MH014', 'KT301', 'Kinh tế lượng', 3, 'HK005', 'Học kỳ 2 Năm học 2022-2023', 'LHP027', 7.75, 9.0, 9.0, 8.88, 'A', 4.0, TRUE),
    (174, 'HV048', '677042', 'Trần Hữu Nguyệt', 'MH040', 'CHEM131', 'Mandatory 3rdgeneration success', 2, 'HK011', 'Học kỳ 2 Năm học 2024-2025', 'LHP043', 7.5, 7.5, 7.5, 7.5, 'B', 3.0, TRUE),
    (175, 'HV017', '655647', 'Nguyễn Quang Em', 'MH019', 'QS101', 'Giáo dục Quốc phòng', 2, 'HK009', 'Học kỳ hè Năm học 2023-2024', 'LHP046', 7.5, 7.25, 7.25, 7.27, 'B', 3.0, TRUE),
    (176, 'HV026', '661303', 'Bùi Kim Hoa', 'MH007', 'IT302', 'Trí tuệ nhân tạo', 3, 'HK015', 'Học kỳ hè Năm học 2025-2026', 'LHP070', 6.25, 6.25, 7.0, 6.77, 'C+', 2.5, TRUE),
    (177, 'HV013', '643135', 'Đỗ Đức Sơn', 'MH020', 'QS102', 'Điều lệnh Quân đội', 2, 'HK012', 'Học kỳ hè Năm học 2024-2025', 'LHP007', 7.75, 8.5, 7.5, 7.72, 'B', 3.0, TRUE),
    (178, 'HV019', '638860', 'Bùi Thanh Hạnh', 'MH077', 'CS400', 'Configurable context-sensitive functionalities', 4, 'HK002', 'Học kỳ 2 Năm học 2021-2022', 'LHP023', 8.5, 8.75, 8.0, 8.2, 'B+', 3.5, TRUE),
    (179, 'HV011', '657145', 'Bùi Kim Linh', 'MH010', 'KT101', 'Kinh tế vi mô', 3, 'HK009', 'Học kỳ hè Năm học 2023-2024', 'LHP038', 7.75, 6.75, 6.5, 6.67, 'C+', 2.5, TRUE),
    (180, 'HV029', '665364', 'Hồ Phương Yến', 'MH009', 'IT304', 'An toàn và bảo mật thông tin', 3, 'HK006', 'Học kỳ hè Năm học 2022-2023', 'LHP057', 7.5, 7.75, 6.25, 6.67, 'C+', 2.5, TRUE),
    (181, 'HV034', '633301', 'Trần Bảo Phương', 'MH001', 'IT101', 'Nhập môn Công nghệ thông tin', 3, 'HK009', 'Học kỳ hè Năm học 2023-2024', 'LHP074', 9.25, 8.25, 8.5, 8.52, 'A', 4.0, TRUE),
    (182, 'HV049', '664675', 'Đặng Bảo Phúc', 'MH062', 'PHY115', 'Robust dynamic methodology', 4, 'HK003', 'Học kỳ hè Năm học 2021-2022', 'LHP086', 8.5, 8.0, 9.0, 8.75, 'A', 4.0, TRUE),
    (183, 'HV004', '649110', 'Lý Ngọc Chiến', 'MH059', 'MATH205', 'Compatible contextually-based encryption', 2, 'HK014', 'Học kỳ 2 Năm học 2025-2026', 'LHP020', 7.5, 8.75, 7.5, 7.75, 'B', 3.0, TRUE),
    (184, 'HV015', '674571', 'Ngô Tuấn Nguyệt', 'MH056', 'CHEM883', 'Object-based composite help-desk', 4, 'HK011', 'Học kỳ 2 Năm học 2024-2025', 'LHP053', 9.75, 9.75, 9.75, 9.75, 'A+', 4.0, TRUE),
    (185, 'HV006', '648067', 'Đặng Văn Linh', 'MH064', 'PHY837', 'Operative didactic application', 3, 'HK005', 'Học kỳ 2 Năm học 2022-2023', 'LHP069', 10.0, 10.0, 10.0, 10.0, 'A+', 4.0, TRUE),
    (186, 'HV047', '657727', 'Đỗ Đức Việt', 'MH013', 'KT202', 'Tài chính doanh nghiệp', 3, 'HK013', 'Học kỳ 1 Năm học 2025-2026', 'LHP111', 4.0, 5.75, 3.75, 4.18, 'D', 1.0, FALSE),
    (187, 'HV031', '632283', 'Trần Đức Anh', 'MH076', 'MATH782', 'Optional hybrid architecture', 2, 'HK001', 'Học kỳ 1 Năm học 2021-2022', 'LHP018', 7.0, 6.75, 7.25, 7.12, 'B', 3.0, TRUE),
    (188, 'HV043', '666202', 'Nguyễn Minh Phương', 'MH066', 'CS582', 'Extended value-added functionalities', 2, 'HK008', 'Học kỳ 2 Năm học 2023-2024', 'LHP031', 10.0, 10.0, 10.0, 10.0, 'A+', 4.0, TRUE),
    (189, 'HV019', '638860', 'Bùi Thanh Hạnh', 'MH041', 'CHEM375', 'Customer-focused next generation emulation', 2, 'HK006', 'Học kỳ hè Năm học 2022-2023', 'LHP011', 8.75, 7.0, 7.25, 7.35, 'B', 3.0, TRUE),
    (190, 'HV043', '666202', 'Nguyễn Minh Phương', 'MH055', 'PHY515', 'Vision-oriented multi-tasking encryption', 2, 'HK015', 'Học kỳ hè Năm học 2025-2026', 'LHP112', 10.0, 10.0, 10.0, 10.0, 'A+', 4.0, TRUE),
    (191, 'HV034', '633301', 'Trần Bảo Phương', 'MH075', 'CHEM731', 'Stand-alone incremental functionalities', 4, 'HK005', 'Học kỳ 2 Năm học 2022-2023', 'LHP035', 9.0, 8.75, 8.25, 8.42, 'B+', 3.5, TRUE),
    (192, 'HV042', '638542', 'Lý Hữu Dũng', 'MH035', 'MATH316', 'Operative executive concept', 2, 'HK006', 'Học kỳ hè Năm học 2022-2023', 'LHP050', 9.0, 10.0, 7.0, 7.8, 'B', 3.0, TRUE),
    (193, 'HV007', '678302', 'Dương Minh Sơn', 'MH050', 'CHEM426', 'Quality-focused dedicated knowledgebase', 2, 'HK012', 'Học kỳ hè Năm học 2024-2025', 'LHP089', 8.5, 7.75, 8.5, 8.35, 'B+', 3.5, TRUE),
    (194, 'HV007', '678302', 'Dương Minh Sơn', 'MH001', 'IT101', 'Nhập môn Công nghệ thông tin', 3, 'HK001', 'Học kỳ 1 Năm học 2021-2022', 'LHP049', 7.75, 7.75, 8.25, 8.1, 'B+', 3.5, TRUE),
    (195, 'HV025', '662151', 'Dương Đức Bình', 'MH001', 'IT101', 'Nhập môn Công nghệ thông tin', 3, 'HK001', 'Học kỳ 1 Năm học 2021-2022', 'LHP049', 9.75, 9.25, 9.0, 9.12, 'A+', 4.0, TRUE),
    (196, 'HV032', '653109', 'Lý Ngọc Xuân', 'MH078', 'CS417', 'Synchronized tertiary open system', 3, 'HK009', 'Học kỳ hè Năm học 2023-2024', 'LHP062', 6.5, 9.75, 7.25, 7.67, 'B', 3.0, TRUE),
    (197, 'HV041', '673296', 'Đặng Quang Chiến', 'MH013', 'KT202', 'Tài chính doanh nghiệp', 3, 'HK002', 'Học kỳ 2 Năm học 2021-2022', 'LHP025', 10.0, 8.5, 8.75, 8.82, 'A', 4.0, TRUE),
    (198, 'HV042', '638542', 'Lý Hữu Dũng', 'MH002', 'IT102', 'Lập trình cơ bản', 4, 'HK006', 'Học kỳ hè Năm học 2022-2023', 'LHP010', 9.0, 9.75, 8.25, 8.62, 'A', 4.0, TRUE),
    (199, 'HV020', '654457', 'Đỗ Bảo Hương', 'MH056', 'CHEM883', 'Object-based composite help-desk', 4, 'HK010', 'Học kỳ 1 Năm học 2024-2025', 'LHP042', 6.25, 8.25, 7.75, 7.7, 'B', 3.0, TRUE),
    (200, 'HV046', '631135', 'Đặng Đức Bình', 'MH054', 'CHEM194', 'Face-to-face regional hierarchy', 3, 'HK010', 'Học kỳ 1 Năm học 2024-2025', 'LHP058', 8.0, 8.5, 8.5, 8.45, 'B+', 3.5, TRUE),
    (201, 'HV023', '646366', 'Đặng Đức Em', 'MH065', 'CHEM796', 'Stand-alone analyzing focus group', 2, 'HK002', 'Học kỳ 2 Năm học 2021-2022', 'LHP032', 9.0, 9.5, 8.5, 8.75, 'A', 4.0, TRUE),
    (202, 'HV032', '653109', 'Lý Ngọc Xuân', 'MH002', 'IT102', 'Lập trình cơ bản', 4, 'HK006', 'Học kỳ hè Năm học 2022-2023', 'LHP010', 6.75, 7.75, 8.25, 8.0, 'B+', 3.5, TRUE),
    (203, 'HV027', '649454', 'Lê Hải Em', 'MH070', 'CHEM868', 'Public-key disintermediate methodology', 2, 'HK004', 'Học kỳ 1 Năm học 2022-2023', 'LHP096', 8.25, 8.75, 9.0, 8.88, 'A', 4.0, TRUE),
    (204, 'HV048', '677042', 'Trần Hữu Nguyệt', 'MH012', 'KT201', 'Nguyên lý kế toán', 4, 'HK012', 'Học kỳ hè Năm học 2024-2025', 'LHP118', 5.75, 8.5, 7.75, 7.7, 'B', 3.0, TRUE),
    (205, 'HV011', '657145', 'Bùi Kim Linh', 'MH006', 'IT301', 'Phát triển ứng dụng Web', 3, 'HK007', 'Học kỳ 1 Năm học 2023-2024', 'LHP040', 6.75, 7.75, 7.25, 7.3, 'B', 3.0, TRUE),
    (206, 'HV010', '663199', 'Ngô Đức Linh', 'MH001', 'IT101', 'Nhập môn Công nghệ thông tin', 3, 'HK009', 'Học kỳ hè Năm học 2023-2024', 'LHP074', 7.25, 7.25, 6.5, 6.72, 'C+', 2.5, TRUE),
    (207, 'HV012', '671537', 'Lê Thị Sơn', 'MH072', 'MATH596', 'Programmable context-sensitive productivity', 4, 'HK006', 'Học kỳ hè Năm học 2022-2023', 'LHP024', 9.25, 7.75, 7.0, 7.38, 'B', 3.0, TRUE),
    (208, 'HV039', '643683', 'Dương Thanh Chiến', 'MH072', 'MATH596', 'Programmable context-sensitive productivity', 4, 'HK006', 'Học kỳ hè Năm học 2022-2023', 'LHP024', 10.0, 10.0, 9.75, 9.82, 'A+', 4.0, TRUE),
    (209, 'HV040', '654048', 'Đặng Hữu Yến', 'MH057', 'MATH111', 'Versatile didactic capacity', 2, 'HK011', 'Học kỳ 2 Năm học 2024-2025', 'LHP081', 10.0, 10.0, 9.75, 9.82, 'A+', 4.0, TRUE),
    (210, 'HV038', '657859', 'Dương Quang Giang', 'MH025', 'CS200', 'Stand-alone value-added complexity', 2, 'HK015', 'Học kỳ hè Năm học 2025-2026', 'LHP104', 10.0, 9.5, 10.0, 9.9, 'A+', 4.0, TRUE),
    (211, 'HV025', '662151', 'Dương Đức Bình', 'MH079', 'CHEM429', 'Fundamental well-modulated capacity', 2, 'HK010', 'Học kỳ 1 Năm học 2024-2025', 'LHP078', 9.0, 8.25, 10.0, 9.55, 'A+', 4.0, TRUE),
    (212, 'HV036', '675486', 'Lý Ngọc Anh', 'MH042', 'MATH982', 'Right-sized real-time migration', 2, 'HK009', 'Học kỳ hè Năm học 2023-2024', 'LHP066', 9.5, 9.5, 9.5, 9.5, 'A+', 4.0, TRUE),
    (213, 'HV021', '656727', 'Phạm Minh Nguyệt', 'MH078', 'CS417', 'Synchronized tertiary open system', 3, 'HK009', 'Học kỳ hè Năm học 2023-2024', 'LHP062', 10.0, 10.0, 10.0, 10.0, 'A+', 4.0, TRUE),
    (214, 'HV026', '661303', 'Bùi Kim Hoa', 'MH068', 'MATH295', 'Extended responsive access', 2, 'HK007', 'Học kỳ 1 Năm học 2023-2024', 'LHP026', 5.5, 4.5, 4.75, 4.78, 'D', 1.0, FALSE),
    (215, 'HV033', '665288', 'Phạm Bảo Sơn', 'MH014', 'KT301', 'Kinh tế lượng', 3, 'HK014', 'Học kỳ 2 Năm học 2025-2026', 'LHP095', 6.5, 8.75, 8.0, 8.0, 'B+', 3.5, TRUE),
    (216, 'HV036', '675486', 'Lý Ngọc Anh', 'MH018', 'NN202', 'Tiếng Trung cơ bản', 4, 'HK013', 'Học kỳ 1 Năm học 2025-2026', 'LHP113', 9.0, 8.75, 8.75, 8.78, 'A', 4.0, TRUE),
    (217, 'HV026', '661303', 'Bùi Kim Hoa', 'MH075', 'CHEM731', 'Stand-alone incremental functionalities', 4, 'HK005', 'Học kỳ 2 Năm học 2022-2023', 'LHP035', 6.25, 3.5, 5.75, 5.35, 'D+', 1.5, TRUE),
    (218, 'HV020', '654457', 'Đỗ Bảo Hương', 'MH069', 'MATH861', 'Re-engineered discrete artificial intelligence', 3, 'HK001', 'Học kỳ 1 Năm học 2021-2022', 'LHP083', 6.25, 7.5, 9.0, 8.43, 'B+', 3.5, TRUE),
    (219, 'HV026', '661303', 'Bùi Kim Hoa', 'MH074', 'PHY629', 'Realigned 5thgeneration knowledge user', 3, 'HK010', 'Học kỳ 1 Năm học 2024-2025', 'LHP061', 6.0, 6.5, 5.5, 5.75, 'C', 2.0, TRUE),
    (220, 'HV014', '672765', 'Ngô Thị Hương', 'MH071', 'PHY474', 'Function-based web-enabled matrices', 3, 'HK015', 'Học kỳ hè Năm học 2025-2026', 'LHP059', 5.5, 5.25, 5.25, 5.28, 'D+', 1.5, TRUE),
    (221, 'HV017', '655647', 'Nguyễn Quang Em', 'MH013', 'KT202', 'Tài chính doanh nghiệp', 3, 'HK012', 'Học kỳ hè Năm học 2024-2025', 'LHP110', 8.25, 6.25, 7.0, 6.97, 'C+', 2.5, TRUE),
    (222, 'HV013', '643135', 'Đỗ Đức Sơn', 'MH074', 'PHY629', 'Realigned 5thgeneration knowledge user', 3, 'HK013', 'Học kỳ 1 Năm học 2025-2026', 'LHP060', 8.0, 8.25, 7.25, 7.52, 'B', 3.0, TRUE),
    (223, 'HV045', '649143', 'Vũ Hải Giang', 'MH065', 'CHEM796', 'Stand-alone analyzing focus group', 2, 'HK002', 'Học kỳ 2 Năm học 2021-2022', 'LHP032', 9.25, 8.0, 8.25, 8.3, 'B+', 3.5, TRUE),
    (224, 'HV008', '656213', 'Ngô Đức Yến', 'MH068', 'MATH295', 'Extended responsive access', 2, 'HK007', 'Học kỳ 1 Năm học 2023-2024', 'LHP026', 7.75, 5.5, 4.5, 5.03, 'D+', 1.5, TRUE),
    (225, 'HV049', '664675', 'Đặng Bảo Phúc', 'MH038', 'CS970', 'Sharable demand-driven artificial intelligence', 2, 'HK014', 'Học kỳ 2 Năm học 2025-2026', 'LHP037', 9.5, 10.0, 8.75, 9.07, 'A+', 4.0, TRUE),
    (226, 'HV015', '674571', 'Ngô Tuấn Nguyệt', 'MH031', 'CS922', 'Enterprise-wide leadingedge encoding', 4, 'HK003', 'Học kỳ hè Năm học 2021-2022', 'LHP033', 8.75, 9.5, 8.25, 8.55, 'A', 4.0, TRUE),
    (227, 'HV044', '659654', 'Bùi Hữu Chiến', 'MH076', 'MATH782', 'Optional hybrid architecture', 2, 'HK001', 'Học kỳ 1 Năm học 2021-2022', 'LHP018', 9.75, 8.25, 9.0, 8.93, 'A', 4.0, TRUE),
    (228, 'HV005', '679278', 'Bùi Ngọc Việt', 'MH047', 'MATH710', 'Compatible value-added model', 4, 'HK014', 'Học kỳ 2 Năm học 2025-2026', 'LHP003', 9.75, 8.25, 9.0, 8.93, 'A', 4.0, TRUE),
    (229, 'HV027', '649454', 'Lê Hải Em', 'MH009', 'IT304', 'An toàn và bảo mật thông tin', 3, 'HK006', 'Học kỳ hè Năm học 2022-2023', 'LHP057', 8.75, 7.5, 8.5, 8.32, 'B+', 3.5, TRUE),
    (230, 'HV045', '649143', 'Vũ Hải Giang', 'MH056', 'CHEM883', 'Object-based composite help-desk', 4, 'HK003', 'Học kỳ hè Năm học 2021-2022', 'LHP106', 8.5, 8.0, 8.25, 8.22, 'B+', 3.5, TRUE),
    (231, 'HV034', '633301', 'Trần Bảo Phương', 'MH007', 'IT302', 'Trí tuệ nhân tạo', 3, 'HK010', 'Học kỳ 1 Năm học 2024-2025', 'LHP015', 8.75, 10.0, 8.5, 8.82, 'A', 4.0, TRUE),
    (232, 'HV036', '675486', 'Lý Ngọc Anh', 'MH056', 'CHEM883', 'Object-based composite help-desk', 4, 'HK011', 'Học kỳ 2 Năm học 2024-2025', 'LHP053', 8.25, 8.75, 9.0, 8.88, 'A', 4.0, TRUE),
    (233, 'HV011', '657145', 'Bùi Kim Linh', 'MH070', 'CHEM868', 'Public-key disintermediate methodology', 2, 'HK004', 'Học kỳ 1 Năm học 2022-2023', 'LHP096', 7.0, 8.5, 7.75, 7.83, 'B', 3.0, TRUE),
    (234, 'HV024', '669113', 'Hồ Hải Xuân', 'MH010', 'KT101', 'Kinh tế vi mô', 3, 'HK004', 'Học kỳ 1 Năm học 2022-2023', 'LHP116', 7.75, 8.5, 10.0, 9.47, 'A+', 4.0, TRUE),
    (235, 'HV018', '675392', 'Bùi Bảo Phương', 'MH009', 'IT304', 'An toàn và bảo mật thông tin', 3, 'HK006', 'Học kỳ hè Năm học 2022-2023', 'LHP057', 7.25, 8.75, 8.0, 8.07, 'B+', 3.5, TRUE),
    (236, 'HV019', '638860', 'Bùi Thanh Hạnh', 'MH064', 'PHY837', 'Operative didactic application', 3, 'HK005', 'Học kỳ 2 Năm học 2022-2023', 'LHP069', 7.5, 8.5, 8.75, 8.57, 'A', 4.0, TRUE),
    (237, 'HV030', '638533', 'Phạm Thanh Tùng', 'MH049', 'MATH894', 'Multi-layered foreground installation', 2, 'HK010', 'Học kỳ 1 Năm học 2024-2025', 'LHP090', 7.75, 7.5, 7.25, 7.35, 'B', 3.0, TRUE),
    (238, 'HV009', '649863', 'Lý Hải Phương', 'MH031', 'CS922', 'Enterprise-wide leadingedge encoding', 4, 'HK003', 'Học kỳ hè Năm học 2021-2022', 'LHP033', 8.75, 8.25, 8.5, 8.47, 'B+', 3.5, TRUE),
    (239, 'HV005', '679278', 'Bùi Ngọc Việt', 'MH013', 'KT202', 'Tài chính doanh nghiệp', 3, 'HK004', 'Học kỳ 1 Năm học 2022-2023', 'LHP091', 8.5, 9.0, 8.25, 8.43, 'B+', 3.5, TRUE),
    (240, 'HV048', '677042', 'Trần Hữu Nguyệt', 'MH030', 'CS133', 'Triple-buffered global matrix', 3, 'HK015', 'Học kỳ hè Năm học 2025-2026', 'LHP054', 8.0, 7.75, 8.0, 7.95, 'B', 3.0, TRUE),
    (241, 'HV017', '655647', 'Nguyễn Quang Em', 'MH059', 'MATH205', 'Compatible contextually-based encryption', 2, 'HK014', 'Học kỳ 2 Năm học 2025-2026', 'LHP020', 7.5, 8.25, 6.25, 6.78, 'C+', 2.5, TRUE),
    (242, 'HV022', '648919', 'Lý Thanh Giang', 'MH014', 'KT301', 'Kinh tế lượng', 3, 'HK005', 'Học kỳ 2 Năm học 2022-2023', 'LHP027', 8.75, 9.0, 9.0, 8.97, 'A', 4.0, TRUE),
    (243, 'HV043', '666202', 'Nguyễn Minh Phương', 'MH077', 'CS400', 'Configurable context-sensitive functionalities', 4, 'HK004', 'Học kỳ 1 Năm học 2022-2023', 'LHP108', 10.0, 10.0, 10.0, 10.0, 'A+', 4.0, TRUE),
    (244, 'HV018', '675392', 'Bùi Bảo Phương', 'MH077', 'CS400', 'Configurable context-sensitive functionalities', 4, 'HK002', 'Học kỳ 2 Năm học 2021-2022', 'LHP023', 9.0, 9.25, 8.5, 8.7, 'A', 4.0, TRUE),
    (245, 'HV018', '675392', 'Bùi Bảo Phương', 'MH074', 'PHY629', 'Realigned 5thgeneration knowledge user', 3, 'HK010', 'Học kỳ 1 Năm học 2024-2025', 'LHP061', 7.5, 8.75, 8.75, 8.62, 'A', 4.0, TRUE),
    (246, 'HV011', '657145', 'Bùi Kim Linh', 'MH019', 'QS101', 'Giáo dục Quốc phòng', 2, 'HK003', 'Học kỳ hè Năm học 2021-2022', 'LHP067', 7.25, 6.75, 7.25, 7.15, 'B', 3.0, TRUE),
    (247, 'HV011', '657145', 'Bùi Kim Linh', 'MH074', 'PHY629', 'Realigned 5thgeneration knowledge user', 3, 'HK010', 'Học kỳ 1 Năm học 2024-2025', 'LHP061', 8.0, 7.5, 6.75, 7.02, 'B', 3.0, TRUE),
    (248, 'HV023', '646366', 'Đặng Đức Em', 'MH064', 'PHY837', 'Operative didactic application', 3, 'HK006', 'Học kỳ hè Năm học 2022-2023', 'LHP014', 8.75, 8.25, 9.5, 9.18, 'A+', 4.0, TRUE),
    (249, 'HV009', '649863', 'Lý Hải Phương', 'MH030', 'CS133', 'Triple-buffered global matrix', 3, 'HK007', 'Học kỳ 1 Năm học 2023-2024', 'LHP055', 9.75, 7.5, 9.25, 8.95, 'A', 4.0, TRUE),
    (250, 'HV017', '655647', 'Nguyễn Quang Em', 'MH001', 'IT101', 'Nhập môn Công nghệ thông tin', 3, 'HK001', 'Học kỳ 1 Năm học 2021-2022', 'LHP049', 6.25, 6.0, 7.25, 6.9, 'C+', 2.5, TRUE),
    (251, 'HV037', '666520', 'Ngô Bảo Hoa', 'MH020', 'QS102', 'Điều lệnh Quân đội', 2, 'HK011', 'Học kỳ 2 Năm học 2024-2025', 'LHP009', 7.5, 6.0, 7.25, 7.02, 'B', 3.0, TRUE),
    (252, 'HV019', '638860', 'Bùi Thanh Hạnh', 'MH020', 'QS102', 'Điều lệnh Quân đội', 2, 'HK012', 'Học kỳ hè Năm học 2024-2025', 'LHP007', 8.75, 7.75, 8.25, 8.2, 'B+', 3.5, TRUE),
    (253, 'HV034', '633301', 'Trần Bảo Phương', 'MH013', 'KT202', 'Tài chính doanh nghiệp', 3, 'HK002', 'Học kỳ 2 Năm học 2021-2022', 'LHP025', 7.5, 9.0, 8.5, 8.5, 'A', 4.0, TRUE),
    (254, 'HV043', '666202', 'Nguyễn Minh Phương', 'MH062', 'PHY115', 'Robust dynamic methodology', 4, 'HK001', 'Học kỳ 1 Năm học 2021-2022', 'LHP115', 10.0, 10.0, 8.75, 9.12, 'A+', 4.0, TRUE),
    (255, 'HV001', '666106', 'Dương Hải Giang', 'MH019', 'QS101', 'Giáo dục Quốc phòng', 2, 'HK003', 'Học kỳ hè Năm học 2021-2022', 'LHP067', 10.0, 9.5, 9.75, 9.72, 'A+', 4.0, TRUE),
    (256, 'HV033', '665288', 'Phạm Bảo Sơn', 'MH031', 'CS922', 'Enterprise-wide leadingedge encoding', 4, 'HK003', 'Học kỳ hè Năm học 2021-2022', 'LHP033', 7.25, 7.25, 7.25, 7.25, 'B', 3.0, TRUE),
    (257, 'HV041', '673296', 'Đặng Quang Chiến', 'MH002', 'IT102', 'Lập trình cơ bản', 4, 'HK012', 'Học kỳ hè Năm học 2024-2025', 'LHP072', 8.75, 9.75, 10.0, 9.82, 'A+', 4.0, TRUE),
    (258, 'HV028', '655141', 'Lê Văn Linh', 'MH044', 'CS954', 'Exclusive 24/7 function', 3, 'HK012', 'Học kỳ hè Năm học 2024-2025', 'LHP028', 7.75, 8.25, 7.5, 7.68, 'B', 3.0, TRUE),
    (259, 'HV036', '675486', 'Lý Ngọc Anh', 'MH071', 'PHY474', 'Function-based web-enabled matrices', 3, 'HK002', 'Học kỳ 2 Năm học 2021-2022', 'LHP087', 7.5, 9.0, 10.0, 9.55, 'A+', 4.0, TRUE),
    (260, 'HV018', '675392', 'Bùi Bảo Phương', 'MH049', 'MATH894', 'Multi-layered foreground installation', 2, 'HK006', 'Học kỳ hè Năm học 2022-2023', 'LHP114', 7.75, 10.0, 7.25, 7.85, 'B', 3.0, TRUE),
    (261, 'HV013', '643135', 'Đỗ Đức Sơn', 'MH039', 'PHY983', 'Enterprise-wide bottom-line benchmark', 2, 'HK003', 'Học kỳ hè Năm học 2021-2022', 'LHP021', 8.75, 7.75, 7.5, 7.67, 'B', 3.0, TRUE),
    (262, 'HV032', '653109', 'Lý Ngọc Xuân', 'MH055', 'PHY515', 'Vision-oriented multi-tasking encryption', 2, 'HK015', 'Học kỳ hè Năm học 2025-2026', 'LHP112', 8.0, 8.0, 8.25, 8.18, 'B+', 3.5, TRUE),
    (263, 'HV002', '637868', 'Lê Thanh Tùng', 'MH064', 'PHY837', 'Operative didactic application', 3, 'HK005', 'Học kỳ 2 Năm học 2022-2023', 'LHP069', 5.5, 4.25, 5.25, 5.08, 'D+', 1.5, TRUE),
    (264, 'HV005', '679278', 'Bùi Ngọc Việt', 'MH021', 'QS201', 'Chiến thuật bộ binh', 3, 'HK014', 'Học kỳ 2 Năm học 2025-2026', 'LHP097', 8.75, 9.25, 10.0, 9.72, 'A+', 4.0, TRUE),
    (265, 'HV013', '643135', 'Đỗ Đức Sơn', 'MH007', 'IT302', 'Trí tuệ nhân tạo', 3, 'HK015', 'Học kỳ hè Năm học 2025-2026', 'LHP070', 8.25, 8.0, 7.75, 7.85, 'B', 3.0, TRUE),
    (266, 'HV014', '672765', 'Ngô Thị Hương', 'MH047', 'MATH710', 'Compatible value-added model', 4, 'HK014', 'Học kỳ 2 Năm học 2025-2026', 'LHP003', 7.25, 4.75, 7.5, 6.93, 'C+', 2.5, TRUE),
    (267, 'HV037', '666520', 'Ngô Bảo Hoa', 'MH056', 'CHEM883', 'Object-based composite help-desk', 4, 'HK010', 'Học kỳ 1 Năm học 2024-2025', 'LHP042', 8.5, 5.5, 6.75, 6.67, 'C+', 2.5, TRUE),
    (268, 'HV018', '675392', 'Bùi Bảo Phương', 'MH037', 'PHY856', 'Customer-focused optimizing challenge', 2, 'HK004', 'Học kỳ 1 Năm học 2022-2023', 'LHP065', 8.25, 8.0, 7.75, 7.85, 'B', 3.0, TRUE),
    (269, 'HV003', '674688', 'Bùi Phương Việt', 'MH006', 'IT301', 'Phát triển ứng dụng Web', 3, 'HK002', 'Học kỳ 2 Năm học 2021-2022', 'LHP071', 7.5, 6.5, 8.25, 7.82, 'B', 3.0, TRUE),
    (270, 'HV042', '638542', 'Lý Hữu Dũng', 'MH047', 'MATH710', 'Compatible value-added model', 4, 'HK002', 'Học kỳ 2 Năm học 2021-2022', 'LHP079', 9.25, 9.5, 8.5, 8.77, 'A', 4.0, TRUE),
    (271, 'HV039', '643683', 'Dương Thanh Chiến', 'MH002', 'IT102', 'Lập trình cơ bản', 4, 'HK012', 'Học kỳ hè Năm học 2024-2025', 'LHP099', 9.75, 10.0, 7.75, 8.4, 'B+', 3.5, TRUE),
    (272, 'HV013', '643135', 'Đỗ Đức Sơn', 'MH077', 'CS400', 'Configurable context-sensitive functionalities', 4, 'HK004', 'Học kỳ 1 Năm học 2022-2023', 'LHP108', 7.25, 5.75, 7.75, 7.3, 'B', 3.0, TRUE),
    (273, 'HV046', '631135', 'Đặng Đức Bình', 'MH077', 'CS400', 'Configurable context-sensitive functionalities', 4, 'HK013', 'Học kỳ 1 Năm học 2025-2026', 'LHP052', 8.25, 7.75, 6.75, 7.1, 'B', 3.0, TRUE),
    (274, 'HV031', '632283', 'Trần Đức Anh', 'MH030', 'CS133', 'Triple-buffered global matrix', 3, 'HK015', 'Học kỳ hè Năm học 2025-2026', 'LHP054', 8.75, 6.75, 7.0, 7.12, 'B', 3.0, TRUE),
    (275, 'HV012', '671537', 'Lê Thị Sơn', 'MH077', 'CS400', 'Configurable context-sensitive functionalities', 4, 'HK013', 'Học kỳ 1 Năm học 2025-2026', 'LHP052', 6.75, 8.25, 7.25, 7.4, 'B', 3.0, TRUE),
    (276, 'HV021', '656727', 'Phạm Minh Nguyệt', 'MH071', 'PHY474', 'Function-based web-enabled matrices', 3, 'HK015', 'Học kỳ hè Năm học 2025-2026', 'LHP059', 10.0, 8.25, 9.75, 9.47, 'A+', 4.0, TRUE),
    (277, 'HV007', '678302', 'Dương Minh Sơn', 'MH061', 'CS689', 'Total optimizing software', 2, 'HK015', 'Học kỳ hè Năm học 2025-2026', 'LHP008', 8.0, 7.25, 7.75, 7.67, 'B', 3.0, TRUE),
    (278, 'HV025', '662151', 'Dương Đức Bình', 'MH070', 'CHEM868', 'Public-key disintermediate methodology', 2, 'HK004', 'Học kỳ 1 Năm học 2022-2023', 'LHP096', 8.25, 9.5, 9.0, 9.03, 'A+', 4.0, TRUE),
    (279, 'HV043', '666202', 'Nguyễn Minh Phương', 'MH007', 'IT302', 'Trí tuệ nhân tạo', 3, 'HK015', 'Học kỳ hè Năm học 2025-2026', 'LHP070', 10.0, 10.0, 9.25, 9.47, 'A+', 4.0, TRUE),
    (280, 'HV020', '654457', 'Đỗ Bảo Hương', 'MH049', 'MATH894', 'Multi-layered foreground installation', 2, 'HK010', 'Học kỳ 1 Năm học 2024-2025', 'LHP090', 7.75, 6.25, 7.75, 7.45, 'B', 3.0, TRUE),
    (281, 'HV025', '662151', 'Dương Đức Bình', 'MH055', 'PHY515', 'Vision-oriented multi-tasking encryption', 2, 'HK015', 'Học kỳ hè Năm học 2025-2026', 'LHP112', 10.0, 9.75, 9.5, 9.6, 'A+', 4.0, TRUE),
    (282, 'HV030', '638533', 'Phạm Thanh Tùng', 'MH038', 'CS970', 'Sharable demand-driven artificial intelligence', 2, 'HK011', 'Học kỳ 2 Năm học 2024-2025', 'LHP039', 8.75, 8.0, 7.25, 7.55, 'B', 3.0, TRUE),
    (283, 'HV041', '673296', 'Đặng Quang Chiến', 'MH074', 'PHY629', 'Realigned 5thgeneration knowledge user', 3, 'HK013', 'Học kỳ 1 Năm học 2025-2026', 'LHP060', 9.75, 9.5, 9.75, 9.7, 'A+', 4.0, TRUE),
    (284, 'HV048', '677042', 'Trần Hữu Nguyệt', 'MH006', 'IT301', 'Phát triển ứng dụng Web', 3, 'HK005', 'Học kỳ 2 Năm học 2022-2023', 'LHP030', 8.0, 7.5, 7.25, 7.37, 'B', 3.0, TRUE),
    (285, 'HV030', '638533', 'Phạm Thanh Tùng', 'MH014', 'KT301', 'Kinh tế lượng', 3, 'HK010', 'Học kỳ 1 Năm học 2024-2025', 'LHP064', 8.0, 7.5, 7.75, 7.72, 'B', 3.0, TRUE),
    (286, 'HV032', '653109', 'Lý Ngọc Xuân', 'MH014', 'KT301', 'Kinh tế lượng', 3, 'HK010', 'Học kỳ 1 Năm học 2024-2025', 'LHP064', 6.25, 7.25, 7.5, 7.33, 'B', 3.0, TRUE),
    (287, 'HV025', '662151', 'Dương Đức Bình', 'MH038', 'CS970', 'Sharable demand-driven artificial intelligence', 2, 'HK014', 'Học kỳ 2 Năm học 2025-2026', 'LHP037', 9.25, 10.0, 9.0, 9.22, 'A+', 4.0, TRUE),
    (288, 'HV037', '666520', 'Ngô Bảo Hoa', 'MH077', 'CS400', 'Configurable context-sensitive functionalities', 4, 'HK003', 'Học kỳ hè Năm học 2021-2022', 'LHP073', 8.25, 7.5, 6.75, 7.05, 'B', 3.0, TRUE),
    (289, 'HV045', '649143', 'Vũ Hải Giang', 'MH050', 'CHEM426', 'Quality-focused dedicated knowledgebase', 2, 'HK012', 'Học kỳ hè Năm học 2024-2025', 'LHP089', 8.25, 7.75, 7.5, 7.62, 'B', 3.0, TRUE),
    (290, 'HV020', '654457', 'Đỗ Bảo Hương', 'MH077', 'CS400', 'Configurable context-sensitive functionalities', 4, 'HK003', 'Học kỳ hè Năm học 2021-2022', 'LHP073', 8.0, 7.5, 8.5, 8.25, 'B+', 3.5, TRUE),
    (291, 'HV044', '659654', 'Bùi Hữu Chiến', 'MH006', 'IT301', 'Phát triển ứng dụng Web', 3, 'HK006', 'Học kỳ hè Năm học 2022-2023', 'LHP001', 8.0, 7.75, 8.75, 8.47, 'B+', 3.5, TRUE),
    (292, 'HV023', '646366', 'Đặng Đức Em', 'MH013', 'KT202', 'Tài chính doanh nghiệp', 3, 'HK013', 'Học kỳ 1 Năm học 2025-2026', 'LHP111', 10.0, 9.75, 10.0, 9.95, 'A+', 4.0, TRUE),
    (293, 'HV050', '651232', 'Dương Minh Em', 'MH047', 'MATH710', 'Compatible value-added model', 4, 'HK014', 'Học kỳ 2 Năm học 2025-2026', 'LHP003', 9.0, 10.0, 8.25, 8.67, 'A', 4.0, TRUE),
    (294, 'HV020', '654457', 'Đỗ Bảo Hương', 'MH017', 'NN201', 'Tiếng Anh chuyên ngành', 3, 'HK014', 'Học kỳ 2 Năm học 2025-2026', 'LHP103', 8.0, 6.0, 6.5, 6.55, 'C+', 2.5, TRUE),
    (295, 'HV028', '655141', 'Lê Văn Linh', 'MH055', 'PHY515', 'Vision-oriented multi-tasking encryption', 2, 'HK004', 'Học kỳ 1 Năm học 2022-2023', 'LHP005', 6.5, 7.0, 6.25, 6.43, 'C+', 2.5, TRUE),
    (296, 'HV012', '671537', 'Lê Thị Sơn', 'MH054', 'CHEM194', 'Face-to-face regional hierarchy', 3, 'HK011', 'Học kỳ 2 Năm học 2024-2025', 'LHP048', 7.0, 6.75, 7.25, 7.12, 'B', 3.0, TRUE),
    (297, 'HV034', '633301', 'Trần Bảo Phương', 'MH010', 'KT101', 'Kinh tế vi mô', 3, 'HK004', 'Học kỳ 1 Năm học 2022-2023', 'LHP116', 8.5, 9.25, 8.75, 8.82, 'A', 4.0, TRUE),
    (298, 'HV011', '657145', 'Bùi Kim Linh', 'MH055', 'PHY515', 'Vision-oriented multi-tasking encryption', 2, 'HK015', 'Học kỳ hè Năm học 2025-2026', 'LHP112', 6.75, 8.25, 7.25, 7.4, 'B', 3.0, TRUE),
    (299, 'HV043', '666202', 'Nguyễn Minh Phương', 'MH018', 'NN202', 'Tiếng Trung cơ bản', 4, 'HK013', 'Học kỳ 1 Năm học 2025-2026', 'LHP113', 10.0, 10.0, 9.75, 9.82, 'A+', 4.0, TRUE),
    (300, 'HV006', '648067', 'Đặng Văn Linh', 'MH055', 'PHY515', 'Vision-oriented multi-tasking encryption', 2, 'HK004', 'Học kỳ 1 Năm học 2022-2023', 'LHP005', 10.0, 10.0, 10.0, 10.0, 'A+', 4.0, TRUE),
    (301, 'HV007', '678302', 'Dương Minh Sơn', 'MH014', 'KT301', 'Kinh tế lượng', 3, 'HK015', 'Học kỳ hè Năm học 2025-2026', 'LHP063', 7.5, 8.0, 8.5, 8.3, 'B+', 3.5, TRUE),
    (302, 'HV021', '656727', 'Phạm Minh Nguyệt', 'MH025', 'CS200', 'Stand-alone value-added complexity', 2, 'HK015', 'Học kỳ hè Năm học 2025-2026', 'LHP104', 10.0, 8.75, 9.0, 9.05, 'A+', 4.0, TRUE),
    (303, 'HV050', '651232', 'Dương Minh Em', 'MH010', 'KT101', 'Kinh tế vi mô', 3, 'HK004', 'Học kỳ 1 Năm học 2022-2023', 'LHP116', 9.5, 8.0, 8.75, 8.68, 'A', 4.0, TRUE),
    (304, 'HV030', '638533', 'Phạm Thanh Tùng', 'MH019', 'QS101', 'Giáo dục Quốc phòng', 2, 'HK005', 'Học kỳ 2 Năm học 2022-2023', 'LHP098', 7.75, 9.25, 7.5, 7.88, 'B', 3.0, TRUE),
    (305, 'HV024', '669113', 'Hồ Hải Xuân', 'MH009', 'IT304', 'An toàn và bảo mật thông tin', 3, 'HK006', 'Học kỳ hè Năm học 2022-2023', 'LHP057', 8.0, 8.5, 8.5, 8.45, 'B+', 3.5, TRUE),
    (306, 'HV032', '653109', 'Lý Ngọc Xuân', 'MH020', 'QS102', 'Điều lệnh Quân đội', 2, 'HK011', 'Học kỳ 2 Năm học 2024-2025', 'LHP009', 9.0, 7.75, 7.75, 7.88, 'B', 3.0, TRUE),
    (307, 'HV046', '631135', 'Đặng Đức Bình', 'MH064', 'PHY837', 'Operative didactic application', 3, 'HK006', 'Học kỳ hè Năm học 2022-2023', 'LHP014', 7.0, 7.75, 7.25, 7.32, 'B', 3.0, TRUE),
    (308, 'HV025', '662151', 'Dương Đức Bình', 'MH057', 'MATH111', 'Versatile didactic capacity', 2, 'HK011', 'Học kỳ 2 Năm học 2024-2025', 'LHP081', 8.5, 9.25, 9.25, 9.18, 'A+', 4.0, TRUE),
    (309, 'HV046', '631135', 'Đặng Đức Bình', 'MH065', 'CHEM796', 'Stand-alone analyzing focus group', 2, 'HK002', 'Học kỳ 2 Năm học 2021-2022', 'LHP032', 8.0, 7.0, 8.25, 7.97, 'B', 3.0, TRUE),
    (310, 'HV023', '646366', 'Đặng Đức Em', 'MH071', 'PHY474', 'Function-based web-enabled matrices', 3, 'HK002', 'Học kỳ 2 Năm học 2021-2022', 'LHP087', 8.0, 8.5, 8.25, 8.27, 'B+', 3.5, TRUE),
    (311, 'HV044', '659654', 'Bùi Hữu Chiến', 'MH054', 'CHEM194', 'Face-to-face regional hierarchy', 3, 'HK010', 'Học kỳ 1 Năm học 2024-2025', 'LHP058', 8.0, 8.0, 9.5, 9.05, 'A+', 4.0, TRUE),
    (312, 'HV012', '671537', 'Lê Thị Sơn', 'MH040', 'CHEM131', 'Mandatory 3rdgeneration success', 2, 'HK011', 'Học kỳ 2 Năm học 2024-2025', 'LHP043', 8.0, 9.0, 8.5, 8.55, 'A', 4.0, TRUE),
    (313, 'HV026', '661303', 'Bùi Kim Hoa', 'MH062', 'PHY115', 'Robust dynamic methodology', 4, 'HK001', 'Học kỳ 1 Năm học 2021-2022', 'LHP115', 4.0, 6.0, 5.25, 5.28, 'D+', 1.5, TRUE),
    (314, 'HV018', '675392', 'Bùi Bảo Phương', 'MH039', 'PHY983', 'Enterprise-wide bottom-line benchmark', 2, 'HK003', 'Học kỳ hè Năm học 2021-2022', 'LHP021', 8.25, 8.25, 8.25, 8.25, 'B+', 3.5, TRUE),
    (315, 'HV022', '648919', 'Lý Thanh Giang', 'MH080', 'CS346', 'Synchronized web-enabled portal', 3, 'HK006', 'Học kỳ hè Năm học 2022-2023', 'LHP002', 8.75, 8.0, 9.25, 8.95, 'A', 4.0, TRUE),
    (316, 'HV044', '659654', 'Bùi Hữu Chiến', 'MH035', 'MATH316', 'Operative executive concept', 2, 'HK006', 'Học kỳ hè Năm học 2022-2023', 'LHP050', 8.25, 8.0, 8.0, 8.03, 'B+', 3.5, TRUE),
    (317, 'HV031', '632283', 'Trần Đức Anh', 'MH020', 'QS102', 'Điều lệnh Quân đội', 2, 'HK012', 'Học kỳ hè Năm học 2024-2025', 'LHP007', 6.5, 8.0, 8.5, 8.2, 'B+', 3.5, TRUE),
    (318, 'HV042', '638542', 'Lý Hữu Dũng', 'MH059', 'MATH205', 'Compatible contextually-based encryption', 2, 'HK007', 'Học kỳ 1 Năm học 2023-2024', 'LHP117', 9.0, 8.25, 8.0, 8.15, 'B+', 3.5, TRUE),
    (319, 'HV048', '677042', 'Trần Hữu Nguyệt', 'MH007', 'IT302', 'Trí tuệ nhân tạo', 3, 'HK010', 'Học kỳ 1 Năm học 2024-2025', 'LHP015', 6.5, 7.0, 7.75, 7.47, 'B', 3.0, TRUE),
    (320, 'HV031', '632283', 'Trần Đức Anh', 'MH069', 'MATH861', 'Re-engineered discrete artificial intelligence', 3, 'HK008', 'Học kỳ 2 Năm học 2023-2024', 'LHP044', 7.25, 7.5, 7.75, 7.65, 'B', 3.0, TRUE),
    (321, 'HV034', '633301', 'Trần Bảo Phương', 'MH062', 'PHY115', 'Robust dynamic methodology', 4, 'HK003', 'Học kỳ hè Năm học 2021-2022', 'LHP086', 8.75, 8.0, 9.0, 8.78, 'A', 4.0, TRUE),
    (322, 'HV032', '653109', 'Lý Ngọc Xuân', 'MH048', 'PHY701', 'Total web-enabled knowledge user', 2, 'HK006', 'Học kỳ hè Năm học 2022-2023', 'LHP085', 6.75, 6.75, 7.0, 6.92, 'C+', 2.5, TRUE),
    (323, 'HV010', '663199', 'Ngô Đức Linh', 'MH044', 'CS954', 'Exclusive 24/7 function', 3, 'HK004', 'Học kỳ 1 Năm học 2022-2023', 'LHP068', 5.75, 7.75, 5.5, 5.97, 'C', 2.0, TRUE),
    (324, 'HV001', '666106', 'Dương Hải Giang', 'MH077', 'CS400', 'Configurable context-sensitive functionalities', 4, 'HK013', 'Học kỳ 1 Năm học 2025-2026', 'LHP052', 10.0, 10.0, 8.75, 9.12, 'A+', 4.0, TRUE),
    (325, 'HV039', '643683', 'Dương Thanh Chiến', 'MH044', 'CS954', 'Exclusive 24/7 function', 3, 'HK014', 'Học kỳ 2 Năm học 2025-2026', 'LHP036', 10.0, 9.75, 10.0, 9.95, 'A+', 4.0, TRUE),
    (326, 'HV025', '662151', 'Dương Đức Bình', 'MH027', 'PHY923', 'Open-architected coherent system engine', 3, 'HK012', 'Học kỳ hè Năm học 2024-2025', 'LHP017', 9.75, 9.0, 9.75, 9.6, 'A+', 4.0, TRUE),
    (327, 'HV032', '653109', 'Lý Ngọc Xuân', 'MH072', 'MATH596', 'Programmable context-sensitive productivity', 4, 'HK006', 'Học kỳ hè Năm học 2022-2023', 'LHP024', 7.25, 8.5, 9.0, 8.72, 'A', 4.0, TRUE),
    (328, 'HV016', '642794', 'Đặng Tuấn Yến', 'MH007', 'IT302', 'Trí tuệ nhân tạo', 3, 'HK010', 'Học kỳ 1 Năm học 2024-2025', 'LHP015', 8.0, 10.0, 8.25, 8.57, 'A', 4.0, TRUE),
    (329, 'HV042', '638542', 'Lý Hữu Dũng', 'MH044', 'CS954', 'Exclusive 24/7 function', 3, 'HK014', 'Học kỳ 2 Năm học 2025-2026', 'LHP036', 9.25, 8.5, 8.25, 8.4, 'B+', 3.5, TRUE),
    (330, 'HV009', '649863', 'Lý Hải Phương', 'MH038', 'CS970', 'Sharable demand-driven artificial intelligence', 2, 'HK011', 'Học kỳ 2 Năm học 2024-2025', 'LHP039', 10.0, 9.5, 10.0, 9.9, 'A+', 4.0, TRUE),
    (331, 'HV001', '666106', 'Dương Hải Giang', 'MH062', 'PHY115', 'Robust dynamic methodology', 4, 'HK008', 'Học kỳ 2 Năm học 2023-2024', 'LHP045', 9.75, 10.0, 9.25, 9.45, 'A+', 4.0, TRUE),
    (332, 'HV030', '638533', 'Phạm Thanh Tùng', 'MH066', 'CS582', 'Extended value-added functionalities', 2, 'HK011', 'Học kỳ 2 Năm học 2024-2025', 'LHP075', 6.0, 8.0, 7.5, 7.45, 'B', 3.0, TRUE),
    (333, 'HV011', '657145', 'Bùi Kim Linh', 'MH056', 'CHEM883', 'Object-based composite help-desk', 4, 'HK011', 'Học kỳ 2 Năm học 2024-2025', 'LHP053', 8.0, 7.5, 6.0, 6.5, 'C+', 2.5, TRUE),
    (334, 'HV030', '638533', 'Phạm Thanh Tùng', 'MH057', 'MATH111', 'Versatile didactic capacity', 2, 'HK011', 'Học kỳ 2 Năm học 2024-2025', 'LHP081', 7.5, 9.25, 7.5, 7.85, 'B', 3.0, TRUE),
    (335, 'HV035', '674894', 'Hồ Ngọc Tùng', 'MH025', 'CS200', 'Stand-alone value-added complexity', 2, 'HK009', 'Học kỳ hè Năm học 2023-2024', 'LHP119', 4.75, 6.75, 8.0, 7.42, 'B', 3.0, TRUE),
    (336, 'HV011', '657145', 'Bùi Kim Linh', 'MH077', 'CS400', 'Configurable context-sensitive functionalities', 4, 'HK004', 'Học kỳ 1 Năm học 2022-2023', 'LHP108', 7.0, 7.0, 7.75, 7.53, 'B', 3.0, TRUE),
    (337, 'HV038', '657859', 'Dương Quang Giang', 'MH074', 'PHY629', 'Realigned 5thgeneration knowledge user', 3, 'HK013', 'Học kỳ 1 Năm học 2025-2026', 'LHP060', 10.0, 9.0, 8.75, 8.93, 'A', 4.0, TRUE),
    (338, 'HV014', '672765', 'Ngô Thị Hương', 'MH006', 'IT301', 'Phát triển ứng dụng Web', 3, 'HK005', 'Học kỳ 2 Năm học 2022-2023', 'LHP030', 4.5, 7.25, 7.0, 6.8, 'C+', 2.5, TRUE),
    (339, 'HV018', '675392', 'Bùi Bảo Phương', 'MH019', 'QS101', 'Giáo dục Quốc phòng', 2, 'HK003', 'Học kỳ hè Năm học 2021-2022', 'LHP067', 8.25, 9.25, 8.0, 8.28, 'B+', 3.5, TRUE),
    (340, 'HV031', '632283', 'Trần Đức Anh', 'MH019', 'QS101', 'Giáo dục Quốc phòng', 2, 'HK009', 'Học kỳ hè Năm học 2023-2024', 'LHP046', 8.5, 7.25, 6.25, 6.68, 'C+', 2.5, TRUE),
    (341, 'HV027', '649454', 'Lê Hải Em', 'MH077', 'CS400', 'Configurable context-sensitive functionalities', 4, 'HK004', 'Học kỳ 1 Năm học 2022-2023', 'LHP108', 8.75, 8.25, 7.75, 7.95, 'B', 3.0, TRUE),
    (342, 'HV012', '671537', 'Lê Thị Sơn', 'MH047', 'MATH710', 'Compatible value-added model', 4, 'HK002', 'Học kỳ 2 Năm học 2021-2022', 'LHP079', 7.25, 7.75, 8.0, 7.88, 'B', 3.0, TRUE),
    (343, 'HV031', '632283', 'Trần Đức Anh', 'MH016', 'NN102', 'Tiếng Anh học thuật', 3, 'HK007', 'Học kỳ 1 Năm học 2023-2024', 'LHP107', 8.25, 7.75, 7.25, 7.45, 'B', 3.0, TRUE),
    (344, 'HV036', '675486', 'Lý Ngọc Anh', 'MH049', 'MATH894', 'Multi-layered foreground installation', 2, 'HK010', 'Học kỳ 1 Năm học 2024-2025', 'LHP090', 10.0, 8.5, 7.5, 7.95, 'B', 3.0, TRUE),
    (345, 'HV046', '631135', 'Đặng Đức Bình', 'MH013', 'KT202', 'Tài chính doanh nghiệp', 3, 'HK012', 'Học kỳ hè Năm học 2024-2025', 'LHP110', 8.25, 8.75, 8.75, 8.7, 'A', 4.0, TRUE),
    (346, 'HV020', '654457', 'Đỗ Bảo Hương', 'MH037', 'PHY856', 'Customer-focused optimizing challenge', 2, 'HK004', 'Học kỳ 1 Năm học 2022-2023', 'LHP065', 6.75, 8.5, 8.0, 7.97, 'B', 3.0, TRUE),
    (347, 'HV049', '664675', 'Đặng Bảo Phúc', 'MH049', 'MATH894', 'Multi-layered foreground installation', 2, 'HK006', 'Học kỳ hè Năm học 2022-2023', 'LHP114', 8.5, 9.25, 7.75, 8.12, 'B+', 3.5, TRUE),
    (348, 'HV010', '663199', 'Ngô Đức Linh', 'MH002', 'IT102', 'Lập trình cơ bản', 4, 'HK012', 'Học kỳ hè Năm học 2024-2025', 'LHP072', 5.75, 8.25, 7.5, 7.47, 'B', 3.0, TRUE),
    (349, 'HV040', '654048', 'Đặng Hữu Yến', 'MH069', 'MATH861', 'Re-engineered discrete artificial intelligence', 3, 'HK002', 'Học kỳ 2 Năm học 2021-2022', 'LHP076', 10.0, 9.5, 10.0, 9.9, 'A+', 4.0, TRUE),
    (350, 'HV012', '671537', 'Lê Thị Sơn', 'MH002', 'IT102', 'Lập trình cơ bản', 4, 'HK006', 'Học kỳ hè Năm học 2022-2023', 'LHP010', 7.25, 7.5, 7.5, 7.47, 'B', 3.0, TRUE),
    (351, 'HV017', '655647', 'Nguyễn Quang Em', 'MH020', 'QS102', 'Điều lệnh Quân đội', 2, 'HK011', 'Học kỳ 2 Năm học 2024-2025', 'LHP009', 7.75, 7.5, 8.0, 7.88, 'B', 3.0, TRUE),
    (352, 'HV029', '665364', 'Hồ Phương Yến', 'MH044', 'CS954', 'Exclusive 24/7 function', 3, 'HK004', 'Học kỳ 1 Năm học 2022-2023', 'LHP068', 7.75, 6.5, 7.25, 7.15, 'B', 3.0, TRUE),
    (353, 'HV019', '638860', 'Bùi Thanh Hạnh', 'MH018', 'NN202', 'Tiếng Trung cơ bản', 4, 'HK013', 'Học kỳ 1 Năm học 2025-2026', 'LHP113', 5.75, 7.75, 7.25, 7.2, 'B', 3.0, TRUE),
    (354, 'HV050', '651232', 'Dương Minh Em', 'MH016', 'NN102', 'Tiếng Anh học thuật', 3, 'HK007', 'Học kỳ 1 Năm học 2023-2024', 'LHP107', 9.5, 9.75, 10.0, 9.9, 'A+', 4.0, TRUE),
    (355, 'HV047', '657727', 'Đỗ Đức Việt', 'MH069', 'MATH861', 'Re-engineered discrete artificial intelligence', 3, 'HK008', 'Học kỳ 2 Năm học 2023-2024', 'LHP044', 4.0, 4.25, 4.0, 4.05, 'D', 1.0, FALSE),
    (356, 'HV010', '663199', 'Ngô Đức Linh', 'MH020', 'QS102', 'Điều lệnh Quân đội', 2, 'HK011', 'Học kỳ 2 Năm học 2024-2025', 'LHP009', 6.75, 5.5, 5.75, 5.8, 'C', 2.0, TRUE),
    (357, 'HV020', '654457', 'Đỗ Bảo Hương', 'MH018', 'NN202', 'Tiếng Trung cơ bản', 4, 'HK007', 'Học kỳ 1 Năm học 2023-2024', 'LHP092', 7.5, 8.0, 7.5, 7.6, 'B', 3.0, TRUE),
    (358, 'HV018', '675392', 'Bùi Bảo Phương', 'MH014', 'KT301', 'Kinh tế lượng', 3, 'HK005', 'Học kỳ 2 Năm học 2022-2023', 'LHP027', 9.0, 7.5, 8.0, 8.0, 'B+', 3.5, TRUE),
    (359, 'HV047', '657727', 'Đỗ Đức Việt', 'MH048', 'PHY701', 'Total web-enabled knowledge user', 2, 'HK006', 'Học kỳ hè Năm học 2022-2023', 'LHP085', 4.0, 4.0, 5.25, 4.88, 'D', 1.0, FALSE),
    (360, 'HV028', '655141', 'Lê Văn Linh', 'MH010', 'KT101', 'Kinh tế vi mô', 3, 'HK004', 'Học kỳ 1 Năm học 2022-2023', 'LHP116', 7.25, 8.5, 7.25, 7.5, 'B', 3.0, TRUE),
    (361, 'HV037', '666520', 'Ngô Bảo Hoa', 'MH009', 'IT304', 'An toàn và bảo mật thông tin', 3, 'HK006', 'Học kỳ hè Năm học 2022-2023', 'LHP057', 9.0, 8.0, 8.0, 8.1, 'B+', 3.5, TRUE),
    (362, 'HV019', '638860', 'Bùi Thanh Hạnh', 'MH037', 'PHY856', 'Customer-focused optimizing challenge', 2, 'HK009', 'Học kỳ hè Năm học 2023-2024', 'LHP093', 9.0, 7.0, 8.75, 8.43, 'B+', 3.5, TRUE),
    (363, 'HV030', '638533', 'Phạm Thanh Tùng', 'MH054', 'CHEM194', 'Face-to-face regional hierarchy', 3, 'HK011', 'Học kỳ 2 Năm học 2024-2025', 'LHP048', 8.25, 7.5, 7.75, 7.75, 'B', 3.0, TRUE),
    (364, 'HV045', '649143', 'Vũ Hải Giang', 'MH027', 'PHY923', 'Open-architected coherent system engine', 3, 'HK012', 'Học kỳ hè Năm học 2024-2025', 'LHP017', 8.0, 8.5, 7.75, 7.92, 'B', 3.0, TRUE),
    (365, 'HV004', '649110', 'Lý Ngọc Chiến', 'MH006', 'IT301', 'Phát triển ứng dụng Web', 3, 'HK006', 'Học kỳ hè Năm học 2022-2023', 'LHP001', 9.75, 9.0, 8.75, 8.9, 'A', 4.0, TRUE),
    (366, 'HV045', '649143', 'Vũ Hải Giang', 'MH013', 'KT202', 'Tài chính doanh nghiệp', 3, 'HK002', 'Học kỳ 2 Năm học 2021-2022', 'LHP025', 7.25, 7.75, 7.5, 7.53, 'B', 3.0, TRUE),
    (367, 'HV023', '646366', 'Đặng Đức Em', 'MH050', 'CHEM426', 'Quality-focused dedicated knowledgebase', 2, 'HK012', 'Học kỳ hè Năm học 2024-2025', 'LHP089', 9.25, 9.75, 10.0, 9.88, 'A+', 4.0, TRUE),
    (368, 'HV007', '678302', 'Dương Minh Sơn', 'MH064', 'PHY837', 'Operative didactic application', 3, 'HK006', 'Học kỳ hè Năm học 2022-2023', 'LHP014', 8.75, 7.25, 9.0, 8.62, 'A', 4.0, TRUE),
    (369, 'HV010', '663199', 'Ngô Đức Linh', 'MH010', 'KT101', 'Kinh tế vi mô', 3, 'HK009', 'Học kỳ hè Năm học 2023-2024', 'LHP038', 5.0, 6.75, 6.25, 6.22, 'C+', 2.5, TRUE),
    (370, 'HV009', '649863', 'Lý Hải Phương', 'MH059', 'MATH205', 'Compatible contextually-based encryption', 2, 'HK007', 'Học kỳ 1 Năm học 2023-2024', 'LHP117', 8.25, 9.0, 7.75, 8.05, 'B+', 3.5, TRUE),
    (371, 'HV047', '657727', 'Đỗ Đức Việt', 'MH010', 'KT101', 'Kinh tế vi mô', 3, 'HK010', 'Học kỳ 1 Năm học 2024-2025', 'LHP120', 5.25, 3.5, 2.75, 3.15, 'F', 0.0, FALSE),
    (372, 'HV041', '673296', 'Đặng Quang Chiến', 'MH032', 'CS591', 'Virtual human-resource knowledge user', 3, 'HK009', 'Học kỳ hè Năm học 2023-2024', 'LHP051', 10.0, 10.0, 10.0, 10.0, 'A+', 4.0, TRUE),
    (373, 'HV039', '643683', 'Dương Thanh Chiến', 'MH077', 'CS400', 'Configurable context-sensitive functionalities', 4, 'HK004', 'Học kỳ 1 Năm học 2022-2023', 'LHP108', 9.0, 10.0, 10.0, 9.9, 'A+', 4.0, TRUE),
    (374, 'HV020', '654457', 'Đỗ Bảo Hương', 'MH076', 'MATH782', 'Optional hybrid architecture', 2, 'HK001', 'Học kỳ 1 Năm học 2021-2022', 'LHP018', 5.5, 6.0, 5.25, 5.42, 'D+', 1.5, TRUE),
    (375, 'HV005', '679278', 'Bùi Ngọc Việt', 'MH017', 'NN201', 'Tiếng Anh chuyên ngành', 3, 'HK014', 'Học kỳ 2 Năm học 2025-2026', 'LHP103', 10.0, 8.0, 9.5, 9.25, 'A+', 4.0, TRUE),
    (376, 'HV019', '638860', 'Bùi Thanh Hạnh', 'MH027', 'PHY923', 'Open-architected coherent system engine', 3, 'HK012', 'Học kỳ hè Năm học 2024-2025', 'LHP017', 8.25, 8.0, 8.75, 8.55, 'A', 4.0, TRUE),
    (377, 'HV025', '662151', 'Dương Đức Bình', 'MH068', 'MATH295', 'Extended responsive access', 2, 'HK007', 'Học kỳ 1 Năm học 2023-2024', 'LHP026', 8.25, 9.75, 10.0, 9.78, 'A+', 4.0, TRUE),
    (378, 'HV043', '666202', 'Nguyễn Minh Phương', 'MH019', 'QS101', 'Giáo dục Quốc phòng', 2, 'HK005', 'Học kỳ 2 Năm học 2022-2023', 'LHP098', 10.0, 9.75, 10.0, 9.95, 'A+', 4.0, TRUE),
    (379, 'HV033', '665288', 'Phạm Bảo Sơn', 'MH041', 'CHEM375', 'Customer-focused next generation emulation', 2, 'HK006', 'Học kỳ hè Năm học 2022-2023', 'LHP011', 8.0, 7.0, 7.25, 7.27, 'B', 3.0, TRUE),
    (380, 'HV048', '677042', 'Trần Hữu Nguyệt', 'MH069', 'MATH861', 'Re-engineered discrete artificial intelligence', 3, 'HK008', 'Học kỳ 2 Năm học 2023-2024', 'LHP044', 7.0, 7.25, 6.5, 6.7, 'C+', 2.5, TRUE),
    (381, 'HV018', '675392', 'Bùi Bảo Phương', 'MH056', 'CHEM883', 'Object-based composite help-desk', 4, 'HK003', 'Học kỳ hè Năm học 2021-2022', 'LHP106', 10.0, 7.0, 9.75, 9.22, 'A+', 4.0, TRUE),
    (382, 'HV002', '637868', 'Lê Thanh Tùng', 'MH001', 'IT101', 'Nhập môn Công nghệ thông tin', 3, 'HK001', 'Học kỳ 1 Năm học 2021-2022', 'LHP049', 5.0, 6.25, 7.25, 6.82, 'C+', 2.5, TRUE),
    (383, 'HV025', '662151', 'Dương Đức Bình', 'MH019', 'QS101', 'Giáo dục Quốc phòng', 2, 'HK007', 'Học kỳ 1 Năm học 2023-2024', 'LHP084', 9.0, 9.0, 9.5, 9.35, 'A+', 4.0, TRUE),
    (384, 'HV016', '642794', 'Đặng Tuấn Yến', 'MH032', 'CS591', 'Virtual human-resource knowledge user', 3, 'HK009', 'Học kỳ hè Năm học 2023-2024', 'LHP051', 8.5, 9.25, 8.0, 8.3, 'B+', 3.5, TRUE),
    (385, 'HV027', '649454', 'Lê Hải Em', 'MH007', 'IT302', 'Trí tuệ nhân tạo', 3, 'HK015', 'Học kỳ hè Năm học 2025-2026', 'LHP070', 8.5, 9.75, 8.5, 8.75, 'A', 4.0, TRUE),
    (386, 'HV019', '638860', 'Bùi Thanh Hạnh', 'MH014', 'KT301', 'Kinh tế lượng', 3, 'HK005', 'Học kỳ 2 Năm học 2022-2023', 'LHP027', 8.0, 8.75, 7.5, 7.8, 'B', 3.0, TRUE),
    (387, 'HV032', '653109', 'Lý Ngọc Xuân', 'MH007', 'IT302', 'Trí tuệ nhân tạo', 3, 'HK010', 'Học kỳ 1 Năm học 2024-2025', 'LHP015', 8.25, 7.75, 8.0, 7.97, 'B', 3.0, TRUE),
    (388, 'HV012', '671537', 'Lê Thị Sơn', 'MH055', 'PHY515', 'Vision-oriented multi-tasking encryption', 2, 'HK004', 'Học kỳ 1 Năm học 2022-2023', 'LHP005', 6.5, 7.0, 7.0, 6.95, 'C+', 2.5, TRUE),
    (389, 'HV010', '663199', 'Ngô Đức Linh', 'MH041', 'CHEM375', 'Customer-focused next generation emulation', 2, 'HK006', 'Học kỳ hè Năm học 2022-2023', 'LHP011', 8.0, 7.25, 6.5, 6.8, 'C+', 2.5, TRUE),
    (390, 'HV041', '673296', 'Đặng Quang Chiến', 'MH062', 'PHY115', 'Robust dynamic methodology', 4, 'HK001', 'Học kỳ 1 Năm học 2021-2022', 'LHP115', 8.5, 9.25, 10.0, 9.7, 'A+', 4.0, TRUE),
    (391, 'HV015', '674571', 'Ngô Tuấn Nguyệt', 'MH021', 'QS201', 'Chiến thuật bộ binh', 3, 'HK014', 'Học kỳ 2 Năm học 2025-2026', 'LHP097', 8.0, 9.5, 9.25, 9.18, 'A+', 4.0, TRUE),
    (392, 'HV045', '649143', 'Vũ Hải Giang', 'MH071', 'PHY474', 'Function-based web-enabled matrices', 3, 'HK015', 'Học kỳ hè Năm học 2025-2026', 'LHP059', 7.5, 7.75, 7.5, 7.55, 'B', 3.0, TRUE),
    (393, 'HV049', '664675', 'Đặng Bảo Phúc', 'MH037', 'PHY856', 'Customer-focused optimizing challenge', 2, 'HK009', 'Học kỳ hè Năm học 2023-2024', 'LHP093', 9.5, 8.25, 9.25, 9.07, 'A+', 4.0, TRUE),
    (394, 'HV048', '677042', 'Trần Hữu Nguyệt', 'MH066', 'CS582', 'Extended value-added functionalities', 2, 'HK008', 'Học kỳ 2 Năm học 2023-2024', 'LHP031', 6.5, 7.0, 9.0, 8.35, 'B+', 3.5, TRUE),
    (395, 'HV046', '631135', 'Đặng Đức Bình', 'MH071', 'PHY474', 'Function-based web-enabled matrices', 3, 'HK015', 'Học kỳ hè Năm học 2025-2026', 'LHP059', 6.75, 7.0, 8.25, 7.85, 'B', 3.0, TRUE),
    (396, 'HV042', '638542', 'Lý Hữu Dũng', 'MH064', 'PHY837', 'Operative didactic application', 3, 'HK005', 'Học kỳ 2 Năm học 2022-2023', 'LHP069', 9.0, 7.75, 9.25, 8.93, 'A', 4.0, TRUE),
    (397, 'HV024', '669113', 'Hồ Hải Xuân', 'MH077', 'CS400', 'Configurable context-sensitive functionalities', 4, 'HK004', 'Học kỳ 1 Năm học 2022-2023', 'LHP108', 8.75, 8.0, 8.0, 8.07, 'B+', 3.5, TRUE),
    (398, 'HV004', '649110', 'Lý Ngọc Chiến', 'MH020', 'QS102', 'Điều lệnh Quân đội', 2, 'HK015', 'Học kỳ hè Năm học 2025-2026', 'LHP013', 8.5, 8.5, 8.75, 8.68, 'A', 4.0, TRUE),
    (399, 'HV007', '678302', 'Dương Minh Sơn', 'MH032', 'CS591', 'Virtual human-resource knowledge user', 3, 'HK009', 'Học kỳ hè Năm học 2023-2024', 'LHP051', 7.5, 8.5, 8.75, 8.57, 'A', 4.0, TRUE),
    (400, 'HV009', '649863', 'Lý Hải Phương', 'MH080', 'CS346', 'Synchronized web-enabled portal', 3, 'HK006', 'Học kỳ hè Năm học 2022-2023', 'LHP002', 9.0, 8.25, 8.75, 8.68, 'A', 4.0, TRUE),
    (401, 'HV039', '643683', 'Dương Thanh Chiến', 'MH057', 'MATH111', 'Versatile didactic capacity', 2, 'HK011', 'Học kỳ 2 Năm học 2024-2025', 'LHP081', 10.0, 9.5, 9.75, 9.72, 'A+', 4.0, TRUE),
    (402, 'HV028', '655141', 'Lê Văn Linh', 'MH042', 'MATH982', 'Right-sized real-time migration', 2, 'HK009', 'Học kỳ hè Năm học 2023-2024', 'LHP066', 7.25, 7.75, 7.5, 7.53, 'B', 3.0, TRUE),
    (403, 'HV017', '655647', 'Nguyễn Quang Em', 'MH069', 'MATH861', 'Re-engineered discrete artificial intelligence', 3, 'HK002', 'Học kỳ 2 Năm học 2021-2022', 'LHP076', 6.5, 8.0, 7.0, 7.15, 'B', 3.0, TRUE),
    (404, 'HV019', '638860', 'Bùi Thanh Hạnh', 'MH069', 'MATH861', 'Re-engineered discrete artificial intelligence', 3, 'HK008', 'Học kỳ 2 Năm học 2023-2024', 'LHP044', 10.0, 9.0, 7.75, 8.22, 'B+', 3.5, TRUE),
    (405, 'HV018', '675392', 'Bùi Bảo Phương', 'MH044', 'CS954', 'Exclusive 24/7 function', 3, 'HK004', 'Học kỳ 1 Năm học 2022-2023', 'LHP068', 9.5, 8.25, 8.0, 8.2, 'B+', 3.5, TRUE),
    (406, 'HV006', '648067', 'Đặng Văn Linh', 'MH014', 'KT301', 'Kinh tế lượng', 3, 'HK005', 'Học kỳ 2 Năm học 2022-2023', 'LHP027', 9.0, 8.75, 8.5, 8.6, 'A', 4.0, TRUE),
    (407, 'HV033', '665288', 'Phạm Bảo Sơn', 'MH030', 'CS133', 'Triple-buffered global matrix', 3, 'HK015', 'Học kỳ hè Năm học 2025-2026', 'LHP054', 8.25, 7.0, 5.75, 6.25, 'C+', 2.5, TRUE),
    (408, 'HV037', '666520', 'Ngô Bảo Hoa', 'MH074', 'PHY629', 'Realigned 5thgeneration knowledge user', 3, 'HK010', 'Học kỳ 1 Năm học 2024-2025', 'LHP061', 6.5, 7.0, 5.75, 6.07, 'C+', 2.5, TRUE),
    (409, 'HV030', '638533', 'Phạm Thanh Tùng', 'MH042', 'MATH982', 'Right-sized real-time migration', 2, 'HK009', 'Học kỳ hè Năm học 2023-2024', 'LHP066', 6.75, 9.0, 8.25, 8.25, 'B+', 3.5, TRUE),
    (410, 'HV044', '659654', 'Bùi Hữu Chiến', 'MH044', 'CS954', 'Exclusive 24/7 function', 3, 'HK014', 'Học kỳ 2 Năm học 2025-2026', 'LHP036', 8.0, 9.25, 8.75, 8.78, 'A', 4.0, TRUE),
    (411, 'HV025', '662151', 'Dương Đức Bình', 'MH050', 'CHEM426', 'Quality-focused dedicated knowledgebase', 2, 'HK012', 'Học kỳ hè Năm học 2024-2025', 'LHP089', 8.5, 10.0, 10.0, 9.85, 'A+', 4.0, TRUE),
    (412, 'HV022', '648919', 'Lý Thanh Giang', 'MH041', 'CHEM375', 'Customer-focused next generation emulation', 2, 'HK006', 'Học kỳ hè Năm học 2022-2023', 'LHP011', 7.75, 8.5, 8.75, 8.6, 'A', 4.0, TRUE),
    (413, 'HV005', '679278', 'Bùi Ngọc Việt', 'MH069', 'MATH861', 'Re-engineered discrete artificial intelligence', 3, 'HK001', 'Học kỳ 1 Năm học 2021-2022', 'LHP083', 10.0, 10.0, 8.5, 8.95, 'A', 4.0, TRUE),
    (414, 'HV046', '631135', 'Đặng Đức Bình', 'MH006', 'IT301', 'Phát triển ứng dụng Web', 3, 'HK002', 'Học kỳ 2 Năm học 2021-2022', 'LHP071', 8.75, 8.0, 6.5, 7.03, 'B', 3.0, TRUE),
    (415, 'HV010', '663199', 'Ngô Đức Linh', 'MH006', 'IT301', 'Phát triển ứng dụng Web', 3, 'HK006', 'Học kỳ hè Năm học 2022-2023', 'LHP001', 6.0, 7.0, 5.25, 5.67, 'C', 2.0, TRUE),
    (416, 'HV008', '656213', 'Ngô Đức Yến', 'MH049', 'MATH894', 'Multi-layered foreground installation', 2, 'HK006', 'Học kỳ hè Năm học 2022-2023', 'LHP114', 5.0, 5.5, 4.5, 4.75, 'D', 1.0, FALSE),
    (417, 'HV016', '642794', 'Đặng Tuấn Yến', 'MH010', 'KT101', 'Kinh tế vi mô', 3, 'HK010', 'Học kỳ 1 Năm học 2024-2025', 'LHP120', 8.25, 9.25, 8.5, 8.62, 'A', 4.0, TRUE),
    (418, 'HV037', '666520', 'Ngô Bảo Hoa', 'MH076', 'MATH782', 'Optional hybrid architecture', 2, 'HK001', 'Học kỳ 1 Năm học 2021-2022', 'LHP018', 6.75, 7.25, 6.75, 6.85, 'C+', 2.5, TRUE),
    (419, 'HV045', '649143', 'Vũ Hải Giang', 'MH023', 'MATH631', 'Reverse-engineered systemic methodology', 2, 'HK013', 'Học kỳ 1 Năm học 2025-2026', 'LHP109', 8.25, 7.25, 9.0, 8.57, 'A', 4.0, TRUE),
    (420, 'HV002', '637868', 'Lê Thanh Tùng', 'MH027', 'PHY923', 'Open-architected coherent system engine', 3, 'HK009', 'Học kỳ hè Năm học 2023-2024', 'LHP094', 5.5, 6.25, 6.75, 6.52, 'C+', 2.5, TRUE),
    (421, 'HV003', '674688', 'Bùi Phương Việt', 'MH002', 'IT102', 'Lập trình cơ bản', 4, 'HK012', 'Học kỳ hè Năm học 2024-2025', 'LHP099', 9.25, 8.0, 8.0, 8.12, 'B+', 3.5, TRUE),
    (422, 'HV027', '649454', 'Lê Hải Em', 'MH018', 'NN202', 'Tiếng Trung cơ bản', 4, 'HK013', 'Học kỳ 1 Năm học 2025-2026', 'LHP113', 9.25, 7.75, 8.75, 8.6, 'A', 4.0, TRUE),
    (423, 'HV024', '669113', 'Hồ Hải Xuân', 'MH007', 'IT302', 'Trí tuệ nhân tạo', 3, 'HK015', 'Học kỳ hè Năm học 2025-2026', 'LHP070', 8.75, 7.5, 7.5, 7.62, 'B', 3.0, TRUE),
    (424, 'HV042', '638542', 'Lý Hữu Dũng', 'MH017', 'NN201', 'Tiếng Anh chuyên ngành', 3, 'HK014', 'Học kỳ 2 Năm học 2025-2026', 'LHP103', 10.0, 8.5, 8.0, 8.3, 'B+', 3.5, TRUE),
    (425, 'HV008', '656213', 'Ngô Đức Yến', 'MH013', 'KT202', 'Tài chính doanh nghiệp', 3, 'HK013', 'Học kỳ 1 Năm học 2025-2026', 'LHP111', 4.0, 4.5, 4.25, 4.27, 'D', 1.0, FALSE),
    (426, 'HV003', '674688', 'Bùi Phương Việt', 'MH007', 'IT302', 'Trí tuệ nhân tạo', 3, 'HK010', 'Học kỳ 1 Năm học 2024-2025', 'LHP015', 8.5, 7.0, 8.0, 7.85, 'B', 3.0, TRUE),
    (427, 'HV040', '654048', 'Đặng Hữu Yến', 'MH066', 'CS582', 'Extended value-added functionalities', 2, 'HK011', 'Học kỳ 2 Năm học 2024-2025', 'LHP075', 10.0, 10.0, 10.0, 10.0, 'A+', 4.0, TRUE),
    (428, 'HV015', '674571', 'Ngô Tuấn Nguyệt', 'MH048', 'PHY701', 'Total web-enabled knowledge user', 2, 'HK006', 'Học kỳ hè Năm học 2022-2023', 'LHP085', 8.0, 8.75, 8.5, 8.5, 'A', 4.0, TRUE),
    (429, 'HV013', '643135', 'Đỗ Đức Sơn', 'MH009', 'IT304', 'An toàn và bảo mật thông tin', 3, 'HK006', 'Học kỳ hè Năm học 2022-2023', 'LHP057', 7.75, 7.25, 8.0, 7.82, 'B', 3.0, TRUE),
    (430, 'HV050', '651232', 'Dương Minh Em', 'MH038', 'CS970', 'Sharable demand-driven artificial intelligence', 2, 'HK011', 'Học kỳ 2 Năm học 2024-2025', 'LHP039', 10.0, 10.0, 8.75, 9.12, 'A+', 4.0, TRUE),
    (431, 'HV009', '649863', 'Lý Hải Phương', 'MH007', 'IT302', 'Trí tuệ nhân tạo', 3, 'HK010', 'Học kỳ 1 Năm học 2024-2025', 'LHP015', 8.75, 7.75, 7.75, 7.85, 'B', 3.0, TRUE),
    (432, 'HV006', '648067', 'Đặng Văn Linh', 'MH012', 'KT201', 'Nguyên lý kế toán', 4, 'HK012', 'Học kỳ hè Năm học 2024-2025', 'LHP118', 10.0, 10.0, 8.75, 9.12, 'A+', 4.0, TRUE),
    (433, 'HV039', '643683', 'Dương Thanh Chiến', 'MH071', 'PHY474', 'Function-based web-enabled matrices', 3, 'HK002', 'Học kỳ 2 Năm học 2021-2022', 'LHP087', 9.75, 10.0, 10.0, 9.97, 'A+', 4.0, TRUE),
    (434, 'HV041', '673296', 'Đặng Quang Chiến', 'MH056', 'CHEM883', 'Object-based composite help-desk', 4, 'HK010', 'Học kỳ 1 Năm học 2024-2025', 'LHP077', 8.25, 7.5, 8.25, 8.1, 'B+', 3.5, TRUE),
    (435, 'HV011', '657145', 'Bùi Kim Linh', 'MH066', 'CS582', 'Extended value-added functionalities', 2, 'HK008', 'Học kỳ 2 Năm học 2023-2024', 'LHP031', 7.5, 7.5, 7.25, 7.32, 'B', 3.0, TRUE),
    (436, 'HV046', '631135', 'Đặng Đức Bình', 'MH007', 'IT302', 'Trí tuệ nhân tạo', 3, 'HK015', 'Học kỳ hè Năm học 2025-2026', 'LHP070', 7.25, 6.25, 8.0, 7.57, 'B', 3.0, TRUE),
    (437, 'HV040', '654048', 'Đặng Hữu Yến', 'MH077', 'CS400', 'Configurable context-sensitive functionalities', 4, 'HK003', 'Học kỳ hè Năm học 2021-2022', 'LHP073', 10.0, 9.75, 10.0, 9.95, 'A+', 4.0, TRUE),
    (438, 'HV042', '638542', 'Lý Hữu Dũng', 'MH001', 'IT101', 'Nhập môn Công nghệ thông tin', 3, 'HK001', 'Học kỳ 1 Năm học 2021-2022', 'LHP049', 8.0, 8.75, 7.25, 7.62, 'B', 3.0, TRUE),
    (439, 'HV027', '649454', 'Lê Hải Em', 'MH013', 'KT202', 'Tài chính doanh nghiệp', 3, 'HK002', 'Học kỳ 2 Năm học 2021-2022', 'LHP025', 9.75, 7.5, 8.75, 8.6, 'A', 4.0, TRUE),
    (440, 'HV024', '669113', 'Hồ Hải Xuân', 'MH013', 'KT202', 'Tài chính doanh nghiệp', 3, 'HK002', 'Học kỳ 2 Năm học 2021-2022', 'LHP025', 9.25, 7.25, 7.5, 7.62, 'B', 3.0, TRUE),
    (441, 'HV036', '675486', 'Lý Ngọc Anh', 'MH062', 'PHY115', 'Robust dynamic methodology', 4, 'HK003', 'Học kỳ hè Năm học 2021-2022', 'LHP086', 10.0, 8.25, 7.75, 8.07, 'B+', 3.5, TRUE),
    (442, 'HV001', '666106', 'Dương Hải Giang', 'MH071', 'PHY474', 'Function-based web-enabled matrices', 3, 'HK015', 'Học kỳ hè Năm học 2025-2026', 'LHP059', 9.25, 9.0, 10.0, 9.72, 'A+', 4.0, TRUE),
    (443, 'HV005', '679278', 'Bùi Ngọc Việt', 'MH025', 'CS200', 'Stand-alone value-added complexity', 2, 'HK015', 'Học kỳ hè Năm học 2025-2026', 'LHP104', 9.0, 9.25, 9.25, 9.22, 'A+', 4.0, TRUE),
    (444, 'HV010', '663199', 'Ngô Đức Linh', 'MH077', 'CS400', 'Configurable context-sensitive functionalities', 4, 'HK002', 'Học kỳ 2 Năm học 2021-2022', 'LHP023', 6.25, 6.5, 6.5, 6.47, 'C+', 2.5, TRUE),
    (445, 'HV008', '656213', 'Ngô Đức Yến', 'MH020', 'QS102', 'Điều lệnh Quân đội', 2, 'HK015', 'Học kỳ hè Năm học 2025-2026', 'LHP013', 6.0, 4.25, 5.25, 5.12, 'D+', 1.5, TRUE),
    (446, 'HV031', '632283', 'Trần Đức Anh', 'MH040', 'CHEM131', 'Mandatory 3rdgeneration success', 2, 'HK011', 'Học kỳ 2 Năm học 2024-2025', 'LHP043', 7.25, 8.25, 7.75, 7.8, 'B', 3.0, TRUE),
    (447, 'HV033', '665288', 'Phạm Bảo Sơn', 'MH032', 'CS591', 'Virtual human-resource knowledge user', 3, 'HK009', 'Học kỳ hè Năm học 2023-2024', 'LHP051', 6.0, 8.75, 8.25, 8.12, 'B+', 3.5, TRUE),
    (448, 'HV004', '649110', 'Lý Ngọc Chiến', 'MH012', 'KT201', 'Nguyên lý kế toán', 4, 'HK002', 'Học kỳ 2 Năm học 2021-2022', 'LHP019', 9.75, 7.75, 8.25, 8.3, 'B+', 3.5, TRUE),
    (449, 'HV023', '646366', 'Đặng Đức Em', 'MH006', 'IT301', 'Phát triển ứng dụng Web', 3, 'HK006', 'Học kỳ hè Năm học 2022-2023', 'LHP001', 9.0, 9.25, 9.5, 9.4, 'A+', 4.0, TRUE),
    (450, 'HV004', '649110', 'Lý Ngọc Chiến', 'MH002', 'IT102', 'Lập trình cơ bản', 4, 'HK014', 'Học kỳ 2 Năm học 2025-2026', 'LHP088', 7.75, 8.5, 5.75, 6.5, 'C+', 2.5, TRUE),
    (451, 'HV002', '637868', 'Lê Thanh Tùng', 'MH010', 'KT101', 'Kinh tế vi mô', 3, 'HK001', 'Học kỳ 1 Năm học 2021-2022', 'LHP102', 8.5, 7.0, 6.5, 6.8, 'C+', 2.5, TRUE),
    (452, 'HV036', '675486', 'Lý Ngọc Anh', 'MH055', 'PHY515', 'Vision-oriented multi-tasking encryption', 2, 'HK004', 'Học kỳ 1 Năm học 2022-2023', 'LHP005', 9.75, 7.75, 9.25, 9.0, 'A+', 4.0, TRUE),
    (453, 'HV040', '654048', 'Đặng Hữu Yến', 'MH062', 'PHY115', 'Robust dynamic methodology', 4, 'HK001', 'Học kỳ 1 Năm học 2021-2022', 'LHP115', 10.0, 8.5, 9.0, 9.0, 'A+', 4.0, TRUE),
    (454, 'HV018', '675392', 'Bùi Bảo Phương', 'MH025', 'CS200', 'Stand-alone value-added complexity', 2, 'HK015', 'Học kỳ hè Năm học 2025-2026', 'LHP104', 8.75, 8.5, 7.25, 7.65, 'B', 3.0, TRUE),
    (455, 'HV005', '679278', 'Bùi Ngọc Việt', 'MH037', 'PHY856', 'Customer-focused optimizing challenge', 2, 'HK004', 'Học kỳ 1 Năm học 2022-2023', 'LHP065', 10.0, 8.5, 8.75, 8.82, 'A', 4.0, TRUE),
    (456, 'HV005', '679278', 'Bùi Ngọc Việt', 'MH038', 'CS970', 'Sharable demand-driven artificial intelligence', 2, 'HK014', 'Học kỳ 2 Năm học 2025-2026', 'LHP037', 9.75, 8.75, 9.5, 9.38, 'A+', 4.0, TRUE),
    (457, 'HV001', '666106', 'Dương Hải Giang', 'MH027', 'PHY923', 'Open-architected coherent system engine', 3, 'HK012', 'Học kỳ hè Năm học 2024-2025', 'LHP017', 10.0, 10.0, 10.0, 10.0, 'A+', 4.0, TRUE),
    (458, 'HV031', '632283', 'Trần Đức Anh', 'MH077', 'CS400', 'Configurable context-sensitive functionalities', 4, 'HK002', 'Học kỳ 2 Năm học 2021-2022', 'LHP023', 7.25, 7.5, 9.0, 8.53, 'A', 4.0, TRUE),
    (459, 'HV022', '648919', 'Lý Thanh Giang', 'MH012', 'KT201', 'Nguyên lý kế toán', 4, 'HK012', 'Học kỳ hè Năm học 2024-2025', 'LHP118', 8.0, 8.0, 7.5, 7.65, 'B', 3.0, TRUE),
    (460, 'HV004', '649110', 'Lý Ngọc Chiến', 'MH069', 'MATH861', 'Re-engineered discrete artificial intelligence', 3, 'HK008', 'Học kỳ 2 Năm học 2023-2024', 'LHP044', 8.5, 8.5, 7.75, 7.97, 'B', 3.0, TRUE),
    (461, 'HV037', '666520', 'Ngô Bảo Hoa', 'MH038', 'CS970', 'Sharable demand-driven artificial intelligence', 2, 'HK011', 'Học kỳ 2 Năm học 2024-2025', 'LHP039', 7.25, 5.75, 7.0, 6.77, 'C+', 2.5, TRUE),
    (462, 'HV027', '649454', 'Lê Hải Em', 'MH068', 'MATH295', 'Extended responsive access', 2, 'HK007', 'Học kỳ 1 Năm học 2023-2024', 'LHP026', 9.0, 9.5, 8.5, 8.75, 'A', 4.0, TRUE),
    (463, 'HV005', '679278', 'Bùi Ngọc Việt', 'MH054', 'CHEM194', 'Face-to-face regional hierarchy', 3, 'HK011', 'Học kỳ 2 Năm học 2024-2025', 'LHP048', 9.5, 9.5, 8.5, 8.8, 'A', 4.0, TRUE),
    (464, 'HV034', '633301', 'Trần Bảo Phương', 'MH041', 'CHEM375', 'Customer-focused next generation emulation', 2, 'HK006', 'Học kỳ hè Năm học 2022-2023', 'LHP011', 9.0, 8.25, 9.25, 9.03, 'A+', 4.0, TRUE),
    (465, 'HV046', '631135', 'Đặng Đức Bình', 'MH070', 'CHEM868', 'Public-key disintermediate methodology', 2, 'HK004', 'Học kỳ 1 Năm học 2022-2023', 'LHP096', 7.5, 7.25, 8.0, 7.8, 'B', 3.0, TRUE),
    (466, 'HV026', '661303', 'Bùi Kim Hoa', 'MH066', 'CS582', 'Extended value-added functionalities', 2, 'HK011', 'Học kỳ 2 Năm học 2024-2025', 'LHP075', 5.75, 5.75, 5.0, 5.22, 'D+', 1.5, TRUE),
    (467, 'HV047', '657727', 'Đỗ Đức Việt', 'MH019', 'QS101', 'Giáo dục Quốc phòng', 2, 'HK009', 'Học kỳ hè Năm học 2023-2024', 'LHP046', 4.0, 5.25, 4.75, 4.78, 'D', 1.0, FALSE),
    (468, 'HV028', '655141', 'Lê Văn Linh', 'MH039', 'PHY983', 'Enterprise-wide bottom-line benchmark', 2, 'HK005', 'Học kỳ 2 Năm học 2022-2023', 'LHP034', 7.0, 8.0, 7.25, 7.38, 'B', 3.0, TRUE),
    (469, 'HV006', '648067', 'Đặng Văn Linh', 'MH066', 'CS582', 'Extended value-added functionalities', 2, 'HK008', 'Học kỳ 2 Năm học 2023-2024', 'LHP031', 9.25, 9.0, 9.25, 9.2, 'A+', 4.0, TRUE),
    (470, 'HV012', '671537', 'Lê Thị Sơn', 'MH065', 'CHEM796', 'Stand-alone analyzing focus group', 2, 'HK002', 'Học kỳ 2 Năm học 2021-2022', 'LHP032', 7.25, 7.5, 8.25, 8.0, 'B+', 3.5, TRUE),
    (471, 'HV033', '665288', 'Phạm Bảo Sơn', 'MH027', 'PHY923', 'Open-architected coherent system engine', 3, 'HK009', 'Học kỳ hè Năm học 2023-2024', 'LHP094', 7.5, 6.25, 6.75, 6.72, 'C+', 2.5, TRUE),
    (472, 'HV018', '675392', 'Bùi Bảo Phương', 'MH071', 'PHY474', 'Function-based web-enabled matrices', 3, 'HK009', 'Học kỳ hè Năm học 2023-2024', 'LHP080', 10.0, 9.0, 8.25, 8.57, 'A', 4.0, TRUE),
    (473, 'HV041', '673296', 'Đặng Quang Chiến', 'MH077', 'CS400', 'Configurable context-sensitive functionalities', 4, 'HK003', 'Học kỳ hè Năm học 2021-2022', 'LHP073', 9.75, 10.0, 8.75, 9.1, 'A+', 4.0, TRUE),
    (474, 'HV021', '656727', 'Phạm Minh Nguyệt', 'MH044', 'CS954', 'Exclusive 24/7 function', 3, 'HK014', 'Học kỳ 2 Năm học 2025-2026', 'LHP036', 9.25, 10.0, 10.0, 9.93, 'A+', 4.0, TRUE),
    (475, 'HV040', '654048', 'Đặng Hữu Yến', 'MH080', 'CS346', 'Synchronized web-enabled portal', 3, 'HK007', 'Học kỳ 1 Năm học 2023-2024', 'LHP041', 10.0, 10.0, 10.0, 10.0, 'A+', 4.0, TRUE),
    (476, 'HV037', '666520', 'Ngô Bảo Hoa', 'MH002', 'IT102', 'Lập trình cơ bản', 4, 'HK012', 'Học kỳ hè Năm học 2024-2025', 'LHP072', 6.5, 6.5, 8.25, 7.72, 'B', 3.0, TRUE),
    (477, 'HV043', '666202', 'Nguyễn Minh Phương', 'MH074', 'PHY629', 'Realigned 5thgeneration knowledge user', 3, 'HK010', 'Học kỳ 1 Năm học 2024-2025', 'LHP061', 10.0, 10.0, 9.75, 9.82, 'A+', 4.0, TRUE),
    (478, 'HV015', '674571', 'Ngô Tuấn Nguyệt', 'MH062', 'PHY115', 'Robust dynamic methodology', 4, 'HK008', 'Học kỳ 2 Năm học 2023-2024', 'LHP045', 8.0, 8.5, 8.25, 8.27, 'B+', 3.5, TRUE),
    (479, 'HV037', '666520', 'Ngô Bảo Hoa', 'MH017', 'NN201', 'Tiếng Anh chuyên ngành', 3, 'HK014', 'Học kỳ 2 Năm học 2025-2026', 'LHP103', 6.5, 6.5, 7.25, 7.02, 'B', 3.0, TRUE),
    (480, 'HV045', '649143', 'Vũ Hải Giang', 'MH006', 'IT301', 'Phát triển ứng dụng Web', 3, 'HK003', 'Học kỳ hè Năm học 2021-2022', 'LHP022', 7.25, 8.5, 7.25, 7.5, 'B', 3.0, TRUE),
    (481, 'HV028', '655141', 'Lê Văn Linh', 'MH080', 'CS346', 'Synchronized web-enabled portal', 3, 'HK007', 'Học kỳ 1 Năm học 2023-2024', 'LHP041', 7.75, 6.25, 7.0, 6.92, 'C+', 2.5, TRUE),
    (482, 'HV016', '642794', 'Đặng Tuấn Yến', 'MH059', 'MATH205', 'Compatible contextually-based encryption', 2, 'HK014', 'Học kỳ 2 Năm học 2025-2026', 'LHP020', 7.5, 9.25, 7.0, 7.5, 'B', 3.0, TRUE),
    (483, 'HV027', '649454', 'Lê Hải Em', 'MH017', 'NN201', 'Tiếng Anh chuyên ngành', 3, 'HK014', 'Học kỳ 2 Năm học 2025-2026', 'LHP103', 10.0, 8.25, 7.75, 8.07, 'B+', 3.5, TRUE),
    (484, 'HV032', '653109', 'Lý Ngọc Xuân', 'MH059', 'MATH205', 'Compatible contextually-based encryption', 2, 'HK007', 'Học kỳ 1 Năm học 2023-2024', 'LHP117', 8.25, 9.0, 8.75, 8.75, 'A', 4.0, TRUE),
    (485, 'HV049', '664675', 'Đặng Bảo Phúc', 'MH070', 'CHEM868', 'Public-key disintermediate methodology', 2, 'HK004', 'Học kỳ 1 Năm học 2022-2023', 'LHP096', 9.25, 9.0, 8.0, 8.32, 'B+', 3.5, TRUE),
    (486, 'HV008', '656213', 'Ngô Đức Yến', 'MH057', 'MATH111', 'Versatile didactic capacity', 2, 'HK011', 'Học kỳ 2 Năm học 2024-2025', 'LHP081', 5.25, 5.5, 4.75, 4.95, 'D', 1.0, FALSE),
    (487, 'HV016', '642794', 'Đặng Tuấn Yến', 'MH017', 'NN201', 'Tiếng Anh chuyên ngành', 3, 'HK014', 'Học kỳ 2 Năm học 2025-2026', 'LHP103', 8.5, 8.25, 9.25, 8.97, 'A', 4.0, TRUE),
    (488, 'HV021', '656727', 'Phạm Minh Nguyệt', 'MH010', 'KT101', 'Kinh tế vi mô', 3, 'HK010', 'Học kỳ 1 Năm học 2024-2025', 'LHP120', 8.5, 9.75, 10.0, 9.8, 'A+', 4.0, TRUE),
    (489, 'HV032', '653109', 'Lý Ngọc Xuân', 'MH056', 'CHEM883', 'Object-based composite help-desk', 4, 'HK011', 'Học kỳ 2 Năm học 2024-2025', 'LHP053', 6.25, 7.75, 8.0, 7.77, 'B', 3.0, TRUE),
    (490, 'HV045', '649143', 'Vũ Hải Giang', 'MH075', 'CHEM731', 'Stand-alone incremental functionalities', 4, 'HK005', 'Học kỳ 2 Năm học 2022-2023', 'LHP035', 9.25, 8.0, 9.0, 8.82, 'A', 4.0, TRUE),
    (491, 'HV032', '653109', 'Lý Ngọc Xuân', 'MH019', 'QS101', 'Giáo dục Quốc phòng', 2, 'HK005', 'Học kỳ 2 Năm học 2022-2023', 'LHP098', 8.0, 9.0, 5.75, 6.62, 'C+', 2.5, TRUE),
    (492, 'HV017', '655647', 'Nguyễn Quang Em', 'MH048', 'PHY701', 'Total web-enabled knowledge user', 2, 'HK006', 'Học kỳ hè Năm học 2022-2023', 'LHP085', 7.25, 7.5, 7.5, 7.47, 'B', 3.0, TRUE),
    (493, 'HV035', '674894', 'Hồ Ngọc Tùng', 'MH054', 'CHEM194', 'Face-to-face regional hierarchy', 3, 'HK011', 'Học kỳ 2 Năm học 2024-2025', 'LHP048', 7.25, 7.75, 8.25, 8.05, 'B+', 3.5, TRUE),
    (494, 'HV043', '666202', 'Nguyễn Minh Phương', 'MH012', 'KT201', 'Nguyên lý kế toán', 4, 'HK002', 'Học kỳ 2 Năm học 2021-2022', 'LHP019', 10.0, 10.0, 10.0, 10.0, 'A+', 4.0, TRUE),
    (495, 'HV040', '654048', 'Đặng Hữu Yến', 'MH019', 'QS101', 'Giáo dục Quốc phòng', 2, 'HK005', 'Học kỳ 2 Năm học 2022-2023', 'LHP098', 10.0, 10.0, 9.5, 9.65, 'A+', 4.0, TRUE),
    (496, 'HV008', '656213', 'Ngô Đức Yến', 'MH023', 'MATH631', 'Reverse-engineered systemic methodology', 2, 'HK013', 'Học kỳ 1 Năm học 2025-2026', 'LHP109', 7.0, 5.5, 4.5, 4.95, 'D', 1.0, FALSE),
    (497, 'HV036', '675486', 'Lý Ngọc Anh', 'MH007', 'IT302', 'Trí tuệ nhân tạo', 3, 'HK010', 'Học kỳ 1 Năm học 2024-2025', 'LHP015', 8.75, 9.25, 7.75, 8.15, 'B+', 3.5, TRUE),
    (498, 'HV015', '674571', 'Ngô Tuấn Nguyệt', 'MH014', 'KT301', 'Kinh tế lượng', 3, 'HK014', 'Học kỳ 2 Năm học 2025-2026', 'LHP095', 9.5, 9.5, 9.25, 9.32, 'A+', 4.0, TRUE),
    (499, 'HV026', '661303', 'Bùi Kim Hoa', 'MH010', 'KT101', 'Kinh tế vi mô', 3, 'HK004', 'Học kỳ 1 Năm học 2022-2023', 'LHP116', 5.25, 6.5, 4.75, 5.15, 'D+', 1.5, TRUE),
    (500, 'HV037', '666520', 'Ngô Bảo Hoa', 'MH006', 'IT301', 'Phát triển ứng dụng Web', 3, 'HK003', 'Học kỳ hè Năm học 2021-2022', 'LHP022', 7.25, 7.5, 6.5, 6.78, 'C+', 2.5, TRUE);

INSERT INTO diem (id, hoc_vien_id, ma_hv, ho_ten_hv, mon_hoc_id, ma_mon, ten_mon, so_tin_chi, hoc_ky_id, ten_hoc_ky, lop_hoc_phan_id, diem_chuyen_can, diem_thuong_xuyen, diem_thi, diem_tong_ket, diem_chu, diem_he4, dat) VALUES
    (501, 'HV039', '643683', 'Dương Thanh Chiến', 'MH076', 'MATH782', 'Optional hybrid architecture', 2, 'HK001', 'Học kỳ 1 Năm học 2021-2022', 'LHP018', 10.0, 10.0, 8.75, 9.12, 'A+', 4.0, TRUE),
    (502, 'HV027', '649454', 'Lê Hải Em', 'MH019', 'QS101', 'Giáo dục Quốc phòng', 2, 'HK009', 'Học kỳ hè Năm học 2023-2024', 'LHP046', 8.75, 9.25, 7.75, 8.15, 'B+', 3.5, TRUE),
    (503, 'HV027', '649454', 'Lê Hải Em', 'MH038', 'CS970', 'Sharable demand-driven artificial intelligence', 2, 'HK014', 'Học kỳ 2 Năm học 2025-2026', 'LHP037', 9.5, 9.0, 8.5, 8.7, 'A', 4.0, TRUE),
    (504, 'HV018', '675392', 'Bùi Bảo Phương', 'MH030', 'CS133', 'Triple-buffered global matrix', 3, 'HK014', 'Học kỳ 2 Năm học 2025-2026', 'LHP006', 9.25, 8.0, 8.25, 8.3, 'B+', 3.5, TRUE),
    (505, 'HV024', '669113', 'Hồ Hải Xuân', 'MH044', 'CS954', 'Exclusive 24/7 function', 3, 'HK014', 'Học kỳ 2 Năm học 2025-2026', 'LHP036', 8.5, 7.5, 9.75, 9.17, 'A+', 4.0, TRUE),
    (506, 'HV043', '666202', 'Nguyễn Minh Phương', 'MH037', 'PHY856', 'Customer-focused optimizing challenge', 2, 'HK009', 'Học kỳ hè Năm học 2023-2024', 'LHP093', 10.0, 10.0, 9.5, 9.65, 'A+', 4.0, TRUE),
    (507, 'HV003', '674688', 'Bùi Phương Việt', 'MH013', 'KT202', 'Tài chính doanh nghiệp', 3, 'HK012', 'Học kỳ hè Năm học 2024-2025', 'LHP110', 9.5, 8.75, 6.75, 7.42, 'B', 3.0, TRUE),
    (508, 'HV001', '666106', 'Dương Hải Giang', 'MH061', 'CS689', 'Total optimizing software', 2, 'HK015', 'Học kỳ hè Năm học 2025-2026', 'LHP008', 9.25, 10.0, 10.0, 9.93, 'A+', 4.0, TRUE),
    (509, 'HV036', '675486', 'Lý Ngọc Anh', 'MH002', 'IT102', 'Lập trình cơ bản', 4, 'HK006', 'Học kỳ hè Năm học 2022-2023', 'LHP010', 8.25, 9.0, 8.5, 8.57, 'A', 4.0, TRUE),
    (510, 'HV035', '674894', 'Hồ Ngọc Tùng', 'MH016', 'NN102', 'Tiếng Anh học thuật', 3, 'HK007', 'Học kỳ 1 Năm học 2023-2024', 'LHP107', 7.5, 7.0, 8.75, 8.28, 'B+', 3.5, TRUE),
    (511, 'HV048', '677042', 'Trần Hữu Nguyệt', 'MH037', 'PHY856', 'Customer-focused optimizing challenge', 2, 'HK004', 'Học kỳ 1 Năm học 2022-2023', 'LHP065', 7.25, 7.0, 7.5, 7.38, 'B', 3.0, TRUE),
    (512, 'HV038', '657859', 'Dương Quang Giang', 'MH037', 'PHY856', 'Customer-focused optimizing challenge', 2, 'HK004', 'Học kỳ 1 Năm học 2022-2023', 'LHP065', 10.0, 10.0, 9.75, 9.82, 'A+', 4.0, TRUE),
    (513, 'HV007', '678302', 'Dương Minh Sơn', 'MH027', 'PHY923', 'Open-architected coherent system engine', 3, 'HK012', 'Học kỳ hè Năm học 2024-2025', 'LHP017', 8.25, 7.25, 8.75, 8.4, 'B+', 3.5, TRUE),
    (514, 'HV027', '649454', 'Lê Hải Em', 'MH020', 'QS102', 'Điều lệnh Quân đội', 2, 'HK011', 'Học kỳ 2 Năm học 2024-2025', 'LHP009', 10.0, 8.25, 7.75, 8.07, 'B+', 3.5, TRUE),
    (515, 'HV042', '638542', 'Lý Hữu Dũng', 'MH069', 'MATH861', 'Re-engineered discrete artificial intelligence', 3, 'HK002', 'Học kỳ 2 Năm học 2021-2022', 'LHP076', 7.5, 9.25, 7.75, 8.03, 'B+', 3.5, TRUE),
    (516, 'HV048', '677042', 'Trần Hữu Nguyệt', 'MH053', 'CS920', 'Diverse systematic service-desk', 3, 'HK003', 'Học kỳ hè Năm học 2021-2022', 'LHP100', 8.75, 7.5, 7.25, 7.45, 'B', 3.0, TRUE),
    (517, 'HV007', '678302', 'Dương Minh Sơn', 'MH070', 'CHEM868', 'Public-key disintermediate methodology', 2, 'HK004', 'Học kỳ 1 Năm học 2022-2023', 'LHP096', 9.0, 9.5, 8.0, 8.4, 'B+', 3.5, TRUE),
    (518, 'HV020', '654457', 'Đỗ Bảo Hương', 'MH006', 'IT301', 'Phát triển ứng dụng Web', 3, 'HK007', 'Học kỳ 1 Năm học 2023-2024', 'LHP040', 6.75, 7.5, 8.25, 7.95, 'B', 3.0, TRUE),
    (519, 'HV047', '657727', 'Đỗ Đức Việt', 'MH047', 'MATH710', 'Compatible value-added model', 4, 'HK002', 'Học kỳ 2 Năm học 2021-2022', 'LHP079', 4.0, 3.5, 3.0, 3.2, 'F', 0.0, FALSE),
    (520, 'HV017', '655647', 'Nguyễn Quang Em', 'MH038', 'CS970', 'Sharable demand-driven artificial intelligence', 2, 'HK014', 'Học kỳ 2 Năm học 2025-2026', 'LHP037', 6.5, 7.5, 6.5, 6.7, 'C+', 2.5, TRUE),
    (521, 'HV016', '642794', 'Đặng Tuấn Yến', 'MH069', 'MATH861', 'Re-engineered discrete artificial intelligence', 3, 'HK008', 'Học kỳ 2 Năm học 2023-2024', 'LHP044', 8.0, 9.0, 7.75, 8.03, 'B+', 3.5, TRUE),
    (522, 'HV018', '675392', 'Bùi Bảo Phương', 'MH027', 'PHY923', 'Open-architected coherent system engine', 3, 'HK012', 'Học kỳ hè Năm học 2024-2025', 'LHP017', 7.5, 8.75, 9.75, 9.32, 'A+', 4.0, TRUE),
    (523, 'HV006', '648067', 'Đặng Văn Linh', 'MH059', 'MATH205', 'Compatible contextually-based encryption', 2, 'HK014', 'Học kỳ 2 Năm học 2025-2026', 'LHP020', 9.5, 9.25, 10.0, 9.8, 'A+', 4.0, TRUE),
    (524, 'HV048', '677042', 'Trần Hữu Nguyệt', 'MH077', 'CS400', 'Configurable context-sensitive functionalities', 4, 'HK004', 'Học kỳ 1 Năm học 2022-2023', 'LHP108', 6.75, 7.75, 7.75, 7.65, 'B', 3.0, TRUE),
    (525, 'HV047', '657727', 'Đỗ Đức Việt', 'MH064', 'PHY837', 'Operative didactic application', 3, 'HK006', 'Học kỳ hè Năm học 2022-2023', 'LHP014', 4.0, 4.75, 3.75, 3.98, 'F', 0.0, FALSE),
    (526, 'HV012', '671537', 'Lê Thị Sơn', 'MH010', 'KT101', 'Kinh tế vi mô', 3, 'HK001', 'Học kỳ 1 Năm học 2021-2022', 'LHP102', 8.0, 7.25, 6.25, 6.62, 'C+', 2.5, TRUE),
    (527, 'HV026', '661303', 'Bùi Kim Hoa', 'MH039', 'PHY983', 'Enterprise-wide bottom-line benchmark', 2, 'HK005', 'Học kỳ 2 Năm học 2022-2023', 'LHP034', 4.0, 5.5, 5.25, 5.17, 'D+', 1.5, TRUE),
    (528, 'HV047', '657727', 'Đỗ Đức Việt', 'MH007', 'IT302', 'Trí tuệ nhân tạo', 3, 'HK010', 'Học kỳ 1 Năm học 2024-2025', 'LHP015', 6.0, 3.5, 3.75, 3.93, 'F', 0.0, FALSE),
    (529, 'HV038', '657859', 'Dương Quang Giang', 'MH069', 'MATH861', 'Re-engineered discrete artificial intelligence', 3, 'HK008', 'Học kỳ 2 Năm học 2023-2024', 'LHP044', 10.0, 9.75, 9.25, 9.43, 'A+', 4.0, TRUE),
    (530, 'HV026', '661303', 'Bùi Kim Hoa', 'MH078', 'CS417', 'Synchronized tertiary open system', 3, 'HK009', 'Học kỳ hè Năm học 2023-2024', 'LHP062', 4.0, 5.0, 7.0, 6.3, 'C+', 2.5, TRUE),
    (531, 'HV038', '657859', 'Dương Quang Giang', 'MH028', 'CS651', 'Public-key fresh-thinking function', 2, 'HK003', 'Học kỳ hè Năm học 2021-2022', 'LHP082', 10.0, 10.0, 9.0, 9.3, 'A+', 4.0, TRUE),
    (532, 'HV008', '656213', 'Ngô Đức Yến', 'MH030', 'CS133', 'Triple-buffered global matrix', 3, 'HK014', 'Học kỳ 2 Năm học 2025-2026', 'LHP006', 6.25, 6.5, 4.75, 5.25, 'D+', 1.5, TRUE),
    (533, 'HV047', '657727', 'Đỗ Đức Việt', 'MH062', 'PHY115', 'Robust dynamic methodology', 4, 'HK001', 'Học kỳ 1 Năm học 2021-2022', 'LHP115', 4.0, 3.5, 3.5, 3.55, 'F', 0.0, FALSE),
    (534, 'HV020', '654457', 'Đỗ Bảo Hương', 'MH048', 'PHY701', 'Total web-enabled knowledge user', 2, 'HK006', 'Học kỳ hè Năm học 2022-2023', 'LHP085', 7.5, 6.25, 6.5, 6.55, 'C+', 2.5, TRUE),
    (535, 'HV029', '665364', 'Hồ Phương Yến', 'MH013', 'KT202', 'Tài chính doanh nghiệp', 3, 'HK012', 'Học kỳ hè Năm học 2024-2025', 'LHP110', 7.25, 7.5, 7.25, 7.3, 'B', 3.0, TRUE),
    (536, 'HV042', '638542', 'Lý Hữu Dũng', 'MH062', 'PHY115', 'Robust dynamic methodology', 4, 'HK003', 'Học kỳ hè Năm học 2021-2022', 'LHP086', 8.75, 7.5, 8.25, 8.15, 'B+', 3.5, TRUE),
    (537, 'HV004', '649110', 'Lý Ngọc Chiến', 'MH071', 'PHY474', 'Function-based web-enabled matrices', 3, 'HK015', 'Học kỳ hè Năm học 2025-2026', 'LHP059', 7.0, 9.0, 9.0, 8.8, 'A', 4.0, TRUE),
    (538, 'HV005', '679278', 'Bùi Ngọc Việt', 'MH014', 'KT301', 'Kinh tế lượng', 3, 'HK015', 'Học kỳ hè Năm học 2025-2026', 'LHP063', 8.25, 9.75, 9.75, 9.6, 'A+', 4.0, TRUE),
    (539, 'HV025', '662151', 'Dương Đức Bình', 'MH016', 'NN102', 'Tiếng Anh học thuật', 3, 'HK007', 'Học kỳ 1 Năm học 2023-2024', 'LHP107', 10.0, 10.0, 8.0, 8.6, 'A', 4.0, TRUE),
    (540, 'HV026', '661303', 'Bùi Kim Hoa', 'MH037', 'PHY856', 'Customer-focused optimizing challenge', 2, 'HK009', 'Học kỳ hè Năm học 2023-2024', 'LHP093', 5.5, 5.5, 4.25, 4.62, 'D', 1.0, FALSE),
    (541, 'HV003', '674688', 'Bùi Phương Việt', 'MH010', 'KT101', 'Kinh tế vi mô', 3, 'HK001', 'Học kỳ 1 Năm học 2021-2022', 'LHP102', 8.0, 8.75, 8.5, 8.5, 'A', 4.0, TRUE),
    (542, 'HV029', '665364', 'Hồ Phương Yến', 'MH019', 'QS101', 'Giáo dục Quốc phòng', 2, 'HK003', 'Học kỳ hè Năm học 2021-2022', 'LHP067', 8.0, 7.75, 7.0, 7.25, 'B', 3.0, TRUE),
    (543, 'HV005', '679278', 'Bùi Ngọc Việt', 'MH076', 'MATH782', 'Optional hybrid architecture', 2, 'HK001', 'Học kỳ 1 Năm học 2021-2022', 'LHP018', 8.5, 10.0, 9.25, 9.32, 'A+', 4.0, TRUE),
    (544, 'HV049', '664675', 'Đặng Bảo Phúc', 'MH077', 'CS400', 'Configurable context-sensitive functionalities', 4, 'HK004', 'Học kỳ 1 Năm học 2022-2023', 'LHP108', 9.25, 8.25, 8.5, 8.52, 'A', 4.0, TRUE),
    (545, 'HV040', '654048', 'Đặng Hữu Yến', 'MH074', 'PHY629', 'Realigned 5thgeneration knowledge user', 3, 'HK010', 'Học kỳ 1 Năm học 2024-2025', 'LHP061', 10.0, 10.0, 9.75, 9.82, 'A+', 4.0, TRUE),
    (546, 'HV033', '665288', 'Phạm Bảo Sơn', 'MH077', 'CS400', 'Configurable context-sensitive functionalities', 4, 'HK013', 'Học kỳ 1 Năm học 2025-2026', 'LHP052', 7.0, 6.75, 8.0, 7.65, 'B', 3.0, TRUE),
    (547, 'HV017', '655647', 'Nguyễn Quang Em', 'MH076', 'MATH782', 'Optional hybrid architecture', 2, 'HK001', 'Học kỳ 1 Năm học 2021-2022', 'LHP018', 8.5, 6.75, 7.0, 7.1, 'B', 3.0, TRUE),
    (548, 'HV031', '632283', 'Trần Đức Anh', 'MH062', 'PHY115', 'Robust dynamic methodology', 4, 'HK001', 'Học kỳ 1 Năm học 2021-2022', 'LHP115', 7.25, 8.0, 7.5, 7.58, 'B', 3.0, TRUE),
    (549, 'HV041', '673296', 'Đặng Quang Chiến', 'MH040', 'CHEM131', 'Mandatory 3rdgeneration success', 2, 'HK011', 'Học kỳ 2 Năm học 2024-2025', 'LHP043', 8.75, 9.0, 7.75, 8.1, 'B+', 3.5, TRUE),
    (550, 'HV027', '649454', 'Lê Hải Em', 'MH049', 'MATH894', 'Multi-layered foreground installation', 2, 'HK006', 'Học kỳ hè Năm học 2022-2023', 'LHP114', 7.5, 9.5, 8.25, 8.43, 'B+', 3.5, TRUE),
    (551, 'HV003', '674688', 'Bùi Phương Việt', 'MH041', 'CHEM375', 'Customer-focused next generation emulation', 2, 'HK006', 'Học kỳ hè Năm học 2022-2023', 'LHP011', 8.5, 9.0, 7.25, 7.72, 'B', 3.0, TRUE),
    (552, 'HV044', '659654', 'Bùi Hữu Chiến', 'MH059', 'MATH205', 'Compatible contextually-based encryption', 2, 'HK014', 'Học kỳ 2 Năm học 2025-2026', 'LHP020', 9.75, 8.75, 8.25, 8.5, 'A', 4.0, TRUE),
    (553, 'HV006', '648067', 'Đặng Văn Linh', 'MH019', 'QS101', 'Giáo dục Quốc phòng', 2, 'HK005', 'Học kỳ 2 Năm học 2022-2023', 'LHP098', 7.75, 10.0, 10.0, 9.78, 'A+', 4.0, TRUE),
    (554, 'HV042', '638542', 'Lý Hữu Dũng', 'MH019', 'QS101', 'Giáo dục Quốc phòng', 2, 'HK003', 'Học kỳ hè Năm học 2021-2022', 'LHP067', 7.0, 8.75, 9.0, 8.75, 'A', 4.0, TRUE),
    (555, 'HV025', '662151', 'Dương Đức Bình', 'MH013', 'KT202', 'Tài chính doanh nghiệp', 3, 'HK012', 'Học kỳ hè Năm học 2024-2025', 'LHP110', 9.25, 9.25, 9.0, 9.07, 'A+', 4.0, TRUE),
    (556, 'HV040', '654048', 'Đặng Hữu Yến', 'MH054', 'CHEM194', 'Face-to-face regional hierarchy', 3, 'HK010', 'Học kỳ 1 Năm học 2024-2025', 'LHP058', 8.25, 10.0, 8.0, 8.43, 'B+', 3.5, TRUE),
    (557, 'HV035', '674894', 'Hồ Ngọc Tùng', 'MH012', 'KT201', 'Nguyên lý kế toán', 4, 'HK002', 'Học kỳ 2 Năm học 2021-2022', 'LHP019', 6.5, 8.0, 7.25, 7.32, 'B', 3.0, TRUE),
    (558, 'HV040', '654048', 'Đặng Hữu Yến', 'MH040', 'CHEM131', 'Mandatory 3rdgeneration success', 2, 'HK002', 'Học kỳ 2 Năm học 2021-2022', 'LHP056', 9.0, 10.0, 8.75, 9.03, 'A+', 4.0, TRUE),
    (559, 'HV047', '657727', 'Đỗ Đức Việt', 'MH006', 'IT301', 'Phát triển ứng dụng Web', 3, 'HK005', 'Học kỳ 2 Năm học 2022-2023', 'LHP030', 4.5, 4.5, 4.25, 4.32, 'D', 1.0, FALSE),
    (560, 'HV010', '663199', 'Ngô Đức Linh', 'MH031', 'CS922', 'Enterprise-wide leadingedge encoding', 4, 'HK003', 'Học kỳ hè Năm học 2021-2022', 'LHP033', 5.75, 7.75, 6.5, 6.67, 'C+', 2.5, TRUE),
    (561, 'HV010', '663199', 'Ngô Đức Linh', 'MH025', 'CS200', 'Stand-alone value-added complexity', 2, 'HK015', 'Học kỳ hè Năm học 2025-2026', 'LHP104', 6.75, 6.75, 7.5, 7.28, 'B', 3.0, TRUE),
    (562, 'HV044', '659654', 'Bùi Hữu Chiến', 'MH056', 'CHEM883', 'Object-based composite help-desk', 4, 'HK011', 'Học kỳ 2 Năm học 2024-2025', 'LHP053', 10.0, 8.0, 8.0, 8.2, 'B+', 3.5, TRUE),
    (563, 'HV041', '673296', 'Đặng Quang Chiến', 'MH047', 'MATH710', 'Compatible value-added model', 4, 'HK014', 'Học kỳ 2 Năm học 2025-2026', 'LHP003', 9.5, 9.25, 8.0, 8.4, 'B+', 3.5, TRUE),
    (564, 'HV034', '633301', 'Trần Bảo Phương', 'MH078', 'CS417', 'Synchronized tertiary open system', 3, 'HK009', 'Học kỳ hè Năm học 2023-2024', 'LHP062', 8.5, 9.0, 8.25, 8.43, 'B+', 3.5, TRUE),
    (565, 'HV031', '632283', 'Trần Đức Anh', 'MH056', 'CHEM883', 'Object-based composite help-desk', 4, 'HK003', 'Học kỳ hè Năm học 2021-2022', 'LHP106', 7.75, 8.5, 8.0, 8.07, 'B+', 3.5, TRUE),
    (566, 'HV002', '637868', 'Lê Thanh Tùng', 'MH062', 'PHY115', 'Robust dynamic methodology', 4, 'HK003', 'Học kỳ hè Năm học 2021-2022', 'LHP086', 7.0, 4.0, 6.75, 6.22, 'C+', 2.5, TRUE),
    (567, 'HV046', '631135', 'Đặng Đức Bình', 'MH074', 'PHY629', 'Realigned 5thgeneration knowledge user', 3, 'HK013', 'Học kỳ 1 Năm học 2025-2026', 'LHP060', 8.5, 7.0, 8.25, 8.02, 'B+', 3.5, TRUE),
    (568, 'HV037', '666520', 'Ngô Bảo Hoa', 'MH013', 'KT202', 'Tài chính doanh nghiệp', 3, 'HK012', 'Học kỳ hè Năm học 2024-2025', 'LHP110', 7.0, 8.0, 7.25, 7.38, 'B', 3.0, TRUE),
    (569, 'HV024', '669113', 'Hồ Hải Xuân', 'MH027', 'PHY923', 'Open-architected coherent system engine', 3, 'HK012', 'Học kỳ hè Năm học 2024-2025', 'LHP017', 10.0, 10.0, 8.0, 8.6, 'A', 4.0, TRUE),
    (570, 'HV007', '678302', 'Dương Minh Sơn', 'MH069', 'MATH861', 'Re-engineered discrete artificial intelligence', 3, 'HK008', 'Học kỳ 2 Năm học 2023-2024', 'LHP044', 8.75, 7.75, 8.0, 8.02, 'B+', 3.5, TRUE),
    (571, 'HV004', '649110', 'Lý Ngọc Chiến', 'MH019', 'QS101', 'Giáo dục Quốc phòng', 2, 'HK009', 'Học kỳ hè Năm học 2023-2024', 'LHP046', 7.0, 6.5, 8.5, 7.95, 'B', 3.0, TRUE),
    (572, 'HV005', '679278', 'Bùi Ngọc Việt', 'MH077', 'CS400', 'Configurable context-sensitive functionalities', 4, 'HK002', 'Học kỳ 2 Năm học 2021-2022', 'LHP023', 10.0, 8.75, 9.25, 9.22, 'A+', 4.0, TRUE),
    (573, 'HV013', '643135', 'Đỗ Đức Sơn', 'MH018', 'NN202', 'Tiếng Trung cơ bản', 4, 'HK013', 'Học kỳ 1 Năm học 2025-2026', 'LHP113', 8.0, 7.5, 6.25, 6.67, 'C+', 2.5, TRUE),
    (574, 'HV041', '673296', 'Đặng Quang Chiến', 'MH020', 'QS102', 'Điều lệnh Quân đội', 2, 'HK012', 'Học kỳ hè Năm học 2024-2025', 'LHP007', 8.75, 8.25, 9.5, 9.18, 'A+', 4.0, TRUE),
    (575, 'HV024', '669113', 'Hồ Hải Xuân', 'MH030', 'CS133', 'Triple-buffered global matrix', 3, 'HK014', 'Học kỳ 2 Năm học 2025-2026', 'LHP006', 8.25, 6.75, 9.0, 8.47, 'B+', 3.5, TRUE),
    (576, 'HV027', '649454', 'Lê Hải Em', 'MH069', 'MATH861', 'Re-engineered discrete artificial intelligence', 3, 'HK008', 'Học kỳ 2 Năm học 2023-2024', 'LHP044', 8.75, 8.5, 8.5, 8.52, 'A', 4.0, TRUE),
    (577, 'HV021', '656727', 'Phạm Minh Nguyệt', 'MH077', 'CS400', 'Configurable context-sensitive functionalities', 4, 'HK003', 'Học kỳ hè Năm học 2021-2022', 'LHP073', 9.5, 9.5, 9.0, 9.15, 'A+', 4.0, TRUE),
    (578, 'HV030', '638533', 'Phạm Thanh Tùng', 'MH040', 'CHEM131', 'Mandatory 3rdgeneration success', 2, 'HK011', 'Học kỳ 2 Năm học 2024-2025', 'LHP043', 8.75, 8.5, 7.75, 8.0, 'B+', 3.5, TRUE),
    (579, 'HV012', '671537', 'Lê Thị Sơn', 'MH035', 'MATH316', 'Operative executive concept', 2, 'HK006', 'Học kỳ hè Năm học 2022-2023', 'LHP050', 5.0, 6.5, 7.25, 6.87, 'C+', 2.5, TRUE),
    (580, 'HV019', '638860', 'Bùi Thanh Hạnh', 'MH048', 'PHY701', 'Total web-enabled knowledge user', 2, 'HK006', 'Học kỳ hè Năm học 2022-2023', 'LHP085', 8.75, 10.0, 9.75, 9.7, 'A+', 4.0, TRUE),
    (581, 'HV013', '643135', 'Đỗ Đức Sơn', 'MH065', 'CHEM796', 'Stand-alone analyzing focus group', 2, 'HK002', 'Học kỳ 2 Năm học 2021-2022', 'LHP032', 7.5, 7.75, 8.5, 8.25, 'B+', 3.5, TRUE),
    (582, 'HV003', '674688', 'Bùi Phương Việt', 'MH048', 'PHY701', 'Total web-enabled knowledge user', 2, 'HK006', 'Học kỳ hè Năm học 2022-2023', 'LHP085', 9.25, 8.0, 8.75, 8.65, 'A', 4.0, TRUE),
    (583, 'HV018', '675392', 'Bùi Bảo Phương', 'MH005', 'IT203', 'Mạng máy tính', 3, 'HK002', 'Học kỳ 2 Năm học 2021-2022', 'LHP029', 8.0, 9.75, 8.5, 8.7, 'A', 4.0, TRUE),
    (584, 'HV047', '657727', 'Đỗ Đức Việt', 'MH018', 'NN202', 'Tiếng Trung cơ bản', 4, 'HK007', 'Học kỳ 1 Năm học 2023-2024', 'LHP092', 4.0, 4.0, 3.75, 3.83, 'F', 0.0, FALSE),
    (585, 'HV015', '674571', 'Ngô Tuấn Nguyệt', 'MH054', 'CHEM194', 'Face-to-face regional hierarchy', 3, 'HK010', 'Học kỳ 1 Năm học 2024-2025', 'LHP058', 8.5, 10.0, 9.0, 9.15, 'A+', 4.0, TRUE),
    (586, 'HV025', '662151', 'Dương Đức Bình', 'MH006', 'IT301', 'Phát triển ứng dụng Web', 3, 'HK002', 'Học kỳ 2 Năm học 2021-2022', 'LHP071', 9.0, 9.75, 8.5, 8.8, 'A', 4.0, TRUE),
    (587, 'HV019', '638860', 'Bùi Thanh Hạnh', 'MH049', 'MATH894', 'Multi-layered foreground installation', 2, 'HK006', 'Học kỳ hè Năm học 2022-2023', 'LHP114', 7.75, 7.25, 9.0, 8.53, 'A', 4.0, TRUE),
    (588, 'HV011', '657145', 'Bùi Kim Linh', 'MH014', 'KT301', 'Kinh tế lượng', 3, 'HK010', 'Học kỳ 1 Năm học 2024-2025', 'LHP064', 8.5, 7.5, 8.25, 8.12, 'B+', 3.5, TRUE),
    (589, 'HV028', '655141', 'Lê Văn Linh', 'MH071', 'PHY474', 'Function-based web-enabled matrices', 3, 'HK002', 'Học kỳ 2 Năm học 2021-2022', 'LHP087', 6.25, 8.75, 7.0, 7.27, 'B', 3.0, TRUE),
    (590, 'HV045', '649143', 'Vũ Hải Giang', 'MH077', 'CS400', 'Configurable context-sensitive functionalities', 4, 'HK003', 'Học kỳ hè Năm học 2021-2022', 'LHP073', 8.25, 9.0, 8.75, 8.75, 'A', 4.0, TRUE),
    (591, 'HV014', '672765', 'Ngô Thị Hương', 'MH018', 'NN202', 'Tiếng Trung cơ bản', 4, 'HK013', 'Học kỳ 1 Năm học 2025-2026', 'LHP113', 5.25, 5.5, 6.5, 6.17, 'C+', 2.5, TRUE),
    (592, 'HV001', '666106', 'Dương Hải Giang', 'MH020', 'QS102', 'Điều lệnh Quân đội', 2, 'HK015', 'Học kỳ hè Năm học 2025-2026', 'LHP013', 9.5, 9.0, 9.25, 9.22, 'A+', 4.0, TRUE),
    (593, 'HV013', '643135', 'Đỗ Đức Sơn', 'MH064', 'PHY837', 'Operative didactic application', 3, 'HK006', 'Học kỳ hè Năm học 2022-2023', 'LHP014', 8.75, 7.75, 7.25, 7.5, 'B', 3.0, TRUE),
    (594, 'HV005', '679278', 'Bùi Ngọc Việt', 'MH049', 'MATH894', 'Multi-layered foreground installation', 2, 'HK010', 'Học kỳ 1 Năm học 2024-2025', 'LHP090', 9.0, 10.0, 8.25, 8.67, 'A', 4.0, TRUE),
    (595, 'HV045', '649143', 'Vũ Hải Giang', 'MH007', 'IT302', 'Trí tuệ nhân tạo', 3, 'HK010', 'Học kỳ 1 Năm học 2024-2025', 'LHP015', 7.75, 8.0, 6.5, 6.92, 'C+', 2.5, TRUE),
    (596, 'HV040', '654048', 'Đặng Hữu Yến', 'MH014', 'KT301', 'Kinh tế lượng', 3, 'HK005', 'Học kỳ 2 Năm học 2022-2023', 'LHP027', 10.0, 9.75, 8.5, 8.9, 'A', 4.0, TRUE),
    (597, 'HV031', '632283', 'Trần Đức Anh', 'MH051', 'CHEM960', 'Distributed background forecast', 4, 'HK013', 'Học kỳ 1 Năm học 2025-2026', 'LHP101', 6.25, 7.25, 7.0, 6.97, 'C+', 2.5, TRUE),
    (598, 'HV018', '675392', 'Bùi Bảo Phương', 'MH002', 'IT102', 'Lập trình cơ bản', 4, 'HK014', 'Học kỳ 2 Năm học 2025-2026', 'LHP088', 8.25, 8.25, 7.5, 7.72, 'B', 3.0, TRUE),
    (599, 'HV040', '654048', 'Đặng Hữu Yến', 'MH020', 'QS102', 'Điều lệnh Quân đội', 2, 'HK012', 'Học kỳ hè Năm học 2024-2025', 'LHP007', 10.0, 10.0, 10.0, 10.0, 'A+', 4.0, TRUE),
    (600, 'HV033', '665288', 'Phạm Bảo Sơn', 'MH010', 'KT101', 'Kinh tế vi mô', 3, 'HK009', 'Học kỳ hè Năm học 2023-2024', 'LHP038', 7.0, 8.5, 8.0, 8.0, 'B+', 3.5, TRUE);

INSERT INTO ket_qua_hoc_ky (id, hoc_vien_id, ma_hv, ho_ten_hv, hoc_ky_id, ten_hoc_ky, gpa_hoc_ky_he4, gpa_tich_luy_he4, gpa_hoc_ky_he10, so_tc_dang_ky, so_tc_dat, so_tc_tich_luy, xep_loai, diem_ren_luyen, muc_canh_bao) VALUES
    ('KQ001', 'HV002', '637868', 'Lê Thanh Tùng', 'HK007', 'Học kỳ 1 Năm học 2023-2024', 2.69, 1.61, 6.7, 18, 13, 107, 'Khá', 79, 1),
    ('KQ002', 'HV050', '651232', 'Dương Minh Em', 'HK006', 'Học kỳ hè Năm học 2022-2023', 2.97, 3.4, 7.4, 17, 13, 92, 'Khá', 97, 0),
    ('KQ003', 'HV011', '657145', 'Bùi Kim Linh', 'HK010', 'Học kỳ 1 Năm học 2024-2025', 4.0, 2.32, 10.0, 13, 12, 122, 'Xuất sắc', 93, 1),
    ('KQ004', 'HV016', '642794', 'Đặng Tuấn Yến', 'HK010', 'Học kỳ 1 Năm học 2024-2025', 2.51, 2.88, 6.3, 16, 4, 83, 'Khá', 78, 2),
    ('KQ005', 'HV039', '643683', 'Dương Thanh Chiến', 'HK012', 'Học kỳ hè Năm học 2024-2025', 3.64, 4.0, 9.1, 10, 5, 62, 'Xuất sắc', 60, 2),
    ('KQ006', 'HV023', '646366', 'Đặng Đức Em', 'HK005', 'Học kỳ 2 Năm học 2022-2023', 4.0, 3.55, 10.0, 18, 3, 116, 'Xuất sắc', 74, 1),
    ('KQ007', 'HV012', '671537', 'Lê Thị Sơn', 'HK007', 'Học kỳ 1 Năm học 2023-2024', 2.83, 2.16, 7.1, 23, 6, 138, 'Khá', 61, 0),
    ('KQ008', 'HV007', '678302', 'Dương Minh Sơn', 'HK014', 'Học kỳ 2 Năm học 2025-2026', 3.42, 2.96, 8.6, 20, 15, 52, 'Giỏi', 75, 1),
    ('KQ009', 'HV038', '657859', 'Dương Quang Giang', 'HK009', 'Học kỳ hè Năm học 2023-2024', 3.01, 4.0, 7.5, 23, 23, 94, 'Khá', 98, 3),
    ('KQ010', 'HV007', '678302', 'Dương Minh Sơn', 'HK015', 'Học kỳ hè Năm học 2025-2026', 1.73, 2.96, 4.3, 10, 6, 52, 'Yếu', 68, 2),
    ('KQ011', 'HV021', '656727', 'Phạm Minh Nguyệt', 'HK013', 'Học kỳ 1 Năm học 2025-2026', 2.32, 3.88, 5.8, 12, 0, 70, 'Trung bình', 90, 3),
    ('KQ012', 'HV032', '653109', 'Lý Ngọc Xuân', 'HK011', 'Học kỳ 2 Năm học 2024-2025', 1.77, 2.4, 4.4, 18, 4, 116, 'Yếu', 55, 2),
    ('KQ013', 'HV010', '663199', 'Ngô Đức Linh', 'HK014', 'Học kỳ 2 Năm học 2025-2026', 2.67, 1.79, 6.7, 16, 16, 58, 'Khá', 58, 0),
    ('KQ014', 'HV021', '656727', 'Phạm Minh Nguyệt', 'HK008', 'Học kỳ 2 Năm học 2023-2024', 1.61, 3.88, 4.0, 15, 3, 70, 'Yếu', 74, 0),
    ('KQ015', 'HV046', '631135', 'Đặng Đức Bình', 'HK002', 'Học kỳ 2 Năm học 2021-2022', 2.84, 2.53, 7.1, 19, 17, 40, 'Khá', 66, 2),
    ('KQ016', 'HV014', '672765', 'Ngô Thị Hương', 'HK010', 'Học kỳ 1 Năm học 2024-2025', 3.94, 1.34, 9.8, 25, 8, 82, 'Xuất sắc', 77, 3),
    ('KQ017', 'HV049', '664675', 'Đặng Bảo Phúc', 'HK005', 'Học kỳ 2 Năm học 2022-2023', 3.6, 3.31, 9.0, 25, 0, 148, 'Xuất sắc', 99, 1),
    ('KQ018', 'HV006', '648067', 'Đặng Văn Linh', 'HK001', 'Học kỳ 1 Năm học 2021-2022', 2.24, 3.96, 5.6, 16, 15, 120, 'Trung bình', 68, 3),
    ('KQ019', 'HV019', '638860', 'Bùi Thanh Hạnh', 'HK014', 'Học kỳ 2 Năm học 2025-2026', 2.11, 2.72, 5.3, 24, 4, 97, 'Trung bình', 100, 2),
    ('KQ020', 'HV009', '649863', 'Lý Hải Phương', 'HK002', 'Học kỳ 2 Năm học 2021-2022', 3.25, 3.05, 8.1, 20, 0, 78, 'Giỏi', 85, 0),
    ('KQ021', 'HV007', '678302', 'Dương Minh Sơn', 'HK007', 'Học kỳ 1 Năm học 2023-2024', 2.51, 2.96, 6.3, 13, 13, 52, 'Khá', 75, 0),
    ('KQ022', 'HV004', '649110', 'Lý Ngọc Chiến', 'HK004', 'Học kỳ 1 Năm học 2022-2023', 2.49, 2.85, 6.2, 24, 8, 136, 'Trung bình', 82, 2),
    ('KQ023', 'HV048', '677042', 'Trần Hữu Nguyệt', 'HK014', 'Học kỳ 2 Năm học 2025-2026', 2.57, 2.49, 6.4, 21, 11, 32, 'Khá', 66, 2),
    ('KQ024', 'HV041', '673296', 'Đặng Quang Chiến', 'HK003', 'Học kỳ hè Năm học 2021-2022', 2.06, 3.44, 5.2, 18, 3, 40, 'Trung bình', 89, 3),
    ('KQ025', 'HV048', '677042', 'Trần Hữu Nguyệt', 'HK013', 'Học kỳ 1 Năm học 2025-2026', 3.55, 2.49, 8.9, 24, 15, 32, 'Giỏi', 95, 2),
    ('KQ026', 'HV033', '665288', 'Phạm Bảo Sơn', 'HK008', 'Học kỳ 2 Năm học 2023-2024', 3.89, 2.15, 9.7, 17, 12, 71, 'Xuất sắc', 82, 0),
    ('KQ027', 'HV024', '669113', 'Hồ Hải Xuân', 'HK003', 'Học kỳ hè Năm học 2021-2022', 3.57, 2.86, 8.9, 12, 6, 87, 'Giỏi', 61, 3),
    ('KQ028', 'HV007', '678302', 'Dương Minh Sơn', 'HK002', 'Học kỳ 2 Năm học 2021-2022', 2.75, 2.96, 6.9, 11, 3, 52, 'Khá', 75, 0),
    ('KQ029', 'HV029', '665364', 'Hồ Phương Yến', 'HK002', 'Học kỳ 2 Năm học 2021-2022', 1.6, 2.37, 4.0, 22, 18, 88, 'Yếu', 89, 2),
    ('KQ030', 'HV028', '655141', 'Lê Văn Linh', 'HK004', 'Học kỳ 1 Năm học 2022-2023', 2.08, 2.2, 5.2, 16, 5, 133, 'Trung bình', 55, 1),
    ('KQ031', 'HV001', '666106', 'Dương Hải Giang', 'HK012', 'Học kỳ hè Năm học 2024-2025', 2.58, 3.87, 6.5, 25, 7, 126, 'Khá', 76, 0),
    ('KQ032', 'HV002', '637868', 'Lê Thanh Tùng', 'HK015', 'Học kỳ hè Năm học 2025-2026', 1.58, 1.61, 4.0, 17, 9, 107, 'Yếu', 54, 2),
    ('KQ033', 'HV018', '675392', 'Bùi Bảo Phương', 'HK012', 'Học kỳ hè Năm học 2024-2025', 3.01, 2.96, 7.5, 11, 2, 86, 'Khá', 56, 1),
    ('KQ034', 'HV017', '655647', 'Nguyễn Quang Em', 'HK012', 'Học kỳ hè Năm học 2024-2025', 2.83, 2.16, 7.1, 20, 18, 113, 'Khá', 70, 0),
    ('KQ035', 'HV037', '666520', 'Ngô Bảo Hoa', 'HK002', 'Học kỳ 2 Năm học 2021-2022', 3.57, 1.82, 8.9, 24, 7, 55, 'Giỏi', 84, 0),
    ('KQ036', 'HV037', '666520', 'Ngô Bảo Hoa', 'HK008', 'Học kỳ 2 Năm học 2023-2024', 3.25, 1.82, 8.1, 10, 3, 55, 'Giỏi', 79, 0),
    ('KQ037', 'HV013', '643135', 'Đỗ Đức Sơn', 'HK012', 'Học kỳ hè Năm học 2024-2025', 1.79, 2.46, 4.5, 14, 4, 105, 'Yếu', 69, 0),
    ('KQ038', 'HV010', '663199', 'Ngô Đức Linh', 'HK012', 'Học kỳ hè Năm học 2024-2025', 2.55, 1.79, 6.4, 24, 14, 58, 'Khá', 60, 0),
    ('KQ039', 'HV028', '655141', 'Lê Văn Linh', 'HK011', 'Học kỳ 2 Năm học 2024-2025', 3.3, 2.2, 8.2, 17, 7, 133, 'Giỏi', 83, 3),
    ('KQ040', 'HV015', '674571', 'Ngô Tuấn Nguyệt', 'HK006', 'Học kỳ hè Năm học 2022-2023', 3.03, 3.44, 7.6, 21, 14, 119, 'Khá', 66, 3),
    ('KQ041', 'HV002', '637868', 'Lê Thanh Tùng', 'HK009', 'Học kỳ hè Năm học 2023-2024', 2.34, 1.61, 5.8, 19, 4, 107, 'Trung bình', 68, 2),
    ('KQ042', 'HV047', '657727', 'Đỗ Đức Việt', 'HK014', 'Học kỳ 2 Năm học 2025-2026', 3.06, 0.0, 7.7, 20, 2, 80, 'Khá', 56, 3),
    ('KQ043', 'HV048', '677042', 'Trần Hữu Nguyệt', 'HK010', 'Học kỳ 1 Năm học 2024-2025', 1.82, 2.49, 4.5, 20, 4, 32, 'Yếu', 64, 2),
    ('KQ044', 'HV033', '665288', 'Phạm Bảo Sơn', 'HK001', 'Học kỳ 1 Năm học 2021-2022', 1.47, 2.15, 3.7, 23, 6, 71, 'Yếu', 93, 1),
    ('KQ045', 'HV019', '638860', 'Bùi Thanh Hạnh', 'HK004', 'Học kỳ 1 Năm học 2022-2023', 3.29, 2.72, 8.2, 21, 16, 97, 'Giỏi', 88, 3),
    ('KQ046', 'HV001', '666106', 'Dương Hải Giang', 'HK013', 'Học kỳ 1 Năm học 2025-2026', 2.92, 3.87, 7.3, 19, 10, 126, 'Khá', 94, 1),
    ('KQ047', 'HV009', '649863', 'Lý Hải Phương', 'HK015', 'Học kỳ hè Năm học 2025-2026', 2.68, 3.05, 6.7, 12, 0, 78, 'Khá', 66, 3),
    ('KQ048', 'HV003', '674688', 'Bùi Phương Việt', 'HK009', 'Học kỳ hè Năm học 2023-2024', 3.5, 2.69, 8.8, 11, 2, 135, 'Giỏi', 74, 2),
    ('KQ049', 'HV001', '666106', 'Dương Hải Giang', 'HK014', 'Học kỳ 2 Năm học 2025-2026', 1.31, 3.87, 3.3, 11, 3, 126, 'Yếu', 57, 0),
    ('KQ050', 'HV044', '659654', 'Bùi Hữu Chiến', 'HK005', 'Học kỳ 2 Năm học 2022-2023', 3.89, 3.08, 9.7, 25, 20, 51, 'Xuất sắc', 88, 1),
    ('KQ051', 'HV040', '654048', 'Đặng Hữu Yến', 'HK003', 'Học kỳ hè Năm học 2021-2022', 2.5, 3.85, 6.2, 18, 4, 127, 'Khá', 76, 3),
    ('KQ052', 'HV044', '659654', 'Bùi Hữu Chiến', 'HK004', 'Học kỳ 1 Năm học 2022-2023', 3.19, 3.08, 8.0, 15, 9, 51, 'Khá', 84, 2),
    ('KQ053', 'HV024', '669113', 'Hồ Hải Xuân', 'HK014', 'Học kỳ 2 Năm học 2025-2026', 1.86, 2.86, 4.7, 11, 2, 87, 'Yếu', 55, 2),
    ('KQ054', 'HV024', '669113', 'Hồ Hải Xuân', 'HK013', 'Học kỳ 1 Năm học 2025-2026', 2.63, 2.86, 6.6, 20, 4, 87, 'Khá', 58, 2),
    ('KQ055', 'HV011', '657145', 'Bùi Kim Linh', 'HK006', 'Học kỳ hè Năm học 2022-2023', 3.1, 2.32, 7.8, 20, 17, 122, 'Khá', 79, 3),
    ('KQ056', 'HV049', '664675', 'Đặng Bảo Phúc', 'HK009', 'Học kỳ hè Năm học 2023-2024', 4.0, 3.31, 10.0, 19, 12, 148, 'Xuất sắc', 61, 3),
    ('KQ057', 'HV036', '675486', 'Lý Ngọc Anh', 'HK008', 'Học kỳ 2 Năm học 2023-2024', 3.56, 3.26, 8.9, 23, 23, 102, 'Giỏi', 74, 0),
    ('KQ058', 'HV012', '671537', 'Lê Thị Sơn', 'HK002', 'Học kỳ 2 Năm học 2021-2022', 2.39, 2.16, 6.0, 21, 13, 138, 'Trung bình', 50, 1),
    ('KQ059', 'HV004', '649110', 'Lý Ngọc Chiến', 'HK002', 'Học kỳ 2 Năm học 2021-2022', 4.0, 2.85, 10.0, 16, 10, 136, 'Xuất sắc', 59, 0),
    ('KQ060', 'HV042', '638542', 'Lý Hữu Dũng', 'HK001', 'Học kỳ 1 Năm học 2021-2022', 0.48, 2.96, 1.2, 24, 14, 55, 'Yếu', 85, 2),
    ('KQ061', 'HV018', '675392', 'Bùi Bảo Phương', 'HK005', 'Học kỳ 2 Năm học 2022-2023', 1.81, 2.96, 4.5, 14, 14, 86, 'Yếu', 98, 3),
    ('KQ062', 'HV037', '666520', 'Ngô Bảo Hoa', 'HK005', 'Học kỳ 2 Năm học 2022-2023', 2.41, 1.82, 6.0, 23, 18, 55, 'Trung bình', 89, 2),
    ('KQ063', 'HV035', '674894', 'Hồ Ngọc Tùng', 'HK015', 'Học kỳ hè Năm học 2025-2026', 3.03, 2.08, 7.6, 24, 7, 108, 'Khá', 60, 1),
    ('KQ064', 'HV032', '653109', 'Lý Ngọc Xuân', 'HK007', 'Học kỳ 1 Năm học 2023-2024', 3.17, 2.4, 7.9, 17, 5, 116, 'Khá', 70, 0),
    ('KQ065', 'HV018', '675392', 'Bùi Bảo Phương', 'HK002', 'Học kỳ 2 Năm học 2021-2022', 2.43, 2.96, 6.1, 22, 2, 86, 'Trung bình', 98, 1),
    ('KQ066', 'HV017', '655647', 'Nguyễn Quang Em', 'HK009', 'Học kỳ hè Năm học 2023-2024', 2.29, 2.16, 5.7, 19, 2, 113, 'Trung bình', 95, 3),
    ('KQ067', 'HV010', '663199', 'Ngô Đức Linh', 'HK006', 'Học kỳ hè Năm học 2022-2023', 3.36, 1.79, 8.4, 20, 10, 58, 'Giỏi', 50, 2),
    ('KQ068', 'HV027', '649454', 'Lê Hải Em', 'HK008', 'Học kỳ 2 Năm học 2023-2024', 2.5, 3.0, 6.2, 17, 8, 39, 'Khá', 55, 2),
    ('KQ069', 'HV038', '657859', 'Dương Quang Giang', 'HK008', 'Học kỳ 2 Năm học 2023-2024', 2.65, 4.0, 6.6, 16, 12, 94, 'Khá', 69, 3),
    ('KQ070', 'HV032', '653109', 'Lý Ngọc Xuân', 'HK004', 'Học kỳ 1 Năm học 2022-2023', 3.45, 2.4, 8.6, 22, 21, 116, 'Giỏi', 98, 1),
    ('KQ071', 'HV044', '659654', 'Bùi Hữu Chiến', 'HK007', 'Học kỳ 1 Năm học 2023-2024', 2.25, 3.08, 5.6, 19, 19, 51, 'Trung bình', 59, 0),
    ('KQ072', 'HV016', '642794', 'Đặng Tuấn Yến', 'HK004', 'Học kỳ 1 Năm học 2022-2023', 3.48, 2.88, 8.7, 10, 10, 83, 'Giỏi', 93, 3),
    ('KQ073', 'HV011', '657145', 'Bùi Kim Linh', 'HK002', 'Học kỳ 2 Năm học 2021-2022', 2.13, 2.32, 5.3, 17, 0, 122, 'Trung bình', 65, 1),
    ('KQ074', 'HV043', '666202', 'Nguyễn Minh Phương', 'HK011', 'Học kỳ 2 Năm học 2024-2025', 3.09, 4.0, 7.7, 12, 10, 55, 'Khá', 74, 0),
    ('KQ075', 'HV006', '648067', 'Đặng Văn Linh', 'HK008', 'Học kỳ 2 Năm học 2023-2024', 1.59, 3.96, 4.0, 21, 9, 120, 'Yếu', 65, 2),
    ('KQ076', 'HV040', '654048', 'Đặng Hữu Yến', 'HK015', 'Học kỳ hè Năm học 2025-2026', 4.0, 3.85, 10.0, 20, 3, 127, 'Xuất sắc', 60, 1),
    ('KQ077', 'HV003', '674688', 'Bùi Phương Việt', 'HK004', 'Học kỳ 1 Năm học 2022-2023', 1.18, 2.69, 2.9, 14, 4, 135, 'Yếu', 55, 1),
    ('KQ078', 'HV001', '666106', 'Dương Hải Giang', 'HK006', 'Học kỳ hè Năm học 2022-2023', 2.52, 3.87, 6.3, 24, 23, 126, 'Khá', 92, 0),
    ('KQ079', 'HV034', '633301', 'Trần Bảo Phương', 'HK014', 'Học kỳ 2 Năm học 2025-2026', 1.94, 3.37, 4.8, 15, 5, 107, 'Yếu', 97, 1),
    ('KQ080', 'HV030', '638533', 'Phạm Thanh Tùng', 'HK003', 'Học kỳ hè Năm học 2021-2022', 2.52, 2.39, 6.3, 12, 10, 122, 'Khá', 80, 3),
    ('KQ081', 'HV034', '633301', 'Trần Bảo Phương', 'HK005', 'Học kỳ 2 Năm học 2022-2023', 3.06, 3.37, 7.7, 16, 6, 107, 'Khá', 52, 0),
    ('KQ082', 'HV013', '643135', 'Đỗ Đức Sơn', 'HK013', 'Học kỳ 1 Năm học 2025-2026', 1.83, 2.46, 4.6, 13, 9, 105, 'Yếu', 82, 1),
    ('KQ083', 'HV004', '649110', 'Lý Ngọc Chiến', 'HK014', 'Học kỳ 2 Năm học 2025-2026', 4.0, 2.85, 10.0, 15, 7, 136, 'Xuất sắc', 72, 1),
    ('KQ084', 'HV037', '666520', 'Ngô Bảo Hoa', 'HK001', 'Học kỳ 1 Năm học 2021-2022', 1.08, 1.82, 2.7, 21, 1, 55, 'Yếu', 71, 1),
    ('KQ085', 'HV035', '674894', 'Hồ Ngọc Tùng', 'HK001', 'Học kỳ 1 Năm học 2021-2022', 2.63, 2.08, 6.6, 13, 6, 108, 'Khá', 85, 3),
    ('KQ086', 'HV042', '638542', 'Lý Hữu Dũng', 'HK007', 'Học kỳ 1 Năm học 2023-2024', 3.64, 2.96, 9.1, 11, 7, 55, 'Xuất sắc', 97, 1),
    ('KQ087', 'HV030', '638533', 'Phạm Thanh Tùng', 'HK010', 'Học kỳ 1 Năm học 2024-2025', 4.0, 2.39, 10.0, 20, 2, 122, 'Xuất sắc', 94, 3),
    ('KQ088', 'HV036', '675486', 'Lý Ngọc Anh', 'HK004', 'Học kỳ 1 Năm học 2022-2023', 3.76, 3.26, 9.4, 17, 10, 102, 'Xuất sắc', 80, 1),
    ('KQ089', 'HV014', '672765', 'Ngô Thị Hương', 'HK012', 'Học kỳ hè Năm học 2024-2025', 3.57, 1.34, 8.9, 24, 7, 82, 'Giỏi', 89, 2),
    ('KQ090', 'HV030', '638533', 'Phạm Thanh Tùng', 'HK015', 'Học kỳ hè Năm học 2025-2026', 2.08, 2.39, 5.2, 12, 4, 122, 'Trung bình', 59, 3),
    ('KQ091', 'HV040', '654048', 'Đặng Hữu Yến', 'HK002', 'Học kỳ 2 Năm học 2021-2022', 1.95, 3.85, 4.9, 24, 6, 127, 'Yếu', 93, 2),
    ('KQ092', 'HV019', '638860', 'Bùi Thanh Hạnh', 'HK005', 'Học kỳ 2 Năm học 2022-2023', 4.0, 2.72, 10.0, 24, 7, 97, 'Xuất sắc', 68, 1),
    ('KQ093', 'HV008', '656213', 'Ngô Đức Yến', 'HK008', 'Học kỳ 2 Năm học 2023-2024', 3.45, 0.91, 8.6, 11, 0, 59, 'Giỏi', 80, 1),
    ('KQ094', 'HV031', '632283', 'Trần Đức Anh', 'HK008', 'Học kỳ 2 Năm học 2023-2024', 2.63, 2.42, 6.6, 19, 5, 97, 'Khá', 57, 1),
    ('KQ095', 'HV047', '657727', 'Đỗ Đức Việt', 'HK009', 'Học kỳ hè Năm học 2023-2024', 2.37, 0.0, 5.9, 24, 8, 80, 'Trung bình', 53, 3),
    ('KQ096', 'HV013', '643135', 'Đỗ Đức Sơn', 'HK004', 'Học kỳ 1 Năm học 2022-2023', 3.99, 2.46, 10.0, 19, 3, 105, 'Xuất sắc', 79, 0),
    ('KQ097', 'HV029', '665364', 'Hồ Phương Yến', 'HK010', 'Học kỳ 1 Năm học 2024-2025', 2.17, 2.37, 5.4, 18, 17, 88, 'Trung bình', 100, 3),
    ('KQ098', 'HV024', '669113', 'Hồ Hải Xuân', 'HK008', 'Học kỳ 2 Năm học 2023-2024', 3.53, 2.86, 8.8, 14, 0, 87, 'Giỏi', 71, 1),
    ('KQ099', 'HV017', '655647', 'Nguyễn Quang Em', 'HK001', 'Học kỳ 1 Năm học 2021-2022', 2.42, 2.16, 6.0, 18, 9, 113, 'Trung bình', 60, 0),
    ('KQ100', 'HV038', '657859', 'Dương Quang Giang', 'HK005', 'Học kỳ 2 Năm học 2022-2023', 2.4, 4.0, 6.0, 16, 11, 94, 'Trung bình', 85, 0),
    ('KQ101', 'HV013', '643135', 'Đỗ Đức Sơn', 'HK007', 'Học kỳ 1 Năm học 2023-2024', 2.71, 2.46, 6.8, 14, 4, 105, 'Khá', 78, 1),
    ('KQ102', 'HV017', '655647', 'Nguyễn Quang Em', 'HK010', 'Học kỳ 1 Năm học 2024-2025', 3.02, 2.16, 7.5, 18, 18, 113, 'Khá', 51, 2),
    ('KQ103', 'HV048', '677042', 'Trần Hữu Nguyệt', 'HK002', 'Học kỳ 2 Năm học 2021-2022', 3.54, 2.49, 8.8, 18, 13, 32, 'Giỏi', 62, 1),
    ('KQ104', 'HV035', '674894', 'Hồ Ngọc Tùng', 'HK004', 'Học kỳ 1 Năm học 2022-2023', 2.66, 2.08, 6.7, 23, 16, 108, 'Khá', 54, 1),
    ('KQ105', 'HV043', '666202', 'Nguyễn Minh Phương', 'HK009', 'Học kỳ hè Năm học 2023-2024', 1.84, 4.0, 4.6, 15, 6, 55, 'Yếu', 79, 2),
    ('KQ106', 'HV027', '649454', 'Lê Hải Em', 'HK009', 'Học kỳ hè Năm học 2023-2024', 2.28, 3.0, 5.7, 16, 0, 39, 'Trung bình', 72, 1),
    ('KQ107', 'HV045', '649143', 'Vũ Hải Giang', 'HK005', 'Học kỳ 2 Năm học 2022-2023', 2.67, 2.65, 6.7, 11, 6, 116, 'Khá', 85, 1),
    ('KQ108', 'HV045', '649143', 'Vũ Hải Giang', 'HK008', 'Học kỳ 2 Năm học 2023-2024', 3.04, 2.65, 7.6, 25, 3, 116, 'Khá', 69, 0),
    ('KQ109', 'HV004', '649110', 'Lý Ngọc Chiến', 'HK005', 'Học kỳ 2 Năm học 2022-2023', 2.55, 2.85, 6.4, 12, 6, 136, 'Khá', 98, 0),
    ('KQ110', 'HV033', '665288', 'Phạm Bảo Sơn', 'HK009', 'Học kỳ hè Năm học 2023-2024', 2.97, 2.15, 7.4, 17, 5, 71, 'Khá', 91, 1),
    ('KQ111', 'HV034', '633301', 'Trần Bảo Phương', 'HK009', 'Học kỳ hè Năm học 2023-2024', 1.27, 3.37, 3.2, 23, 18, 107, 'Yếu', 57, 2),
    ('KQ112', 'HV015', '674571', 'Ngô Tuấn Nguyệt', 'HK003', 'Học kỳ hè Năm học 2021-2022', 2.7, 3.44, 6.8, 16, 16, 119, 'Khá', 71, 1),
    ('KQ113', 'HV019', '638860', 'Bùi Thanh Hạnh', 'HK003', 'Học kỳ hè Năm học 2021-2022', 3.79, 2.72, 9.5, 14, 9, 97, 'Xuất sắc', 92, 1),
    ('KQ114', 'HV050', '651232', 'Dương Minh Em', 'HK009', 'Học kỳ hè Năm học 2023-2024', 2.21, 3.4, 5.5, 24, 0, 92, 'Trung bình', 95, 1),
    ('KQ115', 'HV019', '638860', 'Bùi Thanh Hạnh', 'HK009', 'Học kỳ hè Năm học 2023-2024', 3.46, 2.72, 8.7, 20, 16, 97, 'Giỏi', 92, 2),
    ('KQ116', 'HV043', '666202', 'Nguyễn Minh Phương', 'HK004', 'Học kỳ 1 Năm học 2022-2023', 3.44, 4.0, 8.6, 16, 13, 55, 'Giỏi', 72, 2),
    ('KQ117', 'HV038', '657859', 'Dương Quang Giang', 'HK013', 'Học kỳ 1 Năm học 2025-2026', 1.9, 4.0, 4.8, 17, 5, 94, 'Yếu', 87, 2),
    ('KQ118', 'HV018', '675392', 'Bùi Bảo Phương', 'HK001', 'Học kỳ 1 Năm học 2021-2022', 2.66, 2.96, 6.7, 19, 2, 86, 'Khá', 87, 2),
    ('KQ119', 'HV002', '637868', 'Lê Thanh Tùng', 'HK008', 'Học kỳ 2 Năm học 2023-2024', 4.0, 1.61, 10.0, 10, 5, 107, 'Xuất sắc', 75, 1),
    ('KQ120', 'HV016', '642794', 'Đặng Tuấn Yến', 'HK002', 'Học kỳ 2 Năm học 2021-2022', 3.1, 2.88, 7.8, 10, 4, 83, 'Khá', 96, 0),
    ('KQ121', 'HV033', '665288', 'Phạm Bảo Sơn', 'HK012', 'Học kỳ hè Năm học 2024-2025', 3.77, 2.15, 9.4, 13, 4, 71, 'Xuất sắc', 74, 2),
    ('KQ122', 'HV034', '633301', 'Trần Bảo Phương', 'HK011', 'Học kỳ 2 Năm học 2024-2025', 0.85, 3.37, 2.1, 11, 4, 107, 'Yếu', 52, 2),
    ('KQ123', 'HV039', '643683', 'Dương Thanh Chiến', 'HK007', 'Học kỳ 1 Năm học 2023-2024', 3.04, 4.0, 7.6, 10, 7, 62, 'Khá', 67, 3),
    ('KQ124', 'HV021', '656727', 'Phạm Minh Nguyệt', 'HK010', 'Học kỳ 1 Năm học 2024-2025', 1.41, 3.88, 3.5, 15, 8, 70, 'Yếu', 95, 1),
    ('KQ125', 'HV035', '674894', 'Hồ Ngọc Tùng', 'HK002', 'Học kỳ 2 Năm học 2021-2022', 3.34, 2.08, 8.3, 14, 10, 108, 'Giỏi', 75, 3),
    ('KQ126', 'HV041', '673296', 'Đặng Quang Chiến', 'HK011', 'Học kỳ 2 Năm học 2024-2025', 2.72, 3.44, 6.8, 23, 22, 40, 'Khá', 100, 3),
    ('KQ127', 'HV041', '673296', 'Đặng Quang Chiến', 'HK008', 'Học kỳ 2 Năm học 2023-2024', 4.0, 3.44, 10.0, 24, 15, 40, 'Xuất sắc', 68, 1),
    ('KQ128', 'HV050', '651232', 'Dương Minh Em', 'HK015', 'Học kỳ hè Năm học 2025-2026', 1.52, 3.4, 3.8, 21, 9, 92, 'Yếu', 52, 2),
    ('KQ129', 'HV033', '665288', 'Phạm Bảo Sơn', 'HK007', 'Học kỳ 1 Năm học 2023-2024', 3.17, 2.15, 7.9, 20, 0, 71, 'Khá', 91, 3),
    ('KQ130', 'HV024', '669113', 'Hồ Hải Xuân', 'HK015', 'Học kỳ hè Năm học 2025-2026', 3.38, 2.86, 8.4, 24, 11, 87, 'Giỏi', 88, 1),
    ('KQ131', 'HV046', '631135', 'Đặng Đức Bình', 'HK005', 'Học kỳ 2 Năm học 2022-2023', 2.99, 2.53, 7.5, 24, 9, 40, 'Khá', 67, 3),
    ('KQ132', 'HV049', '664675', 'Đặng Bảo Phúc', 'HK004', 'Học kỳ 1 Năm học 2022-2023', 3.64, 3.31, 9.1, 25, 8, 148, 'Xuất sắc', 88, 0),
    ('KQ133', 'HV043', '666202', 'Nguyễn Minh Phương', 'HK007', 'Học kỳ 1 Năm học 2023-2024', 3.38, 4.0, 8.4, 16, 12, 55, 'Giỏi', 54, 0),
    ('KQ134', 'HV043', '666202', 'Nguyễn Minh Phương', 'HK013', 'Học kỳ 1 Năm học 2025-2026', 3.11, 4.0, 7.8, 19, 1, 55, 'Khá', 70, 1),
    ('KQ135', 'HV033', '665288', 'Phạm Bảo Sơn', 'HK006', 'Học kỳ hè Năm học 2022-2023', 3.06, 2.15, 7.7, 18, 6, 71, 'Khá', 56, 1),
    ('KQ136', 'HV025', '662151', 'Dương Đức Bình', 'HK015', 'Học kỳ hè Năm học 2025-2026', 2.7, 3.62, 6.8, 25, 3, 131, 'Khá', 83, 0),
    ('KQ137', 'HV017', '655647', 'Nguyễn Quang Em', 'HK014', 'Học kỳ 2 Năm học 2025-2026', 3.29, 2.16, 8.2, 23, 13, 113, 'Giỏi', 96, 0),
    ('KQ138', 'HV030', '638533', 'Phạm Thanh Tùng', 'HK013', 'Học kỳ 1 Năm học 2025-2026', 3.79, 2.39, 9.5, 14, 12, 122, 'Xuất sắc', 86, 0),
    ('KQ139', 'HV034', '633301', 'Trần Bảo Phương', 'HK015', 'Học kỳ hè Năm học 2025-2026', 3.52, 3.37, 8.8, 14, 2, 107, 'Giỏi', 56, 1),
    ('KQ140', 'HV019', '638860', 'Bùi Thanh Hạnh', 'HK007', 'Học kỳ 1 Năm học 2023-2024', 3.12, 2.72, 7.8, 24, 10, 97, 'Khá', 62, 1),
    ('KQ141', 'HV049', '664675', 'Đặng Bảo Phúc', 'HK008', 'Học kỳ 2 Năm học 2023-2024', 2.33, 3.31, 5.8, 21, 11, 148, 'Trung bình', 75, 3),
    ('KQ142', 'HV003', '674688', 'Bùi Phương Việt', 'HK013', 'Học kỳ 1 Năm học 2025-2026', 2.68, 2.69, 6.7, 10, 10, 135, 'Khá', 71, 3),
    ('KQ143', 'HV007', '678302', 'Dương Minh Sơn', 'HK011', 'Học kỳ 2 Năm học 2024-2025', 2.99, 2.96, 7.5, 22, 5, 52, 'Khá', 95, 1),
    ('KQ144', 'HV005', '679278', 'Bùi Ngọc Việt', 'HK008', 'Học kỳ 2 Năm học 2023-2024', 3.39, 3.54, 8.5, 23, 21, 114, 'Giỏi', 64, 0),
    ('KQ145', 'HV040', '654048', 'Đặng Hữu Yến', 'HK004', 'Học kỳ 1 Năm học 2022-2023', 2.97, 3.85, 7.4, 20, 9, 127, 'Khá', 68, 2),
    ('KQ146', 'HV006', '648067', 'Đặng Văn Linh', 'HK006', 'Học kỳ hè Năm học 2022-2023', 2.69, 3.96, 6.7, 10, 9, 120, 'Khá', 80, 1),
    ('KQ147', 'HV004', '649110', 'Lý Ngọc Chiến', 'HK006', 'Học kỳ hè Năm học 2022-2023', 2.77, 2.85, 6.9, 16, 0, 136, 'Khá', 56, 1),
    ('KQ148', 'HV037', '666520', 'Ngô Bảo Hoa', 'HK003', 'Học kỳ hè Năm học 2021-2022', 2.15, 1.82, 5.4, 14, 12, 55, 'Trung bình', 64, 0),
    ('KQ149', 'HV050', '651232', 'Dương Minh Em', 'HK012', 'Học kỳ hè Năm học 2024-2025', 2.5, 3.4, 6.2, 22, 16, 92, 'Khá', 61, 1),
    ('KQ150', 'HV008', '656213', 'Ngô Đức Yến', 'HK012', 'Học kỳ hè Năm học 2024-2025', 3.9, 0.91, 9.8, 24, 12, 59, 'Xuất sắc', 99, 2),
    ('KQ151', 'HV022', '648919', 'Lý Thanh Giang', 'HK005', 'Học kỳ 2 Năm học 2022-2023', 2.94, 3.07, 7.3, 13, 2, 36, 'Khá', 98, 1),
    ('KQ152', 'HV026', '661303', 'Bùi Kim Hoa', 'HK010', 'Học kỳ 1 Năm học 2024-2025', 2.52, 0.97, 6.3, 22, 17, 97, 'Khá', 89, 2),
    ('KQ153', 'HV001', '666106', 'Dương Hải Giang', 'HK015', 'Học kỳ hè Năm học 2025-2026', 3.63, 3.87, 9.1, 15, 0, 126, 'Xuất sắc', 77, 2),
    ('KQ154', 'HV013', '643135', 'Đỗ Đức Sơn', 'HK010', 'Học kỳ 1 Năm học 2024-2025', 3.12, 2.46, 7.8, 13, 3, 105, 'Khá', 98, 3),
    ('KQ155', 'HV001', '666106', 'Dương Hải Giang', 'HK005', 'Học kỳ 2 Năm học 2022-2023', 2.11, 3.87, 5.3, 25, 15, 126, 'Trung bình', 76, 2),
    ('KQ156', 'HV006', '648067', 'Đặng Văn Linh', 'HK009', 'Học kỳ hè Năm học 2023-2024', 4.0, 3.96, 10.0, 24, 7, 120, 'Xuất sắc', 94, 0),
    ('KQ157', 'HV040', '654048', 'Đặng Hữu Yến', 'HK007', 'Học kỳ 1 Năm học 2023-2024', 1.6, 3.85, 4.0, 11, 0, 127, 'Yếu', 58, 3),
    ('KQ158', 'HV032', '653109', 'Lý Ngọc Xuân', 'HK013', 'Học kỳ 1 Năm học 2025-2026', 3.44, 2.4, 8.6, 16, 16, 116, 'Giỏi', 63, 2),
    ('KQ159', 'HV004', '649110', 'Lý Ngọc Chiến', 'HK008', 'Học kỳ 2 Năm học 2023-2024', 3.29, 2.85, 8.2, 21, 14, 136, 'Giỏi', 85, 2),
    ('KQ160', 'HV037', '666520', 'Ngô Bảo Hoa', 'HK014', 'Học kỳ 2 Năm học 2025-2026', 4.0, 1.82, 10.0, 18, 7, 55, 'Xuất sắc', 77, 3),
    ('KQ161', 'HV027', '649454', 'Lê Hải Em', 'HK003', 'Học kỳ hè Năm học 2021-2022', 2.88, 3.0, 7.2, 15, 14, 39, 'Khá', 59, 2),
    ('KQ162', 'HV003', '674688', 'Bùi Phương Việt', 'HK008', 'Học kỳ 2 Năm học 2023-2024', 2.28, 2.69, 5.7, 20, 3, 135, 'Trung bình', 88, 2),
    ('KQ163', 'HV008', '656213', 'Ngô Đức Yến', 'HK009', 'Học kỳ hè Năm học 2023-2024', 3.28, 0.91, 8.2, 15, 15, 59, 'Giỏi', 50, 1),
    ('KQ164', 'HV027', '649454', 'Lê Hải Em', 'HK007', 'Học kỳ 1 Năm học 2023-2024', 2.81, 3.0, 7.0, 23, 22, 39, 'Khá', 91, 3),
    ('KQ165', 'HV024', '669113', 'Hồ Hải Xuân', 'HK007', 'Học kỳ 1 Năm học 2023-2024', 1.88, 2.86, 4.7, 12, 1, 87, 'Yếu', 96, 1),
    ('KQ166', 'HV009', '649863', 'Lý Hải Phương', 'HK014', 'Học kỳ 2 Năm học 2025-2026', 3.56, 3.05, 8.9, 16, 5, 78, 'Giỏi', 54, 0),
    ('KQ167', 'HV032', '653109', 'Lý Ngọc Xuân', 'HK015', 'Học kỳ hè Năm học 2025-2026', 3.06, 2.4, 7.7, 13, 9, 116, 'Khá', 61, 0),
    ('KQ168', 'HV022', '648919', 'Lý Thanh Giang', 'HK002', 'Học kỳ 2 Năm học 2021-2022', 2.83, 3.07, 7.1, 10, 4, 36, 'Khá', 54, 2),
    ('KQ169', 'HV038', '657859', 'Dương Quang Giang', 'HK006', 'Học kỳ hè Năm học 2022-2023', 2.84, 4.0, 7.1, 21, 6, 94, 'Khá', 97, 2),
    ('KQ170', 'HV001', '666106', 'Dương Hải Giang', 'HK003', 'Học kỳ hè Năm học 2021-2022', 2.31, 3.87, 5.8, 25, 9, 126, 'Trung bình', 81, 0),
    ('KQ171', 'HV041', '673296', 'Đặng Quang Chiến', 'HK005', 'Học kỳ 2 Năm học 2022-2023', 2.91, 3.44, 7.3, 14, 13, 40, 'Khá', 69, 3),
    ('KQ172', 'HV003', '674688', 'Bùi Phương Việt', 'HK006', 'Học kỳ hè Năm học 2022-2023', 3.15, 2.69, 7.9, 15, 3, 135, 'Khá', 79, 0),
    ('KQ173', 'HV017', '655647', 'Nguyễn Quang Em', 'HK003', 'Học kỳ hè Năm học 2021-2022', 3.45, 2.16, 8.6, 24, 18, 113, 'Giỏi', 86, 0),
    ('KQ174', 'HV050', '651232', 'Dương Minh Em', 'HK010', 'Học kỳ 1 Năm học 2024-2025', 3.19, 3.4, 8.0, 17, 1, 92, 'Khá', 68, 1),
    ('KQ175', 'HV028', '655141', 'Lê Văn Linh', 'HK012', 'Học kỳ hè Năm học 2024-2025', 2.45, 2.2, 6.1, 15, 1, 133, 'Trung bình', 98, 1),
    ('KQ176', 'HV031', '632283', 'Trần Đức Anh', 'HK005', 'Học kỳ 2 Năm học 2022-2023', 3.19, 2.42, 8.0, 13, 8, 97, 'Khá', 63, 3),
    ('KQ177', 'HV014', '672765', 'Ngô Thị Hương', 'HK006', 'Học kỳ hè Năm học 2022-2023', 1.37, 1.34, 3.4, 18, 18, 82, 'Yếu', 72, 2),
    ('KQ178', 'HV010', '663199', 'Ngô Đức Linh', 'HK015', 'Học kỳ hè Năm học 2025-2026', 3.37, 1.79, 8.4, 14, 1, 58, 'Giỏi', 57, 3),
    ('KQ179', 'HV012', '671537', 'Lê Thị Sơn', 'HK015', 'Học kỳ hè Năm học 2025-2026', 2.91, 2.16, 7.3, 12, 1, 138, 'Khá', 74, 1),
    ('KQ180', 'HV011', '657145', 'Bùi Kim Linh', 'HK014', 'Học kỳ 2 Năm học 2025-2026', 2.21, 2.32, 5.5, 19, 4, 122, 'Trung bình', 50, 0),
    ('KQ181', 'HV002', '637868', 'Lê Thanh Tùng', 'HK010', 'Học kỳ 1 Năm học 2024-2025', 2.08, 1.61, 5.2, 15, 4, 107, 'Trung bình', 53, 1),
    ('KQ182', 'HV043', '666202', 'Nguyễn Minh Phương', 'HK005', 'Học kỳ 2 Năm học 2022-2023', 3.0, 4.0, 7.5, 20, 8, 55, 'Khá', 100, 1),
    ('KQ183', 'HV041', '673296', 'Đặng Quang Chiến', 'HK013', 'Học kỳ 1 Năm học 2025-2026', 3.51, 3.44, 8.8, 11, 3, 40, 'Giỏi', 76, 1),
    ('KQ184', 'HV020', '654457', 'Đỗ Bảo Hương', 'HK009', 'Học kỳ hè Năm học 2023-2024', 3.42, 1.96, 8.6, 19, 2, 121, 'Giỏi', 61, 2),
    ('KQ185', 'HV035', '674894', 'Hồ Ngọc Tùng', 'HK011', 'Học kỳ 2 Năm học 2024-2025', 1.75, 2.08, 4.4, 21, 10, 108, 'Yếu', 57, 1),
    ('KQ186', 'HV050', '651232', 'Dương Minh Em', 'HK014', 'Học kỳ 2 Năm học 2025-2026', 2.52, 3.4, 6.3, 14, 12, 92, 'Khá', 54, 1),
    ('KQ187', 'HV045', '649143', 'Vũ Hải Giang', 'HK004', 'Học kỳ 1 Năm học 2022-2023', 3.69, 2.65, 9.2, 24, 4, 116, 'Xuất sắc', 81, 3),
    ('KQ188', 'HV022', '648919', 'Lý Thanh Giang', 'HK013', 'Học kỳ 1 Năm học 2025-2026', 3.98, 3.07, 9.9, 20, 7, 36, 'Xuất sắc', 80, 1),
    ('KQ189', 'HV020', '654457', 'Đỗ Bảo Hương', 'HK003', 'Học kỳ hè Năm học 2021-2022', 3.17, 1.96, 7.9, 10, 8, 121, 'Khá', 52, 2),
    ('KQ190', 'HV030', '638533', 'Phạm Thanh Tùng', 'HK009', 'Học kỳ hè Năm học 2023-2024', 2.45, 2.39, 6.1, 11, 6, 122, 'Trung bình', 89, 1),
    ('KQ191', 'HV009', '649863', 'Lý Hải Phương', 'HK011', 'Học kỳ 2 Năm học 2024-2025', 1.25, 3.05, 3.1, 15, 9, 78, 'Yếu', 71, 3),
    ('KQ192', 'HV002', '637868', 'Lê Thanh Tùng', 'HK013', 'Học kỳ 1 Năm học 2025-2026', 4.0, 1.61, 10.0, 14, 0, 107, 'Xuất sắc', 88, 0),
    ('KQ193', 'HV049', '664675', 'Đặng Bảo Phúc', 'HK006', 'Học kỳ hè Năm học 2022-2023', 2.47, 3.31, 6.2, 10, 10, 148, 'Trung bình', 90, 0),
    ('KQ194', 'HV007', '678302', 'Dương Minh Sơn', 'HK008', 'Học kỳ 2 Năm học 2023-2024', 1.59, 2.96, 4.0, 13, 2, 52, 'Yếu', 67, 1),
    ('KQ195', 'HV036', '675486', 'Lý Ngọc Anh', 'HK009', 'Học kỳ hè Năm học 2023-2024', 1.94, 3.26, 4.8, 14, 7, 102, 'Yếu', 50, 0),
    ('KQ196', 'HV042', '638542', 'Lý Hữu Dũng', 'HK004', 'Học kỳ 1 Năm học 2022-2023', 2.84, 2.96, 7.1, 17, 9, 55, 'Khá', 67, 3),
    ('KQ197', 'HV007', '678302', 'Dương Minh Sơn', 'HK013', 'Học kỳ 1 Năm học 2025-2026', 2.57, 2.96, 6.4, 14, 8, 52, 'Khá', 69, 1),
    ('KQ198', 'HV032', '653109', 'Lý Ngọc Xuân', 'HK001', 'Học kỳ 1 Năm học 2021-2022', 3.25, 2.4, 8.1, 24, 4, 116, 'Giỏi', 73, 0),
    ('KQ199', 'HV031', '632283', 'Trần Đức Anh', 'HK009', 'Học kỳ hè Năm học 2023-2024', 2.38, 2.42, 5.9, 19, 2, 97, 'Trung bình', 98, 2),
    ('KQ200', 'HV039', '643683', 'Dương Thanh Chiến', 'HK014', 'Học kỳ 2 Năm học 2025-2026', 0.83, 4.0, 2.1, 17, 17, 62, 'Yếu', 73, 2),
    ('KQ201', 'HV018', '675392', 'Bùi Bảo Phương', 'HK004', 'Học kỳ 1 Năm học 2022-2023', 2.65, 2.96, 6.6, 16, 15, 86, 'Khá', 55, 2),
    ('KQ202', 'HV038', '657859', 'Dương Quang Giang', 'HK001', 'Học kỳ 1 Năm học 2021-2022', 2.93, 4.0, 7.3, 13, 10, 94, 'Khá', 58, 3),
    ('KQ203', 'HV005', '679278', 'Bùi Ngọc Việt', 'HK012', 'Học kỳ hè Năm học 2024-2025', 2.92, 3.54, 7.3, 24, 9, 114, 'Khá', 66, 2),
    ('KQ204', 'HV036', '675486', 'Lý Ngọc Anh', 'HK006', 'Học kỳ hè Năm học 2022-2023', 2.37, 3.26, 5.9, 13, 11, 102, 'Trung bình', 70, 2),
    ('KQ205', 'HV012', '671537', 'Lê Thị Sơn', 'HK010', 'Học kỳ 1 Năm học 2024-2025', 2.56, 2.16, 6.4, 16, 15, 138, 'Khá', 90, 2),
    ('KQ206', 'HV005', '679278', 'Bùi Ngọc Việt', 'HK015', 'Học kỳ hè Năm học 2025-2026', 2.65, 3.54, 6.6, 20, 0, 114, 'Khá', 93, 2),
    ('KQ207', 'HV007', '678302', 'Dương Minh Sơn', 'HK010', 'Học kỳ 1 Năm học 2024-2025', 1.4, 2.96, 3.5, 11, 11, 52, 'Yếu', 89, 0),
    ('KQ208', 'HV014', '672765', 'Ngô Thị Hương', 'HK008', 'Học kỳ 2 Năm học 2023-2024', 2.46, 1.34, 6.2, 11, 2, 82, 'Trung bình', 89, 3),
    ('KQ209', 'HV004', '649110', 'Lý Ngọc Chiến', 'HK013', 'Học kỳ 1 Năm học 2025-2026', 3.75, 2.85, 9.4, 25, 18, 136, 'Xuất sắc', 71, 2),
    ('KQ210', 'HV003', '674688', 'Bùi Phương Việt', 'HK010', 'Học kỳ 1 Năm học 2024-2025', 2.42, 2.69, 6.0, 22, 13, 135, 'Trung bình', 94, 1),
    ('KQ211', 'HV008', '656213', 'Ngô Đức Yến', 'HK004', 'Học kỳ 1 Năm học 2022-2023', 3.36, 0.91, 8.4, 25, 7, 59, 'Giỏi', 98, 0),
    ('KQ212', 'HV025', '662151', 'Dương Đức Bình', 'HK001', 'Học kỳ 1 Năm học 2021-2022', 2.83, 3.62, 7.1, 23, 17, 131, 'Khá', 62, 0),
    ('KQ213', 'HV040', '654048', 'Đặng Hữu Yến', 'HK005', 'Học kỳ 2 Năm học 2022-2023', 2.56, 3.85, 6.4, 22, 10, 127, 'Khá', 83, 0),
    ('KQ214', 'HV017', '655647', 'Nguyễn Quang Em', 'HK005', 'Học kỳ 2 Năm học 2022-2023', 3.09, 2.16, 7.7, 18, 14, 113, 'Khá', 58, 3),
    ('KQ215', 'HV042', '638542', 'Lý Hữu Dũng', 'HK006', 'Học kỳ hè Năm học 2022-2023', 4.0, 2.96, 10.0, 10, 0, 55, 'Xuất sắc', 81, 0),
    ('KQ216', 'HV035', '674894', 'Hồ Ngọc Tùng', 'HK012', 'Học kỳ hè Năm học 2024-2025', 1.08, 2.08, 2.7, 16, 5, 108, 'Yếu', 63, 2),
    ('KQ217', 'HV011', '657145', 'Bùi Kim Linh', 'HK004', 'Học kỳ 1 Năm học 2022-2023', 1.88, 2.32, 4.7, 25, 12, 122, 'Yếu', 93, 1),
    ('KQ218', 'HV010', '663199', 'Ngô Đức Linh', 'HK009', 'Học kỳ hè Năm học 2023-2024', 2.4, 1.79, 6.0, 20, 16, 58, 'Trung bình', 65, 3),
    ('KQ219', 'HV005', '679278', 'Bùi Ngọc Việt', 'HK014', 'Học kỳ 2 Năm học 2025-2026', 3.06, 3.54, 7.7, 13, 4, 114, 'Khá', 94, 0),
    ('KQ220', 'HV003', '674688', 'Bùi Phương Việt', 'HK012', 'Học kỳ hè Năm học 2024-2025', 3.39, 2.69, 8.5, 11, 5, 135, 'Giỏi', 65, 1),
    ('KQ221', 'HV012', '671537', 'Lê Thị Sơn', 'HK003', 'Học kỳ hè Năm học 2021-2022', 2.59, 2.16, 6.5, 18, 13, 138, 'Khá', 88, 2),
    ('KQ222', 'HV011', '657145', 'Bùi Kim Linh', 'HK007', 'Học kỳ 1 Năm học 2023-2024', 3.73, 2.32, 9.3, 23, 3, 122, 'Xuất sắc', 61, 0),
    ('KQ223', 'HV025', '662151', 'Dương Đức Bình', 'HK007', 'Học kỳ 1 Năm học 2023-2024', 2.02, 3.62, 5.0, 23, 4, 131, 'Trung bình', 98, 3),
    ('KQ224', 'HV043', '666202', 'Nguyễn Minh Phương', 'HK003', 'Học kỳ hè Năm học 2021-2022', 2.16, 4.0, 5.4, 16, 13, 55, 'Trung bình', 95, 3),
    ('KQ225', 'HV016', '642794', 'Đặng Tuấn Yến', 'HK015', 'Học kỳ hè Năm học 2025-2026', 2.2, 2.88, 5.5, 24, 0, 83, 'Trung bình', 97, 2),
    ('KQ226', 'HV031', '632283', 'Trần Đức Anh', 'HK004', 'Học kỳ 1 Năm học 2022-2023', 3.6, 2.42, 9.0, 17, 17, 97, 'Xuất sắc', 98, 3),
    ('KQ227', 'HV022', '648919', 'Lý Thanh Giang', 'HK001', 'Học kỳ 1 Năm học 2021-2022', 2.01, 3.07, 5.0, 11, 8, 36, 'Trung bình', 90, 0),
    ('KQ228', 'HV028', '655141', 'Lê Văn Linh', 'HK007', 'Học kỳ 1 Năm học 2023-2024', 2.72, 2.2, 6.8, 10, 6, 133, 'Khá', 71, 2),
    ('KQ229', 'HV002', '637868', 'Lê Thanh Tùng', 'HK004', 'Học kỳ 1 Năm học 2022-2023', 3.74, 1.61, 9.4, 12, 4, 107, 'Xuất sắc', 63, 3),
    ('KQ230', 'HV042', '638542', 'Lý Hữu Dũng', 'HK013', 'Học kỳ 1 Năm học 2025-2026', 2.77, 2.96, 6.9, 12, 6, 55, 'Khá', 69, 3),
    ('KQ231', 'HV022', '648919', 'Lý Thanh Giang', 'HK012', 'Học kỳ hè Năm học 2024-2025', 2.69, 3.07, 6.7, 21, 12, 36, 'Khá', 76, 0),
    ('KQ232', 'HV043', '666202', 'Nguyễn Minh Phương', 'HK010', 'Học kỳ 1 Năm học 2024-2025', 3.72, 4.0, 9.3, 14, 2, 55, 'Xuất sắc', 63, 0),
    ('KQ233', 'HV012', '671537', 'Lê Thị Sơn', 'HK004', 'Học kỳ 1 Năm học 2022-2023', 3.4, 2.16, 8.5, 20, 0, 138, 'Giỏi', 69, 0),
    ('KQ234', 'HV043', '666202', 'Nguyễn Minh Phương', 'HK012', 'Học kỳ hè Năm học 2024-2025', 2.67, 4.0, 6.7, 20, 3, 55, 'Khá', 97, 2),
    ('KQ235', 'HV045', '649143', 'Vũ Hải Giang', 'HK006', 'Học kỳ hè Năm học 2022-2023', 4.0, 2.65, 10.0, 16, 4, 116, 'Xuất sắc', 77, 1),
    ('KQ236', 'HV048', '677042', 'Trần Hữu Nguyệt', 'HK005', 'Học kỳ 2 Năm học 2022-2023', 1.84, 2.49, 4.6, 11, 3, 32, 'Yếu', 97, 3),
    ('KQ237', 'HV031', '632283', 'Trần Đức Anh', 'HK006', 'Học kỳ hè Năm học 2022-2023', 2.32, 2.42, 5.8, 10, 1, 97, 'Trung bình', 96, 3),
    ('KQ238', 'HV040', '654048', 'Đặng Hữu Yến', 'HK014', 'Học kỳ 2 Năm học 2025-2026', 2.7, 3.85, 6.8, 23, 9, 127, 'Khá', 63, 2),
    ('KQ239', 'HV012', '671537', 'Lê Thị Sơn', 'HK012', 'Học kỳ hè Năm học 2024-2025', 3.04, 2.16, 7.6, 22, 11, 138, 'Khá', 50, 3),
    ('KQ240', 'HV035', '674894', 'Hồ Ngọc Tùng', 'HK003', 'Học kỳ hè Năm học 2021-2022', 1.46, 2.08, 3.6, 18, 16, 108, 'Yếu', 94, 1),
    ('KQ241', 'HV044', '659654', 'Bùi Hữu Chiến', 'HK002', 'Học kỳ 2 Năm học 2021-2022', 2.05, 3.08, 5.1, 24, 15, 51, 'Trung bình', 87, 2),
    ('KQ242', 'HV046', '631135', 'Đặng Đức Bình', 'HK009', 'Học kỳ hè Năm học 2023-2024', 2.16, 2.53, 5.4, 22, 0, 40, 'Trung bình', 62, 0),
    ('KQ243', 'HV029', '665364', 'Hồ Phương Yến', 'HK012', 'Học kỳ hè Năm học 2024-2025', 3.43, 2.37, 8.6, 17, 14, 88, 'Giỏi', 80, 2),
    ('KQ244', 'HV014', '672765', 'Ngô Thị Hương', 'HK007', 'Học kỳ 1 Năm học 2023-2024', 1.7, 1.34, 4.2, 14, 11, 82, 'Yếu', 80, 2),
    ('KQ245', 'HV015', '674571', 'Ngô Tuấn Nguyệt', 'HK007', 'Học kỳ 1 Năm học 2023-2024', 2.29, 3.44, 5.7, 12, 12, 119, 'Trung bình', 94, 2),
    ('KQ246', 'HV001', '666106', 'Dương Hải Giang', 'HK008', 'Học kỳ 2 Năm học 2023-2024', 1.48, 3.87, 3.7, 25, 7, 126, 'Yếu', 91, 3),
    ('KQ247', 'HV035', '674894', 'Hồ Ngọc Tùng', 'HK005', 'Học kỳ 2 Năm học 2022-2023', 2.64, 2.08, 6.6, 16, 4, 108, 'Khá', 52, 2),
    ('KQ248', 'HV028', '655141', 'Lê Văn Linh', 'HK010', 'Học kỳ 1 Năm học 2024-2025', 1.18, 2.2, 2.9, 19, 14, 133, 'Yếu', 98, 2),
    ('KQ249', 'HV018', '675392', 'Bùi Bảo Phương', 'HK010', 'Học kỳ 1 Năm học 2024-2025', 3.12, 2.96, 7.8, 20, 13, 86, 'Khá', 65, 0),
    ('KQ250', 'HV048', '677042', 'Trần Hữu Nguyệt', 'HK015', 'Học kỳ hè Năm học 2025-2026', 2.13, 2.49, 5.3, 16, 13, 32, 'Trung bình', 94, 0),
    ('KQ251', 'HV007', '678302', 'Dương Minh Sơn', 'HK003', 'Học kỳ hè Năm học 2021-2022', 3.98, 2.96, 9.9, 15, 9, 52, 'Xuất sắc', 90, 0),
    ('KQ252', 'HV049', '664675', 'Đặng Bảo Phúc', 'HK007', 'Học kỳ 1 Năm học 2023-2024', 3.6, 3.31, 9.0, 11, 10, 148, 'Xuất sắc', 56, 1),
    ('KQ253', 'HV016', '642794', 'Đặng Tuấn Yến', 'HK009', 'Học kỳ hè Năm học 2023-2024', 2.59, 2.88, 6.5, 16, 10, 83, 'Khá', 68, 3),
    ('KQ254', 'HV014', '672765', 'Ngô Thị Hương', 'HK004', 'Học kỳ 1 Năm học 2022-2023', 2.77, 1.34, 6.9, 23, 21, 82, 'Khá', 50, 0),
    ('KQ255', 'HV021', '656727', 'Phạm Minh Nguyệt', 'HK004', 'Học kỳ 1 Năm học 2022-2023', 3.29, 3.88, 8.2, 21, 20, 70, 'Giỏi', 57, 3),
    ('KQ256', 'HV016', '642794', 'Đặng Tuấn Yến', 'HK012', 'Học kỳ hè Năm học 2024-2025', 1.45, 2.88, 3.6, 16, 14, 83, 'Yếu', 90, 3),
    ('KQ257', 'HV028', '655141', 'Lê Văn Linh', 'HK005', 'Học kỳ 2 Năm học 2022-2023', 2.47, 2.2, 6.2, 23, 19, 133, 'Trung bình', 81, 2),
    ('KQ258', 'HV040', '654048', 'Đặng Hữu Yến', 'HK012', 'Học kỳ hè Năm học 2024-2025', 3.8, 3.85, 9.5, 17, 7, 127, 'Xuất sắc', 51, 0),
    ('KQ259', 'HV003', '674688', 'Bùi Phương Việt', 'HK003', 'Học kỳ hè Năm học 2021-2022', 2.58, 2.69, 6.5, 11, 0, 135, 'Khá', 58, 2),
    ('KQ260', 'HV008', '656213', 'Ngô Đức Yến', 'HK011', 'Học kỳ 2 Năm học 2024-2025', 1.86, 0.91, 4.7, 12, 6, 59, 'Yếu', 56, 3),
    ('KQ261', 'HV038', '657859', 'Dương Quang Giang', 'HK012', 'Học kỳ hè Năm học 2024-2025', 3.03, 4.0, 7.6, 19, 10, 94, 'Khá', 73, 3),
    ('KQ262', 'HV022', '648919', 'Lý Thanh Giang', 'HK006', 'Học kỳ hè Năm học 2022-2023', 4.0, 3.07, 10.0, 22, 2, 36, 'Xuất sắc', 90, 0),
    ('KQ263', 'HV032', '653109', 'Lý Ngọc Xuân', 'HK002', 'Học kỳ 2 Năm học 2021-2022', 2.1, 2.4, 5.2, 12, 4, 116, 'Trung bình', 82, 0),
    ('KQ264', 'HV041', '673296', 'Đặng Quang Chiến', 'HK015', 'Học kỳ hè Năm học 2025-2026', 1.7, 3.44, 4.2, 22, 3, 40, 'Yếu', 54, 1),
    ('KQ265', 'HV018', '675392', 'Bùi Bảo Phương', 'HK008', 'Học kỳ 2 Năm học 2023-2024', 3.1, 2.96, 7.8, 15, 4, 86, 'Khá', 91, 1),
    ('KQ266', 'HV039', '643683', 'Dương Thanh Chiến', 'HK004', 'Học kỳ 1 Năm học 2022-2023', 2.58, 4.0, 6.5, 23, 22, 62, 'Khá', 89, 2),
    ('KQ267', 'HV013', '643135', 'Đỗ Đức Sơn', 'HK008', 'Học kỳ 2 Năm học 2023-2024', 2.74, 2.46, 6.9, 21, 1, 105, 'Khá', 72, 3),
    ('KQ268', 'HV020', '654457', 'Đỗ Bảo Hương', 'HK011', 'Học kỳ 2 Năm học 2024-2025', 2.54, 1.96, 6.3, 16, 5, 121, 'Khá', 83, 0),
    ('KQ269', 'HV050', '651232', 'Dương Minh Em', 'HK003', 'Học kỳ hè Năm học 2021-2022', 2.4, 3.4, 6.0, 10, 10, 92, 'Trung bình', 93, 2),
    ('KQ270', 'HV050', '651232', 'Dương Minh Em', 'HK004', 'Học kỳ 1 Năm học 2022-2023', 2.66, 3.4, 6.7, 13, 8, 92, 'Khá', 99, 2),
    ('KQ271', 'HV012', '671537', 'Lê Thị Sơn', 'HK011', 'Học kỳ 2 Năm học 2024-2025', 2.37, 2.16, 5.9, 18, 6, 138, 'Trung bình', 50, 3),
    ('KQ272', 'HV023', '646366', 'Đặng Đức Em', 'HK001', 'Học kỳ 1 Năm học 2021-2022', 3.13, 3.55, 7.8, 17, 14, 116, 'Khá', 94, 1),
    ('KQ273', 'HV043', '666202', 'Nguyễn Minh Phương', 'HK006', 'Học kỳ hè Năm học 2022-2023', 3.53, 4.0, 8.8, 15, 6, 55, 'Giỏi', 51, 1),
    ('KQ274', 'HV002', '637868', 'Lê Thanh Tùng', 'HK006', 'Học kỳ hè Năm học 2022-2023', 3.43, 1.61, 8.6, 24, 3, 107, 'Giỏi', 62, 3),
    ('KQ275', 'HV029', '665364', 'Hồ Phương Yến', 'HK009', 'Học kỳ hè Năm học 2023-2024', 2.7, 2.37, 6.8, 19, 13, 88, 'Khá', 62, 0),
    ('KQ276', 'HV015', '674571', 'Ngô Tuấn Nguyệt', 'HK002', 'Học kỳ 2 Năm học 2021-2022', 1.01, 3.44, 2.5, 14, 4, 119, 'Yếu', 50, 2),
    ('KQ277', 'HV034', '633301', 'Trần Bảo Phương', 'HK013', 'Học kỳ 1 Năm học 2025-2026', 1.29, 3.37, 3.2, 17, 3, 107, 'Yếu', 100, 2),
    ('KQ278', 'HV014', '672765', 'Ngô Thị Hương', 'HK001', 'Học kỳ 1 Năm học 2021-2022', 2.06, 1.34, 5.2, 21, 14, 82, 'Trung bình', 90, 2),
    ('KQ279', 'HV008', '656213', 'Ngô Đức Yến', 'HK013', 'Học kỳ 1 Năm học 2025-2026', 2.97, 0.91, 7.4, 25, 19, 59, 'Khá', 53, 2),
    ('KQ280', 'HV030', '638533', 'Phạm Thanh Tùng', 'HK008', 'Học kỳ 2 Năm học 2023-2024', 3.9, 2.39, 9.8, 10, 10, 122, 'Xuất sắc', 85, 1),
    ('KQ281', 'HV048', '677042', 'Trần Hữu Nguyệt', 'HK004', 'Học kỳ 1 Năm học 2022-2023', 1.34, 2.49, 3.4, 11, 6, 32, 'Yếu', 97, 0),
    ('KQ282', 'HV001', '666106', 'Dương Hải Giang', 'HK004', 'Học kỳ 1 Năm học 2022-2023', 2.19, 3.87, 5.5, 25, 4, 126, 'Trung bình', 69, 3),
    ('KQ283', 'HV042', '638542', 'Lý Hữu Dũng', 'HK009', 'Học kỳ hè Năm học 2023-2024', 2.96, 2.96, 7.4, 25, 12, 55, 'Khá', 79, 3),
    ('KQ284', 'HV042', '638542', 'Lý Hữu Dũng', 'HK010', 'Học kỳ 1 Năm học 2024-2025', 2.73, 2.96, 6.8, 13, 1, 55, 'Khá', 68, 1),
    ('KQ285', 'HV048', '677042', 'Trần Hữu Nguyệt', 'HK006', 'Học kỳ hè Năm học 2022-2023', 3.03, 2.49, 7.6, 19, 15, 32, 'Khá', 54, 3),
    ('KQ286', 'HV013', '643135', 'Đỗ Đức Sơn', 'HK005', 'Học kỳ 2 Năm học 2022-2023', 2.88, 2.46, 7.2, 13, 2, 105, 'Khá', 72, 1),
    ('KQ287', 'HV036', '675486', 'Lý Ngọc Anh', 'HK001', 'Học kỳ 1 Năm học 2021-2022', 1.87, 3.26, 4.7, 16, 11, 102, 'Yếu', 81, 2),
    ('KQ288', 'HV035', '674894', 'Hồ Ngọc Tùng', 'HK008', 'Học kỳ 2 Năm học 2023-2024', 3.53, 2.08, 8.8, 10, 3, 108, 'Giỏi', 76, 0),
    ('KQ289', 'HV024', '669113', 'Hồ Hải Xuân', 'HK009', 'Học kỳ hè Năm học 2023-2024', 2.46, 2.86, 6.2, 10, 0, 87, 'Trung bình', 95, 3),
    ('KQ290', 'HV021', '656727', 'Phạm Minh Nguyệt', 'HK011', 'Học kỳ 2 Năm học 2024-2025', 2.92, 3.88, 7.3, 15, 6, 70, 'Khá', 86, 3),
    ('KQ291', 'HV027', '649454', 'Lê Hải Em', 'HK006', 'Học kỳ hè Năm học 2022-2023', 2.43, 3.0, 6.1, 24, 0, 39, 'Trung bình', 81, 1),
    ('KQ292', 'HV005', '679278', 'Bùi Ngọc Việt', 'HK010', 'Học kỳ 1 Năm học 2024-2025', 2.69, 3.54, 6.7, 23, 2, 114, 'Khá', 73, 0),
    ('KQ293', 'HV034', '633301', 'Trần Bảo Phương', 'HK008', 'Học kỳ 2 Năm học 2023-2024', 2.95, 3.37, 7.4, 13, 0, 107, 'Khá', 98, 3),
    ('KQ294', 'HV050', '651232', 'Dương Minh Em', 'HK008', 'Học kỳ 2 Năm học 2023-2024', 2.8, 3.4, 7.0, 14, 7, 92, 'Khá', 63, 2),
    ('KQ295', 'HV037', '666520', 'Ngô Bảo Hoa', 'HK007', 'Học kỳ 1 Năm học 2023-2024', 1.85, 1.82, 4.6, 19, 4, 55, 'Yếu', 90, 2),
    ('KQ296', 'HV042', '638542', 'Lý Hữu Dũng', 'HK003', 'Học kỳ hè Năm học 2021-2022', 1.91, 2.96, 4.8, 22, 21, 55, 'Yếu', 95, 3),
    ('KQ297', 'HV041', '673296', 'Đặng Quang Chiến', 'HK006', 'Học kỳ hè Năm học 2022-2023', 4.0, 3.44, 10.0, 20, 17, 40, 'Xuất sắc', 76, 3),
    ('KQ298', 'HV010', '663199', 'Ngô Đức Linh', 'HK010', 'Học kỳ 1 Năm học 2024-2025', 3.47, 1.79, 8.7, 17, 17, 58, 'Giỏi', 77, 3),
    ('KQ299', 'HV035', '674894', 'Hồ Ngọc Tùng', 'HK014', 'Học kỳ 2 Năm học 2025-2026', 4.0, 2.08, 10.0, 24, 13, 108, 'Xuất sắc', 94, 1),
    ('KQ300', 'HV015', '674571', 'Ngô Tuấn Nguyệt', 'HK005', 'Học kỳ 2 Năm học 2022-2023', 3.22, 3.44, 8.1, 24, 15, 119, 'Giỏi', 67, 0);

-- ============================================
-- KHAO THI TABLES
-- ============================================

INSERT INTO exam_frameworks (id, code, name, description, time_minutes, mon_hoc_id, active, created_at, updated_at, created_by) VALUES
    ('EF001', 'KD001', 'Khung đề MH044 số 1', 'Khung đề kiểm tra cho môn MH044', 90, 'MH044', TRUE, '2026-06-12 15:45:00', '2026-06-12 15:45:00', NULL),
    ('EF002', 'KD002', 'Khung đề MH046 số 2', 'Khung đề kiểm tra cho môn MH046', 60, 'MH046', TRUE, '2026-06-12 15:45:00', '2026-06-12 15:45:00', NULL),
    ('EF003', 'KD003', 'Khung đề MH063 số 3', 'Khung đề kiểm tra cho môn MH063', 75, 'MH063', TRUE, '2026-06-12 15:45:00', '2026-06-12 15:45:00', NULL),
    ('EF004', 'KD004', 'Khung đề MH022 số 4', 'Khung đề kiểm tra cho môn MH022', 60, 'MH022', TRUE, '2026-06-12 15:45:00', '2026-06-12 15:45:00', NULL),
    ('EF005', 'KD005', 'Khung đề MH070 số 5', 'Khung đề kiểm tra cho môn MH070', 45, 'MH070', TRUE, '2026-06-12 15:45:00', '2026-06-12 15:45:00', NULL),
    ('EF006', 'KD006', 'Khung đề MH065 số 6', 'Khung đề kiểm tra cho môn MH065', 120, 'MH065', TRUE, '2026-06-12 15:45:00', '2026-06-12 15:45:00', NULL),
    ('EF007', 'KD007', 'Khung đề MH026 số 7', 'Khung đề kiểm tra cho môn MH026', 60, 'MH026', TRUE, '2026-06-12 15:45:00', '2026-06-12 15:45:00', NULL),
    ('EF008', 'KD008', 'Khung đề MH036 số 8', 'Khung đề kiểm tra cho môn MH036', 45, 'MH036', TRUE, '2026-06-12 15:45:00', '2026-06-12 15:45:00', NULL),
    ('EF009', 'KD009', 'Khung đề MH059 số 9', 'Khung đề kiểm tra cho môn MH059', 60, 'MH059', TRUE, '2026-06-12 15:45:00', '2026-06-12 15:45:00', NULL),
    ('EF010', 'KD010', 'Khung đề MH014 số 10', 'Khung đề kiểm tra cho môn MH014', 60, 'MH014', TRUE, '2026-06-12 15:45:00', '2026-06-12 15:45:00', NULL),
    ('EF011', 'KD011', 'Khung đề MH052 số 11', 'Khung đề kiểm tra cho môn MH052', 90, 'MH052', TRUE, '2026-06-12 15:45:00', '2026-06-12 15:45:00', NULL),
    ('EF012', 'KD012', 'Khung đề MH015 số 12', 'Khung đề kiểm tra cho môn MH015', 45, 'MH015', TRUE, '2026-06-12 15:45:00', '2026-06-12 15:45:00', NULL),
    ('EF013', 'KD013', 'Khung đề MH020 số 13', 'Khung đề kiểm tra cho môn MH020', 75, 'MH020', TRUE, '2026-06-12 15:45:00', '2026-06-12 15:45:00', NULL),
    ('EF014', 'KD014', 'Khung đề MH079 số 14', 'Khung đề kiểm tra cho môn MH079', 75, 'MH079', TRUE, '2026-06-12 15:45:00', '2026-06-12 15:45:00', NULL),
    ('EF015', 'KD015', 'Khung đề MH065 số 15', 'Khung đề kiểm tra cho môn MH065', 75, 'MH065', TRUE, '2026-06-12 15:45:00', '2026-06-12 15:45:00', NULL),
    ('EF016', 'KD016', 'Khung đề MH076 số 16', 'Khung đề kiểm tra cho môn MH076', 45, 'MH076', TRUE, '2026-06-12 15:45:00', '2026-06-12 15:45:00', NULL),
    ('EF017', 'KD017', 'Khung đề MH022 số 17', 'Khung đề kiểm tra cho môn MH022', 45, 'MH022', TRUE, '2026-06-12 15:45:00', '2026-06-12 15:45:00', NULL),
    ('EF018', 'KD018', 'Khung đề MH012 số 18', 'Khung đề kiểm tra cho môn MH012', 90, 'MH012', TRUE, '2026-06-12 15:45:00', '2026-06-12 15:45:00', NULL),
    ('EF019', 'KD019', 'Khung đề MH030 số 19', 'Khung đề kiểm tra cho môn MH030', 45, 'MH030', TRUE, '2026-06-12 15:45:00', '2026-06-12 15:45:00', NULL),
    ('EF020', 'KD020', 'Khung đề MH029 số 20', 'Khung đề kiểm tra cho môn MH029', 75, 'MH029', TRUE, '2026-06-12 15:45:00', '2026-06-12 15:45:00', NULL);

INSERT INTO exam_matrices (id, code, name, description, is_default, exam_framework_id, active, created_at, updated_at, created_by) VALUES
    ('EM001', 'MT001', 'Ma trận đề 1', 'Phân bổ câu hỏi theo khối kiến thức và mức độ khó', TRUE, 'EF012', TRUE, '2026-06-12 15:45:00', '2026-06-12 15:45:00', NULL),
    ('EM002', 'MT002', 'Ma trận đề 2', 'Phân bổ câu hỏi theo khối kiến thức và mức độ khó', TRUE, 'EF012', TRUE, '2026-06-12 15:45:00', '2026-06-12 15:45:00', NULL),
    ('EM003', 'MT003', 'Ma trận đề 3', 'Phân bổ câu hỏi theo khối kiến thức và mức độ khó', TRUE, 'EF019', TRUE, '2026-06-12 15:45:00', '2026-06-12 15:45:00', NULL),
    ('EM004', 'MT004', 'Ma trận đề 4', 'Phân bổ câu hỏi theo khối kiến thức và mức độ khó', TRUE, 'EF015', TRUE, '2026-06-12 15:45:00', '2026-06-12 15:45:00', NULL),
    ('EM005', 'MT005', 'Ma trận đề 5', 'Phân bổ câu hỏi theo khối kiến thức và mức độ khó', TRUE, 'EF015', TRUE, '2026-06-12 15:45:00', '2026-06-12 15:45:00', NULL),
    ('EM006', 'MT006', 'Ma trận đề 6', 'Phân bổ câu hỏi theo khối kiến thức và mức độ khó', FALSE, 'EF012', TRUE, '2026-06-12 15:45:00', '2026-06-12 15:45:00', NULL),
    ('EM007', 'MT007', 'Ma trận đề 7', 'Phân bổ câu hỏi theo khối kiến thức và mức độ khó', FALSE, 'EF018', TRUE, '2026-06-12 15:45:00', '2026-06-12 15:45:00', NULL),
    ('EM008', 'MT008', 'Ma trận đề 8', 'Phân bổ câu hỏi theo khối kiến thức và mức độ khó', FALSE, 'EF017', TRUE, '2026-06-12 15:45:00', '2026-06-12 15:45:00', NULL),
    ('EM009', 'MT009', 'Ma trận đề 9', 'Phân bổ câu hỏi theo khối kiến thức và mức độ khó', FALSE, 'EF004', TRUE, '2026-06-12 15:45:00', '2026-06-12 15:45:00', NULL),
    ('EM010', 'MT010', 'Ma trận đề 10', 'Phân bổ câu hỏi theo khối kiến thức và mức độ khó', FALSE, 'EF007', TRUE, '2026-06-12 15:45:00', '2026-06-12 15:45:00', NULL),
    ('EM011', 'MT011', 'Ma trận đề 11', 'Phân bổ câu hỏi theo khối kiến thức và mức độ khó', FALSE, 'EF017', TRUE, '2026-06-12 15:45:00', '2026-06-12 15:45:00', NULL),
    ('EM012', 'MT012', 'Ma trận đề 12', 'Phân bổ câu hỏi theo khối kiến thức và mức độ khó', FALSE, 'EF015', TRUE, '2026-06-12 15:45:00', '2026-06-12 15:45:00', NULL),
    ('EM013', 'MT013', 'Ma trận đề 13', 'Phân bổ câu hỏi theo khối kiến thức và mức độ khó', FALSE, 'EF005', TRUE, '2026-06-12 15:45:00', '2026-06-12 15:45:00', NULL),
    ('EM014', 'MT014', 'Ma trận đề 14', 'Phân bổ câu hỏi theo khối kiến thức và mức độ khó', FALSE, 'EF019', TRUE, '2026-06-12 15:45:00', '2026-06-12 15:45:00', NULL),
    ('EM015', 'MT015', 'Ma trận đề 15', 'Phân bổ câu hỏi theo khối kiến thức và mức độ khó', FALSE, 'EF012', TRUE, '2026-06-12 15:45:00', '2026-06-12 15:45:00', NULL),
    ('EM016', 'MT016', 'Ma trận đề 16', 'Phân bổ câu hỏi theo khối kiến thức và mức độ khó', FALSE, 'EF001', TRUE, '2026-06-12 15:45:00', '2026-06-12 15:45:00', NULL),
    ('EM017', 'MT017', 'Ma trận đề 17', 'Phân bổ câu hỏi theo khối kiến thức và mức độ khó', FALSE, 'EF011', TRUE, '2026-06-12 15:45:00', '2026-06-12 15:45:00', NULL),
    ('EM018', 'MT018', 'Ma trận đề 18', 'Phân bổ câu hỏi theo khối kiến thức và mức độ khó', FALSE, 'EF018', TRUE, '2026-06-12 15:45:00', '2026-06-12 15:45:00', NULL),
    ('EM019', 'MT019', 'Ma trận đề 19', 'Phân bổ câu hỏi theo khối kiến thức và mức độ khó', FALSE, 'EF017', TRUE, '2026-06-12 15:45:00', '2026-06-12 15:45:00', NULL),
    ('EM020', 'MT020', 'Ma trận đề 20', 'Phân bổ câu hỏi theo khối kiến thức và mức độ khó', FALSE, 'EF007', TRUE, '2026-06-12 15:45:00', '2026-06-12 15:45:00', NULL),
    ('EM021', 'MT021', 'Ma trận đề 21', 'Phân bổ câu hỏi theo khối kiến thức và mức độ khó', FALSE, 'EF014', TRUE, '2026-06-12 15:45:00', '2026-06-12 15:45:00', NULL),
    ('EM022', 'MT022', 'Ma trận đề 22', 'Phân bổ câu hỏi theo khối kiến thức và mức độ khó', FALSE, 'EF001', TRUE, '2026-06-12 15:45:00', '2026-06-12 15:45:00', NULL),
    ('EM023', 'MT023', 'Ma trận đề 23', 'Phân bổ câu hỏi theo khối kiến thức và mức độ khó', FALSE, 'EF018', TRUE, '2026-06-12 15:45:00', '2026-06-12 15:45:00', NULL),
    ('EM024', 'MT024', 'Ma trận đề 24', 'Phân bổ câu hỏi theo khối kiến thức và mức độ khó', FALSE, 'EF006', TRUE, '2026-06-12 15:45:00', '2026-06-12 15:45:00', NULL),
    ('EM025', 'MT025', 'Ma trận đề 25', 'Phân bổ câu hỏi theo khối kiến thức và mức độ khó', FALSE, 'EF004', TRUE, '2026-06-12 15:45:00', '2026-06-12 15:45:00', NULL),
    ('EM026', 'MT026', 'Ma trận đề 26', 'Phân bổ câu hỏi theo khối kiến thức và mức độ khó', FALSE, 'EF006', TRUE, '2026-06-12 15:45:00', '2026-06-12 15:45:00', NULL),
    ('EM027', 'MT027', 'Ma trận đề 27', 'Phân bổ câu hỏi theo khối kiến thức và mức độ khó', FALSE, 'EF016', TRUE, '2026-06-12 15:45:00', '2026-06-12 15:45:00', NULL),
    ('EM028', 'MT028', 'Ma trận đề 28', 'Phân bổ câu hỏi theo khối kiến thức và mức độ khó', FALSE, 'EF013', TRUE, '2026-06-12 15:45:00', '2026-06-12 15:45:00', NULL),
    ('EM029', 'MT029', 'Ma trận đề 29', 'Phân bổ câu hỏi theo khối kiến thức và mức độ khó', FALSE, 'EF005', TRUE, '2026-06-12 15:45:00', '2026-06-12 15:45:00', NULL),
    ('EM030', 'MT030', 'Ma trận đề 30', 'Phân bổ câu hỏi theo khối kiến thức và mức độ khó', FALSE, 'EF006', TRUE, '2026-06-12 15:45:00', '2026-06-12 15:45:00', NULL);

INSERT INTO knowledge_blocks (id, code, name, description, mon_hoc_id, active, created_at, updated_at, created_by) VALUES
    ('KB001', 'KKT001', 'Chương 7 - Tôi', 'Khối kiến thức phục vụ sinh câu hỏi', 'MH008', TRUE, '2026-06-12 15:45:00', '2026-06-12 15:45:00', NULL),
    ('KB002', 'KKT002', 'Chương 2 - Các', 'Khối kiến thức phục vụ sinh câu hỏi', 'MH041', TRUE, '2026-06-12 15:45:00', '2026-06-12 15:45:00', NULL),
    ('KB003', 'KKT003', 'Chương 8 - Nhiều', 'Khối kiến thức phục vụ sinh câu hỏi', 'MH016', TRUE, '2026-06-12 15:45:00', '2026-06-12 15:45:00', NULL),
    ('KB004', 'KKT004', 'Chương 2 - Hơn', 'Khối kiến thức phục vụ sinh câu hỏi', 'MH027', TRUE, '2026-06-12 15:45:00', '2026-06-12 15:45:00', NULL),
    ('KB005', 'KKT005', 'Chương 8 - Mỗi', 'Khối kiến thức phục vụ sinh câu hỏi', 'MH046', TRUE, '2026-06-12 15:45:00', '2026-06-12 15:45:00', NULL),
    ('KB006', 'KKT006', 'Chương 2 - Mà', 'Khối kiến thức phục vụ sinh câu hỏi', 'MH018', TRUE, '2026-06-12 15:45:00', '2026-06-12 15:45:00', NULL),
    ('KB007', 'KKT007', 'Chương 1 - Là', 'Khối kiến thức phục vụ sinh câu hỏi', 'MH074', TRUE, '2026-06-12 15:45:00', '2026-06-12 15:45:00', NULL),
    ('KB008', 'KKT008', 'Chương 2 - Vẫn', 'Khối kiến thức phục vụ sinh câu hỏi', 'MH048', TRUE, '2026-06-12 15:45:00', '2026-06-12 15:45:00', NULL),
    ('KB009', 'KKT009', 'Chương 7 - Nếu', 'Khối kiến thức phục vụ sinh câu hỏi', 'MH063', TRUE, '2026-06-12 15:45:00', '2026-06-12 15:45:00', NULL),
    ('KB010', 'KKT010', 'Chương 2 - Vẫn', 'Khối kiến thức phục vụ sinh câu hỏi', 'MH008', TRUE, '2026-06-12 15:45:00', '2026-06-12 15:45:00', NULL),
    ('KB011', 'KKT011', 'Chương 8 - Hơn', 'Khối kiến thức phục vụ sinh câu hỏi', 'MH069', TRUE, '2026-06-12 15:45:00', '2026-06-12 15:45:00', NULL),
    ('KB012', 'KKT012', 'Chương 5 - Đã', 'Khối kiến thức phục vụ sinh câu hỏi', 'MH030', TRUE, '2026-06-12 15:45:00', '2026-06-12 15:45:00', NULL),
    ('KB013', 'KKT013', 'Chương 2 - Để', 'Khối kiến thức phục vụ sinh câu hỏi', 'MH029', TRUE, '2026-06-12 15:45:00', '2026-06-12 15:45:00', NULL),
    ('KB014', 'KKT014', 'Chương 6 - Dưới', 'Khối kiến thức phục vụ sinh câu hỏi', 'MH033', TRUE, '2026-06-12 15:45:00', '2026-06-12 15:45:00', NULL),
    ('KB015', 'KKT015', 'Chương 8 - Nếu', 'Khối kiến thức phục vụ sinh câu hỏi', 'MH018', TRUE, '2026-06-12 15:45:00', '2026-06-12 15:45:00', NULL),
    ('KB016', 'KKT016', 'Chương 8 - Vài', 'Khối kiến thức phục vụ sinh câu hỏi', 'MH001', TRUE, '2026-06-12 15:45:00', '2026-06-12 15:45:00', NULL),
    ('KB017', 'KKT017', 'Chương 8 - Gần', 'Khối kiến thức phục vụ sinh câu hỏi', 'MH069', TRUE, '2026-06-12 15:45:00', '2026-06-12 15:45:00', NULL),
    ('KB018', 'KKT018', 'Chương 6 - Cho', 'Khối kiến thức phục vụ sinh câu hỏi', 'MH068', TRUE, '2026-06-12 15:45:00', '2026-06-12 15:45:00', NULL),
    ('KB019', 'KKT019', 'Chương 1 - Về', 'Khối kiến thức phục vụ sinh câu hỏi', 'MH008', TRUE, '2026-06-12 15:45:00', '2026-06-12 15:45:00', NULL),
    ('KB020', 'KKT020', 'Chương 5 - Cũng', 'Khối kiến thức phục vụ sinh câu hỏi', 'MH078', TRUE, '2026-06-12 15:45:00', '2026-06-12 15:45:00', NULL),
    ('KB021', 'KKT021', 'Chương 5 - Rất', 'Khối kiến thức phục vụ sinh câu hỏi', 'MH044', TRUE, '2026-06-12 15:45:00', '2026-06-12 15:45:00', NULL),
    ('KB022', 'KKT022', 'Chương 8 - Đã', 'Khối kiến thức phục vụ sinh câu hỏi', 'MH023', TRUE, '2026-06-12 15:45:00', '2026-06-12 15:45:00', NULL),
    ('KB023', 'KKT023', 'Chương 1 - Để', 'Khối kiến thức phục vụ sinh câu hỏi', 'MH050', TRUE, '2026-06-12 15:45:00', '2026-06-12 15:45:00', NULL),
    ('KB024', 'KKT024', 'Chương 7 - Cái', 'Khối kiến thức phục vụ sinh câu hỏi', 'MH031', TRUE, '2026-06-12 15:45:00', '2026-06-12 15:45:00', NULL),
    ('KB025', 'KKT025', 'Chương 1 - Đúng', 'Khối kiến thức phục vụ sinh câu hỏi', 'MH048', TRUE, '2026-06-12 15:45:00', '2026-06-12 15:45:00', NULL),
    ('KB026', 'KKT026', 'Chương 5 - Hơn', 'Khối kiến thức phục vụ sinh câu hỏi', 'MH041', TRUE, '2026-06-12 15:45:00', '2026-06-12 15:45:00', NULL),
    ('KB027', 'KKT027', 'Chương 3 - Chỉ', 'Khối kiến thức phục vụ sinh câu hỏi', 'MH033', TRUE, '2026-06-12 15:45:00', '2026-06-12 15:45:00', NULL),
    ('KB028', 'KKT028', 'Chương 2 - Điều', 'Khối kiến thức phục vụ sinh câu hỏi', 'MH042', TRUE, '2026-06-12 15:45:00', '2026-06-12 15:45:00', NULL),
    ('KB029', 'KKT029', 'Chương 8 - Có', 'Khối kiến thức phục vụ sinh câu hỏi', 'MH048', TRUE, '2026-06-12 15:45:00', '2026-06-12 15:45:00', NULL),
    ('KB030', 'KKT030', 'Chương 8 - Một', 'Khối kiến thức phục vụ sinh câu hỏi', 'MH072', TRUE, '2026-06-12 15:45:00', '2026-06-12 15:45:00', NULL),
    ('KB031', 'KKT031', 'Chương 5 - Đó', 'Khối kiến thức phục vụ sinh câu hỏi', 'MH049', TRUE, '2026-06-12 15:45:00', '2026-06-12 15:45:00', NULL),
    ('KB032', 'KKT032', 'Chương 4 - Rất', 'Khối kiến thức phục vụ sinh câu hỏi', 'MH074', TRUE, '2026-06-12 15:45:00', '2026-06-12 15:45:00', NULL),
    ('KB033', 'KKT033', 'Chương 3 - Như', 'Khối kiến thức phục vụ sinh câu hỏi', 'MH080', TRUE, '2026-06-12 15:45:00', '2026-06-12 15:45:00', NULL),
    ('KB034', 'KKT034', 'Chương 7 - Của', 'Khối kiến thức phục vụ sinh câu hỏi', 'MH032', TRUE, '2026-06-12 15:45:00', '2026-06-12 15:45:00', NULL),
    ('KB035', 'KKT035', 'Chương 3 - Một', 'Khối kiến thức phục vụ sinh câu hỏi', 'MH015', TRUE, '2026-06-12 15:45:00', '2026-06-12 15:45:00', NULL),
    ('KB036', 'KKT036', 'Chương 8 - Bạn', 'Khối kiến thức phục vụ sinh câu hỏi', 'MH052', TRUE, '2026-06-12 15:45:00', '2026-06-12 15:45:00', NULL),
    ('KB037', 'KKT037', 'Chương 1 - Để', 'Khối kiến thức phục vụ sinh câu hỏi', 'MH001', TRUE, '2026-06-12 15:45:00', '2026-06-12 15:45:00', NULL),
    ('KB038', 'KKT038', 'Chương 2 - Bạn', 'Khối kiến thức phục vụ sinh câu hỏi', 'MH007', TRUE, '2026-06-12 15:45:00', '2026-06-12 15:45:00', NULL),
    ('KB039', 'KKT039', 'Chương 8 - Cũng', 'Khối kiến thức phục vụ sinh câu hỏi', 'MH058', TRUE, '2026-06-12 15:45:00', '2026-06-12 15:45:00', NULL),
    ('KB040', 'KKT040', 'Chương 1 - Như', 'Khối kiến thức phục vụ sinh câu hỏi', 'MH001', TRUE, '2026-06-12 15:45:00', '2026-06-12 15:45:00', NULL),
    ('KB041', 'KKT041', 'Chương 5 - Trong', 'Khối kiến thức phục vụ sinh câu hỏi', 'MH023', TRUE, '2026-06-12 15:45:00', '2026-06-12 15:45:00', NULL),
    ('KB042', 'KKT042', 'Chương 7 - Nếu', 'Khối kiến thức phục vụ sinh câu hỏi', 'MH004', TRUE, '2026-06-12 15:45:00', '2026-06-12 15:45:00', NULL),
    ('KB043', 'KKT043', 'Chương 4 - Từng', 'Khối kiến thức phục vụ sinh câu hỏi', 'MH042', TRUE, '2026-06-12 15:45:00', '2026-06-12 15:45:00', NULL),
    ('KB044', 'KKT044', 'Chương 7 - Như', 'Khối kiến thức phục vụ sinh câu hỏi', 'MH046', TRUE, '2026-06-12 15:45:00', '2026-06-12 15:45:00', NULL),
    ('KB045', 'KKT045', 'Chương 6 - Đó', 'Khối kiến thức phục vụ sinh câu hỏi', 'MH013', TRUE, '2026-06-12 15:45:00', '2026-06-12 15:45:00', NULL),
    ('KB046', 'KKT046', 'Chương 6 - Với', 'Khối kiến thức phục vụ sinh câu hỏi', 'MH038', TRUE, '2026-06-12 15:45:00', '2026-06-12 15:45:00', NULL),
    ('KB047', 'KKT047', 'Chương 3 - Tôi', 'Khối kiến thức phục vụ sinh câu hỏi', 'MH010', TRUE, '2026-06-12 15:45:00', '2026-06-12 15:45:00', NULL),
    ('KB048', 'KKT048', 'Chương 7 - Và', 'Khối kiến thức phục vụ sinh câu hỏi', 'MH035', TRUE, '2026-06-12 15:45:00', '2026-06-12 15:45:00', NULL),
    ('KB049', 'KKT049', 'Chương 1 - Người', 'Khối kiến thức phục vụ sinh câu hỏi', 'MH029', TRUE, '2026-06-12 15:45:00', '2026-06-12 15:45:00', NULL),
    ('KB050', 'KKT050', 'Chương 3 - Của', 'Khối kiến thức phục vụ sinh câu hỏi', 'MH046', TRUE, '2026-06-12 15:45:00', '2026-06-12 15:45:00', NULL),
    ('KB051', 'KKT051', 'Chương 2 - Một', 'Khối kiến thức phục vụ sinh câu hỏi', 'MH046', TRUE, '2026-06-12 15:45:00', '2026-06-12 15:45:00', NULL),
    ('KB052', 'KKT052', 'Chương 6 - Gần', 'Khối kiến thức phục vụ sinh câu hỏi', 'MH030', TRUE, '2026-06-12 15:45:00', '2026-06-12 15:45:00', NULL),
    ('KB053', 'KKT053', 'Chương 6 - Để', 'Khối kiến thức phục vụ sinh câu hỏi', 'MH064', TRUE, '2026-06-12 15:45:00', '2026-06-12 15:45:00', NULL),
    ('KB054', 'KKT054', 'Chương 4 - Tại', 'Khối kiến thức phục vụ sinh câu hỏi', 'MH031', TRUE, '2026-06-12 15:45:00', '2026-06-12 15:45:00', NULL),
    ('KB055', 'KKT055', 'Chương 7 - Vẫn', 'Khối kiến thức phục vụ sinh câu hỏi', 'MH055', TRUE, '2026-06-12 15:45:00', '2026-06-12 15:45:00', NULL),
    ('KB056', 'KKT056', 'Chương 7 - Từ', 'Khối kiến thức phục vụ sinh câu hỏi', 'MH056', TRUE, '2026-06-12 15:45:00', '2026-06-12 15:45:00', NULL),
    ('KB057', 'KKT057', 'Chương 4 - Để', 'Khối kiến thức phục vụ sinh câu hỏi', 'MH005', TRUE, '2026-06-12 15:45:00', '2026-06-12 15:45:00', NULL),
    ('KB058', 'KKT058', 'Chương 1 - Như', 'Khối kiến thức phục vụ sinh câu hỏi', 'MH015', TRUE, '2026-06-12 15:45:00', '2026-06-12 15:45:00', NULL),
    ('KB059', 'KKT059', 'Chương 2 - Có', 'Khối kiến thức phục vụ sinh câu hỏi', 'MH031', TRUE, '2026-06-12 15:45:00', '2026-06-12 15:45:00', NULL),
    ('KB060', 'KKT060', 'Chương 2 - Như', 'Khối kiến thức phục vụ sinh câu hỏi', 'MH046', TRUE, '2026-06-12 15:45:00', '2026-06-12 15:45:00', NULL);

INSERT INTO question_banks (id, code, name, description, mon_hoc_id, active, created_at, updated_at, created_by) VALUES
    ('QB001', 'NHCH001', 'Ngân hàng câu hỏi MH056', 'Câu hỏi dùng cho kiểm tra/thi môn MH056', 'MH056', TRUE, '2026-06-12 15:45:00', '2026-06-12 15:45:00', NULL),
    ('QB002', 'NHCH002', 'Ngân hàng câu hỏi MH040', 'Câu hỏi dùng cho kiểm tra/thi môn MH040', 'MH040', TRUE, '2026-06-12 15:45:00', '2026-06-12 15:45:00', NULL),
    ('QB003', 'NHCH003', 'Ngân hàng câu hỏi MH001', 'Câu hỏi dùng cho kiểm tra/thi môn MH001', 'MH001', TRUE, '2026-06-12 15:45:00', '2026-06-12 15:45:00', NULL),
    ('QB004', 'NHCH004', 'Ngân hàng câu hỏi MH062', 'Câu hỏi dùng cho kiểm tra/thi môn MH062', 'MH062', TRUE, '2026-06-12 15:45:00', '2026-06-12 15:45:00', NULL),
    ('QB005', 'NHCH005', 'Ngân hàng câu hỏi MH025', 'Câu hỏi dùng cho kiểm tra/thi môn MH025', 'MH025', TRUE, '2026-06-12 15:45:00', '2026-06-12 15:45:00', NULL),
    ('QB006', 'NHCH006', 'Ngân hàng câu hỏi MH047', 'Câu hỏi dùng cho kiểm tra/thi môn MH047', 'MH047', TRUE, '2026-06-12 15:45:00', '2026-06-12 15:45:00', NULL),
    ('QB007', 'NHCH007', 'Ngân hàng câu hỏi MH063', 'Câu hỏi dùng cho kiểm tra/thi môn MH063', 'MH063', TRUE, '2026-06-12 15:45:00', '2026-06-12 15:45:00', NULL),
    ('QB008', 'NHCH008', 'Ngân hàng câu hỏi MH033', 'Câu hỏi dùng cho kiểm tra/thi môn MH033', 'MH033', TRUE, '2026-06-12 15:45:00', '2026-06-12 15:45:00', NULL),
    ('QB009', 'NHCH009', 'Ngân hàng câu hỏi MH069', 'Câu hỏi dùng cho kiểm tra/thi môn MH069', 'MH069', TRUE, '2026-06-12 15:45:00', '2026-06-12 15:45:00', NULL),
    ('QB010', 'NHCH010', 'Ngân hàng câu hỏi MH047', 'Câu hỏi dùng cho kiểm tra/thi môn MH047', 'MH047', TRUE, '2026-06-12 15:45:00', '2026-06-12 15:45:00', NULL),
    ('QB011', 'NHCH011', 'Ngân hàng câu hỏi MH018', 'Câu hỏi dùng cho kiểm tra/thi môn MH018', 'MH018', TRUE, '2026-06-12 15:45:00', '2026-06-12 15:45:00', NULL),
    ('QB012', 'NHCH012', 'Ngân hàng câu hỏi MH033', 'Câu hỏi dùng cho kiểm tra/thi môn MH033', 'MH033', TRUE, '2026-06-12 15:45:00', '2026-06-12 15:45:00', NULL),
    ('QB013', 'NHCH013', 'Ngân hàng câu hỏi MH038', 'Câu hỏi dùng cho kiểm tra/thi môn MH038', 'MH038', TRUE, '2026-06-12 15:45:00', '2026-06-12 15:45:00', NULL),
    ('QB014', 'NHCH014', 'Ngân hàng câu hỏi MH074', 'Câu hỏi dùng cho kiểm tra/thi môn MH074', 'MH074', TRUE, '2026-06-12 15:45:00', '2026-06-12 15:45:00', NULL),
    ('QB015', 'NHCH015', 'Ngân hàng câu hỏi MH021', 'Câu hỏi dùng cho kiểm tra/thi môn MH021', 'MH021', TRUE, '2026-06-12 15:45:00', '2026-06-12 15:45:00', NULL),
    ('QB016', 'NHCH016', 'Ngân hàng câu hỏi MH003', 'Câu hỏi dùng cho kiểm tra/thi môn MH003', 'MH003', TRUE, '2026-06-12 15:45:00', '2026-06-12 15:45:00', NULL),
    ('QB017', 'NHCH017', 'Ngân hàng câu hỏi MH061', 'Câu hỏi dùng cho kiểm tra/thi môn MH061', 'MH061', TRUE, '2026-06-12 15:45:00', '2026-06-12 15:45:00', NULL),
    ('QB018', 'NHCH018', 'Ngân hàng câu hỏi MH074', 'Câu hỏi dùng cho kiểm tra/thi môn MH074', 'MH074', TRUE, '2026-06-12 15:45:00', '2026-06-12 15:45:00', NULL),
    ('QB019', 'NHCH019', 'Ngân hàng câu hỏi MH074', 'Câu hỏi dùng cho kiểm tra/thi môn MH074', 'MH074', TRUE, '2026-06-12 15:45:00', '2026-06-12 15:45:00', NULL),
    ('QB020', 'NHCH020', 'Ngân hàng câu hỏi MH063', 'Câu hỏi dùng cho kiểm tra/thi môn MH063', 'MH063', TRUE, '2026-06-12 15:45:00', '2026-06-12 15:45:00', NULL),
    ('QB021', 'NHCH021', 'Ngân hàng câu hỏi MH041', 'Câu hỏi dùng cho kiểm tra/thi môn MH041', 'MH041', TRUE, '2026-06-12 15:45:00', '2026-06-12 15:45:00', NULL),
    ('QB022', 'NHCH022', 'Ngân hàng câu hỏi MH007', 'Câu hỏi dùng cho kiểm tra/thi môn MH007', 'MH007', TRUE, '2026-06-12 15:45:00', '2026-06-12 15:45:00', NULL),
    ('QB023', 'NHCH023', 'Ngân hàng câu hỏi MH024', 'Câu hỏi dùng cho kiểm tra/thi môn MH024', 'MH024', TRUE, '2026-06-12 15:45:00', '2026-06-12 15:45:00', NULL),
    ('QB024', 'NHCH024', 'Ngân hàng câu hỏi MH031', 'Câu hỏi dùng cho kiểm tra/thi môn MH031', 'MH031', TRUE, '2026-06-12 15:45:00', '2026-06-12 15:45:00', NULL),
    ('QB025', 'NHCH025', 'Ngân hàng câu hỏi MH077', 'Câu hỏi dùng cho kiểm tra/thi môn MH077', 'MH077', TRUE, '2026-06-12 15:45:00', '2026-06-12 15:45:00', NULL);

INSERT INTO questions (id, code, content, type, difficult, explanation, question_bank_id, knowledge_block_id, active, created_at, updated_at, created_by) VALUES
    ('Q0001', 'CH0001', 'Bạn có góp ý gì để cải thiện học phần/dịch vụ? (Theo khiến nào có.)', 'fill_blank', 'medium', 'Đáp án dựa trên chuẩn đầu ra của học phần.', 'QB005', 'KB012', TRUE, '2026-06-12 15:45:00', '2026-06-12 15:45:00', NULL),
    ('Q0002', 'CH0002', 'Bạn hài lòng với trải nghiệm học tập của học phần này? (Gần để nhưng trong một cũng.)', 'single_choice', 'medium', 'Đáp án dựa trên chuẩn đầu ra của học phần.', 'QB009', 'KB047', TRUE, '2026-06-12 15:45:00', '2026-06-12 15:45:00', NULL),
    ('Q0003', 'CH0003', 'Lịch thi được thông báo kịp thời và rõ ràng? (Hoặc giữa không cũng sẽ.)', 'multiple_choice', 'easy', 'Đáp án dựa trên chuẩn đầu ra của học phần.', 'QB024', 'KB011', TRUE, '2026-06-12 15:45:00', '2026-06-12 15:45:00', NULL),
    ('Q0004', 'CH0004', 'Hình thức kiểm tra đánh giá phản ánh đúng năng lực người học? (Tự bạn tại gần.)', 'single_choice', 'hard', 'Đáp án dựa trên chuẩn đầu ra của học phần.', 'QB018', 'KB032', TRUE, '2026-06-12 15:45:00', '2026-06-12 15:45:00', NULL),
    ('Q0005', 'CH0005', 'Bạn có góp ý gì để cải thiện học phần/dịch vụ? (Này thay điều để một dưới.)', 'multiple_choice', 'hard', 'Đáp án dựa trên chuẩn đầu ra của học phần.', 'QB010', 'KB008', TRUE, '2026-06-12 15:45:00', '2026-06-12 15:45:00', NULL),
    ('Q0006', 'CH0006', 'Lịch thi được thông báo kịp thời và rõ ràng? (Với là đang với.)', 'essay', 'hard', 'Đáp án dựa trên chuẩn đầu ra của học phần.', 'QB017', 'KB004', TRUE, '2026-06-12 15:45:00', '2026-06-12 15:45:00', NULL),
    ('Q0007', 'CH0007', 'Quy trình coi thi được tổ chức nghiêm túc? (Cũng bạn gần dưới.)', 'multiple_choice', 'easy', 'Đáp án dựa trên chuẩn đầu ra của học phần.', 'QB017', 'KB022', TRUE, '2026-06-12 15:45:00', '2026-06-12 15:45:00', NULL),
    ('Q0008', 'CH0008', 'Giảng viên trình bày bài học rõ ràng và dễ hiểu? (Tại từ thì.)', 'multiple_choice', 'hard', 'Đáp án dựa trên chuẩn đầu ra của học phần.', 'QB007', 'KB014', TRUE, '2026-06-12 15:45:00', '2026-06-12 15:45:00', NULL),
    ('Q0009', 'CH0009', 'Quy trình coi thi được tổ chức nghiêm túc? (Vài và để vài một vậy.)', 'single_choice', 'hard', 'Đáp án dựa trên chuẩn đầu ra của học phần.', 'QB015', 'KB035', TRUE, '2026-06-12 15:45:00', '2026-06-12 15:45:00', NULL),
    ('Q0010', 'CH0010', 'Lịch thi được thông báo kịp thời và rõ ràng? (Này trong như.)', 'essay', 'easy', 'Đáp án dựa trên chuẩn đầu ra của học phần.', 'QB024', 'KB009', TRUE, '2026-06-12 15:45:00', '2026-06-12 15:45:00', NULL),
    ('Q0011', 'CH0011', 'Phòng học và thiết bị hỗ trợ học tập đáp ứng nhu cầu? (Nơi chưa các mà hoặc.)', 'multiple_choice', 'hard', 'Đáp án dựa trên chuẩn đầu ra của học phần.', 'QB019', 'KB041', TRUE, '2026-06-12 15:45:00', '2026-06-12 15:45:00', NULL),
    ('Q0012', 'CH0012', 'Phòng học và thiết bị hỗ trợ học tập đáp ứng nhu cầu? (Rất từ đúng để khi làm và.)', 'single_choice', 'medium', 'Đáp án dựa trên chuẩn đầu ra của học phần.', 'QB018', 'KB032', TRUE, '2026-06-12 15:45:00', '2026-06-12 15:45:00', NULL),
    ('Q0013', 'CH0013', 'Quy trình coi thi được tổ chức nghiêm túc? (Bạn như khi như tại của sẽ.)', 'true_false', 'medium', 'Đáp án dựa trên chuẩn đầu ra của học phần.', 'QB022', 'KB042', TRUE, '2026-06-12 15:45:00', '2026-06-12 15:45:00', NULL),
    ('Q0014', 'CH0014', 'Tài liệu học tập được cung cấp đầy đủ? (Bên từ giống cũng cũng đi.)', 'multiple_choice', 'medium', 'Đáp án dựa trên chuẩn đầu ra của học phần.', 'QB016', 'KB018', TRUE, '2026-06-12 15:45:00', '2026-06-12 15:45:00', NULL),
    ('Q0015', 'CH0015', 'Hình thức kiểm tra đánh giá phản ánh đúng năng lực người học? (Đó từ của.)', 'essay', 'easy', 'Đáp án dựa trên chuẩn đầu ra của học phần.', 'QB024', 'KB005', TRUE, '2026-06-12 15:45:00', '2026-06-12 15:45:00', NULL),
    ('Q0016', 'CH0016', 'Tài liệu học tập được cung cấp đầy đủ? (Vài khiến có cái.)', 'single_choice', 'hard', 'Đáp án dựa trên chuẩn đầu ra của học phần.', 'QB015', 'KB025', TRUE, '2026-06-12 15:45:00', '2026-06-12 15:45:00', NULL),
    ('Q0017', 'CH0017', 'Lịch thi được thông báo kịp thời và rõ ràng? (Như nhiều từ cũng.)', 'single_choice', 'medium', 'Đáp án dựa trên chuẩn đầu ra của học phần.', 'QB008', 'KB022', TRUE, '2026-06-12 15:45:00', '2026-06-12 15:45:00', NULL),
    ('Q0018', 'CH0018', 'Tài liệu học tập được cung cấp đầy đủ? (Cũng nhiều hơn hơn.)', 'fill_blank', 'medium', 'Đáp án dựa trên chuẩn đầu ra của học phần.', 'QB020', 'KB056', TRUE, '2026-06-12 15:45:00', '2026-06-12 15:45:00', NULL),
    ('Q0019', 'CH0019', 'Đề thi có độ khó phù hợp với nội dung đã học? (Cách để giữa tôi.)', 'single_choice', 'easy', 'Đáp án dựa trên chuẩn đầu ra của học phần.', 'QB024', 'KB022', TRUE, '2026-06-12 15:45:00', '2026-06-12 15:45:00', NULL),
    ('Q0020', 'CH0020', 'Bạn hài lòng với trải nghiệm học tập của học phần này? (Của tự đúng với.)', 'essay', 'medium', 'Đáp án dựa trên chuẩn đầu ra của học phần.', 'QB002', 'KB012', TRUE, '2026-06-12 15:45:00', '2026-06-12 15:45:00', NULL),
    ('Q0021', 'CH0021', 'Giảng viên trình bày bài học rõ ràng và dễ hiểu? (Sẽ giữa tại của lớn nhiều để đi.)', 'fill_blank', 'hard', 'Đáp án dựa trên chuẩn đầu ra của học phần.', 'QB003', 'KB033', TRUE, '2026-06-12 15:45:00', '2026-06-12 15:45:00', NULL),
    ('Q0022', 'CH0022', 'Hình thức kiểm tra đánh giá phản ánh đúng năng lực người học? (Có trong tôi này như của.)', 'single_choice', 'hard', 'Đáp án dựa trên chuẩn đầu ra của học phần.', 'QB004', 'KB033', TRUE, '2026-06-12 15:45:00', '2026-06-12 15:45:00', NULL),
    ('Q0023', 'CH0023', 'Phòng học và thiết bị hỗ trợ học tập đáp ứng nhu cầu? (Hoặc điều nhưng như nhưng.)', 'fill_blank', 'medium', 'Đáp án dựa trên chuẩn đầu ra của học phần.', 'QB022', 'KB039', TRUE, '2026-06-12 15:45:00', '2026-06-12 15:45:00', NULL),
    ('Q0024', 'CH0024', 'Phòng học và thiết bị hỗ trợ học tập đáp ứng nhu cầu? (Bên như giữa hơn vẫn giữa.)', 'multiple_choice', 'hard', 'Đáp án dựa trên chuẩn đầu ra của học phần.', 'QB017', 'KB007', TRUE, '2026-06-12 15:45:00', '2026-06-12 15:45:00', NULL),
    ('Q0025', 'CH0025', 'Giảng viên trình bày bài học rõ ràng và dễ hiểu? (Như cái lớn dưới của với.)', 'fill_blank', 'easy', 'Đáp án dựa trên chuẩn đầu ra của học phần.', 'QB018', 'KB052', TRUE, '2026-06-12 15:45:00', '2026-06-12 15:45:00', NULL),
    ('Q0026', 'CH0026', 'Quy trình coi thi được tổ chức nghiêm túc? (Thì này giữa.)', 'single_choice', 'medium', 'Đáp án dựa trên chuẩn đầu ra của học phần.', 'QB011', 'KB032', TRUE, '2026-06-12 15:45:00', '2026-06-12 15:45:00', NULL),
    ('Q0027', 'CH0027', 'Giảng viên trình bày bài học rõ ràng và dễ hiểu? (Rất và đến cách đang vẫn hơn.)', 'single_choice', 'medium', 'Đáp án dựa trên chuẩn đầu ra của học phần.', 'QB012', 'KB028', TRUE, '2026-06-12 15:45:00', '2026-06-12 15:45:00', NULL),
    ('Q0028', 'CH0028', 'Lịch thi được thông báo kịp thời và rõ ràng? (Rất mà với gần một tại.)', 'fill_blank', 'hard', 'Đáp án dựa trên chuẩn đầu ra của học phần.', 'QB017', 'KB013', TRUE, '2026-06-12 15:45:00', '2026-06-12 15:45:00', NULL),
    ('Q0029', 'CH0029', 'Phòng học và thiết bị hỗ trợ học tập đáp ứng nhu cầu? (Rất người với cũng như có.)', 'multiple_choice', 'easy', 'Đáp án dựa trên chuẩn đầu ra của học phần.', 'QB008', 'KB051', TRUE, '2026-06-12 15:45:00', '2026-06-12 15:45:00', NULL),
    ('Q0030', 'CH0030', 'Lịch thi được thông báo kịp thời và rõ ràng? (Đó giữa mỗi tại có.)', 'single_choice', 'medium', 'Đáp án dựa trên chuẩn đầu ra của học phần.', 'QB014', 'KB055', TRUE, '2026-06-12 15:45:00', '2026-06-12 15:45:00', NULL),
    ('Q0031', 'CH0031', 'Lịch thi được thông báo kịp thời và rõ ràng? (Như lớn để cũng cũng đó điều không.)', 'essay', 'easy', 'Đáp án dựa trên chuẩn đầu ra của học phần.', 'QB005', 'KB057', TRUE, '2026-06-12 15:45:00', '2026-06-12 15:45:00', NULL),
    ('Q0032', 'CH0032', 'Lịch thi được thông báo kịp thời và rõ ràng? (Để của mà hơn.)', 'single_choice', 'hard', 'Đáp án dựa trên chuẩn đầu ra của học phần.', 'QB002', 'KB052', TRUE, '2026-06-12 15:45:00', '2026-06-12 15:45:00', NULL),
    ('Q0033', 'CH0033', 'Mức độ phù hợp của nội dung học phần với mục tiêu đào tạo? (Như cũng khiến theo nơi trong.)', 'essay', 'medium', 'Đáp án dựa trên chuẩn đầu ra của học phần.', 'QB022', 'KB024', TRUE, '2026-06-12 15:45:00', '2026-06-12 15:45:00', NULL),
    ('Q0034', 'CH0034', 'Hình thức kiểm tra đánh giá phản ánh đúng năng lực người học? (Như của để vài theo vẫn đang.)', 'fill_blank', 'easy', 'Đáp án dựa trên chuẩn đầu ra của học phần.', 'QB017', 'KB010', TRUE, '2026-06-12 15:45:00', '2026-06-12 15:45:00', NULL),
    ('Q0035', 'CH0035', 'Tài liệu học tập được cung cấp đầy đủ? (Thế của tự vài vẫn.)', 'single_choice', 'medium', 'Đáp án dựa trên chuẩn đầu ra của học phần.', 'QB013', 'KB022', TRUE, '2026-06-12 15:45:00', '2026-06-12 15:45:00', NULL),
    ('Q0036', 'CH0036', 'Mức độ phù hợp của nội dung học phần với mục tiêu đào tạo? (Nơi như từng.)', 'true_false', 'hard', 'Đáp án dựa trên chuẩn đầu ra của học phần.', 'QB007', 'KB021', TRUE, '2026-06-12 15:45:00', '2026-06-12 15:45:00', NULL),
    ('Q0037', 'CH0037', 'Lịch thi được thông báo kịp thời và rõ ràng? (Thì như của khi số.)', 'fill_blank', 'medium', 'Đáp án dựa trên chuẩn đầu ra của học phần.', 'QB002', 'KB008', TRUE, '2026-06-12 15:45:00', '2026-06-12 15:45:00', NULL),
    ('Q0038', 'CH0038', 'Phòng học và thiết bị hỗ trợ học tập đáp ứng nhu cầu? (Nào bên của với hoặc các bên.)', 'true_false', 'hard', 'Đáp án dựa trên chuẩn đầu ra của học phần.', 'QB016', 'KB004', TRUE, '2026-06-12 15:45:00', '2026-06-12 15:45:00', NULL),
    ('Q0039', 'CH0039', 'Bạn có góp ý gì để cải thiện học phần/dịch vụ? (Như đến của không.)', 'true_false', 'easy', 'Đáp án dựa trên chuẩn đầu ra của học phần.', 'QB014', 'KB032', TRUE, '2026-06-12 15:45:00', '2026-06-12 15:45:00', NULL),
    ('Q0040', 'CH0040', 'Phòng học và thiết bị hỗ trợ học tập đáp ứng nhu cầu? (Người của được như tự.)', 'multiple_choice', 'hard', 'Đáp án dựa trên chuẩn đầu ra của học phần.', 'QB021', 'KB030', TRUE, '2026-06-12 15:45:00', '2026-06-12 15:45:00', NULL),
    ('Q0041', 'CH0041', 'Giảng viên trình bày bài học rõ ràng và dễ hiểu? (Vậy từng hoặc số.)', 'true_false', 'medium', 'Đáp án dựa trên chuẩn đầu ra của học phần.', 'QB008', 'KB046', TRUE, '2026-06-12 15:45:00', '2026-06-12 15:45:00', NULL),
    ('Q0042', 'CH0042', 'Đề thi có độ khó phù hợp với nội dung đã học? (Đó này đó.)', 'fill_blank', 'hard', 'Đáp án dựa trên chuẩn đầu ra của học phần.', 'QB012', 'KB029', TRUE, '2026-06-12 15:45:00', '2026-06-12 15:45:00', NULL),
    ('Q0043', 'CH0043', 'Lịch thi được thông báo kịp thời và rõ ràng? (Và người này khi không để nhiều.)', 'multiple_choice', 'hard', 'Đáp án dựa trên chuẩn đầu ra của học phần.', 'QB013', 'KB007', TRUE, '2026-06-12 15:45:00', '2026-06-12 15:45:00', NULL),
    ('Q0044', 'CH0044', 'Phòng học và thiết bị hỗ trợ học tập đáp ứng nhu cầu? (Hơn được cũng giống chưa chỉ.)', 'fill_blank', 'hard', 'Đáp án dựa trên chuẩn đầu ra của học phần.', 'QB013', 'KB048', TRUE, '2026-06-12 15:45:00', '2026-06-12 15:45:00', NULL),
    ('Q0045', 'CH0045', 'Tài liệu học tập được cung cấp đầy đủ? (Cách để thì và mà từ về đi.)', 'true_false', 'hard', 'Đáp án dựa trên chuẩn đầu ra của học phần.', 'QB018', 'KB009', TRUE, '2026-06-12 15:45:00', '2026-06-12 15:45:00', NULL),
    ('Q0046', 'CH0046', 'Lịch thi được thông báo kịp thời và rõ ràng? (Với cũng nhưng.)', 'multiple_choice', 'hard', 'Đáp án dựa trên chuẩn đầu ra của học phần.', 'QB013', 'KB046', TRUE, '2026-06-12 15:45:00', '2026-06-12 15:45:00', NULL),
    ('Q0047', 'CH0047', 'Phòng học và thiết bị hỗ trợ học tập đáp ứng nhu cầu? (Vẫn và rất vì của của.)', 'essay', 'easy', 'Đáp án dựa trên chuẩn đầu ra của học phần.', 'QB020', 'KB018', TRUE, '2026-06-12 15:45:00', '2026-06-12 15:45:00', NULL),
    ('Q0048', 'CH0048', 'Tài liệu học tập được cung cấp đầy đủ? (Nhiều đến với trong này như.)', 'true_false', 'hard', 'Đáp án dựa trên chuẩn đầu ra của học phần.', 'QB021', 'KB023', TRUE, '2026-06-12 15:45:00', '2026-06-12 15:45:00', NULL),
    ('Q0049', 'CH0049', 'Tài liệu học tập được cung cấp đầy đủ? (Để từ thế.)', 'fill_blank', 'hard', 'Đáp án dựa trên chuẩn đầu ra của học phần.', 'QB003', 'KB039', TRUE, '2026-06-12 15:45:00', '2026-06-12 15:45:00', NULL),
    ('Q0050', 'CH0050', 'Phòng học và thiết bị hỗ trợ học tập đáp ứng nhu cầu? (Có là cho nhiều.)', 'single_choice', 'hard', 'Đáp án dựa trên chuẩn đầu ra của học phần.', 'QB012', 'KB006', TRUE, '2026-06-12 15:45:00', '2026-06-12 15:45:00', NULL),
    ('Q0051', 'CH0051', 'Giảng viên trình bày bài học rõ ràng và dễ hiểu? (Mỗi bạn vẫn để đang nhiều.)', 'true_false', 'easy', 'Đáp án dựa trên chuẩn đầu ra của học phần.', 'QB024', 'KB043', TRUE, '2026-06-12 15:45:00', '2026-06-12 15:45:00', NULL),
    ('Q0052', 'CH0052', 'Đề thi có độ khó phù hợp với nội dung đã học? (Số trong cho về từ.)', 'multiple_choice', 'hard', 'Đáp án dựa trên chuẩn đầu ra của học phần.', 'QB021', 'KB055', TRUE, '2026-06-12 15:45:00', '2026-06-12 15:45:00', NULL),
    ('Q0053', 'CH0053', 'Đề thi có độ khó phù hợp với nội dung đã học? (Thì có có hơn từ.)', 'true_false', 'easy', 'Đáp án dựa trên chuẩn đầu ra của học phần.', 'QB006', 'KB031', TRUE, '2026-06-12 15:45:00', '2026-06-12 15:45:00', NULL),
    ('Q0054', 'CH0054', 'Bạn hài lòng với trải nghiệm học tập của học phần này? (Đúng tại hoặc các này thế.)', 'single_choice', 'hard', 'Đáp án dựa trên chuẩn đầu ra của học phần.', 'QB023', 'KB006', TRUE, '2026-06-12 15:45:00', '2026-06-12 15:45:00', NULL),
    ('Q0055', 'CH0055', 'Lịch thi được thông báo kịp thời và rõ ràng? (Bạn bên lớn để.)', 'essay', 'medium', 'Đáp án dựa trên chuẩn đầu ra của học phần.', 'QB012', 'KB014', TRUE, '2026-06-12 15:45:00', '2026-06-12 15:45:00', NULL),
    ('Q0056', 'CH0056', 'Bạn hài lòng với trải nghiệm học tập của học phần này? (Cách tại các từ cách có hoặc.)', 'single_choice', 'easy', 'Đáp án dựa trên chuẩn đầu ra của học phần.', 'QB009', 'KB054', TRUE, '2026-06-12 15:45:00', '2026-06-12 15:45:00', NULL),
    ('Q0057', 'CH0057', 'Bạn có góp ý gì để cải thiện học phần/dịch vụ? (Cho làm này nhiều bên này.)', 'essay', 'hard', 'Đáp án dựa trên chuẩn đầu ra của học phần.', 'QB020', 'KB047', TRUE, '2026-06-12 15:45:00', '2026-06-12 15:45:00', NULL),
    ('Q0058', 'CH0058', 'Lịch thi được thông báo kịp thời và rõ ràng? (Thay tự với nơi như như rất.)', 'essay', 'medium', 'Đáp án dựa trên chuẩn đầu ra của học phần.', 'QB017', 'KB006', TRUE, '2026-06-12 15:45:00', '2026-06-12 15:45:00', NULL),
    ('Q0059', 'CH0059', 'Quy trình coi thi được tổ chức nghiêm túc? (Không đi bạn nhiều.)', 'true_false', 'medium', 'Đáp án dựa trên chuẩn đầu ra của học phần.', 'QB007', 'KB037', TRUE, '2026-06-12 15:45:00', '2026-06-12 15:45:00', NULL),
    ('Q0060', 'CH0060', 'Phòng học và thiết bị hỗ trợ học tập đáp ứng nhu cầu? (Sau không nào.)', 'multiple_choice', 'hard', 'Đáp án dựa trên chuẩn đầu ra của học phần.', 'QB010', 'KB011', TRUE, '2026-06-12 15:45:00', '2026-06-12 15:45:00', NULL),
    ('Q0061', 'CH0061', 'Phòng học và thiết bị hỗ trợ học tập đáp ứng nhu cầu? (Các người chưa như của nào.)', 'fill_blank', 'hard', 'Đáp án dựa trên chuẩn đầu ra của học phần.', 'QB002', 'KB015', TRUE, '2026-06-12 15:45:00', '2026-06-12 15:45:00', NULL),
    ('Q0062', 'CH0062', 'Bạn hài lòng với trải nghiệm học tập của học phần này? (Của đó của rất các là mỗi.)', 'true_false', 'hard', 'Đáp án dựa trên chuẩn đầu ra của học phần.', 'QB009', 'KB010', TRUE, '2026-06-12 15:45:00', '2026-06-12 15:45:00', NULL),
    ('Q0063', 'CH0063', 'Tài liệu học tập được cung cấp đầy đủ? (Mà có dưới để đi.)', 'fill_blank', 'hard', 'Đáp án dựa trên chuẩn đầu ra của học phần.', 'QB021', 'KB047', TRUE, '2026-06-12 15:45:00', '2026-06-12 15:45:00', NULL),
    ('Q0064', 'CH0064', 'Đề thi có độ khó phù hợp với nội dung đã học? (Như tại gần theo thay tự.)', 'true_false', 'easy', 'Đáp án dựa trên chuẩn đầu ra của học phần.', 'QB025', 'KB013', TRUE, '2026-06-12 15:45:00', '2026-06-12 15:45:00', NULL),
    ('Q0065', 'CH0065', 'Đề thi có độ khó phù hợp với nội dung đã học? (Bên cũng hơn dưới như bạn hơn để.)', 'fill_blank', 'hard', 'Đáp án dựa trên chuẩn đầu ra của học phần.', 'QB020', 'KB002', TRUE, '2026-06-12 15:45:00', '2026-06-12 15:45:00', NULL),
    ('Q0066', 'CH0066', 'Tài liệu học tập được cung cấp đầy đủ? (Khiến không gần đi hơn.)', 'true_false', 'medium', 'Đáp án dựa trên chuẩn đầu ra của học phần.', 'QB019', 'KB057', TRUE, '2026-06-12 15:45:00', '2026-06-12 15:45:00', NULL),
    ('Q0067', 'CH0067', 'Phòng học và thiết bị hỗ trợ học tập đáp ứng nhu cầu? (Tự chỉ đi là.)', 'essay', 'hard', 'Đáp án dựa trên chuẩn đầu ra của học phần.', 'QB022', 'KB005', TRUE, '2026-06-12 15:45:00', '2026-06-12 15:45:00', NULL),
    ('Q0068', 'CH0068', 'Đề thi có độ khó phù hợp với nội dung đã học? (Thì để nhiều gần cũng tại.)', 'essay', 'hard', 'Đáp án dựa trên chuẩn đầu ra của học phần.', 'QB017', 'KB027', TRUE, '2026-06-12 15:45:00', '2026-06-12 15:45:00', NULL),
    ('Q0069', 'CH0069', 'Lịch thi được thông báo kịp thời và rõ ràng? (Như của như của vài vậy.)', 'multiple_choice', 'hard', 'Đáp án dựa trên chuẩn đầu ra của học phần.', 'QB008', 'KB003', TRUE, '2026-06-12 15:45:00', '2026-06-12 15:45:00', NULL),
    ('Q0070', 'CH0070', 'Bạn có góp ý gì để cải thiện học phần/dịch vụ? (Vậy chưa vì vài cũng.)', 'true_false', 'hard', 'Đáp án dựa trên chuẩn đầu ra của học phần.', 'QB009', 'KB029', TRUE, '2026-06-12 15:45:00', '2026-06-12 15:45:00', NULL),
    ('Q0071', 'CH0071', 'Giảng viên trình bày bài học rõ ràng và dễ hiểu? (Đi số cho thay sẽ mỗi.)', 'multiple_choice', 'hard', 'Đáp án dựa trên chuẩn đầu ra của học phần.', 'QB011', 'KB022', TRUE, '2026-06-12 15:45:00', '2026-06-12 15:45:00', NULL),
    ('Q0072', 'CH0072', 'Đề thi có độ khó phù hợp với nội dung đã học? (Cũng từng đó được.)', 'single_choice', 'easy', 'Đáp án dựa trên chuẩn đầu ra của học phần.', 'QB018', 'KB001', TRUE, '2026-06-12 15:45:00', '2026-06-12 15:45:00', NULL),
    ('Q0073', 'CH0073', 'Đề thi có độ khó phù hợp với nội dung đã học? (Thay chưa của bên.)', 'single_choice', 'hard', 'Đáp án dựa trên chuẩn đầu ra của học phần.', 'QB011', 'KB003', TRUE, '2026-06-12 15:45:00', '2026-06-12 15:45:00', NULL),
    ('Q0074', 'CH0074', 'Đề thi có độ khó phù hợp với nội dung đã học? (Thế lớn nhiều hơn về lớn có.)', 'true_false', 'medium', 'Đáp án dựa trên chuẩn đầu ra của học phần.', 'QB024', 'KB030', TRUE, '2026-06-12 15:45:00', '2026-06-12 15:45:00', NULL),
    ('Q0075', 'CH0075', 'Mức độ phù hợp của nội dung học phần với mục tiêu đào tạo? (Này mà một chưa tự.)', 'multiple_choice', 'easy', 'Đáp án dựa trên chuẩn đầu ra của học phần.', 'QB003', 'KB050', TRUE, '2026-06-12 15:45:00', '2026-06-12 15:45:00', NULL),
    ('Q0076', 'CH0076', 'Quy trình coi thi được tổ chức nghiêm túc? (Để với như như trong.)', 'fill_blank', 'easy', 'Đáp án dựa trên chuẩn đầu ra của học phần.', 'QB001', 'KB003', TRUE, '2026-06-12 15:45:00', '2026-06-12 15:45:00', NULL),
    ('Q0077', 'CH0077', 'Giảng viên trình bày bài học rõ ràng và dễ hiểu? (Như của rất vài có.)', 'essay', 'hard', 'Đáp án dựa trên chuẩn đầu ra của học phần.', 'QB014', 'KB022', TRUE, '2026-06-12 15:45:00', '2026-06-12 15:45:00', NULL),
    ('Q0078', 'CH0078', 'Bạn hài lòng với trải nghiệm học tập của học phần này? (Là vì dưới đó đã cũng.)', 'multiple_choice', 'easy', 'Đáp án dựa trên chuẩn đầu ra của học phần.', 'QB002', 'KB039', TRUE, '2026-06-12 15:45:00', '2026-06-12 15:45:00', NULL),
    ('Q0079', 'CH0079', 'Tài liệu học tập được cung cấp đầy đủ? (Nào người từ chưa.)', 'true_false', 'hard', 'Đáp án dựa trên chuẩn đầu ra của học phần.', 'QB019', 'KB013', TRUE, '2026-06-12 15:45:00', '2026-06-12 15:45:00', NULL),
    ('Q0080', 'CH0080', 'Hình thức kiểm tra đánh giá phản ánh đúng năng lực người học? (Cho hơn hoặc là.)', 'single_choice', 'medium', 'Đáp án dựa trên chuẩn đầu ra của học phần.', 'QB006', 'KB026', TRUE, '2026-06-12 15:45:00', '2026-06-12 15:45:00', NULL),
    ('Q0081', 'CH0081', 'Tài liệu học tập được cung cấp đầy đủ? (Không được đi là từ.)', 'true_false', 'medium', 'Đáp án dựa trên chuẩn đầu ra của học phần.', 'QB018', 'KB030', TRUE, '2026-06-12 15:45:00', '2026-06-12 15:45:00', NULL),
    ('Q0082', 'CH0082', 'Mức độ phù hợp của nội dung học phần với mục tiêu đào tạo? (Giữa đi khiến đến theo để cái của.)', 'multiple_choice', 'hard', 'Đáp án dựa trên chuẩn đầu ra của học phần.', 'QB012', 'KB017', TRUE, '2026-06-12 15:45:00', '2026-06-12 15:45:00', NULL),
    ('Q0083', 'CH0083', 'Đề thi có độ khó phù hợp với nội dung đã học? (Như cho trong vì.)', 'single_choice', 'medium', 'Đáp án dựa trên chuẩn đầu ra của học phần.', 'QB002', 'KB040', TRUE, '2026-06-12 15:45:00', '2026-06-12 15:45:00', NULL),
    ('Q0084', 'CH0084', 'Lịch thi được thông báo kịp thời và rõ ràng? (Sau điều tôi đến tự nhưng.)', 'single_choice', 'hard', 'Đáp án dựa trên chuẩn đầu ra của học phần.', 'QB006', 'KB051', TRUE, '2026-06-12 15:45:00', '2026-06-12 15:45:00', NULL),
    ('Q0085', 'CH0085', 'Quy trình coi thi được tổ chức nghiêm túc? (Với cho đã nào.)', 'fill_blank', 'medium', 'Đáp án dựa trên chuẩn đầu ra của học phần.', 'QB008', 'KB018', TRUE, '2026-06-12 15:45:00', '2026-06-12 15:45:00', NULL),
    ('Q0086', 'CH0086', 'Giảng viên trình bày bài học rõ ràng và dễ hiểu? (Thì làm đó cái.)', 'essay', 'medium', 'Đáp án dựa trên chuẩn đầu ra của học phần.', 'QB011', 'KB017', TRUE, '2026-06-12 15:45:00', '2026-06-12 15:45:00', NULL),
    ('Q0087', 'CH0087', 'Lịch thi được thông báo kịp thời và rõ ràng? (Đã giống đến có của.)', 'fill_blank', 'medium', 'Đáp án dựa trên chuẩn đầu ra của học phần.', 'QB015', 'KB035', TRUE, '2026-06-12 15:45:00', '2026-06-12 15:45:00', NULL),
    ('Q0088', 'CH0088', 'Giảng viên trình bày bài học rõ ràng và dễ hiểu? (Điều từ từ.)', 'single_choice', 'hard', 'Đáp án dựa trên chuẩn đầu ra của học phần.', 'QB019', 'KB052', TRUE, '2026-06-12 15:45:00', '2026-06-12 15:45:00', NULL),
    ('Q0089', 'CH0089', 'Tài liệu học tập được cung cấp đầy đủ? (Tại đó về.)', 'fill_blank', 'easy', 'Đáp án dựa trên chuẩn đầu ra của học phần.', 'QB016', 'KB040', TRUE, '2026-06-12 15:45:00', '2026-06-12 15:45:00', NULL),
    ('Q0090', 'CH0090', 'Phòng học và thiết bị hỗ trợ học tập đáp ứng nhu cầu? (Từ nhưng cách giữa của không.)', 'true_false', 'medium', 'Đáp án dựa trên chuẩn đầu ra của học phần.', 'QB009', 'KB038', TRUE, '2026-06-12 15:45:00', '2026-06-12 15:45:00', NULL),
    ('Q0091', 'CH0091', 'Bạn hài lòng với trải nghiệm học tập của học phần này? (Tự vài nào giữa nhưng.)', 'single_choice', 'medium', 'Đáp án dựa trên chuẩn đầu ra của học phần.', 'QB014', 'KB037', TRUE, '2026-06-12 15:45:00', '2026-06-12 15:45:00', NULL),
    ('Q0092', 'CH0092', 'Quy trình coi thi được tổ chức nghiêm túc? (Cho thay cũng khiến bên không.)', 'essay', 'easy', 'Đáp án dựa trên chuẩn đầu ra của học phần.', 'QB007', 'KB039', TRUE, '2026-06-12 15:45:00', '2026-06-12 15:45:00', NULL),
    ('Q0093', 'CH0093', 'Mức độ phù hợp của nội dung học phần với mục tiêu đào tạo? (Chưa nào cách có có tự.)', 'single_choice', 'medium', 'Đáp án dựa trên chuẩn đầu ra của học phần.', 'QB024', 'KB011', TRUE, '2026-06-12 15:45:00', '2026-06-12 15:45:00', NULL),
    ('Q0094', 'CH0094', 'Đề thi có độ khó phù hợp với nội dung đã học? (Cho với như từng.)', 'single_choice', 'medium', 'Đáp án dựa trên chuẩn đầu ra của học phần.', 'QB001', 'KB020', TRUE, '2026-06-12 15:45:00', '2026-06-12 15:45:00', NULL),
    ('Q0095', 'CH0095', 'Giảng viên trình bày bài học rõ ràng và dễ hiểu? (Từ theo khiến như trong của cũng.)', 'single_choice', 'medium', 'Đáp án dựa trên chuẩn đầu ra của học phần.', 'QB019', 'KB007', TRUE, '2026-06-12 15:45:00', '2026-06-12 15:45:00', NULL),
    ('Q0096', 'CH0096', 'Đề thi có độ khó phù hợp với nội dung đã học? (Vài sau vậy hoặc bạn tại tại có.)', 'single_choice', 'hard', 'Đáp án dựa trên chuẩn đầu ra của học phần.', 'QB021', 'KB040', TRUE, '2026-06-12 15:45:00', '2026-06-12 15:45:00', NULL),
    ('Q0097', 'CH0097', 'Bạn hài lòng với trải nghiệm học tập của học phần này? (Từ vậy sẽ cũng đi.)', 'multiple_choice', 'easy', 'Đáp án dựa trên chuẩn đầu ra của học phần.', 'QB023', 'KB024', TRUE, '2026-06-12 15:45:00', '2026-06-12 15:45:00', NULL),
    ('Q0098', 'CH0098', 'Đề thi có độ khó phù hợp với nội dung đã học? (Điều với về các nào tại một.)', 'fill_blank', 'hard', 'Đáp án dựa trên chuẩn đầu ra của học phần.', 'QB020', 'KB034', TRUE, '2026-06-12 15:45:00', '2026-06-12 15:45:00', NULL),
    ('Q0099', 'CH0099', 'Bạn có góp ý gì để cải thiện học phần/dịch vụ? (Cho với của.)', 'fill_blank', 'hard', 'Đáp án dựa trên chuẩn đầu ra của học phần.', 'QB001', 'KB035', TRUE, '2026-06-12 15:45:00', '2026-06-12 15:45:00', NULL),
    ('Q0100', 'CH0100', 'Giảng viên trình bày bài học rõ ràng và dễ hiểu? (Thế bạn giống cách mà đã nhiều.)', 'fill_blank', 'easy', 'Đáp án dựa trên chuẩn đầu ra của học phần.', 'QB010', 'KB043', TRUE, '2026-06-12 15:45:00', '2026-06-12 15:45:00', NULL);

INSERT INTO question_options (id, question_id, option_label, content, is_correct, created_at) VALUES
    ('QO0002A', 'Q0002', 'A', 'Như nhưng đúng sau trong gần và tại từ cũng.', FALSE, '2026-06-12 15:45:00'),
    ('QO0002B', 'Q0002', 'B', 'Giữa người mà thế gần lớn không sẽ.', FALSE, '2026-06-12 15:45:00'),
    ('QO0002C', 'Q0002', 'C', 'Để nếu hơn chưa về là từ.', TRUE, '2026-06-12 15:45:00'),
    ('QO0002D', 'Q0002', 'D', 'Bên có từ số thay được cho sẽ là.', FALSE, '2026-06-12 15:45:00'),
    ('QO0003A', 'Q0003', 'A', 'Sẽ các tại dưới giống cái cũng chỉ điều.', TRUE, '2026-06-12 15:45:00'),
    ('QO0003B', 'Q0003', 'B', 'Này theo vài đúng làm của rất từng vài.', FALSE, '2026-06-12 15:45:00'),
    ('QO0003C', 'Q0003', 'C', 'Tại thì cũng từ không người là từng khiến bạn.', FALSE, '2026-06-12 15:45:00'),
    ('QO0003D', 'Q0003', 'D', 'Gần từ nhiều bên đang của gần hơn.', FALSE, '2026-06-12 15:45:00'),
    ('QO0004A', 'Q0004', 'A', 'Khiến tại đang vậy khi có là rất.', FALSE, '2026-06-12 15:45:00'),
    ('QO0004B', 'Q0004', 'B', 'Mà đúng cái một là chỉ đến khi mỗi đi cũng.', FALSE, '2026-06-12 15:45:00'),
    ('QO0004C', 'Q0004', 'C', 'Các khiến cũng mà.', FALSE, '2026-06-12 15:45:00'),
    ('QO0004D', 'Q0004', 'D', 'Có vài từng nơi khiến tại thay đến cách tại.', TRUE, '2026-06-12 15:45:00'),
    ('QO0005A', 'Q0005', 'A', 'Đúng vì của vậy người thay người thì này.', FALSE, '2026-06-12 15:45:00'),
    ('QO0005B', 'Q0005', 'B', 'Cái hơn vì là có về làm hoặc.', TRUE, '2026-06-12 15:45:00'),
    ('QO0005C', 'Q0005', 'C', 'Đi đến trong của đến cho các nhiều giữa.', FALSE, '2026-06-12 15:45:00'),
    ('QO0005D', 'Q0005', 'D', 'Tại chỉ các vẫn điều sau theo đến.', FALSE, '2026-06-12 15:45:00'),
    ('QO0007A', 'Q0007', 'A', 'Như mà từng trong nếu để rất và hơn từ.', FALSE, '2026-06-12 15:45:00'),
    ('QO0007B', 'Q0007', 'B', 'Khi vì trong về như số cũng rất đến như với.', FALSE, '2026-06-12 15:45:00'),
    ('QO0007C', 'Q0007', 'C', 'Sẽ hoặc như thì đến bên về sẽ giống.', FALSE, '2026-06-12 15:45:00'),
    ('QO0007D', 'Q0007', 'D', 'Khiến các đã để trong giống.', TRUE, '2026-06-12 15:45:00'),
    ('QO0008A', 'Q0008', 'A', 'Nhưng được rất cách hoặc cũng trong.', FALSE, '2026-06-12 15:45:00'),
    ('QO0008B', 'Q0008', 'B', 'Từ cái về người có khi hoặc.', FALSE, '2026-06-12 15:45:00'),
    ('QO0008C', 'Q0008', 'C', 'Của bạn dưới hoặc đúng tôi tại.', TRUE, '2026-06-12 15:45:00'),
    ('QO0008D', 'Q0008', 'D', 'Là hơn một về khi bên giống với về trong.', FALSE, '2026-06-12 15:45:00'),
    ('QO0009A', 'Q0009', 'A', 'Hoặc bạn đó với để để nhưng với.', FALSE, '2026-06-12 15:45:00'),
    ('QO0009B', 'Q0009', 'B', 'Hoặc và đang một thay các khi.', TRUE, '2026-06-12 15:45:00'),
    ('QO0009C', 'Q0009', 'C', 'Dưới dưới một cũng vậy đang để.', FALSE, '2026-06-12 15:45:00'),
    ('QO0009D', 'Q0009', 'D', 'Giữa hơn người để về.', FALSE, '2026-06-12 15:45:00'),
    ('QO0011A', 'Q0011', 'A', 'Một đó chưa không như đang để.', FALSE, '2026-06-12 15:45:00'),
    ('QO0011B', 'Q0011', 'B', 'Như tại khiến đang từ trong với nhiều và.', FALSE, '2026-06-12 15:45:00'),
    ('QO0011C', 'Q0011', 'C', 'Vẫn từ lớn thì từng trong tự.', TRUE, '2026-06-12 15:45:00'),
    ('QO0011D', 'Q0011', 'D', 'Người vẫn của đó mỗi với hoặc điều với nhưng.', FALSE, '2026-06-12 15:45:00'),
    ('QO0012A', 'Q0012', 'A', 'Cũng trong của mà cũng như đó với cũng sau.', FALSE, '2026-06-12 15:45:00'),
    ('QO0012B', 'Q0012', 'B', 'Tự trong như từ nếu để vài mà.', FALSE, '2026-06-12 15:45:00'),
    ('QO0012C', 'Q0012', 'C', 'Vì mỗi trong cũng đã.', TRUE, '2026-06-12 15:45:00'),
    ('QO0012D', 'Q0012', 'D', 'Để người mà hoặc nếu.', FALSE, '2026-06-12 15:45:00'),
    ('QO0013A', 'Q0013', 'A', 'Đúng', FALSE, '2026-06-12 15:45:00'),
    ('QO0013B', 'Q0013', 'B', 'Đến như mỗi làm lớn có để từ chưa như.', TRUE, '2026-06-12 15:45:00'),
    ('QO0014A', 'Q0014', 'A', 'Có không như đang được.', TRUE, '2026-06-12 15:45:00'),
    ('QO0014B', 'Q0014', 'B', 'Chưa được người gần trong.', FALSE, '2026-06-12 15:45:00'),
    ('QO0014C', 'Q0014', 'C', 'Vậy nhiều này theo dưới của làm nếu.', FALSE, '2026-06-12 15:45:00'),
    ('QO0014D', 'Q0014', 'D', 'Như vì đi để các.', FALSE, '2026-06-12 15:45:00'),
    ('QO0016A', 'Q0016', 'A', 'Để đúng để như đến một nơi.', FALSE, '2026-06-12 15:45:00'),
    ('QO0016B', 'Q0016', 'B', 'Vì như cũng hơn cách chưa.', FALSE, '2026-06-12 15:45:00'),
    ('QO0016C', 'Q0016', 'C', 'Về rất đi cách nhiều để vì mỗi chỉ từ.', FALSE, '2026-06-12 15:45:00'),
    ('QO0016D', 'Q0016', 'D', 'Sẽ theo trong đó và.', TRUE, '2026-06-12 15:45:00'),
    ('QO0017A', 'Q0017', 'A', 'Mà đi chưa với người vài.', TRUE, '2026-06-12 15:45:00'),
    ('QO0017B', 'Q0017', 'B', 'Từng sẽ như hoặc cái các tại nơi giống một.', FALSE, '2026-06-12 15:45:00'),
    ('QO0017C', 'Q0017', 'C', 'Từ cách như của rất đã chưa giống.', FALSE, '2026-06-12 15:45:00'),
    ('QO0017D', 'Q0017', 'D', 'Có vài cách lớn dưới sẽ và rất.', FALSE, '2026-06-12 15:45:00'),
    ('QO0019A', 'Q0019', 'A', 'Đang trong hoặc đã vài chỉ để.', FALSE, '2026-06-12 15:45:00'),
    ('QO0019B', 'Q0019', 'B', 'Chỉ người từ khiến giống.', TRUE, '2026-06-12 15:45:00'),
    ('QO0019C', 'Q0019', 'C', 'Sẽ như có các cũng chưa như nếu của.', FALSE, '2026-06-12 15:45:00'),
    ('QO0019D', 'Q0019', 'D', 'Không của đang với chỉ gần khiến khi thay nhưng tại.', FALSE, '2026-06-12 15:45:00'),
    ('QO0022A', 'Q0022', 'A', 'Để đúng của mà khi sẽ vậy đó có này.', FALSE, '2026-06-12 15:45:00'),
    ('QO0022B', 'Q0022', 'B', 'Sau từ từ rất của nếu trong.', FALSE, '2026-06-12 15:45:00'),
    ('QO0022C', 'Q0022', 'C', 'Hoặc giống người như hơn.', TRUE, '2026-06-12 15:45:00'),
    ('QO0022D', 'Q0022', 'D', 'Vẫn tự và nơi vì.', FALSE, '2026-06-12 15:45:00'),
    ('QO0024A', 'Q0024', 'A', 'Nhưng tự để chưa tại giữa.', FALSE, '2026-06-12 15:45:00'),
    ('QO0024B', 'Q0024', 'B', 'Với không giống sau với dưới từ.', FALSE, '2026-06-12 15:45:00'),
    ('QO0024C', 'Q0024', 'C', 'Cho mỗi cách này như trong khiến đúng thế chưa.', TRUE, '2026-06-12 15:45:00'),
    ('QO0024D', 'Q0024', 'D', 'Hơn khiến số là với dưới bạn từng không.', FALSE, '2026-06-12 15:45:00'),
    ('QO0026A', 'Q0026', 'A', 'Với như tại trong đã tại chưa là.', FALSE, '2026-06-12 15:45:00'),
    ('QO0026B', 'Q0026', 'B', 'Cũng cách với vẫn khiến mà thay như.', FALSE, '2026-06-12 15:45:00'),
    ('QO0026C', 'Q0026', 'C', 'Thế dưới vì đó là từ mỗi tự.', TRUE, '2026-06-12 15:45:00'),
    ('QO0026D', 'Q0026', 'D', 'Được nào có giống trong như để bên nào với.', FALSE, '2026-06-12 15:45:00'),
    ('QO0027A', 'Q0027', 'A', 'Nào từ cách của bên có với.', FALSE, '2026-06-12 15:45:00'),
    ('QO0027B', 'Q0027', 'B', 'Các nào cho điều thế sau từ.', TRUE, '2026-06-12 15:45:00'),
    ('QO0027C', 'Q0027', 'C', 'Và với với lớn nếu hoặc này vẫn.', FALSE, '2026-06-12 15:45:00'),
    ('QO0027D', 'Q0027', 'D', 'Có từ cũng đến theo trong theo trong với được mỗi.', FALSE, '2026-06-12 15:45:00'),
    ('QO0029A', 'Q0029', 'A', 'Khiến đến như tôi này vậy đi sau cách với.', TRUE, '2026-06-12 15:45:00'),
    ('QO0029B', 'Q0029', 'B', 'Bạn làm từ dưới cũng như tại là.', FALSE, '2026-06-12 15:45:00'),
    ('QO0029C', 'Q0029', 'C', 'Cũng để bên đúng nhiều khi vài vì.', FALSE, '2026-06-12 15:45:00'),
    ('QO0029D', 'Q0029', 'D', 'Từ số trong nào có sẽ các vẫn có này.', FALSE, '2026-06-12 15:45:00'),
    ('QO0030A', 'Q0030', 'A', 'Vì lớn mỗi đã từng vì như để đi.', FALSE, '2026-06-12 15:45:00'),
    ('QO0030B', 'Q0030', 'B', 'Tôi vì để đang từng cũng vài này.', TRUE, '2026-06-12 15:45:00'),
    ('QO0030C', 'Q0030', 'C', 'Như như hơn với nào.', FALSE, '2026-06-12 15:45:00'),
    ('QO0030D', 'Q0030', 'D', 'Tại từ khi cũng từ cho.', FALSE, '2026-06-12 15:45:00'),
    ('QO0032A', 'Q0032', 'A', 'Cái cho rất nơi có tại hơn cũng tự các.', FALSE, '2026-06-12 15:45:00'),
    ('QO0032B', 'Q0032', 'B', 'Các này đến với khiến tự vài vậy tôi chưa.', FALSE, '2026-06-12 15:45:00'),
    ('QO0032C', 'Q0032', 'C', 'Này từ của không trong.', FALSE, '2026-06-12 15:45:00'),
    ('QO0032D', 'Q0032', 'D', 'Chỉ trong đang về có hơn.', TRUE, '2026-06-12 15:45:00'),
    ('QO0035A', 'Q0035', 'A', 'Nhiều thay được và đi đã cũng như tự.', TRUE, '2026-06-12 15:45:00'),
    ('QO0035B', 'Q0035', 'B', 'Số sau nhưng mỗi nhiều về lớn hơn nếu có.', FALSE, '2026-06-12 15:45:00'),
    ('QO0035C', 'Q0035', 'C', 'Như vài tôi chỉ giữa hơn.', FALSE, '2026-06-12 15:45:00'),
    ('QO0035D', 'Q0035', 'D', 'Như làm có như cũng như với nào thay.', FALSE, '2026-06-12 15:45:00'),
    ('QO0036A', 'Q0036', 'A', 'Đúng', TRUE, '2026-06-12 15:45:00'),
    ('QO0036B', 'Q0036', 'B', 'Sẽ số các khi vì sẽ bên rất giống của giống.', FALSE, '2026-06-12 15:45:00'),
    ('QO0038A', 'Q0038', 'A', 'Đúng', TRUE, '2026-06-12 15:45:00'),
    ('QO0038B', 'Q0038', 'B', 'Thế theo chỉ thay sẽ sẽ sau.', FALSE, '2026-06-12 15:45:00'),
    ('QO0039A', 'Q0039', 'A', 'Đúng', FALSE, '2026-06-12 15:45:00'),
    ('QO0039B', 'Q0039', 'B', 'Vì đến thì giữa và như nào dưới thay.', TRUE, '2026-06-12 15:45:00'),
    ('QO0040A', 'Q0040', 'A', 'Người các số vài vẫn tại nhiều tại.', FALSE, '2026-06-12 15:45:00'),
    ('QO0040B', 'Q0040', 'B', 'Là như sẽ cái đó về.', FALSE, '2026-06-12 15:45:00'),
    ('QO0040C', 'Q0040', 'C', 'Làm tôi sau tự sẽ bạn một nhưng mỗi của.', FALSE, '2026-06-12 15:45:00'),
    ('QO0040D', 'Q0040', 'D', 'Một vài khiến trong người này cho sau người.', TRUE, '2026-06-12 15:45:00'),
    ('QO0041A', 'Q0041', 'A', 'Đúng', TRUE, '2026-06-12 15:45:00'),
    ('QO0041B', 'Q0041', 'B', 'Cũng thế tôi cái là không sẽ.', FALSE, '2026-06-12 15:45:00'),
    ('QO0043A', 'Q0043', 'A', 'Chỉ như từ nhưng như các nhưng.', TRUE, '2026-06-12 15:45:00'),
    ('QO0043B', 'Q0043', 'B', 'Mỗi gần vì mà như.', FALSE, '2026-06-12 15:45:00'),
    ('QO0043C', 'Q0043', 'C', 'Vẫn để từ để như.', FALSE, '2026-06-12 15:45:00'),
    ('QO0043D', 'Q0043', 'D', 'Giống gần sẽ từng cách và.', FALSE, '2026-06-12 15:45:00'),
    ('QO0045A', 'Q0045', 'A', 'Đúng', TRUE, '2026-06-12 15:45:00'),
    ('QO0045B', 'Q0045', 'B', 'Như như của đi.', FALSE, '2026-06-12 15:45:00'),
    ('QO0046A', 'Q0046', 'A', 'Bên trong hoặc với này hoặc người.', FALSE, '2026-06-12 15:45:00'),
    ('QO0046B', 'Q0046', 'B', 'Bên nhưng tôi vậy để.', TRUE, '2026-06-12 15:45:00'),
    ('QO0046C', 'Q0046', 'C', 'Để với điều với theo với trong.', FALSE, '2026-06-12 15:45:00'),
    ('QO0046D', 'Q0046', 'D', 'Cách dưới và để từng để nhiều hơn để.', FALSE, '2026-06-12 15:45:00'),
    ('QO0048A', 'Q0048', 'A', 'Đúng', FALSE, '2026-06-12 15:45:00'),
    ('QO0048B', 'Q0048', 'B', 'Vẫn vậy sau cách giống đến trong chưa.', TRUE, '2026-06-12 15:45:00'),
    ('QO0050A', 'Q0050', 'A', 'Như nếu của như nhưng.', FALSE, '2026-06-12 15:45:00'),
    ('QO0050B', 'Q0050', 'B', 'Của với thay về có các cái giữa.', FALSE, '2026-06-12 15:45:00'),
    ('QO0050C', 'Q0050', 'C', 'Số cho đúng với mỗi.', FALSE, '2026-06-12 15:45:00'),
    ('QO0050D', 'Q0050', 'D', 'Để thì giữa dưới làm tự khiến.', TRUE, '2026-06-12 15:45:00'),
    ('QO0051A', 'Q0051', 'A', 'Đúng', TRUE, '2026-06-12 15:45:00'),
    ('QO0051B', 'Q0051', 'B', 'Này đang rất các cho để điều đã và dưới.', FALSE, '2026-06-12 15:45:00'),
    ('QO0052A', 'Q0052', 'A', 'Hơn nhưng nào tại mà.', FALSE, '2026-06-12 15:45:00'),
    ('QO0052B', 'Q0052', 'B', 'Về thì mà của sẽ có sau một với hơn.', FALSE, '2026-06-12 15:45:00'),
    ('QO0052C', 'Q0052', 'C', 'Bên có để hoặc được như.', FALSE, '2026-06-12 15:45:00'),
    ('QO0052D', 'Q0052', 'D', 'Được đến cho tại từ đi và từ vài làm.', TRUE, '2026-06-12 15:45:00'),
    ('QO0053A', 'Q0053', 'A', 'Đúng', TRUE, '2026-06-12 15:45:00'),
    ('QO0053B', 'Q0053', 'B', 'Rất là trong khi số này để của nào.', FALSE, '2026-06-12 15:45:00'),
    ('QO0054A', 'Q0054', 'A', 'Theo bên với theo dưới nhiều sẽ.', FALSE, '2026-06-12 15:45:00'),
    ('QO0054B', 'Q0054', 'B', 'Cách trong khi tự như từng.', TRUE, '2026-06-12 15:45:00'),
    ('QO0054C', 'Q0054', 'C', 'Như tại nào dưới khiến chỉ và.', FALSE, '2026-06-12 15:45:00'),
    ('QO0054D', 'Q0054', 'D', 'Các của vẫn như cũng khiến nhiều nơi nơi có.', FALSE, '2026-06-12 15:45:00'),
    ('QO0056A', 'Q0056', 'A', 'Hoặc cũng vậy nhiều vài như bên đến nào này.', TRUE, '2026-06-12 15:45:00'),
    ('QO0056B', 'Q0056', 'B', 'Là trong của thì của thay của tại khiến đúng.', FALSE, '2026-06-12 15:45:00'),
    ('QO0056C', 'Q0056', 'C', 'Cái tôi cách cho thì.', FALSE, '2026-06-12 15:45:00'),
    ('QO0056D', 'Q0056', 'D', 'Về thì bên theo thì.', FALSE, '2026-06-12 15:45:00'),
    ('QO0059A', 'Q0059', 'A', 'Đúng', TRUE, '2026-06-12 15:45:00'),
    ('QO0059B', 'Q0059', 'B', 'Đúng với đang điều với.', FALSE, '2026-06-12 15:45:00'),
    ('QO0060A', 'Q0060', 'A', 'Khiến chỉ như để mỗi dưới trong tại có.', TRUE, '2026-06-12 15:45:00'),
    ('QO0060B', 'Q0060', 'B', 'Bạn gần từng điều của nhiều khi từ.', FALSE, '2026-06-12 15:45:00'),
    ('QO0060C', 'Q0060', 'C', 'Vẫn như có như và trong đi tự.', FALSE, '2026-06-12 15:45:00'),
    ('QO0060D', 'Q0060', 'D', 'Không trong như đúng giống để thay.', FALSE, '2026-06-12 15:45:00'),
    ('QO0062A', 'Q0062', 'A', 'Đúng', TRUE, '2026-06-12 15:45:00'),
    ('QO0062B', 'Q0062', 'B', 'Người cách với khi.', FALSE, '2026-06-12 15:45:00'),
    ('QO0064A', 'Q0064', 'A', 'Đúng', TRUE, '2026-06-12 15:45:00'),
    ('QO0064B', 'Q0064', 'B', 'Đã của khiến điều mỗi khiến đó dưới bên và.', FALSE, '2026-06-12 15:45:00'),
    ('QO0066A', 'Q0066', 'A', 'Đúng', FALSE, '2026-06-12 15:45:00'),
    ('QO0066B', 'Q0066', 'B', 'Đúng nhiều nào cách trong nếu.', TRUE, '2026-06-12 15:45:00'),
    ('QO0069A', 'Q0069', 'A', 'Như tại của tự nơi.', TRUE, '2026-06-12 15:45:00'),
    ('QO0069B', 'Q0069', 'B', 'Này đến gần bạn bạn hơn với.', FALSE, '2026-06-12 15:45:00'),
    ('QO0069C', 'Q0069', 'C', 'Với như thế đang vậy rất đang là từ lớn.', FALSE, '2026-06-12 15:45:00'),
    ('QO0069D', 'Q0069', 'D', 'Với nếu đó đi để.', FALSE, '2026-06-12 15:45:00'),
    ('QO0070A', 'Q0070', 'A', 'Đúng', FALSE, '2026-06-12 15:45:00'),
    ('QO0070B', 'Q0070', 'B', 'Nào khi hơn bên thay.', TRUE, '2026-06-12 15:45:00'),
    ('QO0071A', 'Q0071', 'A', 'Điều với giống có đúng thế sau giữa.', FALSE, '2026-06-12 15:45:00'),
    ('QO0071B', 'Q0071', 'B', 'Không nhiều vì sau của hơn như từ sẽ.', FALSE, '2026-06-12 15:45:00'),
    ('QO0071C', 'Q0071', 'C', 'Của chưa chưa nơi nào đang.', TRUE, '2026-06-12 15:45:00'),
    ('QO0071D', 'Q0071', 'D', 'Cách thế không có bên tại cũng được.', FALSE, '2026-06-12 15:45:00'),
    ('QO0072A', 'Q0072', 'A', 'Từ sau có cũng của từng.', FALSE, '2026-06-12 15:45:00'),
    ('QO0072B', 'Q0072', 'B', 'Điều vậy từ của của đã để đó.', TRUE, '2026-06-12 15:45:00'),
    ('QO0072C', 'Q0072', 'C', 'Và nếu nhưng với của và.', FALSE, '2026-06-12 15:45:00'),
    ('QO0072D', 'Q0072', 'D', 'Cho cách hoặc mỗi người bạn cũng.', FALSE, '2026-06-12 15:45:00'),
    ('QO0073A', 'Q0073', 'A', 'Cho từ một để dưới là để.', FALSE, '2026-06-12 15:45:00'),
    ('QO0073B', 'Q0073', 'B', 'Theo tại số cũng rất có thế của như như.', FALSE, '2026-06-12 15:45:00'),
    ('QO0073C', 'Q0073', 'C', 'Từ không trong một hơn như vài.', TRUE, '2026-06-12 15:45:00'),
    ('QO0073D', 'Q0073', 'D', 'Nơi từng khi được sẽ nếu đến lớn đã.', FALSE, '2026-06-12 15:45:00'),
    ('QO0074A', 'Q0074', 'A', 'Đúng', TRUE, '2026-06-12 15:45:00'),
    ('QO0074B', 'Q0074', 'B', 'Là vẫn này của.', FALSE, '2026-06-12 15:45:00'),
    ('QO0075A', 'Q0075', 'A', 'Của chưa chưa cho nơi hơn đó các.', FALSE, '2026-06-12 15:45:00'),
    ('QO0075B', 'Q0075', 'B', 'Tại trong có vì là về.', TRUE, '2026-06-12 15:45:00'),
    ('QO0075C', 'Q0075', 'C', 'Về vẫn gần nào không để nơi nhiều.', FALSE, '2026-06-12 15:45:00'),
    ('QO0075D', 'Q0075', 'D', 'Đã điều về nhiều cho giữa từ tại tại.', FALSE, '2026-06-12 15:45:00'),
    ('QO0078A', 'Q0078', 'A', 'Điều trong nơi như như như nơi chưa.', FALSE, '2026-06-12 15:45:00'),
    ('QO0078B', 'Q0078', 'B', 'Sẽ hoặc với tại để về.', FALSE, '2026-06-12 15:45:00'),
    ('QO0078C', 'Q0078', 'C', 'Cũng bên đúng bên vẫn tại.', TRUE, '2026-06-12 15:45:00'),
    ('QO0078D', 'Q0078', 'D', 'Số theo hoặc đi của.', FALSE, '2026-06-12 15:45:00'),
    ('QO0079A', 'Q0079', 'A', 'Đúng', FALSE, '2026-06-12 15:45:00'),
    ('QO0079B', 'Q0079', 'B', 'Như gần và và của từ để hoặc tại.', TRUE, '2026-06-12 15:45:00'),
    ('QO0080A', 'Q0080', 'A', 'Trong nơi vài có của từ này nhưng rất.', FALSE, '2026-06-12 15:45:00'),
    ('QO0080B', 'Q0080', 'B', 'Hoặc để đang làm người.', TRUE, '2026-06-12 15:45:00'),
    ('QO0080C', 'Q0080', 'C', 'Mỗi cũng lớn hoặc này chỉ từng khiến.', FALSE, '2026-06-12 15:45:00'),
    ('QO0080D', 'Q0080', 'D', 'Cho nơi nếu giữa từng tôi đúng.', FALSE, '2026-06-12 15:45:00'),
    ('QO0081A', 'Q0081', 'A', 'Đúng', FALSE, '2026-06-12 15:45:00'),
    ('QO0081B', 'Q0081', 'B', 'Đi nơi chưa mà để hơn đến nơi dưới hoặc cũng.', TRUE, '2026-06-12 15:45:00'),
    ('QO0082A', 'Q0082', 'A', 'Của dưới để của tại có là.', FALSE, '2026-06-12 15:45:00'),
    ('QO0082B', 'Q0082', 'B', 'Đúng để tại hơn để giữa để của thay với.', FALSE, '2026-06-12 15:45:00'),
    ('QO0082C', 'Q0082', 'C', 'Sẽ từng cũng từ đúng của vậy như với nào.', TRUE, '2026-06-12 15:45:00'),
    ('QO0082D', 'Q0082', 'D', 'Như và giữa trong của khi.', FALSE, '2026-06-12 15:45:00'),
    ('QO0083A', 'Q0083', 'A', 'Như đi thì khiến rất cũng.', FALSE, '2026-06-12 15:45:00'),
    ('QO0083B', 'Q0083', 'B', 'Điều trong vì khi của như không các dưới.', FALSE, '2026-06-12 15:45:00'),
    ('QO0083C', 'Q0083', 'C', 'Người lớn vẫn để làm tại vậy như.', TRUE, '2026-06-12 15:45:00'),
    ('QO0083D', 'Q0083', 'D', 'Cái chưa cũng cái mà trong.', FALSE, '2026-06-12 15:45:00'),
    ('QO0084A', 'Q0084', 'A', 'Một hoặc cũng từng dưới trong đã vẫn từ.', FALSE, '2026-06-12 15:45:00'),
    ('QO0084B', 'Q0084', 'B', 'Sau thế là người đó.', TRUE, '2026-06-12 15:45:00'),
    ('QO0084C', 'Q0084', 'C', 'Mà một có từ tôi vì cách khiến.', FALSE, '2026-06-12 15:45:00'),
    ('QO0084D', 'Q0084', 'D', 'Bạn khi không thì với bên gần.', FALSE, '2026-06-12 15:45:00'),
    ('QO0088A', 'Q0088', 'A', 'Từng để trong chỉ cái hơn khi cũng với điều nào.', FALSE, '2026-06-12 15:45:00'),
    ('QO0088B', 'Q0088', 'B', 'Của nơi đến theo như có vì không nào này.', TRUE, '2026-06-12 15:45:00'),
    ('QO0088C', 'Q0088', 'C', 'Có từ dưới nếu với tôi trong cách.', FALSE, '2026-06-12 15:45:00'),
    ('QO0088D', 'Q0088', 'D', 'Thế một đó điều hơn từng cũng hơn vẫn.', FALSE, '2026-06-12 15:45:00'),
    ('QO0090A', 'Q0090', 'A', 'Đúng', FALSE, '2026-06-12 15:45:00'),
    ('QO0090B', 'Q0090', 'B', 'Cũng vài từ bạn theo thế có hoặc này.', TRUE, '2026-06-12 15:45:00'),
    ('QO0091A', 'Q0091', 'A', 'Nhiều giữa thế bên với tại tại thế để.', FALSE, '2026-06-12 15:45:00'),
    ('QO0091B', 'Q0091', 'B', 'Cũng bên mỗi để với bạn vậy.', TRUE, '2026-06-12 15:45:00'),
    ('QO0091C', 'Q0091', 'C', 'Đã nhưng mà này của bên giữa.', FALSE, '2026-06-12 15:45:00'),
    ('QO0091D', 'Q0091', 'D', 'Vì nào đang được đi dưới.', FALSE, '2026-06-12 15:45:00'),
    ('QO0093A', 'Q0093', 'A', 'Và vậy thế giữa nào hơn cách khiến không.', FALSE, '2026-06-12 15:45:00'),
    ('QO0093B', 'Q0093', 'B', 'Nhưng nhưng từng khi từng mà.', FALSE, '2026-06-12 15:45:00'),
    ('QO0093C', 'Q0093', 'C', 'Lớn đã hơn hơn của vài nếu nếu.', FALSE, '2026-06-12 15:45:00'),
    ('QO0093D', 'Q0093', 'D', 'Cho đến một từng theo với cho hơn mỗi với đã.', TRUE, '2026-06-12 15:45:00'),
    ('QO0094A', 'Q0094', 'A', 'Để từ bạn về không sau trong.', TRUE, '2026-06-12 15:45:00'),
    ('QO0094B', 'Q0094', 'B', 'Được của là vài làm mà.', FALSE, '2026-06-12 15:45:00'),
    ('QO0094C', 'Q0094', 'C', 'Từ cũng như đã có.', FALSE, '2026-06-12 15:45:00'),
    ('QO0094D', 'Q0094', 'D', 'Cũng thay hơn để thế số mỗi thì.', FALSE, '2026-06-12 15:45:00'),
    ('QO0095A', 'Q0095', 'A', 'Trong đã cũng nào đúng các một cách.', FALSE, '2026-06-12 15:45:00'),
    ('QO0095B', 'Q0095', 'B', 'Mà tại các giống như từng.', FALSE, '2026-06-12 15:45:00'),
    ('QO0095C', 'Q0095', 'C', 'Như gần thế để nào như.', TRUE, '2026-06-12 15:45:00'),
    ('QO0095D', 'Q0095', 'D', 'Vẫn như tôi thay đến.', FALSE, '2026-06-12 15:45:00'),
    ('QO0096A', 'Q0096', 'A', 'Với trong tôi nơi vì người chỉ không.', TRUE, '2026-06-12 15:45:00'),
    ('QO0096B', 'Q0096', 'B', 'Với một đúng khi có đúng.', FALSE, '2026-06-12 15:45:00'),
    ('QO0096C', 'Q0096', 'C', 'Gần thế người lớn để của giống.', FALSE, '2026-06-12 15:45:00'),
    ('QO0096D', 'Q0096', 'D', 'Từng trong giống hoặc thế.', FALSE, '2026-06-12 15:45:00'),
    ('QO0097A', 'Q0097', 'A', 'Sau gần trong mỗi để sẽ hơn.', TRUE, '2026-06-12 15:45:00'),
    ('QO0097B', 'Q0097', 'B', 'Cũng tự như bạn theo nếu hoặc như trong hơn.', FALSE, '2026-06-12 15:45:00'),
    ('QO0097C', 'Q0097', 'C', 'Được đang một số với mỗi.', FALSE, '2026-06-12 15:45:00'),
    ('QO0097D', 'Q0097', 'D', 'Điều tự làm có tự không vẫn điều vẫn.', FALSE, '2026-06-12 15:45:00');

INSERT INTO exam_banks (id, code, exam_code, description, exam_time, explain, exam_day, is_note, hoc_ky_id, lop_hoc_phan_id, exam_matrix_id, active, created_at, updated_at, created_by) VALUES
    ('EB001', 'DT001', 'M001', 'Đề thi sinh tự động từ ngân hàng câu hỏi', 90, 'Sinh viên đọc kỹ đề trước khi làm bài', '2026-09-28 15:45:00', FALSE, 'HK011', 'LHP065', 'EM029', TRUE, '2026-06-12 15:45:00', '2026-06-12 15:45:00', NULL),
    ('EB002', 'DT002', 'M002', 'Đề thi sinh tự động từ ngân hàng câu hỏi', 90, 'Sinh viên đọc kỹ đề trước khi làm bài', '2026-07-22 15:45:00', TRUE, 'HK004', 'LHP024', 'EM009', TRUE, '2026-06-12 15:45:00', '2026-06-12 15:45:00', NULL),
    ('EB003', 'DT003', 'M003', 'Đề thi sinh tự động từ ngân hàng câu hỏi', 120, 'Sinh viên đọc kỹ đề trước khi làm bài', '2026-09-09 15:45:00', FALSE, 'HK008', 'LHP119', 'EM007', TRUE, '2026-06-12 15:45:00', '2026-06-12 15:45:00', NULL),
    ('EB004', 'DT004', 'M004', 'Đề thi sinh tự động từ ngân hàng câu hỏi', 90, 'Sinh viên đọc kỹ đề trước khi làm bài', '2026-07-20 15:45:00', TRUE, 'HK011', 'LHP028', 'EM009', TRUE, '2026-06-12 15:45:00', '2026-06-12 15:45:00', NULL),
    ('EB005', 'DT005', 'M005', 'Đề thi sinh tự động từ ngân hàng câu hỏi', 90, 'Sinh viên đọc kỹ đề trước khi làm bài', '2026-09-06 15:45:00', FALSE, 'HK007', 'LHP116', 'EM021', TRUE, '2026-06-12 15:45:00', '2026-06-12 15:45:00', NULL),
    ('EB006', 'DT006', 'M006', 'Đề thi sinh tự động từ ngân hàng câu hỏi', 45, 'Sinh viên đọc kỹ đề trước khi làm bài', '2026-07-16 15:45:00', TRUE, 'HK013', 'LHP074', 'EM028', TRUE, '2026-06-12 15:45:00', '2026-06-12 15:45:00', NULL),
    ('EB007', 'DT007', 'M007', 'Đề thi sinh tự động từ ngân hàng câu hỏi', 90, 'Sinh viên đọc kỹ đề trước khi làm bài', '2026-09-02 15:45:00', TRUE, 'HK011', 'LHP048', 'EM027', TRUE, '2026-06-12 15:45:00', '2026-06-12 15:45:00', NULL),
    ('EB008', 'DT008', 'M008', 'Đề thi sinh tự động từ ngân hàng câu hỏi', 120, 'Sinh viên đọc kỹ đề trước khi làm bài', '2026-06-18 15:45:00', FALSE, 'HK004', 'LHP010', 'EM006', TRUE, '2026-06-12 15:45:00', '2026-06-12 15:45:00', NULL),
    ('EB009', 'DT009', 'M009', 'Đề thi sinh tự động từ ngân hàng câu hỏi', 120, 'Sinh viên đọc kỹ đề trước khi làm bài', '2026-09-03 15:45:00', TRUE, 'HK012', 'LHP019', 'EM001', TRUE, '2026-06-12 15:45:00', '2026-06-12 15:45:00', NULL),
    ('EB010', 'DT010', 'M010', 'Đề thi sinh tự động từ ngân hàng câu hỏi', 120, 'Sinh viên đọc kỹ đề trước khi làm bài', '2026-07-21 15:45:00', FALSE, 'HK013', 'LHP009', 'EM009', TRUE, '2026-06-12 15:45:00', '2026-06-12 15:45:00', NULL),
    ('EB011', 'DT011', 'M011', 'Đề thi sinh tự động từ ngân hàng câu hỏi', 120, 'Sinh viên đọc kỹ đề trước khi làm bài', '2026-09-28 15:45:00', FALSE, 'HK005', 'LHP018', 'EM015', TRUE, '2026-06-12 15:45:00', '2026-06-12 15:45:00', NULL),
    ('EB012', 'DT012', 'M012', 'Đề thi sinh tự động từ ngân hàng câu hỏi', 90, 'Sinh viên đọc kỹ đề trước khi làm bài', '2026-07-17 15:45:00', FALSE, 'HK015', 'LHP042', 'EM011', TRUE, '2026-06-12 15:45:00', '2026-06-12 15:45:00', NULL),
    ('EB013', 'DT013', 'M013', 'Đề thi sinh tự động từ ngân hàng câu hỏi', 90, 'Sinh viên đọc kỹ đề trước khi làm bài', '2026-08-01 15:45:00', FALSE, 'HK001', 'LHP019', 'EM006', TRUE, '2026-06-12 15:45:00', '2026-06-12 15:45:00', NULL),
    ('EB014', 'DT014', 'M014', 'Đề thi sinh tự động từ ngân hàng câu hỏi', 90, 'Sinh viên đọc kỹ đề trước khi làm bài', '2026-09-06 15:45:00', FALSE, 'HK009', 'LHP038', 'EM002', TRUE, '2026-06-12 15:45:00', '2026-06-12 15:45:00', NULL),
    ('EB015', 'DT015', 'M015', 'Đề thi sinh tự động từ ngân hàng câu hỏi', 60, 'Sinh viên đọc kỹ đề trước khi làm bài', '2026-09-22 15:45:00', FALSE, 'HK009', 'LHP112', 'EM005', TRUE, '2026-06-12 15:45:00', '2026-06-12 15:45:00', NULL);

INSERT INTO exam_bank_questions (exam_bank_id, question_id, question_order, points) VALUES
    ('EB001', 'Q0063', 1, 0.25),
    ('EB001', 'Q0071', 2, 0.5),
    ('EB001', 'Q0016', 3, 1.0),
    ('EB001', 'Q0027', 4, 1.0),
    ('EB001', 'Q0060', 5, 1.0),
    ('EB001', 'Q0068', 6, 0.25),
    ('EB001', 'Q0023', 7, 0.5),
    ('EB001', 'Q0015', 8, 0.5),
    ('EB001', 'Q0001', 9, 0.5),
    ('EB001', 'Q0041', 10, 1.0),
    ('EB001', 'Q0030', 11, 0.25),
    ('EB001', 'Q0072', 12, 1.0),
    ('EB001', 'Q0073', 13, 0.25),
    ('EB001', 'Q0067', 14, 0.5),
    ('EB001', 'Q0090', 15, 0.25),
    ('EB001', 'Q0059', 16, 0.25),
    ('EB001', 'Q0005', 17, 0.5),
    ('EB001', 'Q0070', 18, 0.25),
    ('EB001', 'Q0088', 19, 1.0),
    ('EB001', 'Q0065', 20, 1.0),
    ('EB002', 'Q0002', 1, 0.25),
    ('EB002', 'Q0088', 2, 0.5),
    ('EB002', 'Q0040', 3, 0.5),
    ('EB002', 'Q0052', 4, 1.0),
    ('EB002', 'Q0098', 5, 0.5),
    ('EB002', 'Q0013', 6, 0.5),
    ('EB002', 'Q0077', 7, 0.25),
    ('EB002', 'Q0034', 8, 0.25),
    ('EB002', 'Q0018', 9, 0.5),
    ('EB002', 'Q0016', 10, 0.5),
    ('EB002', 'Q0003', 11, 1.0),
    ('EB002', 'Q0089', 12, 0.5),
    ('EB002', 'Q0009', 13, 1.0),
    ('EB002', 'Q0083', 14, 1.0),
    ('EB002', 'Q0046', 15, 0.25),
    ('EB002', 'Q0020', 16, 0.25),
    ('EB002', 'Q0063', 17, 0.25),
    ('EB002', 'Q0080', 18, 1.0),
    ('EB002', 'Q0008', 19, 0.25),
    ('EB002', 'Q0096', 20, 0.25),
    ('EB003', 'Q0036', 1, 0.25),
    ('EB003', 'Q0091', 2, 0.5),
    ('EB003', 'Q0033', 3, 0.5),
    ('EB003', 'Q0089', 4, 1.0),
    ('EB003', 'Q0006', 5, 1.0),
    ('EB003', 'Q0029', 6, 0.5),
    ('EB003', 'Q0030', 7, 0.5),
    ('EB003', 'Q0045', 8, 0.25),
    ('EB003', 'Q0098', 9, 0.25),
    ('EB003', 'Q0085', 10, 0.5),
    ('EB003', 'Q0012', 11, 1.0),
    ('EB003', 'Q0027', 12, 0.25),
    ('EB003', 'Q0016', 13, 0.25),
    ('EB003', 'Q0090', 14, 0.25),
    ('EB003', 'Q0095', 15, 0.25),
    ('EB003', 'Q0034', 16, 1.0),
    ('EB003', 'Q0008', 17, 1.0),
    ('EB003', 'Q0039', 18, 1.0),
    ('EB003', 'Q0076', 19, 0.5),
    ('EB003', 'Q0099', 20, 1.0),
    ('EB004', 'Q0078', 1, 1.0),
    ('EB004', 'Q0088', 2, 0.25),
    ('EB004', 'Q0043', 3, 0.25),
    ('EB004', 'Q0056', 4, 1.0),
    ('EB004', 'Q0025', 5, 1.0),
    ('EB004', 'Q0050', 6, 0.25),
    ('EB004', 'Q0005', 7, 0.5),
    ('EB004', 'Q0068', 8, 0.5),
    ('EB004', 'Q0084', 9, 0.5),
    ('EB004', 'Q0076', 10, 1.0),
    ('EB004', 'Q0048', 11, 0.5),
    ('EB004', 'Q0042', 12, 0.25),
    ('EB004', 'Q0074', 13, 0.5),
    ('EB004', 'Q0092', 14, 1.0),
    ('EB004', 'Q0001', 15, 0.25),
    ('EB004', 'Q0086', 16, 1.0),
    ('EB004', 'Q0085', 17, 1.0),
    ('EB004', 'Q0096', 18, 1.0),
    ('EB004', 'Q0055', 19, 0.5),
    ('EB004', 'Q0059', 20, 1.0),
    ('EB005', 'Q0074', 1, 0.25),
    ('EB005', 'Q0013', 2, 0.5),
    ('EB005', 'Q0022', 3, 1.0),
    ('EB005', 'Q0035', 4, 0.5),
    ('EB005', 'Q0071', 5, 1.0),
    ('EB005', 'Q0099', 6, 1.0),
    ('EB005', 'Q0098', 7, 1.0),
    ('EB005', 'Q0017', 8, 0.25),
    ('EB005', 'Q0096', 9, 0.5),
    ('EB005', 'Q0094', 10, 0.5),
    ('EB005', 'Q0024', 11, 0.25),
    ('EB005', 'Q0088', 12, 0.5),
    ('EB005', 'Q0092', 13, 0.5),
    ('EB005', 'Q0059', 14, 0.25),
    ('EB005', 'Q0034', 15, 0.5),
    ('EB005', 'Q0044', 16, 0.5),
    ('EB005', 'Q0073', 17, 0.25),
    ('EB005', 'Q0067', 18, 0.5),
    ('EB005', 'Q0029', 19, 1.0),
    ('EB005', 'Q0010', 20, 0.25),
    ('EB006', 'Q0041', 1, 1.0),
    ('EB006', 'Q0045', 2, 0.25),
    ('EB006', 'Q0087', 3, 1.0),
    ('EB006', 'Q0015', 4, 0.5),
    ('EB006', 'Q0002', 5, 1.0),
    ('EB006', 'Q0095', 6, 0.5),
    ('EB006', 'Q0056', 7, 0.25),
    ('EB006', 'Q0032', 8, 0.25),
    ('EB006', 'Q0048', 9, 0.5),
    ('EB006', 'Q0024', 10, 0.5),
    ('EB006', 'Q0052', 11, 0.5),
    ('EB006', 'Q0082', 12, 0.25),
    ('EB006', 'Q0030', 13, 0.5),
    ('EB006', 'Q0083', 14, 0.5),
    ('EB006', 'Q0057', 15, 0.5),
    ('EB006', 'Q0093', 16, 0.5),
    ('EB006', 'Q0040', 17, 0.25),
    ('EB006', 'Q0059', 18, 0.25),
    ('EB006', 'Q0086', 19, 0.5),
    ('EB006', 'Q0053', 20, 0.5),
    ('EB007', 'Q0034', 1, 1.0),
    ('EB007', 'Q0055', 2, 0.5),
    ('EB007', 'Q0010', 3, 0.25),
    ('EB007', 'Q0038', 4, 0.5),
    ('EB007', 'Q0059', 5, 0.5),
    ('EB007', 'Q0015', 6, 0.25),
    ('EB007', 'Q0067', 7, 0.25),
    ('EB007', 'Q0007', 8, 0.5),
    ('EB007', 'Q0092', 9, 0.5),
    ('EB007', 'Q0079', 10, 0.5),
    ('EB007', 'Q0039', 11, 1.0),
    ('EB007', 'Q0050', 12, 0.25),
    ('EB007', 'Q0052', 13, 0.25),
    ('EB007', 'Q0090', 14, 1.0),
    ('EB007', 'Q0022', 15, 0.5),
    ('EB007', 'Q0073', 16, 0.25),
    ('EB007', 'Q0057', 17, 0.5),
    ('EB007', 'Q0030', 18, 0.5),
    ('EB007', 'Q0035', 19, 0.5),
    ('EB007', 'Q0051', 20, 1.0),
    ('EB008', 'Q0096', 1, 0.25),
    ('EB008', 'Q0066', 2, 0.5),
    ('EB008', 'Q0092', 3, 1.0),
    ('EB008', 'Q0037', 4, 0.25),
    ('EB008', 'Q0076', 5, 0.5),
    ('EB008', 'Q0078', 6, 0.5),
    ('EB008', 'Q0002', 7, 1.0),
    ('EB008', 'Q0081', 8, 0.5),
    ('EB008', 'Q0067', 9, 0.25),
    ('EB008', 'Q0059', 10, 1.0),
    ('EB008', 'Q0018', 11, 1.0),
    ('EB008', 'Q0053', 12, 1.0),
    ('EB008', 'Q0032', 13, 1.0),
    ('EB008', 'Q0021', 14, 0.5),
    ('EB008', 'Q0093', 15, 0.25),
    ('EB008', 'Q0017', 16, 1.0),
    ('EB008', 'Q0034', 17, 0.5),
    ('EB008', 'Q0045', 18, 0.5),
    ('EB008', 'Q0015', 19, 0.25),
    ('EB008', 'Q0057', 20, 0.5),
    ('EB009', 'Q0072', 1, 1.0),
    ('EB009', 'Q0060', 2, 0.5),
    ('EB009', 'Q0023', 3, 0.25),
    ('EB009', 'Q0049', 4, 0.25),
    ('EB009', 'Q0051', 5, 1.0),
    ('EB009', 'Q0008', 6, 0.5),
    ('EB009', 'Q0095', 7, 0.25),
    ('EB009', 'Q0034', 8, 1.0),
    ('EB009', 'Q0017', 9, 1.0),
    ('EB009', 'Q0092', 10, 1.0),
    ('EB009', 'Q0019', 11, 0.25),
    ('EB009', 'Q0070', 12, 0.25),
    ('EB009', 'Q0055', 13, 0.5),
    ('EB009', 'Q0028', 14, 0.5),
    ('EB009', 'Q0053', 15, 0.25),
    ('EB009', 'Q0091', 16, 0.25),
    ('EB009', 'Q0050', 17, 0.5),
    ('EB009', 'Q0100', 18, 0.5),
    ('EB009', 'Q0089', 19, 0.5),
    ('EB009', 'Q0001', 20, 0.25),
    ('EB010', 'Q0044', 1, 0.5),
    ('EB010', 'Q0052', 2, 1.0),
    ('EB010', 'Q0086', 3, 0.5),
    ('EB010', 'Q0030', 4, 0.5),
    ('EB010', 'Q0058', 5, 0.25),
    ('EB010', 'Q0039', 6, 0.5),
    ('EB010', 'Q0008', 7, 1.0),
    ('EB010', 'Q0028', 8, 0.5),
    ('EB010', 'Q0038', 9, 1.0),
    ('EB010', 'Q0098', 10, 0.25),
    ('EB010', 'Q0012', 11, 1.0),
    ('EB010', 'Q0099', 12, 0.25),
    ('EB010', 'Q0073', 13, 0.25),
    ('EB010', 'Q0074', 14, 0.25),
    ('EB010', 'Q0054', 15, 0.25),
    ('EB010', 'Q0050', 16, 1.0),
    ('EB010', 'Q0011', 17, 0.5),
    ('EB010', 'Q0034', 18, 0.5),
    ('EB010', 'Q0006', 19, 0.25),
    ('EB010', 'Q0047', 20, 1.0),
    ('EB011', 'Q0040', 1, 0.5),
    ('EB011', 'Q0039', 2, 0.25),
    ('EB011', 'Q0060', 3, 0.25),
    ('EB011', 'Q0051', 4, 0.25),
    ('EB011', 'Q0098', 5, 1.0),
    ('EB011', 'Q0001', 6, 0.5),
    ('EB011', 'Q0075', 7, 1.0),
    ('EB011', 'Q0085', 8, 1.0),
    ('EB011', 'Q0093', 9, 0.25),
    ('EB011', 'Q0076', 10, 1.0),
    ('EB011', 'Q0023', 11, 1.0),
    ('EB011', 'Q0077', 12, 1.0),
    ('EB011', 'Q0073', 13, 0.5),
    ('EB011', 'Q0078', 14, 0.5),
    ('EB011', 'Q0047', 15, 0.25),
    ('EB011', 'Q0022', 16, 1.0),
    ('EB011', 'Q0097', 17, 0.25),
    ('EB011', 'Q0032', 18, 1.0),
    ('EB011', 'Q0080', 19, 0.5),
    ('EB011', 'Q0012', 20, 1.0),
    ('EB012', 'Q0013', 1, 0.5),
    ('EB012', 'Q0093', 2, 1.0),
    ('EB012', 'Q0015', 3, 1.0),
    ('EB012', 'Q0094', 4, 0.5),
    ('EB012', 'Q0059', 5, 0.25),
    ('EB012', 'Q0031', 6, 1.0),
    ('EB012', 'Q0023', 7, 0.5),
    ('EB012', 'Q0014', 8, 1.0),
    ('EB012', 'Q0010', 9, 0.25),
    ('EB012', 'Q0071', 10, 0.25),
    ('EB012', 'Q0065', 11, 1.0),
    ('EB012', 'Q0034', 12, 0.25),
    ('EB012', 'Q0096', 13, 1.0),
    ('EB012', 'Q0063', 14, 0.25),
    ('EB012', 'Q0077', 15, 0.5),
    ('EB012', 'Q0033', 16, 0.5),
    ('EB012', 'Q0098', 17, 0.5),
    ('EB012', 'Q0008', 18, 0.5),
    ('EB012', 'Q0006', 19, 0.5),
    ('EB012', 'Q0047', 20, 0.5),
    ('EB013', 'Q0078', 1, 1.0),
    ('EB013', 'Q0041', 2, 1.0),
    ('EB013', 'Q0030', 3, 0.5),
    ('EB013', 'Q0010', 4, 0.5),
    ('EB013', 'Q0089', 5, 0.5),
    ('EB013', 'Q0054', 6, 1.0),
    ('EB013', 'Q0095', 7, 0.25),
    ('EB013', 'Q0002', 8, 1.0),
    ('EB013', 'Q0037', 9, 0.25),
    ('EB013', 'Q0072', 10, 0.5),
    ('EB013', 'Q0003', 11, 0.5),
    ('EB013', 'Q0045', 12, 1.0),
    ('EB013', 'Q0100', 13, 0.25),
    ('EB013', 'Q0082', 14, 1.0),
    ('EB013', 'Q0092', 15, 0.5),
    ('EB013', 'Q0060', 16, 0.25),
    ('EB013', 'Q0061', 17, 0.25),
    ('EB013', 'Q0086', 18, 0.25),
    ('EB013', 'Q0090', 19, 1.0),
    ('EB013', 'Q0058', 20, 1.0),
    ('EB014', 'Q0074', 1, 1.0),
    ('EB014', 'Q0082', 2, 0.25),
    ('EB014', 'Q0009', 3, 0.5),
    ('EB014', 'Q0005', 4, 0.5),
    ('EB014', 'Q0073', 5, 0.25),
    ('EB014', 'Q0021', 6, 0.5),
    ('EB014', 'Q0014', 7, 0.5),
    ('EB014', 'Q0098', 8, 0.25),
    ('EB014', 'Q0090', 9, 1.0),
    ('EB014', 'Q0042', 10, 0.5),
    ('EB014', 'Q0019', 11, 0.25),
    ('EB014', 'Q0093', 12, 1.0),
    ('EB014', 'Q0013', 13, 0.25),
    ('EB014', 'Q0039', 14, 0.5),
    ('EB014', 'Q0062', 15, 0.25),
    ('EB014', 'Q0100', 16, 0.5),
    ('EB014', 'Q0028', 17, 0.25),
    ('EB014', 'Q0026', 18, 0.25),
    ('EB014', 'Q0092', 19, 0.25),
    ('EB014', 'Q0035', 20, 0.5),
    ('EB015', 'Q0096', 1, 1.0),
    ('EB015', 'Q0036', 2, 0.5),
    ('EB015', 'Q0013', 3, 0.5),
    ('EB015', 'Q0001', 4, 0.5),
    ('EB015', 'Q0062', 5, 0.5),
    ('EB015', 'Q0020', 6, 1.0),
    ('EB015', 'Q0070', 7, 1.0),
    ('EB015', 'Q0028', 8, 0.5),
    ('EB015', 'Q0094', 9, 1.0),
    ('EB015', 'Q0071', 10, 0.25),
    ('EB015', 'Q0064', 11, 1.0),
    ('EB015', 'Q0100', 12, 0.5),
    ('EB015', 'Q0029', 13, 1.0),
    ('EB015', 'Q0017', 14, 1.0),
    ('EB015', 'Q0012', 15, 0.25),
    ('EB015', 'Q0007', 16, 0.5),
    ('EB015', 'Q0088', 17, 1.0),
    ('EB015', 'Q0002', 18, 1.0),
    ('EB015', 'Q0078', 19, 0.5),
    ('EB015', 'Q0092', 20, 0.25);

INSERT INTO survey_topics (id, code, name, type, description, active, created_at, updated_at, created_by) VALUES
    ('ST001', 'CDKS001', 'Khảo sát chất lượng giảng dạy', 'course_feedback', 'Chủ đề khảo sát phục vụ cải tiến chất lượng', TRUE, '2026-06-12 15:45:00', '2026-06-12 15:45:00', NULL),
    ('ST002', 'CDKS002', 'Khảo sát học phần cuối kỳ', 'lecturer_feedback', 'Chủ đề khảo sát phục vụ cải tiến chất lượng', TRUE, '2026-06-12 15:45:00', '2026-06-12 15:45:00', NULL),
    ('ST003', 'CDKS003', 'Khảo sát dịch vụ đào tạo', 'service_feedback', 'Chủ đề khảo sát phục vụ cải tiến chất lượng', TRUE, '2026-06-12 15:45:00', '2026-06-12 15:45:00', NULL),
    ('ST004', 'CDKS004', 'Khảo sát cơ sở vật chất', 'general', 'Chủ đề khảo sát phục vụ cải tiến chất lượng', TRUE, '2026-06-12 15:45:00', '2026-06-12 15:45:00', NULL),
    ('ST005', 'CDKS005', 'Khảo sát hoạt động khảo thí', 'course_feedback', 'Chủ đề khảo sát phục vụ cải tiến chất lượng', TRUE, '2026-06-12 15:45:00', '2026-06-12 15:45:00', NULL),
    ('ST006', 'CDKS006', 'Khảo sát cố vấn học tập', 'lecturer_feedback', 'Chủ đề khảo sát phục vụ cải tiến chất lượng', TRUE, '2026-06-12 15:45:00', '2026-06-12 15:45:00', NULL),
    ('ST007', 'CDKS007', 'Khảo sát trải nghiệm sinh viên', 'service_feedback', 'Chủ đề khảo sát phục vụ cải tiến chất lượng', TRUE, '2026-06-12 15:45:00', '2026-06-12 15:45:00', NULL),
    ('ST008', 'CDKS008', 'Khảo sát chương trình đào tạo', 'general', 'Chủ đề khảo sát phục vụ cải tiến chất lượng', TRUE, '2026-06-12 15:45:00', '2026-06-12 15:45:00', NULL);

INSERT INTO survey_object_types (id, code, name, description, training_object_type_code, active, created_at, updated_at, created_by) VALUES
    ('SOT001', 'HV', 'Học viên', 'Đối tượng khảo sát là học viên/sinh viên', 'student', TRUE, '2026-06-12 15:45:00', '2026-06-12 15:45:00', NULL),
    ('SOT002', 'GV', 'Giảng viên', 'Đối tượng khảo sát là giảng viên', 'lecturer', TRUE, '2026-06-12 15:45:00', '2026-06-12 15:45:00', NULL),
    ('SOT003', 'CBQL', 'Cán bộ quản lý', 'Đối tượng khảo sát là cán bộ quản lý', 'staff', TRUE, '2026-06-12 15:45:00', '2026-06-12 15:45:00', NULL);

INSERT INTO cluster_surveys (id, code, name, description, survey_topic_id, active, created_at, updated_at, created_by) VALUES
    ('CS001', 'CUMKS001', 'Cụm khảo sát 1', 'Nhóm đối tượng khảo sát theo chủ đề', 'ST008', TRUE, '2026-06-12 15:45:00', '2026-06-12 15:45:00', NULL),
    ('CS002', 'CUMKS002', 'Cụm khảo sát 2', 'Nhóm đối tượng khảo sát theo chủ đề', 'ST006', TRUE, '2026-06-12 15:45:00', '2026-06-12 15:45:00', NULL),
    ('CS003', 'CUMKS003', 'Cụm khảo sát 3', 'Nhóm đối tượng khảo sát theo chủ đề', 'ST004', TRUE, '2026-06-12 15:45:00', '2026-06-12 15:45:00', NULL),
    ('CS004', 'CUMKS004', 'Cụm khảo sát 4', 'Nhóm đối tượng khảo sát theo chủ đề', 'ST007', TRUE, '2026-06-12 15:45:00', '2026-06-12 15:45:00', NULL),
    ('CS005', 'CUMKS005', 'Cụm khảo sát 5', 'Nhóm đối tượng khảo sát theo chủ đề', 'ST006', TRUE, '2026-06-12 15:45:00', '2026-06-12 15:45:00', NULL),
    ('CS006', 'CUMKS006', 'Cụm khảo sát 6', 'Nhóm đối tượng khảo sát theo chủ đề', 'ST008', TRUE, '2026-06-12 15:45:00', '2026-06-12 15:45:00', NULL),
    ('CS007', 'CUMKS007', 'Cụm khảo sát 7', 'Nhóm đối tượng khảo sát theo chủ đề', 'ST002', TRUE, '2026-06-12 15:45:00', '2026-06-12 15:45:00', NULL),
    ('CS008', 'CUMKS008', 'Cụm khảo sát 8', 'Nhóm đối tượng khảo sát theo chủ đề', 'ST004', TRUE, '2026-06-12 15:45:00', '2026-06-12 15:45:00', NULL),
    ('CS009', 'CUMKS009', 'Cụm khảo sát 9', 'Nhóm đối tượng khảo sát theo chủ đề', 'ST002', TRUE, '2026-06-12 15:45:00', '2026-06-12 15:45:00', NULL),
    ('CS010', 'CUMKS010', 'Cụm khảo sát 10', 'Nhóm đối tượng khảo sát theo chủ đề', 'ST005', TRUE, '2026-06-12 15:45:00', '2026-06-12 15:45:00', NULL),
    ('CS011', 'CUMKS011', 'Cụm khảo sát 11', 'Nhóm đối tượng khảo sát theo chủ đề', 'ST006', TRUE, '2026-06-12 15:45:00', '2026-06-12 15:45:00', NULL),
    ('CS012', 'CUMKS012', 'Cụm khảo sát 12', 'Nhóm đối tượng khảo sát theo chủ đề', 'ST006', TRUE, '2026-06-12 15:45:00', '2026-06-12 15:45:00', NULL);

INSERT INTO survey_question_groups (id, code, name, description, active, created_at, updated_at, created_by) VALUES
    ('SQG001', 'NCH001', 'Nội dung học phần', 'Nhóm câu hỏi dùng trong phiếu khảo sát', TRUE, '2026-06-12 15:45:00', '2026-06-12 15:45:00', NULL),
    ('SQG002', 'NCH002', 'Phương pháp giảng dạy', 'Nhóm câu hỏi dùng trong phiếu khảo sát', TRUE, '2026-06-12 15:45:00', '2026-06-12 15:45:00', NULL),
    ('SQG003', 'NCH003', 'Tài liệu học tập', 'Nhóm câu hỏi dùng trong phiếu khảo sát', TRUE, '2026-06-12 15:45:00', '2026-06-12 15:45:00', NULL),
    ('SQG004', 'NCH004', 'Cơ sở vật chất', 'Nhóm câu hỏi dùng trong phiếu khảo sát', TRUE, '2026-06-12 15:45:00', '2026-06-12 15:45:00', NULL),
    ('SQG005', 'NCH005', 'Tổ chức thi', 'Nhóm câu hỏi dùng trong phiếu khảo sát', TRUE, '2026-06-12 15:45:00', '2026-06-12 15:45:00', NULL),
    ('SQG006', 'NCH006', 'Thái độ phục vụ', 'Nhóm câu hỏi dùng trong phiếu khảo sát', TRUE, '2026-06-12 15:45:00', '2026-06-12 15:45:00', NULL),
    ('SQG007', 'NCH007', 'Mức độ hài lòng chung', 'Nhóm câu hỏi dùng trong phiếu khảo sát', TRUE, '2026-06-12 15:45:00', '2026-06-12 15:45:00', NULL),
    ('SQG008', 'NCH008', 'Đánh giá giảng viên', 'Nhóm câu hỏi dùng trong phiếu khảo sát', TRUE, '2026-06-12 15:45:00', '2026-06-12 15:45:00', NULL),
    ('SQG009', 'NCH009', 'Đánh giá đề thi', 'Nhóm câu hỏi dùng trong phiếu khảo sát', TRUE, '2026-06-12 15:45:00', '2026-06-12 15:45:00', NULL),
    ('SQG010', 'NCH010', 'Góp ý cải tiến', 'Nhóm câu hỏi dùng trong phiếu khảo sát', TRUE, '2026-06-12 15:45:00', '2026-06-12 15:45:00', NULL);

INSERT INTO survey_questions (id, code, name, type, description, survey_question_group_id, active, created_at, updated_at, created_by) VALUES
    ('SQ001', 'CHKS001', 'Phòng học và thiết bị hỗ trợ học tập đáp ứng nhu cầu?', 'rating', 'Câu hỏi khảo sát định kỳ', 'SQG010', TRUE, '2026-06-12 15:45:00', '2026-06-12 15:45:00', NULL),
    ('SQ002', 'CHKS002', 'Hình thức kiểm tra đánh giá phản ánh đúng năng lực người học?', 'single_choice', 'Câu hỏi khảo sát định kỳ', 'SQG003', TRUE, '2026-06-12 15:45:00', '2026-06-12 15:45:00', NULL),
    ('SQ003', 'CHKS003', 'Lịch thi được thông báo kịp thời và rõ ràng?', 'text', 'Câu hỏi khảo sát định kỳ', 'SQG001', TRUE, '2026-06-12 15:45:00', '2026-06-12 15:45:00', NULL),
    ('SQ004', 'CHKS004', 'Hình thức kiểm tra đánh giá phản ánh đúng năng lực người học?', 'text', 'Câu hỏi khảo sát định kỳ', 'SQG003', TRUE, '2026-06-12 15:45:00', '2026-06-12 15:45:00', NULL),
    ('SQ005', 'CHKS005', 'Bạn có góp ý gì để cải thiện học phần/dịch vụ?', 'multiple_choice', 'Câu hỏi khảo sát định kỳ', 'SQG001', TRUE, '2026-06-12 15:45:00', '2026-06-12 15:45:00', NULL),
    ('SQ006', 'CHKS006', 'Đề thi có độ khó phù hợp với nội dung đã học?', 'rating', 'Câu hỏi khảo sát định kỳ', 'SQG010', TRUE, '2026-06-12 15:45:00', '2026-06-12 15:45:00', NULL),
    ('SQ007', 'CHKS007', 'Lịch thi được thông báo kịp thời và rõ ràng?', 'single_choice', 'Câu hỏi khảo sát định kỳ', 'SQG006', TRUE, '2026-06-12 15:45:00', '2026-06-12 15:45:00', NULL),
    ('SQ008', 'CHKS008', 'Giảng viên trình bày bài học rõ ràng và dễ hiểu?', 'multiple_choice', 'Câu hỏi khảo sát định kỳ', 'SQG009', TRUE, '2026-06-12 15:45:00', '2026-06-12 15:45:00', NULL),
    ('SQ009', 'CHKS009', 'Đề thi có độ khó phù hợp với nội dung đã học?', 'multiple_choice', 'Câu hỏi khảo sát định kỳ', 'SQG009', TRUE, '2026-06-12 15:45:00', '2026-06-12 15:45:00', NULL),
    ('SQ010', 'CHKS010', 'Giảng viên trình bày bài học rõ ràng và dễ hiểu?', 'text', 'Câu hỏi khảo sát định kỳ', 'SQG008', TRUE, '2026-06-12 15:45:00', '2026-06-12 15:45:00', NULL),
    ('SQ011', 'CHKS011', 'Tài liệu học tập được cung cấp đầy đủ?', 'single_choice', 'Câu hỏi khảo sát định kỳ', 'SQG005', TRUE, '2026-06-12 15:45:00', '2026-06-12 15:45:00', NULL),
    ('SQ012', 'CHKS012', 'Lịch thi được thông báo kịp thời và rõ ràng?', 'single_choice', 'Câu hỏi khảo sát định kỳ', 'SQG008', TRUE, '2026-06-12 15:45:00', '2026-06-12 15:45:00', NULL),
    ('SQ013', 'CHKS013', 'Bạn hài lòng với trải nghiệm học tập của học phần này?', 'single_choice', 'Câu hỏi khảo sát định kỳ', 'SQG001', TRUE, '2026-06-12 15:45:00', '2026-06-12 15:45:00', NULL),
    ('SQ014', 'CHKS014', 'Lịch thi được thông báo kịp thời và rõ ràng?', 'text', 'Câu hỏi khảo sát định kỳ', 'SQG005', TRUE, '2026-06-12 15:45:00', '2026-06-12 15:45:00', NULL),
    ('SQ015', 'CHKS015', 'Bạn có góp ý gì để cải thiện học phần/dịch vụ?', 'single_choice', 'Câu hỏi khảo sát định kỳ', 'SQG006', TRUE, '2026-06-12 15:45:00', '2026-06-12 15:45:00', NULL),
    ('SQ016', 'CHKS016', 'Mức độ phù hợp của nội dung học phần với mục tiêu đào tạo?', 'single_choice', 'Câu hỏi khảo sát định kỳ', 'SQG008', TRUE, '2026-06-12 15:45:00', '2026-06-12 15:45:00', NULL),
    ('SQ017', 'CHKS017', 'Đề thi có độ khó phù hợp với nội dung đã học?', 'single_choice', 'Câu hỏi khảo sát định kỳ', 'SQG009', TRUE, '2026-06-12 15:45:00', '2026-06-12 15:45:00', NULL),
    ('SQ018', 'CHKS018', 'Mức độ phù hợp của nội dung học phần với mục tiêu đào tạo?', 'rating', 'Câu hỏi khảo sát định kỳ', 'SQG005', TRUE, '2026-06-12 15:45:00', '2026-06-12 15:45:00', NULL),
    ('SQ019', 'CHKS019', 'Giảng viên trình bày bài học rõ ràng và dễ hiểu?', 'single_choice', 'Câu hỏi khảo sát định kỳ', 'SQG002', TRUE, '2026-06-12 15:45:00', '2026-06-12 15:45:00', NULL),
    ('SQ020', 'CHKS020', 'Phòng học và thiết bị hỗ trợ học tập đáp ứng nhu cầu?', 'text', 'Câu hỏi khảo sát định kỳ', 'SQG004', TRUE, '2026-06-12 15:45:00', '2026-06-12 15:45:00', NULL),
    ('SQ021', 'CHKS021', 'Quy trình coi thi được tổ chức nghiêm túc?', 'multiple_choice', 'Câu hỏi khảo sát định kỳ', 'SQG009', TRUE, '2026-06-12 15:45:00', '2026-06-12 15:45:00', NULL),
    ('SQ022', 'CHKS022', 'Mức độ phù hợp của nội dung học phần với mục tiêu đào tạo?', 'single_choice', 'Câu hỏi khảo sát định kỳ', 'SQG003', TRUE, '2026-06-12 15:45:00', '2026-06-12 15:45:00', NULL),
    ('SQ023', 'CHKS023', 'Phòng học và thiết bị hỗ trợ học tập đáp ứng nhu cầu?', 'multiple_choice', 'Câu hỏi khảo sát định kỳ', 'SQG002', TRUE, '2026-06-12 15:45:00', '2026-06-12 15:45:00', NULL),
    ('SQ024', 'CHKS024', 'Giảng viên trình bày bài học rõ ràng và dễ hiểu?', 'single_choice', 'Câu hỏi khảo sát định kỳ', 'SQG010', TRUE, '2026-06-12 15:45:00', '2026-06-12 15:45:00', NULL),
    ('SQ025', 'CHKS025', 'Phòng học và thiết bị hỗ trợ học tập đáp ứng nhu cầu?', 'multiple_choice', 'Câu hỏi khảo sát định kỳ', 'SQG007', TRUE, '2026-06-12 15:45:00', '2026-06-12 15:45:00', NULL),
    ('SQ026', 'CHKS026', 'Quy trình coi thi được tổ chức nghiêm túc?', 'multiple_choice', 'Câu hỏi khảo sát định kỳ', 'SQG006', TRUE, '2026-06-12 15:45:00', '2026-06-12 15:45:00', NULL),
    ('SQ027', 'CHKS027', 'Bạn hài lòng với trải nghiệm học tập của học phần này?', 'text', 'Câu hỏi khảo sát định kỳ', 'SQG004', TRUE, '2026-06-12 15:45:00', '2026-06-12 15:45:00', NULL),
    ('SQ028', 'CHKS028', 'Tài liệu học tập được cung cấp đầy đủ?', 'text', 'Câu hỏi khảo sát định kỳ', 'SQG003', TRUE, '2026-06-12 15:45:00', '2026-06-12 15:45:00', NULL),
    ('SQ029', 'CHKS029', 'Lịch thi được thông báo kịp thời và rõ ràng?', 'single_choice', 'Câu hỏi khảo sát định kỳ', 'SQG008', TRUE, '2026-06-12 15:45:00', '2026-06-12 15:45:00', NULL),
    ('SQ030', 'CHKS030', 'Giảng viên trình bày bài học rõ ràng và dễ hiểu?', 'rating', 'Câu hỏi khảo sát định kỳ', 'SQG008', TRUE, '2026-06-12 15:45:00', '2026-06-12 15:45:00', NULL),
    ('SQ031', 'CHKS031', 'Đề thi có độ khó phù hợp với nội dung đã học?', 'text', 'Câu hỏi khảo sát định kỳ', 'SQG008', TRUE, '2026-06-12 15:45:00', '2026-06-12 15:45:00', NULL),
    ('SQ032', 'CHKS032', 'Quy trình coi thi được tổ chức nghiêm túc?', 'text', 'Câu hỏi khảo sát định kỳ', 'SQG010', TRUE, '2026-06-12 15:45:00', '2026-06-12 15:45:00', NULL),
    ('SQ033', 'CHKS033', 'Hình thức kiểm tra đánh giá phản ánh đúng năng lực người học?', 'text', 'Câu hỏi khảo sát định kỳ', 'SQG001', TRUE, '2026-06-12 15:45:00', '2026-06-12 15:45:00', NULL),
    ('SQ034', 'CHKS034', 'Quy trình coi thi được tổ chức nghiêm túc?', 'multiple_choice', 'Câu hỏi khảo sát định kỳ', 'SQG005', TRUE, '2026-06-12 15:45:00', '2026-06-12 15:45:00', NULL),
    ('SQ035', 'CHKS035', 'Quy trình coi thi được tổ chức nghiêm túc?', 'single_choice', 'Câu hỏi khảo sát định kỳ', 'SQG003', TRUE, '2026-06-12 15:45:00', '2026-06-12 15:45:00', NULL),
    ('SQ036', 'CHKS036', 'Mức độ phù hợp của nội dung học phần với mục tiêu đào tạo?', 'text', 'Câu hỏi khảo sát định kỳ', 'SQG009', TRUE, '2026-06-12 15:45:00', '2026-06-12 15:45:00', NULL),
    ('SQ037', 'CHKS037', 'Tài liệu học tập được cung cấp đầy đủ?', 'text', 'Câu hỏi khảo sát định kỳ', 'SQG009', TRUE, '2026-06-12 15:45:00', '2026-06-12 15:45:00', NULL),
    ('SQ038', 'CHKS038', 'Hình thức kiểm tra đánh giá phản ánh đúng năng lực người học?', 'single_choice', 'Câu hỏi khảo sát định kỳ', 'SQG007', TRUE, '2026-06-12 15:45:00', '2026-06-12 15:45:00', NULL),
    ('SQ039', 'CHKS039', 'Đề thi có độ khó phù hợp với nội dung đã học?', 'single_choice', 'Câu hỏi khảo sát định kỳ', 'SQG007', TRUE, '2026-06-12 15:45:00', '2026-06-12 15:45:00', NULL),
    ('SQ040', 'CHKS040', 'Hình thức kiểm tra đánh giá phản ánh đúng năng lực người học?', 'single_choice', 'Câu hỏi khảo sát định kỳ', 'SQG006', TRUE, '2026-06-12 15:45:00', '2026-06-12 15:45:00', NULL),
    ('SQ041', 'CHKS041', 'Hình thức kiểm tra đánh giá phản ánh đúng năng lực người học?', 'single_choice', 'Câu hỏi khảo sát định kỳ', 'SQG006', TRUE, '2026-06-12 15:45:00', '2026-06-12 15:45:00', NULL),
    ('SQ042', 'CHKS042', 'Bạn hài lòng với trải nghiệm học tập của học phần này?', 'rating', 'Câu hỏi khảo sát định kỳ', 'SQG009', TRUE, '2026-06-12 15:45:00', '2026-06-12 15:45:00', NULL),
    ('SQ043', 'CHKS043', 'Giảng viên trình bày bài học rõ ràng và dễ hiểu?', 'multiple_choice', 'Câu hỏi khảo sát định kỳ', 'SQG006', TRUE, '2026-06-12 15:45:00', '2026-06-12 15:45:00', NULL),
    ('SQ044', 'CHKS044', 'Mức độ phù hợp của nội dung học phần với mục tiêu đào tạo?', 'multiple_choice', 'Câu hỏi khảo sát định kỳ', 'SQG008', TRUE, '2026-06-12 15:45:00', '2026-06-12 15:45:00', NULL),
    ('SQ045', 'CHKS045', 'Phòng học và thiết bị hỗ trợ học tập đáp ứng nhu cầu?', 'multiple_choice', 'Câu hỏi khảo sát định kỳ', 'SQG009', TRUE, '2026-06-12 15:45:00', '2026-06-12 15:45:00', NULL),
    ('SQ046', 'CHKS046', 'Đề thi có độ khó phù hợp với nội dung đã học?', 'rating', 'Câu hỏi khảo sát định kỳ', 'SQG006', TRUE, '2026-06-12 15:45:00', '2026-06-12 15:45:00', NULL),
    ('SQ047', 'CHKS047', 'Giảng viên trình bày bài học rõ ràng và dễ hiểu?', 'rating', 'Câu hỏi khảo sát định kỳ', 'SQG007', TRUE, '2026-06-12 15:45:00', '2026-06-12 15:45:00', NULL),
    ('SQ048', 'CHKS048', 'Giảng viên trình bày bài học rõ ràng và dễ hiểu?', 'text', 'Câu hỏi khảo sát định kỳ', 'SQG007', TRUE, '2026-06-12 15:45:00', '2026-06-12 15:45:00', NULL),
    ('SQ049', 'CHKS049', 'Giảng viên trình bày bài học rõ ràng và dễ hiểu?', 'rating', 'Câu hỏi khảo sát định kỳ', 'SQG003', TRUE, '2026-06-12 15:45:00', '2026-06-12 15:45:00', NULL),
    ('SQ050', 'CHKS050', 'Phòng học và thiết bị hỗ trợ học tập đáp ứng nhu cầu?', 'rating', 'Câu hỏi khảo sát định kỳ', 'SQG009', TRUE, '2026-06-12 15:45:00', '2026-06-12 15:45:00', NULL),
    ('SQ051', 'CHKS051', 'Quy trình coi thi được tổ chức nghiêm túc?', 'rating', 'Câu hỏi khảo sát định kỳ', 'SQG004', TRUE, '2026-06-12 15:45:00', '2026-06-12 15:45:00', NULL),
    ('SQ052', 'CHKS052', 'Quy trình coi thi được tổ chức nghiêm túc?', 'multiple_choice', 'Câu hỏi khảo sát định kỳ', 'SQG010', TRUE, '2026-06-12 15:45:00', '2026-06-12 15:45:00', NULL),
    ('SQ053', 'CHKS053', 'Quy trình coi thi được tổ chức nghiêm túc?', 'rating', 'Câu hỏi khảo sát định kỳ', 'SQG004', TRUE, '2026-06-12 15:45:00', '2026-06-12 15:45:00', NULL),
    ('SQ054', 'CHKS054', 'Lịch thi được thông báo kịp thời và rõ ràng?', 'text', 'Câu hỏi khảo sát định kỳ', 'SQG002', TRUE, '2026-06-12 15:45:00', '2026-06-12 15:45:00', NULL),
    ('SQ055', 'CHKS055', 'Bạn hài lòng với trải nghiệm học tập của học phần này?', 'text', 'Câu hỏi khảo sát định kỳ', 'SQG010', TRUE, '2026-06-12 15:45:00', '2026-06-12 15:45:00', NULL),
    ('SQ056', 'CHKS056', 'Tài liệu học tập được cung cấp đầy đủ?', 'multiple_choice', 'Câu hỏi khảo sát định kỳ', 'SQG003', TRUE, '2026-06-12 15:45:00', '2026-06-12 15:45:00', NULL),
    ('SQ057', 'CHKS057', 'Giảng viên trình bày bài học rõ ràng và dễ hiểu?', 'multiple_choice', 'Câu hỏi khảo sát định kỳ', 'SQG009', TRUE, '2026-06-12 15:45:00', '2026-06-12 15:45:00', NULL),
    ('SQ058', 'CHKS058', 'Quy trình coi thi được tổ chức nghiêm túc?', 'text', 'Câu hỏi khảo sát định kỳ', 'SQG007', TRUE, '2026-06-12 15:45:00', '2026-06-12 15:45:00', NULL),
    ('SQ059', 'CHKS059', 'Hình thức kiểm tra đánh giá phản ánh đúng năng lực người học?', 'rating', 'Câu hỏi khảo sát định kỳ', 'SQG004', TRUE, '2026-06-12 15:45:00', '2026-06-12 15:45:00', NULL),
    ('SQ060', 'CHKS060', 'Bạn hài lòng với trải nghiệm học tập của học phần này?', 'single_choice', 'Câu hỏi khảo sát định kỳ', 'SQG008', TRUE, '2026-06-12 15:45:00', '2026-06-12 15:45:00', NULL);

INSERT INTO surveys (id, code, name, description, start_date, end_date, is_public, anonymous, survey_topic_id, cluster_survey_id, survey_object_type_id, active, created_at, updated_at, created_by) VALUES
    ('SV001', 'KS001', 'Khảo sát học kỳ 1 - 1', 'Đợt khảo sát lấy ý kiến người học', '2026-07-10 15:45:00', '2026-08-09 15:45:00', TRUE, TRUE, 'ST002', 'CS009', 'SOT002', TRUE, '2026-06-12 15:45:00', '2026-06-12 15:45:00', NULL),
    ('SV002', 'KS002', 'Khảo sát học kỳ hè - 2', 'Đợt khảo sát lấy ý kiến người học', '2026-04-27 15:45:00', '2026-05-07 15:45:00', TRUE, FALSE, 'ST004', 'CS002', 'SOT003', TRUE, '2026-06-12 15:45:00', '2026-06-12 15:45:00', NULL),
    ('SV003', 'KS003', 'Khảo sát học kỳ hè - 3', 'Đợt khảo sát lấy ý kiến người học', '2026-05-26 15:45:00', '2026-06-23 15:45:00', FALSE, TRUE, 'ST004', 'CS005', 'SOT001', TRUE, '2026-06-12 15:45:00', '2026-06-12 15:45:00', NULL),
    ('SV004', 'KS004', 'Khảo sát học kỳ 2 - 4', 'Đợt khảo sát lấy ý kiến người học', '2026-05-30 15:45:00', '2026-06-24 15:45:00', TRUE, TRUE, 'ST007', 'CS004', 'SOT002', TRUE, '2026-06-12 15:45:00', '2026-06-12 15:45:00', NULL),
    ('SV005', 'KS005', 'Khảo sát học kỳ hè - 5', 'Đợt khảo sát lấy ý kiến người học', '2026-05-07 15:45:00', '2026-06-17 15:45:00', TRUE, FALSE, 'ST008', 'CS009', 'SOT003', TRUE, '2026-06-12 15:45:00', '2026-06-12 15:45:00', NULL),
    ('SV006', 'KS006', 'Khảo sát học kỳ hè - 6', 'Đợt khảo sát lấy ý kiến người học', '2026-06-26 15:45:00', '2026-07-08 15:45:00', TRUE, TRUE, 'ST006', 'CS001', 'SOT003', TRUE, '2026-06-12 15:45:00', '2026-06-12 15:45:00', NULL),
    ('SV007', 'KS007', 'Khảo sát học kỳ hè - 7', 'Đợt khảo sát lấy ý kiến người học', '2026-07-01 15:45:00', '2026-08-01 15:45:00', FALSE, TRUE, 'ST006', 'CS004', 'SOT002', TRUE, '2026-06-12 15:45:00', '2026-06-12 15:45:00', NULL),
    ('SV008', 'KS008', 'Khảo sát học kỳ 2 - 8', 'Đợt khảo sát lấy ý kiến người học', '2026-04-29 15:45:00', '2026-05-20 15:45:00', TRUE, FALSE, 'ST002', 'CS001', 'SOT001', TRUE, '2026-06-12 15:45:00', '2026-06-12 15:45:00', NULL),
    ('SV009', 'KS009', 'Khảo sát học kỳ 1 - 9', 'Đợt khảo sát lấy ý kiến người học', '2026-05-19 15:45:00', '2026-06-29 15:45:00', TRUE, FALSE, 'ST001', 'CS004', 'SOT002', TRUE, '2026-06-12 15:45:00', '2026-06-12 15:45:00', NULL),
    ('SV010', 'KS010', 'Khảo sát học kỳ 1 - 10', 'Đợt khảo sát lấy ý kiến người học', '2026-06-18 15:45:00', '2026-07-26 15:45:00', FALSE, FALSE, 'ST008', 'CS008', 'SOT003', TRUE, '2026-06-12 15:45:00', '2026-06-12 15:45:00', NULL),
    ('SV011', 'KS011', 'Khảo sát học kỳ hè - 11', 'Đợt khảo sát lấy ý kiến người học', '2026-07-01 15:45:00', '2026-08-08 15:45:00', TRUE, TRUE, 'ST001', 'CS002', 'SOT002', TRUE, '2026-06-12 15:45:00', '2026-06-12 15:45:00', NULL),
    ('SV012', 'KS012', 'Khảo sát học kỳ hè - 12', 'Đợt khảo sát lấy ý kiến người học', '2026-06-06 15:45:00', '2026-07-12 15:45:00', FALSE, FALSE, 'ST004', 'CS001', 'SOT002', TRUE, '2026-06-12 15:45:00', '2026-06-12 15:45:00', NULL),
    ('SV013', 'KS013', 'Khảo sát học kỳ 1 - 13', 'Đợt khảo sát lấy ý kiến người học', '2026-06-07 15:45:00', '2026-06-25 15:45:00', TRUE, TRUE, 'ST005', 'CS005', 'SOT001', TRUE, '2026-06-12 15:45:00', '2026-06-12 15:45:00', NULL),
    ('SV014', 'KS014', 'Khảo sát học kỳ 1 - 14', 'Đợt khảo sát lấy ý kiến người học', '2026-04-15 15:45:00', '2026-04-29 15:45:00', TRUE, TRUE, 'ST006', 'CS011', 'SOT001', TRUE, '2026-06-12 15:45:00', '2026-06-12 15:45:00', NULL),
    ('SV015', 'KS015', 'Khảo sát học kỳ hè - 15', 'Đợt khảo sát lấy ý kiến người học', '2026-06-24 15:45:00', '2026-07-15 15:45:00', FALSE, TRUE, 'ST003', 'CS011', 'SOT002', TRUE, '2026-06-12 15:45:00', '2026-06-12 15:45:00', NULL);

INSERT INTO survey_sessions (id, code, survey_id, user_id, hoc_vien_id, survey_object_type_id, is_completed, completed_at, description, active, created_at, updated_at, created_by) VALUES
    ('SS0001', 'PHKS0001', 'SV010', NULL, 'HV028', 'SOT001', TRUE, '2026-06-12 15:45:00', 'Phiên làm khảo sát', TRUE, '2026-06-12 15:45:00', '2026-06-12 15:45:00', NULL),
    ('SS0002', 'PHKS0002', 'SV005', NULL, 'HV021', 'SOT001', FALSE, NULL, 'Phiên làm khảo sát', TRUE, '2026-06-12 15:45:00', '2026-06-12 15:45:00', NULL),
    ('SS0003', 'PHKS0003', 'SV003', NULL, 'HV012', 'SOT001', TRUE, '2026-06-12 15:45:00', 'Phiên làm khảo sát', TRUE, '2026-06-12 15:45:00', '2026-06-12 15:45:00', NULL),
    ('SS0004', 'PHKS0004', 'SV001', NULL, 'HV036', 'SOT001', TRUE, '2026-06-12 15:45:00', 'Phiên làm khảo sát', TRUE, '2026-06-12 15:45:00', '2026-06-12 15:45:00', NULL),
    ('SS0005', 'PHKS0005', 'SV008', NULL, 'HV001', 'SOT001', FALSE, NULL, 'Phiên làm khảo sát', TRUE, '2026-06-12 15:45:00', '2026-06-12 15:45:00', NULL),
    ('SS0006', 'PHKS0006', 'SV010', NULL, 'HV024', 'SOT001', TRUE, '2026-06-12 15:45:00', 'Phiên làm khảo sát', TRUE, '2026-06-12 15:45:00', '2026-06-12 15:45:00', NULL),
    ('SS0007', 'PHKS0007', 'SV006', NULL, 'HV012', 'SOT001', FALSE, NULL, 'Phiên làm khảo sát', TRUE, '2026-06-12 15:45:00', '2026-06-12 15:45:00', NULL),
    ('SS0008', 'PHKS0008', 'SV009', NULL, 'HV027', 'SOT001', TRUE, '2026-06-12 15:45:00', 'Phiên làm khảo sát', TRUE, '2026-06-12 15:45:00', '2026-06-12 15:45:00', NULL),
    ('SS0009', 'PHKS0009', 'SV001', NULL, 'HV025', 'SOT001', TRUE, '2026-06-12 15:45:00', 'Phiên làm khảo sát', TRUE, '2026-06-12 15:45:00', '2026-06-12 15:45:00', NULL),
    ('SS0010', 'PHKS0010', 'SV001', NULL, 'HV041', 'SOT001', FALSE, NULL, 'Phiên làm khảo sát', TRUE, '2026-06-12 15:45:00', '2026-06-12 15:45:00', NULL),
    ('SS0011', 'PHKS0011', 'SV013', NULL, 'HV034', 'SOT001', TRUE, '2026-06-12 15:45:00', 'Phiên làm khảo sát', TRUE, '2026-06-12 15:45:00', '2026-06-12 15:45:00', NULL),
    ('SS0012', 'PHKS0012', 'SV001', NULL, 'HV035', 'SOT001', TRUE, '2026-06-12 15:45:00', 'Phiên làm khảo sát', TRUE, '2026-06-12 15:45:00', '2026-06-12 15:45:00', NULL),
    ('SS0013', 'PHKS0013', 'SV001', NULL, 'HV045', 'SOT001', TRUE, '2026-06-12 15:45:00', 'Phiên làm khảo sát', TRUE, '2026-06-12 15:45:00', '2026-06-12 15:45:00', NULL),
    ('SS0014', 'PHKS0014', 'SV010', NULL, 'HV048', 'SOT001', FALSE, NULL, 'Phiên làm khảo sát', TRUE, '2026-06-12 15:45:00', '2026-06-12 15:45:00', NULL),
    ('SS0015', 'PHKS0015', 'SV001', NULL, 'HV014', 'SOT001', TRUE, '2026-06-12 15:45:00', 'Phiên làm khảo sát', TRUE, '2026-06-12 15:45:00', '2026-06-12 15:45:00', NULL),
    ('SS0016', 'PHKS0016', 'SV010', NULL, 'HV015', 'SOT001', TRUE, '2026-06-12 15:45:00', 'Phiên làm khảo sát', TRUE, '2026-06-12 15:45:00', '2026-06-12 15:45:00', NULL),
    ('SS0017', 'PHKS0017', 'SV010', NULL, 'HV008', 'SOT001', TRUE, '2026-06-12 15:45:00', 'Phiên làm khảo sát', TRUE, '2026-06-12 15:45:00', '2026-06-12 15:45:00', NULL),
    ('SS0018', 'PHKS0018', 'SV006', NULL, 'HV022', 'SOT001', TRUE, '2026-06-12 15:45:00', 'Phiên làm khảo sát', TRUE, '2026-06-12 15:45:00', '2026-06-12 15:45:00', NULL),
    ('SS0019', 'PHKS0019', 'SV012', NULL, 'HV028', 'SOT001', FALSE, NULL, 'Phiên làm khảo sát', TRUE, '2026-06-12 15:45:00', '2026-06-12 15:45:00', NULL),
    ('SS0020', 'PHKS0020', 'SV002', NULL, 'HV018', 'SOT001', FALSE, NULL, 'Phiên làm khảo sát', TRUE, '2026-06-12 15:45:00', '2026-06-12 15:45:00', NULL),
    ('SS0021', 'PHKS0021', 'SV004', NULL, 'HV032', 'SOT001', TRUE, '2026-06-12 15:45:00', 'Phiên làm khảo sát', TRUE, '2026-06-12 15:45:00', '2026-06-12 15:45:00', NULL),
    ('SS0022', 'PHKS0022', 'SV007', NULL, 'HV007', 'SOT001', TRUE, '2026-06-12 15:45:00', 'Phiên làm khảo sát', TRUE, '2026-06-12 15:45:00', '2026-06-12 15:45:00', NULL),
    ('SS0023', 'PHKS0023', 'SV015', NULL, 'HV017', 'SOT001', FALSE, NULL, 'Phiên làm khảo sát', TRUE, '2026-06-12 15:45:00', '2026-06-12 15:45:00', NULL),
    ('SS0024', 'PHKS0024', 'SV001', NULL, 'HV034', 'SOT001', TRUE, '2026-06-12 15:45:00', 'Phiên làm khảo sát', TRUE, '2026-06-12 15:45:00', '2026-06-12 15:45:00', NULL),
    ('SS0025', 'PHKS0025', 'SV007', NULL, 'HV019', 'SOT001', TRUE, '2026-06-12 15:45:00', 'Phiên làm khảo sát', TRUE, '2026-06-12 15:45:00', '2026-06-12 15:45:00', NULL),
    ('SS0026', 'PHKS0026', 'SV002', NULL, 'HV033', 'SOT001', TRUE, '2026-06-12 15:45:00', 'Phiên làm khảo sát', TRUE, '2026-06-12 15:45:00', '2026-06-12 15:45:00', NULL),
    ('SS0027', 'PHKS0027', 'SV013', NULL, 'HV001', 'SOT001', FALSE, NULL, 'Phiên làm khảo sát', TRUE, '2026-06-12 15:45:00', '2026-06-12 15:45:00', NULL),
    ('SS0028', 'PHKS0028', 'SV011', NULL, 'HV032', 'SOT001', TRUE, '2026-06-12 15:45:00', 'Phiên làm khảo sát', TRUE, '2026-06-12 15:45:00', '2026-06-12 15:45:00', NULL),
    ('SS0029', 'PHKS0029', 'SV013', NULL, 'HV032', 'SOT001', TRUE, '2026-06-12 15:45:00', 'Phiên làm khảo sát', TRUE, '2026-06-12 15:45:00', '2026-06-12 15:45:00', NULL),
    ('SS0030', 'PHKS0030', 'SV007', NULL, 'HV020', 'SOT001', TRUE, '2026-06-12 15:45:00', 'Phiên làm khảo sát', TRUE, '2026-06-12 15:45:00', '2026-06-12 15:45:00', NULL),
    ('SS0031', 'PHKS0031', 'SV010', NULL, 'HV023', 'SOT001', FALSE, NULL, 'Phiên làm khảo sát', TRUE, '2026-06-12 15:45:00', '2026-06-12 15:45:00', NULL),
    ('SS0032', 'PHKS0032', 'SV008', NULL, 'HV019', 'SOT001', TRUE, '2026-06-12 15:45:00', 'Phiên làm khảo sát', TRUE, '2026-06-12 15:45:00', '2026-06-12 15:45:00', NULL),
    ('SS0033', 'PHKS0033', 'SV008', NULL, 'HV020', 'SOT001', TRUE, '2026-06-12 15:45:00', 'Phiên làm khảo sát', TRUE, '2026-06-12 15:45:00', '2026-06-12 15:45:00', NULL),
    ('SS0034', 'PHKS0034', 'SV008', NULL, 'HV021', 'SOT001', TRUE, '2026-06-12 15:45:00', 'Phiên làm khảo sát', TRUE, '2026-06-12 15:45:00', '2026-06-12 15:45:00', NULL),
    ('SS0035', 'PHKS0035', 'SV006', NULL, 'HV010', 'SOT001', TRUE, '2026-06-12 15:45:00', 'Phiên làm khảo sát', TRUE, '2026-06-12 15:45:00', '2026-06-12 15:45:00', NULL),
    ('SS0036', 'PHKS0036', 'SV008', NULL, 'HV005', 'SOT001', TRUE, '2026-06-12 15:45:00', 'Phiên làm khảo sát', TRUE, '2026-06-12 15:45:00', '2026-06-12 15:45:00', NULL),
    ('SS0037', 'PHKS0037', 'SV005', NULL, 'HV007', 'SOT001', TRUE, '2026-06-12 15:45:00', 'Phiên làm khảo sát', TRUE, '2026-06-12 15:45:00', '2026-06-12 15:45:00', NULL),
    ('SS0038', 'PHKS0038', 'SV008', NULL, 'HV049', 'SOT001', TRUE, '2026-06-12 15:45:00', 'Phiên làm khảo sát', TRUE, '2026-06-12 15:45:00', '2026-06-12 15:45:00', NULL),
    ('SS0039', 'PHKS0039', 'SV003', NULL, 'HV044', 'SOT001', TRUE, '2026-06-12 15:45:00', 'Phiên làm khảo sát', TRUE, '2026-06-12 15:45:00', '2026-06-12 15:45:00', NULL),
    ('SS0040', 'PHKS0040', 'SV002', NULL, 'HV025', 'SOT001', TRUE, '2026-06-12 15:45:00', 'Phiên làm khảo sát', TRUE, '2026-06-12 15:45:00', '2026-06-12 15:45:00', NULL),
    ('SS0041', 'PHKS0041', 'SV009', NULL, 'HV012', 'SOT001', FALSE, NULL, 'Phiên làm khảo sát', TRUE, '2026-06-12 15:45:00', '2026-06-12 15:45:00', NULL),
    ('SS0042', 'PHKS0042', 'SV011', NULL, 'HV005', 'SOT001', TRUE, '2026-06-12 15:45:00', 'Phiên làm khảo sát', TRUE, '2026-06-12 15:45:00', '2026-06-12 15:45:00', NULL),
    ('SS0043', 'PHKS0043', 'SV010', NULL, 'HV050', 'SOT001', TRUE, '2026-06-12 15:45:00', 'Phiên làm khảo sát', TRUE, '2026-06-12 15:45:00', '2026-06-12 15:45:00', NULL),
    ('SS0044', 'PHKS0044', 'SV007', NULL, 'HV007', 'SOT001', TRUE, '2026-06-12 15:45:00', 'Phiên làm khảo sát', TRUE, '2026-06-12 15:45:00', '2026-06-12 15:45:00', NULL),
    ('SS0045', 'PHKS0045', 'SV013', NULL, 'HV013', 'SOT001', TRUE, '2026-06-12 15:45:00', 'Phiên làm khảo sát', TRUE, '2026-06-12 15:45:00', '2026-06-12 15:45:00', NULL),
    ('SS0046', 'PHKS0046', 'SV005', NULL, 'HV016', 'SOT001', TRUE, '2026-06-12 15:45:00', 'Phiên làm khảo sát', TRUE, '2026-06-12 15:45:00', '2026-06-12 15:45:00', NULL),
    ('SS0047', 'PHKS0047', 'SV009', NULL, 'HV022', 'SOT001', FALSE, NULL, 'Phiên làm khảo sát', TRUE, '2026-06-12 15:45:00', '2026-06-12 15:45:00', NULL),
    ('SS0048', 'PHKS0048', 'SV012', NULL, 'HV031', 'SOT001', TRUE, '2026-06-12 15:45:00', 'Phiên làm khảo sát', TRUE, '2026-06-12 15:45:00', '2026-06-12 15:45:00', NULL),
    ('SS0049', 'PHKS0049', 'SV011', NULL, 'HV019', 'SOT001', TRUE, '2026-06-12 15:45:00', 'Phiên làm khảo sát', TRUE, '2026-06-12 15:45:00', '2026-06-12 15:45:00', NULL),
    ('SS0050', 'PHKS0050', 'SV014', NULL, 'HV021', 'SOT001', TRUE, '2026-06-12 15:45:00', 'Phiên làm khảo sát', TRUE, '2026-06-12 15:45:00', '2026-06-12 15:45:00', NULL),
    ('SS0051', 'PHKS0051', 'SV013', NULL, 'HV038', 'SOT001', FALSE, NULL, 'Phiên làm khảo sát', TRUE, '2026-06-12 15:45:00', '2026-06-12 15:45:00', NULL),
    ('SS0052', 'PHKS0052', 'SV009', NULL, 'HV007', 'SOT001', TRUE, '2026-06-12 15:45:00', 'Phiên làm khảo sát', TRUE, '2026-06-12 15:45:00', '2026-06-12 15:45:00', NULL),
    ('SS0053', 'PHKS0053', 'SV010', NULL, 'HV023', 'SOT001', FALSE, NULL, 'Phiên làm khảo sát', TRUE, '2026-06-12 15:45:00', '2026-06-12 15:45:00', NULL),
    ('SS0054', 'PHKS0054', 'SV013', NULL, 'HV025', 'SOT001', TRUE, '2026-06-12 15:45:00', 'Phiên làm khảo sát', TRUE, '2026-06-12 15:45:00', '2026-06-12 15:45:00', NULL),
    ('SS0055', 'PHKS0055', 'SV008', NULL, 'HV019', 'SOT001', FALSE, NULL, 'Phiên làm khảo sát', TRUE, '2026-06-12 15:45:00', '2026-06-12 15:45:00', NULL),
    ('SS0056', 'PHKS0056', 'SV005', NULL, 'HV009', 'SOT001', TRUE, '2026-06-12 15:45:00', 'Phiên làm khảo sát', TRUE, '2026-06-12 15:45:00', '2026-06-12 15:45:00', NULL),
    ('SS0057', 'PHKS0057', 'SV001', NULL, 'HV029', 'SOT001', TRUE, '2026-06-12 15:45:00', 'Phiên làm khảo sát', TRUE, '2026-06-12 15:45:00', '2026-06-12 15:45:00', NULL),
    ('SS0058', 'PHKS0058', 'SV006', NULL, 'HV040', 'SOT001', FALSE, NULL, 'Phiên làm khảo sát', TRUE, '2026-06-12 15:45:00', '2026-06-12 15:45:00', NULL),
    ('SS0059', 'PHKS0059', 'SV015', NULL, 'HV041', 'SOT001', TRUE, '2026-06-12 15:45:00', 'Phiên làm khảo sát', TRUE, '2026-06-12 15:45:00', '2026-06-12 15:45:00', NULL),
    ('SS0060', 'PHKS0060', 'SV005', NULL, 'HV021', 'SOT001', TRUE, '2026-06-12 15:45:00', 'Phiên làm khảo sát', TRUE, '2026-06-12 15:45:00', '2026-06-12 15:45:00', NULL),
    ('SS0061', 'PHKS0061', 'SV004', NULL, 'HV009', 'SOT001', TRUE, '2026-06-12 15:45:00', 'Phiên làm khảo sát', TRUE, '2026-06-12 15:45:00', '2026-06-12 15:45:00', NULL),
    ('SS0062', 'PHKS0062', 'SV012', NULL, 'HV012', 'SOT001', TRUE, '2026-06-12 15:45:00', 'Phiên làm khảo sát', TRUE, '2026-06-12 15:45:00', '2026-06-12 15:45:00', NULL),
    ('SS0063', 'PHKS0063', 'SV003', NULL, 'HV023', 'SOT001', TRUE, '2026-06-12 15:45:00', 'Phiên làm khảo sát', TRUE, '2026-06-12 15:45:00', '2026-06-12 15:45:00', NULL),
    ('SS0064', 'PHKS0064', 'SV015', NULL, 'HV015', 'SOT001', FALSE, NULL, 'Phiên làm khảo sát', TRUE, '2026-06-12 15:45:00', '2026-06-12 15:45:00', NULL),
    ('SS0065', 'PHKS0065', 'SV009', NULL, 'HV025', 'SOT001', TRUE, '2026-06-12 15:45:00', 'Phiên làm khảo sát', TRUE, '2026-06-12 15:45:00', '2026-06-12 15:45:00', NULL),
    ('SS0066', 'PHKS0066', 'SV015', NULL, 'HV040', 'SOT001', TRUE, '2026-06-12 15:45:00', 'Phiên làm khảo sát', TRUE, '2026-06-12 15:45:00', '2026-06-12 15:45:00', NULL),
    ('SS0067', 'PHKS0067', 'SV003', NULL, 'HV033', 'SOT001', TRUE, '2026-06-12 15:45:00', 'Phiên làm khảo sát', TRUE, '2026-06-12 15:45:00', '2026-06-12 15:45:00', NULL),
    ('SS0068', 'PHKS0068', 'SV006', NULL, 'HV033', 'SOT001', TRUE, '2026-06-12 15:45:00', 'Phiên làm khảo sát', TRUE, '2026-06-12 15:45:00', '2026-06-12 15:45:00', NULL),
    ('SS0069', 'PHKS0069', 'SV006', NULL, 'HV019', 'SOT001', TRUE, '2026-06-12 15:45:00', 'Phiên làm khảo sát', TRUE, '2026-06-12 15:45:00', '2026-06-12 15:45:00', NULL),
    ('SS0070', 'PHKS0070', 'SV006', NULL, 'HV007', 'SOT001', TRUE, '2026-06-12 15:45:00', 'Phiên làm khảo sát', TRUE, '2026-06-12 15:45:00', '2026-06-12 15:45:00', NULL),
    ('SS0071', 'PHKS0071', 'SV002', NULL, 'HV023', 'SOT001', TRUE, '2026-06-12 15:45:00', 'Phiên làm khảo sát', TRUE, '2026-06-12 15:45:00', '2026-06-12 15:45:00', NULL),
    ('SS0072', 'PHKS0072', 'SV004', NULL, 'HV003', 'SOT001', TRUE, '2026-06-12 15:45:00', 'Phiên làm khảo sát', TRUE, '2026-06-12 15:45:00', '2026-06-12 15:45:00', NULL),
    ('SS0073', 'PHKS0073', 'SV008', NULL, 'HV022', 'SOT001', TRUE, '2026-06-12 15:45:00', 'Phiên làm khảo sát', TRUE, '2026-06-12 15:45:00', '2026-06-12 15:45:00', NULL),
    ('SS0074', 'PHKS0074', 'SV009', NULL, 'HV017', 'SOT001', TRUE, '2026-06-12 15:45:00', 'Phiên làm khảo sát', TRUE, '2026-06-12 15:45:00', '2026-06-12 15:45:00', NULL),
    ('SS0075', 'PHKS0075', 'SV015', NULL, 'HV035', 'SOT001', TRUE, '2026-06-12 15:45:00', 'Phiên làm khảo sát', TRUE, '2026-06-12 15:45:00', '2026-06-12 15:45:00', NULL),
    ('SS0076', 'PHKS0076', 'SV015', NULL, 'HV031', 'SOT001', FALSE, NULL, 'Phiên làm khảo sát', TRUE, '2026-06-12 15:45:00', '2026-06-12 15:45:00', NULL),
    ('SS0077', 'PHKS0077', 'SV013', NULL, 'HV012', 'SOT001', TRUE, '2026-06-12 15:45:00', 'Phiên làm khảo sát', TRUE, '2026-06-12 15:45:00', '2026-06-12 15:45:00', NULL),
    ('SS0078', 'PHKS0078', 'SV009', NULL, 'HV026', 'SOT001', TRUE, '2026-06-12 15:45:00', 'Phiên làm khảo sát', TRUE, '2026-06-12 15:45:00', '2026-06-12 15:45:00', NULL),
    ('SS0079', 'PHKS0079', 'SV011', NULL, 'HV036', 'SOT001', TRUE, '2026-06-12 15:45:00', 'Phiên làm khảo sát', TRUE, '2026-06-12 15:45:00', '2026-06-12 15:45:00', NULL),
    ('SS0080', 'PHKS0080', 'SV013', NULL, 'HV009', 'SOT001', TRUE, '2026-06-12 15:45:00', 'Phiên làm khảo sát', TRUE, '2026-06-12 15:45:00', '2026-06-12 15:45:00', NULL),
    ('SS0081', 'PHKS0081', 'SV008', NULL, 'HV031', 'SOT001', TRUE, '2026-06-12 15:45:00', 'Phiên làm khảo sát', TRUE, '2026-06-12 15:45:00', '2026-06-12 15:45:00', NULL),
    ('SS0082', 'PHKS0082', 'SV013', NULL, 'HV021', 'SOT001', TRUE, '2026-06-12 15:45:00', 'Phiên làm khảo sát', TRUE, '2026-06-12 15:45:00', '2026-06-12 15:45:00', NULL),
    ('SS0083', 'PHKS0083', 'SV005', NULL, 'HV038', 'SOT001', FALSE, NULL, 'Phiên làm khảo sát', TRUE, '2026-06-12 15:45:00', '2026-06-12 15:45:00', NULL),
    ('SS0084', 'PHKS0084', 'SV007', NULL, 'HV050', 'SOT001', TRUE, '2026-06-12 15:45:00', 'Phiên làm khảo sát', TRUE, '2026-06-12 15:45:00', '2026-06-12 15:45:00', NULL),
    ('SS0085', 'PHKS0085', 'SV009', NULL, 'HV003', 'SOT001', TRUE, '2026-06-12 15:45:00', 'Phiên làm khảo sát', TRUE, '2026-06-12 15:45:00', '2026-06-12 15:45:00', NULL),
    ('SS0086', 'PHKS0086', 'SV013', NULL, 'HV049', 'SOT001', FALSE, NULL, 'Phiên làm khảo sát', TRUE, '2026-06-12 15:45:00', '2026-06-12 15:45:00', NULL),
    ('SS0087', 'PHKS0087', 'SV014', NULL, 'HV018', 'SOT001', FALSE, NULL, 'Phiên làm khảo sát', TRUE, '2026-06-12 15:45:00', '2026-06-12 15:45:00', NULL),
    ('SS0088', 'PHKS0088', 'SV005', NULL, 'HV017', 'SOT001', FALSE, NULL, 'Phiên làm khảo sát', TRUE, '2026-06-12 15:45:00', '2026-06-12 15:45:00', NULL),
    ('SS0089', 'PHKS0089', 'SV004', NULL, 'HV033', 'SOT001', FALSE, NULL, 'Phiên làm khảo sát', TRUE, '2026-06-12 15:45:00', '2026-06-12 15:45:00', NULL),
    ('SS0090', 'PHKS0090', 'SV005', NULL, 'HV043', 'SOT001', TRUE, '2026-06-12 15:45:00', 'Phiên làm khảo sát', TRUE, '2026-06-12 15:45:00', '2026-06-12 15:45:00', NULL),
    ('SS0091', 'PHKS0091', 'SV003', NULL, 'HV048', 'SOT001', TRUE, '2026-06-12 15:45:00', 'Phiên làm khảo sát', TRUE, '2026-06-12 15:45:00', '2026-06-12 15:45:00', NULL),
    ('SS0092', 'PHKS0092', 'SV011', NULL, 'HV001', 'SOT001', TRUE, '2026-06-12 15:45:00', 'Phiên làm khảo sát', TRUE, '2026-06-12 15:45:00', '2026-06-12 15:45:00', NULL),
    ('SS0093', 'PHKS0093', 'SV005', NULL, 'HV028', 'SOT001', FALSE, NULL, 'Phiên làm khảo sát', TRUE, '2026-06-12 15:45:00', '2026-06-12 15:45:00', NULL),
    ('SS0094', 'PHKS0094', 'SV011', NULL, 'HV004', 'SOT001', TRUE, '2026-06-12 15:45:00', 'Phiên làm khảo sát', TRUE, '2026-06-12 15:45:00', '2026-06-12 15:45:00', NULL),
    ('SS0095', 'PHKS0095', 'SV007', NULL, 'HV001', 'SOT001', FALSE, NULL, 'Phiên làm khảo sát', TRUE, '2026-06-12 15:45:00', '2026-06-12 15:45:00', NULL),
    ('SS0096', 'PHKS0096', 'SV004', NULL, 'HV023', 'SOT001', TRUE, '2026-06-12 15:45:00', 'Phiên làm khảo sát', TRUE, '2026-06-12 15:45:00', '2026-06-12 15:45:00', NULL),
    ('SS0097', 'PHKS0097', 'SV015', NULL, 'HV019', 'SOT001', TRUE, '2026-06-12 15:45:00', 'Phiên làm khảo sát', TRUE, '2026-06-12 15:45:00', '2026-06-12 15:45:00', NULL),
    ('SS0098', 'PHKS0098', 'SV001', NULL, 'HV028', 'SOT001', TRUE, '2026-06-12 15:45:00', 'Phiên làm khảo sát', TRUE, '2026-06-12 15:45:00', '2026-06-12 15:45:00', NULL),
    ('SS0099', 'PHKS0099', 'SV013', NULL, 'HV017', 'SOT001', FALSE, NULL, 'Phiên làm khảo sát', TRUE, '2026-06-12 15:45:00', '2026-06-12 15:45:00', NULL),
    ('SS0100', 'PHKS0100', 'SV012', NULL, 'HV012', 'SOT001', TRUE, '2026-06-12 15:45:00', 'Phiên làm khảo sát', TRUE, '2026-06-12 15:45:00', '2026-06-12 15:45:00', NULL),
    ('SS0101', 'PHKS0101', 'SV009', NULL, 'HV037', 'SOT001', TRUE, '2026-06-12 15:45:00', 'Phiên làm khảo sát', TRUE, '2026-06-12 15:45:00', '2026-06-12 15:45:00', NULL),
    ('SS0102', 'PHKS0102', 'SV013', NULL, 'HV031', 'SOT001', TRUE, '2026-06-12 15:45:00', 'Phiên làm khảo sát', TRUE, '2026-06-12 15:45:00', '2026-06-12 15:45:00', NULL),
    ('SS0103', 'PHKS0103', 'SV012', NULL, 'HV019', 'SOT001', TRUE, '2026-06-12 15:45:00', 'Phiên làm khảo sát', TRUE, '2026-06-12 15:45:00', '2026-06-12 15:45:00', NULL),
    ('SS0104', 'PHKS0104', 'SV013', NULL, 'HV017', 'SOT001', FALSE, NULL, 'Phiên làm khảo sát', TRUE, '2026-06-12 15:45:00', '2026-06-12 15:45:00', NULL),
    ('SS0105', 'PHKS0105', 'SV013', NULL, 'HV026', 'SOT001', FALSE, NULL, 'Phiên làm khảo sát', TRUE, '2026-06-12 15:45:00', '2026-06-12 15:45:00', NULL),
    ('SS0106', 'PHKS0106', 'SV012', NULL, 'HV018', 'SOT001', FALSE, NULL, 'Phiên làm khảo sát', TRUE, '2026-06-12 15:45:00', '2026-06-12 15:45:00', NULL),
    ('SS0107', 'PHKS0107', 'SV005', NULL, 'HV042', 'SOT001', FALSE, NULL, 'Phiên làm khảo sát', TRUE, '2026-06-12 15:45:00', '2026-06-12 15:45:00', NULL),
    ('SS0108', 'PHKS0108', 'SV012', NULL, 'HV008', 'SOT001', FALSE, NULL, 'Phiên làm khảo sát', TRUE, '2026-06-12 15:45:00', '2026-06-12 15:45:00', NULL),
    ('SS0109', 'PHKS0109', 'SV014', NULL, 'HV029', 'SOT001', TRUE, '2026-06-12 15:45:00', 'Phiên làm khảo sát', TRUE, '2026-06-12 15:45:00', '2026-06-12 15:45:00', NULL),
    ('SS0110', 'PHKS0110', 'SV004', NULL, 'HV006', 'SOT001', TRUE, '2026-06-12 15:45:00', 'Phiên làm khảo sát', TRUE, '2026-06-12 15:45:00', '2026-06-12 15:45:00', NULL),
    ('SS0111', 'PHKS0111', 'SV007', NULL, 'HV033', 'SOT001', TRUE, '2026-06-12 15:45:00', 'Phiên làm khảo sát', TRUE, '2026-06-12 15:45:00', '2026-06-12 15:45:00', NULL),
    ('SS0112', 'PHKS0112', 'SV004', NULL, 'HV004', 'SOT001', FALSE, NULL, 'Phiên làm khảo sát', TRUE, '2026-06-12 15:45:00', '2026-06-12 15:45:00', NULL),
    ('SS0113', 'PHKS0113', 'SV013', NULL, 'HV040', 'SOT001', TRUE, '2026-06-12 15:45:00', 'Phiên làm khảo sát', TRUE, '2026-06-12 15:45:00', '2026-06-12 15:45:00', NULL),
    ('SS0114', 'PHKS0114', 'SV015', NULL, 'HV020', 'SOT001', TRUE, '2026-06-12 15:45:00', 'Phiên làm khảo sát', TRUE, '2026-06-12 15:45:00', '2026-06-12 15:45:00', NULL),
    ('SS0115', 'PHKS0115', 'SV013', NULL, 'HV036', 'SOT001', FALSE, NULL, 'Phiên làm khảo sát', TRUE, '2026-06-12 15:45:00', '2026-06-12 15:45:00', NULL),
    ('SS0116', 'PHKS0116', 'SV010', NULL, 'HV048', 'SOT001', TRUE, '2026-06-12 15:45:00', 'Phiên làm khảo sát', TRUE, '2026-06-12 15:45:00', '2026-06-12 15:45:00', NULL),
    ('SS0117', 'PHKS0117', 'SV004', NULL, 'HV015', 'SOT001', TRUE, '2026-06-12 15:45:00', 'Phiên làm khảo sát', TRUE, '2026-06-12 15:45:00', '2026-06-12 15:45:00', NULL),
    ('SS0118', 'PHKS0118', 'SV001', NULL, 'HV043', 'SOT001', TRUE, '2026-06-12 15:45:00', 'Phiên làm khảo sát', TRUE, '2026-06-12 15:45:00', '2026-06-12 15:45:00', NULL),
    ('SS0119', 'PHKS0119', 'SV008', NULL, 'HV044', 'SOT001', FALSE, NULL, 'Phiên làm khảo sát', TRUE, '2026-06-12 15:45:00', '2026-06-12 15:45:00', NULL),
    ('SS0120', 'PHKS0120', 'SV008', NULL, 'HV048', 'SOT001', FALSE, NULL, 'Phiên làm khảo sát', TRUE, '2026-06-12 15:45:00', '2026-06-12 15:45:00', NULL);

INSERT INTO survey_answers (id, survey_session_id, survey_question_id, rating_value, choice_value, text_value, created_at) VALUES
    (1, 'SS0001', 'SQ052', NULL, 'A', NULL, '2026-06-12 15:45:00'),
    (2, 'SS0001', 'SQ039', NULL, 'D', NULL, '2026-06-12 15:45:00'),
    (3, 'SS0001', 'SQ048', NULL, NULL, 'Rất đến là đúng mà số dưới cho cũng trong đó.', '2026-06-12 15:45:00'),
    (4, 'SS0001', 'SQ058', NULL, NULL, 'Vì số với là và vài người trong tự.', '2026-06-12 15:45:00'),
    (5, 'SS0001', 'SQ009', NULL, 'D', NULL, '2026-06-12 15:45:00'),
    (6, 'SS0001', 'SQ031', NULL, NULL, 'Thế đến hơn với được giống và nhiều rất vì.', '2026-06-12 15:45:00'),
    (7, 'SS0001', 'SQ017', NULL, 'B', NULL, '2026-06-12 15:45:00'),
    (8, 'SS0001', 'SQ002', NULL, 'B', NULL, '2026-06-12 15:45:00'),
    (9, 'SS0002', 'SQ059', 4, NULL, NULL, '2026-06-12 15:45:00'),
    (10, 'SS0002', 'SQ017', NULL, 'C', NULL, '2026-06-12 15:45:00'),
    (11, 'SS0002', 'SQ010', NULL, NULL, 'Thế nhiều trong vài nơi này nhiều và chưa nếu cũng nhiều có có.', '2026-06-12 15:45:00'),
    (12, 'SS0002', 'SQ013', NULL, 'D', NULL, '2026-06-12 15:45:00'),
    (13, 'SS0002', 'SQ038', NULL, 'B', NULL, '2026-06-12 15:45:00'),
    (14, 'SS0002', 'SQ053', 5, NULL, NULL, '2026-06-12 15:45:00'),
    (15, 'SS0002', 'SQ052', NULL, 'C', NULL, '2026-06-12 15:45:00'),
    (16, 'SS0002', 'SQ047', 2, NULL, NULL, '2026-06-12 15:45:00'),
    (17, 'SS0002', 'SQ026', NULL, 'B', NULL, '2026-06-12 15:45:00'),
    (18, 'SS0002', 'SQ058', NULL, NULL, 'Thay thì của đúng của dưới tại bạn đã sau.', '2026-06-12 15:45:00'),
    (19, 'SS0002', 'SQ019', NULL, 'D', NULL, '2026-06-12 15:45:00'),
    (20, 'SS0002', 'SQ060', NULL, 'A', NULL, '2026-06-12 15:45:00'),
    (21, 'SS0002', 'SQ037', NULL, NULL, 'Chưa vậy tôi tại tự các từ đúng để.', '2026-06-12 15:45:00'),
    (22, 'SS0003', 'SQ014', NULL, NULL, 'Với là sẽ đó có và cách nhưng.', '2026-06-12 15:45:00'),
    (23, 'SS0003', 'SQ019', NULL, 'D', NULL, '2026-06-12 15:45:00'),
    (24, 'SS0003', 'SQ056', NULL, 'A', NULL, '2026-06-12 15:45:00'),
    (25, 'SS0003', 'SQ039', NULL, 'B', NULL, '2026-06-12 15:45:00'),
    (26, 'SS0003', 'SQ034', NULL, 'D', NULL, '2026-06-12 15:45:00'),
    (27, 'SS0003', 'SQ041', NULL, 'A', NULL, '2026-06-12 15:45:00'),
    (28, 'SS0003', 'SQ016', NULL, 'C', NULL, '2026-06-12 15:45:00'),
    (29, 'SS0003', 'SQ058', NULL, NULL, 'Đến như của cũng và nhưng vì trong.', '2026-06-12 15:45:00'),
    (30, 'SS0003', 'SQ046', 5, NULL, NULL, '2026-06-12 15:45:00'),
    (31, 'SS0004', 'SQ043', NULL, 'C', NULL, '2026-06-12 15:45:00'),
    (32, 'SS0004', 'SQ013', NULL, 'B', NULL, '2026-06-12 15:45:00'),
    (33, 'SS0004', 'SQ036', NULL, NULL, 'Thế mà có hoặc của thế tại nhưng các vài.', '2026-06-12 15:45:00'),
    (34, 'SS0004', 'SQ027', NULL, NULL, 'Của nào bên được chỉ như sau này thì.', '2026-06-12 15:45:00'),
    (35, 'SS0004', 'SQ048', NULL, NULL, 'Từng tại để khiến đúng trong nhiều đang vì từng như cũng như thì từng giữa.', '2026-06-12 15:45:00'),
    (36, 'SS0004', 'SQ018', 1, NULL, NULL, '2026-06-12 15:45:00'),
    (37, 'SS0004', 'SQ007', NULL, 'A', NULL, '2026-06-12 15:45:00'),
    (38, 'SS0004', 'SQ019', NULL, 'D', NULL, '2026-06-12 15:45:00'),
    (39, 'SS0004', 'SQ021', NULL, 'B', NULL, '2026-06-12 15:45:00'),
    (40, 'SS0004', 'SQ026', NULL, 'B', NULL, '2026-06-12 15:45:00'),
    (41, 'SS0004', 'SQ017', NULL, 'B', NULL, '2026-06-12 15:45:00'),
    (42, 'SS0004', 'SQ001', 2, NULL, NULL, '2026-06-12 15:45:00'),
    (43, 'SS0004', 'SQ016', NULL, 'D', NULL, '2026-06-12 15:45:00'),
    (44, 'SS0004', 'SQ053', 1, NULL, NULL, '2026-06-12 15:45:00'),
    (45, 'SS0004', 'SQ012', NULL, 'A', NULL, '2026-06-12 15:45:00'),
    (46, 'SS0005', 'SQ037', NULL, NULL, 'Dưới trong hơn lớn dưới theo chỉ hơn cũng hoặc cũng vài.', '2026-06-12 15:45:00'),
    (47, 'SS0005', 'SQ045', NULL, 'B', NULL, '2026-06-12 15:45:00'),
    (48, 'SS0005', 'SQ002', NULL, 'A', NULL, '2026-06-12 15:45:00'),
    (49, 'SS0005', 'SQ038', NULL, 'A', NULL, '2026-06-12 15:45:00'),
    (50, 'SS0005', 'SQ046', 3, NULL, NULL, '2026-06-12 15:45:00'),
    (51, 'SS0005', 'SQ043', NULL, 'B', NULL, '2026-06-12 15:45:00'),
    (52, 'SS0005', 'SQ059', 4, NULL, NULL, '2026-06-12 15:45:00'),
    (53, 'SS0005', 'SQ058', NULL, NULL, 'Bên nơi rất tại thay vẫn dưới này từ khi đó giữa vẫn tự.', '2026-06-12 15:45:00'),
    (54, 'SS0005', 'SQ006', 3, NULL, NULL, '2026-06-12 15:45:00'),
    (55, 'SS0005', 'SQ024', NULL, 'C', NULL, '2026-06-12 15:45:00'),
    (56, 'SS0005', 'SQ015', NULL, 'C', NULL, '2026-06-12 15:45:00'),
    (57, 'SS0005', 'SQ012', NULL, 'D', NULL, '2026-06-12 15:45:00'),
    (58, 'SS0005', 'SQ007', NULL, 'B', NULL, '2026-06-12 15:45:00'),
    (59, 'SS0005', 'SQ042', 4, NULL, NULL, '2026-06-12 15:45:00'),
    (60, 'SS0005', 'SQ049', 3, NULL, NULL, '2026-06-12 15:45:00'),
    (61, 'SS0006', 'SQ020', NULL, NULL, 'Từ hoặc thì từng với hoặc làm đến có cũng vẫn khiến như trong.', '2026-06-12 15:45:00'),
    (62, 'SS0006', 'SQ024', NULL, 'C', NULL, '2026-06-12 15:45:00'),
    (63, 'SS0006', 'SQ048', NULL, NULL, 'Khi vì giống dưới và đúng như trong đúng.', '2026-06-12 15:45:00'),
    (64, 'SS0006', 'SQ004', NULL, NULL, 'Dưới của tại tại trong gần vài.', '2026-06-12 15:45:00'),
    (65, 'SS0006', 'SQ017', NULL, 'D', NULL, '2026-06-12 15:45:00'),
    (66, 'SS0006', 'SQ056', NULL, 'D', NULL, '2026-06-12 15:45:00'),
    (67, 'SS0006', 'SQ045', NULL, 'D', NULL, '2026-06-12 15:45:00'),
    (68, 'SS0006', 'SQ041', NULL, 'A', NULL, '2026-06-12 15:45:00'),
    (69, 'SS0006', 'SQ031', NULL, NULL, 'Đến được thế hơn sẽ vài dưới không.', '2026-06-12 15:45:00'),
    (70, 'SS0006', 'SQ055', NULL, NULL, 'Của của không hơn khiến sau chưa đúng.', '2026-06-12 15:45:00'),
    (71, 'SS0006', 'SQ011', NULL, 'C', NULL, '2026-06-12 15:45:00'),
    (72, 'SS0006', 'SQ002', NULL, 'A', NULL, '2026-06-12 15:45:00'),
    (73, 'SS0006', 'SQ034', NULL, 'D', NULL, '2026-06-12 15:45:00'),
    (74, 'SS0006', 'SQ010', NULL, NULL, 'Rất này tại để bạn có điều chưa.', '2026-06-12 15:45:00'),
    (75, 'SS0007', 'SQ057', NULL, 'A', NULL, '2026-06-12 15:45:00'),
    (76, 'SS0007', 'SQ029', NULL, 'B', NULL, '2026-06-12 15:45:00'),
    (77, 'SS0007', 'SQ031', NULL, NULL, 'Này đúng từ cái được thì nơi gần của của giữa từng cho.', '2026-06-12 15:45:00'),
    (78, 'SS0007', 'SQ019', NULL, 'D', NULL, '2026-06-12 15:45:00'),
    (79, 'SS0007', 'SQ038', NULL, 'C', NULL, '2026-06-12 15:45:00'),
    (80, 'SS0007', 'SQ024', NULL, 'B', NULL, '2026-06-12 15:45:00'),
    (81, 'SS0007', 'SQ013', NULL, 'B', NULL, '2026-06-12 15:45:00'),
    (82, 'SS0007', 'SQ020', NULL, NULL, 'Mỗi vậy cũng tại để như điều cho theo đi bên.', '2026-06-12 15:45:00'),
    (83, 'SS0008', 'SQ012', NULL, 'A', NULL, '2026-06-12 15:45:00'),
    (84, 'SS0008', 'SQ028', NULL, NULL, 'Số có của lớn như nào khi vài.', '2026-06-12 15:45:00'),
    (85, 'SS0008', 'SQ019', NULL, 'B', NULL, '2026-06-12 15:45:00'),
    (86, 'SS0008', 'SQ010', NULL, NULL, 'Mỗi như hoặc mỗi với đó chưa để người với như điều được với mỗi như.', '2026-06-12 15:45:00'),
    (87, 'SS0008', 'SQ032', NULL, NULL, 'Của một có tôi của là cái tôi nhiều có cho bạn.', '2026-06-12 15:45:00'),
    (88, 'SS0008', 'SQ047', 1, NULL, NULL, '2026-06-12 15:45:00'),
    (89, 'SS0008', 'SQ048', NULL, NULL, 'Chưa gần đang thay đến và nhiều để vì hơn khi cũng không thay của.', '2026-06-12 15:45:00'),
    (90, 'SS0008', 'SQ036', NULL, NULL, 'Tại như và một có mỗi thay từng vì vì nào vì hoặc tự cái bạn.', '2026-06-12 15:45:00'),
    (91, 'SS0008', 'SQ026', NULL, 'B', NULL, '2026-06-12 15:45:00'),
    (92, 'SS0009', 'SQ008', NULL, 'C', NULL, '2026-06-12 15:45:00'),
    (93, 'SS0009', 'SQ051', 5, NULL, NULL, '2026-06-12 15:45:00'),
    (94, 'SS0009', 'SQ058', NULL, NULL, 'Hoặc trong cách này theo theo đi là đã của về lớn làm hơn bạn chưa.', '2026-06-12 15:45:00'),
    (95, 'SS0009', 'SQ044', NULL, 'B', NULL, '2026-06-12 15:45:00'),
    (96, 'SS0009', 'SQ043', NULL, 'D', NULL, '2026-06-12 15:45:00'),
    (97, 'SS0009', 'SQ028', NULL, NULL, 'Có nhiều có như này để làm gần rất chỉ cái như đi với làm từ.', '2026-06-12 15:45:00'),
    (98, 'SS0009', 'SQ015', NULL, 'A', NULL, '2026-06-12 15:45:00'),
    (99, 'SS0009', 'SQ010', NULL, NULL, 'Vì cũng thế từng có để theo nào.', '2026-06-12 15:45:00'),
    (100, 'SS0010', 'SQ029', NULL, 'D', NULL, '2026-06-12 15:45:00'),
    (101, 'SS0010', 'SQ037', NULL, NULL, 'Nhưng được sau để đến nhiều đi cách chỉ như.', '2026-06-12 15:45:00'),
    (102, 'SS0010', 'SQ039', NULL, 'D', NULL, '2026-06-12 15:45:00'),
    (103, 'SS0010', 'SQ042', 4, NULL, NULL, '2026-06-12 15:45:00'),
    (104, 'SS0010', 'SQ028', NULL, NULL, 'Tự để nơi nhiều mà nào nếu của thì giữa cũng bên là cái.', '2026-06-12 15:45:00'),
    (105, 'SS0010', 'SQ026', NULL, 'A', NULL, '2026-06-12 15:45:00'),
    (106, 'SS0010', 'SQ058', NULL, NULL, 'Với nào đi tự một từ một mỗi theo đến đã tại có lớn thì.', '2026-06-12 15:45:00'),
    (107, 'SS0010', 'SQ036', NULL, NULL, 'Sau các từ và như như và các đã về như gần từng cái làm.', '2026-06-12 15:45:00'),
    (108, 'SS0010', 'SQ049', 4, NULL, NULL, '2026-06-12 15:45:00'),
    (109, 'SS0011', 'SQ051', 5, NULL, NULL, '2026-06-12 15:45:00'),
    (110, 'SS0011', 'SQ021', NULL, 'C', NULL, '2026-06-12 15:45:00'),
    (111, 'SS0011', 'SQ050', 2, NULL, NULL, '2026-06-12 15:45:00'),
    (112, 'SS0011', 'SQ008', NULL, 'C', NULL, '2026-06-12 15:45:00'),
    (113, 'SS0011', 'SQ034', NULL, 'D', NULL, '2026-06-12 15:45:00'),
    (114, 'SS0011', 'SQ038', NULL, 'A', NULL, '2026-06-12 15:45:00'),
    (115, 'SS0011', 'SQ016', NULL, 'B', NULL, '2026-06-12 15:45:00'),
    (116, 'SS0011', 'SQ026', NULL, 'A', NULL, '2026-06-12 15:45:00'),
    (117, 'SS0011', 'SQ002', NULL, 'B', NULL, '2026-06-12 15:45:00'),
    (118, 'SS0011', 'SQ041', NULL, 'A', NULL, '2026-06-12 15:45:00'),
    (119, 'SS0011', 'SQ032', NULL, NULL, 'Từng chưa chỉ bạn của nào từ như.', '2026-06-12 15:45:00'),
    (120, 'SS0011', 'SQ005', NULL, 'C', NULL, '2026-06-12 15:45:00'),
    (121, 'SS0011', 'SQ011', NULL, 'B', NULL, '2026-06-12 15:45:00'),
    (122, 'SS0012', 'SQ053', 5, NULL, NULL, '2026-06-12 15:45:00'),
    (123, 'SS0012', 'SQ033', NULL, NULL, 'Có hơn vài trong sẽ vài lớn mà đang giữa từng hoặc bạn vài.', '2026-06-12 15:45:00'),
    (124, 'SS0012', 'SQ058', NULL, NULL, 'Nào vì thế và của làm đi cũng nào cái cũng bạn của cách người.', '2026-06-12 15:45:00'),
    (125, 'SS0012', 'SQ031', NULL, NULL, 'Và khiến hơn thì thay nếu đã có bên lớn nơi đúng.', '2026-06-12 15:45:00'),
    (126, 'SS0012', 'SQ010', NULL, NULL, 'Với làm đến nơi chưa được mà bên sau nhưng vẫn tại của về.', '2026-06-12 15:45:00'),
    (127, 'SS0012', 'SQ013', NULL, 'D', NULL, '2026-06-12 15:45:00'),
    (128, 'SS0012', 'SQ023', NULL, 'C', NULL, '2026-06-12 15:45:00'),
    (129, 'SS0012', 'SQ006', 2, NULL, NULL, '2026-06-12 15:45:00'),
    (130, 'SS0012', 'SQ048', NULL, NULL, 'Số với bên hơn một các như nào của một như thì về nếu đi vì.', '2026-06-12 15:45:00'),
    (131, 'SS0012', 'SQ016', NULL, 'C', NULL, '2026-06-12 15:45:00'),
    (132, 'SS0012', 'SQ040', NULL, 'C', NULL, '2026-06-12 15:45:00'),
    (133, 'SS0013', 'SQ007', NULL, 'B', NULL, '2026-06-12 15:45:00'),
    (134, 'SS0013', 'SQ044', NULL, 'D', NULL, '2026-06-12 15:45:00'),
    (135, 'SS0013', 'SQ057', NULL, 'B', NULL, '2026-06-12 15:45:00'),
    (136, 'SS0013', 'SQ060', NULL, 'C', NULL, '2026-06-12 15:45:00'),
    (137, 'SS0013', 'SQ005', NULL, 'D', NULL, '2026-06-12 15:45:00'),
    (138, 'SS0013', 'SQ055', NULL, NULL, 'Thì cũng vẫn với không thay rất và đúng vài tại người này hơn nơi.', '2026-06-12 15:45:00'),
    (139, 'SS0013', 'SQ020', NULL, NULL, 'Như của khiến dưới bên rất theo giống này của tại vẫn.', '2026-06-12 15:45:00'),
    (140, 'SS0013', 'SQ021', NULL, 'C', NULL, '2026-06-12 15:45:00'),
    (141, 'SS0013', 'SQ026', NULL, 'C', NULL, '2026-06-12 15:45:00'),
    (142, 'SS0013', 'SQ037', NULL, NULL, 'Nơi đang đó chưa nhưng thì cũng.', '2026-06-12 15:45:00'),
    (143, 'SS0013', 'SQ012', NULL, 'B', NULL, '2026-06-12 15:45:00'),
    (144, 'SS0013', 'SQ038', NULL, 'B', NULL, '2026-06-12 15:45:00'),
    (145, 'SS0014', 'SQ033', NULL, NULL, 'Cách hơn sau của có bạn như cách cho của.', '2026-06-12 15:45:00'),
    (146, 'SS0014', 'SQ050', 2, NULL, NULL, '2026-06-12 15:45:00'),
    (147, 'SS0014', 'SQ055', NULL, NULL, 'Sau hơn trong khiến khi để lớn sẽ mỗi.', '2026-06-12 15:45:00'),
    (148, 'SS0014', 'SQ053', 3, NULL, NULL, '2026-06-12 15:45:00'),
    (149, 'SS0014', 'SQ042', 2, NULL, NULL, '2026-06-12 15:45:00'),
    (150, 'SS0014', 'SQ039', NULL, 'A', NULL, '2026-06-12 15:45:00'),
    (151, 'SS0014', 'SQ054', NULL, NULL, 'Thế vẫn từ tôi của điều đó chỉ sau để vì tại điều.', '2026-06-12 15:45:00'),
    (152, 'SS0014', 'SQ021', NULL, 'D', NULL, '2026-06-12 15:45:00'),
    (153, 'SS0014', 'SQ013', NULL, 'C', NULL, '2026-06-12 15:45:00'),
    (154, 'SS0014', 'SQ011', NULL, 'D', NULL, '2026-06-12 15:45:00'),
    (155, 'SS0014', 'SQ038', NULL, 'A', NULL, '2026-06-12 15:45:00'),
    (156, 'SS0014', 'SQ006', 3, NULL, NULL, '2026-06-12 15:45:00'),
    (157, 'SS0014', 'SQ017', NULL, 'B', NULL, '2026-06-12 15:45:00'),
    (158, 'SS0014', 'SQ012', NULL, 'A', NULL, '2026-06-12 15:45:00'),
    (159, 'SS0014', 'SQ037', NULL, NULL, 'Làm sẽ đã theo chưa dưới cách khiến nếu sau mà nào số nào nơi.', '2026-06-12 15:45:00'),
    (160, 'SS0015', 'SQ009', NULL, 'A', NULL, '2026-06-12 15:45:00'),
    (161, 'SS0015', 'SQ057', NULL, 'C', NULL, '2026-06-12 15:45:00'),
    (162, 'SS0015', 'SQ058', NULL, NULL, 'Chỉ mỗi đó từ nếu mà để hơn được mà giống.', '2026-06-12 15:45:00'),
    (163, 'SS0015', 'SQ050', 5, NULL, NULL, '2026-06-12 15:45:00'),
    (164, 'SS0015', 'SQ032', NULL, NULL, 'Trong để vì có nhưng và một hơn trong các để tôi này từ khiến không.', '2026-06-12 15:45:00'),
    (165, 'SS0015', 'SQ048', NULL, NULL, 'Vài thay đi lớn như tự hơn sau đúng cái như để mỗi.', '2026-06-12 15:45:00'),
    (166, 'SS0015', 'SQ004', NULL, NULL, 'Lớn của như không theo được có thì khiến.', '2026-06-12 15:45:00'),
    (167, 'SS0015', 'SQ035', NULL, 'C', NULL, '2026-06-12 15:45:00'),
    (168, 'SS0015', 'SQ014', NULL, NULL, 'Đã tại vẫn gần thế chưa hoặc làm của mỗi.', '2026-06-12 15:45:00'),
    (169, 'SS0015', 'SQ052', NULL, 'D', NULL, '2026-06-12 15:45:00'),
    (170, 'SS0015', 'SQ010', NULL, NULL, 'Từ sau sau từng đến chưa đi mỗi như và làm rất dưới đó.', '2026-06-12 15:45:00'),
    (171, 'SS0015', 'SQ020', NULL, NULL, 'Hoặc với vài bạn cho thì từ điều.', '2026-06-12 15:45:00'),
    (172, 'SS0015', 'SQ005', NULL, 'B', NULL, '2026-06-12 15:45:00'),
    (173, 'SS0015', 'SQ042', 3, NULL, NULL, '2026-06-12 15:45:00'),
    (174, 'SS0015', 'SQ056', NULL, 'D', NULL, '2026-06-12 15:45:00'),
    (175, 'SS0016', 'SQ033', NULL, NULL, 'Thì chỉ như như nếu đang về sẽ theo để nào mà thay trong có.', '2026-06-12 15:45:00'),
    (176, 'SS0016', 'SQ038', NULL, 'B', NULL, '2026-06-12 15:45:00'),
    (177, 'SS0016', 'SQ014', NULL, NULL, 'Từ thay để là chỉ nơi như.', '2026-06-12 15:45:00'),
    (178, 'SS0016', 'SQ008', NULL, 'D', NULL, '2026-06-12 15:45:00'),
    (179, 'SS0016', 'SQ009', NULL, 'D', NULL, '2026-06-12 15:45:00'),
    (180, 'SS0016', 'SQ012', NULL, 'D', NULL, '2026-06-12 15:45:00'),
    (181, 'SS0016', 'SQ026', NULL, 'D', NULL, '2026-06-12 15:45:00'),
    (182, 'SS0016', 'SQ043', NULL, 'C', NULL, '2026-06-12 15:45:00'),
    (183, 'SS0016', 'SQ049', 4, NULL, NULL, '2026-06-12 15:45:00'),
    (184, 'SS0017', 'SQ011', NULL, 'D', NULL, '2026-06-12 15:45:00'),
    (185, 'SS0017', 'SQ038', NULL, 'B', NULL, '2026-06-12 15:45:00'),
    (186, 'SS0017', 'SQ021', NULL, 'B', NULL, '2026-06-12 15:45:00'),
    (187, 'SS0017', 'SQ010', NULL, NULL, 'Đã với cách vẫn tại tại sau không một mỗi lớn có về tôi.', '2026-06-12 15:45:00'),
    (188, 'SS0017', 'SQ015', NULL, 'C', NULL, '2026-06-12 15:45:00'),
    (189, 'SS0017', 'SQ024', NULL, 'C', NULL, '2026-06-12 15:45:00'),
    (190, 'SS0017', 'SQ034', NULL, 'D', NULL, '2026-06-12 15:45:00'),
    (191, 'SS0017', 'SQ004', NULL, NULL, 'Đến vẫn để với từng dưới khi được đến đã của hoặc hơn như sau.', '2026-06-12 15:45:00'),
    (192, 'SS0017', 'SQ026', NULL, 'A', NULL, '2026-06-12 15:45:00'),
    (193, 'SS0017', 'SQ016', NULL, 'A', NULL, '2026-06-12 15:45:00'),
    (194, 'SS0017', 'SQ059', 1, NULL, NULL, '2026-06-12 15:45:00'),
    (195, 'SS0017', 'SQ043', NULL, 'A', NULL, '2026-06-12 15:45:00'),
    (196, 'SS0017', 'SQ020', NULL, NULL, 'Vài đã của tôi từ từ trong với với nào của.', '2026-06-12 15:45:00'),
    (197, 'SS0017', 'SQ041', NULL, 'B', NULL, '2026-06-12 15:45:00'),
    (198, 'SS0017', 'SQ042', 2, NULL, NULL, '2026-06-12 15:45:00'),
    (199, 'SS0018', 'SQ010', NULL, NULL, 'Để được vài có đó từng theo số.', '2026-06-12 15:45:00'),
    (200, 'SS0018', 'SQ003', NULL, NULL, 'Mà được với nhưng vài như như dưới.', '2026-06-12 15:45:00'),
    (201, 'SS0018', 'SQ050', 1, NULL, NULL, '2026-06-12 15:45:00'),
    (202, 'SS0018', 'SQ016', NULL, 'C', NULL, '2026-06-12 15:45:00'),
    (203, 'SS0018', 'SQ037', NULL, NULL, 'Về tự dưới để của hơn của hơn rất không.', '2026-06-12 15:45:00'),
    (204, 'SS0018', 'SQ054', NULL, NULL, 'Thì bên này thế chỉ như với đang của số tự như.', '2026-06-12 15:45:00'),
    (205, 'SS0018', 'SQ012', NULL, 'A', NULL, '2026-06-12 15:45:00'),
    (206, 'SS0018', 'SQ046', 4, NULL, NULL, '2026-06-12 15:45:00'),
    (207, 'SS0018', 'SQ026', NULL, 'A', NULL, '2026-06-12 15:45:00'),
    (208, 'SS0018', 'SQ014', NULL, NULL, 'Với vậy từ số như được cách cho như trong từ có.', '2026-06-12 15:45:00'),
    (209, 'SS0019', 'SQ005', NULL, 'D', NULL, '2026-06-12 15:45:00'),
    (210, 'SS0019', 'SQ012', NULL, 'B', NULL, '2026-06-12 15:45:00'),
    (211, 'SS0019', 'SQ046', 3, NULL, NULL, '2026-06-12 15:45:00'),
    (212, 'SS0019', 'SQ010', NULL, NULL, 'Như nào bên lớn nào sau cũng của sau người để mỗi từ.', '2026-06-12 15:45:00'),
    (213, 'SS0019', 'SQ029', NULL, 'C', NULL, '2026-06-12 15:45:00'),
    (214, 'SS0019', 'SQ036', NULL, NULL, 'Là các thì vẫn đi hơn như bên được sẽ theo như tôi cái gần.', '2026-06-12 15:45:00'),
    (215, 'SS0019', 'SQ022', NULL, 'A', NULL, '2026-06-12 15:45:00'),
    (216, 'SS0019', 'SQ031', NULL, NULL, 'Của cái của trong người của hơn hoặc nhiều sẽ.', '2026-06-12 15:45:00'),
    (217, 'SS0020', 'SQ021', NULL, 'C', NULL, '2026-06-12 15:45:00'),
    (218, 'SS0020', 'SQ033', NULL, NULL, 'Vài này chưa nhưng đã mà thì làm rất khi tôi có.', '2026-06-12 15:45:00'),
    (219, 'SS0020', 'SQ007', NULL, 'C', NULL, '2026-06-12 15:45:00'),
    (220, 'SS0020', 'SQ006', 2, NULL, NULL, '2026-06-12 15:45:00'),
    (221, 'SS0020', 'SQ060', NULL, 'D', NULL, '2026-06-12 15:45:00'),
    (222, 'SS0020', 'SQ041', NULL, 'D', NULL, '2026-06-12 15:45:00'),
    (223, 'SS0020', 'SQ027', NULL, NULL, 'Hoặc người thế được như của như hoặc cũng này như chỉ để hơn giữa.', '2026-06-12 15:45:00'),
    (224, 'SS0020', 'SQ037', NULL, NULL, 'Như nhiều khiến vài mà vài hơn từng cũng trong người.', '2026-06-12 15:45:00'),
    (225, 'SS0020', 'SQ015', NULL, 'C', NULL, '2026-06-12 15:45:00'),
    (226, 'SS0021', 'SQ030', 2, NULL, NULL, '2026-06-12 15:45:00'),
    (227, 'SS0021', 'SQ032', NULL, NULL, 'Của vì thì hơn đó để rất đó từng cũng điều chỉ là hơn.', '2026-06-12 15:45:00'),
    (228, 'SS0021', 'SQ021', NULL, 'C', NULL, '2026-06-12 15:45:00'),
    (229, 'SS0021', 'SQ044', NULL, 'C', NULL, '2026-06-12 15:45:00'),
    (230, 'SS0021', 'SQ019', NULL, 'C', NULL, '2026-06-12 15:45:00'),
    (231, 'SS0021', 'SQ052', NULL, 'C', NULL, '2026-06-12 15:45:00'),
    (232, 'SS0021', 'SQ049', 2, NULL, NULL, '2026-06-12 15:45:00'),
    (233, 'SS0021', 'SQ057', NULL, 'D', NULL, '2026-06-12 15:45:00'),
    (234, 'SS0021', 'SQ015', NULL, 'C', NULL, '2026-06-12 15:45:00'),
    (235, 'SS0021', 'SQ023', NULL, 'A', NULL, '2026-06-12 15:45:00'),
    (236, 'SS0021', 'SQ010', NULL, NULL, 'Cũng đã vì và đang người nhưng đến nhưng cái vài này là.', '2026-06-12 15:45:00'),
    (237, 'SS0021', 'SQ046', 4, NULL, NULL, '2026-06-12 15:45:00'),
    (238, 'SS0021', 'SQ041', NULL, 'B', NULL, '2026-06-12 15:45:00'),
    (239, 'SS0022', 'SQ022', NULL, 'D', NULL, '2026-06-12 15:45:00'),
    (240, 'SS0022', 'SQ033', NULL, NULL, 'Vẫn hoặc cái hơn để lớn khi đúng với.', '2026-06-12 15:45:00'),
    (241, 'SS0022', 'SQ060', NULL, 'C', NULL, '2026-06-12 15:45:00'),
    (242, 'SS0022', 'SQ051', 2, NULL, NULL, '2026-06-12 15:45:00'),
    (243, 'SS0022', 'SQ055', NULL, NULL, 'Nào vài được đúng tại khiến bên có chỉ là.', '2026-06-12 15:45:00'),
    (244, 'SS0022', 'SQ009', NULL, 'B', NULL, '2026-06-12 15:45:00'),
    (245, 'SS0022', 'SQ021', NULL, 'C', NULL, '2026-06-12 15:45:00'),
    (246, 'SS0022', 'SQ011', NULL, 'C', NULL, '2026-06-12 15:45:00'),
    (247, 'SS0023', 'SQ036', NULL, NULL, 'Hơn tại này theo dưới chỉ cũng một.', '2026-06-12 15:45:00'),
    (248, 'SS0023', 'SQ055', NULL, NULL, 'Này tự tự làm cách khi giữa vẫn.', '2026-06-12 15:45:00'),
    (249, 'SS0023', 'SQ012', NULL, 'D', NULL, '2026-06-12 15:45:00'),
    (250, 'SS0023', 'SQ002', NULL, 'C', NULL, '2026-06-12 15:45:00'),
    (251, 'SS0023', 'SQ023', NULL, 'C', NULL, '2026-06-12 15:45:00'),
    (252, 'SS0023', 'SQ010', NULL, NULL, 'Điều theo người cho bạn một theo đã với như hoặc.', '2026-06-12 15:45:00'),
    (253, 'SS0023', 'SQ007', NULL, 'D', NULL, '2026-06-12 15:45:00'),
    (254, 'SS0023', 'SQ047', 3, NULL, NULL, '2026-06-12 15:45:00'),
    (255, 'SS0023', 'SQ021', NULL, 'D', NULL, '2026-06-12 15:45:00'),
    (256, 'SS0023', 'SQ038', NULL, 'D', NULL, '2026-06-12 15:45:00'),
    (257, 'SS0023', 'SQ059', 1, NULL, NULL, '2026-06-12 15:45:00'),
    (258, 'SS0023', 'SQ006', 2, NULL, NULL, '2026-06-12 15:45:00'),
    (259, 'SS0024', 'SQ017', NULL, 'B', NULL, '2026-06-12 15:45:00'),
    (260, 'SS0024', 'SQ042', 3, NULL, NULL, '2026-06-12 15:45:00'),
    (261, 'SS0024', 'SQ059', 3, NULL, NULL, '2026-06-12 15:45:00'),
    (262, 'SS0024', 'SQ018', 2, NULL, NULL, '2026-06-12 15:45:00'),
    (263, 'SS0024', 'SQ051', 5, NULL, NULL, '2026-06-12 15:45:00'),
    (264, 'SS0024', 'SQ006', 2, NULL, NULL, '2026-06-12 15:45:00'),
    (265, 'SS0024', 'SQ027', NULL, NULL, 'Tự giống trong khiến với để là sẽ này thì từng về đến để.', '2026-06-12 15:45:00'),
    (266, 'SS0024', 'SQ021', NULL, 'A', NULL, '2026-06-12 15:45:00'),
    (267, 'SS0024', 'SQ008', NULL, 'A', NULL, '2026-06-12 15:45:00'),
    (268, 'SS0025', 'SQ006', 3, NULL, NULL, '2026-06-12 15:45:00'),
    (269, 'SS0025', 'SQ028', NULL, NULL, 'Khiến của sau cũng này từng mà.', '2026-06-12 15:45:00'),
    (270, 'SS0025', 'SQ048', NULL, NULL, 'Và của theo với mà đến giống như đến như khi.', '2026-06-12 15:45:00'),
    (271, 'SS0025', 'SQ022', NULL, 'D', NULL, '2026-06-12 15:45:00'),
    (272, 'SS0025', 'SQ002', NULL, 'D', NULL, '2026-06-12 15:45:00'),
    (273, 'SS0025', 'SQ005', NULL, 'B', NULL, '2026-06-12 15:45:00'),
    (274, 'SS0025', 'SQ040', NULL, 'B', NULL, '2026-06-12 15:45:00'),
    (275, 'SS0025', 'SQ047', 4, NULL, NULL, '2026-06-12 15:45:00'),
    (276, 'SS0026', 'SQ007', NULL, 'C', NULL, '2026-06-12 15:45:00'),
    (277, 'SS0026', 'SQ046', 3, NULL, NULL, '2026-06-12 15:45:00'),
    (278, 'SS0026', 'SQ001', 1, NULL, NULL, '2026-06-12 15:45:00'),
    (279, 'SS0026', 'SQ009', NULL, 'B', NULL, '2026-06-12 15:45:00'),
    (280, 'SS0026', 'SQ057', NULL, 'B', NULL, '2026-06-12 15:45:00'),
    (281, 'SS0026', 'SQ037', NULL, NULL, 'Với hoặc sau hơn về hơn số nếu để giữa của.', '2026-06-12 15:45:00'),
    (282, 'SS0026', 'SQ008', NULL, 'C', NULL, '2026-06-12 15:45:00'),
    (283, 'SS0026', 'SQ055', NULL, NULL, 'Đúng cách có cũng như dưới cách theo đã hơn.', '2026-06-12 15:45:00'),
    (284, 'SS0026', 'SQ006', 5, NULL, NULL, '2026-06-12 15:45:00'),
    (285, 'SS0026', 'SQ044', NULL, 'B', NULL, '2026-06-12 15:45:00'),
    (286, 'SS0026', 'SQ027', NULL, NULL, 'Sẽ người bên một đó như vì khi vì một như cũng hơn.', '2026-06-12 15:45:00'),
    (287, 'SS0026', 'SQ023', NULL, 'C', NULL, '2026-06-12 15:45:00'),
    (288, 'SS0026', 'SQ015', NULL, 'C', NULL, '2026-06-12 15:45:00'),
    (289, 'SS0026', 'SQ018', 2, NULL, NULL, '2026-06-12 15:45:00'),
    (290, 'SS0026', 'SQ050', 1, NULL, NULL, '2026-06-12 15:45:00'),
    (291, 'SS0027', 'SQ006', 1, NULL, NULL, '2026-06-12 15:45:00'),
    (292, 'SS0027', 'SQ007', NULL, 'D', NULL, '2026-06-12 15:45:00'),
    (293, 'SS0027', 'SQ055', NULL, NULL, 'Dưới thay vì này như sẽ về đến.', '2026-06-12 15:45:00'),
    (294, 'SS0027', 'SQ011', NULL, 'B', NULL, '2026-06-12 15:45:00'),
    (295, 'SS0027', 'SQ023', NULL, 'B', NULL, '2026-06-12 15:45:00'),
    (296, 'SS0027', 'SQ049', 5, NULL, NULL, '2026-06-12 15:45:00'),
    (297, 'SS0027', 'SQ053', 2, NULL, NULL, '2026-06-12 15:45:00'),
    (298, 'SS0027', 'SQ013', NULL, 'B', NULL, '2026-06-12 15:45:00'),
    (299, 'SS0027', 'SQ025', NULL, 'D', NULL, '2026-06-12 15:45:00'),
    (300, 'SS0027', 'SQ015', NULL, 'C', NULL, '2026-06-12 15:45:00'),
    (301, 'SS0027', 'SQ059', 4, NULL, NULL, '2026-06-12 15:45:00'),
    (302, 'SS0027', 'SQ040', NULL, 'C', NULL, '2026-06-12 15:45:00'),
    (303, 'SS0027', 'SQ005', NULL, 'B', NULL, '2026-06-12 15:45:00'),
    (304, 'SS0028', 'SQ046', 4, NULL, NULL, '2026-06-12 15:45:00'),
    (305, 'SS0028', 'SQ044', NULL, 'B', NULL, '2026-06-12 15:45:00'),
    (306, 'SS0028', 'SQ053', 5, NULL, NULL, '2026-06-12 15:45:00'),
    (307, 'SS0028', 'SQ012', NULL, 'C', NULL, '2026-06-12 15:45:00'),
    (308, 'SS0028', 'SQ049', 4, NULL, NULL, '2026-06-12 15:45:00'),
    (309, 'SS0028', 'SQ016', NULL, 'C', NULL, '2026-06-12 15:45:00'),
    (310, 'SS0028', 'SQ026', NULL, 'C', NULL, '2026-06-12 15:45:00'),
    (311, 'SS0028', 'SQ005', NULL, 'B', NULL, '2026-06-12 15:45:00'),
    (312, 'SS0029', 'SQ036', NULL, NULL, 'Làm các thế thế như như như đúng đến rất để đã từ thế như.', '2026-06-12 15:45:00'),
    (313, 'SS0029', 'SQ040', NULL, 'D', NULL, '2026-06-12 15:45:00'),
    (314, 'SS0029', 'SQ002', NULL, 'B', NULL, '2026-06-12 15:45:00'),
    (315, 'SS0029', 'SQ052', NULL, 'D', NULL, '2026-06-12 15:45:00'),
    (316, 'SS0029', 'SQ007', NULL, 'A', NULL, '2026-06-12 15:45:00'),
    (317, 'SS0029', 'SQ029', NULL, 'B', NULL, '2026-06-12 15:45:00'),
    (318, 'SS0029', 'SQ037', NULL, NULL, 'Như hơn đúng để đang người lớn điều sau để hoặc.', '2026-06-12 15:45:00'),
    (319, 'SS0029', 'SQ057', NULL, 'A', NULL, '2026-06-12 15:45:00'),
    (320, 'SS0029', 'SQ033', NULL, NULL, 'Gần hoặc sẽ như nếu thì bên thay vẫn các về cũng vài đúng điều nhưng.', '2026-06-12 15:45:00'),
    (321, 'SS0029', 'SQ024', NULL, 'B', NULL, '2026-06-12 15:45:00'),
    (322, 'SS0029', 'SQ016', NULL, 'B', NULL, '2026-06-12 15:45:00'),
    (323, 'SS0029', 'SQ026', NULL, 'C', NULL, '2026-06-12 15:45:00'),
    (324, 'SS0029', 'SQ059', 5, NULL, NULL, '2026-06-12 15:45:00'),
    (325, 'SS0029', 'SQ023', NULL, 'A', NULL, '2026-06-12 15:45:00'),
    (326, 'SS0029', 'SQ034', NULL, 'C', NULL, '2026-06-12 15:45:00'),
    (327, 'SS0030', 'SQ032', NULL, NULL, 'Với thế nơi để thay khiến với như từng đến tại cũng như.', '2026-06-12 15:45:00'),
    (328, 'SS0030', 'SQ044', NULL, 'D', NULL, '2026-06-12 15:45:00'),
    (329, 'SS0030', 'SQ057', NULL, 'C', NULL, '2026-06-12 15:45:00'),
    (330, 'SS0030', 'SQ028', NULL, NULL, 'Khi như đã nhưng bên để người như tại của.', '2026-06-12 15:45:00'),
    (331, 'SS0030', 'SQ006', 5, NULL, NULL, '2026-06-12 15:45:00'),
    (332, 'SS0030', 'SQ031', NULL, NULL, 'Tự nhiều nhưng như từ sẽ khi nơi một.', '2026-06-12 15:45:00'),
    (333, 'SS0030', 'SQ051', 3, NULL, NULL, '2026-06-12 15:45:00'),
    (334, 'SS0030', 'SQ027', NULL, NULL, 'Trong với mà số tôi là của tại tự về nào.', '2026-06-12 15:45:00'),
    (335, 'SS0030', 'SQ003', NULL, NULL, 'Cho của cái như vẫn này tại rất không rất chưa.', '2026-06-12 15:45:00'),
    (336, 'SS0031', 'SQ025', NULL, 'C', NULL, '2026-06-12 15:45:00'),
    (337, 'SS0031', 'SQ044', NULL, 'A', NULL, '2026-06-12 15:45:00'),
    (338, 'SS0031', 'SQ005', NULL, 'B', NULL, '2026-06-12 15:45:00'),
    (339, 'SS0031', 'SQ034', NULL, 'D', NULL, '2026-06-12 15:45:00'),
    (340, 'SS0031', 'SQ041', NULL, 'A', NULL, '2026-06-12 15:45:00'),
    (341, 'SS0031', 'SQ049', 2, NULL, NULL, '2026-06-12 15:45:00'),
    (342, 'SS0031', 'SQ027', NULL, NULL, 'Cái không đó không nếu đến tự tự cũng cũng cách trong như vậy.', '2026-06-12 15:45:00'),
    (343, 'SS0031', 'SQ047', 4, NULL, NULL, '2026-06-12 15:45:00'),
    (344, 'SS0031', 'SQ008', NULL, 'A', NULL, '2026-06-12 15:45:00'),
    (345, 'SS0031', 'SQ050', 2, NULL, NULL, '2026-06-12 15:45:00'),
    (346, 'SS0031', 'SQ058', NULL, NULL, 'Khi được với để tự như trong theo thì vẫn vài từng mà và.', '2026-06-12 15:45:00'),
    (347, 'SS0031', 'SQ056', NULL, 'D', NULL, '2026-06-12 15:45:00'),
    (348, 'SS0031', 'SQ048', NULL, NULL, 'Mỗi cũng đến cũng để như theo đến.', '2026-06-12 15:45:00'),
    (349, 'SS0031', 'SQ012', NULL, 'B', NULL, '2026-06-12 15:45:00'),
    (350, 'SS0032', 'SQ003', NULL, NULL, 'Của đúng đúng mỗi giống của tại lớn.', '2026-06-12 15:45:00'),
    (351, 'SS0032', 'SQ034', NULL, 'A', NULL, '2026-06-12 15:45:00'),
    (352, 'SS0032', 'SQ025', NULL, 'B', NULL, '2026-06-12 15:45:00'),
    (353, 'SS0032', 'SQ060', NULL, 'C', NULL, '2026-06-12 15:45:00'),
    (354, 'SS0032', 'SQ047', 3, NULL, NULL, '2026-06-12 15:45:00'),
    (355, 'SS0032', 'SQ008', NULL, 'C', NULL, '2026-06-12 15:45:00'),
    (356, 'SS0032', 'SQ039', NULL, 'D', NULL, '2026-06-12 15:45:00'),
    (357, 'SS0032', 'SQ057', NULL, 'D', NULL, '2026-06-12 15:45:00'),
    (358, 'SS0032', 'SQ022', NULL, 'A', NULL, '2026-06-12 15:45:00'),
    (359, 'SS0032', 'SQ050', 1, NULL, NULL, '2026-06-12 15:45:00'),
    (360, 'SS0032', 'SQ059', 2, NULL, NULL, '2026-06-12 15:45:00'),
    (361, 'SS0032', 'SQ032', NULL, NULL, 'Như một thế sẽ để vẫn giữa khi của cũng khi hoặc nơi.', '2026-06-12 15:45:00'),
    (362, 'SS0032', 'SQ043', NULL, 'B', NULL, '2026-06-12 15:45:00'),
    (363, 'SS0033', 'SQ040', NULL, 'B', NULL, '2026-06-12 15:45:00'),
    (364, 'SS0033', 'SQ004', NULL, NULL, 'Thay người người về trong chưa là khi các theo cách sẽ từ và về chưa.', '2026-06-12 15:45:00'),
    (365, 'SS0033', 'SQ016', NULL, 'C', NULL, '2026-06-12 15:45:00'),
    (366, 'SS0033', 'SQ049', 2, NULL, NULL, '2026-06-12 15:45:00'),
    (367, 'SS0033', 'SQ010', NULL, NULL, 'Nơi để sau người nhiều thì cái.', '2026-06-12 15:45:00'),
    (368, 'SS0033', 'SQ053', 4, NULL, NULL, '2026-06-12 15:45:00'),
    (369, 'SS0033', 'SQ038', NULL, 'C', NULL, '2026-06-12 15:45:00'),
    (370, 'SS0033', 'SQ041', NULL, 'D', NULL, '2026-06-12 15:45:00'),
    (371, 'SS0033', 'SQ001', 2, NULL, NULL, '2026-06-12 15:45:00'),
    (372, 'SS0033', 'SQ015', NULL, 'B', NULL, '2026-06-12 15:45:00'),
    (373, 'SS0033', 'SQ055', NULL, NULL, 'Với đến đúng của khiến về tại nào mà số cái có với gần cho theo.', '2026-06-12 15:45:00'),
    (374, 'SS0033', 'SQ044', NULL, 'C', NULL, '2026-06-12 15:45:00'),
    (375, 'SS0034', 'SQ054', NULL, NULL, 'Tự vậy hơn thế làm cách là tự có như có với là.', '2026-06-12 15:45:00'),
    (376, 'SS0034', 'SQ028', NULL, NULL, 'Là vậy trong vài hoặc nơi nơi từ sẽ.', '2026-06-12 15:45:00'),
    (377, 'SS0034', 'SQ059', 5, NULL, NULL, '2026-06-12 15:45:00'),
    (378, 'SS0034', 'SQ034', NULL, 'C', NULL, '2026-06-12 15:45:00'),
    (379, 'SS0034', 'SQ057', NULL, 'A', NULL, '2026-06-12 15:45:00'),
    (380, 'SS0034', 'SQ012', NULL, 'D', NULL, '2026-06-12 15:45:00'),
    (381, 'SS0034', 'SQ051', 3, NULL, NULL, '2026-06-12 15:45:00'),
    (382, 'SS0034', 'SQ045', NULL, 'B', NULL, '2026-06-12 15:45:00'),
    (383, 'SS0034', 'SQ017', NULL, 'D', NULL, '2026-06-12 15:45:00'),
    (384, 'SS0034', 'SQ049', 3, NULL, NULL, '2026-06-12 15:45:00'),
    (385, 'SS0034', 'SQ014', NULL, NULL, 'Gần của nào rất tại của giống về đang sau bên khiến.', '2026-06-12 15:45:00'),
    (386, 'SS0034', 'SQ010', NULL, NULL, 'Cho nhiều từ được đã mỗi là nếu đang.', '2026-06-12 15:45:00'),
    (387, 'SS0034', 'SQ024', NULL, 'B', NULL, '2026-06-12 15:45:00'),
    (388, 'SS0035', 'SQ057', NULL, 'B', NULL, '2026-06-12 15:45:00'),
    (389, 'SS0035', 'SQ039', NULL, 'B', NULL, '2026-06-12 15:45:00'),
    (390, 'SS0035', 'SQ007', NULL, 'B', NULL, '2026-06-12 15:45:00'),
    (391, 'SS0035', 'SQ019', NULL, 'A', NULL, '2026-06-12 15:45:00'),
    (392, 'SS0035', 'SQ031', NULL, NULL, 'Sau làm của sau hoặc thế trong cho chưa đúng vậy bên tự.', '2026-06-12 15:45:00'),
    (393, 'SS0035', 'SQ055', NULL, NULL, 'Tự có tại có của tôi có trong là nơi nhiều được nhưng cho vì.', '2026-06-12 15:45:00'),
    (394, 'SS0035', 'SQ033', NULL, NULL, 'Được bạn đang người vẫn nào như cũng của.', '2026-06-12 15:45:00'),
    (395, 'SS0035', 'SQ003', NULL, NULL, 'Sẽ bạn với của tại từ đang người chưa mỗi giữa có cũng của.', '2026-06-12 15:45:00'),
    (396, 'SS0035', 'SQ024', NULL, 'D', NULL, '2026-06-12 15:45:00'),
    (397, 'SS0036', 'SQ004', NULL, NULL, 'Thì vậy gần đúng như đến đúng hoặc hơn.', '2026-06-12 15:45:00'),
    (398, 'SS0036', 'SQ012', NULL, 'C', NULL, '2026-06-12 15:45:00'),
    (399, 'SS0036', 'SQ039', NULL, 'A', NULL, '2026-06-12 15:45:00'),
    (400, 'SS0036', 'SQ034', NULL, 'A', NULL, '2026-06-12 15:45:00'),
    (401, 'SS0036', 'SQ051', 3, NULL, NULL, '2026-06-12 15:45:00'),
    (402, 'SS0036', 'SQ024', NULL, 'D', NULL, '2026-06-12 15:45:00'),
    (403, 'SS0036', 'SQ028', NULL, NULL, 'Từ bạn điều thế sau tự để vì không giống chỉ đã mỗi của vì.', '2026-06-12 15:45:00'),
    (404, 'SS0036', 'SQ053', 1, NULL, NULL, '2026-06-12 15:45:00'),
    (405, 'SS0036', 'SQ009', NULL, 'B', NULL, '2026-06-12 15:45:00'),
    (406, 'SS0036', 'SQ019', NULL, 'B', NULL, '2026-06-12 15:45:00'),
    (407, 'SS0036', 'SQ013', NULL, 'D', NULL, '2026-06-12 15:45:00'),
    (408, 'SS0036', 'SQ015', NULL, 'A', NULL, '2026-06-12 15:45:00'),
    (409, 'SS0036', 'SQ045', NULL, 'B', NULL, '2026-06-12 15:45:00'),
    (410, 'SS0037', 'SQ015', NULL, 'B', NULL, '2026-06-12 15:45:00'),
    (411, 'SS0037', 'SQ032', NULL, NULL, 'Nhưng như cái để tự hơn tại là cho nào hoặc cái đó nhiều khiến.', '2026-06-12 15:45:00'),
    (412, 'SS0037', 'SQ023', NULL, 'A', NULL, '2026-06-12 15:45:00'),
    (413, 'SS0037', 'SQ043', NULL, 'C', NULL, '2026-06-12 15:45:00'),
    (414, 'SS0037', 'SQ060', NULL, 'A', NULL, '2026-06-12 15:45:00'),
    (415, 'SS0037', 'SQ016', NULL, 'B', NULL, '2026-06-12 15:45:00'),
    (416, 'SS0037', 'SQ029', NULL, 'B', NULL, '2026-06-12 15:45:00'),
    (417, 'SS0037', 'SQ024', NULL, 'C', NULL, '2026-06-12 15:45:00'),
    (418, 'SS0037', 'SQ030', 4, NULL, NULL, '2026-06-12 15:45:00'),
    (419, 'SS0037', 'SQ021', NULL, 'A', NULL, '2026-06-12 15:45:00'),
    (420, 'SS0037', 'SQ019', NULL, 'B', NULL, '2026-06-12 15:45:00'),
    (421, 'SS0037', 'SQ050', 2, NULL, NULL, '2026-06-12 15:45:00'),
    (422, 'SS0037', 'SQ013', NULL, 'B', NULL, '2026-06-12 15:45:00'),
    (423, 'SS0037', 'SQ031', NULL, NULL, 'Tại gần được thế nếu các nhưng làm lớn tại này khi tôi chỉ cho nhiều.', '2026-06-12 15:45:00'),
    (424, 'SS0038', 'SQ044', NULL, 'D', NULL, '2026-06-12 15:45:00'),
    (425, 'SS0038', 'SQ032', NULL, NULL, 'Thay đã thế làm để nhưng để có là chưa như.', '2026-06-12 15:45:00'),
    (426, 'SS0038', 'SQ026', NULL, 'B', NULL, '2026-06-12 15:45:00'),
    (427, 'SS0038', 'SQ016', NULL, 'B', NULL, '2026-06-12 15:45:00'),
    (428, 'SS0038', 'SQ011', NULL, 'B', NULL, '2026-06-12 15:45:00'),
    (429, 'SS0038', 'SQ050', 1, NULL, NULL, '2026-06-12 15:45:00'),
    (430, 'SS0038', 'SQ031', NULL, NULL, 'Sau của để này một tại bên như.', '2026-06-12 15:45:00'),
    (431, 'SS0038', 'SQ025', NULL, 'D', NULL, '2026-06-12 15:45:00'),
    (432, 'SS0038', 'SQ056', NULL, 'A', NULL, '2026-06-12 15:45:00'),
    (433, 'SS0038', 'SQ053', 2, NULL, NULL, '2026-06-12 15:45:00'),
    (434, 'SS0038', 'SQ037', NULL, NULL, 'Bên sẽ số để đi vài với hoặc đã đó chưa.', '2026-06-12 15:45:00'),
    (435, 'SS0039', 'SQ008', NULL, 'D', NULL, '2026-06-12 15:45:00'),
    (436, 'SS0039', 'SQ014', NULL, NULL, 'Giữa tự về của tự như đúng như làm số.', '2026-06-12 15:45:00'),
    (437, 'SS0039', 'SQ057', NULL, 'D', NULL, '2026-06-12 15:45:00'),
    (438, 'SS0039', 'SQ040', NULL, 'D', NULL, '2026-06-12 15:45:00'),
    (439, 'SS0039', 'SQ020', NULL, NULL, 'Số khiến sau tự đang nhiều thì sẽ.', '2026-06-12 15:45:00'),
    (440, 'SS0039', 'SQ048', NULL, NULL, 'Với về và nhưng khi tại như tại đi.', '2026-06-12 15:45:00'),
    (441, 'SS0039', 'SQ021', NULL, 'C', NULL, '2026-06-12 15:45:00'),
    (442, 'SS0039', 'SQ055', NULL, NULL, 'Người của khiến thì cũng như rất bên vậy từ này.', '2026-06-12 15:45:00'),
    (443, 'SS0040', 'SQ053', 5, NULL, NULL, '2026-06-12 15:45:00'),
    (444, 'SS0040', 'SQ021', NULL, 'C', NULL, '2026-06-12 15:45:00'),
    (445, 'SS0040', 'SQ034', NULL, 'C', NULL, '2026-06-12 15:45:00'),
    (446, 'SS0040', 'SQ057', NULL, 'D', NULL, '2026-06-12 15:45:00'),
    (447, 'SS0040', 'SQ035', NULL, 'C', NULL, '2026-06-12 15:45:00'),
    (448, 'SS0040', 'SQ054', NULL, NULL, 'Chưa cách các thay cho không dưới cái khiến đang thì nhưng đi đang mà và.', '2026-06-12 15:45:00'),
    (449, 'SS0040', 'SQ003', NULL, NULL, 'Cho đó không có hoặc tại để đúng hoặc.', '2026-06-12 15:45:00'),
    (450, 'SS0040', 'SQ018', 5, NULL, NULL, '2026-06-12 15:45:00'),
    (451, 'SS0040', 'SQ058', NULL, NULL, 'Cho theo đến người sẽ sau khi như có để.', '2026-06-12 15:45:00'),
    (452, 'SS0041', 'SQ039', NULL, 'B', NULL, '2026-06-12 15:45:00'),
    (453, 'SS0041', 'SQ038', NULL, 'B', NULL, '2026-06-12 15:45:00'),
    (454, 'SS0041', 'SQ043', NULL, 'D', NULL, '2026-06-12 15:45:00'),
    (455, 'SS0041', 'SQ017', NULL, 'B', NULL, '2026-06-12 15:45:00'),
    (456, 'SS0041', 'SQ010', NULL, NULL, 'Trong đang thế mà điều như cách giữa tôi.', '2026-06-12 15:45:00'),
    (457, 'SS0041', 'SQ034', NULL, 'A', NULL, '2026-06-12 15:45:00'),
    (458, 'SS0041', 'SQ011', NULL, 'B', NULL, '2026-06-12 15:45:00'),
    (459, 'SS0041', 'SQ048', NULL, NULL, 'Làm theo và tại giống chỉ từ khi cái có trong để giữa đi để như.', '2026-06-12 15:45:00'),
    (460, 'SS0041', 'SQ058', NULL, NULL, 'Người từ cái trong như như đang đi giống như với trong vậy từng.', '2026-06-12 15:45:00'),
    (461, 'SS0041', 'SQ014', NULL, NULL, 'Các cái bên nếu tự để cũng vài từ hoặc được chỉ của của.', '2026-06-12 15:45:00'),
    (462, 'SS0041', 'SQ057', NULL, 'A', NULL, '2026-06-12 15:45:00'),
    (463, 'SS0041', 'SQ049', 2, NULL, NULL, '2026-06-12 15:45:00'),
    (464, 'SS0041', 'SQ045', NULL, 'C', NULL, '2026-06-12 15:45:00'),
    (465, 'SS0042', 'SQ051', 5, NULL, NULL, '2026-06-12 15:45:00'),
    (466, 'SS0042', 'SQ047', 1, NULL, NULL, '2026-06-12 15:45:00'),
    (467, 'SS0042', 'SQ053', 1, NULL, NULL, '2026-06-12 15:45:00'),
    (468, 'SS0042', 'SQ054', NULL, NULL, 'Sẽ để với khiến nơi gần được tại cho tại đó người.', '2026-06-12 15:45:00'),
    (469, 'SS0042', 'SQ027', NULL, NULL, 'Của đi cái mà này bên từ.', '2026-06-12 15:45:00'),
    (470, 'SS0042', 'SQ003', NULL, NULL, 'Tôi trong tại một số của tự một để tại này được sau theo tự làm.', '2026-06-12 15:45:00'),
    (471, 'SS0042', 'SQ006', 5, NULL, NULL, '2026-06-12 15:45:00'),
    (472, 'SS0042', 'SQ017', NULL, 'D', NULL, '2026-06-12 15:45:00'),
    (473, 'SS0042', 'SQ057', NULL, 'D', NULL, '2026-06-12 15:45:00'),
    (474, 'SS0042', 'SQ042', 1, NULL, NULL, '2026-06-12 15:45:00'),
    (475, 'SS0042', 'SQ046', 4, NULL, NULL, '2026-06-12 15:45:00'),
    (476, 'SS0043', 'SQ060', NULL, 'D', NULL, '2026-06-12 15:45:00'),
    (477, 'SS0043', 'SQ025', NULL, 'A', NULL, '2026-06-12 15:45:00'),
    (478, 'SS0043', 'SQ005', NULL, 'D', NULL, '2026-06-12 15:45:00'),
    (479, 'SS0043', 'SQ041', NULL, 'C', NULL, '2026-06-12 15:45:00'),
    (480, 'SS0043', 'SQ008', NULL, 'A', NULL, '2026-06-12 15:45:00'),
    (481, 'SS0043', 'SQ020', NULL, NULL, 'Vẫn sau là nơi đang cái của từ để theo để cái có.', '2026-06-12 15:45:00'),
    (482, 'SS0043', 'SQ047', 4, NULL, NULL, '2026-06-12 15:45:00'),
    (483, 'SS0043', 'SQ033', NULL, NULL, 'Mà nơi được bên khiến lớn vì tại đang đó theo sẽ không số tôi về.', '2026-06-12 15:45:00'),
    (484, 'SS0043', 'SQ027', NULL, NULL, 'Như cũng có hơn như trong khiến rất rất.', '2026-06-12 15:45:00'),
    (485, 'SS0043', 'SQ036', NULL, NULL, 'Cho đi người sau giống vẫn các này đã bạn bên để gần.', '2026-06-12 15:45:00'),
    (486, 'SS0043', 'SQ026', NULL, 'C', NULL, '2026-06-12 15:45:00'),
    (487, 'SS0043', 'SQ012', NULL, 'B', NULL, '2026-06-12 15:45:00'),
    (488, 'SS0044', 'SQ043', NULL, 'C', NULL, '2026-06-12 15:45:00'),
    (489, 'SS0044', 'SQ014', NULL, NULL, 'Trong vì mà cho một từ tại.', '2026-06-12 15:45:00'),
    (490, 'SS0044', 'SQ030', 1, NULL, NULL, '2026-06-12 15:45:00'),
    (491, 'SS0044', 'SQ059', 4, NULL, NULL, '2026-06-12 15:45:00'),
    (492, 'SS0044', 'SQ048', NULL, NULL, 'Đang sau cho này đến đó đúng gần hoặc đang cho nơi của.', '2026-06-12 15:45:00'),
    (493, 'SS0044', 'SQ036', NULL, NULL, 'Như được lớn cho của cũng mỗi nơi vài.', '2026-06-12 15:45:00'),
    (494, 'SS0044', 'SQ008', NULL, 'C', NULL, '2026-06-12 15:45:00'),
    (495, 'SS0044', 'SQ019', NULL, 'D', NULL, '2026-06-12 15:45:00'),
    (496, 'SS0044', 'SQ022', NULL, 'D', NULL, '2026-06-12 15:45:00'),
    (497, 'SS0044', 'SQ033', NULL, NULL, 'Đến sẽ cho thế vì thì là một nhiều như với các như làm của.', '2026-06-12 15:45:00'),
    (498, 'SS0044', 'SQ013', NULL, 'A', NULL, '2026-06-12 15:45:00'),
    (499, 'SS0044', 'SQ054', NULL, NULL, 'Rất số mỗi như cho tôi mỗi từ vài của để từ một của với.', '2026-06-12 15:45:00'),
    (500, 'SS0045', 'SQ026', NULL, 'B', NULL, '2026-06-12 15:45:00');

INSERT INTO survey_answers (id, survey_session_id, survey_question_id, rating_value, choice_value, text_value, created_at) VALUES
    (501, 'SS0045', 'SQ041', NULL, 'D', NULL, '2026-06-12 15:45:00'),
    (502, 'SS0045', 'SQ060', NULL, 'A', NULL, '2026-06-12 15:45:00'),
    (503, 'SS0045', 'SQ028', NULL, NULL, 'Để của số này của điều mỗi.', '2026-06-12 15:45:00'),
    (504, 'SS0045', 'SQ016', NULL, 'B', NULL, '2026-06-12 15:45:00'),
    (505, 'SS0045', 'SQ040', NULL, 'C', NULL, '2026-06-12 15:45:00'),
    (506, 'SS0045', 'SQ015', NULL, 'C', NULL, '2026-06-12 15:45:00'),
    (507, 'SS0045', 'SQ045', NULL, 'B', NULL, '2026-06-12 15:45:00'),
    (508, 'SS0046', 'SQ004', NULL, NULL, 'Không rất cũng để đó vài của.', '2026-06-12 15:45:00'),
    (509, 'SS0046', 'SQ032', NULL, NULL, 'Làm sau có từ tại như lớn đó cách tại nào với để.', '2026-06-12 15:45:00'),
    (510, 'SS0046', 'SQ012', NULL, 'B', NULL, '2026-06-12 15:45:00'),
    (511, 'SS0046', 'SQ022', NULL, 'D', NULL, '2026-06-12 15:45:00'),
    (512, 'SS0046', 'SQ042', 3, NULL, NULL, '2026-06-12 15:45:00'),
    (513, 'SS0046', 'SQ023', NULL, 'C', NULL, '2026-06-12 15:45:00'),
    (514, 'SS0046', 'SQ001', 3, NULL, NULL, '2026-06-12 15:45:00'),
    (515, 'SS0046', 'SQ020', NULL, NULL, 'Bên cách như như tại làm với như bạn hoặc khiến của theo nơi để cũng.', '2026-06-12 15:45:00'),
    (516, 'SS0046', 'SQ006', 4, NULL, NULL, '2026-06-12 15:45:00'),
    (517, 'SS0046', 'SQ005', NULL, 'B', NULL, '2026-06-12 15:45:00'),
    (518, 'SS0046', 'SQ058', NULL, NULL, 'Số không lớn vậy khi lớn cũng của để có người và thế khiến là rất.', '2026-06-12 15:45:00'),
    (519, 'SS0047', 'SQ033', NULL, NULL, 'Từng bên được đúng và chưa người mà nơi là này vậy tại từ.', '2026-06-12 15:45:00'),
    (520, 'SS0047', 'SQ017', NULL, 'D', NULL, '2026-06-12 15:45:00'),
    (521, 'SS0047', 'SQ022', NULL, 'B', NULL, '2026-06-12 15:45:00'),
    (522, 'SS0047', 'SQ042', 4, NULL, NULL, '2026-06-12 15:45:00'),
    (523, 'SS0047', 'SQ012', NULL, 'C', NULL, '2026-06-12 15:45:00'),
    (524, 'SS0047', 'SQ041', NULL, 'B', NULL, '2026-06-12 15:45:00'),
    (525, 'SS0047', 'SQ003', NULL, NULL, 'Cách vẫn có chỉ trong như là tại được về với theo như nhiều.', '2026-06-12 15:45:00'),
    (526, 'SS0047', 'SQ053', 5, NULL, NULL, '2026-06-12 15:45:00'),
    (527, 'SS0047', 'SQ014', NULL, NULL, 'Và mỗi vì vậy cách lớn đó lớn với của người làm.', '2026-06-12 15:45:00'),
    (528, 'SS0047', 'SQ043', NULL, 'D', NULL, '2026-06-12 15:45:00'),
    (529, 'SS0048', 'SQ017', NULL, 'D', NULL, '2026-06-12 15:45:00'),
    (530, 'SS0048', 'SQ001', 4, NULL, NULL, '2026-06-12 15:45:00'),
    (531, 'SS0048', 'SQ030', 4, NULL, NULL, '2026-06-12 15:45:00'),
    (532, 'SS0048', 'SQ046', 1, NULL, NULL, '2026-06-12 15:45:00'),
    (533, 'SS0048', 'SQ045', NULL, 'B', NULL, '2026-06-12 15:45:00'),
    (534, 'SS0048', 'SQ026', NULL, 'D', NULL, '2026-06-12 15:45:00'),
    (535, 'SS0048', 'SQ034', NULL, 'C', NULL, '2026-06-12 15:45:00'),
    (536, 'SS0048', 'SQ010', NULL, NULL, 'Từng trong thế vậy để để từng.', '2026-06-12 15:45:00'),
    (537, 'SS0048', 'SQ039', NULL, 'D', NULL, '2026-06-12 15:45:00'),
    (538, 'SS0048', 'SQ002', NULL, 'B', NULL, '2026-06-12 15:45:00'),
    (539, 'SS0049', 'SQ015', NULL, 'C', NULL, '2026-06-12 15:45:00'),
    (540, 'SS0049', 'SQ018', 1, NULL, NULL, '2026-06-12 15:45:00'),
    (541, 'SS0049', 'SQ023', NULL, 'A', NULL, '2026-06-12 15:45:00'),
    (542, 'SS0049', 'SQ002', NULL, 'B', NULL, '2026-06-12 15:45:00'),
    (543, 'SS0049', 'SQ005', NULL, 'B', NULL, '2026-06-12 15:45:00'),
    (544, 'SS0049', 'SQ007', NULL, 'C', NULL, '2026-06-12 15:45:00'),
    (545, 'SS0049', 'SQ053', 5, NULL, NULL, '2026-06-12 15:45:00'),
    (546, 'SS0049', 'SQ014', NULL, NULL, 'Đúng tại như vậy khiến vẫn bạn chưa tại được đang nào.', '2026-06-12 15:45:00'),
    (547, 'SS0049', 'SQ010', NULL, NULL, 'Một tôi trong thay các lớn với từ cách mà như và.', '2026-06-12 15:45:00'),
    (548, 'SS0049', 'SQ003', NULL, NULL, 'Lớn hơn bạn sau có để nơi vài số có.', '2026-06-12 15:45:00'),
    (549, 'SS0049', 'SQ030', 2, NULL, NULL, '2026-06-12 15:45:00'),
    (550, 'SS0049', 'SQ004', NULL, NULL, 'Đó thì vì cho vì trong gần dưới.', '2026-06-12 15:45:00'),
    (551, 'SS0049', 'SQ008', NULL, 'B', NULL, '2026-06-12 15:45:00'),
    (552, 'SS0049', 'SQ047', 1, NULL, NULL, '2026-06-12 15:45:00'),
    (553, 'SS0049', 'SQ057', NULL, 'D', NULL, '2026-06-12 15:45:00'),
    (554, 'SS0050', 'SQ013', NULL, 'D', NULL, '2026-06-12 15:45:00'),
    (555, 'SS0050', 'SQ059', 3, NULL, NULL, '2026-06-12 15:45:00'),
    (556, 'SS0050', 'SQ033', NULL, NULL, 'Sau vì khiến như khiến giống này bạn như có đó chỉ như từ.', '2026-06-12 15:45:00'),
    (557, 'SS0050', 'SQ011', NULL, 'D', NULL, '2026-06-12 15:45:00'),
    (558, 'SS0050', 'SQ015', NULL, 'C', NULL, '2026-06-12 15:45:00'),
    (559, 'SS0050', 'SQ048', NULL, NULL, 'Nếu một vì với nhiều nơi của người đúng đã như giống.', '2026-06-12 15:45:00'),
    (560, 'SS0050', 'SQ028', NULL, NULL, 'Vẫn mà đúng đi nơi giống của nhưng rất như.', '2026-06-12 15:45:00'),
    (561, 'SS0050', 'SQ058', NULL, NULL, 'Với là làm làm với đã làm của bên vậy để đã vì khiến.', '2026-06-12 15:45:00'),
    (562, 'SS0050', 'SQ055', NULL, NULL, 'Gần các vì chưa chưa đúng lớn là trong sau hơn với như vài người.', '2026-06-12 15:45:00'),
    (563, 'SS0050', 'SQ021', NULL, 'C', NULL, '2026-06-12 15:45:00'),
    (564, 'SS0050', 'SQ031', NULL, NULL, 'Các như của tự vẫn đến của rất vì cũng đang.', '2026-06-12 15:45:00'),
    (565, 'SS0050', 'SQ035', NULL, 'D', NULL, '2026-06-12 15:45:00'),
    (566, 'SS0050', 'SQ029', NULL, 'C', NULL, '2026-06-12 15:45:00'),
    (567, 'SS0050', 'SQ050', 2, NULL, NULL, '2026-06-12 15:45:00'),
    (568, 'SS0050', 'SQ057', NULL, 'A', NULL, '2026-06-12 15:45:00'),
    (569, 'SS0051', 'SQ003', NULL, NULL, 'Đang đã như số hoặc là khi nơi vài không mỗi sau như chưa dưới.', '2026-06-12 15:45:00'),
    (570, 'SS0051', 'SQ041', NULL, 'C', NULL, '2026-06-12 15:45:00'),
    (571, 'SS0051', 'SQ050', 2, NULL, NULL, '2026-06-12 15:45:00'),
    (572, 'SS0051', 'SQ039', NULL, 'A', NULL, '2026-06-12 15:45:00'),
    (573, 'SS0051', 'SQ021', NULL, 'B', NULL, '2026-06-12 15:45:00'),
    (574, 'SS0051', 'SQ028', NULL, NULL, 'Từ chưa được đang nếu chỉ với như không và một đó.', '2026-06-12 15:45:00'),
    (575, 'SS0051', 'SQ043', NULL, 'B', NULL, '2026-06-12 15:45:00'),
    (576, 'SS0051', 'SQ034', NULL, 'A', NULL, '2026-06-12 15:45:00'),
    (577, 'SS0051', 'SQ037', NULL, NULL, 'Nhưng đó hoặc của là nào có nhiều với hơn với thay như.', '2026-06-12 15:45:00'),
    (578, 'SS0052', 'SQ027', NULL, NULL, 'Chưa này vậy để cho điều cũng thay.', '2026-06-12 15:45:00'),
    (579, 'SS0052', 'SQ015', NULL, 'A', NULL, '2026-06-12 15:45:00'),
    (580, 'SS0052', 'SQ014', NULL, NULL, 'Từng bên điều dưới nhiều cái có người làm vì.', '2026-06-12 15:45:00'),
    (581, 'SS0052', 'SQ023', NULL, 'C', NULL, '2026-06-12 15:45:00'),
    (582, 'SS0052', 'SQ016', NULL, 'A', NULL, '2026-06-12 15:45:00'),
    (583, 'SS0052', 'SQ022', NULL, 'A', NULL, '2026-06-12 15:45:00'),
    (584, 'SS0052', 'SQ001', 4, NULL, NULL, '2026-06-12 15:45:00'),
    (585, 'SS0052', 'SQ052', NULL, 'B', NULL, '2026-06-12 15:45:00'),
    (586, 'SS0052', 'SQ012', NULL, 'A', NULL, '2026-06-12 15:45:00'),
    (587, 'SS0052', 'SQ042', 1, NULL, NULL, '2026-06-12 15:45:00'),
    (588, 'SS0052', 'SQ020', NULL, NULL, 'Tại đó chỉ thay cái vài các về giống vậy được để số đi điều.', '2026-06-12 15:45:00'),
    (589, 'SS0052', 'SQ019', NULL, 'C', NULL, '2026-06-12 15:45:00'),
    (590, 'SS0052', 'SQ050', 3, NULL, NULL, '2026-06-12 15:45:00'),
    (591, 'SS0053', 'SQ057', NULL, 'B', NULL, '2026-06-12 15:45:00'),
    (592, 'SS0053', 'SQ035', NULL, 'A', NULL, '2026-06-12 15:45:00'),
    (593, 'SS0053', 'SQ032', NULL, NULL, 'Các về như đang như như để và cái như để như có từng người.', '2026-06-12 15:45:00'),
    (594, 'SS0053', 'SQ015', NULL, 'C', NULL, '2026-06-12 15:45:00'),
    (595, 'SS0053', 'SQ012', NULL, 'B', NULL, '2026-06-12 15:45:00'),
    (596, 'SS0053', 'SQ039', NULL, 'A', NULL, '2026-06-12 15:45:00'),
    (597, 'SS0053', 'SQ025', NULL, 'B', NULL, '2026-06-12 15:45:00'),
    (598, 'SS0053', 'SQ043', NULL, 'A', NULL, '2026-06-12 15:45:00'),
    (599, 'SS0053', 'SQ060', NULL, 'B', NULL, '2026-06-12 15:45:00'),
    (600, 'SS0053', 'SQ046', 2, NULL, NULL, '2026-06-12 15:45:00'),
    (601, 'SS0053', 'SQ045', NULL, 'A', NULL, '2026-06-12 15:45:00'),
    (602, 'SS0054', 'SQ051', 3, NULL, NULL, '2026-06-12 15:45:00'),
    (603, 'SS0054', 'SQ059', 3, NULL, NULL, '2026-06-12 15:45:00'),
    (604, 'SS0054', 'SQ058', NULL, NULL, 'Không tôi tự và của đúng vì từ từng từ thì tôi nhưng được.', '2026-06-12 15:45:00'),
    (605, 'SS0054', 'SQ042', 3, NULL, NULL, '2026-06-12 15:45:00'),
    (606, 'SS0054', 'SQ009', NULL, 'C', NULL, '2026-06-12 15:45:00'),
    (607, 'SS0054', 'SQ027', NULL, NULL, 'Sau từ của có bên đúng được để.', '2026-06-12 15:45:00'),
    (608, 'SS0054', 'SQ025', NULL, 'B', NULL, '2026-06-12 15:45:00'),
    (609, 'SS0054', 'SQ039', NULL, 'A', NULL, '2026-06-12 15:45:00'),
    (610, 'SS0054', 'SQ044', NULL, 'D', NULL, '2026-06-12 15:45:00'),
    (611, 'SS0054', 'SQ028', NULL, NULL, 'Thì với một vậy tôi về cách như của.', '2026-06-12 15:45:00'),
    (612, 'SS0054', 'SQ002', NULL, 'D', NULL, '2026-06-12 15:45:00'),
    (613, 'SS0054', 'SQ046', 1, NULL, NULL, '2026-06-12 15:45:00'),
    (614, 'SS0054', 'SQ034', NULL, 'B', NULL, '2026-06-12 15:45:00'),
    (615, 'SS0054', 'SQ020', NULL, NULL, 'Khi vẫn rất hoặc sẽ khi các đang khiến hoặc như đi khi làm gần.', '2026-06-12 15:45:00'),
    (616, 'SS0054', 'SQ003', NULL, NULL, 'Thế gần như vậy cũng tự cũng đó dưới như nào hơn.', '2026-06-12 15:45:00'),
    (617, 'SS0055', 'SQ001', 4, NULL, NULL, '2026-06-12 15:45:00'),
    (618, 'SS0055', 'SQ004', NULL, NULL, 'Mỗi nếu để giữa người cũng nơi khiến mỗi vì để trong giữa.', '2026-06-12 15:45:00'),
    (619, 'SS0055', 'SQ044', NULL, 'B', NULL, '2026-06-12 15:45:00'),
    (620, 'SS0055', 'SQ008', NULL, 'C', NULL, '2026-06-12 15:45:00'),
    (621, 'SS0055', 'SQ060', NULL, 'B', NULL, '2026-06-12 15:45:00'),
    (622, 'SS0055', 'SQ033', NULL, NULL, 'Đến từ đi rất tại tôi đi đến để cái số khiến sau tại chỉ thay.', '2026-06-12 15:45:00'),
    (623, 'SS0055', 'SQ026', NULL, 'D', NULL, '2026-06-12 15:45:00'),
    (624, 'SS0055', 'SQ016', NULL, 'D', NULL, '2026-06-12 15:45:00'),
    (625, 'SS0055', 'SQ035', NULL, 'C', NULL, '2026-06-12 15:45:00'),
    (626, 'SS0055', 'SQ003', NULL, NULL, 'Của theo như giống đi của rất dưới như đi tự nơi vì nào.', '2026-06-12 15:45:00'),
    (627, 'SS0055', 'SQ041', NULL, 'D', NULL, '2026-06-12 15:45:00'),
    (628, 'SS0055', 'SQ021', NULL, 'A', NULL, '2026-06-12 15:45:00'),
    (629, 'SS0056', 'SQ005', NULL, 'B', NULL, '2026-06-12 15:45:00'),
    (630, 'SS0056', 'SQ004', NULL, NULL, 'Là khi thì lớn dưới nếu với tự sau khiến.', '2026-06-12 15:45:00'),
    (631, 'SS0056', 'SQ027', NULL, NULL, 'Các thay gần là hoặc của như như có thay như.', '2026-06-12 15:45:00'),
    (632, 'SS0056', 'SQ014', NULL, NULL, 'Của theo để này như đã vì từ với tự.', '2026-06-12 15:45:00'),
    (633, 'SS0056', 'SQ021', NULL, 'D', NULL, '2026-06-12 15:45:00'),
    (634, 'SS0056', 'SQ024', NULL, 'A', NULL, '2026-06-12 15:45:00'),
    (635, 'SS0056', 'SQ051', 1, NULL, NULL, '2026-06-12 15:45:00'),
    (636, 'SS0056', 'SQ018', 1, NULL, NULL, '2026-06-12 15:45:00'),
    (637, 'SS0056', 'SQ053', 2, NULL, NULL, '2026-06-12 15:45:00'),
    (638, 'SS0057', 'SQ015', NULL, 'C', NULL, '2026-06-12 15:45:00'),
    (639, 'SS0057', 'SQ026', NULL, 'C', NULL, '2026-06-12 15:45:00'),
    (640, 'SS0057', 'SQ039', NULL, 'D', NULL, '2026-06-12 15:45:00'),
    (641, 'SS0057', 'SQ019', NULL, 'A', NULL, '2026-06-12 15:45:00'),
    (642, 'SS0057', 'SQ027', NULL, NULL, 'Lớn đúng gần với làm được tại rất như tự nhưng sau cái.', '2026-06-12 15:45:00'),
    (643, 'SS0057', 'SQ057', NULL, 'A', NULL, '2026-06-12 15:45:00'),
    (644, 'SS0057', 'SQ058', NULL, NULL, 'Vài của cũng giống có để vậy như.', '2026-06-12 15:45:00'),
    (645, 'SS0057', 'SQ023', NULL, 'B', NULL, '2026-06-12 15:45:00'),
    (646, 'SS0057', 'SQ042', 3, NULL, NULL, '2026-06-12 15:45:00'),
    (647, 'SS0057', 'SQ056', NULL, 'A', NULL, '2026-06-12 15:45:00'),
    (648, 'SS0057', 'SQ041', NULL, 'D', NULL, '2026-06-12 15:45:00'),
    (649, 'SS0057', 'SQ017', NULL, 'B', NULL, '2026-06-12 15:45:00'),
    (650, 'SS0057', 'SQ045', NULL, 'C', NULL, '2026-06-12 15:45:00'),
    (651, 'SS0057', 'SQ053', 5, NULL, NULL, '2026-06-12 15:45:00'),
    (652, 'SS0057', 'SQ054', NULL, NULL, 'Để mà với chưa thế không một thay cho.', '2026-06-12 15:45:00'),
    (653, 'SS0058', 'SQ033', NULL, NULL, 'Đã vài hơn như tại hoặc mà đến của trong nhiều.', '2026-06-12 15:45:00'),
    (654, 'SS0058', 'SQ024', NULL, 'D', NULL, '2026-06-12 15:45:00'),
    (655, 'SS0058', 'SQ049', 1, NULL, NULL, '2026-06-12 15:45:00'),
    (656, 'SS0058', 'SQ046', 4, NULL, NULL, '2026-06-12 15:45:00'),
    (657, 'SS0058', 'SQ019', NULL, 'A', NULL, '2026-06-12 15:45:00'),
    (658, 'SS0058', 'SQ020', NULL, NULL, 'Không đang các không từng nơi được và từ chỉ một của thế vì.', '2026-06-12 15:45:00'),
    (659, 'SS0058', 'SQ006', 3, NULL, NULL, '2026-06-12 15:45:00'),
    (660, 'SS0058', 'SQ048', NULL, NULL, 'Số để đang mà tại thì gần rất đi.', '2026-06-12 15:45:00'),
    (661, 'SS0058', 'SQ031', NULL, NULL, 'Của giữa các để có của người tại hơn cách thế.', '2026-06-12 15:45:00'),
    (662, 'SS0058', 'SQ026', NULL, 'A', NULL, '2026-06-12 15:45:00'),
    (663, 'SS0058', 'SQ050', 3, NULL, NULL, '2026-06-12 15:45:00'),
    (664, 'SS0058', 'SQ025', NULL, 'C', NULL, '2026-06-12 15:45:00'),
    (665, 'SS0058', 'SQ027', NULL, NULL, 'Nhưng một như tại là bạn khiến khiến theo đúng khi có.', '2026-06-12 15:45:00'),
    (666, 'SS0058', 'SQ041', NULL, 'C', NULL, '2026-06-12 15:45:00'),
    (667, 'SS0058', 'SQ030', 4, NULL, NULL, '2026-06-12 15:45:00'),
    (668, 'SS0059', 'SQ002', NULL, 'D', NULL, '2026-06-12 15:45:00'),
    (669, 'SS0059', 'SQ033', NULL, NULL, 'Sau nhiều mà nơi cho của vẫn không.', '2026-06-12 15:45:00'),
    (670, 'SS0059', 'SQ015', NULL, 'A', NULL, '2026-06-12 15:45:00'),
    (671, 'SS0059', 'SQ018', 5, NULL, NULL, '2026-06-12 15:45:00'),
    (672, 'SS0059', 'SQ014', NULL, NULL, 'Giữa dưới có từ vậy một tôi với thế được bạn đó theo với.', '2026-06-12 15:45:00'),
    (673, 'SS0059', 'SQ007', NULL, 'B', NULL, '2026-06-12 15:45:00'),
    (674, 'SS0059', 'SQ058', NULL, NULL, 'Nếu nhưng nào bạn khi đã nơi để trong thay để tự với làm.', '2026-06-12 15:45:00'),
    (675, 'SS0059', 'SQ012', NULL, 'C', NULL, '2026-06-12 15:45:00'),
    (676, 'SS0059', 'SQ029', NULL, 'B', NULL, '2026-06-12 15:45:00'),
    (677, 'SS0059', 'SQ025', NULL, 'D', NULL, '2026-06-12 15:45:00'),
    (678, 'SS0059', 'SQ031', NULL, NULL, 'Hơn bên là của không với với thay chưa nơi thì vì.', '2026-06-12 15:45:00'),
    (679, 'SS0059', 'SQ023', NULL, 'B', NULL, '2026-06-12 15:45:00'),
    (680, 'SS0059', 'SQ004', NULL, NULL, 'Tại nhưng nơi số bạn nhưng về theo vậy có làm tự số.', '2026-06-12 15:45:00'),
    (681, 'SS0059', 'SQ008', NULL, 'B', NULL, '2026-06-12 15:45:00'),
    (682, 'SS0059', 'SQ055', NULL, NULL, 'Giữa nào là tại thế dưới sau chưa là bạn các nhiều các chưa.', '2026-06-12 15:45:00'),
    (683, 'SS0060', 'SQ015', NULL, 'A', NULL, '2026-06-12 15:45:00'),
    (684, 'SS0060', 'SQ021', NULL, 'B', NULL, '2026-06-12 15:45:00'),
    (685, 'SS0060', 'SQ038', NULL, 'B', NULL, '2026-06-12 15:45:00'),
    (686, 'SS0060', 'SQ053', 3, NULL, NULL, '2026-06-12 15:45:00'),
    (687, 'SS0060', 'SQ002', NULL, 'D', NULL, '2026-06-12 15:45:00'),
    (688, 'SS0060', 'SQ049', 2, NULL, NULL, '2026-06-12 15:45:00'),
    (689, 'SS0060', 'SQ030', 1, NULL, NULL, '2026-06-12 15:45:00'),
    (690, 'SS0060', 'SQ025', NULL, 'C', NULL, '2026-06-12 15:45:00'),
    (691, 'SS0060', 'SQ044', NULL, 'C', NULL, '2026-06-12 15:45:00'),
    (692, 'SS0060', 'SQ001', 3, NULL, NULL, '2026-06-12 15:45:00'),
    (693, 'SS0061', 'SQ060', NULL, 'D', NULL, '2026-06-12 15:45:00'),
    (694, 'SS0061', 'SQ005', NULL, 'B', NULL, '2026-06-12 15:45:00'),
    (695, 'SS0061', 'SQ003', NULL, NULL, 'Người như trong thay thì giống nhiều vì hơn nào các cũng thế của không thế.', '2026-06-12 15:45:00'),
    (696, 'SS0061', 'SQ025', NULL, 'B', NULL, '2026-06-12 15:45:00'),
    (697, 'SS0061', 'SQ048', NULL, NULL, 'Từ vẫn để để mà cách hoặc đang đã có.', '2026-06-12 15:45:00'),
    (698, 'SS0061', 'SQ050', 2, NULL, NULL, '2026-06-12 15:45:00'),
    (699, 'SS0061', 'SQ017', NULL, 'C', NULL, '2026-06-12 15:45:00'),
    (700, 'SS0061', 'SQ031', NULL, NULL, 'Thay thế khiến thế đang nhiều thế nơi thay theo chưa của không như được có.', '2026-06-12 15:45:00'),
    (701, 'SS0061', 'SQ007', NULL, 'C', NULL, '2026-06-12 15:45:00'),
    (702, 'SS0061', 'SQ046', 4, NULL, NULL, '2026-06-12 15:45:00'),
    (703, 'SS0061', 'SQ013', NULL, 'B', NULL, '2026-06-12 15:45:00'),
    (704, 'SS0061', 'SQ024', NULL, 'C', NULL, '2026-06-12 15:45:00'),
    (705, 'SS0061', 'SQ006', 5, NULL, NULL, '2026-06-12 15:45:00'),
    (706, 'SS0062', 'SQ032', NULL, NULL, 'Như có đúng từ đó tại với người chưa.', '2026-06-12 15:45:00'),
    (707, 'SS0062', 'SQ026', NULL, 'D', NULL, '2026-06-12 15:45:00'),
    (708, 'SS0062', 'SQ040', NULL, 'A', NULL, '2026-06-12 15:45:00'),
    (709, 'SS0062', 'SQ035', NULL, 'B', NULL, '2026-06-12 15:45:00'),
    (710, 'SS0062', 'SQ019', NULL, 'D', NULL, '2026-06-12 15:45:00'),
    (711, 'SS0062', 'SQ009', NULL, 'A', NULL, '2026-06-12 15:45:00'),
    (712, 'SS0062', 'SQ020', NULL, NULL, 'Lớn tại một mà với nếu bạn mỗi cách điều từng vài khi được hơn.', '2026-06-12 15:45:00'),
    (713, 'SS0062', 'SQ010', NULL, NULL, 'Này nhưng trong làm đi được cách có từng bạn lớn đi chỉ nhiều.', '2026-06-12 15:45:00'),
    (714, 'SS0063', 'SQ034', NULL, 'B', NULL, '2026-06-12 15:45:00'),
    (715, 'SS0063', 'SQ015', NULL, 'B', NULL, '2026-06-12 15:45:00'),
    (716, 'SS0063', 'SQ046', 3, NULL, NULL, '2026-06-12 15:45:00'),
    (717, 'SS0063', 'SQ047', 4, NULL, NULL, '2026-06-12 15:45:00'),
    (718, 'SS0063', 'SQ011', NULL, 'B', NULL, '2026-06-12 15:45:00'),
    (719, 'SS0063', 'SQ026', NULL, 'D', NULL, '2026-06-12 15:45:00'),
    (720, 'SS0063', 'SQ010', NULL, NULL, 'Vẫn bên để khi giống bạn mỗi bạn.', '2026-06-12 15:45:00'),
    (721, 'SS0063', 'SQ037', NULL, NULL, 'Được hơn dưới từ trong cách đó thì của dưới rất nào chỉ.', '2026-06-12 15:45:00'),
    (722, 'SS0063', 'SQ039', NULL, 'D', NULL, '2026-06-12 15:45:00'),
    (723, 'SS0063', 'SQ023', NULL, 'D', NULL, '2026-06-12 15:45:00'),
    (724, 'SS0063', 'SQ054', NULL, NULL, 'Cái nếu nếu hoặc cách giống cho.', '2026-06-12 15:45:00'),
    (725, 'SS0063', 'SQ040', NULL, 'A', NULL, '2026-06-12 15:45:00'),
    (726, 'SS0064', 'SQ039', NULL, 'C', NULL, '2026-06-12 15:45:00'),
    (727, 'SS0064', 'SQ035', NULL, 'C', NULL, '2026-06-12 15:45:00'),
    (728, 'SS0064', 'SQ027', NULL, NULL, 'Từng cũng có mỗi lớn giữa có từ.', '2026-06-12 15:45:00'),
    (729, 'SS0064', 'SQ054', NULL, NULL, 'Cho như không cũng cách với từng để theo như từng khi nhưng bạn và.', '2026-06-12 15:45:00'),
    (730, 'SS0064', 'SQ015', NULL, 'B', NULL, '2026-06-12 15:45:00'),
    (731, 'SS0064', 'SQ036', NULL, NULL, 'Dưới như đang tôi điều cũng lớn khi thay của số sau là để tại.', '2026-06-12 15:45:00'),
    (732, 'SS0064', 'SQ044', NULL, 'A', NULL, '2026-06-12 15:45:00'),
    (733, 'SS0064', 'SQ052', NULL, 'D', NULL, '2026-06-12 15:45:00'),
    (734, 'SS0064', 'SQ023', NULL, 'D', NULL, '2026-06-12 15:45:00'),
    (735, 'SS0064', 'SQ001', 3, NULL, NULL, '2026-06-12 15:45:00'),
    (736, 'SS0064', 'SQ029', NULL, 'C', NULL, '2026-06-12 15:45:00'),
    (737, 'SS0064', 'SQ014', NULL, NULL, 'Gần chỉ với với được là thế hơn người cho như nhưng mà này.', '2026-06-12 15:45:00'),
    (738, 'SS0064', 'SQ010', NULL, NULL, 'Này như và làm gần lớn chỉ lớn theo từ nơi một tôi nếu gần.', '2026-06-12 15:45:00'),
    (739, 'SS0064', 'SQ008', NULL, 'B', NULL, '2026-06-12 15:45:00'),
    (740, 'SS0065', 'SQ006', 2, NULL, NULL, '2026-06-12 15:45:00'),
    (741, 'SS0065', 'SQ005', NULL, 'D', NULL, '2026-06-12 15:45:00'),
    (742, 'SS0065', 'SQ033', NULL, NULL, 'Để giống tôi này như và từ không chỉ như như theo lớn với.', '2026-06-12 15:45:00'),
    (743, 'SS0065', 'SQ038', NULL, 'C', NULL, '2026-06-12 15:45:00'),
    (744, 'SS0065', 'SQ048', NULL, NULL, 'Làm mà thế hơn đúng khiến trong hơn như có.', '2026-06-12 15:45:00'),
    (745, 'SS0065', 'SQ017', NULL, 'C', NULL, '2026-06-12 15:45:00'),
    (746, 'SS0065', 'SQ030', 1, NULL, NULL, '2026-06-12 15:45:00'),
    (747, 'SS0065', 'SQ043', NULL, 'C', NULL, '2026-06-12 15:45:00'),
    (748, 'SS0066', 'SQ041', NULL, 'B', NULL, '2026-06-12 15:45:00'),
    (749, 'SS0066', 'SQ018', 3, NULL, NULL, '2026-06-12 15:45:00'),
    (750, 'SS0066', 'SQ013', NULL, 'C', NULL, '2026-06-12 15:45:00'),
    (751, 'SS0066', 'SQ007', NULL, 'C', NULL, '2026-06-12 15:45:00'),
    (752, 'SS0066', 'SQ053', 3, NULL, NULL, '2026-06-12 15:45:00'),
    (753, 'SS0066', 'SQ010', NULL, NULL, 'Cũng một giống cho như đã nhưng cách về với thay mỗi vẫn cho lớn.', '2026-06-12 15:45:00'),
    (754, 'SS0066', 'SQ023', NULL, 'B', NULL, '2026-06-12 15:45:00'),
    (755, 'SS0066', 'SQ021', NULL, 'C', NULL, '2026-06-12 15:45:00'),
    (756, 'SS0066', 'SQ036', NULL, NULL, 'Làm từ tại để khi vì đi để nhiều người dưới của có nơi.', '2026-06-12 15:45:00'),
    (757, 'SS0067', 'SQ057', NULL, 'B', NULL, '2026-06-12 15:45:00'),
    (758, 'SS0067', 'SQ030', 5, NULL, NULL, '2026-06-12 15:45:00'),
    (759, 'SS0067', 'SQ006', 2, NULL, NULL, '2026-06-12 15:45:00'),
    (760, 'SS0067', 'SQ005', NULL, 'C', NULL, '2026-06-12 15:45:00'),
    (761, 'SS0067', 'SQ042', 5, NULL, NULL, '2026-06-12 15:45:00'),
    (762, 'SS0067', 'SQ022', NULL, 'B', NULL, '2026-06-12 15:45:00'),
    (763, 'SS0067', 'SQ010', NULL, NULL, 'Tại của vẫn điều đúng lớn tại với thế cách rất điều đi nơi điều.', '2026-06-12 15:45:00'),
    (764, 'SS0067', 'SQ017', NULL, 'B', NULL, '2026-06-12 15:45:00'),
    (765, 'SS0067', 'SQ008', NULL, 'A', NULL, '2026-06-12 15:45:00'),
    (766, 'SS0067', 'SQ031', NULL, NULL, 'Tại đã này đến hoặc từ không đó sau nhưng.', '2026-06-12 15:45:00'),
    (767, 'SS0067', 'SQ052', NULL, 'C', NULL, '2026-06-12 15:45:00'),
    (768, 'SS0067', 'SQ027', NULL, NULL, 'Khi cũng từ chưa trong rất là nhiều.', '2026-06-12 15:45:00'),
    (769, 'SS0068', 'SQ059', 5, NULL, NULL, '2026-06-12 15:45:00'),
    (770, 'SS0068', 'SQ003', NULL, NULL, 'Từ chưa mỗi trong không khi của đã cách đến thế số khi vậy hơn.', '2026-06-12 15:45:00'),
    (771, 'SS0068', 'SQ046', 5, NULL, NULL, '2026-06-12 15:45:00'),
    (772, 'SS0068', 'SQ017', NULL, 'C', NULL, '2026-06-12 15:45:00'),
    (773, 'SS0068', 'SQ044', NULL, 'A', NULL, '2026-06-12 15:45:00'),
    (774, 'SS0068', 'SQ001', 2, NULL, NULL, '2026-06-12 15:45:00'),
    (775, 'SS0068', 'SQ057', NULL, 'B', NULL, '2026-06-12 15:45:00'),
    (776, 'SS0068', 'SQ040', NULL, 'D', NULL, '2026-06-12 15:45:00'),
    (777, 'SS0068', 'SQ002', NULL, 'B', NULL, '2026-06-12 15:45:00'),
    (778, 'SS0068', 'SQ038', NULL, 'B', NULL, '2026-06-12 15:45:00'),
    (779, 'SS0068', 'SQ015', NULL, 'C', NULL, '2026-06-12 15:45:00'),
    (780, 'SS0069', 'SQ030', 4, NULL, NULL, '2026-06-12 15:45:00'),
    (781, 'SS0069', 'SQ036', NULL, NULL, 'Mỗi cho từ làm đã vẫn như cho thay được đang khi của chưa.', '2026-06-12 15:45:00'),
    (782, 'SS0069', 'SQ019', NULL, 'D', NULL, '2026-06-12 15:45:00'),
    (783, 'SS0069', 'SQ048', NULL, NULL, 'Chưa đã sau như cho như dưới giống không.', '2026-06-12 15:45:00'),
    (784, 'SS0069', 'SQ011', NULL, 'B', NULL, '2026-06-12 15:45:00'),
    (785, 'SS0069', 'SQ026', NULL, 'A', NULL, '2026-06-12 15:45:00'),
    (786, 'SS0069', 'SQ006', 1, NULL, NULL, '2026-06-12 15:45:00'),
    (787, 'SS0069', 'SQ016', NULL, 'B', NULL, '2026-06-12 15:45:00'),
    (788, 'SS0069', 'SQ034', NULL, 'C', NULL, '2026-06-12 15:45:00'),
    (789, 'SS0069', 'SQ033', NULL, NULL, 'Lớn hơn người là từng từ với đến.', '2026-06-12 15:45:00'),
    (790, 'SS0069', 'SQ042', 4, NULL, NULL, '2026-06-12 15:45:00'),
    (791, 'SS0069', 'SQ059', 5, NULL, NULL, '2026-06-12 15:45:00'),
    (792, 'SS0070', 'SQ007', NULL, 'B', NULL, '2026-06-12 15:45:00'),
    (793, 'SS0070', 'SQ048', NULL, NULL, 'Đó tại thay sẽ trong khi là mỗi dưới mỗi để các cũng của.', '2026-06-12 15:45:00'),
    (794, 'SS0070', 'SQ045', NULL, 'B', NULL, '2026-06-12 15:45:00'),
    (795, 'SS0070', 'SQ058', NULL, NULL, 'Mà cái như chỉ khi như này đang nhưng đến tại vậy của giữa gần gần.', '2026-06-12 15:45:00'),
    (796, 'SS0070', 'SQ055', NULL, NULL, 'Hơn cái không đến trong trong cách được hơn của.', '2026-06-12 15:45:00'),
    (797, 'SS0070', 'SQ005', NULL, 'B', NULL, '2026-06-12 15:45:00'),
    (798, 'SS0070', 'SQ049', 1, NULL, NULL, '2026-06-12 15:45:00'),
    (799, 'SS0070', 'SQ031', NULL, NULL, 'Số hoặc giống trong thay chưa từng khiến để mà trong đi đi từ với làm.', '2026-06-12 15:45:00'),
    (800, 'SS0070', 'SQ041', NULL, 'A', NULL, '2026-06-12 15:45:00'),
    (801, 'SS0070', 'SQ036', NULL, NULL, 'Cho đến chưa như dưới một từng từng.', '2026-06-12 15:45:00'),
    (802, 'SS0070', 'SQ054', NULL, NULL, 'Gần như không của vì từng người.', '2026-06-12 15:45:00'),
    (803, 'SS0070', 'SQ022', NULL, 'B', NULL, '2026-06-12 15:45:00'),
    (804, 'SS0070', 'SQ002', NULL, 'A', NULL, '2026-06-12 15:45:00'),
    (805, 'SS0071', 'SQ056', NULL, 'A', NULL, '2026-06-12 15:45:00'),
    (806, 'SS0071', 'SQ059', 3, NULL, NULL, '2026-06-12 15:45:00'),
    (807, 'SS0071', 'SQ001', 5, NULL, NULL, '2026-06-12 15:45:00'),
    (808, 'SS0071', 'SQ008', NULL, 'B', NULL, '2026-06-12 15:45:00'),
    (809, 'SS0071', 'SQ057', NULL, 'A', NULL, '2026-06-12 15:45:00'),
    (810, 'SS0071', 'SQ036', NULL, NULL, 'Bạn nếu là thay rất đã cách đúng có vì.', '2026-06-12 15:45:00'),
    (811, 'SS0071', 'SQ051', 3, NULL, NULL, '2026-06-12 15:45:00'),
    (812, 'SS0071', 'SQ015', NULL, 'A', NULL, '2026-06-12 15:45:00'),
    (813, 'SS0071', 'SQ046', 5, NULL, NULL, '2026-06-12 15:45:00'),
    (814, 'SS0071', 'SQ012', NULL, 'A', NULL, '2026-06-12 15:45:00'),
    (815, 'SS0071', 'SQ047', 2, NULL, NULL, '2026-06-12 15:45:00'),
    (816, 'SS0071', 'SQ017', NULL, 'C', NULL, '2026-06-12 15:45:00'),
    (817, 'SS0071', 'SQ024', NULL, 'C', NULL, '2026-06-12 15:45:00'),
    (818, 'SS0072', 'SQ057', NULL, 'C', NULL, '2026-06-12 15:45:00'),
    (819, 'SS0072', 'SQ037', NULL, NULL, 'Tự điều cho trong một đi tự làm.', '2026-06-12 15:45:00'),
    (820, 'SS0072', 'SQ036', NULL, NULL, 'Đang một tại cái thì như hơn.', '2026-06-12 15:45:00'),
    (821, 'SS0072', 'SQ043', NULL, 'B', NULL, '2026-06-12 15:45:00'),
    (822, 'SS0072', 'SQ035', NULL, 'A', NULL, '2026-06-12 15:45:00'),
    (823, 'SS0072', 'SQ010', NULL, NULL, 'Như nhiều số từ giống thay sau hơn.', '2026-06-12 15:45:00'),
    (824, 'SS0072', 'SQ009', NULL, 'D', NULL, '2026-06-12 15:45:00'),
    (825, 'SS0072', 'SQ054', NULL, NULL, 'Cũng sau từ rất từ trong để với đúng mỗi đến của để trong.', '2026-06-12 15:45:00'),
    (826, 'SS0072', 'SQ019', NULL, 'D', NULL, '2026-06-12 15:45:00'),
    (827, 'SS0072', 'SQ023', NULL, 'A', NULL, '2026-06-12 15:45:00'),
    (828, 'SS0072', 'SQ029', NULL, 'D', NULL, '2026-06-12 15:45:00'),
    (829, 'SS0072', 'SQ022', NULL, 'B', NULL, '2026-06-12 15:45:00'),
    (830, 'SS0072', 'SQ001', 1, NULL, NULL, '2026-06-12 15:45:00'),
    (831, 'SS0073', 'SQ040', NULL, 'A', NULL, '2026-06-12 15:45:00'),
    (832, 'SS0073', 'SQ028', NULL, NULL, 'Đến sau mà để trong không từng.', '2026-06-12 15:45:00'),
    (833, 'SS0073', 'SQ023', NULL, 'B', NULL, '2026-06-12 15:45:00'),
    (834, 'SS0073', 'SQ044', NULL, 'C', NULL, '2026-06-12 15:45:00'),
    (835, 'SS0073', 'SQ060', NULL, 'C', NULL, '2026-06-12 15:45:00'),
    (836, 'SS0073', 'SQ046', 4, NULL, NULL, '2026-06-12 15:45:00'),
    (837, 'SS0073', 'SQ033', NULL, NULL, 'Hơn vẫn dưới cách giống một sau cách khi giữa sẽ các như giống như từ.', '2026-06-12 15:45:00'),
    (838, 'SS0073', 'SQ029', NULL, 'B', NULL, '2026-06-12 15:45:00'),
    (839, 'SS0073', 'SQ055', NULL, NULL, 'Sẽ này hoặc gần đi dưới một cho tại vậy có cũng không để.', '2026-06-12 15:45:00'),
    (840, 'SS0074', 'SQ059', 2, NULL, NULL, '2026-06-12 15:45:00'),
    (841, 'SS0074', 'SQ024', NULL, 'B', NULL, '2026-06-12 15:45:00'),
    (842, 'SS0074', 'SQ027', NULL, NULL, 'Cái đang như của bên rất về đúng các.', '2026-06-12 15:45:00'),
    (843, 'SS0074', 'SQ026', NULL, 'D', NULL, '2026-06-12 15:45:00'),
    (844, 'SS0074', 'SQ058', NULL, NULL, 'Trong rất tự nơi tại đang đến hơn.', '2026-06-12 15:45:00'),
    (845, 'SS0074', 'SQ053', 3, NULL, NULL, '2026-06-12 15:45:00'),
    (846, 'SS0074', 'SQ030', 1, NULL, NULL, '2026-06-12 15:45:00'),
    (847, 'SS0074', 'SQ019', NULL, 'D', NULL, '2026-06-12 15:45:00'),
    (848, 'SS0074', 'SQ043', NULL, 'B', NULL, '2026-06-12 15:45:00'),
    (849, 'SS0074', 'SQ017', NULL, 'A', NULL, '2026-06-12 15:45:00'),
    (850, 'SS0074', 'SQ049', 2, NULL, NULL, '2026-06-12 15:45:00'),
    (851, 'SS0074', 'SQ022', NULL, 'C', NULL, '2026-06-12 15:45:00'),
    (852, 'SS0075', 'SQ045', NULL, 'D', NULL, '2026-06-12 15:45:00'),
    (853, 'SS0075', 'SQ006', 1, NULL, NULL, '2026-06-12 15:45:00'),
    (854, 'SS0075', 'SQ018', 3, NULL, NULL, '2026-06-12 15:45:00'),
    (855, 'SS0075', 'SQ043', NULL, 'A', NULL, '2026-06-12 15:45:00'),
    (856, 'SS0075', 'SQ012', NULL, 'A', NULL, '2026-06-12 15:45:00'),
    (857, 'SS0075', 'SQ049', 3, NULL, NULL, '2026-06-12 15:45:00'),
    (858, 'SS0075', 'SQ009', NULL, 'A', NULL, '2026-06-12 15:45:00'),
    (859, 'SS0075', 'SQ046', 3, NULL, NULL, '2026-06-12 15:45:00'),
    (860, 'SS0075', 'SQ008', NULL, 'C', NULL, '2026-06-12 15:45:00'),
    (861, 'SS0075', 'SQ024', NULL, 'D', NULL, '2026-06-12 15:45:00'),
    (862, 'SS0075', 'SQ040', NULL, 'A', NULL, '2026-06-12 15:45:00'),
    (863, 'SS0075', 'SQ007', NULL, 'A', NULL, '2026-06-12 15:45:00'),
    (864, 'SS0075', 'SQ060', NULL, 'D', NULL, '2026-06-12 15:45:00'),
    (865, 'SS0075', 'SQ016', NULL, 'A', NULL, '2026-06-12 15:45:00'),
    (866, 'SS0076', 'SQ052', NULL, 'B', NULL, '2026-06-12 15:45:00'),
    (867, 'SS0076', 'SQ008', NULL, 'A', NULL, '2026-06-12 15:45:00'),
    (868, 'SS0076', 'SQ031', NULL, NULL, 'Và của của như đã từng rất từ đến.', '2026-06-12 15:45:00'),
    (869, 'SS0076', 'SQ055', NULL, NULL, 'Giữa sau từng vẫn điều của nếu với để làm một.', '2026-06-12 15:45:00'),
    (870, 'SS0076', 'SQ018', 5, NULL, NULL, '2026-06-12 15:45:00'),
    (871, 'SS0076', 'SQ005', NULL, 'C', NULL, '2026-06-12 15:45:00'),
    (872, 'SS0076', 'SQ002', NULL, 'B', NULL, '2026-06-12 15:45:00'),
    (873, 'SS0076', 'SQ043', NULL, 'D', NULL, '2026-06-12 15:45:00'),
    (874, 'SS0076', 'SQ053', 3, NULL, NULL, '2026-06-12 15:45:00'),
    (875, 'SS0076', 'SQ058', NULL, NULL, 'Giống giống cũng vậy hơn nào để về dưới dưới theo tại.', '2026-06-12 15:45:00'),
    (876, 'SS0076', 'SQ039', NULL, 'B', NULL, '2026-06-12 15:45:00'),
    (877, 'SS0076', 'SQ006', 3, NULL, NULL, '2026-06-12 15:45:00'),
    (878, 'SS0076', 'SQ034', NULL, 'C', NULL, '2026-06-12 15:45:00'),
    (879, 'SS0077', 'SQ029', NULL, 'D', NULL, '2026-06-12 15:45:00'),
    (880, 'SS0077', 'SQ055', NULL, NULL, 'Của giống từ tại sẽ các với làm cho bạn từ.', '2026-06-12 15:45:00'),
    (881, 'SS0077', 'SQ026', NULL, 'D', NULL, '2026-06-12 15:45:00'),
    (882, 'SS0077', 'SQ006', 1, NULL, NULL, '2026-06-12 15:45:00'),
    (883, 'SS0077', 'SQ044', NULL, 'A', NULL, '2026-06-12 15:45:00'),
    (884, 'SS0077', 'SQ053', 3, NULL, NULL, '2026-06-12 15:45:00'),
    (885, 'SS0077', 'SQ017', NULL, 'D', NULL, '2026-06-12 15:45:00'),
    (886, 'SS0077', 'SQ037', NULL, NULL, 'Tại này đang giữa cũng đến này hơn.', '2026-06-12 15:45:00'),
    (887, 'SS0077', 'SQ024', NULL, 'C', NULL, '2026-06-12 15:45:00'),
    (888, 'SS0077', 'SQ013', NULL, 'C', NULL, '2026-06-12 15:45:00'),
    (889, 'SS0077', 'SQ047', 5, NULL, NULL, '2026-06-12 15:45:00'),
    (890, 'SS0077', 'SQ022', NULL, 'B', NULL, '2026-06-12 15:45:00'),
    (891, 'SS0077', 'SQ045', NULL, 'B', NULL, '2026-06-12 15:45:00'),
    (892, 'SS0077', 'SQ025', NULL, 'C', NULL, '2026-06-12 15:45:00'),
    (893, 'SS0078', 'SQ018', 3, NULL, NULL, '2026-06-12 15:45:00'),
    (894, 'SS0078', 'SQ016', NULL, 'C', NULL, '2026-06-12 15:45:00'),
    (895, 'SS0078', 'SQ054', NULL, NULL, 'Để một như để từ khiến tại cái.', '2026-06-12 15:45:00'),
    (896, 'SS0078', 'SQ030', 2, NULL, NULL, '2026-06-12 15:45:00'),
    (897, 'SS0078', 'SQ011', NULL, 'B', NULL, '2026-06-12 15:45:00'),
    (898, 'SS0078', 'SQ028', NULL, NULL, 'Giống theo để chỉ thế bên đến là về rất chỉ nào từng không bạn nhiều.', '2026-06-12 15:45:00'),
    (899, 'SS0078', 'SQ025', NULL, 'B', NULL, '2026-06-12 15:45:00'),
    (900, 'SS0078', 'SQ042', 5, NULL, NULL, '2026-06-12 15:45:00'),
    (901, 'SS0079', 'SQ048', NULL, NULL, 'Các mỗi hoặc tự nào sẽ được gần bạn đó mà chưa cái để.', '2026-06-12 15:45:00'),
    (902, 'SS0079', 'SQ039', NULL, 'C', NULL, '2026-06-12 15:45:00'),
    (903, 'SS0079', 'SQ044', NULL, 'C', NULL, '2026-06-12 15:45:00'),
    (904, 'SS0079', 'SQ053', 1, NULL, NULL, '2026-06-12 15:45:00'),
    (905, 'SS0079', 'SQ049', 2, NULL, NULL, '2026-06-12 15:45:00'),
    (906, 'SS0079', 'SQ057', NULL, 'A', NULL, '2026-06-12 15:45:00'),
    (907, 'SS0079', 'SQ040', NULL, 'B', NULL, '2026-06-12 15:45:00'),
    (908, 'SS0079', 'SQ027', NULL, NULL, 'Cái và theo nơi vì có có thế đúng một giống nhưng các hơn.', '2026-06-12 15:45:00'),
    (909, 'SS0079', 'SQ051', 4, NULL, NULL, '2026-06-12 15:45:00'),
    (910, 'SS0080', 'SQ024', NULL, 'B', NULL, '2026-06-12 15:45:00'),
    (911, 'SS0080', 'SQ046', 1, NULL, NULL, '2026-06-12 15:45:00'),
    (912, 'SS0080', 'SQ050', 1, NULL, NULL, '2026-06-12 15:45:00'),
    (913, 'SS0080', 'SQ059', 5, NULL, NULL, '2026-06-12 15:45:00'),
    (914, 'SS0080', 'SQ035', NULL, 'B', NULL, '2026-06-12 15:45:00'),
    (915, 'SS0080', 'SQ001', 5, NULL, NULL, '2026-06-12 15:45:00'),
    (916, 'SS0080', 'SQ052', NULL, 'C', NULL, '2026-06-12 15:45:00'),
    (917, 'SS0080', 'SQ042', 1, NULL, NULL, '2026-06-12 15:45:00'),
    (918, 'SS0080', 'SQ025', NULL, 'A', NULL, '2026-06-12 15:45:00'),
    (919, 'SS0080', 'SQ008', NULL, 'A', NULL, '2026-06-12 15:45:00'),
    (920, 'SS0080', 'SQ021', NULL, 'A', NULL, '2026-06-12 15:45:00'),
    (921, 'SS0081', 'SQ054', NULL, NULL, 'Đến từng cái chỉ trong vẫn nhưng.', '2026-06-12 15:45:00'),
    (922, 'SS0081', 'SQ024', NULL, 'B', NULL, '2026-06-12 15:45:00'),
    (923, 'SS0081', 'SQ017', NULL, 'C', NULL, '2026-06-12 15:45:00'),
    (924, 'SS0081', 'SQ031', NULL, NULL, 'Hoặc nào nhưng của để cũng là đang đã thì khi bạn một không điều dưới.', '2026-06-12 15:45:00'),
    (925, 'SS0081', 'SQ032', NULL, NULL, 'Để cũng thay như được giống tôi giống có đến theo tại điều là về.', '2026-06-12 15:45:00'),
    (926, 'SS0081', 'SQ009', NULL, 'B', NULL, '2026-06-12 15:45:00'),
    (927, 'SS0081', 'SQ004', NULL, NULL, 'Từ có cách đó lớn rất các vài rất một khiến.', '2026-06-12 15:45:00'),
    (928, 'SS0081', 'SQ005', NULL, 'B', NULL, '2026-06-12 15:45:00'),
    (929, 'SS0081', 'SQ058', NULL, NULL, 'Cũng vài này đúng cách giống đúng đã của để của.', '2026-06-12 15:45:00'),
    (930, 'SS0081', 'SQ055', NULL, NULL, 'Cũng thì chưa chưa từ tôi từ với như theo của dưới.', '2026-06-12 15:45:00'),
    (931, 'SS0081', 'SQ006', 2, NULL, NULL, '2026-06-12 15:45:00'),
    (932, 'SS0081', 'SQ002', NULL, 'B', NULL, '2026-06-12 15:45:00'),
    (933, 'SS0082', 'SQ003', NULL, NULL, 'Vài sẽ thế cho có mà đến nơi không theo nhưng.', '2026-06-12 15:45:00'),
    (934, 'SS0082', 'SQ007', NULL, 'C', NULL, '2026-06-12 15:45:00'),
    (935, 'SS0082', 'SQ017', NULL, 'C', NULL, '2026-06-12 15:45:00'),
    (936, 'SS0082', 'SQ011', NULL, 'D', NULL, '2026-06-12 15:45:00'),
    (937, 'SS0082', 'SQ047', 2, NULL, NULL, '2026-06-12 15:45:00'),
    (938, 'SS0082', 'SQ040', NULL, 'D', NULL, '2026-06-12 15:45:00'),
    (939, 'SS0082', 'SQ031', NULL, NULL, 'Vậy nếu bạn nhưng từng số đi đang như có này cách mỗi về gần.', '2026-06-12 15:45:00'),
    (940, 'SS0082', 'SQ041', NULL, 'D', NULL, '2026-06-12 15:45:00'),
    (941, 'SS0082', 'SQ035', NULL, 'D', NULL, '2026-06-12 15:45:00'),
    (942, 'SS0083', 'SQ041', NULL, 'B', NULL, '2026-06-12 15:45:00'),
    (943, 'SS0083', 'SQ056', NULL, 'D', NULL, '2026-06-12 15:45:00'),
    (944, 'SS0083', 'SQ044', NULL, 'A', NULL, '2026-06-12 15:45:00'),
    (945, 'SS0083', 'SQ054', NULL, NULL, 'Nào dưới cho như như vẫn một số từ giữa với đang để từng.', '2026-06-12 15:45:00'),
    (946, 'SS0083', 'SQ032', NULL, NULL, 'Khi như bạn người được từng tôi không gần đến tự vì tại như.', '2026-06-12 15:45:00'),
    (947, 'SS0083', 'SQ005', NULL, 'A', NULL, '2026-06-12 15:45:00'),
    (948, 'SS0083', 'SQ019', NULL, 'B', NULL, '2026-06-12 15:45:00'),
    (949, 'SS0083', 'SQ024', NULL, 'B', NULL, '2026-06-12 15:45:00'),
    (950, 'SS0083', 'SQ058', NULL, NULL, 'Hoặc số của nhiều có sẽ trong tự tại để làm và.', '2026-06-12 15:45:00'),
    (951, 'SS0083', 'SQ047', 5, NULL, NULL, '2026-06-12 15:45:00'),
    (952, 'SS0084', 'SQ033', NULL, NULL, 'Để làm rất khiến về vài vậy nhưng cái như về rất số đi rất để.', '2026-06-12 15:45:00'),
    (953, 'SS0084', 'SQ006', 5, NULL, NULL, '2026-06-12 15:45:00'),
    (954, 'SS0084', 'SQ051', 5, NULL, NULL, '2026-06-12 15:45:00'),
    (955, 'SS0084', 'SQ042', 2, NULL, NULL, '2026-06-12 15:45:00'),
    (956, 'SS0084', 'SQ008', NULL, 'A', NULL, '2026-06-12 15:45:00'),
    (957, 'SS0084', 'SQ045', NULL, 'D', NULL, '2026-06-12 15:45:00'),
    (958, 'SS0084', 'SQ052', NULL, 'C', NULL, '2026-06-12 15:45:00'),
    (959, 'SS0084', 'SQ036', NULL, NULL, 'Nếu mỗi nếu của theo làm cũng như vài nếu.', '2026-06-12 15:45:00'),
    (960, 'SS0084', 'SQ022', NULL, 'B', NULL, '2026-06-12 15:45:00'),
    (961, 'SS0084', 'SQ044', NULL, 'A', NULL, '2026-06-12 15:45:00'),
    (962, 'SS0084', 'SQ010', NULL, NULL, 'Để đi người vì tự sẽ để vẫn các khiến không từ vẫn các chưa vì.', '2026-06-12 15:45:00'),
    (963, 'SS0084', 'SQ028', NULL, NULL, 'Sau thế nào nào thay vậy là nhưng hơn nhưng để là về nhiều.', '2026-06-12 15:45:00'),
    (964, 'SS0084', 'SQ059', 1, NULL, NULL, '2026-06-12 15:45:00'),
    (965, 'SS0084', 'SQ038', NULL, 'B', NULL, '2026-06-12 15:45:00'),
    (966, 'SS0085', 'SQ040', NULL, 'A', NULL, '2026-06-12 15:45:00'),
    (967, 'SS0085', 'SQ021', NULL, 'A', NULL, '2026-06-12 15:45:00'),
    (968, 'SS0085', 'SQ008', NULL, 'C', NULL, '2026-06-12 15:45:00'),
    (969, 'SS0085', 'SQ016', NULL, 'C', NULL, '2026-06-12 15:45:00'),
    (970, 'SS0085', 'SQ041', NULL, 'B', NULL, '2026-06-12 15:45:00'),
    (971, 'SS0085', 'SQ058', NULL, NULL, 'Đi cho hơn hơn từ khiến mà một người tại hơn.', '2026-06-12 15:45:00'),
    (972, 'SS0085', 'SQ057', NULL, 'A', NULL, '2026-06-12 15:45:00'),
    (973, 'SS0085', 'SQ028', NULL, NULL, 'Từ bên số của tự hơn vậy dưới một đúng như như.', '2026-06-12 15:45:00'),
    (974, 'SS0085', 'SQ054', NULL, NULL, 'Khi dưới sẽ cũng chỉ nơi vài khiến cũng.', '2026-06-12 15:45:00'),
    (975, 'SS0086', 'SQ054', NULL, NULL, 'Với tôi vì thay bạn có để tôi với hơn hoặc với giữa của.', '2026-06-12 15:45:00'),
    (976, 'SS0086', 'SQ052', NULL, 'C', NULL, '2026-06-12 15:45:00'),
    (977, 'SS0086', 'SQ040', NULL, 'A', NULL, '2026-06-12 15:45:00'),
    (978, 'SS0086', 'SQ050', 1, NULL, NULL, '2026-06-12 15:45:00'),
    (979, 'SS0086', 'SQ038', NULL, 'D', NULL, '2026-06-12 15:45:00'),
    (980, 'SS0086', 'SQ018', 2, NULL, NULL, '2026-06-12 15:45:00'),
    (981, 'SS0086', 'SQ039', NULL, 'C', NULL, '2026-06-12 15:45:00'),
    (982, 'SS0086', 'SQ037', NULL, NULL, 'Trong của tự không cho của để bên.', '2026-06-12 15:45:00'),
    (983, 'SS0086', 'SQ020', NULL, NULL, 'Không là tại cách nhưng nhưng nếu đúng với khiến có vẫn trong đang.', '2026-06-12 15:45:00'),
    (984, 'SS0086', 'SQ042', 2, NULL, NULL, '2026-06-12 15:45:00'),
    (985, 'SS0087', 'SQ008', NULL, 'A', NULL, '2026-06-12 15:45:00'),
    (986, 'SS0087', 'SQ040', NULL, 'C', NULL, '2026-06-12 15:45:00'),
    (987, 'SS0087', 'SQ058', NULL, NULL, 'Đi chỉ nhiều tự gần bên tại tôi được.', '2026-06-12 15:45:00'),
    (988, 'SS0087', 'SQ003', NULL, NULL, 'Của tại để các từ số với là có vài từ.', '2026-06-12 15:45:00'),
    (989, 'SS0087', 'SQ022', NULL, 'D', NULL, '2026-06-12 15:45:00'),
    (990, 'SS0087', 'SQ027', NULL, NULL, 'Nhưng như có bạn là thì cách được một.', '2026-06-12 15:45:00'),
    (991, 'SS0087', 'SQ020', NULL, NULL, 'Tại như như bên sẽ thế thế khi cho đúng vậy số và của.', '2026-06-12 15:45:00'),
    (992, 'SS0087', 'SQ030', 1, NULL, NULL, '2026-06-12 15:45:00'),
    (993, 'SS0088', 'SQ015', NULL, 'B', NULL, '2026-06-12 15:45:00'),
    (994, 'SS0088', 'SQ058', NULL, NULL, 'Dưới mà số số từng nơi tôi hơn trong.', '2026-06-12 15:45:00'),
    (995, 'SS0088', 'SQ002', NULL, 'D', NULL, '2026-06-12 15:45:00'),
    (996, 'SS0088', 'SQ050', 2, NULL, NULL, '2026-06-12 15:45:00'),
    (997, 'SS0088', 'SQ041', NULL, 'A', NULL, '2026-06-12 15:45:00'),
    (998, 'SS0088', 'SQ018', 2, NULL, NULL, '2026-06-12 15:45:00'),
    (999, 'SS0088', 'SQ056', NULL, 'B', NULL, '2026-06-12 15:45:00'),
    (1000, 'SS0088', 'SQ053', 3, NULL, NULL, '2026-06-12 15:45:00');

INSERT INTO survey_answers (id, survey_session_id, survey_question_id, rating_value, choice_value, text_value, created_at) VALUES
    (1001, 'SS0088', 'SQ023', NULL, 'B', NULL, '2026-06-12 15:45:00'),
    (1002, 'SS0088', 'SQ019', NULL, 'A', NULL, '2026-06-12 15:45:00'),
    (1003, 'SS0088', 'SQ060', NULL, 'A', NULL, '2026-06-12 15:45:00'),
    (1004, 'SS0088', 'SQ022', NULL, 'A', NULL, '2026-06-12 15:45:00'),
    (1005, 'SS0088', 'SQ039', NULL, 'D', NULL, '2026-06-12 15:45:00'),
    (1006, 'SS0088', 'SQ034', NULL, 'A', NULL, '2026-06-12 15:45:00'),
    (1007, 'SS0088', 'SQ030', 2, NULL, NULL, '2026-06-12 15:45:00'),
    (1008, 'SS0089', 'SQ018', 3, NULL, NULL, '2026-06-12 15:45:00'),
    (1009, 'SS0089', 'SQ041', NULL, 'C', NULL, '2026-06-12 15:45:00'),
    (1010, 'SS0089', 'SQ048', NULL, NULL, 'Giống từ cũng đúng cũng nhiều dưới khi giống cách.', '2026-06-12 15:45:00'),
    (1011, 'SS0089', 'SQ039', NULL, 'A', NULL, '2026-06-12 15:45:00'),
    (1012, 'SS0089', 'SQ046', 3, NULL, NULL, '2026-06-12 15:45:00'),
    (1013, 'SS0089', 'SQ029', NULL, 'B', NULL, '2026-06-12 15:45:00'),
    (1014, 'SS0089', 'SQ058', NULL, NULL, 'Lớn từ nếu khiến tự vài vì.', '2026-06-12 15:45:00'),
    (1015, 'SS0089', 'SQ024', NULL, 'B', NULL, '2026-06-12 15:45:00'),
    (1016, 'SS0089', 'SQ038', NULL, 'B', NULL, '2026-06-12 15:45:00'),
    (1017, 'SS0089', 'SQ057', NULL, 'B', NULL, '2026-06-12 15:45:00'),
    (1018, 'SS0089', 'SQ019', NULL, 'B', NULL, '2026-06-12 15:45:00'),
    (1019, 'SS0089', 'SQ025', NULL, 'C', NULL, '2026-06-12 15:45:00'),
    (1020, 'SS0089', 'SQ030', 2, NULL, NULL, '2026-06-12 15:45:00'),
    (1021, 'SS0089', 'SQ056', NULL, 'A', NULL, '2026-06-12 15:45:00'),
    (1022, 'SS0090', 'SQ020', NULL, NULL, 'Người trong vài làm của hơn nếu giữa trong.', '2026-06-12 15:45:00'),
    (1023, 'SS0090', 'SQ003', NULL, NULL, 'Đi trong mà nhưng số đã người để hơn cũng từng là và này sẽ như.', '2026-06-12 15:45:00'),
    (1024, 'SS0090', 'SQ038', NULL, 'D', NULL, '2026-06-12 15:45:00'),
    (1025, 'SS0090', 'SQ024', NULL, 'B', NULL, '2026-06-12 15:45:00'),
    (1026, 'SS0090', 'SQ012', NULL, 'C', NULL, '2026-06-12 15:45:00'),
    (1027, 'SS0090', 'SQ009', NULL, 'C', NULL, '2026-06-12 15:45:00'),
    (1028, 'SS0090', 'SQ036', NULL, NULL, 'Mỗi số vậy cái thay giống cách số bạn cho.', '2026-06-12 15:45:00'),
    (1029, 'SS0090', 'SQ025', NULL, 'B', NULL, '2026-06-12 15:45:00'),
    (1030, 'SS0090', 'SQ014', NULL, NULL, 'Mỗi rất giữa tại đúng cách để tôi này chưa đúng.', '2026-06-12 15:45:00'),
    (1031, 'SS0091', 'SQ040', NULL, 'B', NULL, '2026-06-12 15:45:00'),
    (1032, 'SS0091', 'SQ046', 5, NULL, NULL, '2026-06-12 15:45:00'),
    (1033, 'SS0091', 'SQ036', NULL, NULL, 'Hơn đúng thế tại tại đi trong tôi bạn thay số và giống.', '2026-06-12 15:45:00'),
    (1034, 'SS0091', 'SQ020', NULL, NULL, 'Là thế như đến của nhiều đó.', '2026-06-12 15:45:00'),
    (1035, 'SS0091', 'SQ053', 2, NULL, NULL, '2026-06-12 15:45:00'),
    (1036, 'SS0091', 'SQ060', NULL, 'B', NULL, '2026-06-12 15:45:00'),
    (1037, 'SS0091', 'SQ045', NULL, 'B', NULL, '2026-06-12 15:45:00'),
    (1038, 'SS0091', 'SQ010', NULL, NULL, 'Dưới đang từng từ một đó hơn.', '2026-06-12 15:45:00'),
    (1039, 'SS0091', 'SQ019', NULL, 'A', NULL, '2026-06-12 15:45:00'),
    (1040, 'SS0091', 'SQ012', NULL, 'B', NULL, '2026-06-12 15:45:00'),
    (1041, 'SS0091', 'SQ013', NULL, 'D', NULL, '2026-06-12 15:45:00'),
    (1042, 'SS0092', 'SQ022', NULL, 'A', NULL, '2026-06-12 15:45:00'),
    (1043, 'SS0092', 'SQ053', 2, NULL, NULL, '2026-06-12 15:45:00'),
    (1044, 'SS0092', 'SQ024', NULL, 'C', NULL, '2026-06-12 15:45:00'),
    (1045, 'SS0092', 'SQ043', NULL, 'D', NULL, '2026-06-12 15:45:00'),
    (1046, 'SS0092', 'SQ038', NULL, 'B', NULL, '2026-06-12 15:45:00'),
    (1047, 'SS0092', 'SQ028', NULL, NULL, 'Mà đi điều theo đang người với được để.', '2026-06-12 15:45:00'),
    (1048, 'SS0092', 'SQ021', NULL, 'B', NULL, '2026-06-12 15:45:00'),
    (1049, 'SS0092', 'SQ018', 5, NULL, NULL, '2026-06-12 15:45:00'),
    (1050, 'SS0092', 'SQ050', 5, NULL, NULL, '2026-06-12 15:45:00'),
    (1051, 'SS0092', 'SQ030', 1, NULL, NULL, '2026-06-12 15:45:00'),
    (1052, 'SS0092', 'SQ045', NULL, 'D', NULL, '2026-06-12 15:45:00'),
    (1053, 'SS0092', 'SQ025', NULL, 'B', NULL, '2026-06-12 15:45:00'),
    (1054, 'SS0092', 'SQ048', NULL, NULL, 'Thế thay sau đến này từ cho dưới nếu để cách được với được khiến như.', '2026-06-12 15:45:00'),
    (1055, 'SS0092', 'SQ027', NULL, NULL, 'Của mà tôi bên thay vậy khi.', '2026-06-12 15:45:00'),
    (1056, 'SS0092', 'SQ016', NULL, 'D', NULL, '2026-06-12 15:45:00'),
    (1057, 'SS0093', 'SQ013', NULL, 'A', NULL, '2026-06-12 15:45:00'),
    (1058, 'SS0093', 'SQ022', NULL, 'C', NULL, '2026-06-12 15:45:00'),
    (1059, 'SS0093', 'SQ054', NULL, NULL, 'Trong từ điều mỗi đến được hơn và làm tôi một trong.', '2026-06-12 15:45:00'),
    (1060, 'SS0093', 'SQ002', NULL, 'D', NULL, '2026-06-12 15:45:00'),
    (1061, 'SS0093', 'SQ030', 1, NULL, NULL, '2026-06-12 15:45:00'),
    (1062, 'SS0093', 'SQ052', NULL, 'D', NULL, '2026-06-12 15:45:00'),
    (1063, 'SS0093', 'SQ038', NULL, 'A', NULL, '2026-06-12 15:45:00'),
    (1064, 'SS0093', 'SQ009', NULL, 'A', NULL, '2026-06-12 15:45:00'),
    (1065, 'SS0093', 'SQ040', NULL, 'B', NULL, '2026-06-12 15:45:00'),
    (1066, 'SS0094', 'SQ036', NULL, NULL, 'Vì với vẫn hơn đúng vì cũng tôi.', '2026-06-12 15:45:00'),
    (1067, 'SS0094', 'SQ029', NULL, 'B', NULL, '2026-06-12 15:45:00'),
    (1068, 'SS0094', 'SQ006', 3, NULL, NULL, '2026-06-12 15:45:00'),
    (1069, 'SS0094', 'SQ021', NULL, 'B', NULL, '2026-06-12 15:45:00'),
    (1070, 'SS0094', 'SQ010', NULL, NULL, 'Cũng tôi đúng gần như là bạn vài tự.', '2026-06-12 15:45:00'),
    (1071, 'SS0094', 'SQ046', 2, NULL, NULL, '2026-06-12 15:45:00'),
    (1072, 'SS0094', 'SQ004', NULL, NULL, 'Rất gần đang với thay các trong số từ và nhiều bạn một mà cũng sẽ.', '2026-06-12 15:45:00'),
    (1073, 'SS0094', 'SQ055', NULL, NULL, 'Tự từng trong có để làm cho.', '2026-06-12 15:45:00'),
    (1074, 'SS0094', 'SQ009', NULL, 'C', NULL, '2026-06-12 15:45:00'),
    (1075, 'SS0094', 'SQ007', NULL, 'C', NULL, '2026-06-12 15:45:00'),
    (1076, 'SS0094', 'SQ044', NULL, 'A', NULL, '2026-06-12 15:45:00'),
    (1077, 'SS0094', 'SQ013', NULL, 'D', NULL, '2026-06-12 15:45:00'),
    (1078, 'SS0095', 'SQ021', NULL, 'D', NULL, '2026-06-12 15:45:00'),
    (1079, 'SS0095', 'SQ044', NULL, 'D', NULL, '2026-06-12 15:45:00'),
    (1080, 'SS0095', 'SQ052', NULL, 'A', NULL, '2026-06-12 15:45:00'),
    (1081, 'SS0095', 'SQ041', NULL, 'B', NULL, '2026-06-12 15:45:00'),
    (1082, 'SS0095', 'SQ014', NULL, NULL, 'Chỉ cũng vài có chưa để được cách như cho khiến là người gần bạn.', '2026-06-12 15:45:00'),
    (1083, 'SS0095', 'SQ043', NULL, 'C', NULL, '2026-06-12 15:45:00'),
    (1084, 'SS0095', 'SQ056', NULL, 'B', NULL, '2026-06-12 15:45:00'),
    (1085, 'SS0095', 'SQ029', NULL, 'C', NULL, '2026-06-12 15:45:00'),
    (1086, 'SS0095', 'SQ055', NULL, NULL, 'Của số có khi như là khi cho tại từng lớn nhiều là.', '2026-06-12 15:45:00'),
    (1087, 'SS0095', 'SQ012', NULL, 'C', NULL, '2026-06-12 15:45:00'),
    (1088, 'SS0095', 'SQ050', 3, NULL, NULL, '2026-06-12 15:45:00'),
    (1089, 'SS0096', 'SQ054', NULL, NULL, 'Của sẽ tự bạn để về tôi với.', '2026-06-12 15:45:00'),
    (1090, 'SS0096', 'SQ043', NULL, 'A', NULL, '2026-06-12 15:45:00'),
    (1091, 'SS0096', 'SQ057', NULL, 'B', NULL, '2026-06-12 15:45:00'),
    (1092, 'SS0096', 'SQ036', NULL, NULL, 'Của các có sẽ bên không thay sau được trong.', '2026-06-12 15:45:00'),
    (1093, 'SS0096', 'SQ015', NULL, 'C', NULL, '2026-06-12 15:45:00'),
    (1094, 'SS0096', 'SQ013', NULL, 'C', NULL, '2026-06-12 15:45:00'),
    (1095, 'SS0096', 'SQ037', NULL, NULL, 'Như được nhưng chưa cũng này đi về số như sẽ các đến.', '2026-06-12 15:45:00'),
    (1096, 'SS0096', 'SQ001', 4, NULL, NULL, '2026-06-12 15:45:00'),
    (1097, 'SS0096', 'SQ060', NULL, 'A', NULL, '2026-06-12 15:45:00'),
    (1098, 'SS0097', 'SQ012', NULL, 'D', NULL, '2026-06-12 15:45:00'),
    (1099, 'SS0097', 'SQ010', NULL, NULL, 'Đó thì từng số tự hơn một tự tự.', '2026-06-12 15:45:00'),
    (1100, 'SS0097', 'SQ035', NULL, 'A', NULL, '2026-06-12 15:45:00'),
    (1101, 'SS0097', 'SQ036', NULL, NULL, 'Cũng bên cách từ nếu nào thế đúng như làm như.', '2026-06-12 15:45:00'),
    (1102, 'SS0097', 'SQ045', NULL, 'D', NULL, '2026-06-12 15:45:00'),
    (1103, 'SS0097', 'SQ006', 2, NULL, NULL, '2026-06-12 15:45:00'),
    (1104, 'SS0097', 'SQ026', NULL, 'A', NULL, '2026-06-12 15:45:00'),
    (1105, 'SS0097', 'SQ049', 4, NULL, NULL, '2026-06-12 15:45:00'),
    (1106, 'SS0097', 'SQ059', 3, NULL, NULL, '2026-06-12 15:45:00'),
    (1107, 'SS0097', 'SQ056', NULL, 'B', NULL, '2026-06-12 15:45:00'),
    (1108, 'SS0097', 'SQ027', NULL, NULL, 'Nếu với vẫn vì như đã đã trong đang rất thì nơi.', '2026-06-12 15:45:00'),
    (1109, 'SS0098', 'SQ041', NULL, 'A', NULL, '2026-06-12 15:45:00'),
    (1110, 'SS0098', 'SQ022', NULL, 'D', NULL, '2026-06-12 15:45:00'),
    (1111, 'SS0098', 'SQ014', NULL, NULL, 'Này chưa trong tại vẫn vẫn thì.', '2026-06-12 15:45:00'),
    (1112, 'SS0098', 'SQ017', NULL, 'D', NULL, '2026-06-12 15:45:00'),
    (1113, 'SS0098', 'SQ058', NULL, NULL, 'Trong vì để hơn từ và rất có thế mà sau từ.', '2026-06-12 15:45:00'),
    (1114, 'SS0098', 'SQ016', NULL, 'D', NULL, '2026-06-12 15:45:00'),
    (1115, 'SS0098', 'SQ010', NULL, NULL, 'Từng dưới có người có đến điều nếu sẽ từ với đã.', '2026-06-12 15:45:00'),
    (1116, 'SS0098', 'SQ047', 1, NULL, NULL, '2026-06-12 15:45:00'),
    (1117, 'SS0098', 'SQ012', NULL, 'B', NULL, '2026-06-12 15:45:00'),
    (1118, 'SS0098', 'SQ009', NULL, 'B', NULL, '2026-06-12 15:45:00'),
    (1119, 'SS0098', 'SQ036', NULL, NULL, 'Vài khi vì đang đúng từ cũng từng cái.', '2026-06-12 15:45:00'),
    (1120, 'SS0099', 'SQ056', NULL, 'C', NULL, '2026-06-12 15:45:00'),
    (1121, 'SS0099', 'SQ054', NULL, NULL, 'Để thay rất với như một với mỗi với cũng trong chỉ.', '2026-06-12 15:45:00'),
    (1122, 'SS0099', 'SQ012', NULL, 'A', NULL, '2026-06-12 15:45:00'),
    (1123, 'SS0099', 'SQ022', NULL, 'A', NULL, '2026-06-12 15:45:00'),
    (1124, 'SS0099', 'SQ024', NULL, 'C', NULL, '2026-06-12 15:45:00'),
    (1125, 'SS0099', 'SQ014', NULL, NULL, 'Thế tại cách đã đúng lớn vài thay để chỉ cái vì các.', '2026-06-12 15:45:00'),
    (1126, 'SS0099', 'SQ037', NULL, NULL, 'Nhưng rất vậy làm để mỗi về nào về sau vậy bên.', '2026-06-12 15:45:00'),
    (1127, 'SS0099', 'SQ032', NULL, NULL, 'Đúng một đi hoặc như đó như này rất.', '2026-06-12 15:45:00'),
    (1128, 'SS0099', 'SQ047', 1, NULL, NULL, '2026-06-12 15:45:00'),
    (1129, 'SS0100', 'SQ013', NULL, 'B', NULL, '2026-06-12 15:45:00'),
    (1130, 'SS0100', 'SQ016', NULL, 'C', NULL, '2026-06-12 15:45:00'),
    (1131, 'SS0100', 'SQ033', NULL, NULL, 'Như hơn cũng có đi giống sau tại khiến số.', '2026-06-12 15:45:00'),
    (1132, 'SS0100', 'SQ053', 2, NULL, NULL, '2026-06-12 15:45:00'),
    (1133, 'SS0100', 'SQ060', NULL, 'B', NULL, '2026-06-12 15:45:00'),
    (1134, 'SS0100', 'SQ048', NULL, NULL, 'Cái cách bên lớn đó hơn về để một mỗi chỉ một cho này gần.', '2026-06-12 15:45:00'),
    (1135, 'SS0100', 'SQ057', NULL, 'A', NULL, '2026-06-12 15:45:00'),
    (1136, 'SS0100', 'SQ029', NULL, 'D', NULL, '2026-06-12 15:45:00'),
    (1137, 'SS0101', 'SQ059', 2, NULL, NULL, '2026-06-12 15:45:00'),
    (1138, 'SS0101', 'SQ055', NULL, NULL, 'Làm tự tự từ một thì này thế.', '2026-06-12 15:45:00'),
    (1139, 'SS0101', 'SQ027', NULL, NULL, 'Đang của từ như các mỗi có của đi của điều hoặc như không nhưng.', '2026-06-12 15:45:00'),
    (1140, 'SS0101', 'SQ029', NULL, 'C', NULL, '2026-06-12 15:45:00'),
    (1141, 'SS0101', 'SQ008', NULL, 'A', NULL, '2026-06-12 15:45:00'),
    (1142, 'SS0101', 'SQ043', NULL, 'A', NULL, '2026-06-12 15:45:00'),
    (1143, 'SS0101', 'SQ038', NULL, 'B', NULL, '2026-06-12 15:45:00'),
    (1144, 'SS0101', 'SQ023', NULL, 'D', NULL, '2026-06-12 15:45:00'),
    (1145, 'SS0101', 'SQ047', 5, NULL, NULL, '2026-06-12 15:45:00'),
    (1146, 'SS0102', 'SQ017', NULL, 'A', NULL, '2026-06-12 15:45:00'),
    (1147, 'SS0102', 'SQ021', NULL, 'B', NULL, '2026-06-12 15:45:00'),
    (1148, 'SS0102', 'SQ013', NULL, 'A', NULL, '2026-06-12 15:45:00'),
    (1149, 'SS0102', 'SQ036', NULL, NULL, 'Từ cách vì không hoặc như điều thế nhiều vì là vẫn sau.', '2026-06-12 15:45:00'),
    (1150, 'SS0102', 'SQ004', NULL, NULL, 'Hơn nơi cho như khi có này.', '2026-06-12 15:45:00'),
    (1151, 'SS0102', 'SQ002', NULL, 'B', NULL, '2026-06-12 15:45:00'),
    (1152, 'SS0102', 'SQ011', NULL, 'B', NULL, '2026-06-12 15:45:00'),
    (1153, 'SS0102', 'SQ054', NULL, NULL, 'Tự để chưa gần chỉ chỉ đến mỗi từ của sẽ đã giống với.', '2026-06-12 15:45:00'),
    (1154, 'SS0102', 'SQ012', NULL, 'C', NULL, '2026-06-12 15:45:00'),
    (1155, 'SS0102', 'SQ016', NULL, 'B', NULL, '2026-06-12 15:45:00'),
    (1156, 'SS0102', 'SQ040', NULL, 'A', NULL, '2026-06-12 15:45:00'),
    (1157, 'SS0102', 'SQ026', NULL, 'C', NULL, '2026-06-12 15:45:00'),
    (1158, 'SS0102', 'SQ052', NULL, 'B', NULL, '2026-06-12 15:45:00'),
    (1159, 'SS0102', 'SQ005', NULL, 'B', NULL, '2026-06-12 15:45:00'),
    (1160, 'SS0103', 'SQ016', NULL, 'C', NULL, '2026-06-12 15:45:00'),
    (1161, 'SS0103', 'SQ031', NULL, NULL, 'Rất làm với vài và với này dưới thế để.', '2026-06-12 15:45:00'),
    (1162, 'SS0103', 'SQ017', NULL, 'C', NULL, '2026-06-12 15:45:00'),
    (1163, 'SS0103', 'SQ042', 3, NULL, NULL, '2026-06-12 15:45:00'),
    (1164, 'SS0103', 'SQ036', NULL, NULL, 'Nếu một đang tôi chưa hoặc của tôi mà tôi hơn.', '2026-06-12 15:45:00'),
    (1165, 'SS0103', 'SQ011', NULL, 'A', NULL, '2026-06-12 15:45:00'),
    (1166, 'SS0103', 'SQ041', NULL, 'B', NULL, '2026-06-12 15:45:00'),
    (1167, 'SS0103', 'SQ022', NULL, 'A', NULL, '2026-06-12 15:45:00'),
    (1168, 'SS0103', 'SQ040', NULL, 'C', NULL, '2026-06-12 15:45:00'),
    (1169, 'SS0103', 'SQ051', 1, NULL, NULL, '2026-06-12 15:45:00'),
    (1170, 'SS0103', 'SQ049', 1, NULL, NULL, '2026-06-12 15:45:00'),
    (1171, 'SS0104', 'SQ058', NULL, NULL, 'Cách như nếu theo thì làm đến từ được đang người nếu nhưng.', '2026-06-12 15:45:00'),
    (1172, 'SS0104', 'SQ007', NULL, 'A', NULL, '2026-06-12 15:45:00'),
    (1173, 'SS0104', 'SQ050', 1, NULL, NULL, '2026-06-12 15:45:00'),
    (1174, 'SS0104', 'SQ022', NULL, 'D', NULL, '2026-06-12 15:45:00'),
    (1175, 'SS0104', 'SQ036', NULL, NULL, 'Từ không đúng giống thay tự cũng đi nơi cũng như với như như vậy.', '2026-06-12 15:45:00'),
    (1176, 'SS0104', 'SQ041', NULL, 'D', NULL, '2026-06-12 15:45:00'),
    (1177, 'SS0104', 'SQ033', NULL, NULL, 'Làm của mà chỉ để lớn của các điều cách vì cách từ vẫn.', '2026-06-12 15:45:00'),
    (1178, 'SS0104', 'SQ002', NULL, 'B', NULL, '2026-06-12 15:45:00'),
    (1179, 'SS0104', 'SQ008', NULL, 'B', NULL, '2026-06-12 15:45:00'),
    (1180, 'SS0104', 'SQ043', NULL, 'D', NULL, '2026-06-12 15:45:00'),
    (1181, 'SS0104', 'SQ057', NULL, 'B', NULL, '2026-06-12 15:45:00'),
    (1182, 'SS0104', 'SQ035', NULL, 'D', NULL, '2026-06-12 15:45:00'),
    (1183, 'SS0104', 'SQ032', NULL, NULL, 'Giữa sẽ về chưa với để giống khi được tại tôi như khi trong.', '2026-06-12 15:45:00'),
    (1184, 'SS0104', 'SQ044', NULL, 'B', NULL, '2026-06-12 15:45:00'),
    (1185, 'SS0104', 'SQ018', 5, NULL, NULL, '2026-06-12 15:45:00'),
    (1186, 'SS0105', 'SQ041', NULL, 'A', NULL, '2026-06-12 15:45:00'),
    (1187, 'SS0105', 'SQ058', NULL, NULL, 'Của chỉ tôi được cho đó thì vài mỗi khi mà để.', '2026-06-12 15:45:00'),
    (1188, 'SS0105', 'SQ020', NULL, NULL, 'Một nếu theo về trong cái này vài tại cái thế cho đi đang lớn về.', '2026-06-12 15:45:00'),
    (1189, 'SS0105', 'SQ029', NULL, 'B', NULL, '2026-06-12 15:45:00'),
    (1190, 'SS0105', 'SQ060', NULL, 'B', NULL, '2026-06-12 15:45:00'),
    (1191, 'SS0105', 'SQ059', 3, NULL, NULL, '2026-06-12 15:45:00'),
    (1192, 'SS0105', 'SQ005', NULL, 'D', NULL, '2026-06-12 15:45:00'),
    (1193, 'SS0105', 'SQ030', 2, NULL, NULL, '2026-06-12 15:45:00'),
    (1194, 'SS0106', 'SQ026', NULL, 'A', NULL, '2026-06-12 15:45:00'),
    (1195, 'SS0106', 'SQ008', NULL, 'C', NULL, '2026-06-12 15:45:00'),
    (1196, 'SS0106', 'SQ012', NULL, 'C', NULL, '2026-06-12 15:45:00'),
    (1197, 'SS0106', 'SQ040', NULL, 'A', NULL, '2026-06-12 15:45:00'),
    (1198, 'SS0106', 'SQ044', NULL, 'C', NULL, '2026-06-12 15:45:00'),
    (1199, 'SS0106', 'SQ058', NULL, NULL, 'Hơn cho điều khi của nhưng đúng mỗi người gần.', '2026-06-12 15:45:00'),
    (1200, 'SS0106', 'SQ013', NULL, 'D', NULL, '2026-06-12 15:45:00'),
    (1201, 'SS0106', 'SQ054', NULL, NULL, 'Dưới với cho đi tại sau tự rất vậy đi.', '2026-06-12 15:45:00'),
    (1202, 'SS0106', 'SQ022', NULL, 'B', NULL, '2026-06-12 15:45:00'),
    (1203, 'SS0106', 'SQ041', NULL, 'D', NULL, '2026-06-12 15:45:00'),
    (1204, 'SS0106', 'SQ032', NULL, NULL, 'Giống người để nơi mỗi sẽ số.', '2026-06-12 15:45:00'),
    (1205, 'SS0106', 'SQ004', NULL, NULL, 'Từ hơn nào với tại của từng của điều này mỗi có của.', '2026-06-12 15:45:00'),
    (1206, 'SS0107', 'SQ058', NULL, NULL, 'Với dưới khi cái từ mà theo.', '2026-06-12 15:45:00'),
    (1207, 'SS0107', 'SQ052', NULL, 'A', NULL, '2026-06-12 15:45:00'),
    (1208, 'SS0107', 'SQ032', NULL, NULL, 'Số vài lớn và trong như cũng về của cách trong khi vì.', '2026-06-12 15:45:00'),
    (1209, 'SS0107', 'SQ007', NULL, 'C', NULL, '2026-06-12 15:45:00'),
    (1210, 'SS0107', 'SQ009', NULL, 'B', NULL, '2026-06-12 15:45:00'),
    (1211, 'SS0107', 'SQ019', NULL, 'B', NULL, '2026-06-12 15:45:00'),
    (1212, 'SS0107', 'SQ051', 4, NULL, NULL, '2026-06-12 15:45:00'),
    (1213, 'SS0107', 'SQ025', NULL, 'D', NULL, '2026-06-12 15:45:00'),
    (1214, 'SS0107', 'SQ059', 2, NULL, NULL, '2026-06-12 15:45:00'),
    (1215, 'SS0108', 'SQ025', NULL, 'A', NULL, '2026-06-12 15:45:00'),
    (1216, 'SS0108', 'SQ032', NULL, NULL, 'Này nhưng này có tự cách trong không từ chưa sau cái.', '2026-06-12 15:45:00'),
    (1217, 'SS0108', 'SQ040', NULL, 'C', NULL, '2026-06-12 15:45:00'),
    (1218, 'SS0108', 'SQ035', NULL, 'C', NULL, '2026-06-12 15:45:00'),
    (1219, 'SS0108', 'SQ005', NULL, 'D', NULL, '2026-06-12 15:45:00'),
    (1220, 'SS0108', 'SQ009', NULL, 'D', NULL, '2026-06-12 15:45:00'),
    (1221, 'SS0108', 'SQ052', NULL, 'A', NULL, '2026-06-12 15:45:00'),
    (1222, 'SS0108', 'SQ037', NULL, NULL, 'Từng này chỉ tôi như rất có trong người như từ tôi tại nhưng.', '2026-06-12 15:45:00'),
    (1223, 'SS0108', 'SQ055', NULL, NULL, 'Để mỗi sẽ lớn cái giữa gần.', '2026-06-12 15:45:00'),
    (1224, 'SS0108', 'SQ051', 3, NULL, NULL, '2026-06-12 15:45:00'),
    (1225, 'SS0108', 'SQ059', 1, NULL, NULL, '2026-06-12 15:45:00'),
    (1226, 'SS0108', 'SQ029', NULL, 'A', NULL, '2026-06-12 15:45:00'),
    (1227, 'SS0108', 'SQ020', NULL, NULL, 'Từ gần hơn như thì cũng của như như hơn các dưới để chỉ giữa.', '2026-06-12 15:45:00'),
    (1228, 'SS0109', 'SQ006', 5, NULL, NULL, '2026-06-12 15:45:00'),
    (1229, 'SS0109', 'SQ044', NULL, 'D', NULL, '2026-06-12 15:45:00'),
    (1230, 'SS0109', 'SQ001', 5, NULL, NULL, '2026-06-12 15:45:00'),
    (1231, 'SS0109', 'SQ015', NULL, 'C', NULL, '2026-06-12 15:45:00'),
    (1232, 'SS0109', 'SQ011', NULL, 'B', NULL, '2026-06-12 15:45:00'),
    (1233, 'SS0109', 'SQ002', NULL, 'C', NULL, '2026-06-12 15:45:00'),
    (1234, 'SS0109', 'SQ023', NULL, 'B', NULL, '2026-06-12 15:45:00'),
    (1235, 'SS0109', 'SQ057', NULL, 'C', NULL, '2026-06-12 15:45:00'),
    (1236, 'SS0109', 'SQ025', NULL, 'A', NULL, '2026-06-12 15:45:00'),
    (1237, 'SS0109', 'SQ013', NULL, 'A', NULL, '2026-06-12 15:45:00'),
    (1238, 'SS0109', 'SQ060', NULL, 'B', NULL, '2026-06-12 15:45:00'),
    (1239, 'SS0110', 'SQ039', NULL, 'C', NULL, '2026-06-12 15:45:00'),
    (1240, 'SS0110', 'SQ046', 5, NULL, NULL, '2026-06-12 15:45:00'),
    (1241, 'SS0110', 'SQ009', NULL, 'A', NULL, '2026-06-12 15:45:00'),
    (1242, 'SS0110', 'SQ020', NULL, NULL, 'Nếu rất được từ số chỉ như khiến như.', '2026-06-12 15:45:00'),
    (1243, 'SS0110', 'SQ052', NULL, 'A', NULL, '2026-06-12 15:45:00'),
    (1244, 'SS0110', 'SQ042', 5, NULL, NULL, '2026-06-12 15:45:00'),
    (1245, 'SS0110', 'SQ002', NULL, 'A', NULL, '2026-06-12 15:45:00'),
    (1246, 'SS0110', 'SQ004', NULL, NULL, 'Rất dưới của tôi cũng nếu cho có khi.', '2026-06-12 15:45:00'),
    (1247, 'SS0110', 'SQ031', NULL, NULL, 'Có các khi cũng tự không có như lớn là nào như với dưới lớn số.', '2026-06-12 15:45:00'),
    (1248, 'SS0111', 'SQ024', NULL, 'D', NULL, '2026-06-12 15:45:00'),
    (1249, 'SS0111', 'SQ049', 2, NULL, NULL, '2026-06-12 15:45:00'),
    (1250, 'SS0111', 'SQ050', 5, NULL, NULL, '2026-06-12 15:45:00'),
    (1251, 'SS0111', 'SQ021', NULL, 'B', NULL, '2026-06-12 15:45:00'),
    (1252, 'SS0111', 'SQ004', NULL, NULL, 'Tôi hơn gần nhiều thế có và bạn được như.', '2026-06-12 15:45:00'),
    (1253, 'SS0111', 'SQ044', NULL, 'A', NULL, '2026-06-12 15:45:00'),
    (1254, 'SS0111', 'SQ010', NULL, NULL, 'Để một nếu và nhưng như nhiều cách hơn đang của như thay giống trong.', '2026-06-12 15:45:00'),
    (1255, 'SS0111', 'SQ013', NULL, 'C', NULL, '2026-06-12 15:45:00'),
    (1256, 'SS0111', 'SQ037', NULL, NULL, 'Dưới cũng có được cái theo như được người với tôi mà đi từ với.', '2026-06-12 15:45:00'),
    (1257, 'SS0111', 'SQ052', NULL, 'B', NULL, '2026-06-12 15:45:00'),
    (1258, 'SS0112', 'SQ002', NULL, 'D', NULL, '2026-06-12 15:45:00'),
    (1259, 'SS0112', 'SQ009', NULL, 'C', NULL, '2026-06-12 15:45:00'),
    (1260, 'SS0112', 'SQ029', NULL, 'A', NULL, '2026-06-12 15:45:00'),
    (1261, 'SS0112', 'SQ035', NULL, 'A', NULL, '2026-06-12 15:45:00'),
    (1262, 'SS0112', 'SQ006', 4, NULL, NULL, '2026-06-12 15:45:00'),
    (1263, 'SS0112', 'SQ049', 2, NULL, NULL, '2026-06-12 15:45:00'),
    (1264, 'SS0112', 'SQ022', NULL, 'D', NULL, '2026-06-12 15:45:00'),
    (1265, 'SS0112', 'SQ044', NULL, 'D', NULL, '2026-06-12 15:45:00'),
    (1266, 'SS0112', 'SQ015', NULL, 'D', NULL, '2026-06-12 15:45:00'),
    (1267, 'SS0112', 'SQ020', NULL, NULL, 'Số cái gần hơn vẫn gần giống trong.', '2026-06-12 15:45:00'),
    (1268, 'SS0112', 'SQ027', NULL, NULL, 'Đó thì chỉ từng với nào điều mà.', '2026-06-12 15:45:00'),
    (1269, 'SS0112', 'SQ028', NULL, NULL, 'Theo các cái giống được tự từ.', '2026-06-12 15:45:00'),
    (1270, 'SS0113', 'SQ055', NULL, NULL, 'Hơn giống dưới với thay đến sẽ bên.', '2026-06-12 15:45:00'),
    (1271, 'SS0113', 'SQ040', NULL, 'A', NULL, '2026-06-12 15:45:00'),
    (1272, 'SS0113', 'SQ001', 1, NULL, NULL, '2026-06-12 15:45:00'),
    (1273, 'SS0113', 'SQ033', NULL, NULL, 'Cho bên về vậy vì chỉ các thế khiến vẫn người.', '2026-06-12 15:45:00'),
    (1274, 'SS0113', 'SQ045', NULL, 'C', NULL, '2026-06-12 15:45:00'),
    (1275, 'SS0113', 'SQ002', NULL, 'D', NULL, '2026-06-12 15:45:00'),
    (1276, 'SS0113', 'SQ044', NULL, 'D', NULL, '2026-06-12 15:45:00'),
    (1277, 'SS0113', 'SQ014', NULL, NULL, 'Của tại một hơn giữa và cái tự khiến.', '2026-06-12 15:45:00'),
    (1278, 'SS0113', 'SQ037', NULL, NULL, 'Hơn cũng rất dưới giống hơn của hơn các.', '2026-06-12 15:45:00'),
    (1279, 'SS0113', 'SQ018', 1, NULL, NULL, '2026-06-12 15:45:00'),
    (1280, 'SS0113', 'SQ006', 2, NULL, NULL, '2026-06-12 15:45:00'),
    (1281, 'SS0113', 'SQ054', NULL, NULL, 'Thay cũng và hơn nơi cũng như cách đúng để.', '2026-06-12 15:45:00'),
    (1282, 'SS0113', 'SQ025', NULL, 'D', NULL, '2026-06-12 15:45:00'),
    (1283, 'SS0114', 'SQ027', NULL, NULL, 'Lớn về vài thay chỉ rất giữa như một được điều hơn của.', '2026-06-12 15:45:00'),
    (1284, 'SS0114', 'SQ049', 1, NULL, NULL, '2026-06-12 15:45:00'),
    (1285, 'SS0114', 'SQ060', NULL, 'C', NULL, '2026-06-12 15:45:00'),
    (1286, 'SS0114', 'SQ006', 2, NULL, NULL, '2026-06-12 15:45:00'),
    (1287, 'SS0114', 'SQ058', NULL, NULL, 'Gần như tự một tự cho của.', '2026-06-12 15:45:00'),
    (1288, 'SS0114', 'SQ028', NULL, NULL, 'Của cũng đó khi khi và nếu thế đã.', '2026-06-12 15:45:00'),
    (1289, 'SS0114', 'SQ019', NULL, 'B', NULL, '2026-06-12 15:45:00'),
    (1290, 'SS0114', 'SQ008', NULL, 'D', NULL, '2026-06-12 15:45:00'),
    (1291, 'SS0114', 'SQ002', NULL, 'D', NULL, '2026-06-12 15:45:00'),
    (1292, 'SS0114', 'SQ029', NULL, 'A', NULL, '2026-06-12 15:45:00'),
    (1293, 'SS0114', 'SQ033', NULL, NULL, 'Và vậy có như tôi và bạn bên cũng.', '2026-06-12 15:45:00'),
    (1294, 'SS0114', 'SQ056', NULL, 'A', NULL, '2026-06-12 15:45:00'),
    (1295, 'SS0114', 'SQ043', NULL, 'B', NULL, '2026-06-12 15:45:00'),
    (1296, 'SS0114', 'SQ022', NULL, 'C', NULL, '2026-06-12 15:45:00'),
    (1297, 'SS0114', 'SQ020', NULL, NULL, 'Hơn có sau như có hơn bạn về từ khiến tại.', '2026-06-12 15:45:00'),
    (1298, 'SS0115', 'SQ034', NULL, 'D', NULL, '2026-06-12 15:45:00'),
    (1299, 'SS0115', 'SQ013', NULL, 'D', NULL, '2026-06-12 15:45:00'),
    (1300, 'SS0115', 'SQ002', NULL, 'C', NULL, '2026-06-12 15:45:00'),
    (1301, 'SS0115', 'SQ050', 1, NULL, NULL, '2026-06-12 15:45:00'),
    (1302, 'SS0115', 'SQ041', NULL, 'D', NULL, '2026-06-12 15:45:00'),
    (1303, 'SS0115', 'SQ010', NULL, NULL, 'Sau cũng không trong sau từ để nào đúng đến cũng giữa để cái.', '2026-06-12 15:45:00'),
    (1304, 'SS0115', 'SQ036', NULL, NULL, 'Trong cho bạn của đi về số đã thì như vậy có thay.', '2026-06-12 15:45:00'),
    (1305, 'SS0115', 'SQ057', NULL, 'D', NULL, '2026-06-12 15:45:00'),
    (1306, 'SS0115', 'SQ044', NULL, 'C', NULL, '2026-06-12 15:45:00'),
    (1307, 'SS0115', 'SQ049', 4, NULL, NULL, '2026-06-12 15:45:00'),
    (1308, 'SS0115', 'SQ017', NULL, 'D', NULL, '2026-06-12 15:45:00'),
    (1309, 'SS0115', 'SQ015', NULL, 'C', NULL, '2026-06-12 15:45:00'),
    (1310, 'SS0115', 'SQ011', NULL, 'B', NULL, '2026-06-12 15:45:00'),
    (1311, 'SS0115', 'SQ014', NULL, NULL, 'Như để cũng từ về đúng vì như rất như.', '2026-06-12 15:45:00'),
    (1312, 'SS0115', 'SQ022', NULL, 'C', NULL, '2026-06-12 15:45:00'),
    (1313, 'SS0116', 'SQ010', NULL, NULL, 'Các khi rất như sẽ mà thay.', '2026-06-12 15:45:00'),
    (1314, 'SS0116', 'SQ027', NULL, NULL, 'Nếu khi của không dưới sau tự cách về nhiều dưới sau.', '2026-06-12 15:45:00'),
    (1315, 'SS0116', 'SQ024', NULL, 'D', NULL, '2026-06-12 15:45:00'),
    (1316, 'SS0116', 'SQ004', NULL, NULL, 'Đi số giống đang khiến vài số làm đang này.', '2026-06-12 15:45:00'),
    (1317, 'SS0116', 'SQ060', NULL, 'C', NULL, '2026-06-12 15:45:00'),
    (1318, 'SS0116', 'SQ033', NULL, NULL, 'Khi bên chưa nhưng có lớn có của vài chưa dưới vậy.', '2026-06-12 15:45:00'),
    (1319, 'SS0116', 'SQ022', NULL, 'D', NULL, '2026-06-12 15:45:00'),
    (1320, 'SS0116', 'SQ018', 3, NULL, NULL, '2026-06-12 15:45:00'),
    (1321, 'SS0117', 'SQ001', 4, NULL, NULL, '2026-06-12 15:45:00'),
    (1322, 'SS0117', 'SQ020', NULL, NULL, 'Giữa và mỗi trong đang thế số điều trong hoặc hơn nhưng không cách.', '2026-06-12 15:45:00'),
    (1323, 'SS0117', 'SQ030', 3, NULL, NULL, '2026-06-12 15:45:00'),
    (1324, 'SS0117', 'SQ034', NULL, 'C', NULL, '2026-06-12 15:45:00'),
    (1325, 'SS0117', 'SQ004', NULL, NULL, 'Sau làm không nếu trong vài giữa.', '2026-06-12 15:45:00'),
    (1326, 'SS0117', 'SQ048', NULL, NULL, 'Gần cho là nào nơi hơn dưới.', '2026-06-12 15:45:00'),
    (1327, 'SS0117', 'SQ023', NULL, 'A', NULL, '2026-06-12 15:45:00'),
    (1328, 'SS0117', 'SQ054', NULL, NULL, 'Là vậy tại và đến về hơn khiến tại cũng một trong.', '2026-06-12 15:45:00'),
    (1329, 'SS0117', 'SQ019', NULL, 'B', NULL, '2026-06-12 15:45:00'),
    (1330, 'SS0118', 'SQ011', NULL, 'B', NULL, '2026-06-12 15:45:00'),
    (1331, 'SS0118', 'SQ036', NULL, NULL, 'Được như các đến khiến để đó nhưng làm nhưng làm giữa với.', '2026-06-12 15:45:00'),
    (1332, 'SS0118', 'SQ038', NULL, 'C', NULL, '2026-06-12 15:45:00'),
    (1333, 'SS0118', 'SQ028', NULL, NULL, 'Thì điều mà nếu có dưới vậy bạn gần trong cho đã dưới cũng đó và.', '2026-06-12 15:45:00'),
    (1334, 'SS0118', 'SQ040', NULL, 'C', NULL, '2026-06-12 15:45:00'),
    (1335, 'SS0118', 'SQ020', NULL, NULL, 'Rất của của cũng vậy tại để đó để.', '2026-06-12 15:45:00'),
    (1336, 'SS0118', 'SQ035', NULL, 'B', NULL, '2026-06-12 15:45:00'),
    (1337, 'SS0118', 'SQ058', NULL, NULL, 'Có các như khiến nếu điều bên trong tại như nhưng này giữa.', '2026-06-12 15:45:00'),
    (1338, 'SS0118', 'SQ060', NULL, 'A', NULL, '2026-06-12 15:45:00'),
    (1339, 'SS0118', 'SQ027', NULL, NULL, 'Không để trong chỉ từng khiến thay như không tại điều vẫn chỉ có từng.', '2026-06-12 15:45:00'),
    (1340, 'SS0118', 'SQ045', NULL, 'C', NULL, '2026-06-12 15:45:00'),
    (1341, 'SS0118', 'SQ057', NULL, 'C', NULL, '2026-06-12 15:45:00'),
    (1342, 'SS0119', 'SQ048', NULL, NULL, 'Lớn chỉ đã để giữa như như cũng.', '2026-06-12 15:45:00'),
    (1343, 'SS0119', 'SQ060', NULL, 'C', NULL, '2026-06-12 15:45:00'),
    (1344, 'SS0119', 'SQ016', NULL, 'C', NULL, '2026-06-12 15:45:00'),
    (1345, 'SS0119', 'SQ023', NULL, 'D', NULL, '2026-06-12 15:45:00'),
    (1346, 'SS0119', 'SQ007', NULL, 'B', NULL, '2026-06-12 15:45:00'),
    (1347, 'SS0119', 'SQ055', NULL, NULL, 'Cũng vài có trong và để sau vài.', '2026-06-12 15:45:00'),
    (1348, 'SS0119', 'SQ011', NULL, 'D', NULL, '2026-06-12 15:45:00'),
    (1349, 'SS0119', 'SQ003', NULL, NULL, 'Và làm vài về từng tôi tự thế như.', '2026-06-12 15:45:00'),
    (1350, 'SS0119', 'SQ020', NULL, NULL, 'Tôi mà mỗi và các vẫn sau từ cho của khi lớn rất.', '2026-06-12 15:45:00'),
    (1351, 'SS0119', 'SQ049', 5, NULL, NULL, '2026-06-12 15:45:00'),
    (1352, 'SS0119', 'SQ022', NULL, 'D', NULL, '2026-06-12 15:45:00'),
    (1353, 'SS0119', 'SQ042', 4, NULL, NULL, '2026-06-12 15:45:00'),
    (1354, 'SS0120', 'SQ024', NULL, 'A', NULL, '2026-06-12 15:45:00'),
    (1355, 'SS0120', 'SQ005', NULL, 'D', NULL, '2026-06-12 15:45:00'),
    (1356, 'SS0120', 'SQ029', NULL, 'D', NULL, '2026-06-12 15:45:00'),
    (1357, 'SS0120', 'SQ019', NULL, 'C', NULL, '2026-06-12 15:45:00'),
    (1358, 'SS0120', 'SQ026', NULL, 'B', NULL, '2026-06-12 15:45:00'),
    (1359, 'SS0120', 'SQ046', 5, NULL, NULL, '2026-06-12 15:45:00'),
    (1360, 'SS0120', 'SQ032', NULL, NULL, 'Chỉ có trong sau nhưng vì có thế từ mỗi để giữa mà mà.', '2026-06-12 15:45:00'),
    (1361, 'SS0120', 'SQ054', NULL, NULL, 'Vì đã giữa với mà thay của.', '2026-06-12 15:45:00');

SET session_replication_role = 'origin';
ANALYZE;
