-- ============================================
-- SEED DATA FOR PM2 POSTGRESQL DATABASE
-- Includes Training Module + Khao Thi Module
-- Generated by generate_seed.py using Faker vi_VN
-- Generated at: 2026-06-15 14:54:26.811726
-- ============================================

SET session_replication_role = 'replica';

-- ============================================
-- DIMENSION TABLES
-- ============================================

INSERT INTO nam_hoc (id, ma, ten, ngay_bat_dau, ngay_ket_thuc, active) VALUES
    ('NH001', 'NH2021-2022', 'Năm học 2021-2022', '2021-09-01', '2022-08-31', TRUE),
    ('NH002', 'NH2022-2023', 'Năm học 2022-2023', '2022-09-01', '2023-08-31', TRUE),
    ('NH003', 'NH2023-2024', 'Năm học 2023-2024', '2023-09-01', '2024-08-31', TRUE),
    ('NH004', 'NH2024-2025', 'Năm học 2024-2025', '2024-09-01', '2025-08-31', TRUE),
    ('NH005', 'NH2025-2026', 'Năm học 2025-2026', '2025-09-01', '2026-08-31', TRUE);

INSERT INTO hoc_ky (id, ma, ten, loai_hoc_ky, nam_hoc_id, ten_nam_hoc, ngay_bat_dau, ngay_ket_thuc, active) VALUES
    ('HK001', 'HK12021-2022', 'Học kỳ 1 Năm học 2021-2022', 'HK1', 'NH001', 'Năm học 2021-2022', '2021-09-01', '2022-01-15', TRUE),
    ('HK002', 'HK22021-2022', 'Học kỳ 2 Năm học 2021-2022', 'HK2', 'NH001', 'Năm học 2021-2022', '2022-02-01', '2022-06-30', TRUE),
    ('HK003', 'HK32021-2022', 'Học kỳ hè Năm học 2021-2022', 'HK3', 'NH001', 'Năm học 2021-2022', '2022-07-01', '2022-08-31', TRUE),
    ('HK004', 'HK12022-2023', 'Học kỳ 1 Năm học 2022-2023', 'HK1', 'NH002', 'Năm học 2022-2023', '2022-09-01', '2023-01-15', TRUE),
    ('HK005', 'HK22022-2023', 'Học kỳ 2 Năm học 2022-2023', 'HK2', 'NH002', 'Năm học 2022-2023', '2023-02-01', '2023-06-30', TRUE),
    ('HK006', 'HK32022-2023', 'Học kỳ hè Năm học 2022-2023', 'HK3', 'NH002', 'Năm học 2022-2023', '2023-07-01', '2023-08-31', TRUE),
    ('HK007', 'HK12023-2024', 'Học kỳ 1 Năm học 2023-2024', 'HK1', 'NH003', 'Năm học 2023-2024', '2023-09-01', '2024-01-15', TRUE),
    ('HK008', 'HK22023-2024', 'Học kỳ 2 Năm học 2023-2024', 'HK2', 'NH003', 'Năm học 2023-2024', '2024-02-01', '2024-06-30', TRUE),
    ('HK009', 'HK32023-2024', 'Học kỳ hè Năm học 2023-2024', 'HK3', 'NH003', 'Năm học 2023-2024', '2024-07-01', '2024-08-31', TRUE),
    ('HK010', 'HK12024-2025', 'Học kỳ 1 Năm học 2024-2025', 'HK1', 'NH004', 'Năm học 2024-2025', '2024-09-01', '2025-01-15', TRUE),
    ('HK011', 'HK22024-2025', 'Học kỳ 2 Năm học 2024-2025', 'HK2', 'NH004', 'Năm học 2024-2025', '2025-02-01', '2025-06-30', TRUE),
    ('HK012', 'HK32024-2025', 'Học kỳ hè Năm học 2024-2025', 'HK3', 'NH004', 'Năm học 2024-2025', '2025-07-01', '2025-08-31', TRUE),
    ('HK013', 'HK12025-2026', 'Học kỳ 1 Năm học 2025-2026', 'HK1', 'NH005', 'Năm học 2025-2026', '2025-09-01', '2026-01-15', TRUE),
    ('HK014', 'HK22025-2026', 'Học kỳ 2 Năm học 2025-2026', 'HK2', 'NH005', 'Năm học 2025-2026', '2026-02-01', '2026-06-30', TRUE),
    ('HK015', 'HK32025-2026', 'Học kỳ hè Năm học 2025-2026', 'HK3', 'NH005', 'Năm học 2025-2026', '2026-07-01', '2026-08-31', TRUE);

INSERT INTO don_vi (id, ma, ten, ten_viet_tat, cap_don_vi, parent_id, active) VALUES
    ('DV001', 'CNTT', 'Khoa Công nghệ thông tin', 'CNTT', 1, NULL, TRUE),
    ('DV002', 'DTVT', 'Khoa Điện tử viễn thông', 'DTVT', 1, NULL, TRUE),
    ('DV003', 'CK', 'Khoa Cơ khí', 'CK', 1, NULL, TRUE),
    ('DV004', 'KT', 'Khoa Kinh tế', 'KT', 1, NULL, TRUE),
    ('DV005', 'NN', 'Khoa Ngoại ngữ', 'NN', 1, NULL, TRUE),
    ('DV006', 'QS', 'Khoa Quân sự', 'QS', 1, NULL, TRUE),
    ('DV007', 'P2', 'Phòng Đào tạo', 'P2', 1, NULL, TRUE),
    ('DV008', 'P7', 'Phòng Sau đại học', 'P7', 1, NULL, TRUE),
    ('DV009', 'BKT', 'Ban Khảo thí', 'BKT', 1, NULL, TRUE),
    ('DV010', 'KHCN', 'Phòng Khoa học Công nghệ', 'KHCN', 1, NULL, TRUE),
    ('DV011', 'TV', 'Trung tâm Thư viện', 'TV', 1, NULL, TRUE),
    ('DV012', 'CNTT-BM1', 'Bộ môn Tin học cơ bản', 'CNTT-BM1', 2, 'DV001', TRUE),
    ('DV013', 'CNTT-BM2', 'Bộ môn Công nghệ phần mềm', 'CNTT-BM2', 2, 'DV001', TRUE),
    ('DV014', 'DTVT-BM1', 'Bộ môn Viễn thông', 'DTVT-BM1', 2, 'DV002', TRUE),
    ('DV015', 'KT-BM1', 'Bộ môn Kế toán', 'KT-BM1', 2, 'DV004', TRUE);

SET session_replication_role = 'origin';
ANALYZE;
