-- ============================================
-- SEED DATA FOR PM2 POSTGRESQL DATABASE
-- Includes Training Module + Khao Thi Module
-- Generated by generate_seed.py using Faker vi_VN
-- Generated at: 2026-06-15 12:06:58.199590
-- ============================================

SET session_replication_role = 'replica';

-- ============================================
-- IAM SEED
-- ============================================

INSERT INTO users (user_id, username, email, password_hash, fullname, department, max_security_level, status) VALUES
    ('USR001', 'admin', 'admin@pm2.local', '3eb3fe66b31e3b4d10fa70b5cad49c7112294af6ae4e476a1c405155d45aa121', 'PM2 Administrator', 'Phòng CNTT', 4, 'active'),
    ('USR002', 'auditor', 'auditor@pm2.local', '841708e17ce8892b3c4d5d7ee032350cedf48569d93fe81e9806655aae0434f5', 'Kiểm toán viên', 'Phòng Pháp chế', 3, 'active'),
    ('USR003', 'giangvien', 'giangvien@pm2.local', '202dd3a65ba14582551e6660d122172f09b0afaab70f5ad3b3b73d5a23f5ab1d', 'Giảng viên mẫu', 'Khoa CNTT', 2, 'active'),
    ('USR004', 'sinhvien', 'sinhvien@pm2.local', 'cb2433073edb25ca77f0445dcdbd7e7c568196eef1cd54da7228ddd227240e2e', 'Sinh viên mẫu', 'Khoa CNTT', 1, 'active');

INSERT INTO permissions (id, code, resource, action, description) VALUES
    ('PM001', 'users:read', 'users', 'read', 'Read user accounts'),
    ('PM002', 'users:write', 'users', 'write', 'Create and update user accounts'),
    ('PM003', 'roles:read', 'roles', 'read', 'Read roles'),
    ('PM004', 'roles:write', 'roles', 'write', 'Create and update roles'),
    ('PM005', 'audit:read', 'audit_log', 'read', 'View audit logs'),
    ('PM006', 'documents:read', 'documents', 'read', 'Read document metadata'),
    ('PM007', 'documents:write', 'documents', 'write', 'Update document metadata');

INSERT INTO roles (id, name, code, description) VALUES
    ('RL001', 'Administrator', 'admin', 'Hệ thống quản trị viên'),
    ('RL002', 'Auditor', 'auditor', 'Người kiểm toán'),
    ('RL003', 'Instructor', 'instructor', 'Giảng viên'),
    ('RL004', 'Student', 'student', 'Sinh viên');

INSERT INTO role_permissions (role_id, permission_id) VALUES
    ('RL001', 'PM001'),
    ('RL001', 'PM002'),
    ('RL001', 'PM003'),
    ('RL001', 'PM004'),
    ('RL001', 'PM005'),
    ('RL001', 'PM006'),
    ('RL001', 'PM007'),
    ('RL002', 'PM001'),
    ('RL002', 'PM003'),
    ('RL002', 'PM005'),
    ('RL003', 'PM001'),
    ('RL003', 'PM006'),
    ('RL003', 'PM007'),
    ('RL004', 'PM001');

INSERT INTO user_roles (user_id, role_id) VALUES
    ('USR001', 'RL001'),
    ('USR002', 'RL002'),
    ('USR003', 'RL003'),
    ('USR004', 'RL004');

INSERT INTO user_permissions (user_id, permission_id) VALUES
    ('USR001', 'PM001'),
    ('USR001', 'PM002'),
    ('USR001', 'PM003');

SET session_replication_role = 'origin';
ANALYZE;
