-- ============================================
-- SEED DATA FOR PM2 POSTGRESQL DATABASE
-- Includes Training Module + Khao Thi Module
-- Generated by generate_seed.py using Faker vi_VN
-- Generated at: 2026-06-25 17:02:27.912359
-- ============================================

SET session_replication_role = 'replica';

-- ============================================
-- IAM SEED
-- ============================================

INSERT INTO users (user_id, username, email, password_hash, hash_algorithm, fullname, department, max_security_level, status) VALUES
    ('USR001', 'admin', 'admin@pm2.edu.vn', '$argon2id$v=19$m=65536,t=3,p=4$T1WAo5cnnx+WcEejriBOjQ$kTWKmBJZ0yzSM99kz8eLNgdTp82xD3hgwcnZxop+l1U', 'argon2id', 'Quản trị viên', 'Phòng CNTT', 4, 'active'),
    ('USR002', 'BGD', 'pgd@pm2.edu.vn', '$argon2id$v=19$m=65536,t=3,p=4$T1WAo5cnnx+WcEejriBOjQ$kTWKmBJZ0yzSM99kz8eLNgdTp82xD3hgwcnZxop+l1U', 'argon2id', 'Ban Giám đốc 01', 'BGD', 4, 'active'),
    ('USR003', 'p2_01', 'p2_01@pm2.edu.vn', '$argon2id$v=19$m=65536,t=3,p=4$T1WAo5cnnx+WcEejriBOjQ$kTWKmBJZ0yzSM99kz8eLNgdTp82xD3hgwcnZxop+l1U', 'argon2id', 'Phòng Đào tạo', 'P2', 3, 'active'),
    ('USR004', 'khaothi_01', 'khaothi_01@pm2.edu.vn', '$argon2id$v=19$m=65536,t=3,p=4$T1WAo5cnnx+WcEejriBOjQ$kTWKmBJZ0yzSM99kz8eLNgdTp82xD3hgwcnZxop+l1U', 'argon2id', 'Ban Khảo thí 01', 'BKT', 3, 'active'),
    ('USR005', '676156', 'lekimdung@pm2.edu.vn', '$argon2id$v=19$m=65536,t=3,p=4$T1WAo5cnnx+WcEejriBOjQ$kTWKmBJZ0yzSM99kz8eLNgdTp82xD3hgwcnZxop+l1U', 'argon2id', 'Lê Kim Dũng', 'KT', 1, 'active'),
    ('USR006', '634405', 'hoangvanphuc@pm2.edu.vn', '$argon2id$v=19$m=65536,t=3,p=4$T1WAo5cnnx+WcEejriBOjQ$kTWKmBJZ0yzSM99kz8eLNgdTp82xD3hgwcnZxop+l1U', 'argon2id', 'Hoàng Văn Phúc', 'KTPM', 1, 'inactive'),
    ('USR007', '657855', 'buihuuviet@pm2.edu.vn', '$argon2id$v=19$m=65536,t=3,p=4$T1WAo5cnnx+WcEejriBOjQ$kTWKmBJZ0yzSM99kz8eLNgdTp82xD3hgwcnZxop+l1U', 'argon2id', 'Bùi Hữu Việt', 'HTTT', 1, 'inactive'),
    ('USR008', '652953', 'leducphuc@pm2.edu.vn', '$argon2id$v=19$m=65536,t=3,p=4$T1WAo5cnnx+WcEejriBOjQ$kTWKmBJZ0yzSM99kz8eLNgdTp82xD3hgwcnZxop+l1U', 'argon2id', 'Lê Đức Phúc', 'ĐTVT', 1, 'active'),
    ('USR009', '678070', 'nguyenhaihuong@pm2.edu.vn', '$argon2id$v=19$m=65536,t=3,p=4$T1WAo5cnnx+WcEejriBOjQ$kTWKmBJZ0yzSM99kz8eLNgdTp82xD3hgwcnZxop+l1U', 'argon2id', 'Nguyễn Hải Hương', 'ĐTVT', 1, 'inactive'),
    ('USR010', '652106', 'dothanhyen@pm2.edu.vn', '$argon2id$v=19$m=65536,t=3,p=4$T1WAo5cnnx+WcEejriBOjQ$kTWKmBJZ0yzSM99kz8eLNgdTp82xD3hgwcnZxop+l1U', 'argon2id', 'Đỗ Thanh Yến', 'ATTT', 1, 'active'),
    ('USR011', '651610', 'levannguyet@pm2.edu.vn', '$argon2id$v=19$m=65536,t=3,p=4$T1WAo5cnnx+WcEejriBOjQ$kTWKmBJZ0yzSM99kz8eLNgdTp82xD3hgwcnZxop+l1U', 'argon2id', 'Lê Văn Nguyệt', 'HTTT', 1, 'active'),
    ('USR012', '645479', 'tranthanhson@pm2.edu.vn', '$argon2id$v=19$m=65536,t=3,p=4$T1WAo5cnnx+WcEejriBOjQ$kTWKmBJZ0yzSM99kz8eLNgdTp82xD3hgwcnZxop+l1U', 'argon2id', 'Trần Thanh Sơn', 'KT', 1, 'inactive'),
    ('USR013', '643611', 'vuphuonghoa@pm2.edu.vn', '$argon2id$v=19$m=65536,t=3,p=4$T1WAo5cnnx+WcEejriBOjQ$kTWKmBJZ0yzSM99kz8eLNgdTp82xD3hgwcnZxop+l1U', 'argon2id', 'Vũ Phương Hoa', 'KHMT', 1, 'active'),
    ('USR014', '645051', 'nguyenphuongdung@pm2.edu.vn', '$argon2id$v=19$m=65536,t=3,p=4$T1WAo5cnnx+WcEejriBOjQ$kTWKmBJZ0yzSM99kz8eLNgdTp82xD3hgwcnZxop+l1U', 'argon2id', 'Nguyễn Phương Dũng', 'ĐTVT', 1, 'inactive'),
    ('USR015', '674738', 'lyminhlinh@pm2.edu.vn', '$argon2id$v=19$m=65536,t=3,p=4$T1WAo5cnnx+WcEejriBOjQ$kTWKmBJZ0yzSM99kz8eLNgdTp82xD3hgwcnZxop+l1U', 'argon2id', 'Lý Minh Linh', 'TTĐPT', 1, 'active'),
    ('USR016', '648673', 'lyhaiphuong@pm2.edu.vn', '$argon2id$v=19$m=65536,t=3,p=4$T1WAo5cnnx+WcEejriBOjQ$kTWKmBJZ0yzSM99kz8eLNgdTp82xD3hgwcnZxop+l1U', 'argon2id', 'Lý Hải Phương', 'ĐTVT', 1, 'active'),
    ('USR017', '642525', 'nguyenminhquan@pm2.edu.vn', '$argon2id$v=19$m=65536,t=3,p=4$T1WAo5cnnx+WcEejriBOjQ$kTWKmBJZ0yzSM99kz8eLNgdTp82xD3hgwcnZxop+l1U', 'argon2id', 'Nguyễn Minh Quân', 'HTTT', 1, 'active'),
    ('USR018', '658860', 'buikimlinh@pm2.edu.vn', '$argon2id$v=19$m=65536,t=3,p=4$T1WAo5cnnx+WcEejriBOjQ$kTWKmBJZ0yzSM99kz8eLNgdTp82xD3hgwcnZxop+l1U', 'argon2id', 'Bùi Kim Linh', 'KHMT', 1, 'inactive'),
    ('USR019', '631537', 'nguyenkimquan@pm2.edu.vn', '$argon2id$v=19$m=65536,t=3,p=4$T1WAo5cnnx+WcEejriBOjQ$kTWKmBJZ0yzSM99kz8eLNgdTp82xD3hgwcnZxop+l1U', 'argon2id', 'Nguyễn Kim Quân', 'ATTT', 1, 'active'),
    ('USR020', '642135', 'lyminhxuan@pm2.edu.vn', '$argon2id$v=19$m=65536,t=3,p=4$T1WAo5cnnx+WcEejriBOjQ$kTWKmBJZ0yzSM99kz8eLNgdTp82xD3hgwcnZxop+l1U', 'argon2id', 'Lý Minh Xuân', 'ĐTVT', 1, 'active'),
    ('USR021', '643692', 'trankimlinh@pm2.edu.vn', '$argon2id$v=19$m=65536,t=3,p=4$T1WAo5cnnx+WcEejriBOjQ$kTWKmBJZ0yzSM99kz8eLNgdTp82xD3hgwcnZxop+l1U', 'argon2id', 'Trần Kim Linh', 'ĐTVT', 1, 'inactive'),
    ('USR022', '639962', 'letuanquan@pm2.edu.vn', '$argon2id$v=19$m=65536,t=3,p=4$T1WAo5cnnx+WcEejriBOjQ$kTWKmBJZ0yzSM99kz8eLNgdTp82xD3hgwcnZxop+l1U', 'argon2id', 'Lê Tuấn Quân', 'ATTT', 1, 'active'),
    ('USR023', '653162', 'phamvanhanh@pm2.edu.vn', '$argon2id$v=19$m=65536,t=3,p=4$T1WAo5cnnx+WcEejriBOjQ$kTWKmBJZ0yzSM99kz8eLNgdTp82xD3hgwcnZxop+l1U', 'argon2id', 'Phạm Văn Hạnh', 'ĐTVT', 1, 'inactive'),
    ('USR024', '647942', 'duongphuonggiang@pm2.edu.vn', '$argon2id$v=19$m=65536,t=3,p=4$T1WAo5cnnx+WcEejriBOjQ$kTWKmBJZ0yzSM99kz8eLNgdTp82xD3hgwcnZxop+l1U', 'argon2id', 'Dương Phương Giang', 'ATTT', 1, 'inactive'),
    ('USR025', '655647', 'nguyenquangem@pm2.edu.vn', '$argon2id$v=19$m=65536,t=3,p=4$T1WAo5cnnx+WcEejriBOjQ$kTWKmBJZ0yzSM99kz8eLNgdTp82xD3hgwcnZxop+l1U', 'argon2id', 'Nguyễn Quang Em', 'TTĐPT', 1, 'inactive'),
    ('USR026', '675392', 'ngoquangphuong@pm2.edu.vn', '$argon2id$v=19$m=65536,t=3,p=4$T1WAo5cnnx+WcEejriBOjQ$kTWKmBJZ0yzSM99kz8eLNgdTp82xD3hgwcnZxop+l1U', 'argon2id', 'Ngô Quang Phương', 'KTCK', 1, 'active'),
    ('USR027', '678860', 'buiquangnguyet@pm2.edu.vn', '$argon2id$v=19$m=65536,t=3,p=4$T1WAo5cnnx+WcEejriBOjQ$kTWKmBJZ0yzSM99kz8eLNgdTp82xD3hgwcnZxop+l1U', 'argon2id', 'Bùi Quang Nguyệt', 'CNTT', 1, 'active'),
    ('USR028', '641915', 'phamphuongxuan@pm2.edu.vn', '$argon2id$v=19$m=65536,t=3,p=4$T1WAo5cnnx+WcEejriBOjQ$kTWKmBJZ0yzSM99kz8eLNgdTp82xD3hgwcnZxop+l1U', 'argon2id', 'Phạm Phương Xuân', 'TTĐPT', 1, 'inactive'),
    ('USR029', '669836', 'ngotuanyen@pm2.edu.vn', '$argon2id$v=19$m=65536,t=3,p=4$T1WAo5cnnx+WcEejriBOjQ$kTWKmBJZ0yzSM99kz8eLNgdTp82xD3hgwcnZxop+l1U', 'argon2id', 'Ngô Tuấn Yến', 'KHMT', 1, 'active'),
    ('USR030', '658439', 'vuhuubinh@pm2.edu.vn', '$argon2id$v=19$m=65536,t=3,p=4$T1WAo5cnnx+WcEejriBOjQ$kTWKmBJZ0yzSM99kz8eLNgdTp82xD3hgwcnZxop+l1U', 'argon2id', 'Vũ Hữu Bình', 'CNTT', 1, 'inactive'),
    ('USR031', '657798', 'lethiviet@pm2.edu.vn', '$argon2id$v=19$m=65536,t=3,p=4$T1WAo5cnnx+WcEejriBOjQ$kTWKmBJZ0yzSM99kz8eLNgdTp82xD3hgwcnZxop+l1U', 'argon2id', 'Lê Thị Việt', 'ĐTVT', 1, 'active'),
    ('USR032', '667779', 'tranthanhhanh@pm2.edu.vn', '$argon2id$v=19$m=65536,t=3,p=4$T1WAo5cnnx+WcEejriBOjQ$kTWKmBJZ0yzSM99kz8eLNgdTp82xD3hgwcnZxop+l1U', 'argon2id', 'Trần Thanh Hạnh', 'TTĐPT', 1, 'active'),
    ('USR033', '641724', 'lyquanggiang@pm2.edu.vn', '$argon2id$v=19$m=65536,t=3,p=4$T1WAo5cnnx+WcEejriBOjQ$kTWKmBJZ0yzSM99kz8eLNgdTp82xD3hgwcnZxop+l1U', 'argon2id', 'Lý Quang Giang', 'KTPM', 1, 'active'),
    ('USR034', '632151', 'buibaoxuan@pm2.edu.vn', '$argon2id$v=19$m=65536,t=3,p=4$T1WAo5cnnx+WcEejriBOjQ$kTWKmBJZ0yzSM99kz8eLNgdTp82xD3hgwcnZxop+l1U', 'argon2id', 'Bùi Bảo Xuân', 'HTTT', 1, 'active'),
    ('USR035', '679202', 'lyquanghanh@pm2.edu.vn', '$argon2id$v=19$m=65536,t=3,p=4$T1WAo5cnnx+WcEejriBOjQ$kTWKmBJZ0yzSM99kz8eLNgdTp82xD3hgwcnZxop+l1U', 'argon2id', 'Lý Quang Hạnh', 'KTCK', 1, 'active'),
    ('USR036', '675421', 'tranvanhuong@pm2.edu.vn', '$argon2id$v=19$m=65536,t=3,p=4$T1WAo5cnnx+WcEejriBOjQ$kTWKmBJZ0yzSM99kz8eLNgdTp82xD3hgwcnZxop+l1U', 'argon2id', 'Trần Văn Hương', 'ĐTVT', 1, 'active'),
    ('USR037', '643785', 'vuhuuhuong@pm2.edu.vn', '$argon2id$v=19$m=65536,t=3,p=4$T1WAo5cnnx+WcEejriBOjQ$kTWKmBJZ0yzSM99kz8eLNgdTp82xD3hgwcnZxop+l1U', 'argon2id', 'Vũ Hữu Hương', 'KT', 1, 'active'),
    ('USR038', '671591', 'hoanghaianh@pm2.edu.vn', '$argon2id$v=19$m=65536,t=3,p=4$T1WAo5cnnx+WcEejriBOjQ$kTWKmBJZ0yzSM99kz8eLNgdTp82xD3hgwcnZxop+l1U', 'argon2id', 'Hoàng Hải Anh', 'KT', 1, 'inactive'),
    ('USR039', '656508', 'lehaiphuong@pm2.edu.vn', '$argon2id$v=19$m=65536,t=3,p=4$T1WAo5cnnx+WcEejriBOjQ$kTWKmBJZ0yzSM99kz8eLNgdTp82xD3hgwcnZxop+l1U', 'argon2id', 'Lê Hải Phương', 'KT', 1, 'active'),
    ('USR040', '638647', 'lythitung@pm2.edu.vn', '$argon2id$v=19$m=65536,t=3,p=4$T1WAo5cnnx+WcEejriBOjQ$kTWKmBJZ0yzSM99kz8eLNgdTp82xD3hgwcnZxop+l1U', 'argon2id', 'Lý Thị Tùng', 'KTPM', 1, 'active'),
    ('USR041', '665362', 'duongduchuong@pm2.edu.vn', '$argon2id$v=19$m=65536,t=3,p=4$T1WAo5cnnx+WcEejriBOjQ$kTWKmBJZ0yzSM99kz8eLNgdTp82xD3hgwcnZxop+l1U', 'argon2id', 'Dương Đức Hương', 'ĐTVT', 1, 'inactive'),
    ('USR042', '645515', 'ngotuanem@pm2.edu.vn', '$argon2id$v=19$m=65536,t=3,p=4$T1WAo5cnnx+WcEejriBOjQ$kTWKmBJZ0yzSM99kz8eLNgdTp82xD3hgwcnZxop+l1U', 'argon2id', 'Ngô Tuấn Em', 'TTĐPT', 1, 'inactive'),
    ('USR043', '665288', 'phambaoson@pm2.edu.vn', '$argon2id$v=19$m=65536,t=3,p=4$T1WAo5cnnx+WcEejriBOjQ$kTWKmBJZ0yzSM99kz8eLNgdTp82xD3hgwcnZxop+l1U', 'argon2id', 'Phạm Bảo Sơn', 'ATTT', 1, 'inactive'),
    ('USR044', '633301', 'vuthiphuong@pm2.edu.vn', '$argon2id$v=19$m=65536,t=3,p=4$T1WAo5cnnx+WcEejriBOjQ$kTWKmBJZ0yzSM99kz8eLNgdTp82xD3hgwcnZxop+l1U', 'argon2id', 'Vũ Thị Phương', 'TTĐPT', 1, 'active'),
    ('USR045', '666283', 'trankimhanh@pm2.edu.vn', '$argon2id$v=19$m=65536,t=3,p=4$T1WAo5cnnx+WcEejriBOjQ$kTWKmBJZ0yzSM99kz8eLNgdTp82xD3hgwcnZxop+l1U', 'argon2id', 'Trần Kim Hạnh', 'KTCK', 1, 'active'),
    ('USR046', '649420', 'vukimxuan@pm2.edu.vn', '$argon2id$v=19$m=65536,t=3,p=4$T1WAo5cnnx+WcEejriBOjQ$kTWKmBJZ0yzSM99kz8eLNgdTp82xD3hgwcnZxop+l1U', 'argon2id', 'Vũ Kim Xuân', 'ATTT', 1, 'active'),
    ('USR047', '676656', 'hoangtuanphuc@pm2.edu.vn', '$argon2id$v=19$m=65536,t=3,p=4$T1WAo5cnnx+WcEejriBOjQ$kTWKmBJZ0yzSM99kz8eLNgdTp82xD3hgwcnZxop+l1U', 'argon2id', 'Hoàng Tuấn Phúc', 'HTTT', 1, 'inactive'),
    ('USR048', '674328', 'duongthitung@pm2.edu.vn', '$argon2id$v=19$m=65536,t=3,p=4$T1WAo5cnnx+WcEejriBOjQ$kTWKmBJZ0yzSM99kz8eLNgdTp82xD3hgwcnZxop+l1U', 'argon2id', 'Dương Thị Tùng', 'HTTT', 1, 'active'),
    ('USR049', '633511', 'buingocxuan@pm2.edu.vn', '$argon2id$v=19$m=65536,t=3,p=4$T1WAo5cnnx+WcEejriBOjQ$kTWKmBJZ0yzSM99kz8eLNgdTp82xD3hgwcnZxop+l1U', 'argon2id', 'Bùi Ngọc Xuân', 'ATTT', 1, 'active'),
    ('USR050', '633567', 'dobaoyen@pm2.edu.vn', '$argon2id$v=19$m=65536,t=3,p=4$T1WAo5cnnx+WcEejriBOjQ$kTWKmBJZ0yzSM99kz8eLNgdTp82xD3hgwcnZxop+l1U', 'argon2id', 'Đỗ Bảo Yến', 'TCNH', 1, 'inactive'),
    ('USR051', '658219', 'danghuuyen@pm2.edu.vn', '$argon2id$v=19$m=65536,t=3,p=4$T1WAo5cnnx+WcEejriBOjQ$kTWKmBJZ0yzSM99kz8eLNgdTp82xD3hgwcnZxop+l1U', 'argon2id', 'Đặng Hữu Yến', 'HTTT', 1, 'inactive'),
    ('USR052', '671744', 'dangquangchien@pm2.edu.vn', '$argon2id$v=19$m=65536,t=3,p=4$T1WAo5cnnx+WcEejriBOjQ$kTWKmBJZ0yzSM99kz8eLNgdTp82xD3hgwcnZxop+l1U', 'argon2id', 'Đặng Quang Chiến', 'CNTT', 1, 'active'),
    ('USR053', '638542', 'hohuugiang@pm2.edu.vn', '$argon2id$v=19$m=65536,t=3,p=4$T1WAo5cnnx+WcEejriBOjQ$kTWKmBJZ0yzSM99kz8eLNgdTp82xD3hgwcnZxop+l1U', 'argon2id', 'Hồ Hữu Giang', 'ATTT', 1, 'active'),
    ('USR054', '658318', 'phamvanminh@pm2.edu.vn', '$argon2id$v=19$m=65536,t=3,p=4$T1WAo5cnnx+WcEejriBOjQ$kTWKmBJZ0yzSM99kz8eLNgdTp82xD3hgwcnZxop+l1U', 'argon2id', 'Phạm Văn Minh', 'ĐTVT', 1, 'active'),
    ('USR055', 'GV5976', 'letuanhoa@pm2.edu.vn', '$argon2id$v=19$m=65536,t=3,p=4$T1WAo5cnnx+WcEejriBOjQ$kTWKmBJZ0yzSM99kz8eLNgdTp82xD3hgwcnZxop+l1U', 'argon2id', 'Lê Tuấn Hoa', 'Bộ môn Kế toán', 2, 'active'),
    ('USR056', 'GV6802', 'doducviet@pm2.edu.vn', '$argon2id$v=19$m=65536,t=3,p=4$T1WAo5cnnx+WcEejriBOjQ$kTWKmBJZ0yzSM99kz8eLNgdTp82xD3hgwcnZxop+l1U', 'argon2id', 'Đỗ Đức Việt', 'Bộ môn Viễn thông', 2, 'active'),
    ('USR057', 'GV9509', 'dotuannguyet@pm2.edu.vn', '$argon2id$v=19$m=65536,t=3,p=4$T1WAo5cnnx+WcEejriBOjQ$kTWKmBJZ0yzSM99kz8eLNgdTp82xD3hgwcnZxop+l1U', 'argon2id', 'Đỗ Tuấn Nguyệt', 'Bộ môn Viễn thông', 2, 'active'),
    ('USR058', 'GV9709', 'duongbaoem@pm2.edu.vn', '$argon2id$v=19$m=65536,t=3,p=4$T1WAo5cnnx+WcEejriBOjQ$kTWKmBJZ0yzSM99kz8eLNgdTp82xD3hgwcnZxop+l1U', 'argon2id', 'Dương Bảo Em', 'Bộ môn Kế toán', 2, 'active'),
    ('USR059', 'GV8633', 'lythanhson@pm2.edu.vn', '$argon2id$v=19$m=65536,t=3,p=4$T1WAo5cnnx+WcEejriBOjQ$kTWKmBJZ0yzSM99kz8eLNgdTp82xD3hgwcnZxop+l1U', 'argon2id', 'Lý Thanh Sơn', 'Bộ môn Tin học cơ bản', 2, 'active'),
    ('USR060', 'GV4295', 'dangthanhphuong@pm2.edu.vn', '$argon2id$v=19$m=65536,t=3,p=4$T1WAo5cnnx+WcEejriBOjQ$kTWKmBJZ0yzSM99kz8eLNgdTp82xD3hgwcnZxop+l1U', 'argon2id', 'Đặng Thanh Phương', 'Bộ môn Viễn thông', 2, 'active'),
    ('USR061', 'GV7667', 'vukimgiang@pm2.edu.vn', '$argon2id$v=19$m=65536,t=3,p=4$T1WAo5cnnx+WcEejriBOjQ$kTWKmBJZ0yzSM99kz8eLNgdTp82xD3hgwcnZxop+l1U', 'argon2id', 'Vũ Kim Giang', 'Bộ môn Kế toán', 2, 'active'),
    ('USR062', 'GV5241', 'duongducanh@pm2.edu.vn', '$argon2id$v=19$m=65536,t=3,p=4$T1WAo5cnnx+WcEejriBOjQ$kTWKmBJZ0yzSM99kz8eLNgdTp82xD3hgwcnZxop+l1U', 'argon2id', 'Dương Đức Anh', 'Bộ môn Tin học cơ bản', 2, 'active'),
    ('USR063', 'GV4778', 'vubaohanh@pm2.edu.vn', '$argon2id$v=19$m=65536,t=3,p=4$T1WAo5cnnx+WcEejriBOjQ$kTWKmBJZ0yzSM99kz8eLNgdTp82xD3hgwcnZxop+l1U', 'argon2id', 'Vũ Bảo Hạnh', 'Bộ môn Tin học cơ bản', 2, 'active'),
    ('USR064', 'GV9082', 'leducphuong@pm2.edu.vn', '$argon2id$v=19$m=65536,t=3,p=4$T1WAo5cnnx+WcEejriBOjQ$kTWKmBJZ0yzSM99kz8eLNgdTp82xD3hgwcnZxop+l1U', 'argon2id', 'Lê Đức Phương', 'Bộ môn Viễn thông', 2, 'active'),
    ('USR065', 'GV8617', 'hothanhnguyet@pm2.edu.vn', '$argon2id$v=19$m=65536,t=3,p=4$T1WAo5cnnx+WcEejriBOjQ$kTWKmBJZ0yzSM99kz8eLNgdTp82xD3hgwcnZxop+l1U', 'argon2id', 'Hồ Thanh Nguyệt', 'Bộ môn Kế toán', 2, 'active'),
    ('USR066', 'GV2605', 'phamkimchien@pm2.edu.vn', '$argon2id$v=19$m=65536,t=3,p=4$T1WAo5cnnx+WcEejriBOjQ$kTWKmBJZ0yzSM99kz8eLNgdTp82xD3hgwcnZxop+l1U', 'argon2id', 'Phạm Kim Chiến', 'Bộ môn Viễn thông', 2, 'active'),
    ('USR067', 'GV6739', 'buituanhuong@pm2.edu.vn', '$argon2id$v=19$m=65536,t=3,p=4$T1WAo5cnnx+WcEejriBOjQ$kTWKmBJZ0yzSM99kz8eLNgdTp82xD3hgwcnZxop+l1U', 'argon2id', 'Bùi Tuấn Hương', 'Bộ môn Công nghệ phần mềm', 2, 'active'),
    ('USR068', 'GV8555', 'lyminhhuong@pm2.edu.vn', '$argon2id$v=19$m=65536,t=3,p=4$T1WAo5cnnx+WcEejriBOjQ$kTWKmBJZ0yzSM99kz8eLNgdTp82xD3hgwcnZxop+l1U', 'argon2id', 'Lý Minh Hương', 'Bộ môn Công nghệ phần mềm', 2, 'active'),
    ('USR069', 'GV2160', 'ngongocgiang@pm2.edu.vn', '$argon2id$v=19$m=65536,t=3,p=4$T1WAo5cnnx+WcEejriBOjQ$kTWKmBJZ0yzSM99kz8eLNgdTp82xD3hgwcnZxop+l1U', 'argon2id', 'Ngô Ngọc Giang', 'Bộ môn Kế toán', 2, 'active'),
    ('USR070', 'GV9639', 'lekimlinh@pm2.edu.vn', '$argon2id$v=19$m=65536,t=3,p=4$T1WAo5cnnx+WcEejriBOjQ$kTWKmBJZ0yzSM99kz8eLNgdTp82xD3hgwcnZxop+l1U', 'argon2id', 'Lê Kim Linh', 'Bộ môn Viễn thông', 2, 'active'),
    ('USR071', 'GV3885', 'phamhaiquan@pm2.edu.vn', '$argon2id$v=19$m=65536,t=3,p=4$T1WAo5cnnx+WcEejriBOjQ$kTWKmBJZ0yzSM99kz8eLNgdTp82xD3hgwcnZxop+l1U', 'argon2id', 'Phạm Hải Quân', 'Bộ môn Công nghệ phần mềm', 2, 'active'),
    ('USR072', 'GV9915', 'lytuanbinh@pm2.edu.vn', '$argon2id$v=19$m=65536,t=3,p=4$T1WAo5cnnx+WcEejriBOjQ$kTWKmBJZ0yzSM99kz8eLNgdTp82xD3hgwcnZxop+l1U', 'argon2id', 'Lý Tuấn Bình', 'Bộ môn Viễn thông', 2, 'active'),
    ('USR073', 'GV3055', 'phamvanxuan@pm2.edu.vn', '$argon2id$v=19$m=65536,t=3,p=4$T1WAo5cnnx+WcEejriBOjQ$kTWKmBJZ0yzSM99kz8eLNgdTp82xD3hgwcnZxop+l1U', 'argon2id', 'Phạm Văn Xuân', 'Bộ môn Tin học cơ bản', 2, 'active'),
    ('USR074', 'GV3704', 'phamquanghoa@pm2.edu.vn', '$argon2id$v=19$m=65536,t=3,p=4$T1WAo5cnnx+WcEejriBOjQ$kTWKmBJZ0yzSM99kz8eLNgdTp82xD3hgwcnZxop+l1U', 'argon2id', 'Phạm Quang Hoa', 'Bộ môn Công nghệ phần mềm', 2, 'active')
ON CONFLICT (user_id) DO UPDATE SET
  password_hash = EXCLUDED.password_hash,
  hash_algorithm = EXCLUDED.hash_algorithm,
  status = EXCLUDED.status;

INSERT INTO permissions (id, code, resource, action, description) VALUES
    ('PM001', 'users:read', 'users', 'read', 'Xem tài khoản người dùng'),
    ('PM002', 'users:write', 'users', 'write', 'Tạo/cập nhật tài khoản người dùng'),
    ('PM003', 'roles:read', 'roles', 'read', 'Xem vai trò'),
    ('PM004', 'roles:write', 'roles', 'write', 'Tạo/cập nhật vai trò'),
    ('PM005', 'audit:read', 'audit_log', 'read', 'Xem nhật ký kiểm toán'),
    ('PM006', 'students:read', 'hoc_vien', 'read', 'Xem học viên'),
    ('PM007', 'students:write', 'hoc_vien', 'write', 'Tạo/cập nhật học viên'),
    ('PM008', 'grades:read', 'diem', 'read', 'Xem điểm'),
    ('PM009', 'grades:write', 'diem', 'write', 'Nhập/cập nhật điểm'),
    ('PM010', 'exams:read', 'exam_banks', 'read', 'Xem dữ liệu khảo thí'),
    ('PM011', 'exams:write', 'exam_banks', 'write', 'Tạo/cập nhật dữ liệu khảo thí'),
    ('PM012', 'surveys:read', 'surveys', 'read', 'Xem khảo sát'),
    ('PM013', 'surveys:write', 'surveys', 'write', 'Tạo/cập nhật khảo sát'),
    ('PM014', 'documents:read', 'documents', 'read', 'Xem metadata tài liệu'),
    ('PM015', 'documents:write', 'documents', 'write', 'Tạo/cập nhật metadata tài liệu'),
    ('PM016', 'reports:read', 'reports', 'read', 'Xem báo cáo tổng hợp');

INSERT INTO roles (id, name, code, description) VALUES
    ('RL001', 'Administrator', 'ADMIN', 'Quản trị toàn hệ thống'),
    ('RL002', 'Ban Giám đốc', 'BGD', 'Xem báo cáo cấp cao'),
    ('RL003', 'Phòng Đào tạo', 'P2', 'Quản lý đào tạo'),
    ('RL004', 'Giảng viên', 'GIANG_VIEN', 'Tài khoản giảng viên'),
    ('RL005', 'Học viên', 'HOC_VIEN', 'Tài khoản học viên'),
    ('RL006', 'Ban Khảo thí', 'KHAO_THI', 'Quản lý khảo thí');

INSERT INTO role_permissions (role_id, permission_id) VALUES
    ('RL001', 'PM001'),
    ('RL001', 'PM002'),
    ('RL001', 'PM003'),
    ('RL001', 'PM004'),
    ('RL001', 'PM005'),
    ('RL001', 'PM006'),
    ('RL001', 'PM007'),
    ('RL001', 'PM008'),
    ('RL001', 'PM009'),
    ('RL001', 'PM010'),
    ('RL001', 'PM011'),
    ('RL001', 'PM012'),
    ('RL001', 'PM013'),
    ('RL001', 'PM014'),
    ('RL001', 'PM015'),
    ('RL001', 'PM016'),
    ('RL002', 'PM006'),
    ('RL002', 'PM008'),
    ('RL002', 'PM010'),
    ('RL002', 'PM012'),
    ('RL002', 'PM014'),
    ('RL002', 'PM016'),
    ('RL003', 'PM006'),
    ('RL003', 'PM007'),
    ('RL003', 'PM008'),
    ('RL003', 'PM009'),
    ('RL003', 'PM014'),
    ('RL003', 'PM016'),
    ('RL004', 'PM006'),
    ('RL004', 'PM008'),
    ('RL004', 'PM009'),
    ('RL004', 'PM010'),
    ('RL004', 'PM012'),
    ('RL004', 'PM014'),
    ('RL005', 'PM008'),
    ('RL005', 'PM012'),
    ('RL005', 'PM014'),
    ('RL006', 'PM010'),
    ('RL006', 'PM011'),
    ('RL006', 'PM012'),
    ('RL006', 'PM013'),
    ('RL006', 'PM014');

INSERT INTO user_roles (user_id, role_id) VALUES
    ('USR001', 'RL001'),
    ('USR002', 'RL002'),
    ('USR003', 'RL003'),
    ('USR004', 'RL006'),
    ('USR005', 'RL005'),
    ('USR006', 'RL005'),
    ('USR007', 'RL005'),
    ('USR008', 'RL005'),
    ('USR009', 'RL005'),
    ('USR010', 'RL005'),
    ('USR011', 'RL005'),
    ('USR012', 'RL005'),
    ('USR013', 'RL005'),
    ('USR014', 'RL005'),
    ('USR015', 'RL005'),
    ('USR016', 'RL005'),
    ('USR017', 'RL005'),
    ('USR018', 'RL005'),
    ('USR019', 'RL005'),
    ('USR020', 'RL005'),
    ('USR021', 'RL005'),
    ('USR022', 'RL005'),
    ('USR023', 'RL005'),
    ('USR024', 'RL005'),
    ('USR025', 'RL005'),
    ('USR026', 'RL005'),
    ('USR027', 'RL005'),
    ('USR028', 'RL005'),
    ('USR029', 'RL005'),
    ('USR030', 'RL005'),
    ('USR031', 'RL005'),
    ('USR032', 'RL005'),
    ('USR033', 'RL005'),
    ('USR034', 'RL005'),
    ('USR035', 'RL005'),
    ('USR036', 'RL005'),
    ('USR037', 'RL005'),
    ('USR038', 'RL005'),
    ('USR039', 'RL005'),
    ('USR040', 'RL005'),
    ('USR041', 'RL005'),
    ('USR042', 'RL005'),
    ('USR043', 'RL005'),
    ('USR044', 'RL005'),
    ('USR045', 'RL005'),
    ('USR046', 'RL005'),
    ('USR047', 'RL005'),
    ('USR048', 'RL005'),
    ('USR049', 'RL005'),
    ('USR050', 'RL005'),
    ('USR051', 'RL005'),
    ('USR052', 'RL005'),
    ('USR053', 'RL005'),
    ('USR054', 'RL005'),
    ('USR055', 'RL004'),
    ('USR056', 'RL004'),
    ('USR057', 'RL004'),
    ('USR058', 'RL004'),
    ('USR059', 'RL004'),
    ('USR060', 'RL004'),
    ('USR061', 'RL004'),
    ('USR062', 'RL004'),
    ('USR063', 'RL004'),
    ('USR064', 'RL004'),
    ('USR065', 'RL004'),
    ('USR066', 'RL004'),
    ('USR067', 'RL004'),
    ('USR068', 'RL004'),
    ('USR069', 'RL004'),
    ('USR070', 'RL004'),
    ('USR071', 'RL004'),
    ('USR072', 'RL004'),
    ('USR073', 'RL004'),
    ('USR074', 'RL004');

SET session_replication_role = 'origin';
ANALYZE;
