-- ============================================
-- SEED DATA FOR PM2 POSTGRESQL DATABASE
-- Includes Training Module + Khao Thi Module
-- Generated by generate_seed.py using Faker vi_VN
-- Generated at: 2026-06-15 14:54:26.812425
-- ============================================

SET session_replication_role = 'replica';

-- ============================================
-- CORE ENTITY SEED
-- ============================================

INSERT INTO giang_vien (id, ma_gv, ho_ten, email, so_dien_thoai, don_vi_id, ten_don_vi, hoc_vi, hoc_ham, active) VALUES
    ('GV001', 'GV5976', 'Lê Tuấn Hoa', 'letuanhoa@pm2.edu.vn', '02 9436483', 'DV015', 'Bộ môn Kế toán', 'GS', 'Nghiên cứu viên', TRUE),
    ('GV002', 'GV6802', 'Đỗ Đức Việt', 'doducviet@pm2.edu.vn', '+84-75-689 3485', 'DV014', 'Bộ môn Viễn thông', 'PGS.TS', 'Giảng viên chính', TRUE),
    ('GV003', 'GV9509', 'Đỗ Tuấn Nguyệt', 'dotuannguyet@pm2.edu.vn', '+84-13-728360', 'DV014', 'Bộ môn Viễn thông', 'TS', 'Giảng viên chính', TRUE),
    ('GV004', 'GV9709', 'Dương Bảo Em', 'duongbaoem@pm2.edu.vn', '(05)671-2565', 'DV015', 'Bộ môn Kế toán', 'GS', 'Nghiên cứu viên', TRUE),
    ('GV005', 'GV8633', 'Lý Thanh Sơn', 'lythanhson@pm2.edu.vn', '03 5665 9363', 'DV012', 'Bộ môn Tin học cơ bản', 'TS', 'Giảng viên chính', TRUE),
    ('GV006', 'GV4295', 'Đặng Thanh Phương', 'dangthanhphuong@pm2.edu.vn', '(00) 3048 5969', 'DV014', 'Bộ môn Viễn thông', 'TS.', 'Nghiên cứu viên', TRUE),
    ('GV007', 'GV7667', 'Vũ Kim Giang', 'vukimgiang@pm2.edu.vn', '+84 59 3375235', 'DV015', 'Bộ môn Kế toán', 'GS', 'Giảng viên chính', TRUE),
    ('GV008', 'GV5241', 'Dương Đức Anh', 'duongducanh@pm2.edu.vn', '09 2469557', 'DV012', 'Bộ môn Tin học cơ bản', 'TS.', 'Nghiên cứu viên', TRUE),
    ('GV009', 'GV4778', 'Vũ Bảo Hạnh', 'vubaohanh@pm2.edu.vn', '(02)253-9112', 'DV012', 'Bộ môn Tin học cơ bản', 'GS', 'Nghiên cứu viên', TRUE),
    ('GV010', 'GV9082', 'Lê Đức Phương', 'leducphuong@pm2.edu.vn', '+84 27 3531343', 'DV014', 'Bộ môn Viễn thông', 'PGS', 'Giảng viên cao cấp', TRUE),
    ('GV011', 'GV8617', 'Hồ Thanh Nguyệt', 'hothanhnguyet@pm2.edu.vn', '+84-79-478 6631', 'DV015', 'Bộ môn Kế toán', 'PGS', 'Giảng viên chính', TRUE),
    ('GV012', 'GV2605', 'Phạm Kim Chiến', 'phamkimchien@pm2.edu.vn', '04 4294 8173', 'DV014', 'Bộ môn Viễn thông', 'PGS', 'Giảng viên', TRUE),
    ('GV013', 'GV6739', 'Bùi Tuấn Hương', 'buituanhuong@pm2.edu.vn', '(06) 2835 5098', 'DV013', 'Bộ môn Công nghệ phần mềm', 'GS', 'Giảng viên', TRUE),
    ('GV014', 'GV8555', 'Lý Minh Hương', 'lyminhhuong@pm2.edu.vn', '01 1308239', 'DV013', 'Bộ môn Công nghệ phần mềm', 'ThS.', 'Nghiên cứu viên', TRUE),
    ('GV015', 'GV2160', 'Ngô Ngọc Giang', 'ngongocgiang@pm2.edu.vn', '+84 82 3792212', 'DV015', 'Bộ môn Kế toán', 'ThS.', 'Giảng viên cao cấp', TRUE),
    ('GV016', 'GV9639', 'Lê Kim Linh', 'lekimlinh@pm2.edu.vn', '+84-19-890918', 'DV014', 'Bộ môn Viễn thông', 'TS', 'Nghiên cứu viên', TRUE),
    ('GV017', 'GV3885', 'Phạm Hải Quân', 'phamhaiquan@pm2.edu.vn', '(08) 5014 0201', 'DV013', 'Bộ môn Công nghệ phần mềm', 'GS', 'Giảng viên cao cấp', TRUE),
    ('GV018', 'GV9915', 'Lý Tuấn Bình', 'lytuanbinh@pm2.edu.vn', '+84-99-393 3727', 'DV014', 'Bộ môn Viễn thông', 'PGS.TS', 'Giảng viên', TRUE),
    ('GV019', 'GV3055', 'Phạm Văn Xuân', 'phamvanxuan@pm2.edu.vn', '04 7736 9769', 'DV012', 'Bộ môn Tin học cơ bản', 'GS', 'Giảng viên', TRUE),
    ('GV020', 'GV3704', 'Phạm Quang Hoa', 'phamquanghoa@pm2.edu.vn', '+84-23-246 3257', 'DV013', 'Bộ môn Công nghệ phần mềm', 'PGS', 'Giảng viên', TRUE);

INSERT INTO hoc_vien (id, ma_hv, ho_ten, ngay_sinh, noi_sinh, que_quan, email, so_dien_thoai, ma_lop, ten_chuyen_nganh, ten_nganh, ten_khoa_dao_tao, trang_thai, gpa_he4, gpa_he10, so_tin_chi_tich_luy, muc_canh_bao, active) VALUES
    ('HV001', '676156', 'Lê Kim Dũng', '2002-07-21', 'Tiền Giang', '185 Đường Hoàng Quốc Việt, Trung Tự, Hoàng Mai, Tiền Giang', 'lekimdung@pm2.edu.vn', '+84 50 3860397', 'K63A', 'KT', 'KT', 'K67', 'dang_hoc', 3.22, 8.1, 45, 0, TRUE),
    ('HV002', '634405', 'Hoàng Văn Phúc', '2001-02-05', 'Đồng Tháp', '752 Đường Lê Duẩn, Trung Tự, Cái Răng, Đồng Tháp', 'hoangvanphuc@pm2.edu.vn', '+84-06-508584', 'K66B', 'KTPM', 'KTPM', 'K63', 'thoi_hoc', 1.79, 4.5, 54, 0, FALSE),
    ('HV003', '657855', 'Bùi Hữu Việt', '2002-04-29', 'Gia Lai', '601 Đường Trường Chinh, Tân Định, Quận 4, Gia Lai', 'buihuuviet@pm2.edu.vn', '(03) 9161 2205', 'K66A', 'HTTT', 'HTTT', 'K65', 'thoi_hoc', 2.68, 6.7, 119, 0, FALSE),
    ('HV004', '652953', 'Lê Đức Phúc', '1998-05-20', 'Ninh Thuận', '467 Đường Nguyễn Trãi, Đa Kao, Quận 2, Ninh Thuận', 'leducphuc@pm2.edu.vn', '07 2576 7952', 'K64C', 'ĐTVT', 'ĐTVT', 'K65', 'dang_hoc', 1.67, 4.2, 116, 0, TRUE),
    ('HV005', '678070', 'Nguyễn Hải Hương', '1995-05-30', 'Bình Dương', '561 Đường Nguyễn Trãi, Nhân Chính, Ngô Quyền, Bình Dương', 'nguyenhaihuong@pm2.edu.vn', '+84 15 6281060', 'K64C', 'ĐTVT', 'ĐTVT', 'K67', 'thoi_hoc', 2.68, 6.7, 31, 0, FALSE),
    ('HV006', '652106', 'Đỗ Thanh Yến', '2003-11-29', 'Phú Thọ', '815 Đường Võ Nguyên Giáp, Trung Tự, Hoàng Mai, Phú Thọ', 'dothanhyen@pm2.edu.vn', '03 1589 2399', 'K67C', 'ATTT', 'ATTT', 'K65', 'dang_hoc', 2.61, 6.5, 47, 0, TRUE),
    ('HV007', '651610', 'Lê Văn Nguyệt', '1996-03-10', 'Đồng Tháp', '335 Đường Trần Hưng Đạo, Láng Thượng, Ngũ Hành Sơn, Đồng Tháp', 'levannguyet@pm2.edu.vn', '+84 94 6823081', 'K67A', 'HTTT', 'HTTT', 'K65', 'tot_nghiep', 2.04, 5.1, 45, 0, TRUE),
    ('HV008', '645479', 'Trần Thanh Sơn', '1997-03-09', 'Cà Mau', '447 Đường Nguyễn Trãi, Hàng Trống, Đống Đa, Cà Mau', 'tranthanhson@pm2.edu.vn', '+84-96-792384', 'K64A', 'KT', 'KT', 'K64', 'thoi_hoc', 2.82, 7.0, 45, 0, FALSE),
    ('HV009', '643611', 'Vũ Phương Hoa', '2004-11-19', 'Sóc Trăng', '273 Đường Võ Nguyên Giáp, Trung Tự, Thốt Nốt, Sóc Trăng', 'vuphuonghoa@pm2.edu.vn', '09 5716 6458', 'K67A', 'KHMT', 'KHMT', 'K64', 'dang_hoc', 2.45, 6.1, 59, 0, TRUE),
    ('HV010', '645051', 'Nguyễn Phương Dũng', '2000-09-28', 'Lâm Đồng', '587 Đường Trần Hưng Đạo, Khương Thượng, Phú Nhuận, Lâm Đồng', 'nguyenphuongdung@pm2.edu.vn', '(05) 3679 4437', 'K65C', 'ĐTVT', 'ĐTVT', 'K64', 'thoi_hoc', 2.64, 6.6, 147, 0, FALSE),
    ('HV011', '674738', 'Lý Minh Linh', '2002-02-04', 'Phú Yên', '514 Đường Hoàng Quốc Việt, Đa Kao, Quận 9, Phú Yên', 'lyminhlinh@pm2.edu.vn', '+84 46 3468254', 'K64A', 'TTĐPT', 'TTĐPT', 'K67', 'tot_nghiep', 2.43, 6.1, 135, 0, TRUE),
    ('HV012', '648673', 'Lý Hải Phương', '2002-07-27', 'Quảng Ngãi', '984 Đường Lê Duẩn, Khương Thượng, Quận 10, Quảng Ngãi', 'lyhaiphuong@pm2.edu.vn', '(02)183-7944', 'K66B', 'ĐTVT', 'ĐTVT', 'K64', 'tot_nghiep', 2.92, 7.3, 99, 0, TRUE),
    ('HV013', '642525', 'Nguyễn Minh Quân', '1997-09-20', 'Long An', '825 Đường Trần Hưng Đạo, Liễu Giai, Ô Môn, Long An', 'nguyenminhquan@pm2.edu.vn', '+84-64-275096', 'K65C', 'HTTT', 'HTTT', 'K64', 'tot_nghiep', 2.43, 6.1, 58, 0, TRUE),
    ('HV014', '658860', 'Bùi Kim Linh', '2002-08-25', 'Điện Biên', '289 Đường Trần Hưng Đạo, Phương Liên, Tân Phú, Điện Biên', 'buikimlinh@pm2.edu.vn', '(02)169-5319', 'K67A', 'KHMT', 'KHMT', 'K65', 'thoi_hoc', 3.02, 7.5, 76, 0, FALSE),
    ('HV015', '631537', 'Nguyễn Kim Quân', '1997-10-18', 'Sơn La', '593 Đường Phạm Văn Đồng, Đa Kao, Cầu Giấy, Sơn La', 'nguyenkimquan@pm2.edu.vn', '(04)836-2374', 'K67A', 'ATTT', 'ATTT', 'K63', 'dang_hoc', 3.69, 9.2, 111, 0, TRUE),
    ('HV016', '642135', 'Lý Minh Xuân', '1995-10-06', 'Tây Ninh', '846 Đường Phạm Văn Đồng, Trúc Bạch, Thốt Nốt, Tây Ninh', 'lyminhxuan@pm2.edu.vn', '+84 19 4269139', 'K65B', 'ĐTVT', 'ĐTVT', 'K64', 'dang_hoc', 3.45, 8.6, 45, 0, TRUE),
    ('HV017', '643692', 'Trần Kim Linh', '1997-07-30', 'Sơn La', '599 Đường Lê Duẩn, Hàng Trống, Quận 5, Sơn La', 'trankimlinh@pm2.edu.vn', '02 6125 6558', 'K64B', 'ĐTVT', 'ĐTVT', 'K64', 'thoi_hoc', 3.02, 7.5, 113, 0, FALSE),
    ('HV018', '639962', 'Lê Tuấn Quân', '2004-01-22', 'An Giang', '718 Đường Nguyễn Văn Linh, Láng Thượng, Quận 12, An Giang', 'letuanquan@pm2.edu.vn', '(00) 9462 9428', 'K67B', 'ATTT', 'ATTT', 'K63', 'tot_nghiep', 1.76, 4.4, 126, 0, TRUE),
    ('HV019', '653162', 'Phạm Văn Hạnh', '2003-10-15', 'Hà Tĩnh', '901 Đường Hoàng Quốc Việt, Tân Định, Quận 7, Hà Tĩnh', 'phamvanhanh@pm2.edu.vn', '03 8268 3223', 'K66C', 'ĐTVT', 'ĐTVT', 'K65', 'thoi_hoc', 3.2, 8.0, 84, 0, FALSE),
    ('HV020', '647942', 'Dương Phương Giang', '1997-10-12', 'Thừa Thiên Huế', '26 Đường Lê Lợi, Cô Giang, Quận 5, Thừa Thiên Huế', 'duongphuonggiang@pm2.edu.vn', '+84-91-686 0724', 'K65C', 'ATTT', 'ATTT', 'K64', 'thoi_hoc', 3.28, 8.2, 83, 0, FALSE),
    ('HV021', '655647', 'Nguyễn Quang Em', '2002-11-03', 'Bắc Kạn', '566 Đường Nguyễn Trãi, Khương Thượng, Hải Châu, Bắc Kạn', 'nguyenquangem@pm2.edu.vn', '05 4797804', 'K63C', 'TTĐPT', 'TTĐPT', 'K65', 'thoi_hoc', 2.16, 5.4, 79, 0, FALSE),
    ('HV022', '675392', 'Ngô Quang Phương', '1997-01-22', 'Đồng Nai', '755 Đường Hoàng Quốc Việt, Phúc Xá, Cầu Giấy, Đồng Nai', 'ngoquangphuong@pm2.edu.vn', '+84-75-875 2188', 'K64A', 'KTCK', 'KTCK', 'K67', 'tot_nghiep', 2.96, 7.4, 53, 0, TRUE),
    ('HV023', '678860', 'Bùi Quang Nguyệt', '1997-12-12', 'Điện Biên', '84 Đường Lê Lợi, Liễu Giai, Bình Thủy, Điện Biên', 'buiquangnguyet@pm2.edu.vn', '(07) 7590 2160', 'K65B', 'CNTT', 'CNTT', 'K67', 'dang_hoc', 3.05, 7.6, 150, 0, TRUE),
    ('HV024', '641915', 'Phạm Phương Xuân', '1998-02-05', 'Bình Định', '500 Đường Phạm Văn Đồng, Phương Liên, Dương Kinh, Bình Định', 'phamphuongxuan@pm2.edu.vn', '+84-11-773 8835', 'K66B', 'TTĐPT', 'TTĐPT', 'K64', 'thoi_hoc', 3.11, 7.8, 57, 0, FALSE),
    ('HV025', '669836', 'Ngô Tuấn Yến', '2002-03-19', 'Ninh Bình', '638 Đường Hoàng Quốc Việt, Giảng Võ, Hai Bà Trưng, Ninh Bình', 'ngotuanyen@pm2.edu.vn', '+84-47-490 3873', 'K64B', 'KHMT', 'KHMT', 'K66', 'tot_nghiep', 1.77, 4.4, 74, 0, TRUE),
    ('HV026', '658439', 'Vũ Hữu Bình', '1998-05-25', 'Nghệ An', '192 Đường Phạm Văn Đồng, Giảng Võ, Quận 11, Nghệ An', 'vuhuubinh@pm2.edu.vn', '04 5029 8845', 'K65C', 'CNTT', 'CNTT', 'K65', 'thoi_hoc', 4.0, 10.0, 36, 0, FALSE),
    ('HV027', '657798', 'Lê Thị Việt', '1998-10-18', 'Hà Nội', '464 Đường Nguyễn Văn Linh, Lý Thái Tổ, Tân Bình, Hà Nội', 'lethiviet@pm2.edu.vn', '+84 50 9553247', 'K67C', 'ĐTVT', 'ĐTVT', 'K65', 'dang_hoc', 3.3, 8.2, 61, 0, TRUE),
    ('HV028', '667779', 'Trần Thanh Hạnh', '2000-11-02', 'Vĩnh Long', '850 Đường Hoàng Quốc Việt, Cầu Kho, Cái Răng, Vĩnh Long', 'tranthanhhanh@pm2.edu.vn', '(01) 7460 6322', 'K66C', 'TTĐPT', 'TTĐPT', 'K66', 'dang_hoc', 2.98, 7.5, 110, 0, TRUE),
    ('HV029', '641724', 'Lý Quang Giang', '1998-12-30', 'Bình Dương', '464 Đường Lê Duẩn, Kim Liên, Bình Thạnh, Bình Dương', 'lyquanggiang@pm2.edu.vn', '05 6315975', 'K67B', 'KTPM', 'KTPM', 'K64', 'tot_nghiep', 1.59, 4.0, 119, 0, TRUE),
    ('HV030', '632151', 'Bùi Bảo Xuân', '1995-01-28', 'Bắc Giang', '549 Đường Nguyễn Văn Linh, Thành Công, Dương Kinh, Bắc Giang', 'buibaoxuan@pm2.edu.vn', '+84-98-673 2186', 'K64C', 'HTTT', 'HTTT', 'K63', 'dang_hoc', 2.74, 6.9, 143, 0, TRUE),
    ('HV031', '679202', 'Lý Quang Hạnh', '2000-06-12', 'Lai Châu', '845 Đường Võ Nguyên Giáp, Bến Nghé, Phú Nhuận, Lai Châu', 'lyquanghanh@pm2.edu.vn', '07 7307814', 'K66B', 'KTCK', 'KTCK', 'K67', 'tot_nghiep', 3.69, 9.2, 62, 0, TRUE),
    ('HV032', '675421', 'Trần Văn Hương', '2004-11-16', 'Nghệ An', '16 Đường Nguyễn Trãi, Đa Kao, Nam Từ Liêm, Nghệ An', 'tranvanhuong@pm2.edu.vn', '(01)585-1579', 'K63A', 'ĐTVT', 'ĐTVT', 'K67', 'dang_hoc', 1.73, 4.3, 43, 0, TRUE),
    ('HV033', '643785', 'Vũ Hữu Hương', '2001-07-09', 'Hải Dương', '537 Đường Nguyễn Văn Linh, Cống Vị, Gò Vấp, Hải Dương', 'vuhuuhuong@pm2.edu.vn', '(04)668-4103', 'K63B', 'KT', 'KT', 'K64', 'dang_hoc', 2.75, 6.9, 76, 0, TRUE),
    ('HV034', '671591', 'Hoàng Hải Anh', '2004-06-11', 'Đồng Tháp', '771 Đường Lê Duẩn, Láng Thượng, Hải Châu, Đồng Tháp', 'hoanghaianh@pm2.edu.vn', '+84-62-230 0401', 'K66B', 'KT', 'KT', 'K67', 'thoi_hoc', 3.11, 7.8, 128, 0, FALSE),
    ('HV035', '656508', 'Lê Hải Phương', '1998-09-04', 'Hải Phòng', '149 Đường Lê Duẩn, Thành Công, Hải Châu, Hải Phòng', 'lehaiphuong@pm2.edu.vn', '(03) 8412 0451', 'K63B', 'KT', 'KT', 'K65', 'dang_hoc', 4.0, 10.0, 105, 0, TRUE),
    ('HV036', '638647', 'Lý Thị Tùng', '2000-10-03', 'Cao Bằng', '841 Đường Trần Hưng Đạo, Tràng Tiền, Thanh Xuân, Cao Bằng', 'lythitung@pm2.edu.vn', '+84-21-540988', 'K64A', 'KTPM', 'KTPM', 'K63', 'dang_hoc', 2.83, 7.1, 142, 0, TRUE),
    ('HV037', '665362', 'Dương Đức Hương', '1999-10-06', 'Sơn La', '394 Đường Hoàng Quốc Việt, Láng Thượng, Cẩm Lệ, Sơn La', 'duongduchuong@pm2.edu.vn', '+84-30-254807', 'K67B', 'ĐTVT', 'ĐTVT', 'K66', 'thoi_hoc', 3.8, 9.5, 135, 0, FALSE),
    ('HV038', '645515', 'Ngô Tuấn Em', '2005-01-01', 'Tây Ninh', '21 Đường Trần Hưng Đạo, Trúc Bạch, Nam Từ Liêm, Tây Ninh', 'ngotuanem@pm2.edu.vn', '(05) 7023 5191', 'K65A', 'TTĐPT', 'TTĐPT', 'K64', 'thoi_hoc', 2.48, 6.2, 116, 0, FALSE),
    ('HV039', '665288', 'Phạm Bảo Sơn', '2000-01-22', 'Lai Châu', '277 Đường Hoàng Quốc Việt, Bến Nghé, Long Biên, Lai Châu', 'phambaoson@pm2.edu.vn', '(01)301-2733', 'K66A', 'ATTT', 'ATTT', 'K66', 'thoi_hoc', 2.15, 5.4, 48, 0, FALSE),
    ('HV040', '633301', 'Vũ Thị Phương', '1997-07-17', 'Nghệ An', '129 Đường Hoàng Quốc Việt, Hàng Trống, Hải An, Nghệ An', 'vuthiphuong@pm2.edu.vn', '(06)991-6868', 'K67A', 'TTĐPT', 'TTĐPT', 'K63', 'tot_nghiep', 3.37, 8.4, 88, 0, TRUE),
    ('HV041', '666283', 'Trần Kim Hạnh', '1997-12-05', 'Hà Giang', '920 Đường Trường Chinh, Cầu Kho, Hải Châu, Hà Giang', 'trankimhanh@pm2.edu.vn', '(02)353-2702', 'K67C', 'KTCK', 'KTCK', 'K66', 'tot_nghiep', 2.61, 6.5, 103, 0, TRUE),
    ('HV042', '649420', 'Vũ Kim Xuân', '1998-01-12', 'Hồ Chí Minh', '522 Đường Trường Chinh, Trung Tự, Phú Nhuận, Hồ Chí Minh', 'vukimxuan@pm2.edu.vn', '+84-36-626 6791', 'K64C', 'ATTT', 'ATTT', 'K64', 'dang_hoc', 1.79, 4.5, 35, 0, TRUE),
    ('HV043', '676656', 'Hoàng Tuấn Phúc', '2003-01-01', 'Tuyên Quang', '643 Đường Trường Chinh, Khương Thượng, Thủ Đức, Tuyên Quang', 'hoangtuanphuc@pm2.edu.vn', '+84-49-251515', 'K65C', 'HTTT', 'HTTT', 'K67', 'thoi_hoc', 2.93, 7.3, 146, 0, FALSE),
    ('HV044', '674328', 'Dương Thị Tùng', '2000-06-05', 'Nghệ An', '767 Đường Trường Chinh, Tràng Tiền, Đồ Sơn, Nghệ An', 'duongthitung@pm2.edu.vn', '+84-32-827199', 'K66B', 'HTTT', 'HTTT', 'K67', 'tot_nghiep', 3.83, 9.6, 66, 0, TRUE),
    ('HV045', '633511', 'Bùi Ngọc Xuân', '1999-05-22', 'Lai Châu', '351 Đường Lê Lợi, Cống Vị, Sơn Trà, Lai Châu', 'buingocxuan@pm2.edu.vn', '+84-99-677 5959', 'K64A', 'ATTT', 'ATTT', 'K63', 'tot_nghiep', 1.78, 4.5, 40, 0, TRUE),
    ('HV046', '633567', 'Đỗ Bảo Yến', '2000-10-06', 'Hà Tĩnh', '872 Đường Trần Hưng Đạo, Kim Liên, Cái Răng, Hà Tĩnh', 'dobaoyen@pm2.edu.vn', '(02)396-0878', 'K63B', 'TCNH', 'TCNH', 'K63', 'thoi_hoc', 2.91, 7.3, 62, 0, FALSE),
    ('HV047', '658219', 'Đặng Hữu Yến', '1999-01-11', 'Bình Dương', '990 Đường Trần Hưng Đạo, Cô Giang, Quận 12, Bình Dương', 'danghuuyen@pm2.edu.vn', '02 9433 9967', 'K64A', 'HTTT', 'HTTT', 'K65', 'thoi_hoc', 3.06, 7.7, 127, 0, FALSE),
    ('HV048', '671744', 'Đặng Quang Chiến', '1998-10-18', 'Hưng Yên', '703 Đường Lê Duẩn, Láng Thượng, Quận 9, Hưng Yên', 'dangquangchien@pm2.edu.vn', '+84-17-845 0937', 'K67B', 'CNTT', 'CNTT', 'K67', 'dang_hoc', 1.54, 3.9, 43, 0, TRUE),
    ('HV049', '638542', 'Hồ Hữu Giang', '2005-07-26', 'Tiền Giang', '238 Đường Hoàng Quốc Việt, Cầu Kho, Hoàng Mai, Tiền Giang', 'hohuugiang@pm2.edu.vn', '+84-47-681 2786', 'K64A', 'ATTT', 'ATTT', 'K63', 'dang_hoc', 3.02, 7.5, 91, 0, TRUE),
    ('HV050', '658318', 'Phạm Văn Minh', '1998-04-18', 'Bắc Ninh', '824 Đường Hoàng Quốc Việt, Tràng Tiền, Cầu Giấy, Bắc Ninh', 'phamvanminh@pm2.edu.vn', '+84-51-231880', 'K64C', 'ĐTVT', 'ĐTVT', 'K65', 'tot_nghiep', 2.5, 6.2, 70, 0, TRUE);

INSERT INTO mon_hoc (id, ma_mon, ten_mon, so_tin_chi, so_tiet, don_vi_ql_id, ten_don_vi_ql, active) VALUES
    ('MH001', 'IT101', 'Nhập môn Công nghệ thông tin', 3, 45, 'DV001', 'Khoa Công nghệ thông tin', TRUE),
    ('MH002', 'IT102', 'Lập trình cơ bản', 4, 60, 'DV001', 'Khoa Công nghệ thông tin', TRUE),
    ('MH003', 'IT201', 'Cấu trúc dữ liệu và giải thuật', 4, 60, 'DV001', 'Khoa Công nghệ thông tin', TRUE),
    ('MH004', 'IT202', 'Cơ sở dữ liệu', 3, 45, 'DV001', 'Khoa Công nghệ thông tin', TRUE),
    ('MH005', 'IT203', 'Mạng máy tính', 3, 45, 'DV001', 'Khoa Công nghệ thông tin', TRUE),
    ('MH006', 'IT301', 'Phát triển ứng dụng Web', 3, 45, 'DV001', 'Khoa Công nghệ thông tin', TRUE),
    ('MH007', 'IT302', 'Trí tuệ nhân tạo', 3, 45, 'DV001', 'Khoa Công nghệ thông tin', TRUE),
    ('MH008', 'IT303', 'Học máy', 3, 45, 'DV001', 'Khoa Công nghệ thông tin', TRUE),
    ('MH009', 'IT304', 'An toàn và bảo mật thông tin', 3, 45, 'DV001', 'Khoa Công nghệ thông tin', TRUE),
    ('MH010', 'KT101', 'Kinh tế vi mô', 3, 45, 'DV004', 'Khoa Kinh tế', TRUE),
    ('MH011', 'KT102', 'Kinh tế vĩ mô', 3, 45, 'DV004', 'Khoa Kinh tế', TRUE),
    ('MH012', 'KT201', 'Nguyên lý kế toán', 4, 60, 'DV004', 'Khoa Kinh tế', TRUE),
    ('MH013', 'KT202', 'Tài chính doanh nghiệp', 3, 45, 'DV004', 'Khoa Kinh tế', TRUE),
    ('MH014', 'KT301', 'Kinh tế lượng', 3, 45, 'DV004', 'Khoa Kinh tế', TRUE),
    ('MH015', 'NN101', 'Tiếng Anh cơ bản', 4, 60, 'DV005', 'Khoa Ngoại ngữ', TRUE),
    ('MH016', 'NN102', 'Tiếng Anh học thuật', 3, 45, 'DV005', 'Khoa Ngoại ngữ', TRUE),
    ('MH017', 'NN201', 'Tiếng Anh chuyên ngành', 3, 45, 'DV005', 'Khoa Ngoại ngữ', TRUE),
    ('MH018', 'NN202', 'Tiếng Trung cơ bản', 4, 60, 'DV005', 'Khoa Ngoại ngữ', TRUE),
    ('MH019', 'QS101', 'Giáo dục Quốc phòng', 2, 30, 'DV006', 'Khoa Quân sự', TRUE),
    ('MH020', 'QS102', 'Điều lệnh Quân đội', 2, 30, 'DV006', 'Khoa Quân sự', TRUE),
    ('MH021', 'QS201', 'Chiến thuật bộ binh', 3, 45, 'DV006', 'Khoa Quân sự', TRUE),
    ('MH022', 'QS202', 'Kỹ thuật quân sự', 3, 45, 'DV006', 'Khoa Quân sự', TRUE),
    ('MH023', 'MATH565', 'Reverse-engineered systemic methodology', 2, 32, 'DV015', 'Bộ môn Kế toán', TRUE),
    ('MH024', 'CS983', 'Synergistic didactic website', 2, 51, 'DV014', 'Bộ môn Viễn thông', TRUE),
    ('MH025', 'PHY896', 'Stand-alone value-added complexity', 4, 57, 'DV013', 'Bộ môn Công nghệ phần mềm', TRUE),
    ('MH026', 'CHEM271', 'Diverse attitude-oriented extranet', 3, 54, 'DV013', 'Bộ môn Công nghệ phần mềm', TRUE),
    ('MH027', 'MATH494', 'Open-architected coherent system engine', 4, 52, 'DV013', 'Bộ môn Công nghệ phần mềm', TRUE),
    ('MH028', 'MATH353', 'Public-key fresh-thinking function', 2, 39, 'DV012', 'Bộ môn Tin học cơ bản', TRUE),
    ('MH029', 'MATH608', 'Up-sized fresh-thinking protocol', 3, 51, 'DV012', 'Bộ môn Tin học cơ bản', TRUE),
    ('MH030', 'MATH150', 'Triple-buffered global matrix', 4, 31, 'DV015', 'Bộ môn Kế toán', TRUE),
    ('MH031', 'MATH865', 'Enterprise-wide leadingedge encoding', 3, 44, 'DV014', 'Bộ môn Viễn thông', TRUE),
    ('MH032', 'CS688', 'Virtual human-resource knowledge user', 2, 32, 'DV013', 'Bộ môn Công nghệ phần mềm', TRUE),
    ('MH033', 'CHEM359', 'Configurable multimedia superstructure', 3, 46, 'DV013', 'Bộ môn Công nghệ phần mềm', TRUE),
    ('MH034', 'PHY155', 'Versatile 6thgeneration alliance', 4, 55, 'DV013', 'Bộ môn Công nghệ phần mềm', TRUE),
    ('MH035', 'CHEM763', 'Operative executive concept', 3, 40, 'DV012', 'Bộ môn Tin học cơ bản', TRUE),
    ('MH036', 'CHEM164', 'Synergized demand-driven analyzer', 2, 35, 'DV015', 'Bộ môn Kế toán', TRUE),
    ('MH037', 'PHY883', 'Customer-focused optimizing challenge', 2, 56, 'DV014', 'Bộ môn Viễn thông', TRUE),
    ('MH038', 'PHY609', 'Sharable demand-driven artificial intelligence', 2, 30, 'DV012', 'Bộ môn Tin học cơ bản', TRUE),
    ('MH039', 'MATH797', 'Enterprise-wide bottom-line benchmark', 3, 41, 'DV015', 'Bộ môn Kế toán', TRUE),
    ('MH040', 'CS493', 'Mandatory 3rdgeneration success', 2, 58, 'DV013', 'Bộ môn Công nghệ phần mềm', TRUE),
    ('MH041', 'CS329', 'Customer-focused next generation emulation', 2, 51, 'DV014', 'Bộ môn Viễn thông', TRUE),
    ('MH042', 'MATH412', 'Right-sized real-time migration', 4, 30, 'DV014', 'Bộ môn Viễn thông', TRUE),
    ('MH043', 'PHY545', 'Persevering content-based matrices', 3, 41, 'DV015', 'Bộ môn Kế toán', TRUE),
    ('MH044', 'CS385', 'Exclusive 24/7 function', 2, 45, 'DV012', 'Bộ môn Tin học cơ bản', TRUE),
    ('MH045', 'MATH631', 'Upgradable heuristic info-mediaries', 2, 49, 'DV012', 'Bộ môn Tin học cơ bản', TRUE),
    ('MH046', 'CHEM285', 'Visionary even-keeled algorithm', 4, 57, 'DV013', 'Bộ môn Công nghệ phần mềm', TRUE),
    ('MH047', 'CS200', 'Compatible value-added model', 2, 33, 'DV012', 'Bộ môn Tin học cơ bản', TRUE),
    ('MH048', 'CS923', 'Total web-enabled knowledge user', 4, 57, 'DV015', 'Bộ môn Kế toán', TRUE),
    ('MH049', 'PHY923', 'Multi-layered foreground installation', 3, 49, 'DV014', 'Bộ môn Viễn thông', TRUE),
    ('MH050', 'CS651', 'Quality-focused dedicated knowledgebase', 2, 37, 'DV012', 'Bộ môn Tin học cơ bản', TRUE),
    ('MH051', 'CS157', 'Distributed background forecast', 2, 40, 'DV015', 'Bộ môn Kế toán', TRUE),
    ('MH052', 'CS133', 'User-friendly stable capability', 3, 38, 'DV012', 'Bộ môn Tin học cơ bản', TRUE),
    ('MH053', 'CS922', 'Diverse systematic service-desk', 4, 56, 'DV012', 'Bộ môn Tin học cơ bản', TRUE),
    ('MH054', 'CS591', 'Face-to-face regional hierarchy', 3, 44, 'DV015', 'Bộ môn Kế toán', TRUE),
    ('MH055', 'CHEM492', 'Vision-oriented multi-tasking encryption', 4, 34, 'DV012', 'Bộ môn Tin học cơ bản', TRUE),
    ('MH056', 'CHEM280', 'Object-based composite help-desk', 3, 50, 'DV013', 'Bộ môn Công nghệ phần mềm', TRUE),
    ('MH057', 'MATH316', 'Versatile didactic capacity', 2, 39, 'DV013', 'Bộ môn Công nghệ phần mềm', TRUE),
    ('MH058', 'CHEM838', 'Networked static structure', 2, 57, 'DV014', 'Bộ môn Viễn thông', TRUE),
    ('MH059', 'PHY856', 'Compatible contextually-based encryption', 2, 58, 'DV015', 'Bộ môn Kế toán', TRUE),
    ('MH060', 'CS970', 'Assimilated exuding budgetary management', 2, 60, 'DV015', 'Bộ môn Kế toán', TRUE),
    ('MH061', 'PHY983', 'Total optimizing software', 2, 41, 'DV014', 'Bộ môn Viễn thông', TRUE),
    ('MH062', 'CHEM131', 'Robust dynamic methodology', 2, 39, 'DV013', 'Bộ môn Công nghệ phần mềm', TRUE),
    ('MH063', 'CHEM375', 'Mandatory static service-desk', 2, 59, 'DV013', 'Bộ môn Công nghệ phần mềm', TRUE),
    ('MH064', 'MATH982', 'Operative didactic application', 2, 45, 'DV015', 'Bộ môn Kế toán', TRUE),
    ('MH065', 'CS206', 'Stand-alone analyzing focus group', 3, 49, 'DV012', 'Bộ môn Tin học cơ bản', TRUE),
    ('MH066', 'CS954', 'Extended value-added functionalities', 3, 37, 'DV012', 'Bộ môn Tin học cơ bản', TRUE),
    ('MH067', 'PHY539', 'Organized regional utilization', 4, 45, 'DV013', 'Bộ môn Công nghệ phần mềm', TRUE),
    ('MH068', 'PHY153', 'Extended responsive access', 4, 44, 'DV015', 'Bộ môn Kế toán', TRUE),
    ('MH069', 'MATH710', 'Re-engineered discrete artificial intelligence', 4, 49, 'DV012', 'Bộ môn Tin học cơ bản', TRUE),
    ('MH070', 'PHY701', 'Public-key disintermediate methodology', 2, 45, 'DV015', 'Bộ môn Kế toán', TRUE),
    ('MH071', 'MATH894', 'Function-based web-enabled matrices', 2, 60, 'DV015', 'Bộ môn Kế toán', TRUE),
    ('MH072', 'CHEM426', 'Programmable context-sensitive productivity', 2, 40, 'DV012', 'Bộ môn Tin học cơ bản', TRUE),
    ('MH073', 'CHEM960', 'Programmable holistic application', 4, 39, 'DV014', 'Bộ môn Viễn thông', TRUE),
    ('MH074', 'CS876', 'Realigned 5thgeneration knowledge user', 3, 58, 'DV015', 'Bộ môn Kế toán', TRUE),
    ('MH075', 'CS920', 'Stand-alone incremental functionalities', 3, 53, 'DV015', 'Bộ môn Kế toán', TRUE),
    ('MH076', 'CHEM194', 'Optional hybrid architecture', 3, 54, 'DV015', 'Bộ môn Kế toán', TRUE),
    ('MH077', 'PHY515', 'Configurable context-sensitive functionalities', 2, 32, 'DV015', 'Bộ môn Kế toán', TRUE),
    ('MH078', 'CHEM883', 'Synchronized tertiary open system', 4, 41, 'DV012', 'Bộ môn Tin học cơ bản', TRUE),
    ('MH079', 'MATH111', 'Fundamental well-modulated capacity', 2, 32, 'DV015', 'Bộ môn Kế toán', TRUE),
    ('MH080', 'CS456', 'Synchronized web-enabled portal', 4, 60, 'DV012', 'Bộ môn Tin học cơ bản', TRUE);

INSERT INTO lop_hoc_phan (id, ma_lhp, ten_lhp, mon_hoc_id, ma_mon, ten_mon, hoc_ky_id, ten_hoc_ky, giang_vien_id, ten_giang_vien, si_so_toi_da, phong, active) VALUES
    ('LHP001', 'PHY545_HK32023-2024_1', 'Persevering content-based matrices - Học kỳ hè Năm học 2023-2024 - Lớp 1', 'MH043', 'PHY545', 'Persevering content-based matrices', 'HK009', 'Học kỳ hè Năm học 2023-2024', 'GV008', 'Dương Đức Anh', 36, 'P117', TRUE),
    ('LHP002', 'IT101_HK32025-2026_2', 'Nhập môn Công nghệ thông tin - Học kỳ hè Năm học 2025-2026 - Lớp 2', 'MH001', 'IT101', 'Nhập môn Công nghệ thông tin', 'HK015', 'Học kỳ hè Năm học 2025-2026', 'GV003', 'Đỗ Tuấn Nguyệt', 76, 'P136', TRUE),
    ('LHP003', 'KT301_HK12025-2026_3', 'Kinh tế lượng - Học kỳ 1 Năm học 2025-2026 - Lớp 3', 'MH014', 'KT301', 'Kinh tế lượng', 'HK013', 'Học kỳ 1 Năm học 2025-2026', 'GV012', 'Phạm Kim Chiến', 31, 'P394', TRUE),
    ('LHP004', 'IT302_HK12022-2023_4', 'Trí tuệ nhân tạo - Học kỳ 1 Năm học 2022-2023 - Lớp 4', 'MH007', 'IT302', 'Trí tuệ nhân tạo', 'HK004', 'Học kỳ 1 Năm học 2022-2023', 'GV019', 'Phạm Văn Xuân', 47, 'P241', TRUE),
    ('LHP005', 'IT102_HK32024-2025_5', 'Lập trình cơ bản - Học kỳ hè Năm học 2024-2025 - Lớp 5', 'MH002', 'IT102', 'Lập trình cơ bản', 'HK012', 'Học kỳ hè Năm học 2024-2025', 'GV014', 'Lý Minh Hương', 60, 'P149', TRUE),
    ('LHP006', 'PHY701_HK12023-2024_6', 'Public-key disintermediate methodology - Học kỳ 1 Năm học 2023-2024 - Lớp 6', 'MH070', 'PHY701', 'Public-key disintermediate methodology', 'HK007', 'Học kỳ 1 Năm học 2023-2024', 'GV016', 'Lê Kim Linh', 50, 'P468', TRUE),
    ('LHP007', 'CS200_HK12022-2023_7', 'Compatible value-added model - Học kỳ 1 Năm học 2022-2023 - Lớp 7', 'MH047', 'CS200', 'Compatible value-added model', 'HK004', 'Học kỳ 1 Năm học 2022-2023', 'GV015', 'Ngô Ngọc Giang', 56, 'P448', TRUE),
    ('LHP008', 'KT202_HK22023-2024_8', 'Tài chính doanh nghiệp - Học kỳ 2 Năm học 2023-2024 - Lớp 8', 'MH013', 'KT202', 'Tài chính doanh nghiệp', 'HK008', 'Học kỳ 2 Năm học 2023-2024', 'GV003', 'Đỗ Tuấn Nguyệt', 80, 'P422', TRUE),
    ('LHP009', 'IT302_HK22023-2024_9', 'Trí tuệ nhân tạo - Học kỳ 2 Năm học 2023-2024 - Lớp 9', 'MH007', 'IT302', 'Trí tuệ nhân tạo', 'HK008', 'Học kỳ 2 Năm học 2023-2024', 'GV004', 'Dương Bảo Em', 58, 'P111', TRUE),
    ('LHP010', 'QS202_HK32021-2022_10', 'Kỹ thuật quân sự - Học kỳ hè Năm học 2021-2022 - Lớp 10', 'MH022', 'QS202', 'Kỹ thuật quân sự', 'HK003', 'Học kỳ hè Năm học 2021-2022', 'GV006', 'Đặng Thanh Phương', 41, 'P197', TRUE),
    ('LHP011', 'KT102_HK32022-2023_11', 'Kinh tế vĩ mô - Học kỳ hè Năm học 2022-2023 - Lớp 11', 'MH011', 'KT102', 'Kinh tế vĩ mô', 'HK006', 'Học kỳ hè Năm học 2022-2023', 'GV002', 'Đỗ Đức Việt', 44, 'P480', TRUE),
    ('LHP012', 'PHY923_HK12021-2022_12', 'Multi-layered foreground installation - Học kỳ 1 Năm học 2021-2022 - Lớp 12', 'MH049', 'PHY923', 'Multi-layered foreground installation', 'HK001', 'Học kỳ 1 Năm học 2021-2022', 'GV004', 'Dương Bảo Em', 58, 'P484', TRUE),
    ('LHP013', 'IT202_HK12023-2024_13', 'Cơ sở dữ liệu - Học kỳ 1 Năm học 2023-2024 - Lớp 13', 'MH004', 'IT202', 'Cơ sở dữ liệu', 'HK007', 'Học kỳ 1 Năm học 2023-2024', 'GV002', 'Đỗ Đức Việt', 52, 'P287', TRUE),
    ('LHP014', 'CS591_HK22022-2023_14', 'Face-to-face regional hierarchy - Học kỳ 2 Năm học 2022-2023 - Lớp 14', 'MH054', 'CS591', 'Face-to-face regional hierarchy', 'HK005', 'Học kỳ 2 Năm học 2022-2023', 'GV012', 'Phạm Kim Chiến', 74, 'P211', TRUE),
    ('LHP015', 'CHEM375_HK22024-2025_15', 'Mandatory static service-desk - Học kỳ 2 Năm học 2024-2025 - Lớp 15', 'MH063', 'CHEM375', 'Mandatory static service-desk', 'HK011', 'Học kỳ 2 Năm học 2024-2025', 'GV014', 'Lý Minh Hương', 72, 'P176', TRUE),
    ('LHP016', 'IT102_HK12025-2026_16', 'Lập trình cơ bản - Học kỳ 1 Năm học 2025-2026 - Lớp 16', 'MH002', 'IT102', 'Lập trình cơ bản', 'HK013', 'Học kỳ 1 Năm học 2025-2026', 'GV005', 'Lý Thanh Sơn', 68, 'P253', TRUE),
    ('LHP017', 'PHY539_HK22022-2023_17', 'Organized regional utilization - Học kỳ 2 Năm học 2022-2023 - Lớp 17', 'MH067', 'PHY539', 'Organized regional utilization', 'HK005', 'Học kỳ 2 Năm học 2022-2023', 'GV012', 'Phạm Kim Chiến', 59, 'P462', TRUE),
    ('LHP018', 'PHY539_HK32025-2026_18', 'Organized regional utilization - Học kỳ hè Năm học 2025-2026 - Lớp 18', 'MH067', 'PHY539', 'Organized regional utilization', 'HK015', 'Học kỳ hè Năm học 2025-2026', 'GV014', 'Lý Minh Hương', 69, 'P457', TRUE),
    ('LHP019', 'PHY539_HK12025-2026_19', 'Organized regional utilization - Học kỳ 1 Năm học 2025-2026 - Lớp 19', 'MH067', 'PHY539', 'Organized regional utilization', 'HK013', 'Học kỳ 1 Năm học 2025-2026', 'GV009', 'Vũ Bảo Hạnh', 45, 'P441', TRUE),
    ('LHP020', 'QS201_HK22021-2022_20', 'Chiến thuật bộ binh - Học kỳ 2 Năm học 2021-2022 - Lớp 20', 'MH021', 'QS201', 'Chiến thuật bộ binh', 'HK002', 'Học kỳ 2 Năm học 2021-2022', 'GV017', 'Phạm Hải Quân', 54, 'P113', TRUE),
    ('LHP021', 'PHY609_HK32023-2024_21', 'Sharable demand-driven artificial intelligence - Học kỳ hè Năm học 2023-2024 - Lớp 21', 'MH038', 'PHY609', 'Sharable demand-driven artificial intelligence', 'HK009', 'Học kỳ hè Năm học 2023-2024', 'GV013', 'Bùi Tuấn Hương', 34, 'P156', TRUE),
    ('LHP022', 'CS493_HK22023-2024_22', 'Mandatory 3rdgeneration success - Học kỳ 2 Năm học 2023-2024 - Lớp 22', 'MH040', 'CS493', 'Mandatory 3rdgeneration success', 'HK008', 'Học kỳ 2 Năm học 2023-2024', 'GV002', 'Đỗ Đức Việt', 70, 'P306', TRUE),
    ('LHP023', 'CS920_HK32025-2026_23', 'Stand-alone incremental functionalities - Học kỳ hè Năm học 2025-2026 - Lớp 23', 'MH075', 'CS920', 'Stand-alone incremental functionalities', 'HK015', 'Học kỳ hè Năm học 2025-2026', 'GV020', 'Phạm Quang Hoa', 54, 'P264', TRUE),
    ('LHP024', 'QS101_HK22021-2022_24', 'Giáo dục Quốc phòng - Học kỳ 2 Năm học 2021-2022 - Lớp 24', 'MH019', 'QS101', 'Giáo dục Quốc phòng', 'HK002', 'Học kỳ 2 Năm học 2021-2022', 'GV010', 'Lê Đức Phương', 36, 'P223', TRUE),
    ('LHP025', 'CHEM838_HK12025-2026_25', 'Networked static structure - Học kỳ 1 Năm học 2025-2026 - Lớp 25', 'MH058', 'CHEM838', 'Networked static structure', 'HK013', 'Học kỳ 1 Năm học 2025-2026', 'GV002', 'Đỗ Đức Việt', 51, 'P471', TRUE),
    ('LHP026', 'MATH894_HK32023-2024_26', 'Function-based web-enabled matrices - Học kỳ hè Năm học 2023-2024 - Lớp 26', 'MH071', 'MATH894', 'Function-based web-enabled matrices', 'HK009', 'Học kỳ hè Năm học 2023-2024', 'GV020', 'Phạm Quang Hoa', 51, 'P329', TRUE),
    ('LHP027', 'CHEM280_HK32021-2022_27', 'Object-based composite help-desk - Học kỳ hè Năm học 2021-2022 - Lớp 27', 'MH056', 'CHEM280', 'Object-based composite help-desk', 'HK003', 'Học kỳ hè Năm học 2021-2022', 'GV012', 'Phạm Kim Chiến', 57, 'P414', TRUE),
    ('LHP028', 'CS651_HK12023-2024_28', 'Quality-focused dedicated knowledgebase - Học kỳ 1 Năm học 2023-2024 - Lớp 28', 'MH050', 'CS651', 'Quality-focused dedicated knowledgebase', 'HK007', 'Học kỳ 1 Năm học 2023-2024', 'GV015', 'Ngô Ngọc Giang', 79, 'P440', TRUE),
    ('LHP029', 'CHEM285_HK32025-2026_29', 'Visionary even-keeled algorithm - Học kỳ hè Năm học 2025-2026 - Lớp 29', 'MH046', 'CHEM285', 'Visionary even-keeled algorithm', 'HK015', 'Học kỳ hè Năm học 2025-2026', 'GV004', 'Dương Bảo Em', 76, 'P482', TRUE),
    ('LHP030', 'CHEM492_HK12022-2023_30', 'Vision-oriented multi-tasking encryption - Học kỳ 1 Năm học 2022-2023 - Lớp 30', 'MH055', 'CHEM492', 'Vision-oriented multi-tasking encryption', 'HK004', 'Học kỳ 1 Năm học 2022-2023', 'GV012', 'Phạm Kim Chiến', 42, 'P441', TRUE),
    ('LHP031', 'MATH150_HK22025-2026_31', 'Triple-buffered global matrix - Học kỳ 2 Năm học 2025-2026 - Lớp 31', 'MH030', 'MATH150', 'Triple-buffered global matrix', 'HK014', 'Học kỳ 2 Năm học 2025-2026', 'GV011', 'Hồ Thanh Nguyệt', 53, 'P209', TRUE),
    ('LHP032', 'QS102_HK32024-2025_32', 'Điều lệnh Quân đội - Học kỳ hè Năm học 2024-2025 - Lớp 32', 'MH020', 'QS102', 'Điều lệnh Quân đội', 'HK012', 'Học kỳ hè Năm học 2024-2025', 'GV019', 'Phạm Văn Xuân', 41, 'P479', TRUE),
    ('LHP033', 'PHY983_HK32025-2026_33', 'Total optimizing software - Học kỳ hè Năm học 2025-2026 - Lớp 33', 'MH061', 'PHY983', 'Total optimizing software', 'HK015', 'Học kỳ hè Năm học 2025-2026', 'GV008', 'Dương Đức Anh', 52, 'P291', TRUE),
    ('LHP034', 'QS102_HK22024-2025_34', 'Điều lệnh Quân đội - Học kỳ 2 Năm học 2024-2025 - Lớp 34', 'MH020', 'QS102', 'Điều lệnh Quân đội', 'HK011', 'Học kỳ 2 Năm học 2024-2025', 'GV001', 'Lê Tuấn Hoa', 59, 'P208', TRUE),
    ('LHP035', 'IT102_HK32022-2023_35', 'Lập trình cơ bản - Học kỳ hè Năm học 2022-2023 - Lớp 35', 'MH002', 'IT102', 'Lập trình cơ bản', 'HK006', 'Học kỳ hè Năm học 2022-2023', 'GV007', 'Vũ Kim Giang', 45, 'P317', TRUE),
    ('LHP036', 'CS329_HK32022-2023_36', 'Customer-focused next generation emulation - Học kỳ hè Năm học 2022-2023 - Lớp 36', 'MH041', 'CS329', 'Customer-focused next generation emulation', 'HK006', 'Học kỳ hè Năm học 2022-2023', 'GV002', 'Đỗ Đức Việt', 58, 'P351', TRUE),
    ('LHP037', 'MATH894_HK32024-2025_37', 'Function-based web-enabled matrices - Học kỳ hè Năm học 2024-2025 - Lớp 37', 'MH071', 'MATH894', 'Function-based web-enabled matrices', 'HK012', 'Học kỳ hè Năm học 2024-2025', 'GV015', 'Ngô Ngọc Giang', 55, 'P110', TRUE),
    ('LHP038', 'QS102_HK32025-2026_38', 'Điều lệnh Quân đội - Học kỳ hè Năm học 2025-2026 - Lớp 38', 'MH020', 'QS102', 'Điều lệnh Quân đội', 'HK015', 'Học kỳ hè Năm học 2025-2026', 'GV008', 'Dương Đức Anh', 75, 'P105', TRUE),
    ('LHP039', 'MATH982_HK32022-2023_39', 'Operative didactic application - Học kỳ hè Năm học 2022-2023 - Lớp 39', 'MH064', 'MATH982', 'Operative didactic application', 'HK006', 'Học kỳ hè Năm học 2022-2023', 'GV019', 'Phạm Văn Xuân', 41, 'P259', TRUE),
    ('LHP040', 'IT302_HK12024-2025_40', 'Trí tuệ nhân tạo - Học kỳ 1 Năm học 2024-2025 - Lớp 40', 'MH007', 'IT302', 'Trí tuệ nhân tạo', 'HK010', 'Học kỳ 1 Năm học 2024-2025', 'GV012', 'Phạm Kim Chiến', 74, 'P250', TRUE),
    ('LHP041', 'CHEM164_HK32021-2022_41', 'Synergized demand-driven analyzer - Học kỳ hè Năm học 2021-2022 - Lớp 41', 'MH036', 'CHEM164', 'Synergized demand-driven analyzer', 'HK003', 'Học kỳ hè Năm học 2021-2022', 'GV006', 'Đặng Thanh Phương', 50, 'P285', TRUE),
    ('LHP042', 'MATH494_HK32024-2025_42', 'Open-architected coherent system engine - Học kỳ hè Năm học 2024-2025 - Lớp 42', 'MH027', 'MATH494', 'Open-architected coherent system engine', 'HK012', 'Học kỳ hè Năm học 2024-2025', 'GV006', 'Đặng Thanh Phương', 60, 'P433', TRUE),
    ('LHP043', 'CHEM194_HK12021-2022_43', 'Optional hybrid architecture - Học kỳ 1 Năm học 2021-2022 - Lớp 43', 'MH076', 'CHEM194', 'Optional hybrid architecture', 'HK001', 'Học kỳ 1 Năm học 2021-2022', 'GV003', 'Đỗ Tuấn Nguyệt', 68, 'P152', TRUE),
    ('LHP044', 'KT201_HK22021-2022_44', 'Nguyên lý kế toán - Học kỳ 2 Năm học 2021-2022 - Lớp 44', 'MH012', 'KT201', 'Nguyên lý kế toán', 'HK002', 'Học kỳ 2 Năm học 2021-2022', 'GV012', 'Phạm Kim Chiến', 70, 'P271', TRUE),
    ('LHP045', 'PHY856_HK22025-2026_45', 'Compatible contextually-based encryption - Học kỳ 2 Năm học 2025-2026 - Lớp 45', 'MH059', 'PHY856', 'Compatible contextually-based encryption', 'HK014', 'Học kỳ 2 Năm học 2025-2026', 'GV015', 'Ngô Ngọc Giang', 37, 'P285', TRUE),
    ('LHP046', 'MATH797_HK32021-2022_46', 'Enterprise-wide bottom-line benchmark - Học kỳ hè Năm học 2021-2022 - Lớp 46', 'MH039', 'MATH797', 'Enterprise-wide bottom-line benchmark', 'HK003', 'Học kỳ hè Năm học 2021-2022', 'GV014', 'Lý Minh Hương', 57, 'P405', TRUE),
    ('LHP047', 'IT301_HK32021-2022_47', 'Phát triển ứng dụng Web - Học kỳ hè Năm học 2021-2022 - Lớp 47', 'MH006', 'IT301', 'Phát triển ứng dụng Web', 'HK003', 'Học kỳ hè Năm học 2021-2022', 'GV017', 'Phạm Hải Quân', 69, 'P406', TRUE),
    ('LHP048', 'PHY515_HK22021-2022_48', 'Configurable context-sensitive functionalities - Học kỳ 2 Năm học 2021-2022 - Lớp 48', 'MH077', 'PHY515', 'Configurable context-sensitive functionalities', 'HK002', 'Học kỳ 2 Năm học 2021-2022', 'GV019', 'Phạm Văn Xuân', 72, 'P272', TRUE),
    ('LHP049', 'CHEM426_HK32022-2023_49', 'Programmable context-sensitive productivity - Học kỳ hè Năm học 2022-2023 - Lớp 49', 'MH072', 'CHEM426', 'Programmable context-sensitive productivity', 'HK006', 'Học kỳ hè Năm học 2022-2023', 'GV001', 'Lê Tuấn Hoa', 43, 'P164', TRUE),
    ('LHP050', 'KT202_HK22021-2022_50', 'Tài chính doanh nghiệp - Học kỳ 2 Năm học 2021-2022 - Lớp 50', 'MH013', 'KT202', 'Tài chính doanh nghiệp', 'HK002', 'Học kỳ 2 Năm học 2021-2022', 'GV006', 'Đặng Thanh Phương', 57, 'P161', TRUE),
    ('LHP051', 'PHY153_HK12023-2024_51', 'Extended responsive access - Học kỳ 1 Năm học 2023-2024 - Lớp 51', 'MH068', 'PHY153', 'Extended responsive access', 'HK007', 'Học kỳ 1 Năm học 2023-2024', 'GV010', 'Lê Đức Phương', 74, 'P124', TRUE),
    ('LHP052', 'KT301_HK22022-2023_52', 'Kinh tế lượng - Học kỳ 2 Năm học 2022-2023 - Lớp 52', 'MH014', 'KT301', 'Kinh tế lượng', 'HK005', 'Học kỳ 2 Năm học 2022-2023', 'GV003', 'Đỗ Tuấn Nguyệt', 45, 'P432', TRUE),
    ('LHP053', 'CS385_HK32024-2025_53', 'Exclusive 24/7 function - Học kỳ hè Năm học 2024-2025 - Lớp 53', 'MH044', 'CS385', 'Exclusive 24/7 function', 'HK012', 'Học kỳ hè Năm học 2024-2025', 'GV010', 'Lê Đức Phương', 70, 'P138', TRUE),
    ('LHP054', 'IT203_HK22021-2022_54', 'Mạng máy tính - Học kỳ 2 Năm học 2021-2022 - Lớp 54', 'MH005', 'IT203', 'Mạng máy tính', 'HK002', 'Học kỳ 2 Năm học 2021-2022', 'GV019', 'Phạm Văn Xuân', 37, 'P457', TRUE),
    ('LHP055', 'IT301_HK22022-2023_55', 'Phát triển ứng dụng Web - Học kỳ 2 Năm học 2022-2023 - Lớp 55', 'MH006', 'IT301', 'Phát triển ứng dụng Web', 'HK005', 'Học kỳ 2 Năm học 2022-2023', 'GV003', 'Đỗ Tuấn Nguyệt', 38, 'P128', TRUE),
    ('LHP056', 'CS954_HK22023-2024_56', 'Extended value-added functionalities - Học kỳ 2 Năm học 2023-2024 - Lớp 56', 'MH066', 'CS954', 'Extended value-added functionalities', 'HK008', 'Học kỳ 2 Năm học 2023-2024', 'GV020', 'Phạm Quang Hoa', 60, 'P196', TRUE),
    ('LHP057', 'CS206_HK22021-2022_57', 'Stand-alone analyzing focus group - Học kỳ 2 Năm học 2021-2022 - Lớp 57', 'MH065', 'CS206', 'Stand-alone analyzing focus group', 'HK002', 'Học kỳ 2 Năm học 2021-2022', 'GV012', 'Phạm Kim Chiến', 79, 'P105', TRUE),
    ('LHP058', 'MATH865_HK32021-2022_58', 'Enterprise-wide leadingedge encoding - Học kỳ hè Năm học 2021-2022 - Lớp 58', 'MH031', 'MATH865', 'Enterprise-wide leadingedge encoding', 'HK003', 'Học kỳ hè Năm học 2021-2022', 'GV010', 'Lê Đức Phương', 34, 'P154', TRUE),
    ('LHP059', 'MATH797_HK22022-2023_59', 'Enterprise-wide bottom-line benchmark - Học kỳ 2 Năm học 2022-2023 - Lớp 59', 'MH039', 'MATH797', 'Enterprise-wide bottom-line benchmark', 'HK005', 'Học kỳ 2 Năm học 2022-2023', 'GV013', 'Bùi Tuấn Hương', 68, 'P457', TRUE),
    ('LHP060', 'CS920_HK22022-2023_60', 'Stand-alone incremental functionalities - Học kỳ 2 Năm học 2022-2023 - Lớp 60', 'MH075', 'CS920', 'Stand-alone incremental functionalities', 'HK005', 'Học kỳ 2 Năm học 2022-2023', 'GV003', 'Đỗ Tuấn Nguyệt', 64, 'P109', TRUE),
    ('LHP061', 'CS385_HK22025-2026_61', 'Exclusive 24/7 function - Học kỳ 2 Năm học 2025-2026 - Lớp 61', 'MH044', 'CS385', 'Exclusive 24/7 function', 'HK014', 'Học kỳ 2 Năm học 2025-2026', 'GV007', 'Vũ Kim Giang', 73, 'P138', TRUE),
    ('LHP062', 'PHY609_HK22025-2026_62', 'Sharable demand-driven artificial intelligence - Học kỳ 2 Năm học 2025-2026 - Lớp 62', 'MH038', 'PHY609', 'Sharable demand-driven artificial intelligence', 'HK014', 'Học kỳ 2 Năm học 2025-2026', 'GV017', 'Phạm Hải Quân', 36, 'P337', TRUE),
    ('LHP063', 'KT101_HK32023-2024_63', 'Kinh tế vi mô - Học kỳ hè Năm học 2023-2024 - Lớp 63', 'MH010', 'KT101', 'Kinh tế vi mô', 'HK009', 'Học kỳ hè Năm học 2023-2024', 'GV016', 'Lê Kim Linh', 78, 'P476', TRUE),
    ('LHP064', 'PHY609_HK22024-2025_64', 'Sharable demand-driven artificial intelligence - Học kỳ 2 Năm học 2024-2025 - Lớp 64', 'MH038', 'PHY609', 'Sharable demand-driven artificial intelligence', 'HK011', 'Học kỳ 2 Năm học 2024-2025', 'GV005', 'Lý Thanh Sơn', 70, 'P372', TRUE),
    ('LHP065', 'IT301_HK12023-2024_65', 'Phát triển ứng dụng Web - Học kỳ 1 Năm học 2023-2024 - Lớp 65', 'MH006', 'IT301', 'Phát triển ứng dụng Web', 'HK007', 'Học kỳ 1 Năm học 2023-2024', 'GV002', 'Đỗ Đức Việt', 59, 'P235', TRUE),
    ('LHP066', 'CS456_HK12023-2024_66', 'Synchronized web-enabled portal - Học kỳ 1 Năm học 2023-2024 - Lớp 66', 'MH080', 'CS456', 'Synchronized web-enabled portal', 'HK007', 'Học kỳ 1 Năm học 2023-2024', 'GV007', 'Vũ Kim Giang', 66, 'P278', TRUE),
    ('LHP067', 'CHEM280_HK12024-2025_67', 'Object-based composite help-desk - Học kỳ 1 Năm học 2024-2025 - Lớp 67', 'MH056', 'CHEM280', 'Object-based composite help-desk', 'HK010', 'Học kỳ 1 Năm học 2024-2025', 'GV002', 'Đỗ Đức Việt', 63, 'P195', TRUE),
    ('LHP068', 'CS493_HK22024-2025_68', 'Mandatory 3rdgeneration success - Học kỳ 2 Năm học 2024-2025 - Lớp 68', 'MH040', 'CS493', 'Mandatory 3rdgeneration success', 'HK011', 'Học kỳ 2 Năm học 2024-2025', 'GV020', 'Phạm Quang Hoa', 31, 'P439', TRUE),
    ('LHP069', 'MATH710_HK22023-2024_69', 'Re-engineered discrete artificial intelligence - Học kỳ 2 Năm học 2023-2024 - Lớp 69', 'MH069', 'MATH710', 'Re-engineered discrete artificial intelligence', 'HK008', 'Học kỳ 2 Năm học 2023-2024', 'GV005', 'Lý Thanh Sơn', 57, 'P416', TRUE),
    ('LHP070', 'CHEM131_HK22023-2024_70', 'Robust dynamic methodology - Học kỳ 2 Năm học 2023-2024 - Lớp 70', 'MH062', 'CHEM131', 'Robust dynamic methodology', 'HK008', 'Học kỳ 2 Năm học 2023-2024', 'GV018', 'Lý Tuấn Bình', 65, 'P345', TRUE),
    ('LHP071', 'QS101_HK32023-2024_71', 'Giáo dục Quốc phòng - Học kỳ hè Năm học 2023-2024 - Lớp 71', 'MH019', 'QS101', 'Giáo dục Quốc phòng', 'HK009', 'Học kỳ hè Năm học 2023-2024', 'GV004', 'Dương Bảo Em', 51, 'P235', TRUE),
    ('LHP072', 'IT301_HK12022-2023_72', 'Phát triển ứng dụng Web - Học kỳ 1 Năm học 2022-2023 - Lớp 72', 'MH006', 'IT301', 'Phát triển ứng dụng Web', 'HK004', 'Học kỳ 1 Năm học 2022-2023', 'GV018', 'Lý Tuấn Bình', 37, 'P199', TRUE),
    ('LHP073', 'CS591_HK22024-2025_73', 'Face-to-face regional hierarchy - Học kỳ 2 Năm học 2024-2025 - Lớp 73', 'MH054', 'CS591', 'Face-to-face regional hierarchy', 'HK011', 'Học kỳ 2 Năm học 2024-2025', 'GV012', 'Phạm Kim Chiến', 65, 'P302', TRUE),
    ('LHP074', 'IT101_HK12021-2022_74', 'Nhập môn Công nghệ thông tin - Học kỳ 1 Năm học 2021-2022 - Lớp 74', 'MH001', 'IT101', 'Nhập môn Công nghệ thông tin', 'HK001', 'Học kỳ 1 Năm học 2021-2022', 'GV004', 'Dương Bảo Em', 55, 'P489', TRUE),
    ('LHP075', 'CHEM763_HK32022-2023_75', 'Operative executive concept - Học kỳ hè Năm học 2022-2023 - Lớp 75', 'MH035', 'CHEM763', 'Operative executive concept', 'HK006', 'Học kỳ hè Năm học 2022-2023', 'GV016', 'Lê Kim Linh', 39, 'P499', TRUE),
    ('LHP076', 'CS688_HK32023-2024_76', 'Virtual human-resource knowledge user - Học kỳ hè Năm học 2023-2024 - Lớp 76', 'MH032', 'CS688', 'Virtual human-resource knowledge user', 'HK009', 'Học kỳ hè Năm học 2023-2024', 'GV010', 'Lê Đức Phương', 79, 'P198', TRUE),
    ('LHP077', 'PHY515_HK12025-2026_77', 'Configurable context-sensitive functionalities - Học kỳ 1 Năm học 2025-2026 - Lớp 77', 'MH077', 'PHY515', 'Configurable context-sensitive functionalities', 'HK013', 'Học kỳ 1 Năm học 2025-2026', 'GV013', 'Bùi Tuấn Hương', 72, 'P113', TRUE),
    ('LHP078', 'CHEM280_HK22024-2025_78', 'Object-based composite help-desk - Học kỳ 2 Năm học 2024-2025 - Lớp 78', 'MH056', 'CHEM280', 'Object-based composite help-desk', 'HK011', 'Học kỳ 2 Năm học 2024-2025', 'GV005', 'Lý Thanh Sơn', 69, 'P153', TRUE),
    ('LHP079', 'MATH150_HK32025-2026_79', 'Triple-buffered global matrix - Học kỳ hè Năm học 2025-2026 - Lớp 79', 'MH030', 'MATH150', 'Triple-buffered global matrix', 'HK015', 'Học kỳ hè Năm học 2025-2026', 'GV002', 'Đỗ Đức Việt', 62, 'P194', TRUE),
    ('LHP080', 'MATH150_HK12023-2024_80', 'Triple-buffered global matrix - Học kỳ 1 Năm học 2023-2024 - Lớp 80', 'MH030', 'MATH150', 'Triple-buffered global matrix', 'HK007', 'Học kỳ 1 Năm học 2023-2024', 'GV006', 'Đặng Thanh Phương', 74, 'P425', TRUE),
    ('LHP081', 'CS493_HK22021-2022_81', 'Mandatory 3rdgeneration success - Học kỳ 2 Năm học 2021-2022 - Lớp 81', 'MH040', 'CS493', 'Mandatory 3rdgeneration success', 'HK002', 'Học kỳ 2 Năm học 2021-2022', 'GV016', 'Lê Kim Linh', 50, 'P241', TRUE),
    ('LHP082', 'IT304_HK32022-2023_82', 'An toàn và bảo mật thông tin - Học kỳ hè Năm học 2022-2023 - Lớp 82', 'MH009', 'IT304', 'An toàn và bảo mật thông tin', 'HK006', 'Học kỳ hè Năm học 2022-2023', 'GV007', 'Vũ Kim Giang', 45, 'P341', TRUE),
    ('LHP083', 'CS591_HK12024-2025_83', 'Face-to-face regional hierarchy - Học kỳ 1 Năm học 2024-2025 - Lớp 83', 'MH054', 'CS591', 'Face-to-face regional hierarchy', 'HK010', 'Học kỳ 1 Năm học 2024-2025', 'GV007', 'Vũ Kim Giang', 42, 'P363', TRUE),
    ('LHP084', 'MATH894_HK32025-2026_84', 'Function-based web-enabled matrices - Học kỳ hè Năm học 2025-2026 - Lớp 84', 'MH071', 'MATH894', 'Function-based web-enabled matrices', 'HK015', 'Học kỳ hè Năm học 2025-2026', 'GV012', 'Phạm Kim Chiến', 71, 'P235', TRUE),
    ('LHP085', 'CS876_HK12025-2026_85', 'Realigned 5thgeneration knowledge user - Học kỳ 1 Năm học 2025-2026 - Lớp 85', 'MH074', 'CS876', 'Realigned 5thgeneration knowledge user', 'HK013', 'Học kỳ 1 Năm học 2025-2026', 'GV002', 'Đỗ Đức Việt', 34, 'P147', TRUE),
    ('LHP086', 'CS876_HK12024-2025_86', 'Realigned 5thgeneration knowledge user - Học kỳ 1 Năm học 2024-2025 - Lớp 86', 'MH074', 'CS876', 'Realigned 5thgeneration knowledge user', 'HK010', 'Học kỳ 1 Năm học 2024-2025', 'GV015', 'Ngô Ngọc Giang', 34, 'P319', TRUE),
    ('LHP087', 'CHEM883_HK32023-2024_87', 'Synchronized tertiary open system - Học kỳ hè Năm học 2023-2024 - Lớp 87', 'MH078', 'CHEM883', 'Synchronized tertiary open system', 'HK009', 'Học kỳ hè Năm học 2023-2024', 'GV009', 'Vũ Bảo Hạnh', 77, 'P186', TRUE),
    ('LHP088', 'KT301_HK32025-2026_88', 'Kinh tế lượng - Học kỳ hè Năm học 2025-2026 - Lớp 88', 'MH014', 'KT301', 'Kinh tế lượng', 'HK015', 'Học kỳ hè Năm học 2025-2026', 'GV004', 'Dương Bảo Em', 55, 'P434', TRUE),
    ('LHP089', 'KT301_HK12024-2025_89', 'Kinh tế lượng - Học kỳ 1 Năm học 2024-2025 - Lớp 89', 'MH014', 'KT301', 'Kinh tế lượng', 'HK010', 'Học kỳ 1 Năm học 2024-2025', 'GV005', 'Lý Thanh Sơn', 42, 'P311', TRUE),
    ('LHP090', 'PHY883_HK12022-2023_90', 'Customer-focused optimizing challenge - Học kỳ 1 Năm học 2022-2023 - Lớp 90', 'MH037', 'PHY883', 'Customer-focused optimizing challenge', 'HK004', 'Học kỳ 1 Năm học 2022-2023', 'GV011', 'Hồ Thanh Nguyệt', 50, 'P153', TRUE),
    ('LHP091', 'MATH412_HK32023-2024_91', 'Right-sized real-time migration - Học kỳ hè Năm học 2023-2024 - Lớp 91', 'MH042', 'MATH412', 'Right-sized real-time migration', 'HK009', 'Học kỳ hè Năm học 2023-2024', 'GV007', 'Vũ Kim Giang', 51, 'P341', TRUE),
    ('LHP092', 'QS101_HK32021-2022_92', 'Giáo dục Quốc phòng - Học kỳ hè Năm học 2021-2022 - Lớp 92', 'MH019', 'QS101', 'Giáo dục Quốc phòng', 'HK003', 'Học kỳ hè Năm học 2021-2022', 'GV013', 'Bùi Tuấn Hương', 72, 'P112', TRUE),
    ('LHP093', 'CS385_HK12022-2023_93', 'Exclusive 24/7 function - Học kỳ 1 Năm học 2022-2023 - Lớp 93', 'MH044', 'CS385', 'Exclusive 24/7 function', 'HK004', 'Học kỳ 1 Năm học 2022-2023', 'GV009', 'Vũ Bảo Hạnh', 46, 'P116', TRUE),
    ('LHP094', 'MATH982_HK22022-2023_94', 'Operative didactic application - Học kỳ 2 Năm học 2022-2023 - Lớp 94', 'MH064', 'MATH982', 'Operative didactic application', 'HK005', 'Học kỳ 2 Năm học 2022-2023', 'GV008', 'Dương Đức Anh', 49, 'P125', TRUE),
    ('LHP095', 'IT302_HK32025-2026_95', 'Trí tuệ nhân tạo - Học kỳ hè Năm học 2025-2026 - Lớp 95', 'MH007', 'IT302', 'Trí tuệ nhân tạo', 'HK015', 'Học kỳ hè Năm học 2025-2026', 'GV018', 'Lý Tuấn Bình', 58, 'P205', TRUE),
    ('LHP096', 'IT301_HK22021-2022_96', 'Phát triển ứng dụng Web - Học kỳ 2 Năm học 2021-2022 - Lớp 96', 'MH006', 'IT301', 'Phát triển ứng dụng Web', 'HK002', 'Học kỳ 2 Năm học 2021-2022', 'GV006', 'Đặng Thanh Phương', 40, 'P111', TRUE),
    ('LHP097', 'IT102_HK32024-2025_97', 'Lập trình cơ bản - Học kỳ hè Năm học 2024-2025 - Lớp 97', 'MH002', 'IT102', 'Lập trình cơ bản', 'HK012', 'Học kỳ hè Năm học 2024-2025', 'GV006', 'Đặng Thanh Phương', 56, 'P151', TRUE),
    ('LHP098', 'PHY515_HK32021-2022_98', 'Configurable context-sensitive functionalities - Học kỳ hè Năm học 2021-2022 - Lớp 98', 'MH077', 'PHY515', 'Configurable context-sensitive functionalities', 'HK003', 'Học kỳ hè Năm học 2021-2022', 'GV019', 'Phạm Văn Xuân', 67, 'P247', TRUE),
    ('LHP099', 'IT101_HK32023-2024_99', 'Nhập môn Công nghệ thông tin - Học kỳ hè Năm học 2023-2024 - Lớp 99', 'MH001', 'IT101', 'Nhập môn Công nghệ thông tin', 'HK009', 'Học kỳ hè Năm học 2023-2024', 'GV009', 'Vũ Bảo Hạnh', 52, 'P286', TRUE),
    ('LHP100', 'CS954_HK22024-2025_100', 'Extended value-added functionalities - Học kỳ 2 Năm học 2024-2025 - Lớp 100', 'MH066', 'CS954', 'Extended value-added functionalities', 'HK011', 'Học kỳ 2 Năm học 2024-2025', 'GV003', 'Đỗ Tuấn Nguyệt', 66, 'P437', TRUE),
    ('LHP101', 'MATH710_HK22021-2022_101', 'Re-engineered discrete artificial intelligence - Học kỳ 2 Năm học 2021-2022 - Lớp 101', 'MH069', 'MATH710', 'Re-engineered discrete artificial intelligence', 'HK002', 'Học kỳ 2 Năm học 2021-2022', 'GV009', 'Vũ Bảo Hạnh', 73, 'P160', TRUE),
    ('LHP102', 'CHEM280_HK12024-2025_102', 'Object-based composite help-desk - Học kỳ 1 Năm học 2024-2025 - Lớp 102', 'MH056', 'CHEM280', 'Object-based composite help-desk', 'HK010', 'Học kỳ 1 Năm học 2024-2025', 'GV016', 'Lê Kim Linh', 37, 'P310', TRUE),
    ('LHP103', 'MATH111_HK12024-2025_103', 'Fundamental well-modulated capacity - Học kỳ 1 Năm học 2024-2025 - Lớp 103', 'MH079', 'MATH111', 'Fundamental well-modulated capacity', 'HK010', 'Học kỳ 1 Năm học 2024-2025', 'GV018', 'Lý Tuấn Bình', 80, 'P372', TRUE),
    ('LHP104', 'CS200_HK22021-2022_104', 'Compatible value-added model - Học kỳ 2 Năm học 2021-2022 - Lớp 104', 'MH047', 'CS200', 'Compatible value-added model', 'HK002', 'Học kỳ 2 Năm học 2021-2022', 'GV015', 'Ngô Ngọc Giang', 41, 'P430', TRUE),
    ('LHP105', 'MATH894_HK32023-2024_105', 'Function-based web-enabled matrices - Học kỳ hè Năm học 2023-2024 - Lớp 105', 'MH071', 'MATH894', 'Function-based web-enabled matrices', 'HK009', 'Học kỳ hè Năm học 2023-2024', 'GV016', 'Lê Kim Linh', 70, 'P339', TRUE),
    ('LHP106', 'MATH316_HK22024-2025_106', 'Versatile didactic capacity - Học kỳ 2 Năm học 2024-2025 - Lớp 106', 'MH057', 'MATH316', 'Versatile didactic capacity', 'HK011', 'Học kỳ 2 Năm học 2024-2025', 'GV001', 'Lê Tuấn Hoa', 67, 'P151', TRUE),
    ('LHP107', 'MATH353_HK32021-2022_107', 'Public-key fresh-thinking function - Học kỳ hè Năm học 2021-2022 - Lớp 107', 'MH028', 'MATH353', 'Public-key fresh-thinking function', 'HK003', 'Học kỳ hè Năm học 2021-2022', 'GV008', 'Dương Đức Anh', 78, 'P495', TRUE),
    ('LHP108', 'MATH710_HK12021-2022_108', 'Re-engineered discrete artificial intelligence - Học kỳ 1 Năm học 2021-2022 - Lớp 108', 'MH069', 'MATH710', 'Re-engineered discrete artificial intelligence', 'HK001', 'Học kỳ 1 Năm học 2021-2022', 'GV002', 'Đỗ Đức Việt', 61, 'P159', TRUE),
    ('LHP109', 'QS101_HK12023-2024_109', 'Giáo dục Quốc phòng - Học kỳ 1 Năm học 2023-2024 - Lớp 109', 'MH019', 'QS101', 'Giáo dục Quốc phòng', 'HK007', 'Học kỳ 1 Năm học 2023-2024', 'GV001', 'Lê Tuấn Hoa', 73, 'P184', TRUE),
    ('LHP110', 'CS923_HK32022-2023_110', 'Total web-enabled knowledge user - Học kỳ hè Năm học 2022-2023 - Lớp 110', 'MH048', 'CS923', 'Total web-enabled knowledge user', 'HK006', 'Học kỳ hè Năm học 2022-2023', 'GV001', 'Lê Tuấn Hoa', 69, 'P374', TRUE),
    ('LHP111', 'CHEM131_HK32021-2022_111', 'Robust dynamic methodology - Học kỳ hè Năm học 2021-2022 - Lớp 111', 'MH062', 'CHEM131', 'Robust dynamic methodology', 'HK003', 'Học kỳ hè Năm học 2021-2022', 'GV005', 'Lý Thanh Sơn', 68, 'P184', TRUE),
    ('LHP112', 'MATH894_HK22021-2022_112', 'Function-based web-enabled matrices - Học kỳ 2 Năm học 2021-2022 - Lớp 112', 'MH071', 'MATH894', 'Function-based web-enabled matrices', 'HK002', 'Học kỳ 2 Năm học 2021-2022', 'GV007', 'Vũ Kim Giang', 39, 'P129', TRUE),
    ('LHP113', 'IT102_HK22025-2026_113', 'Lập trình cơ bản - Học kỳ 2 Năm học 2025-2026 - Lớp 113', 'MH002', 'IT102', 'Lập trình cơ bản', 'HK014', 'Học kỳ 2 Năm học 2025-2026', 'GV016', 'Lê Kim Linh', 59, 'P238', TRUE),
    ('LHP114', 'CS651_HK32024-2025_114', 'Quality-focused dedicated knowledgebase - Học kỳ hè Năm học 2024-2025 - Lớp 114', 'MH050', 'CS651', 'Quality-focused dedicated knowledgebase', 'HK012', 'Học kỳ hè Năm học 2024-2025', 'GV010', 'Lê Đức Phương', 35, 'P462', TRUE),
    ('LHP115', 'PHY923_HK12024-2025_115', 'Multi-layered foreground installation - Học kỳ 1 Năm học 2024-2025 - Lớp 115', 'MH049', 'PHY923', 'Multi-layered foreground installation', 'HK010', 'Học kỳ 1 Năm học 2024-2025', 'GV018', 'Lý Tuấn Bình', 64, 'P330', TRUE),
    ('LHP116', 'KT202_HK12022-2023_116', 'Tài chính doanh nghiệp - Học kỳ 1 Năm học 2022-2023 - Lớp 116', 'MH013', 'KT202', 'Tài chính doanh nghiệp', 'HK004', 'Học kỳ 1 Năm học 2022-2023', 'GV017', 'Phạm Hải Quân', 52, 'P482', TRUE),
    ('LHP117', 'NN202_HK12023-2024_117', 'Tiếng Trung cơ bản - Học kỳ 1 Năm học 2023-2024 - Lớp 117', 'MH018', 'NN202', 'Tiếng Trung cơ bản', 'HK007', 'Học kỳ 1 Năm học 2023-2024', 'GV019', 'Phạm Văn Xuân', 36, 'P402', TRUE),
    ('LHP118', 'PHY883_HK32023-2024_118', 'Customer-focused optimizing challenge - Học kỳ hè Năm học 2023-2024 - Lớp 118', 'MH037', 'PHY883', 'Customer-focused optimizing challenge', 'HK009', 'Học kỳ hè Năm học 2023-2024', 'GV019', 'Phạm Văn Xuân', 31, 'P425', TRUE),
    ('LHP119', 'MATH494_HK32023-2024_119', 'Open-architected coherent system engine - Học kỳ hè Năm học 2023-2024 - Lớp 119', 'MH027', 'MATH494', 'Open-architected coherent system engine', 'HK009', 'Học kỳ hè Năm học 2023-2024', 'GV002', 'Đỗ Đức Việt', 58, 'P156', TRUE),
    ('LHP120', 'KT301_HK22025-2026_120', 'Kinh tế lượng - Học kỳ 2 Năm học 2025-2026 - Lớp 120', 'MH014', 'KT301', 'Kinh tế lượng', 'HK014', 'Học kỳ 2 Năm học 2025-2026', 'GV020', 'Phạm Quang Hoa', 74, 'P148', TRUE);

INSERT INTO diem (id, hoc_vien_id, ma_hv, ho_ten_hv, mon_hoc_id, ma_mon, ten_mon, so_tin_chi, hoc_ky_id, ten_hoc_ky, lop_hoc_phan_id, diem_chuyen_can, diem_thuong_xuyen, diem_thi, diem_tong_ket, diem_chu, diem_he4, dat) VALUES
    (1, 'HV029', '641724', 'Lý Quang Giang', 'MH056', 'CHEM280', 'Object-based composite help-desk', 3, 'HK003', 'Học kỳ hè Năm học 2021-2022', 'LHP027', 7.25, 5.5, 7.0, 6.72, 'C+', 2.5, TRUE),
    (2, 'HV038', '645515', 'Ngô Tuấn Em', 'MH074', 'CS876', 'Realigned 5thgeneration knowledge user', 3, 'HK013', 'Học kỳ 1 Năm học 2025-2026', 'LHP085', 7.25, 7.0, 7.75, 7.55, 'B', 3.0, TRUE),
    (3, 'HV008', '645479', 'Trần Thanh Sơn', 'MH019', 'QS101', 'Giáo dục Quốc phòng', 2, 'HK002', 'Học kỳ 2 Năm học 2021-2022', 'LHP024', 9.25, 9.5, 8.25, 8.6, 'A', 4.0, TRUE),
    (4, 'HV048', '671744', 'Đặng Quang Chiến', 'MH068', 'PHY153', 'Extended responsive access', 4, 'HK007', 'Học kỳ 1 Năm học 2023-2024', 'LHP051', 7.25, 6.0, 6.75, 6.65, 'C+', 2.5, TRUE),
    (5, 'HV017', '643692', 'Trần Kim Linh', 'MH007', 'IT302', 'Trí tuệ nhân tạo', 3, 'HK010', 'Học kỳ 1 Năm học 2024-2025', 'LHP040', 9.0, 7.5, 9.25, 8.88, 'A', 4.0, TRUE),
    (6, 'HV008', '645479', 'Trần Thanh Sơn', 'MH071', 'MATH894', 'Function-based web-enabled matrices', 2, 'HK009', 'Học kỳ hè Năm học 2023-2024', 'LHP105', 9.0, 8.25, 9.25, 9.03, 'A+', 4.0, TRUE),
    (7, 'HV027', '657798', 'Lê Thị Việt', 'MH027', 'MATH494', 'Open-architected coherent system engine', 4, 'HK012', 'Học kỳ hè Năm học 2024-2025', 'LHP042', 8.75, 9.75, 8.0, 8.43, 'B+', 3.5, TRUE),
    (8, 'HV034', '671591', 'Hoàng Hải Anh', 'MH079', 'MATH111', 'Fundamental well-modulated capacity', 2, 'HK010', 'Học kỳ 1 Năm học 2024-2025', 'LHP103', 10.0, 6.5, 8.5, 8.25, 'B+', 3.5, TRUE),
    (9, 'HV028', '667779', 'Trần Thanh Hạnh', 'MH054', 'CS591', 'Face-to-face regional hierarchy', 3, 'HK005', 'Học kỳ 2 Năm học 2022-2023', 'LHP014', 8.25, 10.0, 8.75, 8.95, 'A', 4.0, TRUE),
    (10, 'HV007', '651610', 'Lê Văn Nguyệt', 'MH044', 'CS385', 'Exclusive 24/7 function', 2, 'HK004', 'Học kỳ 1 Năm học 2022-2023', 'LHP093', 6.25, 6.25, 5.75, 5.9, 'C', 2.0, TRUE),
    (11, 'HV026', '658439', 'Vũ Hữu Bình', 'MH030', 'MATH150', 'Triple-buffered global matrix', 4, 'HK014', 'Học kỳ 2 Năm học 2025-2026', 'LHP031', 9.5, 8.75, 9.25, 9.18, 'A+', 4.0, TRUE),
    (12, 'HV020', '647942', 'Dương Phương Giang', 'MH066', 'CS954', 'Extended value-added functionalities', 3, 'HK011', 'Học kỳ 2 Năm học 2024-2025', 'LHP100', 8.5, 9.5, 8.5, 8.7, 'A', 4.0, TRUE),
    (13, 'HV032', '675421', 'Trần Văn Hương', 'MH009', 'IT304', 'An toàn và bảo mật thông tin', 3, 'HK006', 'Học kỳ hè Năm học 2022-2023', 'LHP082', 6.75, 4.75, 6.5, 6.17, 'C+', 2.5, TRUE),
    (14, 'HV045', '633511', 'Bùi Ngọc Xuân', 'MH030', 'MATH150', 'Triple-buffered global matrix', 4, 'HK015', 'Học kỳ hè Năm học 2025-2026', 'LHP079', 6.5, 6.0, 6.75, 6.57, 'C+', 2.5, TRUE),
    (15, 'HV032', '675421', 'Trần Văn Hương', 'MH062', 'CHEM131', 'Robust dynamic methodology', 2, 'HK008', 'Học kỳ 2 Năm học 2023-2024', 'LHP070', 5.75, 6.5, 6.5, 6.42, 'C+', 2.5, TRUE),
    (16, 'HV003', '657855', 'Bùi Hữu Việt', 'MH069', 'MATH710', 'Re-engineered discrete artificial intelligence', 4, 'HK008', 'Học kỳ 2 Năm học 2023-2024', 'LHP069', 7.75, 8.5, 7.5, 7.72, 'B', 3.0, TRUE),
    (17, 'HV031', '679202', 'Lý Quang Hạnh', 'MH054', 'CS591', 'Face-to-face regional hierarchy', 3, 'HK005', 'Học kỳ 2 Năm học 2022-2023', 'LHP014', 9.25, 9.75, 10.0, 9.88, 'A+', 4.0, TRUE),
    (18, 'HV028', '667779', 'Trần Thanh Hạnh', 'MH002', 'IT102', 'Lập trình cơ bản', 4, 'HK014', 'Học kỳ 2 Năm học 2025-2026', 'LHP113', 8.5, 8.25, 8.25, 8.27, 'B+', 3.5, TRUE),
    (19, 'HV021', '655647', 'Nguyễn Quang Em', 'MH075', 'CS920', 'Stand-alone incremental functionalities', 3, 'HK015', 'Học kỳ hè Năm học 2025-2026', 'LHP023', 6.25, 7.0, 6.75, 6.75, 'C+', 2.5, TRUE),
    (20, 'HV026', '658439', 'Vũ Hữu Bình', 'MH009', 'IT304', 'An toàn và bảo mật thông tin', 3, 'HK006', 'Học kỳ hè Năm học 2022-2023', 'LHP082', 10.0, 10.0, 10.0, 10.0, 'A+', 4.0, TRUE),
    (21, 'HV028', '667779', 'Trần Thanh Hạnh', 'MH005', 'IT203', 'Mạng máy tính', 3, 'HK002', 'Học kỳ 2 Năm học 2021-2022', 'LHP054', 7.75, 7.75, 8.25, 8.1, 'B+', 3.5, TRUE),
    (22, 'HV033', '643785', 'Vũ Hữu Hương', 'MH046', 'CHEM285', 'Visionary even-keeled algorithm', 4, 'HK015', 'Học kỳ hè Năm học 2025-2026', 'LHP029', 7.75, 7.5, 9.0, 8.57, 'A', 4.0, TRUE),
    (23, 'HV035', '656508', 'Lê Hải Phương', 'MH031', 'MATH865', 'Enterprise-wide leadingedge encoding', 3, 'HK003', 'Học kỳ hè Năm học 2021-2022', 'LHP058', 10.0, 10.0, 10.0, 10.0, 'A+', 4.0, TRUE),
    (24, 'HV004', '652953', 'Lê Đức Phúc', 'MH064', 'MATH982', 'Operative didactic application', 2, 'HK005', 'Học kỳ 2 Năm học 2022-2023', 'LHP094', 7.25, 6.0, 7.75, 7.35, 'B', 3.0, TRUE),
    (25, 'HV016', '642135', 'Lý Minh Xuân', 'MH001', 'IT101', 'Nhập môn Công nghệ thông tin', 3, 'HK015', 'Học kỳ hè Năm học 2025-2026', 'LHP002', 8.75, 9.75, 8.5, 8.77, 'A', 4.0, TRUE),
    (26, 'HV002', '634405', 'Hoàng Văn Phúc', 'MH042', 'MATH412', 'Right-sized real-time migration', 4, 'HK009', 'Học kỳ hè Năm học 2023-2024', 'LHP091', 8.25, 8.25, 6.25, 6.85, 'C+', 2.5, TRUE),
    (27, 'HV046', '633567', 'Đỗ Bảo Yến', 'MH036', 'CHEM164', 'Synergized demand-driven analyzer', 2, 'HK003', 'Học kỳ hè Năm học 2021-2022', 'LHP041', 8.5, 9.75, 8.75, 8.93, 'A', 4.0, TRUE),
    (28, 'HV012', '648673', 'Lý Hải Phương', 'MH069', 'MATH710', 'Re-engineered discrete artificial intelligence', 4, 'HK001', 'Học kỳ 1 Năm học 2021-2022', 'LHP108', 8.5, 7.5, 7.5, 7.6, 'B', 3.0, TRUE),
    (29, 'HV039', '665288', 'Phạm Bảo Sơn', 'MH049', 'PHY923', 'Multi-layered foreground installation', 3, 'HK001', 'Học kỳ 1 Năm học 2021-2022', 'LHP012', 7.25, 6.75, 7.5, 7.33, 'B', 3.0, TRUE),
    (30, 'HV036', '638647', 'Lý Thị Tùng', 'MH062', 'CHEM131', 'Robust dynamic methodology', 2, 'HK003', 'Học kỳ hè Năm học 2021-2022', 'LHP111', 9.0, 10.0, 8.5, 8.85, 'A', 4.0, TRUE),
    (31, 'HV001', '676156', 'Lê Kim Dũng', 'MH077', 'PHY515', 'Configurable context-sensitive functionalities', 2, 'HK013', 'Học kỳ 1 Năm học 2025-2026', 'LHP077', 9.75, 9.5, 9.0, 9.18, 'A+', 4.0, TRUE),
    (32, 'HV021', '655647', 'Nguyễn Quang Em', 'MH067', 'PHY539', 'Organized regional utilization', 4, 'HK013', 'Học kỳ 1 Năm học 2025-2026', 'LHP019', 7.25, 7.5, 7.75, 7.65, 'B', 3.0, TRUE),
    (33, 'HV022', '675392', 'Ngô Quang Phương', 'MH039', 'MATH797', 'Enterprise-wide bottom-line benchmark', 3, 'HK005', 'Học kỳ 2 Năm học 2022-2023', 'LHP059', 8.5, 7.75, 10.0, 9.4, 'A+', 4.0, TRUE),
    (34, 'HV031', '679202', 'Lý Quang Hạnh', 'MH031', 'MATH865', 'Enterprise-wide leadingedge encoding', 3, 'HK003', 'Học kỳ hè Năm học 2021-2022', 'LHP058', 9.75, 7.75, 9.5, 9.18, 'A+', 4.0, TRUE),
    (35, 'HV017', '643692', 'Trần Kim Linh', 'MH028', 'MATH353', 'Public-key fresh-thinking function', 2, 'HK003', 'Học kỳ hè Năm học 2021-2022', 'LHP107', 7.75, 7.75, 8.5, 8.27, 'B+', 3.5, TRUE),
    (36, 'HV048', '671744', 'Đặng Quang Chiến', 'MH049', 'PHY923', 'Multi-layered foreground installation', 3, 'HK010', 'Học kỳ 1 Năm học 2024-2025', 'LHP115', 6.5, 6.0, 5.5, 5.7, 'C', 2.0, TRUE),
    (37, 'HV005', '678070', 'Nguyễn Hải Hương', 'MH042', 'MATH412', 'Right-sized real-time migration', 4, 'HK009', 'Học kỳ hè Năm học 2023-2024', 'LHP091', 9.5, 9.0, 6.75, 7.47, 'B', 3.0, TRUE),
    (38, 'HV045', '633511', 'Bùi Ngọc Xuân', 'MH011', 'KT102', 'Kinh tế vĩ mô', 3, 'HK006', 'Học kỳ hè Năm học 2022-2023', 'LHP011', 5.75, 6.25, 5.75, 5.85, 'C', 2.0, TRUE),
    (39, 'HV008', '645479', 'Trần Thanh Sơn', 'MH031', 'MATH865', 'Enterprise-wide leadingedge encoding', 3, 'HK003', 'Học kỳ hè Năm học 2021-2022', 'LHP058', 8.25, 8.25, 8.5, 8.42, 'B+', 3.5, TRUE),
    (40, 'HV050', '658318', 'Phạm Văn Minh', 'MH075', 'CS920', 'Stand-alone incremental functionalities', 3, 'HK015', 'Học kỳ hè Năm học 2025-2026', 'LHP023', 9.0, 9.0, 7.75, 8.12, 'B+', 3.5, TRUE),
    (41, 'HV008', '645479', 'Trần Thanh Sơn', 'MH011', 'KT102', 'Kinh tế vĩ mô', 3, 'HK006', 'Học kỳ hè Năm học 2022-2023', 'LHP011', 10.0, 8.5, 10.0, 9.7, 'A+', 4.0, TRUE),
    (42, 'HV011', '674738', 'Lý Minh Linh', 'MH001', 'IT101', 'Nhập môn Công nghệ thông tin', 3, 'HK009', 'Học kỳ hè Năm học 2023-2024', 'LHP099', 8.5, 7.75, 6.25, 6.78, 'C+', 2.5, TRUE),
    (43, 'HV010', '645051', 'Nguyễn Phương Dũng', 'MH014', 'KT301', 'Kinh tế lượng', 3, 'HK014', 'Học kỳ 2 Năm học 2025-2026', 'LHP120', 9.25, 6.5, 8.0, 7.82, 'B', 3.0, TRUE),
    (44, 'HV022', '675392', 'Ngô Quang Phương', 'MH006', 'IT301', 'Phát triển ứng dụng Web', 3, 'HK007', 'Học kỳ 1 Năm học 2023-2024', 'LHP065', 7.5, 8.0, 8.5, 8.3, 'B+', 3.5, TRUE),
    (45, 'HV028', '667779', 'Trần Thanh Hạnh', 'MH066', 'CS954', 'Extended value-added functionalities', 3, 'HK008', 'Học kỳ 2 Năm học 2023-2024', 'LHP056', 7.0, 6.5, 9.0, 8.3, 'B+', 3.5, TRUE),
    (46, 'HV038', '645515', 'Ngô Tuấn Em', 'MH019', 'QS101', 'Giáo dục Quốc phòng', 2, 'HK009', 'Học kỳ hè Năm học 2023-2024', 'LHP071', 8.25, 8.5, 8.5, 8.47, 'B+', 3.5, TRUE),
    (47, 'HV041', '666283', 'Trần Kim Hạnh', 'MH006', 'IT301', 'Phát triển ứng dụng Web', 3, 'HK005', 'Học kỳ 2 Năm học 2022-2023', 'LHP055', 8.75, 7.25, 9.75, 9.15, 'A+', 4.0, TRUE),
    (48, 'HV018', '639962', 'Lê Tuấn Quân', 'MH046', 'CHEM285', 'Visionary even-keeled algorithm', 4, 'HK015', 'Học kỳ hè Năm học 2025-2026', 'LHP029', 7.75, 7.0, 6.5, 6.72, 'C+', 2.5, TRUE),
    (49, 'HV046', '633567', 'Đỗ Bảo Yến', 'MH049', 'PHY923', 'Multi-layered foreground installation', 3, 'HK001', 'Học kỳ 1 Năm học 2021-2022', 'LHP012', 8.75, 8.0, 8.75, 8.6, 'A', 4.0, TRUE),
    (50, 'HV043', '676656', 'Hoàng Tuấn Phúc', 'MH014', 'KT301', 'Kinh tế lượng', 3, 'HK013', 'Học kỳ 1 Năm học 2025-2026', 'LHP003', 9.25, 9.0, 9.75, 9.55, 'A+', 4.0, TRUE),
    (51, 'HV010', '645051', 'Nguyễn Phương Dũng', 'MH004', 'IT202', 'Cơ sở dữ liệu', 3, 'HK007', 'Học kỳ 1 Năm học 2023-2024', 'LHP013', 7.75, 8.5, 9.5, 9.12, 'A+', 4.0, TRUE),
    (52, 'HV026', '658439', 'Vũ Hữu Bình', 'MH054', 'CS591', 'Face-to-face regional hierarchy', 3, 'HK010', 'Học kỳ 1 Năm học 2024-2025', 'LHP083', 10.0, 9.5, 10.0, 9.9, 'A+', 4.0, TRUE),
    (53, 'HV010', '645051', 'Nguyễn Phương Dũng', 'MH077', 'PHY515', 'Configurable context-sensitive functionalities', 2, 'HK013', 'Học kỳ 1 Năm học 2025-2026', 'LHP077', 8.25, 7.0, 6.75, 6.95, 'C+', 2.5, TRUE),
    (54, 'HV044', '674328', 'Dương Thị Tùng', 'MH040', 'CS493', 'Mandatory 3rdgeneration success', 2, 'HK002', 'Học kỳ 2 Năm học 2021-2022', 'LHP081', 10.0, 9.5, 9.25, 9.38, 'A+', 4.0, TRUE),
    (55, 'HV015', '631537', 'Nguyễn Kim Quân', 'MH014', 'KT301', 'Kinh tế lượng', 3, 'HK013', 'Học kỳ 1 Năm học 2025-2026', 'LHP003', 10.0, 10.0, 10.0, 10.0, 'A+', 4.0, TRUE),
    (56, 'HV023', '678860', 'Bùi Quang Nguyệt', 'MH014', 'KT301', 'Kinh tế lượng', 3, 'HK013', 'Học kỳ 1 Năm học 2025-2026', 'LHP003', 8.25, 8.5, 9.0, 8.82, 'A', 4.0, TRUE),
    (57, 'HV028', '667779', 'Trần Thanh Hạnh', 'MH021', 'QS201', 'Chiến thuật bộ binh', 3, 'HK002', 'Học kỳ 2 Năm học 2021-2022', 'LHP020', 8.5, 9.5, 8.25, 8.52, 'A', 4.0, TRUE),
    (58, 'HV047', '658219', 'Đặng Hữu Yến', 'MH066', 'CS954', 'Extended value-added functionalities', 3, 'HK011', 'Học kỳ 2 Năm học 2024-2025', 'LHP100', 8.25, 9.5, 6.75, 7.45, 'B', 3.0, TRUE),
    (59, 'HV004', '652953', 'Lê Đức Phúc', 'MH004', 'IT202', 'Cơ sở dữ liệu', 3, 'HK007', 'Học kỳ 1 Năm học 2023-2024', 'LHP013', 5.0, 6.0, 7.75, 7.12, 'B', 3.0, TRUE),
    (60, 'HV050', '658318', 'Phạm Văn Minh', 'MH047', 'CS200', 'Compatible value-added model', 2, 'HK004', 'Học kỳ 1 Năm học 2022-2023', 'LHP007', 7.0, 8.75, 8.5, 8.4, 'B+', 3.5, TRUE),
    (61, 'HV018', '639962', 'Lê Tuấn Quân', 'MH075', 'CS920', 'Stand-alone incremental functionalities', 3, 'HK015', 'Học kỳ hè Năm học 2025-2026', 'LHP023', 5.5, 7.0, 6.75, 6.67, 'C+', 2.5, TRUE),
    (62, 'HV050', '658318', 'Phạm Văn Minh', 'MH044', 'CS385', 'Exclusive 24/7 function', 2, 'HK012', 'Học kỳ hè Năm học 2024-2025', 'LHP053', 7.5, 8.0, 6.25, 6.72, 'C+', 2.5, TRUE),
    (63, 'HV047', '658219', 'Đặng Hữu Yến', 'MH002', 'IT102', 'Lập trình cơ bản', 4, 'HK014', 'Học kỳ 2 Năm học 2025-2026', 'LHP113', 9.0, 7.0, 8.5, 8.25, 'B+', 3.5, TRUE),
    (64, 'HV046', '633567', 'Đỗ Bảo Yến', 'MH069', 'MATH710', 'Re-engineered discrete artificial intelligence', 4, 'HK008', 'Học kỳ 2 Năm học 2023-2024', 'LHP069', 8.25, 8.5, 7.5, 7.78, 'B', 3.0, TRUE),
    (65, 'HV011', '674738', 'Lý Minh Linh', 'MH040', 'CS493', 'Mandatory 3rdgeneration success', 2, 'HK011', 'Học kỳ 2 Năm học 2024-2025', 'LHP068', 7.75, 6.75, 8.0, 7.72, 'B', 3.0, TRUE),
    (66, 'HV050', '658318', 'Phạm Văn Minh', 'MH055', 'CHEM492', 'Vision-oriented multi-tasking encryption', 4, 'HK004', 'Học kỳ 1 Năm học 2022-2023', 'LHP030', 6.75, 6.5, 7.25, 7.05, 'B', 3.0, TRUE),
    (67, 'HV003', '657855', 'Bùi Hữu Việt', 'MH007', 'IT302', 'Trí tuệ nhân tạo', 3, 'HK015', 'Học kỳ hè Năm học 2025-2026', 'LHP095', 9.5, 7.75, 6.75, 7.22, 'B', 3.0, TRUE),
    (68, 'HV006', '652106', 'Đỗ Thanh Yến', 'MH014', 'KT301', 'Kinh tế lượng', 3, 'HK005', 'Học kỳ 2 Năm học 2022-2023', 'LHP052', 7.25, 8.0, 6.75, 7.05, 'B', 3.0, TRUE),
    (69, 'HV001', '676156', 'Lê Kim Dũng', 'MH069', 'MATH710', 'Re-engineered discrete artificial intelligence', 4, 'HK008', 'Học kỳ 2 Năm học 2023-2024', 'LHP069', 8.0, 8.5, 7.25, 7.57, 'B', 3.0, TRUE),
    (70, 'HV035', '656508', 'Lê Hải Phương', 'MH071', 'MATH894', 'Function-based web-enabled matrices', 2, 'HK015', 'Học kỳ hè Năm học 2025-2026', 'LHP084', 10.0, 9.75, 9.75, 9.77, 'A+', 4.0, TRUE),
    (71, 'HV029', '641724', 'Lý Quang Giang', 'MH019', 'QS101', 'Giáo dục Quốc phòng', 2, 'HK007', 'Học kỳ 1 Năm học 2023-2024', 'LHP109', 4.75, 6.75, 6.0, 6.02, 'C+', 2.5, TRUE),
    (72, 'HV024', '641915', 'Phạm Phương Xuân', 'MH068', 'PHY153', 'Extended responsive access', 4, 'HK007', 'Học kỳ 1 Năm học 2023-2024', 'LHP051', 8.75, 8.75, 7.5, 7.88, 'B', 3.0, TRUE),
    (73, 'HV007', '651610', 'Lê Văn Nguyệt', 'MH019', 'QS101', 'Giáo dục Quốc phòng', 2, 'HK009', 'Học kỳ hè Năm học 2023-2024', 'LHP071', 7.25, 5.75, 7.0, 6.77, 'C+', 2.5, TRUE),
    (74, 'HV030', '632151', 'Bùi Bảo Xuân', 'MH056', 'CHEM280', 'Object-based composite help-desk', 3, 'HK011', 'Học kỳ 2 Năm học 2024-2025', 'LHP078', 8.0, 9.25, 8.5, 8.6, 'A', 4.0, TRUE),
    (75, 'HV030', '632151', 'Bùi Bảo Xuân', 'MH014', 'KT301', 'Kinh tế lượng', 3, 'HK015', 'Học kỳ hè Năm học 2025-2026', 'LHP088', 8.25, 7.25, 8.75, 8.4, 'B+', 3.5, TRUE),
    (76, 'HV020', '647942', 'Dương Phương Giang', 'MH014', 'KT301', 'Kinh tế lượng', 3, 'HK015', 'Học kỳ hè Năm học 2025-2026', 'LHP088', 8.5, 9.25, 9.5, 9.35, 'A+', 4.0, TRUE),
    (77, 'HV018', '639962', 'Lê Tuấn Quân', 'MH071', 'MATH894', 'Function-based web-enabled matrices', 2, 'HK015', 'Học kỳ hè Năm học 2025-2026', 'LHP084', 6.5, 4.75, 8.25, 7.38, 'B', 3.0, TRUE),
    (78, 'HV008', '645479', 'Trần Thanh Sơn', 'MH048', 'CS923', 'Total web-enabled knowledge user', 4, 'HK006', 'Học kỳ hè Năm học 2022-2023', 'LHP110', 8.75, 9.25, 6.5, 7.28, 'B', 3.0, TRUE),
    (79, 'HV038', '645515', 'Ngô Tuấn Em', 'MH077', 'PHY515', 'Configurable context-sensitive functionalities', 2, 'HK013', 'Học kỳ 1 Năm học 2025-2026', 'LHP077', 7.5, 7.25, 8.0, 7.8, 'B', 3.0, TRUE),
    (80, 'HV031', '679202', 'Lý Quang Hạnh', 'MH066', 'CS954', 'Extended value-added functionalities', 3, 'HK008', 'Học kỳ 2 Năm học 2023-2024', 'LHP056', 10.0, 9.0, 8.25, 8.57, 'A', 4.0, TRUE),
    (81, 'HV040', '633301', 'Vũ Thị Phương', 'MH066', 'CS954', 'Extended value-added functionalities', 3, 'HK011', 'Học kỳ 2 Năm học 2024-2025', 'LHP100', 10.0, 9.5, 9.5, 9.55, 'A+', 4.0, TRUE),
    (82, 'HV039', '665288', 'Phạm Bảo Sơn', 'MH032', 'CS688', 'Virtual human-resource knowledge user', 2, 'HK009', 'Học kỳ hè Năm học 2023-2024', 'LHP076', 6.25, 7.25, 6.0, 6.27, 'C+', 2.5, TRUE),
    (83, 'HV035', '656508', 'Lê Hải Phương', 'MH044', 'CS385', 'Exclusive 24/7 function', 2, 'HK004', 'Học kỳ 1 Năm học 2022-2023', 'LHP093', 10.0, 10.0, 10.0, 10.0, 'A+', 4.0, TRUE),
    (84, 'HV036', '638647', 'Lý Thị Tùng', 'MH022', 'QS202', 'Kỹ thuật quân sự', 3, 'HK003', 'Học kỳ hè Năm học 2021-2022', 'LHP010', 8.5, 7.5, 9.0, 8.65, 'A', 4.0, TRUE),
    (85, 'HV006', '652106', 'Đỗ Thanh Yến', 'MH067', 'PHY539', 'Organized regional utilization', 4, 'HK015', 'Học kỳ hè Năm học 2025-2026', 'LHP018', 8.0, 7.75, 7.75, 7.78, 'B', 3.0, TRUE),
    (86, 'HV017', '643692', 'Trần Kim Linh', 'MH049', 'PHY923', 'Multi-layered foreground installation', 3, 'HK001', 'Học kỳ 1 Năm học 2021-2022', 'LHP012', 9.25, 9.5, 8.5, 8.77, 'A', 4.0, TRUE),
    (87, 'HV032', '675421', 'Trần Văn Hương', 'MH069', 'MATH710', 'Re-engineered discrete artificial intelligence', 4, 'HK002', 'Học kỳ 2 Năm học 2021-2022', 'LHP101', 8.25, 7.75, 5.5, 6.22, 'C+', 2.5, TRUE),
    (88, 'HV026', '658439', 'Vũ Hữu Bình', 'MH058', 'CHEM838', 'Networked static structure', 2, 'HK013', 'Học kỳ 1 Năm học 2025-2026', 'LHP025', 10.0, 9.5, 10.0, 9.9, 'A+', 4.0, TRUE),
    (89, 'HV046', '633567', 'Đỗ Bảo Yến', 'MH041', 'CS329', 'Customer-focused next generation emulation', 2, 'HK006', 'Học kỳ hè Năm học 2022-2023', 'LHP036', 7.75, 8.5, 8.25, 8.25, 'B+', 3.5, TRUE),
    (90, 'HV042', '649420', 'Vũ Kim Xuân', 'MH068', 'PHY153', 'Extended responsive access', 4, 'HK007', 'Học kỳ 1 Năm học 2023-2024', 'LHP051', 7.75, 8.0, 6.75, 7.1, 'B', 3.0, TRUE),
    (91, 'HV021', '655647', 'Nguyễn Quang Em', 'MH006', 'IT301', 'Phát triển ứng dụng Web', 3, 'HK004', 'Học kỳ 1 Năm học 2022-2023', 'LHP072', 7.0, 7.25, 8.5, 8.1, 'B+', 3.5, TRUE),
    (92, 'HV033', '643785', 'Vũ Hữu Hương', 'MH058', 'CHEM838', 'Networked static structure', 2, 'HK013', 'Học kỳ 1 Năm học 2025-2026', 'LHP025', 7.25, 6.0, 7.25, 7.0, 'B', 3.0, TRUE),
    (93, 'HV039', '665288', 'Phạm Bảo Sơn', 'MH031', 'MATH865', 'Enterprise-wide leadingedge encoding', 3, 'HK003', 'Học kỳ hè Năm học 2021-2022', 'LHP058', 7.75, 7.75, 7.0, 7.22, 'B', 3.0, TRUE),
    (94, 'HV016', '642135', 'Lý Minh Xuân', 'MH059', 'PHY856', 'Compatible contextually-based encryption', 2, 'HK014', 'Học kỳ 2 Năm học 2025-2026', 'LHP045', 8.75, 9.0, 9.0, 8.97, 'A', 4.0, TRUE),
    (95, 'HV047', '658219', 'Đặng Hữu Yến', 'MH006', 'IT301', 'Phát triển ứng dụng Web', 3, 'HK007', 'Học kỳ 1 Năm học 2023-2024', 'LHP065', 7.75, 10.0, 9.0, 9.07, 'A+', 4.0, TRUE),
    (96, 'HV035', '656508', 'Lê Hải Phương', 'MH020', 'QS102', 'Điều lệnh Quân đội', 2, 'HK015', 'Học kỳ hè Năm học 2025-2026', 'LHP038', 9.75, 10.0, 10.0, 9.97, 'A+', 4.0, TRUE),
    (97, 'HV020', '647942', 'Dương Phương Giang', 'MH021', 'QS201', 'Chiến thuật bộ binh', 3, 'HK002', 'Học kỳ 2 Năm học 2021-2022', 'LHP020', 10.0, 7.75, 9.5, 9.2, 'A+', 4.0, TRUE),
    (98, 'HV035', '656508', 'Lê Hải Phương', 'MH013', 'KT202', 'Tài chính doanh nghiệp', 3, 'HK004', 'Học kỳ 1 Năm học 2022-2023', 'LHP116', 8.75, 9.5, 10.0, 9.78, 'A+', 4.0, TRUE),
    (99, 'HV019', '653162', 'Phạm Văn Hạnh', 'MH006', 'IT301', 'Phát triển ứng dụng Web', 3, 'HK007', 'Học kỳ 1 Năm học 2023-2024', 'LHP065', 8.5, 8.25, 8.25, 8.27, 'B+', 3.5, TRUE),
    (100, 'HV020', '647942', 'Dương Phương Giang', 'MH067', 'PHY539', 'Organized regional utilization', 4, 'HK005', 'Học kỳ 2 Năm học 2022-2023', 'LHP017', 8.5, 8.0, 9.75, 9.27, 'A+', 4.0, TRUE),
    (101, 'HV004', '652953', 'Lê Đức Phúc', 'MH006', 'IT301', 'Phát triển ứng dụng Web', 3, 'HK007', 'Học kỳ 1 Năm học 2023-2024', 'LHP065', 5.5, 5.5, 8.5, 7.6, 'B', 3.0, TRUE),
    (102, 'HV043', '676656', 'Hoàng Tuấn Phúc', 'MH039', 'MATH797', 'Enterprise-wide bottom-line benchmark', 3, 'HK003', 'Học kỳ hè Năm học 2021-2022', 'LHP046', 9.5, 8.5, 7.75, 8.07, 'B+', 3.5, TRUE),
    (103, 'HV006', '652106', 'Đỗ Thanh Yến', 'MH018', 'NN202', 'Tiếng Trung cơ bản', 4, 'HK007', 'Học kỳ 1 Năm học 2023-2024', 'LHP117', 8.0, 7.5, 8.0, 7.9, 'B', 3.0, TRUE),
    (104, 'HV019', '653162', 'Phạm Văn Hạnh', 'MH030', 'MATH150', 'Triple-buffered global matrix', 4, 'HK007', 'Học kỳ 1 Năm học 2023-2024', 'LHP080', 8.0, 10.0, 9.0, 9.1, 'A+', 4.0, TRUE),
    (105, 'HV029', '641724', 'Lý Quang Giang', 'MH006', 'IT301', 'Phát triển ứng dụng Web', 3, 'HK005', 'Học kỳ 2 Năm học 2022-2023', 'LHP055', 5.5, 5.5, 4.25, 4.62, 'D', 1.0, FALSE),
    (106, 'HV024', '641915', 'Phạm Phương Xuân', 'MH044', 'CS385', 'Exclusive 24/7 function', 2, 'HK004', 'Học kỳ 1 Năm học 2022-2023', 'LHP093', 8.25, 8.0, 9.0, 8.72, 'A', 4.0, TRUE),
    (107, 'HV007', '651610', 'Lê Văn Nguyệt', 'MH054', 'CS591', 'Face-to-face regional hierarchy', 3, 'HK005', 'Học kỳ 2 Năm học 2022-2023', 'LHP014', 6.25, 7.0, 7.75, 7.45, 'B', 3.0, TRUE),
    (108, 'HV015', '631537', 'Nguyễn Kim Quân', 'MH020', 'QS102', 'Điều lệnh Quân đội', 2, 'HK012', 'Học kỳ hè Năm học 2024-2025', 'LHP032', 9.75, 10.0, 8.75, 9.1, 'A+', 4.0, TRUE),
    (109, 'HV045', '633511', 'Bùi Ngọc Xuân', 'MH019', 'QS101', 'Giáo dục Quốc phòng', 2, 'HK009', 'Học kỳ hè Năm học 2023-2024', 'LHP071', 6.0, 8.0, 8.25, 7.97, 'B', 3.0, TRUE),
    (110, 'HV020', '647942', 'Dương Phương Giang', 'MH071', 'MATH894', 'Function-based web-enabled matrices', 2, 'HK009', 'Học kỳ hè Năm học 2023-2024', 'LHP105', 10.0, 8.25, 8.75, 8.78, 'A', 4.0, TRUE),
    (111, 'HV022', '675392', 'Ngô Quang Phương', 'MH046', 'CHEM285', 'Visionary even-keeled algorithm', 4, 'HK015', 'Học kỳ hè Năm học 2025-2026', 'LHP029', 7.75, 9.5, 9.0, 8.97, 'A', 4.0, TRUE),
    (112, 'HV021', '655647', 'Nguyễn Quang Em', 'MH072', 'CHEM426', 'Programmable context-sensitive productivity', 2, 'HK006', 'Học kỳ hè Năm học 2022-2023', 'LHP049', 8.5, 5.75, 7.0, 6.9, 'C+', 2.5, TRUE),
    (113, 'HV014', '658860', 'Bùi Kim Linh', 'MH074', 'CS876', 'Realigned 5thgeneration knowledge user', 3, 'HK013', 'Học kỳ 1 Năm học 2025-2026', 'LHP085', 7.25, 8.75, 9.25, 8.95, 'A', 4.0, TRUE),
    (114, 'HV029', '641724', 'Lý Quang Giang', 'MH069', 'MATH710', 'Re-engineered discrete artificial intelligence', 4, 'HK002', 'Học kỳ 2 Năm học 2021-2022', 'LHP101', 6.5, 6.0, 6.25, 6.22, 'C+', 2.5, TRUE),
    (115, 'HV005', '678070', 'Nguyễn Hải Hương', 'MH057', 'MATH316', 'Versatile didactic capacity', 2, 'HK011', 'Học kỳ 2 Năm học 2024-2025', 'LHP106', 9.0, 8.25, 6.25, 6.93, 'C+', 2.5, TRUE),
    (116, 'HV022', '675392', 'Ngô Quang Phương', 'MH067', 'PHY539', 'Organized regional utilization', 4, 'HK015', 'Học kỳ hè Năm học 2025-2026', 'LHP018', 9.0, 9.25, 9.0, 9.05, 'A+', 4.0, TRUE),
    (117, 'HV043', '676656', 'Hoàng Tuấn Phúc', 'MH005', 'IT203', 'Mạng máy tính', 3, 'HK002', 'Học kỳ 2 Năm học 2021-2022', 'LHP054', 9.25, 9.0, 8.5, 8.67, 'A', 4.0, TRUE),
    (118, 'HV033', '643785', 'Vũ Hữu Hương', 'MH050', 'CS651', 'Quality-focused dedicated knowledgebase', 2, 'HK007', 'Học kỳ 1 Năm học 2023-2024', 'LHP028', 9.5, 8.0, 6.75, 7.28, 'B', 3.0, TRUE),
    (119, 'HV046', '633567', 'Đỗ Bảo Yến', 'MH021', 'QS201', 'Chiến thuật bộ binh', 3, 'HK002', 'Học kỳ 2 Năm học 2021-2022', 'LHP020', 7.75, 9.5, 7.5, 7.93, 'B', 3.0, TRUE),
    (120, 'HV023', '678860', 'Bùi Quang Nguyệt', 'MH076', 'CHEM194', 'Optional hybrid architecture', 3, 'HK001', 'Học kỳ 1 Năm học 2021-2022', 'LHP043', 7.75, 8.0, 9.0, 8.68, 'A', 4.0, TRUE),
    (121, 'HV026', '658439', 'Vũ Hữu Bình', 'MH013', 'KT202', 'Tài chính doanh nghiệp', 3, 'HK008', 'Học kỳ 2 Năm học 2023-2024', 'LHP008', 10.0, 9.25, 10.0, 9.85, 'A+', 4.0, TRUE),
    (122, 'HV032', '675421', 'Trần Văn Hương', 'MH010', 'KT101', 'Kinh tế vi mô', 3, 'HK009', 'Học kỳ hè Năm học 2023-2024', 'LHP063', 9.5, 6.5, 7.75, 7.67, 'B', 3.0, TRUE),
    (123, 'HV017', '643692', 'Trần Kim Linh', 'MH069', 'MATH710', 'Re-engineered discrete artificial intelligence', 4, 'HK001', 'Học kỳ 1 Năm học 2021-2022', 'LHP108', 8.25, 9.25, 7.75, 8.1, 'B+', 3.5, TRUE),
    (124, 'HV033', '643785', 'Vũ Hữu Hương', 'MH030', 'MATH150', 'Triple-buffered global matrix', 4, 'HK007', 'Học kỳ 1 Năm học 2023-2024', 'LHP080', 8.75, 7.5, 7.75, 7.8, 'B', 3.0, TRUE),
    (125, 'HV007', '651610', 'Lê Văn Nguyệt', 'MH066', 'CS954', 'Extended value-added functionalities', 3, 'HK011', 'Học kỳ 2 Năm học 2024-2025', 'LHP100', 7.0, 7.5, 7.0, 7.1, 'B', 3.0, TRUE),
    (126, 'HV044', '674328', 'Dương Thị Tùng', 'MH071', 'MATH894', 'Function-based web-enabled matrices', 2, 'HK012', 'Học kỳ hè Năm học 2024-2025', 'LHP037', 10.0, 9.5, 10.0, 9.9, 'A+', 4.0, TRUE),
    (127, 'HV045', '633511', 'Bùi Ngọc Xuân', 'MH010', 'KT101', 'Kinh tế vi mô', 3, 'HK009', 'Học kỳ hè Năm học 2023-2024', 'LHP063', 6.75, 7.0, 7.0, 6.97, 'C+', 2.5, TRUE),
    (128, 'HV033', '643785', 'Vũ Hữu Hương', 'MH047', 'CS200', 'Compatible value-added model', 2, 'HK002', 'Học kỳ 2 Năm học 2021-2022', 'LHP104', 8.75, 8.75, 9.0, 8.93, 'A', 4.0, TRUE),
    (129, 'HV049', '638542', 'Hồ Hữu Giang', 'MH038', 'PHY609', 'Sharable demand-driven artificial intelligence', 2, 'HK011', 'Học kỳ 2 Năm học 2024-2025', 'LHP064', 8.75, 7.75, 10.0, 9.43, 'A+', 4.0, TRUE),
    (130, 'HV015', '631537', 'Nguyễn Kim Quân', 'MH056', 'CHEM280', 'Object-based composite help-desk', 3, 'HK011', 'Học kỳ 2 Năm học 2024-2025', 'LHP078', 9.25, 8.75, 8.5, 8.62, 'A', 4.0, TRUE),
    (131, 'HV050', '658318', 'Phạm Văn Minh', 'MH036', 'CHEM164', 'Synergized demand-driven analyzer', 2, 'HK003', 'Học kỳ hè Năm học 2021-2022', 'LHP041', 8.0, 7.5, 7.5, 7.55, 'B', 3.0, TRUE),
    (132, 'HV023', '678860', 'Bùi Quang Nguyệt', 'MH067', 'PHY539', 'Organized regional utilization', 4, 'HK013', 'Học kỳ 1 Năm học 2025-2026', 'LHP019', 8.25, 7.75, 8.25, 8.15, 'B+', 3.5, TRUE),
    (133, 'HV049', '638542', 'Hồ Hữu Giang', 'MH030', 'MATH150', 'Triple-buffered global matrix', 4, 'HK015', 'Học kỳ hè Năm học 2025-2026', 'LHP079', 9.0, 9.25, 9.0, 9.05, 'A+', 4.0, TRUE),
    (134, 'HV005', '678070', 'Nguyễn Hải Hương', 'MH069', 'MATH710', 'Re-engineered discrete artificial intelligence', 4, 'HK008', 'Học kỳ 2 Năm học 2023-2024', 'LHP069', 8.75, 8.75, 8.25, 8.4, 'B+', 3.5, TRUE),
    (135, 'HV040', '633301', 'Vũ Thị Phương', 'MH054', 'CS591', 'Face-to-face regional hierarchy', 3, 'HK010', 'Học kỳ 1 Năm học 2024-2025', 'LHP083', 8.75, 9.25, 9.75, 9.55, 'A+', 4.0, TRUE),
    (136, 'HV001', '676156', 'Lê Kim Dũng', 'MH080', 'CS456', 'Synchronized web-enabled portal', 4, 'HK007', 'Học kỳ 1 Năm học 2023-2024', 'LHP066', 7.5, 10.0, 8.75, 8.88, 'A', 4.0, TRUE),
    (137, 'HV036', '638647', 'Lý Thị Tùng', 'MH067', 'PHY539', 'Organized regional utilization', 4, 'HK005', 'Học kỳ 2 Năm học 2022-2023', 'LHP017', 7.25, 8.5, 8.75, 8.55, 'A', 4.0, TRUE),
    (138, 'HV002', '634405', 'Hoàng Văn Phúc', 'MH019', 'QS101', 'Giáo dục Quốc phòng', 2, 'HK007', 'Học kỳ 1 Năm học 2023-2024', 'LHP109', 6.25, 7.25, 6.5, 6.62, 'C+', 2.5, TRUE),
    (139, 'HV031', '679202', 'Lý Quang Hạnh', 'MH058', 'CHEM838', 'Networked static structure', 2, 'HK013', 'Học kỳ 1 Năm học 2025-2026', 'LHP025', 9.75, 10.0, 10.0, 9.97, 'A+', 4.0, TRUE),
    (140, 'HV039', '665288', 'Phạm Bảo Sơn', 'MH004', 'IT202', 'Cơ sở dữ liệu', 3, 'HK007', 'Học kỳ 1 Năm học 2023-2024', 'LHP013', 6.75, 7.25, 7.5, 7.38, 'B', 3.0, TRUE),
    (141, 'HV047', '658219', 'Đặng Hữu Yến', 'MH040', 'CS493', 'Mandatory 3rdgeneration success', 2, 'HK011', 'Học kỳ 2 Năm học 2024-2025', 'LHP068', 8.5, 9.5, 8.5, 8.7, 'A', 4.0, TRUE),
    (142, 'HV011', '674738', 'Lý Minh Linh', 'MH075', 'CS920', 'Stand-alone incremental functionalities', 3, 'HK005', 'Học kỳ 2 Năm học 2022-2023', 'LHP060', 7.0, 7.25, 7.0, 7.05, 'B', 3.0, TRUE),
    (143, 'HV007', '651610', 'Lê Văn Nguyệt', 'MH005', 'IT203', 'Mạng máy tính', 3, 'HK002', 'Học kỳ 2 Năm học 2021-2022', 'LHP054', 7.75, 6.5, 5.5, 5.92, 'C', 2.0, TRUE),
    (144, 'HV035', '656508', 'Lê Hải Phương', 'MH006', 'IT301', 'Phát triển ứng dụng Web', 3, 'HK005', 'Học kỳ 2 Năm học 2022-2023', 'LHP055', 10.0, 9.5, 9.25, 9.38, 'A+', 4.0, TRUE),
    (145, 'HV014', '658860', 'Bùi Kim Linh', 'MH019', 'QS101', 'Giáo dục Quốc phòng', 2, 'HK003', 'Học kỳ hè Năm học 2021-2022', 'LHP092', 8.5, 8.75, 7.75, 8.03, 'B+', 3.5, TRUE),
    (146, 'HV009', '643611', 'Vũ Phương Hoa', 'MH002', 'IT102', 'Lập trình cơ bản', 4, 'HK006', 'Học kỳ hè Năm học 2022-2023', 'LHP035', 8.5, 7.75, 8.25, 8.18, 'B+', 3.5, TRUE),
    (147, 'HV015', '631537', 'Nguyễn Kim Quân', 'MH065', 'CS206', 'Stand-alone analyzing focus group', 3, 'HK002', 'Học kỳ 2 Năm học 2021-2022', 'LHP057', 8.5, 9.0, 9.5, 9.3, 'A+', 4.0, TRUE),
    (148, 'HV010', '645051', 'Nguyễn Phương Dũng', 'MH056', 'CHEM280', 'Object-based composite help-desk', 3, 'HK003', 'Học kỳ hè Năm học 2021-2022', 'LHP027', 9.5, 7.75, 7.5, 7.75, 'B', 3.0, TRUE),
    (149, 'HV032', '675421', 'Trần Văn Hương', 'MH075', 'CS920', 'Stand-alone incremental functionalities', 3, 'HK005', 'Học kỳ 2 Năm học 2022-2023', 'LHP060', 6.75, 5.5, 7.25, 6.85, 'C+', 2.5, TRUE),
    (150, 'HV050', '658318', 'Phạm Văn Minh', 'MH039', 'MATH797', 'Enterprise-wide bottom-line benchmark', 3, 'HK005', 'Học kỳ 2 Năm học 2022-2023', 'LHP059', 6.75, 9.0, 7.0, 7.38, 'B', 3.0, TRUE),
    (151, 'HV047', '658219', 'Đặng Hữu Yến', 'MH038', 'PHY609', 'Sharable demand-driven artificial intelligence', 2, 'HK014', 'Học kỳ 2 Năm học 2025-2026', 'LHP062', 8.75, 8.25, 9.75, 9.35, 'A+', 4.0, TRUE),
    (152, 'HV046', '633567', 'Đỗ Bảo Yến', 'MH056', 'CHEM280', 'Object-based composite help-desk', 3, 'HK003', 'Học kỳ hè Năm học 2021-2022', 'LHP027', 10.0, 7.5, 8.75, 8.62, 'A', 4.0, TRUE),
    (153, 'HV023', '678860', 'Bùi Quang Nguyệt', 'MH065', 'CS206', 'Stand-alone analyzing focus group', 3, 'HK002', 'Học kỳ 2 Năm học 2021-2022', 'LHP057', 7.75, 8.5, 7.25, 7.55, 'B', 3.0, TRUE),
    (154, 'HV017', '643692', 'Trần Kim Linh', 'MH039', 'MATH797', 'Enterprise-wide bottom-line benchmark', 3, 'HK005', 'Học kỳ 2 Năm học 2022-2023', 'LHP059', 9.5, 7.5, 8.75, 8.57, 'A', 4.0, TRUE),
    (155, 'HV032', '675421', 'Trần Văn Hương', 'MH002', 'IT102', 'Lập trình cơ bản', 4, 'HK013', 'Học kỳ 1 Năm học 2025-2026', 'LHP016', 5.5, 7.25, 7.5, 7.25, 'B', 3.0, TRUE),
    (156, 'HV031', '679202', 'Lý Quang Hạnh', 'MH037', 'PHY883', 'Customer-focused optimizing challenge', 2, 'HK004', 'Học kỳ 1 Năm học 2022-2023', 'LHP090', 9.75, 9.25, 9.25, 9.3, 'A+', 4.0, TRUE),
    (157, 'HV032', '675421', 'Trần Văn Hương', 'MH007', 'IT302', 'Trí tuệ nhân tạo', 3, 'HK010', 'Học kỳ 1 Năm học 2024-2025', 'LHP040', 5.0, 6.0, 6.25, 6.08, 'C+', 2.5, TRUE),
    (158, 'HV016', '642135', 'Lý Minh Xuân', 'MH077', 'PHY515', 'Configurable context-sensitive functionalities', 2, 'HK003', 'Học kỳ hè Năm học 2021-2022', 'LHP098', 9.5, 10.0, 8.25, 8.72, 'A', 4.0, TRUE),
    (159, 'HV029', '641724', 'Lý Quang Giang', 'MH001', 'IT101', 'Nhập môn Công nghệ thông tin', 3, 'HK001', 'Học kỳ 1 Năm học 2021-2022', 'LHP074', 4.5, 5.75, 8.0, 7.2, 'B', 3.0, TRUE),
    (160, 'HV017', '643692', 'Trần Kim Linh', 'MH054', 'CS591', 'Face-to-face regional hierarchy', 3, 'HK011', 'Học kỳ 2 Năm học 2024-2025', 'LHP073', 8.0, 8.5, 7.25, 7.57, 'B', 3.0, TRUE),
    (161, 'HV006', '652106', 'Đỗ Thanh Yến', 'MH069', 'MATH710', 'Re-engineered discrete artificial intelligence', 4, 'HK002', 'Học kỳ 2 Năm học 2021-2022', 'LHP101', 9.25, 8.5, 9.25, 9.1, 'A+', 4.0, TRUE),
    (162, 'HV033', '643785', 'Vũ Hữu Hương', 'MH022', 'QS202', 'Kỹ thuật quân sự', 3, 'HK003', 'Học kỳ hè Năm học 2021-2022', 'LHP010', 7.25, 7.5, 9.0, 8.53, 'A', 4.0, TRUE),
    (163, 'HV011', '674738', 'Lý Minh Linh', 'MH018', 'NN202', 'Tiếng Trung cơ bản', 4, 'HK007', 'Học kỳ 1 Năm học 2023-2024', 'LHP117', 7.25, 8.5, 7.0, 7.32, 'B', 3.0, TRUE),
    (164, 'HV047', '658219', 'Đặng Hữu Yến', 'MH077', 'PHY515', 'Configurable context-sensitive functionalities', 2, 'HK002', 'Học kỳ 2 Năm học 2021-2022', 'LHP048', 7.5, 8.5, 8.25, 8.22, 'B+', 3.5, TRUE),
    (165, 'HV039', '665288', 'Phạm Bảo Sơn', 'MH009', 'IT304', 'An toàn và bảo mật thông tin', 3, 'HK006', 'Học kỳ hè Năm học 2022-2023', 'LHP082', 7.5, 7.5, 5.75, 6.27, 'C+', 2.5, TRUE),
    (166, 'HV035', '656508', 'Lê Hải Phương', 'MH055', 'CHEM492', 'Vision-oriented multi-tasking encryption', 4, 'HK004', 'Học kỳ 1 Năm học 2022-2023', 'LHP030', 10.0, 10.0, 9.75, 9.82, 'A+', 4.0, TRUE),
    (167, 'HV011', '674738', 'Lý Minh Linh', 'MH036', 'CHEM164', 'Synergized demand-driven analyzer', 2, 'HK003', 'Học kỳ hè Năm học 2021-2022', 'LHP041', 7.75, 7.5, 7.75, 7.7, 'B', 3.0, TRUE),
    (168, 'HV039', '665288', 'Phạm Bảo Sơn', 'MH006', 'IT301', 'Phát triển ứng dụng Web', 3, 'HK007', 'Học kỳ 1 Năm học 2023-2024', 'LHP065', 7.0, 6.5, 7.0, 6.9, 'C+', 2.5, TRUE),
    (169, 'HV018', '639962', 'Lê Tuấn Quân', 'MH044', 'CS385', 'Exclusive 24/7 function', 2, 'HK014', 'Học kỳ 2 Năm học 2025-2026', 'LHP061', 7.0, 7.0, 7.25, 7.17, 'B', 3.0, TRUE),
    (170, 'HV013', '642525', 'Nguyễn Minh Quân', 'MH049', 'PHY923', 'Multi-layered foreground installation', 3, 'HK001', 'Học kỳ 1 Năm học 2021-2022', 'LHP012', 7.5, 7.5, 9.0, 8.55, 'A', 4.0, TRUE),
    (171, 'HV018', '639962', 'Lê Tuấn Quân', 'MH063', 'CHEM375', 'Mandatory static service-desk', 2, 'HK011', 'Học kỳ 2 Năm học 2024-2025', 'LHP015', 7.25, 5.75, 7.5, 7.12, 'B', 3.0, TRUE),
    (172, 'HV012', '648673', 'Lý Hải Phương', 'MH050', 'CS651', 'Quality-focused dedicated knowledgebase', 2, 'HK007', 'Học kỳ 1 Năm học 2023-2024', 'LHP028', 8.75, 7.5, 8.25, 8.15, 'B+', 3.5, TRUE),
    (173, 'HV033', '643785', 'Vũ Hữu Hương', 'MH071', 'MATH894', 'Function-based web-enabled matrices', 2, 'HK015', 'Học kỳ hè Năm học 2025-2026', 'LHP084', 8.25, 8.75, 7.5, 7.83, 'B', 3.0, TRUE),
    (174, 'HV003', '657855', 'Bùi Hữu Việt', 'MH014', 'KT301', 'Kinh tế lượng', 3, 'HK005', 'Học kỳ 2 Năm học 2022-2023', 'LHP052', 7.0, 9.0, 8.5, 8.45, 'B+', 3.5, TRUE),
    (175, 'HV027', '657798', 'Lê Thị Việt', 'MH022', 'QS202', 'Kỹ thuật quân sự', 3, 'HK003', 'Học kỳ hè Năm học 2021-2022', 'LHP010', 9.0, 7.75, 8.5, 8.4, 'B+', 3.5, TRUE),
    (176, 'HV005', '678070', 'Nguyễn Hải Hương', 'MH040', 'CS493', 'Mandatory 3rdgeneration success', 2, 'HK008', 'Học kỳ 2 Năm học 2023-2024', 'LHP022', 6.0, 7.5, 8.0, 7.7, 'B', 3.0, TRUE),
    (177, 'HV041', '666283', 'Trần Kim Hạnh', 'MH019', 'QS101', 'Giáo dục Quốc phòng', 2, 'HK003', 'Học kỳ hè Năm học 2021-2022', 'LHP092', 7.5, 8.0, 7.5, 7.6, 'B', 3.0, TRUE),
    (178, 'HV005', '678070', 'Nguyễn Hải Hương', 'MH067', 'PHY539', 'Organized regional utilization', 4, 'HK005', 'Học kỳ 2 Năm học 2022-2023', 'LHP017', 8.0, 10.0, 8.0, 8.4, 'B+', 3.5, TRUE),
    (179, 'HV036', '638647', 'Lý Thị Tùng', 'MH018', 'NN202', 'Tiếng Trung cơ bản', 4, 'HK007', 'Học kỳ 1 Năm học 2023-2024', 'LHP117', 8.5, 8.25, 6.25, 6.88, 'C+', 2.5, TRUE),
    (180, 'HV037', '665362', 'Dương Đức Hương', 'MH063', 'CHEM375', 'Mandatory static service-desk', 2, 'HK011', 'Học kỳ 2 Năm học 2024-2025', 'LHP015', 8.25, 8.25, 10.0, 9.47, 'A+', 4.0, TRUE),
    (181, 'HV004', '652953', 'Lê Đức Phúc', 'MH048', 'CS923', 'Total web-enabled knowledge user', 4, 'HK006', 'Học kỳ hè Năm học 2022-2023', 'LHP110', 6.5, 6.75, 5.75, 6.02, 'C+', 2.5, TRUE),
    (182, 'HV018', '639962', 'Lê Tuấn Quân', 'MH019', 'QS101', 'Giáo dục Quốc phòng', 2, 'HK002', 'Học kỳ 2 Năm học 2021-2022', 'LHP024', 7.5, 6.0, 7.0, 6.85, 'C+', 2.5, TRUE),
    (183, 'HV031', '679202', 'Lý Quang Hạnh', 'MH065', 'CS206', 'Stand-alone analyzing focus group', 3, 'HK002', 'Học kỳ 2 Năm học 2021-2022', 'LHP057', 10.0, 8.75, 9.25, 9.22, 'A+', 4.0, TRUE),
    (184, 'HV033', '643785', 'Vũ Hữu Hương', 'MH013', 'KT202', 'Tài chính doanh nghiệp', 3, 'HK008', 'Học kỳ 2 Năm học 2023-2024', 'LHP008', 7.75, 9.0, 9.5, 9.22, 'A+', 4.0, TRUE),
    (185, 'HV037', '665362', 'Dương Đức Hương', 'MH077', 'PHY515', 'Configurable context-sensitive functionalities', 2, 'HK003', 'Học kỳ hè Năm học 2021-2022', 'LHP098', 10.0, 10.0, 8.75, 9.12, 'A+', 4.0, TRUE),
    (186, 'HV001', '676156', 'Lê Kim Dũng', 'MH064', 'MATH982', 'Operative didactic application', 2, 'HK006', 'Học kỳ hè Năm học 2022-2023', 'LHP039', 7.0, 7.25, 8.25, 7.92, 'B', 3.0, TRUE),
    (187, 'HV020', '647942', 'Dương Phương Giang', 'MH022', 'QS202', 'Kỹ thuật quân sự', 3, 'HK003', 'Học kỳ hè Năm học 2021-2022', 'LHP010', 7.5, 10.0, 10.0, 9.75, 'A+', 4.0, TRUE),
    (188, 'HV011', '674738', 'Lý Minh Linh', 'MH071', 'MATH894', 'Function-based web-enabled matrices', 2, 'HK012', 'Học kỳ hè Năm học 2024-2025', 'LHP037', 7.0, 8.75, 7.5, 7.7, 'B', 3.0, TRUE),
    (189, 'HV008', '645479', 'Trần Thanh Sơn', 'MH035', 'CHEM763', 'Operative executive concept', 3, 'HK006', 'Học kỳ hè Năm học 2022-2023', 'LHP075', 8.5, 8.75, 8.25, 8.38, 'B+', 3.5, TRUE),
    (190, 'HV021', '655647', 'Nguyễn Quang Em', 'MH007', 'IT302', 'Trí tuệ nhân tạo', 3, 'HK004', 'Học kỳ 1 Năm học 2022-2023', 'LHP004', 8.0, 5.75, 8.5, 7.9, 'B', 3.0, TRUE),
    (191, 'HV007', '651610', 'Lê Văn Nguyệt', 'MH049', 'PHY923', 'Multi-layered foreground installation', 3, 'HK001', 'Học kỳ 1 Năm học 2021-2022', 'LHP012', 7.5, 5.5, 7.0, 6.75, 'C+', 2.5, TRUE),
    (192, 'HV026', '658439', 'Vũ Hữu Bình', 'MH020', 'QS102', 'Điều lệnh Quân đội', 2, 'HK011', 'Học kỳ 2 Năm học 2024-2025', 'LHP034', 10.0, 9.25, 9.75, 9.67, 'A+', 4.0, TRUE),
    (193, 'HV019', '653162', 'Phạm Văn Hạnh', 'MH027', 'MATH494', 'Open-architected coherent system engine', 4, 'HK009', 'Học kỳ hè Năm học 2023-2024', 'LHP119', 9.75, 8.25, 7.25, 7.7, 'B', 3.0, TRUE),
    (194, 'HV039', '665288', 'Phạm Bảo Sơn', 'MH065', 'CS206', 'Stand-alone analyzing focus group', 3, 'HK002', 'Học kỳ 2 Năm học 2021-2022', 'LHP057', 7.75, 6.75, 6.75, 6.85, 'C+', 2.5, TRUE),
    (195, 'HV041', '666283', 'Trần Kim Hạnh', 'MH056', 'CHEM280', 'Object-based composite help-desk', 3, 'HK003', 'Học kỳ hè Năm học 2021-2022', 'LHP027', 7.75, 9.25, 7.75, 8.05, 'B+', 3.5, TRUE),
    (196, 'HV028', '667779', 'Trần Thanh Hạnh', 'MH069', 'MATH710', 'Re-engineered discrete artificial intelligence', 4, 'HK002', 'Học kỳ 2 Năm học 2021-2022', 'LHP101', 7.75, 7.5, 9.0, 8.57, 'A', 4.0, TRUE),
    (197, 'HV021', '655647', 'Nguyễn Quang Em', 'MH001', 'IT101', 'Nhập môn Công nghệ thông tin', 3, 'HK001', 'Học kỳ 1 Năm học 2021-2022', 'LHP074', 5.75, 7.25, 7.0, 6.92, 'C+', 2.5, TRUE),
    (198, 'HV002', '634405', 'Hoàng Văn Phúc', 'MH066', 'CS954', 'Extended value-added functionalities', 3, 'HK008', 'Học kỳ 2 Năm học 2023-2024', 'LHP056', 6.25, 6.25, 6.5, 6.42, 'C+', 2.5, TRUE),
    (199, 'HV029', '641724', 'Lý Quang Giang', 'MH002', 'IT102', 'Lập trình cơ bản', 4, 'HK012', 'Học kỳ hè Năm học 2024-2025', 'LHP005', 6.75, 6.5, 6.5, 6.53, 'C+', 2.5, TRUE),
    (200, 'HV039', '665288', 'Phạm Bảo Sơn', 'MH019', 'QS101', 'Giáo dục Quốc phòng', 2, 'HK007', 'Học kỳ 1 Năm học 2023-2024', 'LHP109', 7.75, 8.0, 8.5, 8.32, 'B+', 3.5, TRUE),
    (201, 'HV028', '667779', 'Trần Thanh Hạnh', 'MH070', 'PHY701', 'Public-key disintermediate methodology', 2, 'HK007', 'Học kỳ 1 Năm học 2023-2024', 'LHP006', 8.5, 9.5, 8.5, 8.7, 'A', 4.0, TRUE),
    (202, 'HV008', '645479', 'Trần Thanh Sơn', 'MH055', 'CHEM492', 'Vision-oriented multi-tasking encryption', 4, 'HK004', 'Học kỳ 1 Năm học 2022-2023', 'LHP030', 8.5, 9.0, 8.0, 8.25, 'B+', 3.5, TRUE),
    (203, 'HV003', '657855', 'Bùi Hữu Việt', 'MH066', 'CS954', 'Extended value-added functionalities', 3, 'HK011', 'Học kỳ 2 Năm học 2024-2025', 'LHP100', 8.5, 7.25, 7.0, 7.2, 'B', 3.0, TRUE),
    (204, 'HV014', '658860', 'Bùi Kim Linh', 'MH058', 'CHEM838', 'Networked static structure', 2, 'HK013', 'Học kỳ 1 Năm học 2025-2026', 'LHP025', 8.5, 8.75, 7.0, 7.5, 'B', 3.0, TRUE),
    (205, 'HV011', '674738', 'Lý Minh Linh', 'MH066', 'CS954', 'Extended value-added functionalities', 3, 'HK011', 'Học kỳ 2 Năm học 2024-2025', 'LHP100', 7.75, 6.75, 7.25, 7.2, 'B', 3.0, TRUE),
    (206, 'HV002', '634405', 'Hoàng Văn Phúc', 'MH002', 'IT102', 'Lập trình cơ bản', 4, 'HK013', 'Học kỳ 1 Năm học 2025-2026', 'LHP016', 6.0, 5.5, 6.75, 6.42, 'C+', 2.5, TRUE),
    (207, 'HV029', '641724', 'Lý Quang Giang', 'MH067', 'PHY539', 'Organized regional utilization', 4, 'HK005', 'Học kỳ 2 Năm học 2022-2023', 'LHP017', 5.5, 7.0, 5.5, 5.8, 'C', 2.0, TRUE),
    (208, 'HV042', '649420', 'Vũ Kim Xuân', 'MH007', 'IT302', 'Trí tuệ nhân tạo', 3, 'HK015', 'Học kỳ hè Năm học 2025-2026', 'LHP095', 7.5, 7.5, 7.5, 7.5, 'B', 3.0, TRUE),
    (209, 'HV024', '641915', 'Phạm Phương Xuân', 'MH006', 'IT301', 'Phát triển ứng dụng Web', 3, 'HK003', 'Học kỳ hè Năm học 2021-2022', 'LHP047', 9.5, 8.75, 9.75, 9.52, 'A+', 4.0, TRUE),
    (210, 'HV048', '671744', 'Đặng Quang Chiến', 'MH040', 'CS493', 'Mandatory 3rdgeneration success', 2, 'HK008', 'Học kỳ 2 Năm học 2023-2024', 'LHP022', 5.5, 8.0, 6.25, 6.53, 'C+', 2.5, TRUE),
    (211, 'HV009', '643611', 'Vũ Phương Hoa', 'MH056', 'CHEM280', 'Object-based composite help-desk', 3, 'HK010', 'Học kỳ 1 Năm học 2024-2025', 'LHP102', 7.0, 6.75, 7.25, 7.12, 'B', 3.0, TRUE),
    (212, 'HV042', '649420', 'Vũ Kim Xuân', 'MH001', 'IT101', 'Nhập môn Công nghệ thông tin', 3, 'HK001', 'Học kỳ 1 Năm học 2021-2022', 'LHP074', 9.25, 6.75, 6.75, 7.0, 'B', 3.0, TRUE),
    (213, 'HV001', '676156', 'Lê Kim Dũng', 'MH030', 'MATH150', 'Triple-buffered global matrix', 4, 'HK014', 'Học kỳ 2 Năm học 2025-2026', 'LHP031', 9.5, 7.75, 8.0, 8.1, 'B+', 3.5, TRUE),
    (214, 'HV003', '657855', 'Bùi Hữu Việt', 'MH064', 'MATH982', 'Operative didactic application', 2, 'HK006', 'Học kỳ hè Năm học 2022-2023', 'LHP039', 8.75, 8.0, 8.75, 8.6, 'A', 4.0, TRUE),
    (215, 'HV003', '657855', 'Bùi Hữu Việt', 'MH056', 'CHEM280', 'Object-based composite help-desk', 3, 'HK003', 'Học kỳ hè Năm học 2021-2022', 'LHP027', 7.75, 7.75, 7.25, 7.4, 'B', 3.0, TRUE),
    (216, 'HV032', '675421', 'Trần Văn Hương', 'MH068', 'PHY153', 'Extended responsive access', 4, 'HK007', 'Học kỳ 1 Năm học 2023-2024', 'LHP051', 7.25, 9.25, 4.75, 5.9, 'C', 2.0, TRUE),
    (217, 'HV047', '658219', 'Đặng Hữu Yến', 'MH014', 'KT301', 'Kinh tế lượng', 3, 'HK005', 'Học kỳ 2 Năm học 2022-2023', 'LHP052', 8.75, 8.0, 8.75, 8.6, 'A', 4.0, TRUE),
    (218, 'HV014', '658860', 'Bùi Kim Linh', 'MH080', 'CS456', 'Synchronized web-enabled portal', 4, 'HK007', 'Học kỳ 1 Năm học 2023-2024', 'LHP066', 7.75, 7.75, 8.25, 8.1, 'B+', 3.5, TRUE),
    (219, 'HV027', '657798', 'Lê Thị Việt', 'MH054', 'CS591', 'Face-to-face regional hierarchy', 3, 'HK010', 'Học kỳ 1 Năm học 2024-2025', 'LHP083', 9.25, 8.75, 8.5, 8.62, 'A', 4.0, TRUE),
    (220, 'HV034', '671591', 'Hoàng Hải Anh', 'MH075', 'CS920', 'Stand-alone incremental functionalities', 3, 'HK015', 'Học kỳ hè Năm học 2025-2026', 'LHP023', 7.5, 10.0, 8.25, 8.52, 'A', 4.0, TRUE),
    (221, 'HV019', '653162', 'Phạm Văn Hạnh', 'MH048', 'CS923', 'Total web-enabled knowledge user', 4, 'HK006', 'Học kỳ hè Năm học 2022-2023', 'LHP110', 9.75, 8.0, 8.5, 8.52, 'A', 4.0, TRUE),
    (222, 'HV024', '641915', 'Phạm Phương Xuân', 'MH020', 'QS102', 'Điều lệnh Quân đội', 2, 'HK015', 'Học kỳ hè Năm học 2025-2026', 'LHP038', 9.25, 10.0, 8.5, 8.88, 'A', 4.0, TRUE),
    (223, 'HV016', '642135', 'Lý Minh Xuân', 'MH006', 'IT301', 'Phát triển ứng dụng Web', 3, 'HK005', 'Học kỳ 2 Năm học 2022-2023', 'LHP055', 8.75, 10.0, 9.75, 9.7, 'A+', 4.0, TRUE),
    (224, 'HV039', '665288', 'Phạm Bảo Sơn', 'MH002', 'IT102', 'Lập trình cơ bản', 4, 'HK014', 'Học kỳ 2 Năm học 2025-2026', 'LHP113', 7.5, 7.75, 8.0, 7.9, 'B', 3.0, TRUE),
    (225, 'HV033', '643785', 'Vũ Hữu Hương', 'MH038', 'PHY609', 'Sharable demand-driven artificial intelligence', 2, 'HK011', 'Học kỳ 2 Năm học 2024-2025', 'LHP064', 7.75, 8.25, 7.25, 7.5, 'B', 3.0, TRUE),
    (226, 'HV028', '667779', 'Trần Thanh Hạnh', 'MH004', 'IT202', 'Cơ sở dữ liệu', 3, 'HK007', 'Học kỳ 1 Năm học 2023-2024', 'LHP013', 7.5, 8.5, 9.0, 8.75, 'A', 4.0, TRUE),
    (227, 'HV009', '643611', 'Vũ Phương Hoa', 'MH013', 'KT202', 'Tài chính doanh nghiệp', 3, 'HK004', 'Học kỳ 1 Năm học 2022-2023', 'LHP116', 7.25, 8.0, 8.25, 8.1, 'B+', 3.5, TRUE),
    (228, 'HV040', '633301', 'Vũ Thị Phương', 'MH069', 'MATH710', 'Re-engineered discrete artificial intelligence', 4, 'HK001', 'Học kỳ 1 Năm học 2021-2022', 'LHP108', 7.0, 9.75, 9.25, 9.12, 'A+', 4.0, TRUE),
    (229, 'HV041', '666283', 'Trần Kim Hạnh', 'MH062', 'CHEM131', 'Robust dynamic methodology', 2, 'HK008', 'Học kỳ 2 Năm học 2023-2024', 'LHP070', 7.25, 8.25, 7.75, 7.8, 'B', 3.0, TRUE),
    (230, 'HV017', '643692', 'Trần Kim Linh', 'MH038', 'PHY609', 'Sharable demand-driven artificial intelligence', 2, 'HK011', 'Học kỳ 2 Năm học 2024-2025', 'LHP064', 9.0, 9.0, 8.25, 8.47, 'B+', 3.5, TRUE),
    (231, 'HV045', '633511', 'Bùi Ngọc Xuân', 'MH049', 'PHY923', 'Multi-layered foreground installation', 3, 'HK001', 'Học kỳ 1 Năm học 2021-2022', 'LHP012', 9.25, 7.5, 6.5, 6.97, 'C+', 2.5, TRUE),
    (232, 'HV001', '676156', 'Lê Kim Dũng', 'MH011', 'KT102', 'Kinh tế vĩ mô', 3, 'HK006', 'Học kỳ hè Năm học 2022-2023', 'LHP011', 9.25, 9.75, 8.75, 9.0, 'A+', 4.0, TRUE),
    (233, 'HV002', '634405', 'Hoàng Văn Phúc', 'MH020', 'QS102', 'Điều lệnh Quân đội', 2, 'HK012', 'Học kỳ hè Năm học 2024-2025', 'LHP032', 7.75, 7.0, 6.75, 6.9, 'C+', 2.5, TRUE),
    (234, 'HV050', '658318', 'Phạm Văn Minh', 'MH040', 'CS493', 'Mandatory 3rdgeneration success', 2, 'HK011', 'Học kỳ 2 Năm học 2024-2025', 'LHP068', 8.5, 7.25, 7.75, 7.72, 'B', 3.0, TRUE),
    (235, 'HV011', '674738', 'Lý Minh Linh', 'MH030', 'MATH150', 'Triple-buffered global matrix', 4, 'HK007', 'Học kỳ 1 Năm học 2023-2024', 'LHP080', 7.25, 6.5, 8.5, 7.97, 'B', 3.0, TRUE),
    (236, 'HV037', '665362', 'Dương Đức Hương', 'MH074', 'CS876', 'Realigned 5thgeneration knowledge user', 3, 'HK010', 'Học kỳ 1 Năm học 2024-2025', 'LHP086', 10.0, 10.0, 10.0, 10.0, 'A+', 4.0, TRUE),
    (237, 'HV047', '658219', 'Đặng Hữu Yến', 'MH030', 'MATH150', 'Triple-buffered global matrix', 4, 'HK014', 'Học kỳ 2 Năm học 2025-2026', 'LHP031', 9.5, 9.5, 9.0, 9.15, 'A+', 4.0, TRUE),
    (238, 'HV030', '632151', 'Bùi Bảo Xuân', 'MH039', 'MATH797', 'Enterprise-wide bottom-line benchmark', 3, 'HK003', 'Học kỳ hè Năm học 2021-2022', 'LHP046', 8.25, 7.5, 7.75, 7.75, 'B', 3.0, TRUE),
    (239, 'HV039', '665288', 'Phạm Bảo Sơn', 'MH047', 'CS200', 'Compatible value-added model', 2, 'HK002', 'Học kỳ 2 Năm học 2021-2022', 'LHP104', 6.5, 8.75, 8.0, 8.0, 'B+', 3.5, TRUE),
    (240, 'HV030', '632151', 'Bùi Bảo Xuân', 'MH074', 'CS876', 'Realigned 5thgeneration knowledge user', 3, 'HK010', 'Học kỳ 1 Năm học 2024-2025', 'LHP086', 8.25, 8.0, 8.0, 8.03, 'B+', 3.5, TRUE),
    (241, 'HV040', '633301', 'Vũ Thị Phương', 'MH056', 'CHEM280', 'Object-based composite help-desk', 3, 'HK011', 'Học kỳ 2 Năm học 2024-2025', 'LHP078', 9.75, 7.5, 9.25, 8.95, 'A', 4.0, TRUE),
    (242, 'HV050', '658318', 'Phạm Văn Minh', 'MH005', 'IT203', 'Mạng máy tính', 3, 'HK002', 'Học kỳ 2 Năm học 2021-2022', 'LHP054', 7.25, 8.25, 9.5, 9.02, 'A+', 4.0, TRUE),
    (243, 'HV043', '676656', 'Hoàng Tuấn Phúc', 'MH066', 'CS954', 'Extended value-added functionalities', 3, 'HK008', 'Học kỳ 2 Năm học 2023-2024', 'LHP056', 9.0, 9.25, 8.5, 8.7, 'A', 4.0, TRUE),
    (244, 'HV019', '653162', 'Phạm Văn Hạnh', 'MH074', 'CS876', 'Realigned 5thgeneration knowledge user', 3, 'HK013', 'Học kỳ 1 Năm học 2025-2026', 'LHP085', 8.25, 8.25, 8.25, 8.25, 'B+', 3.5, TRUE),
    (245, 'HV035', '656508', 'Lê Hải Phương', 'MH037', 'PHY883', 'Customer-focused optimizing challenge', 2, 'HK009', 'Học kỳ hè Năm học 2023-2024', 'LHP118', 10.0, 9.25, 9.75, 9.67, 'A+', 4.0, TRUE),
    (246, 'HV017', '643692', 'Trần Kim Linh', 'MH046', 'CHEM285', 'Visionary even-keeled algorithm', 4, 'HK015', 'Học kỳ hè Năm học 2025-2026', 'LHP029', 9.0, 9.0, 8.25, 8.47, 'B+', 3.5, TRUE),
    (247, 'HV026', '658439', 'Vũ Hữu Bình', 'MH071', 'MATH894', 'Function-based web-enabled matrices', 2, 'HK009', 'Học kỳ hè Năm học 2023-2024', 'LHP105', 10.0, 10.0, 10.0, 10.0, 'A+', 4.0, TRUE),
    (248, 'HV045', '633511', 'Bùi Ngọc Xuân', 'MH021', 'QS201', 'Chiến thuật bộ binh', 3, 'HK002', 'Học kỳ 2 Năm học 2021-2022', 'LHP020', 9.0, 6.75, 5.75, 6.27, 'C+', 2.5, TRUE),
    (249, 'HV029', '641724', 'Lý Quang Giang', 'MH013', 'KT202', 'Tài chính doanh nghiệp', 3, 'HK008', 'Học kỳ 2 Năm học 2023-2024', 'LHP008', 7.0, 8.5, 6.0, 6.6, 'C+', 2.5, TRUE),
    (250, 'HV050', '658318', 'Phạm Văn Minh', 'MH069', 'MATH710', 'Re-engineered discrete artificial intelligence', 4, 'HK008', 'Học kỳ 2 Năm học 2023-2024', 'LHP069', 7.25, 8.0, 6.75, 7.05, 'B', 3.0, TRUE),
    (251, 'HV017', '643692', 'Trần Kim Linh', 'MH044', 'CS385', 'Exclusive 24/7 function', 2, 'HK004', 'Học kỳ 1 Năm học 2022-2023', 'LHP093', 9.75, 8.0, 9.0, 8.88, 'A', 4.0, TRUE),
    (252, 'HV044', '674328', 'Dương Thị Tùng', 'MH013', 'KT202', 'Tài chính doanh nghiệp', 3, 'HK008', 'Học kỳ 2 Năm học 2023-2024', 'LHP008', 10.0, 8.75, 9.5, 9.4, 'A+', 4.0, TRUE),
    (253, 'HV029', '641724', 'Lý Quang Giang', 'MH030', 'MATH150', 'Triple-buffered global matrix', 4, 'HK015', 'Học kỳ hè Năm học 2025-2026', 'LHP079', 6.75, 5.25, 6.5, 6.28, 'C+', 2.5, TRUE),
    (254, 'HV029', '641724', 'Lý Quang Giang', 'MH038', 'PHY609', 'Sharable demand-driven artificial intelligence', 2, 'HK014', 'Học kỳ 2 Năm học 2025-2026', 'LHP062', 7.0, 6.25, 6.75, 6.67, 'C+', 2.5, TRUE),
    (255, 'HV026', '658439', 'Vũ Hữu Bình', 'MH044', 'CS385', 'Exclusive 24/7 function', 2, 'HK004', 'Học kỳ 1 Năm học 2022-2023', 'LHP093', 9.75, 10.0, 9.5, 9.62, 'A+', 4.0, TRUE),
    (256, 'HV020', '647942', 'Dương Phương Giang', 'MH031', 'MATH865', 'Enterprise-wide leadingedge encoding', 3, 'HK003', 'Học kỳ hè Năm học 2021-2022', 'LHP058', 8.25, 8.75, 9.0, 8.88, 'A', 4.0, TRUE),
    (257, 'HV015', '631537', 'Nguyễn Kim Quân', 'MH009', 'IT304', 'An toàn và bảo mật thông tin', 3, 'HK006', 'Học kỳ hè Năm học 2022-2023', 'LHP082', 9.0, 10.0, 10.0, 9.9, 'A+', 4.0, TRUE),
    (258, 'HV031', '679202', 'Lý Quang Hạnh', 'MH044', 'CS385', 'Exclusive 24/7 function', 2, 'HK014', 'Học kỳ 2 Năm học 2025-2026', 'LHP061', 9.0, 9.75, 10.0, 9.85, 'A+', 4.0, TRUE),
    (259, 'HV033', '643785', 'Vũ Hữu Hương', 'MH019', 'QS101', 'Giáo dục Quốc phòng', 2, 'HK009', 'Học kỳ hè Năm học 2023-2024', 'LHP071', 7.0, 8.25, 7.5, 7.6, 'B', 3.0, TRUE),
    (260, 'HV017', '643692', 'Trần Kim Linh', 'MH071', 'MATH894', 'Function-based web-enabled matrices', 2, 'HK002', 'Học kỳ 2 Năm học 2021-2022', 'LHP112', 8.0, 9.0, 9.25, 9.07, 'A+', 4.0, TRUE),
    (261, 'HV022', '675392', 'Ngô Quang Phương', 'MH071', 'MATH894', 'Function-based web-enabled matrices', 2, 'HK012', 'Học kỳ hè Năm học 2024-2025', 'LHP037', 8.75, 8.5, 8.25, 8.35, 'B+', 3.5, TRUE),
    (262, 'HV023', '678860', 'Bùi Quang Nguyệt', 'MH007', 'IT302', 'Trí tuệ nhân tạo', 3, 'HK010', 'Học kỳ 1 Năm học 2024-2025', 'LHP040', 8.75, 8.25, 8.5, 8.47, 'B+', 3.5, TRUE),
    (263, 'HV028', '667779', 'Trần Thanh Hạnh', 'MH013', 'KT202', 'Tài chính doanh nghiệp', 3, 'HK004', 'Học kỳ 1 Năm học 2022-2023', 'LHP116', 7.75, 8.25, 7.5, 7.68, 'B', 3.0, TRUE),
    (264, 'HV029', '641724', 'Lý Quang Giang', 'MH054', 'CS591', 'Face-to-face regional hierarchy', 3, 'HK005', 'Học kỳ 2 Năm học 2022-2023', 'LHP014', 6.75, 6.5, 6.75, 6.7, 'C+', 2.5, TRUE),
    (265, 'HV016', '642135', 'Lý Minh Xuân', 'MH030', 'MATH150', 'Triple-buffered global matrix', 4, 'HK015', 'Học kỳ hè Năm học 2025-2026', 'LHP079', 9.25, 10.0, 8.0, 8.52, 'A', 4.0, TRUE),
    (266, 'HV022', '675392', 'Ngô Quang Phương', 'MH048', 'CS923', 'Total web-enabled knowledge user', 4, 'HK006', 'Học kỳ hè Năm học 2022-2023', 'LHP110', 8.75, 8.75, 8.75, 8.75, 'A', 4.0, TRUE),
    (267, 'HV004', '652953', 'Lê Đức Phúc', 'MH039', 'MATH797', 'Enterprise-wide bottom-line benchmark', 3, 'HK005', 'Học kỳ 2 Năm học 2022-2023', 'LHP059', 8.75, 6.5, 7.5, 7.42, 'B', 3.0, TRUE),
    (268, 'HV001', '676156', 'Lê Kim Dũng', 'MH062', 'CHEM131', 'Robust dynamic methodology', 2, 'HK008', 'Học kỳ 2 Năm học 2023-2024', 'LHP070', 9.5, 9.5, 8.75, 8.97, 'A', 4.0, TRUE),
    (269, 'HV013', '642525', 'Nguyễn Minh Quân', 'MH070', 'PHY701', 'Public-key disintermediate methodology', 2, 'HK007', 'Học kỳ 1 Năm học 2023-2024', 'LHP006', 6.75, 8.0, 8.0, 7.88, 'B', 3.0, TRUE),
    (270, 'HV031', '679202', 'Lý Quang Hạnh', 'MH040', 'CS493', 'Mandatory 3rdgeneration success', 2, 'HK008', 'Học kỳ 2 Năm học 2023-2024', 'LHP022', 9.25, 8.75, 9.25, 9.15, 'A+', 4.0, TRUE),
    (271, 'HV023', '678860', 'Bùi Quang Nguyệt', 'MH044', 'CS385', 'Exclusive 24/7 function', 2, 'HK012', 'Học kỳ hè Năm học 2024-2025', 'LHP053', 9.0, 8.5, 8.0, 8.2, 'B+', 3.5, TRUE),
    (272, 'HV038', '645515', 'Ngô Tuấn Em', 'MH072', 'CHEM426', 'Programmable context-sensitive productivity', 2, 'HK006', 'Học kỳ hè Năm học 2022-2023', 'LHP049', 7.25, 6.75, 7.75, 7.5, 'B', 3.0, TRUE),
    (273, 'HV047', '658219', 'Đặng Hữu Yến', 'MH019', 'QS101', 'Giáo dục Quốc phòng', 2, 'HK003', 'Học kỳ hè Năm học 2021-2022', 'LHP092', 9.75, 7.5, 9.25, 8.95, 'A', 4.0, TRUE),
    (274, 'HV023', '678860', 'Bùi Quang Nguyệt', 'MH041', 'CS329', 'Customer-focused next generation emulation', 2, 'HK006', 'Học kỳ hè Năm học 2022-2023', 'LHP036', 7.5, 7.25, 8.5, 8.15, 'B+', 3.5, TRUE),
    (275, 'HV031', '679202', 'Lý Quang Hạnh', 'MH050', 'CS651', 'Quality-focused dedicated knowledgebase', 2, 'HK007', 'Học kỳ 1 Năm học 2023-2024', 'LHP028', 10.0, 9.0, 10.0, 9.8, 'A+', 4.0, TRUE),
    (276, 'HV021', '655647', 'Nguyễn Quang Em', 'MH044', 'CS385', 'Exclusive 24/7 function', 2, 'HK004', 'Học kỳ 1 Năm học 2022-2023', 'LHP093', 8.0, 7.0, 7.5, 7.45, 'B', 3.0, TRUE),
    (277, 'HV050', '658318', 'Phạm Văn Minh', 'MH074', 'CS876', 'Realigned 5thgeneration knowledge user', 3, 'HK010', 'Học kỳ 1 Năm học 2024-2025', 'LHP086', 6.25, 7.75, 7.25, 7.25, 'B', 3.0, TRUE),
    (278, 'HV016', '642135', 'Lý Minh Xuân', 'MH044', 'CS385', 'Exclusive 24/7 function', 2, 'HK014', 'Học kỳ 2 Năm học 2025-2026', 'LHP061', 9.75, 9.25, 8.0, 8.43, 'B+', 3.5, TRUE),
    (279, 'HV030', '632151', 'Bùi Bảo Xuân', 'MH035', 'CHEM763', 'Operative executive concept', 3, 'HK006', 'Học kỳ hè Năm học 2022-2023', 'LHP075', 8.25, 7.75, 8.0, 7.97, 'B', 3.0, TRUE),
    (280, 'HV034', '671591', 'Hoàng Hải Anh', 'MH071', 'MATH894', 'Function-based web-enabled matrices', 2, 'HK002', 'Học kỳ 2 Năm học 2021-2022', 'LHP112', 8.75, 8.75, 8.75, 8.75, 'A', 4.0, TRUE),
    (281, 'HV048', '671744', 'Đặng Quang Chiến', 'MH013', 'KT202', 'Tài chính doanh nghiệp', 3, 'HK002', 'Học kỳ 2 Năm học 2021-2022', 'LHP050', 5.75, 7.0, 7.5, 7.22, 'B', 3.0, TRUE),
    (282, 'HV046', '633567', 'Đỗ Bảo Yến', 'MH068', 'PHY153', 'Extended responsive access', 4, 'HK007', 'Học kỳ 1 Năm học 2023-2024', 'LHP051', 8.75, 9.25, 8.75, 8.85, 'A', 4.0, TRUE),
    (283, 'HV005', '678070', 'Nguyễn Hải Hương', 'MH030', 'MATH150', 'Triple-buffered global matrix', 4, 'HK014', 'Học kỳ 2 Năm học 2025-2026', 'LHP031', 6.75, 8.25, 10.0, 9.32, 'A+', 4.0, TRUE),
    (284, 'HV012', '648673', 'Lý Hải Phương', 'MH018', 'NN202', 'Tiếng Trung cơ bản', 4, 'HK007', 'Học kỳ 1 Năm học 2023-2024', 'LHP117', 7.75, 9.75, 7.25, 7.8, 'B', 3.0, TRUE),
    (285, 'HV027', '657798', 'Lê Thị Việt', 'MH013', 'KT202', 'Tài chính doanh nghiệp', 3, 'HK002', 'Học kỳ 2 Năm học 2021-2022', 'LHP050', 10.0, 9.0, 8.75, 8.93, 'A', 4.0, TRUE),
    (286, 'HV002', '634405', 'Hoàng Văn Phúc', 'MH064', 'MATH982', 'Operative didactic application', 2, 'HK006', 'Học kỳ hè Năm học 2022-2023', 'LHP039', 7.0, 7.25, 7.5, 7.4, 'B', 3.0, TRUE),
    (287, 'HV012', '648673', 'Lý Hải Phương', 'MH038', 'PHY609', 'Sharable demand-driven artificial intelligence', 2, 'HK009', 'Học kỳ hè Năm học 2023-2024', 'LHP021', 7.75, 6.75, 7.5, 7.38, 'B', 3.0, TRUE),
    (288, 'HV025', '669836', 'Ngô Tuấn Yến', 'MH067', 'PHY539', 'Organized regional utilization', 4, 'HK015', 'Học kỳ hè Năm học 2025-2026', 'LHP018', 5.75, 6.5, 9.0, 8.18, 'B+', 3.5, TRUE),
    (289, 'HV034', '671591', 'Hoàng Hải Anh', 'MH062', 'CHEM131', 'Robust dynamic methodology', 2, 'HK003', 'Học kỳ hè Năm học 2021-2022', 'LHP111', 9.25, 9.0, 8.75, 8.85, 'A', 4.0, TRUE),
    (290, 'HV001', '676156', 'Lê Kim Dũng', 'MH048', 'CS923', 'Total web-enabled knowledge user', 4, 'HK006', 'Học kỳ hè Năm học 2022-2023', 'LHP110', 9.75, 7.75, 10.0, 9.53, 'A+', 4.0, TRUE),
    (291, 'HV045', '633511', 'Bùi Ngọc Xuân', 'MH006', 'IT301', 'Phát triển ứng dụng Web', 3, 'HK005', 'Học kỳ 2 Năm học 2022-2023', 'LHP055', 8.5, 5.5, 6.75, 6.67, 'C+', 2.5, TRUE),
    (292, 'HV023', '678860', 'Bùi Quang Nguyệt', 'MH040', 'CS493', 'Mandatory 3rdgeneration success', 2, 'HK008', 'Học kỳ 2 Năm học 2023-2024', 'LHP022', 8.25, 8.0, 8.0, 8.03, 'B+', 3.5, TRUE),
    (293, 'HV018', '639962', 'Lê Tuấn Quân', 'MH065', 'CS206', 'Stand-alone analyzing focus group', 3, 'HK002', 'Học kỳ 2 Năm học 2021-2022', 'LHP057', 6.0, 4.5, 7.0, 6.4, 'C+', 2.5, TRUE),
    (294, 'HV028', '667779', 'Trần Thanh Hạnh', 'MH044', 'CS385', 'Exclusive 24/7 function', 2, 'HK012', 'Học kỳ hè Năm học 2024-2025', 'LHP053', 9.25, 9.5, 8.5, 8.77, 'A', 4.0, TRUE),
    (295, 'HV003', '657855', 'Bùi Hữu Việt', 'MH002', 'IT102', 'Lập trình cơ bản', 4, 'HK013', 'Học kỳ 1 Năm học 2025-2026', 'LHP016', 7.75, 8.25, 5.75, 6.45, 'C+', 2.5, TRUE),
    (296, 'HV022', '675392', 'Ngô Quang Phương', 'MH075', 'CS920', 'Stand-alone incremental functionalities', 3, 'HK005', 'Học kỳ 2 Năm học 2022-2023', 'LHP060', 8.0, 6.5, 8.5, 8.05, 'B+', 3.5, TRUE),
    (297, 'HV003', '657855', 'Bùi Hữu Việt', 'MH071', 'MATH894', 'Function-based web-enabled matrices', 2, 'HK012', 'Học kỳ hè Năm học 2024-2025', 'LHP037', 8.25, 8.0, 7.0, 7.32, 'B', 3.0, TRUE),
    (298, 'HV027', '657798', 'Lê Thị Việt', 'MH046', 'CHEM285', 'Visionary even-keeled algorithm', 4, 'HK015', 'Học kỳ hè Năm học 2025-2026', 'LHP029', 10.0, 8.0, 8.25, 8.38, 'B+', 3.5, TRUE),
    (299, 'HV046', '633567', 'Đỗ Bảo Yến', 'MH009', 'IT304', 'An toàn và bảo mật thông tin', 3, 'HK006', 'Học kỳ hè Năm học 2022-2023', 'LHP082', 7.75, 9.25, 8.5, 8.57, 'A', 4.0, TRUE),
    (300, 'HV026', '658439', 'Vũ Hữu Bình', 'MH035', 'CHEM763', 'Operative executive concept', 3, 'HK006', 'Học kỳ hè Năm học 2022-2023', 'LHP075', 10.0, 8.5, 10.0, 9.7, 'A+', 4.0, TRUE),
    (301, 'HV026', '658439', 'Vũ Hữu Bình', 'MH040', 'CS493', 'Mandatory 3rdgeneration success', 2, 'HK002', 'Học kỳ 2 Năm học 2021-2022', 'LHP081', 9.75, 8.75, 9.25, 9.2, 'A+', 4.0, TRUE),
    (302, 'HV042', '649420', 'Vũ Kim Xuân', 'MH027', 'MATH494', 'Open-architected coherent system engine', 4, 'HK012', 'Học kỳ hè Năm học 2024-2025', 'LHP042', 5.0, 7.0, 6.0, 6.1, 'C+', 2.5, TRUE),
    (303, 'HV011', '674738', 'Lý Minh Linh', 'MH076', 'CHEM194', 'Optional hybrid architecture', 3, 'HK001', 'Học kỳ 1 Năm học 2021-2022', 'LHP043', 7.5, 9.5, 7.0, 7.55, 'B', 3.0, TRUE),
    (304, 'HV026', '658439', 'Vũ Hữu Bình', 'MH047', 'CS200', 'Compatible value-added model', 2, 'HK002', 'Học kỳ 2 Năm học 2021-2022', 'LHP104', 10.0, 9.5, 10.0, 9.9, 'A+', 4.0, TRUE),
    (305, 'HV018', '639962', 'Lê Tuấn Quân', 'MH001', 'IT101', 'Nhập môn Công nghệ thông tin', 3, 'HK015', 'Học kỳ hè Năm học 2025-2026', 'LHP002', 7.75, 7.0, 6.75, 6.9, 'C+', 2.5, TRUE),
    (306, 'HV024', '641915', 'Phạm Phương Xuân', 'MH012', 'KT201', 'Nguyên lý kế toán', 4, 'HK002', 'Học kỳ 2 Năm học 2021-2022', 'LHP044', 9.75, 9.0, 8.5, 8.72, 'A', 4.0, TRUE),
    (307, 'HV008', '645479', 'Trần Thanh Sơn', 'MH039', 'MATH797', 'Enterprise-wide bottom-line benchmark', 3, 'HK003', 'Học kỳ hè Năm học 2021-2022', 'LHP046', 9.0, 8.5, 8.75, 8.72, 'A', 4.0, TRUE),
    (308, 'HV040', '633301', 'Vũ Thị Phương', 'MH063', 'CHEM375', 'Mandatory static service-desk', 2, 'HK011', 'Học kỳ 2 Năm học 2024-2025', 'LHP015', 9.5, 9.0, 8.5, 8.7, 'A', 4.0, TRUE),
    (309, 'HV036', '638647', 'Lý Thị Tùng', 'MH002', 'IT102', 'Lập trình cơ bản', 4, 'HK013', 'Học kỳ 1 Năm học 2025-2026', 'LHP016', 8.5, 8.0, 8.5, 8.4, 'B+', 3.5, TRUE),
    (310, 'HV013', '642525', 'Nguyễn Minh Quân', 'MH044', 'CS385', 'Exclusive 24/7 function', 2, 'HK012', 'Học kỳ hè Năm học 2024-2025', 'LHP053', 6.25, 7.25, 7.5, 7.33, 'B', 3.0, TRUE),
    (311, 'HV042', '649420', 'Vũ Kim Xuân', 'MH002', 'IT102', 'Lập trình cơ bản', 4, 'HK013', 'Học kỳ 1 Năm học 2025-2026', 'LHP016', 6.5, 7.5, 6.25, 6.53, 'C+', 2.5, TRUE),
    (312, 'HV037', '665362', 'Dương Đức Hương', 'MH075', 'CS920', 'Stand-alone incremental functionalities', 3, 'HK015', 'Học kỳ hè Năm học 2025-2026', 'LHP023', 10.0, 10.0, 9.75, 9.82, 'A+', 4.0, TRUE),
    (313, 'HV036', '638647', 'Lý Thị Tùng', 'MH044', 'CS385', 'Exclusive 24/7 function', 2, 'HK004', 'Học kỳ 1 Năm học 2022-2023', 'LHP093', 8.5, 8.0, 8.0, 8.05, 'B+', 3.5, TRUE),
    (314, 'HV048', '671744', 'Đặng Quang Chiến', 'MH035', 'CHEM763', 'Operative executive concept', 3, 'HK006', 'Học kỳ hè Năm học 2022-2023', 'LHP075', 7.5, 6.75, 8.0, 7.7, 'B', 3.0, TRUE),
    (315, 'HV026', '658439', 'Vũ Hữu Bình', 'MH077', 'PHY515', 'Configurable context-sensitive functionalities', 2, 'HK003', 'Học kỳ hè Năm học 2021-2022', 'LHP098', 9.25, 9.0, 10.0, 9.72, 'A+', 4.0, TRUE),
    (316, 'HV008', '645479', 'Trần Thanh Sơn', 'MH006', 'IT301', 'Phát triển ứng dụng Web', 3, 'HK007', 'Học kỳ 1 Năm học 2023-2024', 'LHP065', 9.25, 8.75, 10.0, 9.68, 'A+', 4.0, TRUE),
    (317, 'HV047', '658219', 'Đặng Hữu Yến', 'MH071', 'MATH894', 'Function-based web-enabled matrices', 2, 'HK009', 'Học kỳ hè Năm học 2023-2024', 'LHP105', 8.5, 10.0, 7.75, 8.28, 'B+', 3.5, TRUE),
    (318, 'HV046', '633567', 'Đỗ Bảo Yến', 'MH020', 'QS102', 'Điều lệnh Quân đội', 2, 'HK015', 'Học kỳ hè Năm học 2025-2026', 'LHP038', 9.25, 7.5, 8.0, 8.02, 'B+', 3.5, TRUE),
    (319, 'HV008', '645479', 'Trần Thanh Sơn', 'MH020', 'QS102', 'Điều lệnh Quân đội', 2, 'HK015', 'Học kỳ hè Năm học 2025-2026', 'LHP038', 7.5, 8.0, 7.25, 7.42, 'B', 3.0, TRUE),
    (320, 'HV012', '648673', 'Lý Hải Phương', 'MH001', 'IT101', 'Nhập môn Công nghệ thông tin', 3, 'HK009', 'Học kỳ hè Năm học 2023-2024', 'LHP099', 8.0, 7.75, 8.25, 8.12, 'B+', 3.5, TRUE),
    (321, 'HV028', '667779', 'Trần Thanh Hạnh', 'MH047', 'CS200', 'Compatible value-added model', 2, 'HK004', 'Học kỳ 1 Năm học 2022-2023', 'LHP007', 7.75, 8.5, 8.0, 8.07, 'B+', 3.5, TRUE),
    (322, 'HV022', '675392', 'Ngô Quang Phương', 'MH050', 'CS651', 'Quality-focused dedicated knowledgebase', 2, 'HK007', 'Học kỳ 1 Năm học 2023-2024', 'LHP028', 7.75, 9.25, 8.25, 8.4, 'B+', 3.5, TRUE),
    (323, 'HV027', '657798', 'Lê Thị Việt', 'MH031', 'MATH865', 'Enterprise-wide leadingedge encoding', 3, 'HK003', 'Học kỳ hè Năm học 2021-2022', 'LHP058', 9.75, 10.0, 8.75, 9.1, 'A+', 4.0, TRUE),
    (324, 'HV005', '678070', 'Nguyễn Hải Hương', 'MH019', 'QS101', 'Giáo dục Quốc phòng', 2, 'HK009', 'Học kỳ hè Năm học 2023-2024', 'LHP071', 8.5, 8.75, 9.0, 8.9, 'A', 4.0, TRUE),
    (325, 'HV034', '671591', 'Hoàng Hải Anh', 'MH078', 'CHEM883', 'Synchronized tertiary open system', 4, 'HK009', 'Học kỳ hè Năm học 2023-2024', 'LHP087', 7.75, 8.25, 8.5, 8.38, 'B+', 3.5, TRUE),
    (326, 'HV019', '653162', 'Phạm Văn Hạnh', 'MH037', 'PHY883', 'Customer-focused optimizing challenge', 2, 'HK004', 'Học kỳ 1 Năm học 2022-2023', 'LHP090', 10.0, 7.5, 8.0, 8.1, 'B+', 3.5, TRUE),
    (327, 'HV010', '645051', 'Nguyễn Phương Dũng', 'MH030', 'MATH150', 'Triple-buffered global matrix', 4, 'HK014', 'Học kỳ 2 Năm học 2025-2026', 'LHP031', 8.5, 7.0, 7.75, 7.67, 'B', 3.0, TRUE),
    (328, 'HV049', '638542', 'Hồ Hữu Giang', 'MH049', 'PHY923', 'Multi-layered foreground installation', 3, 'HK001', 'Học kỳ 1 Năm học 2021-2022', 'LHP012', 8.75, 10.0, 8.25, 8.65, 'A', 4.0, TRUE),
    (329, 'HV041', '666283', 'Trần Kim Hạnh', 'MH002', 'IT102', 'Lập trình cơ bản', 4, 'HK013', 'Học kỳ 1 Năm học 2025-2026', 'LHP016', 7.5, 8.25, 8.25, 8.18, 'B+', 3.5, TRUE),
    (330, 'HV021', '655647', 'Nguyễn Quang Em', 'MH046', 'CHEM285', 'Visionary even-keeled algorithm', 4, 'HK015', 'Học kỳ hè Năm học 2025-2026', 'LHP029', 8.5, 7.25, 7.5, 7.55, 'B', 3.0, TRUE),
    (331, 'HV019', '653162', 'Phạm Văn Hạnh', 'MH071', 'MATH894', 'Function-based web-enabled matrices', 2, 'HK002', 'Học kỳ 2 Năm học 2021-2022', 'LHP112', 8.0, 8.75, 8.25, 8.32, 'B+', 3.5, TRUE),
    (332, 'HV020', '647942', 'Dương Phương Giang', 'MH036', 'CHEM164', 'Synergized demand-driven analyzer', 2, 'HK003', 'Học kỳ hè Năm học 2021-2022', 'LHP041', 8.0, 8.75, 8.75, 8.68, 'A', 4.0, TRUE),
    (333, 'HV030', '632151', 'Bùi Bảo Xuân', 'MH067', 'PHY539', 'Organized regional utilization', 4, 'HK015', 'Học kỳ hè Năm học 2025-2026', 'LHP018', 8.5, 7.25, 8.5, 8.25, 'B+', 3.5, TRUE),
    (334, 'HV047', '658219', 'Đặng Hữu Yến', 'MH078', 'CHEM883', 'Synchronized tertiary open system', 4, 'HK009', 'Học kỳ hè Năm học 2023-2024', 'LHP087', 7.25, 7.75, 7.5, 7.53, 'B', 3.0, TRUE),
    (335, 'HV027', '657798', 'Lê Thị Việt', 'MH064', 'MATH982', 'Operative didactic application', 2, 'HK006', 'Học kỳ hè Năm học 2022-2023', 'LHP039', 8.25, 8.25, 9.75, 9.3, 'A+', 4.0, TRUE),
    (336, 'HV042', '649420', 'Vũ Kim Xuân', 'MH013', 'KT202', 'Tài chính doanh nghiệp', 3, 'HK008', 'Học kỳ 2 Năm học 2023-2024', 'LHP008', 7.75, 8.75, 8.25, 8.3, 'B+', 3.5, TRUE),
    (337, 'HV012', '648673', 'Lý Hải Phương', 'MH044', 'CS385', 'Exclusive 24/7 function', 2, 'HK014', 'Học kỳ 2 Năm học 2025-2026', 'LHP061', 7.25, 8.75, 8.25, 8.25, 'B+', 3.5, TRUE),
    (338, 'HV032', '675421', 'Trần Văn Hương', 'MH067', 'PHY539', 'Organized regional utilization', 4, 'HK005', 'Học kỳ 2 Năm học 2022-2023', 'LHP017', 6.5, 6.25, 6.25, 6.28, 'C+', 2.5, TRUE),
    (339, 'HV028', '667779', 'Trần Thanh Hạnh', 'MH038', 'PHY609', 'Sharable demand-driven artificial intelligence', 2, 'HK011', 'Học kỳ 2 Năm học 2024-2025', 'LHP064', 8.75, 8.0, 9.25, 8.95, 'A', 4.0, TRUE),
    (340, 'HV030', '632151', 'Bùi Bảo Xuân', 'MH050', 'CS651', 'Quality-focused dedicated knowledgebase', 2, 'HK012', 'Học kỳ hè Năm học 2024-2025', 'LHP114', 7.75, 7.5, 7.5, 7.53, 'B', 3.0, TRUE),
    (341, 'HV048', '671744', 'Đặng Quang Chiến', 'MH056', 'CHEM280', 'Object-based composite help-desk', 3, 'HK010', 'Học kỳ 1 Năm học 2024-2025', 'LHP067', 5.0, 7.0, 7.25, 6.97, 'C+', 2.5, TRUE),
    (342, 'HV049', '638542', 'Hồ Hữu Giang', 'MH012', 'KT201', 'Nguyên lý kế toán', 4, 'HK002', 'Học kỳ 2 Năm học 2021-2022', 'LHP044', 9.0, 8.25, 8.0, 8.15, 'B+', 3.5, TRUE),
    (343, 'HV037', '665362', 'Dương Đức Hương', 'MH022', 'QS202', 'Kỹ thuật quân sự', 3, 'HK003', 'Học kỳ hè Năm học 2021-2022', 'LHP010', 8.5, 9.0, 9.75, 9.47, 'A+', 4.0, TRUE),
    (344, 'HV044', '674328', 'Dương Thị Tùng', 'MH037', 'PHY883', 'Customer-focused optimizing challenge', 2, 'HK004', 'Học kỳ 1 Năm học 2022-2023', 'LHP090', 9.25, 9.75, 9.75, 9.7, 'A+', 4.0, TRUE),
    (345, 'HV002', '634405', 'Hoàng Văn Phúc', 'MH007', 'IT302', 'Trí tuệ nhân tạo', 3, 'HK010', 'Học kỳ 1 Năm học 2024-2025', 'LHP040', 6.25, 5.25, 6.75, 6.4, 'C+', 2.5, TRUE),
    (346, 'HV041', '666283', 'Trần Kim Hạnh', 'MH007', 'IT302', 'Trí tuệ nhân tạo', 3, 'HK004', 'Học kỳ 1 Năm học 2022-2023', 'LHP004', 7.0, 7.0, 7.25, 7.17, 'B', 3.0, TRUE),
    (347, 'HV045', '633511', 'Bùi Ngọc Xuân', 'MH020', 'QS102', 'Điều lệnh Quân đội', 2, 'HK012', 'Học kỳ hè Năm học 2024-2025', 'LHP032', 5.75, 7.75, 5.5, 5.97, 'C', 2.0, TRUE),
    (348, 'HV050', '658318', 'Phạm Văn Minh', 'MH067', 'PHY539', 'Organized regional utilization', 4, 'HK015', 'Học kỳ hè Năm học 2025-2026', 'LHP018', 8.25, 8.0, 6.75, 7.15, 'B', 3.0, TRUE),
    (349, 'HV032', '675421', 'Trần Văn Hương', 'MH027', 'MATH494', 'Open-architected coherent system engine', 4, 'HK009', 'Học kỳ hè Năm học 2023-2024', 'LHP119', 6.5, 6.5, 7.5, 7.2, 'B', 3.0, TRUE),
    (350, 'HV030', '632151', 'Bùi Bảo Xuân', 'MH038', 'PHY609', 'Sharable demand-driven artificial intelligence', 2, 'HK009', 'Học kỳ hè Năm học 2023-2024', 'LHP021', 8.25, 7.5, 8.25, 8.1, 'B+', 3.5, TRUE),
    (351, 'HV003', '657855', 'Bùi Hữu Việt', 'MH044', 'CS385', 'Exclusive 24/7 function', 2, 'HK012', 'Học kỳ hè Năm học 2024-2025', 'LHP053', 7.75, 9.0, 9.25, 9.05, 'A+', 4.0, TRUE),
    (352, 'HV010', '645051', 'Nguyễn Phương Dũng', 'MH078', 'CHEM883', 'Synchronized tertiary open system', 4, 'HK009', 'Học kỳ hè Năm học 2023-2024', 'LHP087', 7.75, 9.5, 7.75, 8.1, 'B+', 3.5, TRUE),
    (353, 'HV046', '633567', 'Đỗ Bảo Yến', 'MH050', 'CS651', 'Quality-focused dedicated knowledgebase', 2, 'HK012', 'Học kỳ hè Năm học 2024-2025', 'LHP114', 9.25, 8.5, 8.25, 8.4, 'B+', 3.5, TRUE),
    (354, 'HV032', '675421', 'Trần Văn Hương', 'MH006', 'IT301', 'Phát triển ứng dụng Web', 3, 'HK002', 'Học kỳ 2 Năm học 2021-2022', 'LHP096', 8.5, 7.75, 8.25, 8.18, 'B+', 3.5, TRUE),
    (355, 'HV005', '678070', 'Nguyễn Hải Hương', 'MH014', 'KT301', 'Kinh tế lượng', 3, 'HK010', 'Học kỳ 1 Năm học 2024-2025', 'LHP089', 8.0, 9.25, 7.5, 7.9, 'B', 3.0, TRUE),
    (356, 'HV048', '671744', 'Đặng Quang Chiến', 'MH041', 'CS329', 'Customer-focused next generation emulation', 2, 'HK006', 'Học kỳ hè Năm học 2022-2023', 'LHP036', 4.25, 7.0, 6.25, 6.2, 'C+', 2.5, TRUE),
    (357, 'HV035', '656508', 'Lê Hải Phương', 'MH038', 'PHY609', 'Sharable demand-driven artificial intelligence', 2, 'HK011', 'Học kỳ 2 Năm học 2024-2025', 'LHP064', 10.0, 10.0, 8.5, 8.95, 'A', 4.0, TRUE),
    (358, 'HV007', '651610', 'Lê Văn Nguyệt', 'MH040', 'CS493', 'Mandatory 3rdgeneration success', 2, 'HK002', 'Học kỳ 2 Năm học 2021-2022', 'LHP081', 7.0, 8.75, 7.0, 7.35, 'B', 3.0, TRUE),
    (359, 'HV022', '675392', 'Ngô Quang Phương', 'MH007', 'IT302', 'Trí tuệ nhân tạo', 3, 'HK004', 'Học kỳ 1 Năm học 2022-2023', 'LHP004', 6.0, 8.25, 9.25, 8.72, 'A', 4.0, TRUE),
    (360, 'HV018', '639962', 'Lê Tuấn Quân', 'MH006', 'IT301', 'Phát triển ứng dụng Web', 3, 'HK002', 'Học kỳ 2 Năm học 2021-2022', 'LHP096', 6.0, 6.0, 7.0, 6.7, 'C+', 2.5, TRUE),
    (361, 'HV050', '658318', 'Phạm Văn Minh', 'MH002', 'IT102', 'Lập trình cơ bản', 4, 'HK014', 'Học kỳ 2 Năm học 2025-2026', 'LHP113', 9.0, 6.75, 6.5, 6.8, 'C+', 2.5, TRUE),
    (362, 'HV040', '633301', 'Vũ Thị Phương', 'MH064', 'MATH982', 'Operative didactic application', 2, 'HK005', 'Học kỳ 2 Năm học 2022-2023', 'LHP094', 8.0, 10.0, 9.75, 9.62, 'A+', 4.0, TRUE),
    (363, 'HV050', '658318', 'Phạm Văn Minh', 'MH004', 'IT202', 'Cơ sở dữ liệu', 3, 'HK007', 'Học kỳ 1 Năm học 2023-2024', 'LHP013', 7.5, 8.5, 7.25, 7.52, 'B', 3.0, TRUE),
    (364, 'HV048', '671744', 'Đặng Quang Chiến', 'MH014', 'KT301', 'Kinh tế lượng', 3, 'HK013', 'Học kỳ 1 Năm học 2025-2026', 'LHP003', 7.5, 5.75, 4.5, 5.05, 'D+', 1.5, TRUE),
    (365, 'HV049', '638542', 'Hồ Hữu Giang', 'MH064', 'MATH982', 'Operative didactic application', 2, 'HK005', 'Học kỳ 2 Năm học 2022-2023', 'LHP094', 8.75, 8.25, 7.75, 7.95, 'B', 3.0, TRUE),
    (366, 'HV037', '665362', 'Dương Đức Hương', 'MH006', 'IT301', 'Phát triển ứng dụng Web', 3, 'HK002', 'Học kỳ 2 Năm học 2021-2022', 'LHP096', 9.75, 10.0, 10.0, 9.97, 'A+', 4.0, TRUE),
    (367, 'HV042', '649420', 'Vũ Kim Xuân', 'MH042', 'MATH412', 'Right-sized real-time migration', 4, 'HK009', 'Học kỳ hè Năm học 2023-2024', 'LHP091', 7.5, 6.75, 6.0, 6.3, 'C+', 2.5, TRUE),
    (368, 'HV038', '645515', 'Ngô Tuấn Em', 'MH054', 'CS591', 'Face-to-face regional hierarchy', 3, 'HK005', 'Học kỳ 2 Năm học 2022-2023', 'LHP014', 8.75, 7.25, 6.25, 6.7, 'C+', 2.5, TRUE),
    (369, 'HV027', '657798', 'Lê Thị Việt', 'MH030', 'MATH150', 'Triple-buffered global matrix', 4, 'HK007', 'Học kỳ 1 Năm học 2023-2024', 'LHP080', 9.5, 9.75, 10.0, 9.9, 'A+', 4.0, TRUE),
    (370, 'HV018', '639962', 'Lê Tuấn Quân', 'MH067', 'PHY539', 'Organized regional utilization', 4, 'HK005', 'Học kỳ 2 Năm học 2022-2023', 'LHP017', 6.5, 8.25, 7.75, 7.72, 'B', 3.0, TRUE),
    (371, 'HV025', '669836', 'Ngô Tuấn Yến', 'MH020', 'QS102', 'Điều lệnh Quân đội', 2, 'HK015', 'Học kỳ hè Năm học 2025-2026', 'LHP038', 6.0, 7.0, 5.0, 5.5, 'C', 2.0, TRUE),
    (372, 'HV029', '641724', 'Lý Quang Giang', 'MH020', 'QS102', 'Điều lệnh Quân đội', 2, 'HK011', 'Học kỳ 2 Năm học 2024-2025', 'LHP034', 5.5, 8.0, 7.25, 7.22, 'B', 3.0, TRUE),
    (373, 'HV013', '642525', 'Nguyễn Minh Quân', 'MH058', 'CHEM838', 'Networked static structure', 2, 'HK013', 'Học kỳ 1 Năm học 2025-2026', 'LHP025', 8.5, 7.5, 7.75, 7.78, 'B', 3.0, TRUE),
    (374, 'HV042', '649420', 'Vũ Kim Xuân', 'MH010', 'KT101', 'Kinh tế vi mô', 3, 'HK009', 'Học kỳ hè Năm học 2023-2024', 'LHP063', 6.75, 7.0, 7.0, 6.97, 'C+', 2.5, TRUE),
    (375, 'HV047', '658219', 'Đặng Hữu Yến', 'MH001', 'IT101', 'Nhập môn Công nghệ thông tin', 3, 'HK001', 'Học kỳ 1 Năm học 2021-2022', 'LHP074', 9.25, 9.0, 9.5, 9.38, 'A+', 4.0, TRUE),
    (376, 'HV047', '658219', 'Đặng Hữu Yến', 'MH058', 'CHEM838', 'Networked static structure', 2, 'HK013', 'Học kỳ 1 Năm học 2025-2026', 'LHP025', 8.75, 7.5, 8.25, 8.15, 'B+', 3.5, TRUE),
    (377, 'HV031', '679202', 'Lý Quang Hạnh', 'MH077', 'PHY515', 'Configurable context-sensitive functionalities', 2, 'HK013', 'Học kỳ 1 Năm học 2025-2026', 'LHP077', 7.25, 9.25, 8.75, 8.7, 'A', 4.0, TRUE),
    (378, 'HV041', '666283', 'Trần Kim Hạnh', 'MH018', 'NN202', 'Tiếng Trung cơ bản', 4, 'HK007', 'Học kỳ 1 Năm học 2023-2024', 'LHP117', 8.25, 8.5, 8.75, 8.65, 'A', 4.0, TRUE),
    (379, 'HV001', '676156', 'Lê Kim Dũng', 'MH007', 'IT302', 'Trí tuệ nhân tạo', 3, 'HK015', 'Học kỳ hè Năm học 2025-2026', 'LHP095', 8.5, 9.0, 8.75, 8.78, 'A', 4.0, TRUE),
    (380, 'HV042', '649420', 'Vũ Kim Xuân', 'MH071', 'MATH894', 'Function-based web-enabled matrices', 2, 'HK009', 'Học kỳ hè Năm học 2023-2024', 'LHP105', 6.75, 5.5, 5.75, 5.8, 'C', 2.0, TRUE),
    (381, 'HV047', '658219', 'Đặng Hữu Yến', 'MH011', 'KT102', 'Kinh tế vĩ mô', 3, 'HK006', 'Học kỳ hè Năm học 2022-2023', 'LHP011', 9.0, 9.5, 9.0, 9.1, 'A+', 4.0, TRUE),
    (382, 'HV025', '669836', 'Ngô Tuấn Yến', 'MH077', 'PHY515', 'Configurable context-sensitive functionalities', 2, 'HK003', 'Học kỳ hè Năm học 2021-2022', 'LHP098', 7.5, 5.5, 6.25, 6.22, 'C+', 2.5, TRUE),
    (383, 'HV012', '648673', 'Lý Hải Phương', 'MH064', 'MATH982', 'Operative didactic application', 2, 'HK006', 'Học kỳ hè Năm học 2022-2023', 'LHP039', 8.5, 8.25, 9.5, 9.15, 'A+', 4.0, TRUE),
    (384, 'HV049', '638542', 'Hồ Hữu Giang', 'MH039', 'MATH797', 'Enterprise-wide bottom-line benchmark', 3, 'HK005', 'Học kỳ 2 Năm học 2022-2023', 'LHP059', 8.25, 9.75, 8.5, 8.72, 'A', 4.0, TRUE),
    (385, 'HV002', '634405', 'Hoàng Văn Phúc', 'MH071', 'MATH894', 'Function-based web-enabled matrices', 2, 'HK009', 'Học kỳ hè Năm học 2023-2024', 'LHP105', 9.0, 8.0, 8.0, 8.1, 'B+', 3.5, TRUE),
    (386, 'HV016', '642135', 'Lý Minh Xuân', 'MH054', 'CS591', 'Face-to-face regional hierarchy', 3, 'HK005', 'Học kỳ 2 Năm học 2022-2023', 'LHP014', 10.0, 8.25, 9.75, 9.47, 'A+', 4.0, TRUE),
    (387, 'HV036', '638647', 'Lý Thị Tùng', 'MH001', 'IT101', 'Nhập môn Công nghệ thông tin', 3, 'HK015', 'Học kỳ hè Năm học 2025-2026', 'LHP002', 8.75, 8.0, 8.25, 8.25, 'B+', 3.5, TRUE),
    (388, 'HV046', '633567', 'Đỗ Bảo Yến', 'MH037', 'PHY883', 'Customer-focused optimizing challenge', 2, 'HK009', 'Học kỳ hè Năm học 2023-2024', 'LHP118', 8.25, 8.75, 8.25, 8.35, 'B+', 3.5, TRUE),
    (389, 'HV049', '638542', 'Hồ Hữu Giang', 'MH009', 'IT304', 'An toàn và bảo mật thông tin', 3, 'HK006', 'Học kỳ hè Năm học 2022-2023', 'LHP082', 10.0, 9.25, 9.0, 9.15, 'A+', 4.0, TRUE),
    (390, 'HV022', '675392', 'Ngô Quang Phương', 'MH002', 'IT102', 'Lập trình cơ bản', 4, 'HK013', 'Học kỳ 1 Năm học 2025-2026', 'LHP016', 7.75, 8.25, 8.0, 8.03, 'B+', 3.5, TRUE),
    (391, 'HV015', '631537', 'Nguyễn Kim Quân', 'MH041', 'CS329', 'Customer-focused next generation emulation', 2, 'HK006', 'Học kỳ hè Năm học 2022-2023', 'LHP036', 9.25, 10.0, 10.0, 9.93, 'A+', 4.0, TRUE),
    (392, 'HV017', '643692', 'Trần Kim Linh', 'MH010', 'KT101', 'Kinh tế vi mô', 3, 'HK009', 'Học kỳ hè Năm học 2023-2024', 'LHP063', 8.75, 7.25, 9.0, 8.62, 'A', 4.0, TRUE),
    (393, 'HV004', '652953', 'Lê Đức Phúc', 'MH077', 'PHY515', 'Configurable context-sensitive functionalities', 2, 'HK002', 'Học kỳ 2 Năm học 2021-2022', 'LHP048', 5.0, 6.5, 6.0, 6.0, 'C+', 2.5, TRUE),
    (394, 'HV030', '632151', 'Bùi Bảo Xuân', 'MH077', 'PHY515', 'Configurable context-sensitive functionalities', 2, 'HK003', 'Học kỳ hè Năm học 2021-2022', 'LHP098', 7.75, 8.5, 7.25, 7.55, 'B', 3.0, TRUE),
    (395, 'HV048', '671744', 'Đặng Quang Chiến', 'MH077', 'PHY515', 'Configurable context-sensitive functionalities', 2, 'HK013', 'Học kỳ 1 Năm học 2025-2026', 'LHP077', 7.5, 4.5, 5.0, 5.15, 'D+', 1.5, TRUE),
    (396, 'HV038', '645515', 'Ngô Tuấn Em', 'MH068', 'PHY153', 'Extended responsive access', 4, 'HK007', 'Học kỳ 1 Năm học 2023-2024', 'LHP051', 8.5, 8.5, 8.75, 8.68, 'A', 4.0, TRUE),
    (397, 'HV007', '651610', 'Lê Văn Nguyệt', 'MH014', 'KT301', 'Kinh tế lượng', 3, 'HK005', 'Học kỳ 2 Năm học 2022-2023', 'LHP052', 6.0, 7.25, 7.0, 6.95, 'C+', 2.5, TRUE),
    (398, 'HV022', '675392', 'Ngô Quang Phương', 'MH044', 'CS385', 'Exclusive 24/7 function', 2, 'HK014', 'Học kỳ 2 Năm học 2025-2026', 'LHP061', 7.25, 7.75, 7.0, 7.17, 'B', 3.0, TRUE),
    (399, 'HV006', '652106', 'Đỗ Thanh Yến', 'MH066', 'CS954', 'Extended value-added functionalities', 3, 'HK011', 'Học kỳ 2 Năm học 2024-2025', 'LHP100', 9.0, 6.5, 8.0, 7.8, 'B', 3.0, TRUE),
    (400, 'HV035', '656508', 'Lê Hải Phương', 'MH043', 'PHY545', 'Persevering content-based matrices', 3, 'HK009', 'Học kỳ hè Năm học 2023-2024', 'LHP001', 10.0, 9.75, 10.0, 9.95, 'A+', 4.0, TRUE),
    (401, 'HV039', '665288', 'Phạm Bảo Sơn', 'MH054', 'CS591', 'Face-to-face regional hierarchy', 3, 'HK011', 'Học kỳ 2 Năm học 2024-2025', 'LHP073', 6.0, 7.5, 7.75, 7.53, 'B', 3.0, TRUE),
    (402, 'HV031', '679202', 'Lý Quang Hạnh', 'MH013', 'KT202', 'Tài chính doanh nghiệp', 3, 'HK002', 'Học kỳ 2 Năm học 2021-2022', 'LHP050', 9.5, 9.5, 10.0, 9.85, 'A+', 4.0, TRUE),
    (403, 'HV009', '643611', 'Vũ Phương Hoa', 'MH066', 'CS954', 'Extended value-added functionalities', 3, 'HK011', 'Học kỳ 2 Năm học 2024-2025', 'LHP100', 8.5, 7.5, 7.75, 7.78, 'B', 3.0, TRUE),
    (404, 'HV043', '676656', 'Hoàng Tuấn Phúc', 'MH050', 'CS651', 'Quality-focused dedicated knowledgebase', 2, 'HK007', 'Học kỳ 1 Năm học 2023-2024', 'LHP028', 7.75, 8.0, 7.25, 7.45, 'B', 3.0, TRUE),
    (405, 'HV043', '676656', 'Hoàng Tuấn Phúc', 'MH007', 'IT302', 'Trí tuệ nhân tạo', 3, 'HK010', 'Học kỳ 1 Năm học 2024-2025', 'LHP040', 10.0, 7.0, 9.75, 9.22, 'A+', 4.0, TRUE),
    (406, 'HV002', '634405', 'Hoàng Văn Phúc', 'MH006', 'IT301', 'Phát triển ứng dụng Web', 3, 'HK004', 'Học kỳ 1 Năm học 2022-2023', 'LHP072', 5.25, 6.5, 7.5, 7.08, 'B', 3.0, TRUE),
    (407, 'HV027', '657798', 'Lê Thị Việt', 'MH044', 'CS385', 'Exclusive 24/7 function', 2, 'HK012', 'Học kỳ hè Năm học 2024-2025', 'LHP053', 8.5, 8.75, 9.0, 8.9, 'A', 4.0, TRUE),
    (408, 'HV021', '655647', 'Nguyễn Quang Em', 'MH039', 'MATH797', 'Enterprise-wide bottom-line benchmark', 3, 'HK005', 'Học kỳ 2 Năm học 2022-2023', 'LHP059', 7.25, 8.25, 7.0, 7.27, 'B', 3.0, TRUE),
    (409, 'HV026', '658439', 'Vũ Hữu Bình', 'MH001', 'IT101', 'Nhập môn Công nghệ thông tin', 3, 'HK009', 'Học kỳ hè Năm học 2023-2024', 'LHP099', 10.0, 10.0, 10.0, 10.0, 'A+', 4.0, TRUE),
    (410, 'HV030', '632151', 'Bùi Bảo Xuân', 'MH030', 'MATH150', 'Triple-buffered global matrix', 4, 'HK007', 'Học kỳ 1 Năm học 2023-2024', 'LHP080', 8.0, 8.75, 7.5, 7.8, 'B', 3.0, TRUE),
    (411, 'HV043', '676656', 'Hoàng Tuấn Phúc', 'MH038', 'PHY609', 'Sharable demand-driven artificial intelligence', 2, 'HK011', 'Học kỳ 2 Năm học 2024-2025', 'LHP064', 9.0, 8.5, 8.75, 8.72, 'A', 4.0, TRUE),
    (412, 'HV027', '657798', 'Lê Thị Việt', 'MH002', 'IT102', 'Lập trình cơ bản', 4, 'HK013', 'Học kỳ 1 Năm học 2025-2026', 'LHP016', 8.25, 8.75, 8.75, 8.7, 'A', 4.0, TRUE),
    (413, 'HV004', '652953', 'Lê Đức Phúc', 'MH013', 'KT202', 'Tài chính doanh nghiệp', 3, 'HK002', 'Học kỳ 2 Năm học 2021-2022', 'LHP050', 7.75, 7.0, 6.25, 6.55, 'C+', 2.5, TRUE),
    (414, 'HV016', '642135', 'Lý Minh Xuân', 'MH057', 'MATH316', 'Versatile didactic capacity', 2, 'HK011', 'Học kỳ 2 Năm học 2024-2025', 'LHP106', 8.5, 9.25, 10.0, 9.7, 'A+', 4.0, TRUE),
    (415, 'HV028', '667779', 'Trần Thanh Hạnh', 'MH071', 'MATH894', 'Function-based web-enabled matrices', 2, 'HK012', 'Học kỳ hè Năm học 2024-2025', 'LHP037', 7.25, 8.75, 8.5, 8.42, 'B+', 3.5, TRUE),
    (416, 'HV046', '633567', 'Đỗ Bảo Yến', 'MH062', 'CHEM131', 'Robust dynamic methodology', 2, 'HK008', 'Học kỳ 2 Năm học 2023-2024', 'LHP070', 8.0, 8.0, 8.0, 8.0, 'B+', 3.5, TRUE),
    (417, 'HV002', '634405', 'Hoàng Văn Phúc', 'MH077', 'PHY515', 'Configurable context-sensitive functionalities', 2, 'HK002', 'Học kỳ 2 Năm học 2021-2022', 'LHP048', 7.25, 5.75, 7.0, 6.77, 'C+', 2.5, TRUE),
    (418, 'HV004', '652953', 'Lê Đức Phúc', 'MH044', 'CS385', 'Exclusive 24/7 function', 2, 'HK014', 'Học kỳ 2 Năm học 2025-2026', 'LHP061', 5.0, 5.75, 8.0, 7.25, 'B', 3.0, TRUE),
    (419, 'HV038', '645515', 'Ngô Tuấn Em', 'MH071', 'MATH894', 'Function-based web-enabled matrices', 2, 'HK012', 'Học kỳ hè Năm học 2024-2025', 'LHP037', 6.75, 7.0, 8.25, 7.85, 'B', 3.0, TRUE),
    (420, 'HV021', '655647', 'Nguyễn Quang Em', 'MH012', 'KT201', 'Nguyên lý kế toán', 4, 'HK002', 'Học kỳ 2 Năm học 2021-2022', 'LHP044', 7.75, 6.5, 8.0, 7.67, 'B', 3.0, TRUE),
    (421, 'HV012', '648673', 'Lý Hải Phương', 'MH079', 'MATH111', 'Fundamental well-modulated capacity', 2, 'HK010', 'Học kỳ 1 Năm học 2024-2025', 'LHP103', 9.0, 8.25, 8.25, 8.32, 'B+', 3.5, TRUE),
    (422, 'HV027', '657798', 'Lê Thị Việt', 'MH062', 'CHEM131', 'Robust dynamic methodology', 2, 'HK008', 'Học kỳ 2 Năm học 2023-2024', 'LHP070', 9.25, 9.25, 9.5, 9.43, 'A+', 4.0, TRUE),
    (423, 'HV050', '658318', 'Phạm Văn Minh', 'MH006', 'IT301', 'Phát triển ứng dụng Web', 3, 'HK002', 'Học kỳ 2 Năm học 2021-2022', 'LHP096', 7.0, 7.75, 8.0, 7.85, 'B', 3.0, TRUE),
    (424, 'HV019', '653162', 'Phạm Văn Hạnh', 'MH063', 'CHEM375', 'Mandatory static service-desk', 2, 'HK011', 'Học kỳ 2 Năm học 2024-2025', 'LHP015', 9.25, 8.5, 9.0, 8.93, 'A', 4.0, TRUE),
    (425, 'HV037', '665362', 'Dương Đức Hương', 'MH069', 'MATH710', 'Re-engineered discrete artificial intelligence', 4, 'HK008', 'Học kỳ 2 Năm học 2023-2024', 'LHP069', 10.0, 9.25, 9.5, 9.5, 'A+', 4.0, TRUE),
    (426, 'HV016', '642135', 'Lý Minh Xuân', 'MH014', 'KT301', 'Kinh tế lượng', 3, 'HK015', 'Học kỳ hè Năm học 2025-2026', 'LHP088', 9.25, 9.75, 9.5, 9.52, 'A+', 4.0, TRUE),
    (427, 'HV002', '634405', 'Hoàng Văn Phúc', 'MH038', 'PHY609', 'Sharable demand-driven artificial intelligence', 2, 'HK009', 'Học kỳ hè Năm học 2023-2024', 'LHP021', 5.75, 7.5, 6.5, 6.62, 'C+', 2.5, TRUE),
    (428, 'HV002', '634405', 'Hoàng Văn Phúc', 'MH013', 'KT202', 'Tài chính doanh nghiệp', 3, 'HK004', 'Học kỳ 1 Năm học 2022-2023', 'LHP116', 9.0, 7.75, 6.25, 6.83, 'C+', 2.5, TRUE),
    (429, 'HV034', '671591', 'Hoàng Hải Anh', 'MH027', 'MATH494', 'Open-architected coherent system engine', 4, 'HK009', 'Học kỳ hè Năm học 2023-2024', 'LHP119', 9.75, 8.5, 8.25, 8.45, 'B+', 3.5, TRUE),
    (430, 'HV041', '666283', 'Trần Kim Hạnh', 'MH078', 'CHEM883', 'Synchronized tertiary open system', 4, 'HK009', 'Học kỳ hè Năm học 2023-2024', 'LHP087', 7.0, 6.75, 6.25, 6.43, 'C+', 2.5, TRUE),
    (431, 'HV031', '679202', 'Lý Quang Hạnh', 'MH068', 'PHY153', 'Extended responsive access', 4, 'HK007', 'Học kỳ 1 Năm học 2023-2024', 'LHP051', 10.0, 9.25, 8.0, 8.45, 'B+', 3.5, TRUE),
    (432, 'HV014', '658860', 'Bùi Kim Linh', 'MH011', 'KT102', 'Kinh tế vĩ mô', 3, 'HK006', 'Học kỳ hè Năm học 2022-2023', 'LHP011', 8.25, 8.75, 7.75, 8.0, 'B+', 3.5, TRUE),
    (433, 'HV048', '671744', 'Đặng Quang Chiến', 'MH006', 'IT301', 'Phát triển ứng dụng Web', 3, 'HK005', 'Học kỳ 2 Năm học 2022-2023', 'LHP055', 5.25, 8.0, 7.0, 7.02, 'B', 3.0, TRUE),
    (434, 'HV027', '657798', 'Lê Thị Việt', 'MH071', 'MATH894', 'Function-based web-enabled matrices', 2, 'HK015', 'Học kỳ hè Năm học 2025-2026', 'LHP084', 8.25, 9.5, 9.25, 9.2, 'A+', 4.0, TRUE),
    (435, 'HV041', '666283', 'Trần Kim Hạnh', 'MH077', 'PHY515', 'Configurable context-sensitive functionalities', 2, 'HK013', 'Học kỳ 1 Năm học 2025-2026', 'LHP077', 7.0, 8.5, 8.75, 8.53, 'A', 4.0, TRUE),
    (436, 'HV035', '656508', 'Lê Hải Phương', 'MH079', 'MATH111', 'Fundamental well-modulated capacity', 2, 'HK010', 'Học kỳ 1 Năm học 2024-2025', 'LHP103', 9.0, 10.0, 10.0, 9.9, 'A+', 4.0, TRUE),
    (437, 'HV014', '658860', 'Bùi Kim Linh', 'MH002', 'IT102', 'Lập trình cơ bản', 4, 'HK013', 'Học kỳ 1 Năm học 2025-2026', 'LHP016', 9.25, 9.25, 7.75, 8.2, 'B+', 3.5, TRUE),
    (438, 'HV018', '639962', 'Lê Tuấn Quân', 'MH072', 'CHEM426', 'Programmable context-sensitive productivity', 2, 'HK006', 'Học kỳ hè Năm học 2022-2023', 'LHP049', 7.75, 7.0, 5.0, 5.68, 'C', 2.0, TRUE),
    (439, 'HV050', '658318', 'Phạm Văn Minh', 'MH076', 'CHEM194', 'Optional hybrid architecture', 3, 'HK001', 'Học kỳ 1 Năm học 2021-2022', 'LHP043', 7.25, 8.0, 6.5, 6.88, 'C+', 2.5, TRUE),
    (440, 'HV037', '665362', 'Dương Đức Hương', 'MH056', 'CHEM280', 'Object-based composite help-desk', 3, 'HK003', 'Học kỳ hè Năm học 2021-2022', 'LHP027', 9.5, 9.75, 9.0, 9.2, 'A+', 4.0, TRUE),
    (441, 'HV021', '655647', 'Nguyễn Quang Em', 'MH071', 'MATH894', 'Function-based web-enabled matrices', 2, 'HK009', 'Học kỳ hè Năm học 2023-2024', 'LHP026', 7.25, 8.0, 7.5, 7.58, 'B', 3.0, TRUE),
    (442, 'HV037', '665362', 'Dương Đức Hương', 'MH064', 'MATH982', 'Operative didactic application', 2, 'HK006', 'Học kỳ hè Năm học 2022-2023', 'LHP039', 9.75, 10.0, 9.75, 9.8, 'A+', 4.0, TRUE),
    (443, 'HV047', '658219', 'Đặng Hữu Yến', 'MH027', 'MATH494', 'Open-architected coherent system engine', 4, 'HK012', 'Học kỳ hè Năm học 2024-2025', 'LHP042', 9.0, 8.0, 9.5, 9.15, 'A+', 4.0, TRUE),
    (444, 'HV050', '658318', 'Phạm Văn Minh', 'MH035', 'CHEM763', 'Operative executive concept', 3, 'HK006', 'Học kỳ hè Năm học 2022-2023', 'LHP075', 7.0, 7.5, 8.0, 7.8, 'B', 3.0, TRUE),
    (445, 'HV015', '631537', 'Nguyễn Kim Quân', 'MH013', 'KT202', 'Tài chính doanh nghiệp', 3, 'HK008', 'Học kỳ 2 Năm học 2023-2024', 'LHP008', 10.0, 9.5, 9.5, 9.55, 'A+', 4.0, TRUE),
    (446, 'HV050', '658318', 'Phạm Văn Minh', 'MH001', 'IT101', 'Nhập môn Công nghệ thông tin', 3, 'HK001', 'Học kỳ 1 Năm học 2021-2022', 'LHP074', 8.5, 7.0, 8.0, 7.85, 'B', 3.0, TRUE),
    (447, 'HV027', '657798', 'Lê Thị Việt', 'MH068', 'PHY153', 'Extended responsive access', 4, 'HK007', 'Học kỳ 1 Năm học 2023-2024', 'LHP051', 9.25, 8.0, 8.25, 8.3, 'B+', 3.5, TRUE),
    (448, 'HV036', '638647', 'Lý Thị Tùng', 'MH020', 'QS102', 'Điều lệnh Quân đội', 2, 'HK012', 'Học kỳ hè Năm học 2024-2025', 'LHP032', 9.75, 8.25, 8.0, 8.22, 'B+', 3.5, TRUE),
    (449, 'HV033', '643785', 'Vũ Hữu Hương', 'MH020', 'QS102', 'Điều lệnh Quân đội', 2, 'HK012', 'Học kỳ hè Năm học 2024-2025', 'LHP032', 6.75, 7.5, 7.25, 7.25, 'B', 3.0, TRUE),
    (450, 'HV002', '634405', 'Hoàng Văn Phúc', 'MH069', 'MATH710', 'Re-engineered discrete artificial intelligence', 4, 'HK002', 'Học kỳ 2 Năm học 2021-2022', 'LHP101', 7.25, 5.5, 6.5, 6.38, 'C+', 2.5, TRUE),
    (451, 'HV016', '642135', 'Lý Minh Xuân', 'MH020', 'QS102', 'Điều lệnh Quân đội', 2, 'HK012', 'Học kỳ hè Năm học 2024-2025', 'LHP032', 10.0, 9.5, 9.5, 9.55, 'A+', 4.0, TRUE),
    (452, 'HV014', '658860', 'Bùi Kim Linh', 'MH079', 'MATH111', 'Fundamental well-modulated capacity', 2, 'HK010', 'Học kỳ 1 Năm học 2024-2025', 'LHP103', 7.25, 8.25, 8.0, 7.97, 'B', 3.0, TRUE),
    (453, 'HV040', '633301', 'Vũ Thị Phương', 'MH007', 'IT302', 'Trí tuệ nhân tạo', 3, 'HK004', 'Học kỳ 1 Năm học 2022-2023', 'LHP004', 9.0, 8.75, 9.25, 9.12, 'A+', 4.0, TRUE),
    (454, 'HV026', '658439', 'Vũ Hữu Bình', 'MH064', 'MATH982', 'Operative didactic application', 2, 'HK006', 'Học kỳ hè Năm học 2022-2023', 'LHP039', 10.0, 10.0, 9.5, 9.65, 'A+', 4.0, TRUE),
    (455, 'HV021', '655647', 'Nguyễn Quang Em', 'MH056', 'CHEM280', 'Object-based composite help-desk', 3, 'HK003', 'Học kỳ hè Năm học 2021-2022', 'LHP027', 7.5, 6.25, 6.5, 6.55, 'C+', 2.5, TRUE),
    (456, 'HV020', '647942', 'Dương Phương Giang', 'MH038', 'PHY609', 'Sharable demand-driven artificial intelligence', 2, 'HK009', 'Học kỳ hè Năm học 2023-2024', 'LHP021', 9.25, 9.25, 7.75, 8.2, 'B+', 3.5, TRUE),
    (457, 'HV013', '642525', 'Nguyễn Minh Quân', 'MH006', 'IT301', 'Phát triển ứng dụng Web', 3, 'HK007', 'Học kỳ 1 Năm học 2023-2024', 'LHP065', 7.5, 7.75, 8.5, 8.25, 'B+', 3.5, TRUE),
    (458, 'HV025', '669836', 'Ngô Tuấn Yến', 'MH065', 'CS206', 'Stand-alone analyzing focus group', 3, 'HK002', 'Học kỳ 2 Năm học 2021-2022', 'LHP057', 5.5, 4.75, 5.5, 5.35, 'D+', 1.5, TRUE),
    (459, 'HV034', '671591', 'Hoàng Hải Anh', 'MH030', 'MATH150', 'Triple-buffered global matrix', 4, 'HK007', 'Học kỳ 1 Năm học 2023-2024', 'LHP080', 8.75, 8.75, 8.25, 8.4, 'B+', 3.5, TRUE),
    (460, 'HV040', '633301', 'Vũ Thị Phương', 'MH038', 'PHY609', 'Sharable demand-driven artificial intelligence', 2, 'HK014', 'Học kỳ 2 Năm học 2025-2026', 'LHP062', 8.5, 7.5, 9.25, 8.82, 'A', 4.0, TRUE),
    (461, 'HV024', '641915', 'Phạm Phương Xuân', 'MH014', 'KT301', 'Kinh tế lượng', 3, 'HK010', 'Học kỳ 1 Năm học 2024-2025', 'LHP089', 9.0, 8.5, 9.0, 8.9, 'A', 4.0, TRUE),
    (462, 'HV022', '675392', 'Ngô Quang Phương', 'MH010', 'KT101', 'Kinh tế vi mô', 3, 'HK009', 'Học kỳ hè Năm học 2023-2024', 'LHP063', 8.0, 8.75, 7.25, 7.62, 'B', 3.0, TRUE),
    (463, 'HV001', '676156', 'Lê Kim Dũng', 'MH071', 'MATH894', 'Function-based web-enabled matrices', 2, 'HK012', 'Học kỳ hè Năm học 2024-2025', 'LHP037', 10.0, 7.75, 9.25, 9.02, 'A+', 4.0, TRUE),
    (464, 'HV007', '651610', 'Lê Văn Nguyệt', 'MH071', 'MATH894', 'Function-based web-enabled matrices', 2, 'HK015', 'Học kỳ hè Năm học 2025-2026', 'LHP084', 8.0, 6.0, 6.25, 6.38, 'C+', 2.5, TRUE),
    (465, 'HV011', '674738', 'Lý Minh Linh', 'MH079', 'MATH111', 'Fundamental well-modulated capacity', 2, 'HK010', 'Học kỳ 1 Năm học 2024-2025', 'LHP103', 9.25, 7.0, 6.5, 6.88, 'C+', 2.5, TRUE),
    (466, 'HV041', '666283', 'Trần Kim Hạnh', 'MH014', 'KT301', 'Kinh tế lượng', 3, 'HK014', 'Học kỳ 2 Năm học 2025-2026', 'LHP120', 7.5, 7.0, 8.0, 7.75, 'B', 3.0, TRUE),
    (467, 'HV043', '676656', 'Hoàng Tuấn Phúc', 'MH072', 'CHEM426', 'Programmable context-sensitive productivity', 2, 'HK006', 'Học kỳ hè Năm học 2022-2023', 'LHP049', 8.0, 8.25, 8.25, 8.22, 'B+', 3.5, TRUE),
    (468, 'HV034', '671591', 'Hoàng Hải Anh', 'MH058', 'CHEM838', 'Networked static structure', 2, 'HK013', 'Học kỳ 1 Năm học 2025-2026', 'LHP025', 8.25, 8.5, 8.5, 8.47, 'B+', 3.5, TRUE),
    (469, 'HV014', '658860', 'Bùi Kim Linh', 'MH030', 'MATH150', 'Triple-buffered global matrix', 4, 'HK015', 'Học kỳ hè Năm học 2025-2026', 'LHP079', 9.0, 7.75, 8.5, 8.4, 'B+', 3.5, TRUE),
    (470, 'HV026', '658439', 'Vũ Hữu Bình', 'MH061', 'PHY983', 'Total optimizing software', 2, 'HK015', 'Học kỳ hè Năm học 2025-2026', 'LHP033', 9.5, 10.0, 10.0, 9.95, 'A+', 4.0, TRUE),
    (471, 'HV009', '643611', 'Vũ Phương Hoa', 'MH058', 'CHEM838', 'Networked static structure', 2, 'HK013', 'Học kỳ 1 Năm học 2025-2026', 'LHP025', 6.5, 9.25, 8.75, 8.62, 'A', 4.0, TRUE),
    (472, 'HV041', '666283', 'Trần Kim Hạnh', 'MH065', 'CS206', 'Stand-alone analyzing focus group', 3, 'HK002', 'Học kỳ 2 Năm học 2021-2022', 'LHP057', 9.5, 7.25, 7.75, 7.83, 'B', 3.0, TRUE),
    (473, 'HV041', '666283', 'Trần Kim Hạnh', 'MH069', 'MATH710', 'Re-engineered discrete artificial intelligence', 4, 'HK001', 'Học kỳ 1 Năm học 2021-2022', 'LHP108', 7.75, 8.0, 8.0, 7.97, 'B', 3.0, TRUE),
    (474, 'HV042', '649420', 'Vũ Kim Xuân', 'MH012', 'KT201', 'Nguyên lý kế toán', 4, 'HK002', 'Học kỳ 2 Năm học 2021-2022', 'LHP044', 6.0, 6.75, 3.5, 4.4, 'D', 1.0, FALSE),
    (475, 'HV043', '676656', 'Hoàng Tuấn Phúc', 'MH002', 'IT102', 'Lập trình cơ bản', 4, 'HK006', 'Học kỳ hè Năm học 2022-2023', 'LHP035', 10.0, 8.75, 8.5, 8.7, 'A', 4.0, TRUE),
    (476, 'HV024', '641915', 'Phạm Phương Xuân', 'MH061', 'PHY983', 'Total optimizing software', 2, 'HK015', 'Học kỳ hè Năm học 2025-2026', 'LHP033', 9.5, 7.75, 9.0, 8.8, 'A', 4.0, TRUE),
    (477, 'HV038', '645515', 'Ngô Tuấn Em', 'MH031', 'MATH865', 'Enterprise-wide leadingedge encoding', 3, 'HK003', 'Học kỳ hè Năm học 2021-2022', 'LHP058', 8.0, 6.5, 7.0, 7.0, 'B', 3.0, TRUE),
    (478, 'HV025', '669836', 'Ngô Tuấn Yến', 'MH069', 'MATH710', 'Re-engineered discrete artificial intelligence', 4, 'HK001', 'Học kỳ 1 Năm học 2021-2022', 'LHP108', 7.0, 6.75, 5.0, 5.55, 'C', 2.0, TRUE),
    (479, 'HV033', '643785', 'Vũ Hữu Hương', 'MH067', 'PHY539', 'Organized regional utilization', 4, 'HK005', 'Học kỳ 2 Năm học 2022-2023', 'LHP017', 8.75, 7.25, 7.5, 7.58, 'B', 3.0, TRUE),
    (480, 'HV016', '642135', 'Lý Minh Xuân', 'MH038', 'PHY609', 'Sharable demand-driven artificial intelligence', 2, 'HK009', 'Học kỳ hè Năm học 2023-2024', 'LHP021', 9.75, 8.75, 9.5, 9.38, 'A+', 4.0, TRUE),
    (481, 'HV036', '638647', 'Lý Thị Tùng', 'MH006', 'IT301', 'Phát triển ứng dụng Web', 3, 'HK007', 'Học kỳ 1 Năm học 2023-2024', 'LHP065', 8.75, 8.75, 8.75, 8.75, 'A', 4.0, TRUE),
    (482, 'HV039', '665288', 'Phạm Bảo Sơn', 'MH014', 'KT301', 'Kinh tế lượng', 3, 'HK013', 'Học kỳ 1 Năm học 2025-2026', 'LHP003', 7.0, 7.25, 8.5, 8.1, 'B+', 3.5, TRUE),
    (483, 'HV041', '666283', 'Trần Kim Hạnh', 'MH050', 'CS651', 'Quality-focused dedicated knowledgebase', 2, 'HK012', 'Học kỳ hè Năm học 2024-2025', 'LHP114', 7.5, 7.5, 6.75, 6.97, 'C+', 2.5, TRUE),
    (484, 'HV003', '657855', 'Bùi Hữu Việt', 'MH049', 'PHY923', 'Multi-layered foreground installation', 3, 'HK010', 'Học kỳ 1 Năm học 2024-2025', 'LHP115', 8.25, 8.25, 7.5, 7.72, 'B', 3.0, TRUE),
    (485, 'HV011', '674738', 'Lý Minh Linh', 'MH020', 'QS102', 'Điều lệnh Quân đội', 2, 'HK012', 'Học kỳ hè Năm học 2024-2025', 'LHP032', 8.0, 6.75, 8.0, 7.75, 'B', 3.0, TRUE),
    (486, 'HV039', '665288', 'Phạm Bảo Sơn', 'MH070', 'PHY701', 'Public-key disintermediate methodology', 2, 'HK007', 'Học kỳ 1 Năm học 2023-2024', 'LHP006', 7.75, 8.25, 7.0, 7.32, 'B', 3.0, TRUE),
    (487, 'HV045', '633511', 'Bùi Ngọc Xuân', 'MH040', 'CS493', 'Mandatory 3rdgeneration success', 2, 'HK002', 'Học kỳ 2 Năm học 2021-2022', 'LHP081', 7.0, 7.0, 5.5, 5.95, 'C', 2.0, TRUE),
    (488, 'HV036', '638647', 'Lý Thị Tùng', 'MH039', 'MATH797', 'Enterprise-wide bottom-line benchmark', 3, 'HK005', 'Học kỳ 2 Năm học 2022-2023', 'LHP059', 8.0, 7.5, 8.5, 8.25, 'B+', 3.5, TRUE),
    (489, 'HV049', '638542', 'Hồ Hữu Giang', 'MH020', 'QS102', 'Điều lệnh Quân đội', 2, 'HK011', 'Học kỳ 2 Năm học 2024-2025', 'LHP034', 8.25, 8.0, 8.75, 8.55, 'A', 4.0, TRUE),
    (490, 'HV015', '631537', 'Nguyễn Kim Quân', 'MH011', 'KT102', 'Kinh tế vĩ mô', 3, 'HK006', 'Học kỳ hè Năm học 2022-2023', 'LHP011', 9.75, 9.75, 9.25, 9.4, 'A+', 4.0, TRUE),
    (491, 'HV041', '666283', 'Trần Kim Hạnh', 'MH001', 'IT101', 'Nhập môn Công nghệ thông tin', 3, 'HK001', 'Học kỳ 1 Năm học 2021-2022', 'LHP074', 7.75, 8.75, 8.5, 8.47, 'B+', 3.5, TRUE),
    (492, 'HV043', '676656', 'Hoàng Tuấn Phúc', 'MH019', 'QS101', 'Giáo dục Quốc phòng', 2, 'HK002', 'Học kỳ 2 Năm học 2021-2022', 'LHP024', 8.0, 9.0, 8.5, 8.55, 'A', 4.0, TRUE),
    (493, 'HV043', '676656', 'Hoàng Tuấn Phúc', 'MH064', 'MATH982', 'Operative didactic application', 2, 'HK006', 'Học kỳ hè Năm học 2022-2023', 'LHP039', 7.75, 7.5, 7.5, 7.53, 'B', 3.0, TRUE),
    (494, 'HV012', '648673', 'Lý Hải Phương', 'MH019', 'QS101', 'Giáo dục Quốc phòng', 2, 'HK007', 'Học kỳ 1 Năm học 2023-2024', 'LHP109', 8.5, 8.5, 9.5, 9.2, 'A+', 4.0, TRUE),
    (495, 'HV039', '665288', 'Phạm Bảo Sơn', 'MH039', 'MATH797', 'Enterprise-wide bottom-line benchmark', 3, 'HK003', 'Học kỳ hè Năm học 2021-2022', 'LHP046', 7.5, 6.25, 6.75, 6.72, 'C+', 2.5, TRUE),
    (496, 'HV031', '679202', 'Lý Quang Hạnh', 'MH067', 'PHY539', 'Organized regional utilization', 4, 'HK013', 'Học kỳ 1 Năm học 2025-2026', 'LHP019', 10.0, 10.0, 9.25, 9.47, 'A+', 4.0, TRUE),
    (497, 'HV004', '652953', 'Lê Đức Phúc', 'MH074', 'CS876', 'Realigned 5thgeneration knowledge user', 3, 'HK013', 'Học kỳ 1 Năm học 2025-2026', 'LHP085', 7.25, 8.0, 6.0, 6.52, 'C+', 2.5, TRUE),
    (498, 'HV033', '643785', 'Vũ Hữu Hương', 'MH055', 'CHEM492', 'Vision-oriented multi-tasking encryption', 4, 'HK004', 'Học kỳ 1 Năm học 2022-2023', 'LHP030', 7.5, 8.25, 8.25, 8.18, 'B+', 3.5, TRUE),
    (499, 'HV028', '667779', 'Trần Thanh Hạnh', 'MH020', 'QS102', 'Điều lệnh Quân đội', 2, 'HK015', 'Học kỳ hè Năm học 2025-2026', 'LHP038', 10.0, 9.75, 8.75, 9.07, 'A+', 4.0, TRUE),
    (500, 'HV011', '674738', 'Lý Minh Linh', 'MH077', 'PHY515', 'Configurable context-sensitive functionalities', 2, 'HK002', 'Học kỳ 2 Năm học 2021-2022', 'LHP048', 7.5, 7.5, 8.75, 8.38, 'B+', 3.5, TRUE);

INSERT INTO diem (id, hoc_vien_id, ma_hv, ho_ten_hv, mon_hoc_id, ma_mon, ten_mon, so_tin_chi, hoc_ky_id, ten_hoc_ky, lop_hoc_phan_id, diem_chuyen_can, diem_thuong_xuyen, diem_thi, diem_tong_ket, diem_chu, diem_he4, dat) VALUES
    (501, 'HV009', '643611', 'Vũ Phương Hoa', 'MH001', 'IT101', 'Nhập môn Công nghệ thông tin', 3, 'HK009', 'Học kỳ hè Năm học 2023-2024', 'LHP099', 8.5, 9.5, 7.25, 7.82, 'B', 3.0, TRUE),
    (502, 'HV002', '634405', 'Hoàng Văn Phúc', 'MH044', 'CS385', 'Exclusive 24/7 function', 2, 'HK012', 'Học kỳ hè Năm học 2024-2025', 'LHP053', 5.25, 5.75, 5.75, 5.7, 'C', 2.0, TRUE),
    (503, 'HV006', '652106', 'Đỗ Thanh Yến', 'MH071', 'MATH894', 'Function-based web-enabled matrices', 2, 'HK012', 'Học kỳ hè Năm học 2024-2025', 'LHP037', 7.75, 7.75, 8.25, 8.1, 'B+', 3.5, TRUE),
    (504, 'HV043', '676656', 'Hoàng Tuấn Phúc', 'MH044', 'CS385', 'Exclusive 24/7 function', 2, 'HK012', 'Học kỳ hè Năm học 2024-2025', 'LHP053', 7.75, 9.0, 7.75, 8.0, 'B+', 3.5, TRUE),
    (505, 'HV024', '641915', 'Phạm Phương Xuân', 'MH002', 'IT102', 'Lập trình cơ bản', 4, 'HK013', 'Học kỳ 1 Năm học 2025-2026', 'LHP016', 9.25, 7.75, 8.5, 8.42, 'B+', 3.5, TRUE),
    (506, 'HV032', '675421', 'Trần Văn Hương', 'MH048', 'CS923', 'Total web-enabled knowledge user', 4, 'HK006', 'Học kỳ hè Năm học 2022-2023', 'LHP110', 5.5, 7.75, 5.0, 5.6, 'C', 2.0, TRUE),
    (507, 'HV032', '675421', 'Trần Văn Hương', 'MH047', 'CS200', 'Compatible value-added model', 2, 'HK002', 'Học kỳ 2 Năm học 2021-2022', 'LHP104', 8.75, 6.25, 5.5, 5.97, 'C', 2.0, TRUE),
    (508, 'HV025', '669836', 'Ngô Tuấn Yến', 'MH046', 'CHEM285', 'Visionary even-keeled algorithm', 4, 'HK015', 'Học kỳ hè Năm học 2025-2026', 'LHP029', 7.5, 8.25, 8.0, 8.0, 'B+', 3.5, TRUE),
    (509, 'HV029', '641724', 'Lý Quang Giang', 'MH018', 'NN202', 'Tiếng Trung cơ bản', 4, 'HK007', 'Học kỳ 1 Năm học 2023-2024', 'LHP117', 6.75, 6.25, 5.25, 5.6, 'C', 2.0, TRUE),
    (510, 'HV031', '679202', 'Lý Quang Hạnh', 'MH006', 'IT301', 'Phát triển ứng dụng Web', 3, 'HK005', 'Học kỳ 2 Năm học 2022-2023', 'LHP055', 9.5, 9.5, 9.0, 9.15, 'A+', 4.0, TRUE),
    (511, 'HV004', '652953', 'Lê Đức Phúc', 'MH010', 'KT101', 'Kinh tế vi mô', 3, 'HK009', 'Học kỳ hè Năm học 2023-2024', 'LHP063', 6.75, 6.5, 7.5, 7.22, 'B', 3.0, TRUE),
    (512, 'HV020', '647942', 'Dương Phương Giang', 'MH079', 'MATH111', 'Fundamental well-modulated capacity', 2, 'HK010', 'Học kỳ 1 Năm học 2024-2025', 'LHP103', 7.75, 8.75, 10.0, 9.53, 'A+', 4.0, TRUE),
    (513, 'HV039', '665288', 'Phạm Bảo Sơn', 'MH037', 'PHY883', 'Customer-focused optimizing challenge', 2, 'HK009', 'Học kỳ hè Năm học 2023-2024', 'LHP118', 5.75, 7.25, 7.5, 7.28, 'B', 3.0, TRUE),
    (514, 'HV032', '675421', 'Trần Văn Hương', 'MH071', 'MATH894', 'Function-based web-enabled matrices', 2, 'HK002', 'Học kỳ 2 Năm học 2021-2022', 'LHP112', 8.0, 6.5, 8.0, 7.7, 'B', 3.0, TRUE),
    (515, 'HV031', '679202', 'Lý Quang Hạnh', 'MH041', 'CS329', 'Customer-focused next generation emulation', 2, 'HK006', 'Học kỳ hè Năm học 2022-2023', 'LHP036', 9.75, 10.0, 7.75, 8.4, 'B+', 3.5, TRUE),
    (516, 'HV044', '674328', 'Dương Thị Tùng', 'MH075', 'CS920', 'Stand-alone incremental functionalities', 3, 'HK005', 'Học kỳ 2 Năm học 2022-2023', 'LHP060', 9.75, 10.0, 10.0, 9.97, 'A+', 4.0, TRUE),
    (517, 'HV024', '641915', 'Phạm Phương Xuân', 'MH038', 'PHY609', 'Sharable demand-driven artificial intelligence', 2, 'HK009', 'Học kỳ hè Năm học 2023-2024', 'LHP021', 9.0, 9.25, 9.75, 9.57, 'A+', 4.0, TRUE),
    (518, 'HV023', '678860', 'Bùi Quang Nguyệt', 'MH006', 'IT301', 'Phát triển ứng dụng Web', 3, 'HK005', 'Học kỳ 2 Năm học 2022-2023', 'LHP055', 8.5, 9.75, 9.0, 9.1, 'A+', 4.0, TRUE),
    (519, 'HV033', '643785', 'Vũ Hữu Hương', 'MH078', 'CHEM883', 'Synchronized tertiary open system', 4, 'HK009', 'Học kỳ hè Năm học 2023-2024', 'LHP087', 9.0, 8.5, 7.75, 8.03, 'B+', 3.5, TRUE),
    (520, 'HV040', '633301', 'Vũ Thị Phương', 'MH002', 'IT102', 'Lập trình cơ bản', 4, 'HK012', 'Học kỳ hè Năm học 2024-2025', 'LHP097', 10.0, 9.0, 8.25, 8.57, 'A', 4.0, TRUE),
    (521, 'HV010', '645051', 'Nguyễn Phương Dũng', 'MH039', 'MATH797', 'Enterprise-wide bottom-line benchmark', 3, 'HK003', 'Học kỳ hè Năm học 2021-2022', 'LHP046', 7.75, 8.5, 6.75, 7.2, 'B', 3.0, TRUE),
    (522, 'HV023', '678860', 'Bùi Quang Nguyệt', 'MH064', 'MATH982', 'Operative didactic application', 2, 'HK005', 'Học kỳ 2 Năm học 2022-2023', 'LHP094', 9.0, 8.75, 8.5, 8.6, 'A', 4.0, TRUE),
    (523, 'HV007', '651610', 'Lê Văn Nguyệt', 'MH002', 'IT102', 'Lập trình cơ bản', 4, 'HK014', 'Học kỳ 2 Năm học 2025-2026', 'LHP113', 7.0, 7.75, 6.5, 6.8, 'C+', 2.5, TRUE),
    (524, 'HV027', '657798', 'Lê Thị Việt', 'MH057', 'MATH316', 'Versatile didactic capacity', 2, 'HK011', 'Học kỳ 2 Năm học 2024-2025', 'LHP106', 9.5, 9.5, 8.75, 8.97, 'A', 4.0, TRUE),
    (525, 'HV018', '639962', 'Lê Tuấn Quân', 'MH040', 'CS493', 'Mandatory 3rdgeneration success', 2, 'HK002', 'Học kỳ 2 Năm học 2021-2022', 'LHP081', 7.0, 8.0, 5.25, 5.97, 'C', 2.0, TRUE),
    (526, 'HV004', '652953', 'Lê Đức Phúc', 'MH046', 'CHEM285', 'Visionary even-keeled algorithm', 4, 'HK015', 'Học kỳ hè Năm học 2025-2026', 'LHP029', 6.75, 7.5, 5.5, 6.02, 'C+', 2.5, TRUE),
    (527, 'HV044', '674328', 'Dương Thị Tùng', 'MH074', 'CS876', 'Realigned 5thgeneration knowledge user', 3, 'HK013', 'Học kỳ 1 Năm học 2025-2026', 'LHP085', 10.0, 10.0, 9.75, 9.82, 'A+', 4.0, TRUE),
    (528, 'HV008', '645479', 'Trần Thanh Sơn', 'MH056', 'CHEM280', 'Object-based composite help-desk', 3, 'HK011', 'Học kỳ 2 Năm học 2024-2025', 'LHP078', 9.0, 7.75, 8.25, 8.22, 'B+', 3.5, TRUE),
    (529, 'HV025', '669836', 'Ngô Tuấn Yến', 'MH070', 'PHY701', 'Public-key disintermediate methodology', 2, 'HK007', 'Học kỳ 1 Năm học 2023-2024', 'LHP006', 6.75, 5.75, 8.5, 7.77, 'B', 3.0, TRUE),
    (530, 'HV028', '667779', 'Trần Thanh Hạnh', 'MH043', 'PHY545', 'Persevering content-based matrices', 3, 'HK009', 'Học kỳ hè Năm học 2023-2024', 'LHP001', 9.75, 8.75, 8.0, 8.32, 'B+', 3.5, TRUE),
    (531, 'HV008', '645479', 'Trần Thanh Sơn', 'MH054', 'CS591', 'Face-to-face regional hierarchy', 3, 'HK011', 'Học kỳ 2 Năm học 2024-2025', 'LHP073', 9.5, 8.75, 7.0, 7.6, 'B', 3.0, TRUE),
    (532, 'HV031', '679202', 'Lý Quang Hạnh', 'MH011', 'KT102', 'Kinh tế vĩ mô', 3, 'HK006', 'Học kỳ hè Năm học 2022-2023', 'LHP011', 9.0, 9.75, 10.0, 9.85, 'A+', 4.0, TRUE),
    (533, 'HV035', '656508', 'Lê Hải Phương', 'MH046', 'CHEM285', 'Visionary even-keeled algorithm', 4, 'HK015', 'Học kỳ hè Năm học 2025-2026', 'LHP029', 9.5, 10.0, 9.5, 9.6, 'A+', 4.0, TRUE),
    (534, 'HV014', '658860', 'Bùi Kim Linh', 'MH054', 'CS591', 'Face-to-face regional hierarchy', 3, 'HK010', 'Học kỳ 1 Năm học 2024-2025', 'LHP083', 9.0, 8.5, 10.0, 9.6, 'A+', 4.0, TRUE),
    (535, 'HV045', '633511', 'Bùi Ngọc Xuân', 'MH039', 'MATH797', 'Enterprise-wide bottom-line benchmark', 3, 'HK003', 'Học kỳ hè Năm học 2021-2022', 'LHP046', 6.0, 5.75, 6.25, 6.12, 'C+', 2.5, TRUE),
    (536, 'HV036', '638647', 'Lý Thị Tùng', 'MH019', 'QS101', 'Giáo dục Quốc phòng', 2, 'HK009', 'Học kỳ hè Năm học 2023-2024', 'LHP071', 8.75, 9.0, 8.0, 8.27, 'B+', 3.5, TRUE),
    (537, 'HV036', '638647', 'Lý Thị Tùng', 'MH056', 'CHEM280', 'Object-based composite help-desk', 3, 'HK010', 'Học kỳ 1 Năm học 2024-2025', 'LHP067', 8.0, 7.25, 8.75, 8.38, 'B+', 3.5, TRUE),
    (538, 'HV027', '657798', 'Lê Thị Việt', 'MH065', 'CS206', 'Stand-alone analyzing focus group', 3, 'HK002', 'Học kỳ 2 Năm học 2021-2022', 'LHP057', 10.0, 8.75, 8.25, 8.52, 'A', 4.0, TRUE),
    (539, 'HV010', '645051', 'Nguyễn Phương Dũng', 'MH041', 'CS329', 'Customer-focused next generation emulation', 2, 'HK006', 'Học kỳ hè Năm học 2022-2023', 'LHP036', 7.0, 8.75, 7.25, 7.52, 'B', 3.0, TRUE),
    (540, 'HV031', '679202', 'Lý Quang Hạnh', 'MH014', 'KT301', 'Kinh tế lượng', 3, 'HK015', 'Học kỳ hè Năm học 2025-2026', 'LHP088', 10.0, 9.25, 9.25, 9.32, 'A+', 4.0, TRUE),
    (541, 'HV006', '652106', 'Đỗ Thanh Yến', 'MH040', 'CS493', 'Mandatory 3rdgeneration success', 2, 'HK008', 'Học kỳ 2 Năm học 2023-2024', 'LHP022', 8.5, 9.0, 7.5, 7.9, 'B', 3.0, TRUE),
    (542, 'HV033', '643785', 'Vũ Hữu Hương', 'MH028', 'MATH353', 'Public-key fresh-thinking function', 2, 'HK003', 'Học kỳ hè Năm học 2021-2022', 'LHP107', 8.0, 8.5, 9.0, 8.8, 'A', 4.0, TRUE),
    (543, 'HV040', '633301', 'Vũ Thị Phương', 'MH006', 'IT301', 'Phát triển ứng dụng Web', 3, 'HK007', 'Học kỳ 1 Năm học 2023-2024', 'LHP065', 6.5, 8.0, 8.25, 8.02, 'B+', 3.5, TRUE),
    (544, 'HV020', '647942', 'Dương Phương Giang', 'MH006', 'IT301', 'Phát triển ứng dụng Web', 3, 'HK007', 'Học kỳ 1 Năm học 2023-2024', 'LHP065', 8.25, 9.25, 8.25, 8.45, 'B+', 3.5, TRUE),
    (545, 'HV009', '643611', 'Vũ Phương Hoa', 'MH039', 'MATH797', 'Enterprise-wide bottom-line benchmark', 3, 'HK003', 'Học kỳ hè Năm học 2021-2022', 'LHP046', 7.25, 8.25, 7.0, 7.27, 'B', 3.0, TRUE),
    (546, 'HV024', '641915', 'Phạm Phương Xuân', 'MH007', 'IT302', 'Trí tuệ nhân tạo', 3, 'HK004', 'Học kỳ 1 Năm học 2022-2023', 'LHP004', 7.75, 9.0, 10.0, 9.57, 'A+', 4.0, TRUE),
    (547, 'HV015', '631537', 'Nguyễn Kim Quân', 'MH042', 'MATH412', 'Right-sized real-time migration', 4, 'HK009', 'Học kỳ hè Năm học 2023-2024', 'LHP091', 9.0, 8.75, 10.0, 9.65, 'A+', 4.0, TRUE),
    (548, 'HV032', '675421', 'Trần Văn Hương', 'MH056', 'CHEM280', 'Object-based composite help-desk', 3, 'HK010', 'Học kỳ 1 Năm học 2024-2025', 'LHP102', 5.5, 6.75, 6.75, 6.62, 'C+', 2.5, TRUE),
    (549, 'HV042', '649420', 'Vũ Kim Xuân', 'MH069', 'MATH710', 'Re-engineered discrete artificial intelligence', 4, 'HK001', 'Học kỳ 1 Năm học 2021-2022', 'LHP108', 6.75, 7.5, 6.5, 6.72, 'C+', 2.5, TRUE),
    (550, 'HV007', '651610', 'Lê Văn Nguyệt', 'MH069', 'MATH710', 'Re-engineered discrete artificial intelligence', 4, 'HK008', 'Học kỳ 2 Năm học 2023-2024', 'LHP069', 8.0, 7.0, 6.0, 6.4, 'C+', 2.5, TRUE),
    (551, 'HV018', '639962', 'Lê Tuấn Quân', 'MH004', 'IT202', 'Cơ sở dữ liệu', 3, 'HK007', 'Học kỳ 1 Năm học 2023-2024', 'LHP013', 5.25, 6.5, 6.5, 6.38, 'C+', 2.5, TRUE),
    (552, 'HV045', '633511', 'Bùi Ngọc Xuân', 'MH064', 'MATH982', 'Operative didactic application', 2, 'HK006', 'Học kỳ hè Năm học 2022-2023', 'LHP039', 8.75, 5.25, 6.25, 6.3, 'C+', 2.5, TRUE),
    (553, 'HV048', '671744', 'Đặng Quang Chiến', 'MH012', 'KT201', 'Nguyên lý kế toán', 4, 'HK002', 'Học kỳ 2 Năm học 2021-2022', 'LHP044', 7.75, 6.25, 5.25, 5.7, 'C', 2.0, TRUE),
    (554, 'HV043', '676656', 'Hoàng Tuấn Phúc', 'MH055', 'CHEM492', 'Vision-oriented multi-tasking encryption', 4, 'HK004', 'Học kỳ 1 Năm học 2022-2023', 'LHP030', 6.75, 8.0, 9.75, 9.1, 'A+', 4.0, TRUE),
    (555, 'HV025', '669836', 'Ngô Tuấn Yến', 'MH079', 'MATH111', 'Fundamental well-modulated capacity', 2, 'HK010', 'Học kỳ 1 Năm học 2024-2025', 'LHP103', 8.0, 8.25, 5.5, 6.3, 'C+', 2.5, TRUE),
    (556, 'HV001', '676156', 'Lê Kim Dũng', 'MH038', 'PHY609', 'Sharable demand-driven artificial intelligence', 2, 'HK009', 'Học kỳ hè Năm học 2023-2024', 'LHP021', 9.5, 9.75, 8.25, 8.68, 'A', 4.0, TRUE),
    (557, 'HV026', '658439', 'Vũ Hữu Bình', 'MH018', 'NN202', 'Tiếng Trung cơ bản', 4, 'HK007', 'Học kỳ 1 Năm học 2023-2024', 'LHP117', 9.5, 9.0, 9.75, 9.57, 'A+', 4.0, TRUE),
    (558, 'HV028', '667779', 'Trần Thanh Hạnh', 'MH067', 'PHY539', 'Organized regional utilization', 4, 'HK015', 'Học kỳ hè Năm học 2025-2026', 'LHP018', 9.0, 8.0, 8.25, 8.27, 'B+', 3.5, TRUE),
    (559, 'HV035', '656508', 'Lê Hải Phương', 'MH056', 'CHEM280', 'Object-based composite help-desk', 3, 'HK003', 'Học kỳ hè Năm học 2021-2022', 'LHP027', 9.75, 10.0, 9.75, 9.8, 'A+', 4.0, TRUE),
    (560, 'HV023', '678860', 'Bùi Quang Nguyệt', 'MH002', 'IT102', 'Lập trình cơ bản', 4, 'HK013', 'Học kỳ 1 Năm học 2025-2026', 'LHP016', 8.75, 7.75, 8.5, 8.38, 'B+', 3.5, TRUE),
    (561, 'HV024', '641915', 'Phạm Phương Xuân', 'MH077', 'PHY515', 'Configurable context-sensitive functionalities', 2, 'HK003', 'Học kỳ hè Năm học 2021-2022', 'LHP098', 7.5, 9.5, 9.25, 9.12, 'A+', 4.0, TRUE),
    (562, 'HV021', '655647', 'Nguyễn Quang Em', 'MH021', 'QS201', 'Chiến thuật bộ binh', 3, 'HK002', 'Học kỳ 2 Năm học 2021-2022', 'LHP020', 6.0, 7.75, 7.75, 7.58, 'B', 3.0, TRUE),
    (563, 'HV008', '645479', 'Trần Thanh Sơn', 'MH076', 'CHEM194', 'Optional hybrid architecture', 3, 'HK001', 'Học kỳ 1 Năm học 2021-2022', 'LHP043', 8.75, 9.0, 7.0, 7.57, 'B', 3.0, TRUE),
    (564, 'HV013', '642525', 'Nguyễn Minh Quân', 'MH056', 'CHEM280', 'Object-based composite help-desk', 3, 'HK011', 'Học kỳ 2 Năm học 2024-2025', 'LHP078', 7.75, 7.75, 6.75, 7.05, 'B', 3.0, TRUE),
    (565, 'HV024', '641915', 'Phạm Phương Xuân', 'MH040', 'CS493', 'Mandatory 3rdgeneration success', 2, 'HK008', 'Học kỳ 2 Năm học 2023-2024', 'LHP022', 8.75, 9.25, 9.25, 9.2, 'A+', 4.0, TRUE),
    (566, 'HV019', '653162', 'Phạm Văn Hạnh', 'MH064', 'MATH982', 'Operative didactic application', 2, 'HK005', 'Học kỳ 2 Năm học 2022-2023', 'LHP094', 9.25, 9.0, 8.25, 8.5, 'A', 4.0, TRUE),
    (567, 'HV018', '639962', 'Lê Tuấn Quân', 'MH057', 'MATH316', 'Versatile didactic capacity', 2, 'HK011', 'Học kỳ 2 Năm học 2024-2025', 'LHP106', 5.75, 7.75, 6.5, 6.67, 'C+', 2.5, TRUE),
    (568, 'HV010', '645051', 'Nguyễn Phương Dũng', 'MH001', 'IT101', 'Nhập môn Công nghệ thông tin', 3, 'HK001', 'Học kỳ 1 Năm học 2021-2022', 'LHP074', 8.25, 7.25, 7.5, 7.53, 'B', 3.0, TRUE),
    (569, 'HV036', '638647', 'Lý Thị Tùng', 'MH013', 'KT202', 'Tài chính doanh nghiệp', 3, 'HK008', 'Học kỳ 2 Năm học 2023-2024', 'LHP008', 9.25, 8.5, 8.0, 8.22, 'B+', 3.5, TRUE),
    (570, 'HV034', '671591', 'Hoàng Hải Anh', 'MH021', 'QS201', 'Chiến thuật bộ binh', 3, 'HK002', 'Học kỳ 2 Năm học 2021-2022', 'LHP020', 8.5, 8.25, 9.5, 9.15, 'A+', 4.0, TRUE),
    (571, 'HV019', '653162', 'Phạm Văn Hạnh', 'MH050', 'CS651', 'Quality-focused dedicated knowledgebase', 2, 'HK012', 'Học kỳ hè Năm học 2024-2025', 'LHP114', 10.0, 8.25, 8.5, 8.6, 'A', 4.0, TRUE),
    (572, 'HV018', '639962', 'Lê Tuấn Quân', 'MH069', 'MATH710', 'Re-engineered discrete artificial intelligence', 4, 'HK001', 'Học kỳ 1 Năm học 2021-2022', 'LHP108', 6.25, 7.0, 6.5, 6.58, 'C+', 2.5, TRUE),
    (573, 'HV049', '638542', 'Hồ Hữu Giang', 'MH077', 'PHY515', 'Configurable context-sensitive functionalities', 2, 'HK003', 'Học kỳ hè Năm học 2021-2022', 'LHP098', 8.0, 8.25, 7.0, 7.35, 'B', 3.0, TRUE),
    (574, 'HV009', '643611', 'Vũ Phương Hoa', 'MH019', 'QS101', 'Giáo dục Quốc phòng', 2, 'HK007', 'Học kỳ 1 Năm học 2023-2024', 'LHP109', 6.75, 8.75, 7.5, 7.67, 'B', 3.0, TRUE),
    (575, 'HV017', '643692', 'Trần Kim Linh', 'MH020', 'QS102', 'Điều lệnh Quân đội', 2, 'HK011', 'Học kỳ 2 Năm học 2024-2025', 'LHP034', 9.0, 9.5, 7.75, 8.22, 'B+', 3.5, TRUE),
    (576, 'HV033', '643785', 'Vũ Hữu Hương', 'MH040', 'CS493', 'Mandatory 3rdgeneration success', 2, 'HK002', 'Học kỳ 2 Năm học 2021-2022', 'LHP081', 9.25, 8.25, 7.75, 8.0, 'B+', 3.5, TRUE),
    (577, 'HV026', '658439', 'Vũ Hữu Bình', 'MH062', 'CHEM131', 'Robust dynamic methodology', 2, 'HK008', 'Học kỳ 2 Năm học 2023-2024', 'LHP070', 7.75, 10.0, 10.0, 9.78, 'A+', 4.0, TRUE),
    (578, 'HV048', '671744', 'Đặng Quang Chiến', 'MH046', 'CHEM285', 'Visionary even-keeled algorithm', 4, 'HK015', 'Học kỳ hè Năm học 2025-2026', 'LHP029', 4.5, 6.75, 7.0, 6.7, 'C+', 2.5, TRUE),
    (579, 'HV024', '641915', 'Phạm Phương Xuân', 'MH054', 'CS591', 'Face-to-face regional hierarchy', 3, 'HK005', 'Học kỳ 2 Năm học 2022-2023', 'LHP014', 8.5, 8.5, 8.25, 8.32, 'B+', 3.5, TRUE),
    (580, 'HV033', '643785', 'Vũ Hữu Hương', 'MH064', 'MATH982', 'Operative didactic application', 2, 'HK006', 'Học kỳ hè Năm học 2022-2023', 'LHP039', 6.5, 9.25, 6.25, 6.88, 'C+', 2.5, TRUE),
    (581, 'HV004', '652953', 'Lê Đức Phúc', 'MH075', 'CS920', 'Stand-alone incremental functionalities', 3, 'HK015', 'Học kỳ hè Năm học 2025-2026', 'LHP023', 5.75, 7.5, 6.75, 6.8, 'C+', 2.5, TRUE),
    (582, 'HV048', '671744', 'Đặng Quang Chiến', 'MH007', 'IT302', 'Trí tuệ nhân tạo', 3, 'HK010', 'Học kỳ 1 Năm học 2024-2025', 'LHP040', 5.5, 6.5, 5.25, 5.53, 'C', 2.0, TRUE),
    (583, 'HV011', '674738', 'Lý Minh Linh', 'MH067', 'PHY539', 'Organized regional utilization', 4, 'HK015', 'Học kỳ hè Năm học 2025-2026', 'LHP018', 8.0, 8.0, 7.75, 7.83, 'B', 3.0, TRUE),
    (584, 'HV006', '652106', 'Đỗ Thanh Yến', 'MH059', 'PHY856', 'Compatible contextually-based encryption', 2, 'HK014', 'Học kỳ 2 Năm học 2025-2026', 'LHP045', 7.25, 8.75, 7.75, 7.9, 'B', 3.0, TRUE),
    (585, 'HV046', '633567', 'Đỗ Bảo Yến', 'MH074', 'CS876', 'Realigned 5thgeneration knowledge user', 3, 'HK010', 'Học kỳ 1 Năm học 2024-2025', 'LHP086', 8.25, 8.25, 9.0, 8.78, 'A', 4.0, TRUE),
    (586, 'HV002', '634405', 'Hoàng Văn Phúc', 'MH039', 'MATH797', 'Enterprise-wide bottom-line benchmark', 3, 'HK003', 'Học kỳ hè Năm học 2021-2022', 'LHP046', 8.75, 5.75, 6.0, 6.22, 'C+', 2.5, TRUE),
    (587, 'HV023', '678860', 'Bùi Quang Nguyệt', 'MH021', 'QS201', 'Chiến thuật bộ binh', 3, 'HK002', 'Học kỳ 2 Năm học 2021-2022', 'LHP020', 8.75, 8.75, 7.25, 7.7, 'B', 3.0, TRUE),
    (588, 'HV032', '675421', 'Trần Văn Hương', 'MH059', 'PHY856', 'Compatible contextually-based encryption', 2, 'HK014', 'Học kỳ 2 Năm học 2025-2026', 'LHP045', 6.0, 6.5, 5.5, 5.75, 'C', 2.0, TRUE),
    (589, 'HV003', '657855', 'Bùi Hữu Việt', 'MH038', 'PHY609', 'Sharable demand-driven artificial intelligence', 2, 'HK011', 'Học kỳ 2 Năm học 2024-2025', 'LHP064', 8.0, 9.0, 8.5, 8.55, 'A', 4.0, TRUE),
    (590, 'HV014', '658860', 'Bùi Kim Linh', 'MH072', 'CHEM426', 'Programmable context-sensitive productivity', 2, 'HK006', 'Học kỳ hè Năm học 2022-2023', 'LHP049', 9.0, 6.75, 8.75, 8.38, 'B+', 3.5, TRUE),
    (591, 'HV001', '676156', 'Lê Kim Dũng', 'MH050', 'CS651', 'Quality-focused dedicated knowledgebase', 2, 'HK007', 'Học kỳ 1 Năm học 2023-2024', 'LHP028', 9.5, 8.0, 9.25, 9.03, 'A+', 4.0, TRUE),
    (592, 'HV001', '676156', 'Lê Kim Dũng', 'MH063', 'CHEM375', 'Mandatory static service-desk', 2, 'HK011', 'Học kỳ 2 Năm học 2024-2025', 'LHP015', 9.0, 10.0, 9.25, 9.38, 'A+', 4.0, TRUE),
    (593, 'HV004', '652953', 'Lê Đức Phúc', 'MH014', 'KT301', 'Kinh tế lượng', 3, 'HK005', 'Học kỳ 2 Năm học 2022-2023', 'LHP052', 8.75, 8.75, 6.25, 7.0, 'B', 3.0, TRUE),
    (594, 'HV026', '658439', 'Vũ Hữu Bình', 'MH038', 'PHY609', 'Sharable demand-driven artificial intelligence', 2, 'HK009', 'Học kỳ hè Năm học 2023-2024', 'LHP021', 10.0, 9.25, 9.5, 9.5, 'A+', 4.0, TRUE),
    (595, 'HV047', '658219', 'Đặng Hữu Yến', 'MH074', 'CS876', 'Realigned 5thgeneration knowledge user', 3, 'HK010', 'Học kỳ 1 Năm học 2024-2025', 'LHP086', 7.25, 7.0, 8.75, 8.25, 'B+', 3.5, TRUE),
    (596, 'HV043', '676656', 'Hoàng Tuấn Phúc', 'MH054', 'CS591', 'Face-to-face regional hierarchy', 3, 'HK005', 'Học kỳ 2 Năm học 2022-2023', 'LHP014', 10.0, 7.75, 8.25, 8.32, 'B+', 3.5, TRUE),
    (597, 'HV033', '643785', 'Vũ Hữu Hương', 'MH048', 'CS923', 'Total web-enabled knowledge user', 4, 'HK006', 'Học kỳ hè Năm học 2022-2023', 'LHP110', 8.5, 8.0, 6.75, 7.17, 'B', 3.0, TRUE),
    (598, 'HV032', '675421', 'Trần Văn Hương', 'MH040', 'CS493', 'Mandatory 3rdgeneration success', 2, 'HK008', 'Học kỳ 2 Năm học 2023-2024', 'LHP022', 6.25, 5.5, 7.0, 6.62, 'C+', 2.5, TRUE),
    (599, 'HV031', '679202', 'Lý Quang Hạnh', 'MH072', 'CHEM426', 'Programmable context-sensitive productivity', 2, 'HK006', 'Học kỳ hè Năm học 2022-2023', 'LHP049', 9.5, 8.0, 10.0, 9.55, 'A+', 4.0, TRUE),
    (600, 'HV002', '634405', 'Hoàng Văn Phúc', 'MH056', 'CHEM280', 'Object-based composite help-desk', 3, 'HK011', 'Học kỳ 2 Năm học 2024-2025', 'LHP078', 7.0, 6.5, 6.5, 6.55, 'C+', 2.5, TRUE);

INSERT INTO ket_qua_hoc_ky (id, hoc_vien_id, ma_hv, ho_ten_hv, hoc_ky_id, ten_hoc_ky, gpa_hoc_ky_he4, gpa_tich_luy_he4, gpa_hoc_ky_he10, so_tc_dang_ky, so_tc_dat, so_tc_tich_luy, xep_loai, diem_ren_luyen, muc_canh_bao) VALUES
    ('KQ001', 'HV039', '665288', 'Phạm Bảo Sơn', 'HK008', 'Học kỳ 2 Năm học 2023-2024', 2.23, 2.15, 5.6, 16, 10, 48, 'Trung bình', 86, 2),
    ('KQ002', 'HV017', '643692', 'Trần Kim Linh', 'HK005', 'Học kỳ 2 Năm học 2022-2023', 2.76, 3.02, 6.9, 23, 20, 113, 'Khá', 53, 2),
    ('KQ003', 'HV047', '658219', 'Đặng Hữu Yến', 'HK004', 'Học kỳ 1 Năm học 2022-2023', 3.33, 3.06, 8.3, 20, 15, 127, 'Giỏi', 70, 0),
    ('KQ004', 'HV028', '667779', 'Trần Thanh Hạnh', 'HK010', 'Học kỳ 1 Năm học 2024-2025', 3.61, 2.98, 9.0, 12, 2, 110, 'Xuất sắc', 72, 2),
    ('KQ005', 'HV001', '676156', 'Lê Kim Dũng', 'HK003', 'Học kỳ hè Năm học 2021-2022', 2.72, 3.22, 6.8, 10, 9, 45, 'Khá', 54, 3),
    ('KQ006', 'HV041', '666283', 'Trần Kim Hạnh', 'HK013', 'Học kỳ 1 Năm học 2025-2026', 1.98, 2.61, 5.0, 10, 7, 103, 'Yếu', 67, 0),
    ('KQ007', 'HV031', '679202', 'Lý Quang Hạnh', 'HK008', 'Học kỳ 2 Năm học 2023-2024', 3.16, 3.69, 7.9, 18, 6, 62, 'Khá', 97, 3),
    ('KQ008', 'HV050', '658318', 'Phạm Văn Minh', 'HK003', 'Học kỳ hè Năm học 2021-2022', 3.17, 2.5, 7.9, 17, 7, 70, 'Khá', 85, 3),
    ('KQ009', 'HV049', '638542', 'Hồ Hữu Giang', 'HK014', 'Học kỳ 2 Năm học 2025-2026', 2.23, 3.02, 5.6, 11, 11, 91, 'Trung bình', 78, 3),
    ('KQ010', 'HV020', '647942', 'Dương Phương Giang', 'HK003', 'Học kỳ hè Năm học 2021-2022', 2.59, 3.28, 6.5, 14, 2, 83, 'Khá', 79, 3),
    ('KQ011', 'HV027', '657798', 'Lê Thị Việt', 'HK003', 'Học kỳ hè Năm học 2021-2022', 3.15, 3.3, 7.9, 19, 10, 61, 'Khá', 52, 2),
    ('KQ012', 'HV042', '649420', 'Vũ Kim Xuân', 'HK005', 'Học kỳ 2 Năm học 2022-2023', 2.31, 1.79, 5.8, 11, 9, 35, 'Trung bình', 79, 1),
    ('KQ013', 'HV018', '639962', 'Lê Tuấn Quân', 'HK004', 'Học kỳ 1 Năm học 2022-2023', 2.87, 1.76, 7.2, 23, 15, 126, 'Khá', 87, 3),
    ('KQ014', 'HV021', '655647', 'Nguyễn Quang Em', 'HK014', 'Học kỳ 2 Năm học 2025-2026', 3.24, 2.16, 8.1, 23, 8, 79, 'Giỏi', 68, 0),
    ('KQ015', 'HV016', '642135', 'Lý Minh Xuân', 'HK008', 'Học kỳ 2 Năm học 2023-2024', 3.48, 3.45, 8.7, 11, 11, 45, 'Giỏi', 72, 2),
    ('KQ016', 'HV018', '639962', 'Lê Tuấn Quân', 'HK008', 'Học kỳ 2 Năm học 2023-2024', 3.61, 1.76, 9.0, 17, 16, 126, 'Xuất sắc', 72, 1),
    ('KQ017', 'HV027', '657798', 'Lê Thị Việt', 'HK006', 'Học kỳ hè Năm học 2022-2023', 2.38, 3.3, 5.9, 20, 18, 61, 'Trung bình', 91, 3),
    ('KQ018', 'HV024', '641915', 'Phạm Phương Xuân', 'HK007', 'Học kỳ 1 Năm học 2023-2024', 2.46, 3.11, 6.2, 21, 20, 57, 'Trung bình', 73, 3),
    ('KQ019', 'HV022', '675392', 'Ngô Quang Phương', 'HK001', 'Học kỳ 1 Năm học 2021-2022', 1.46, 2.96, 3.6, 18, 12, 53, 'Yếu', 70, 3),
    ('KQ020', 'HV018', '639962', 'Lê Tuấn Quân', 'HK005', 'Học kỳ 2 Năm học 2022-2023', 3.58, 1.76, 8.9, 21, 14, 126, 'Giỏi', 86, 2),
    ('KQ021', 'HV022', '675392', 'Ngô Quang Phương', 'HK010', 'Học kỳ 1 Năm học 2024-2025', 2.43, 2.96, 6.1, 23, 21, 53, 'Trung bình', 57, 1),
    ('KQ022', 'HV042', '649420', 'Vũ Kim Xuân', 'HK015', 'Học kỳ hè Năm học 2025-2026', 2.27, 1.79, 5.7, 12, 9, 35, 'Trung bình', 65, 3),
    ('KQ023', 'HV005', '678070', 'Nguyễn Hải Hương', 'HK015', 'Học kỳ hè Năm học 2025-2026', 2.94, 2.68, 7.3, 18, 4, 31, 'Khá', 63, 0),
    ('KQ024', 'HV007', '651610', 'Lê Văn Nguyệt', 'HK013', 'Học kỳ 1 Năm học 2025-2026', 3.6, 2.04, 9.0, 11, 8, 45, 'Xuất sắc', 64, 1),
    ('KQ025', 'HV019', '653162', 'Phạm Văn Hạnh', 'HK009', 'Học kỳ hè Năm học 2023-2024', 3.92, 3.2, 9.8, 20, 0, 84, 'Xuất sắc', 52, 0),
    ('KQ026', 'HV008', '645479', 'Trần Thanh Sơn', 'HK005', 'Học kỳ 2 Năm học 2022-2023', 2.47, 2.82, 6.2, 18, 13, 45, 'Trung bình', 79, 1),
    ('KQ027', 'HV039', '665288', 'Phạm Bảo Sơn', 'HK012', 'Học kỳ hè Năm học 2024-2025', 4.0, 2.15, 10.0, 17, 13, 48, 'Xuất sắc', 97, 0),
    ('KQ028', 'HV049', '638542', 'Hồ Hữu Giang', 'HK013', 'Học kỳ 1 Năm học 2025-2026', 2.63, 3.02, 6.6, 13, 12, 91, 'Khá', 93, 1),
    ('KQ029', 'HV036', '638647', 'Lý Thị Tùng', 'HK009', 'Học kỳ hè Năm học 2023-2024', 2.44, 2.83, 6.1, 20, 5, 142, 'Trung bình', 63, 0),
    ('KQ030', 'HV032', '675421', 'Trần Văn Hương', 'HK002', 'Học kỳ 2 Năm học 2021-2022', 2.53, 1.73, 6.3, 20, 5, 43, 'Khá', 66, 2),
    ('KQ031', 'HV041', '666283', 'Trần Kim Hạnh', 'HK001', 'Học kỳ 1 Năm học 2021-2022', 3.68, 2.61, 9.2, 15, 7, 103, 'Xuất sắc', 55, 2),
    ('KQ032', 'HV049', '638542', 'Hồ Hữu Giang', 'HK005', 'Học kỳ 2 Năm học 2022-2023', 3.63, 3.02, 9.1, 23, 6, 91, 'Xuất sắc', 61, 0),
    ('KQ033', 'HV035', '656508', 'Lê Hải Phương', 'HK008', 'Học kỳ 2 Năm học 2023-2024', 1.56, 4.0, 3.9, 20, 15, 105, 'Yếu', 75, 1),
    ('KQ034', 'HV016', '642135', 'Lý Minh Xuân', 'HK015', 'Học kỳ hè Năm học 2025-2026', 2.58, 3.45, 6.5, 23, 23, 45, 'Khá', 98, 3),
    ('KQ035', 'HV043', '676656', 'Hoàng Tuấn Phúc', 'HK015', 'Học kỳ hè Năm học 2025-2026', 1.62, 2.93, 4.1, 22, 9, 146, 'Yếu', 68, 2),
    ('KQ036', 'HV023', '678860', 'Bùi Quang Nguyệt', 'HK006', 'Học kỳ hè Năm học 2022-2023', 1.59, 3.05, 4.0, 25, 2, 150, 'Yếu', 50, 3),
    ('KQ037', 'HV001', '676156', 'Lê Kim Dũng', 'HK012', 'Học kỳ hè Năm học 2024-2025', 2.77, 3.22, 6.9, 24, 21, 45, 'Khá', 63, 1),
    ('KQ038', 'HV003', '657855', 'Bùi Hữu Việt', 'HK013', 'Học kỳ 1 Năm học 2025-2026', 3.13, 2.68, 7.8, 13, 2, 119, 'Khá', 57, 3),
    ('KQ039', 'HV016', '642135', 'Lý Minh Xuân', 'HK003', 'Học kỳ hè Năm học 2021-2022', 3.52, 3.45, 8.8, 19, 17, 45, 'Giỏi', 66, 2),
    ('KQ040', 'HV049', '638542', 'Hồ Hữu Giang', 'HK003', 'Học kỳ hè Năm học 2021-2022', 2.8, 3.02, 7.0, 25, 8, 91, 'Khá', 77, 3),
    ('KQ041', 'HV032', '675421', 'Trần Văn Hương', 'HK003', 'Học kỳ hè Năm học 2021-2022', 3.6, 1.73, 9.0, 25, 0, 43, 'Xuất sắc', 99, 1),
    ('KQ042', 'HV035', '656508', 'Lê Hải Phương', 'HK013', 'Học kỳ 1 Năm học 2025-2026', 2.24, 4.0, 5.6, 16, 15, 105, 'Trung bình', 68, 3),
    ('KQ043', 'HV009', '643611', 'Vũ Phương Hoa', 'HK002', 'Học kỳ 2 Năm học 2021-2022', 2.11, 2.45, 5.3, 24, 4, 59, 'Trung bình', 100, 2),
    ('KQ044', 'HV046', '633567', 'Đỗ Bảo Yến', 'HK015', 'Học kỳ hè Năm học 2025-2026', 3.25, 2.91, 8.1, 20, 0, 62, 'Giỏi', 85, 0),
    ('KQ045', 'HV046', '633567', 'Đỗ Bảo Yến', 'HK008', 'Học kỳ 2 Năm học 2023-2024', 2.51, 2.91, 6.3, 13, 13, 62, 'Khá', 75, 0),
    ('KQ046', 'HV008', '645479', 'Trần Thanh Sơn', 'HK011', 'Học kỳ 2 Năm học 2024-2025', 2.49, 2.82, 6.2, 24, 8, 45, 'Trung bình', 82, 2),
    ('KQ047', 'HV011', '674738', 'Lý Minh Linh', 'HK014', 'Học kỳ 2 Năm học 2025-2026', 2.57, 2.43, 6.4, 21, 11, 135, 'Khá', 66, 2),
    ('KQ048', 'HV024', '641915', 'Phạm Phương Xuân', 'HK005', 'Học kỳ 2 Năm học 2022-2023', 2.06, 3.11, 5.2, 18, 3, 57, 'Trung bình', 89, 3),
    ('KQ049', 'HV042', '649420', 'Vũ Kim Xuân', 'HK004', 'Học kỳ 1 Năm học 2022-2023', 3.55, 1.79, 8.9, 24, 15, 35, 'Giỏi', 95, 2),
    ('KQ050', 'HV001', '676156', 'Lê Kim Dũng', 'HK008', 'Học kỳ 2 Năm học 2023-2024', 3.89, 3.22, 9.7, 17, 12, 45, 'Xuất sắc', 82, 0),
    ('KQ051', 'HV003', '657855', 'Bùi Hữu Việt', 'HK012', 'Học kỳ hè Năm học 2024-2025', 3.57, 2.68, 8.9, 12, 6, 119, 'Giỏi', 61, 3),
    ('KQ052', 'HV040', '633301', 'Vũ Thị Phương', 'HK004', 'Học kỳ 1 Năm học 2022-2023', 2.75, 3.37, 6.9, 11, 3, 88, 'Khá', 75, 0),
    ('KQ053', 'HV019', '653162', 'Phạm Văn Hạnh', 'HK005', 'Học kỳ 2 Năm học 2022-2023', 1.6, 3.2, 4.0, 22, 18, 84, 'Yếu', 89, 2),
    ('KQ054', 'HV035', '656508', 'Lê Hải Phương', 'HK005', 'Học kỳ 2 Năm học 2022-2023', 2.08, 4.0, 5.2, 16, 5, 105, 'Trung bình', 55, 1),
    ('KQ055', 'HV031', '679202', 'Lý Quang Hạnh', 'HK012', 'Học kỳ hè Năm học 2024-2025', 2.58, 3.69, 6.5, 25, 7, 62, 'Khá', 76, 0),
    ('KQ056', 'HV027', '657798', 'Lê Thị Việt', 'HK009', 'Học kỳ hè Năm học 2023-2024', 1.58, 3.3, 4.0, 17, 9, 61, 'Yếu', 54, 2),
    ('KQ057', 'HV050', '658318', 'Phạm Văn Minh', 'HK009', 'Học kỳ hè Năm học 2023-2024', 3.01, 2.5, 7.5, 11, 2, 70, 'Khá', 56, 1),
    ('KQ058', 'HV041', '666283', 'Trần Kim Hạnh', 'HK012', 'Học kỳ hè Năm học 2024-2025', 2.83, 2.61, 7.1, 20, 18, 103, 'Khá', 70, 0),
    ('KQ059', 'HV018', '639962', 'Lê Tuấn Quân', 'HK002', 'Học kỳ 2 Năm học 2021-2022', 3.57, 1.76, 8.9, 24, 7, 126, 'Giỏi', 84, 0),
    ('KQ060', 'HV037', '665362', 'Dương Đức Hương', 'HK005', 'Học kỳ 2 Năm học 2022-2023', 3.25, 3.8, 8.1, 10, 3, 135, 'Giỏi', 79, 0),
    ('KQ061', 'HV021', '655647', 'Nguyễn Quang Em', 'HK006', 'Học kỳ hè Năm học 2022-2023', 1.79, 2.16, 4.5, 14, 4, 79, 'Yếu', 69, 0),
    ('KQ062', 'HV020', '647942', 'Dương Phương Giang', 'HK001', 'Học kỳ 1 Năm học 2021-2022', 2.55, 3.28, 6.4, 24, 14, 83, 'Khá', 60, 0),
    ('KQ063', 'HV002', '634405', 'Hoàng Văn Phúc', 'HK010', 'Học kỳ 1 Năm học 2024-2025', 3.3, 1.79, 8.2, 17, 7, 54, 'Giỏi', 83, 3),
    ('KQ064', 'HV007', '651610', 'Lê Văn Nguyệt', 'HK002', 'Học kỳ 2 Năm học 2021-2022', 3.03, 2.04, 7.6, 21, 14, 45, 'Khá', 66, 3),
    ('KQ065', 'HV034', '671591', 'Hoàng Hải Anh', 'HK010', 'Học kỳ 1 Năm học 2024-2025', 2.34, 3.11, 5.8, 19, 4, 128, 'Trung bình', 68, 2),
    ('KQ066', 'HV022', '675392', 'Ngô Quang Phương', 'HK012', 'Học kỳ hè Năm học 2024-2025', 3.06, 2.96, 7.7, 20, 2, 53, 'Khá', 56, 3),
    ('KQ067', 'HV002', '634405', 'Hoàng Văn Phúc', 'HK002', 'Học kỳ 2 Năm học 2021-2022', 1.82, 1.79, 4.5, 20, 4, 54, 'Yếu', 64, 2),
    ('KQ068', 'HV045', '633511', 'Bùi Ngọc Xuân', 'HK001', 'Học kỳ 1 Năm học 2021-2022', 1.47, 1.78, 3.7, 23, 6, 40, 'Yếu', 93, 1),
    ('KQ069', 'HV025', '669836', 'Ngô Tuấn Yến', 'HK008', 'Học kỳ 2 Năm học 2023-2024', 3.29, 1.77, 8.2, 21, 16, 74, 'Giỏi', 88, 3),
    ('KQ070', 'HV031', '679202', 'Lý Quang Hạnh', 'HK002', 'Học kỳ 2 Năm học 2021-2022', 2.92, 3.69, 7.3, 19, 10, 62, 'Khá', 94, 1),
    ('KQ071', 'HV003', '657855', 'Bùi Hữu Việt', 'HK008', 'Học kỳ 2 Năm học 2023-2024', 2.68, 2.68, 6.7, 12, 0, 119, 'Khá', 66, 3),
    ('KQ072', 'HV048', '671744', 'Đặng Quang Chiến', 'HK001', 'Học kỳ 1 Năm học 2021-2022', 3.5, 1.54, 8.8, 11, 2, 43, 'Giỏi', 74, 2),
    ('KQ073', 'HV023', '678860', 'Bùi Quang Nguyệt', 'HK014', 'Học kỳ 2 Năm học 2025-2026', 1.31, 3.05, 3.3, 11, 3, 150, 'Yếu', 57, 0),
    ('KQ074', 'HV044', '674328', 'Dương Thị Tùng', 'HK005', 'Học kỳ 2 Năm học 2022-2023', 3.89, 3.83, 9.7, 25, 20, 66, 'Xuất sắc', 88, 1),
    ('KQ075', 'HV020', '647942', 'Dương Phương Giang', 'HK006', 'Học kỳ hè Năm học 2022-2023', 2.5, 3.28, 6.2, 18, 4, 83, 'Khá', 76, 3),
    ('KQ076', 'HV011', '674738', 'Lý Minh Linh', 'HK002', 'Học kỳ 2 Năm học 2021-2022', 3.19, 2.43, 8.0, 15, 9, 135, 'Khá', 84, 2),
    ('KQ077', 'HV034', '671591', 'Hoàng Hải Anh', 'HK009', 'Học kỳ hè Năm học 2023-2024', 1.86, 3.11, 4.7, 11, 2, 128, 'Yếu', 55, 2),
    ('KQ078', 'HV006', '652106', 'Đỗ Thanh Yến', 'HK006', 'Học kỳ hè Năm học 2022-2023', 2.63, 2.61, 6.6, 20, 4, 47, 'Khá', 58, 2),
    ('KQ079', 'HV031', '679202', 'Lý Quang Hạnh', 'HK001', 'Học kỳ 1 Năm học 2021-2022', 3.1, 3.69, 7.8, 20, 17, 62, 'Khá', 79, 3),
    ('KQ080', 'HV015', '631537', 'Nguyễn Kim Quân', 'HK005', 'Học kỳ 2 Năm học 2022-2023', 4.0, 3.69, 10.0, 19, 12, 111, 'Xuất sắc', 61, 3),
    ('KQ081', 'HV047', '658219', 'Đặng Hữu Yến', 'HK013', 'Học kỳ 1 Năm học 2025-2026', 3.56, 3.06, 8.9, 23, 23, 127, 'Giỏi', 74, 0),
    ('KQ082', 'HV010', '645051', 'Nguyễn Phương Dũng', 'HK009', 'Học kỳ hè Năm học 2023-2024', 2.39, 2.64, 6.0, 21, 13, 147, 'Trung bình', 50, 1),
    ('KQ083', 'HV014', '658860', 'Bùi Kim Linh', 'HK010', 'Học kỳ 1 Năm học 2024-2025', 4.0, 3.02, 10.0, 16, 10, 76, 'Xuất sắc', 59, 0),
    ('KQ084', 'HV041', '666283', 'Trần Kim Hạnh', 'HK008', 'Học kỳ 2 Năm học 2023-2024', 0.48, 2.61, 1.2, 24, 14, 103, 'Yếu', 85, 2),
    ('KQ085', 'HV006', '652106', 'Đỗ Thanh Yến', 'HK009', 'Học kỳ hè Năm học 2023-2024', 1.81, 2.61, 4.5, 14, 14, 47, 'Yếu', 98, 3),
    ('KQ086', 'HV027', '657798', 'Lê Thị Việt', 'HK013', 'Học kỳ 1 Năm học 2025-2026', 2.41, 3.3, 6.0, 23, 18, 61, 'Trung bình', 89, 2),
    ('KQ087', 'HV012', '648673', 'Lý Hải Phương', 'HK010', 'Học kỳ 1 Năm học 2024-2025', 3.03, 2.92, 7.6, 24, 7, 99, 'Khá', 60, 1),
    ('KQ088', 'HV025', '669836', 'Ngô Tuấn Yến', 'HK005', 'Học kỳ 2 Năm học 2022-2023', 3.17, 1.77, 7.9, 17, 5, 74, 'Khá', 70, 0),
    ('KQ089', 'HV032', '675421', 'Trần Văn Hương', 'HK005', 'Học kỳ 2 Năm học 2022-2023', 2.43, 1.73, 6.1, 22, 2, 43, 'Trung bình', 98, 1),
    ('KQ090', 'HV002', '634405', 'Hoàng Văn Phúc', 'HK007', 'Học kỳ 1 Năm học 2023-2024', 2.29, 1.79, 5.7, 19, 2, 54, 'Trung bình', 95, 3),
    ('KQ091', 'HV023', '678860', 'Bùi Quang Nguyệt', 'HK005', 'Học kỳ 2 Năm học 2022-2023', 3.36, 3.05, 8.4, 20, 10, 150, 'Giỏi', 50, 2),
    ('KQ092', 'HV037', '665362', 'Dương Đức Hương', 'HK002', 'Học kỳ 2 Năm học 2021-2022', 2.5, 3.8, 6.2, 17, 8, 135, 'Khá', 55, 2),
    ('KQ093', 'HV037', '665362', 'Dương Đức Hương', 'HK013', 'Học kỳ 1 Năm học 2025-2026', 2.65, 3.8, 6.6, 16, 12, 135, 'Khá', 69, 3),
    ('KQ094', 'HV036', '638647', 'Lý Thị Tùng', 'HK002', 'Học kỳ 2 Năm học 2021-2022', 3.45, 2.83, 8.6, 22, 21, 142, 'Giỏi', 98, 1),
    ('KQ095', 'HV043', '676656', 'Hoàng Tuấn Phúc', 'HK003', 'Học kỳ hè Năm học 2021-2022', 2.25, 2.93, 5.6, 19, 19, 146, 'Trung bình', 59, 0),
    ('KQ096', 'HV009', '643611', 'Vũ Phương Hoa', 'HK005', 'Học kỳ 2 Năm học 2022-2023', 3.48, 2.45, 8.7, 10, 10, 59, 'Giỏi', 93, 3),
    ('KQ097', 'HV025', '669836', 'Ngô Tuấn Yến', 'HK003', 'Học kỳ hè Năm học 2021-2022', 2.13, 1.77, 5.3, 17, 0, 74, 'Trung bình', 65, 1),
    ('KQ098', 'HV028', '667779', 'Trần Thanh Hạnh', 'HK005', 'Học kỳ 2 Năm học 2022-2023', 3.09, 2.98, 7.7, 12, 10, 110, 'Khá', 74, 0),
    ('KQ099', 'HV011', '674738', 'Lý Minh Linh', 'HK010', 'Học kỳ 1 Năm học 2024-2025', 1.59, 2.43, 4.0, 21, 9, 135, 'Yếu', 65, 2),
    ('KQ100', 'HV032', '675421', 'Trần Văn Hương', 'HK012', 'Học kỳ hè Năm học 2024-2025', 4.0, 1.73, 10.0, 20, 3, 43, 'Xuất sắc', 60, 1),
    ('KQ101', 'HV012', '648673', 'Lý Hải Phương', 'HK012', 'Học kỳ hè Năm học 2024-2025', 1.18, 2.92, 2.9, 14, 4, 99, 'Yếu', 55, 1),
    ('KQ102', 'HV024', '641915', 'Phạm Phương Xuân', 'HK008', 'Học kỳ 2 Năm học 2023-2024', 2.52, 3.11, 6.3, 24, 23, 57, 'Khá', 92, 0),
    ('KQ103', 'HV015', '631537', 'Nguyễn Kim Quân', 'HK013', 'Học kỳ 1 Năm học 2025-2026', 1.94, 3.69, 4.8, 15, 5, 111, 'Yếu', 97, 1),
    ('KQ104', 'HV026', '658439', 'Vũ Hữu Bình', 'HK010', 'Học kỳ 1 Năm học 2024-2025', 2.52, 4.0, 6.3, 12, 10, 36, 'Khá', 80, 3),
    ('KQ105', 'HV007', '651610', 'Lê Văn Nguyệt', 'HK011', 'Học kỳ 2 Năm học 2024-2025', 3.06, 2.04, 7.7, 16, 6, 45, 'Khá', 52, 0),
    ('KQ106', 'HV001', '676156', 'Lê Kim Dũng', 'HK004', 'Học kỳ 1 Năm học 2022-2023', 1.83, 3.22, 4.6, 13, 9, 45, 'Yếu', 82, 1),
    ('KQ107', 'HV031', '679202', 'Lý Quang Hạnh', 'HK013', 'Học kỳ 1 Năm học 2025-2026', 4.0, 3.69, 10.0, 15, 7, 62, 'Xuất sắc', 72, 1),
    ('KQ108', 'HV050', '658318', 'Phạm Văn Minh', 'HK008', 'Học kỳ 2 Năm học 2023-2024', 1.08, 2.5, 2.7, 21, 1, 70, 'Yếu', 71, 1),
    ('KQ109', 'HV019', '653162', 'Phạm Văn Hạnh', 'HK007', 'Học kỳ 1 Năm học 2023-2024', 2.63, 3.2, 6.6, 13, 6, 84, 'Khá', 85, 3),
    ('KQ110', 'HV046', '633567', 'Đỗ Bảo Yến', 'HK013', 'Học kỳ 1 Năm học 2025-2026', 3.64, 2.91, 9.1, 11, 7, 62, 'Xuất sắc', 97, 1),
    ('KQ111', 'HV002', '634405', 'Hoàng Văn Phúc', 'HK009', 'Học kỳ hè Năm học 2023-2024', 4.0, 1.79, 10.0, 20, 2, 54, 'Xuất sắc', 94, 3),
    ('KQ112', 'HV029', '641724', 'Lý Quang Giang', 'HK009', 'Học kỳ hè Năm học 2023-2024', 3.76, 1.59, 9.4, 17, 10, 119, 'Xuất sắc', 80, 1),
    ('KQ113', 'HV029', '641724', 'Lý Quang Giang', 'HK003', 'Học kỳ hè Năm học 2021-2022', 3.57, 1.59, 8.9, 24, 7, 119, 'Giỏi', 89, 2),
    ('KQ114', 'HV023', '678860', 'Bùi Quang Nguyệt', 'HK003', 'Học kỳ hè Năm học 2021-2022', 2.08, 3.05, 5.2, 12, 4, 150, 'Trung bình', 59, 3),
    ('KQ115', 'HV022', '675392', 'Ngô Quang Phương', 'HK007', 'Học kỳ 1 Năm học 2023-2024', 1.95, 2.96, 4.9, 24, 6, 53, 'Yếu', 93, 2),
    ('KQ116', 'HV003', '657855', 'Bùi Hữu Việt', 'HK011', 'Học kỳ 2 Năm học 2024-2025', 4.0, 2.68, 10.0, 24, 7, 119, 'Xuất sắc', 68, 1),
    ('KQ117', 'HV040', '633301', 'Vũ Thị Phương', 'HK003', 'Học kỳ hè Năm học 2021-2022', 3.45, 3.37, 8.6, 11, 0, 88, 'Giỏi', 80, 1),
    ('KQ118', 'HV017', '643692', 'Trần Kim Linh', 'HK002', 'Học kỳ 2 Năm học 2021-2022', 2.63, 3.02, 6.6, 19, 5, 113, 'Khá', 57, 1),
    ('KQ119', 'HV013', '642525', 'Nguyễn Minh Quân', 'HK009', 'Học kỳ hè Năm học 2023-2024', 2.37, 2.43, 5.9, 24, 8, 58, 'Trung bình', 53, 3),
    ('KQ120', 'HV018', '639962', 'Lê Tuấn Quân', 'HK001', 'Học kỳ 1 Năm học 2021-2022', 3.99, 1.76, 10.0, 19, 3, 126, 'Xuất sắc', 79, 0),
    ('KQ121', 'HV014', '658860', 'Bùi Kim Linh', 'HK013', 'Học kỳ 1 Năm học 2025-2026', 2.17, 3.02, 5.4, 18, 17, 76, 'Trung bình', 100, 3),
    ('KQ122', 'HV013', '642525', 'Nguyễn Minh Quân', 'HK008', 'Học kỳ 2 Năm học 2023-2024', 3.53, 2.43, 8.8, 14, 0, 58, 'Giỏi', 71, 1),
    ('KQ123', 'HV023', '678860', 'Bùi Quang Nguyệt', 'HK012', 'Học kỳ hè Năm học 2024-2025', 2.42, 3.05, 6.0, 18, 9, 150, 'Trung bình', 60, 0),
    ('KQ124', 'HV016', '642135', 'Lý Minh Xuân', 'HK012', 'Học kỳ hè Năm học 2024-2025', 2.4, 3.45, 6.0, 16, 11, 45, 'Trung bình', 85, 0),
    ('KQ125', 'HV036', '638647', 'Lý Thị Tùng', 'HK005', 'Học kỳ 2 Năm học 2022-2023', 2.71, 2.83, 6.8, 14, 4, 142, 'Khá', 78, 1),
    ('KQ126', 'HV030', '632151', 'Bùi Bảo Xuân', 'HK009', 'Học kỳ hè Năm học 2023-2024', 3.02, 2.74, 7.5, 18, 18, 143, 'Khá', 51, 2),
    ('KQ127', 'HV017', '643692', 'Trần Kim Linh', 'HK012', 'Học kỳ hè Năm học 2024-2025', 3.54, 3.02, 8.8, 18, 13, 113, 'Giỏi', 62, 1),
    ('KQ128', 'HV007', '651610', 'Lê Văn Nguyệt', 'HK001', 'Học kỳ 1 Năm học 2021-2022', 2.66, 2.04, 6.7, 23, 16, 45, 'Khá', 54, 1),
    ('KQ129', 'HV025', '669836', 'Ngô Tuấn Yến', 'HK015', 'Học kỳ hè Năm học 2025-2026', 1.84, 1.77, 4.6, 15, 6, 74, 'Yếu', 79, 2),
    ('KQ130', 'HV039', '665288', 'Phạm Bảo Sơn', 'HK006', 'Học kỳ hè Năm học 2022-2023', 2.28, 2.15, 5.7, 16, 0, 48, 'Trung bình', 72, 1),
    ('KQ131', 'HV034', '671591', 'Hoàng Hải Anh', 'HK008', 'Học kỳ 2 Năm học 2023-2024', 2.67, 3.11, 6.7, 11, 6, 128, 'Khá', 85, 1),
    ('KQ132', 'HV045', '633511', 'Bùi Ngọc Xuân', 'HK004', 'Học kỳ 1 Năm học 2022-2023', 3.04, 1.78, 7.6, 25, 3, 40, 'Khá', 69, 0),
    ('KQ133', 'HV041', '666283', 'Trần Kim Hạnh', 'HK002', 'Học kỳ 2 Năm học 2021-2022', 2.55, 2.61, 6.4, 12, 6, 103, 'Khá', 98, 0),
    ('KQ134', 'HV045', '633511', 'Bùi Ngọc Xuân', 'HK003', 'Học kỳ hè Năm học 2021-2022', 2.97, 1.78, 7.4, 17, 5, 40, 'Khá', 91, 1),
    ('KQ135', 'HV013', '642525', 'Nguyễn Minh Quân', 'HK014', 'Học kỳ 2 Năm học 2025-2026', 1.27, 2.43, 3.2, 23, 18, 58, 'Yếu', 57, 2),
    ('KQ136', 'HV015', '631537', 'Nguyễn Kim Quân', 'HK014', 'Học kỳ 2 Năm học 2025-2026', 2.7, 3.69, 6.8, 16, 16, 111, 'Khá', 71, 1),
    ('KQ137', 'HV006', '652106', 'Đỗ Thanh Yến', 'HK013', 'Học kỳ 1 Năm học 2025-2026', 3.79, 2.61, 9.5, 14, 9, 47, 'Xuất sắc', 92, 1),
    ('KQ138', 'HV020', '647942', 'Dương Phương Giang', 'HK004', 'Học kỳ 1 Năm học 2022-2023', 2.21, 3.28, 5.5, 24, 0, 83, 'Trung bình', 95, 1),
    ('KQ139', 'HV041', '666283', 'Trần Kim Hạnh', 'HK015', 'Học kỳ hè Năm học 2025-2026', 3.46, 2.61, 8.7, 20, 16, 103, 'Giỏi', 92, 2),
    ('KQ140', 'HV002', '634405', 'Hoàng Văn Phúc', 'HK012', 'Học kỳ hè Năm học 2024-2025', 3.44, 1.79, 8.6, 16, 13, 54, 'Giỏi', 72, 2),
    ('KQ141', 'HV045', '633511', 'Bùi Ngọc Xuân', 'HK010', 'Học kỳ 1 Năm học 2024-2025', 1.9, 1.78, 4.8, 17, 5, 40, 'Yếu', 87, 2),
    ('KQ142', 'HV019', '653162', 'Phạm Văn Hạnh', 'HK004', 'Học kỳ 1 Năm học 2022-2023', 2.66, 3.2, 6.7, 19, 2, 84, 'Khá', 87, 2),
    ('KQ143', 'HV008', '645479', 'Trần Thanh Sơn', 'HK001', 'Học kỳ 1 Năm học 2021-2022', 4.0, 2.82, 10.0, 10, 5, 45, 'Xuất sắc', 75, 1),
    ('KQ144', 'HV048', '671744', 'Đặng Quang Chiến', 'HK013', 'Học kỳ 1 Năm học 2025-2026', 3.1, 1.54, 7.8, 10, 4, 43, 'Khá', 96, 0),
    ('KQ145', 'HV044', '674328', 'Dương Thị Tùng', 'HK006', 'Học kỳ hè Năm học 2022-2023', 3.77, 3.83, 9.4, 13, 4, 66, 'Xuất sắc', 74, 2),
    ('KQ146', 'HV014', '658860', 'Bùi Kim Linh', 'HK001', 'Học kỳ 1 Năm học 2021-2022', 0.85, 3.02, 2.1, 11, 4, 76, 'Yếu', 52, 2),
    ('KQ147', 'HV004', '652953', 'Lê Đức Phúc', 'HK014', 'Học kỳ 2 Năm học 2025-2026', 3.04, 1.67, 7.6, 10, 7, 116, 'Khá', 67, 3),
    ('KQ148', 'HV034', '671591', 'Hoàng Hải Anh', 'HK011', 'Học kỳ 2 Năm học 2024-2025', 1.41, 3.11, 3.5, 15, 8, 128, 'Yếu', 95, 1),
    ('KQ149', 'HV025', '669836', 'Ngô Tuấn Yến', 'HK001', 'Học kỳ 1 Năm học 2021-2022', 3.34, 1.77, 8.3, 14, 10, 74, 'Giỏi', 75, 3),
    ('KQ150', 'HV036', '638647', 'Lý Thị Tùng', 'HK014', 'Học kỳ 2 Năm học 2025-2026', 2.72, 2.83, 6.8, 23, 22, 142, 'Khá', 100, 3),
    ('KQ151', 'HV023', '678860', 'Bùi Quang Nguyệt', 'HK004', 'Học kỳ 1 Năm học 2022-2023', 4.0, 3.05, 10.0, 24, 15, 150, 'Xuất sắc', 68, 1),
    ('KQ152', 'HV032', '675421', 'Trần Văn Hương', 'HK004', 'Học kỳ 1 Năm học 2022-2023', 1.52, 1.73, 3.8, 21, 9, 43, 'Yếu', 52, 2),
    ('KQ153', 'HV013', '642525', 'Nguyễn Minh Quân', 'HK013', 'Học kỳ 1 Năm học 2025-2026', 3.17, 2.43, 7.9, 20, 0, 58, 'Khá', 91, 3),
    ('KQ154', 'HV047', '658219', 'Đặng Hữu Yến', 'HK003', 'Học kỳ hè Năm học 2021-2022', 3.38, 3.06, 8.4, 24, 11, 127, 'Giỏi', 88, 1),
    ('KQ155', 'HV047', '658219', 'Đặng Hữu Yến', 'HK015', 'Học kỳ hè Năm học 2025-2026', 2.99, 3.06, 7.5, 24, 9, 127, 'Khá', 67, 3),
    ('KQ156', 'HV007', '651610', 'Lê Văn Nguyệt', 'HK012', 'Học kỳ hè Năm học 2024-2025', 3.64, 2.04, 9.1, 25, 8, 45, 'Xuất sắc', 88, 0),
    ('KQ157', 'HV014', '658860', 'Bùi Kim Linh', 'HK008', 'Học kỳ 2 Năm học 2023-2024', 3.38, 3.02, 8.4, 16, 12, 76, 'Giỏi', 54, 0),
    ('KQ158', 'HV022', '675392', 'Ngô Quang Phương', 'HK002', 'Học kỳ 2 Năm học 2021-2022', 3.11, 2.96, 7.8, 19, 1, 53, 'Khá', 70, 1),
    ('KQ159', 'HV017', '643692', 'Trần Kim Linh', 'HK003', 'Học kỳ hè Năm học 2021-2022', 3.06, 3.02, 7.7, 18, 6, 113, 'Khá', 56, 1),
    ('KQ160', 'HV024', '641915', 'Phạm Phương Xuân', 'HK006', 'Học kỳ hè Năm học 2022-2023', 2.7, 3.11, 6.8, 25, 3, 57, 'Khá', 83, 0),
    ('KQ161', 'HV012', '648673', 'Lý Hải Phương', 'HK015', 'Học kỳ hè Năm học 2025-2026', 3.29, 2.92, 8.2, 23, 13, 99, 'Giỏi', 96, 0),
    ('KQ162', 'HV032', '675421', 'Trần Văn Hương', 'HK007', 'Học kỳ 1 Năm học 2023-2024', 3.79, 1.73, 9.5, 14, 12, 43, 'Xuất sắc', 86, 0),
    ('KQ163', 'HV001', '676156', 'Lê Kim Dũng', 'HK015', 'Học kỳ hè Năm học 2025-2026', 3.52, 3.22, 8.8, 14, 2, 45, 'Giỏi', 56, 1),
    ('KQ164', 'HV034', '671591', 'Hoàng Hải Anh', 'HK005', 'Học kỳ 2 Năm học 2022-2023', 3.12, 3.11, 7.8, 24, 10, 128, 'Khá', 62, 1),
    ('KQ165', 'HV034', '671591', 'Hoàng Hải Anh', 'HK015', 'Học kỳ hè Năm học 2025-2026', 2.33, 3.11, 5.8, 21, 11, 128, 'Trung bình', 75, 3),
    ('KQ166', 'HV007', '651610', 'Lê Văn Nguyệt', 'HK015', 'Học kỳ hè Năm học 2025-2026', 2.68, 2.04, 6.7, 10, 10, 45, 'Khá', 71, 3),
    ('KQ167', 'HV040', '633301', 'Vũ Thị Phương', 'HK011', 'Học kỳ 2 Năm học 2024-2025', 2.99, 3.37, 7.5, 22, 5, 88, 'Khá', 95, 1),
    ('KQ168', 'HV039', '665288', 'Phạm Bảo Sơn', 'HK013', 'Học kỳ 1 Năm học 2025-2026', 3.39, 2.15, 8.5, 23, 21, 48, 'Giỏi', 64, 0),
    ('KQ169', 'HV047', '658219', 'Đặng Hữu Yến', 'HK014', 'Học kỳ 2 Năm học 2025-2026', 2.97, 3.06, 7.4, 20, 9, 127, 'Khá', 68, 2),
    ('KQ170', 'HV048', '671744', 'Đặng Quang Chiến', 'HK002', 'Học kỳ 2 Năm học 2021-2022', 2.69, 1.54, 6.7, 10, 9, 43, 'Khá', 80, 1),
    ('KQ171', 'HV042', '649420', 'Vũ Kim Xuân', 'HK010', 'Học kỳ 1 Năm học 2024-2025', 2.77, 1.79, 6.9, 16, 0, 35, 'Khá', 56, 1),
    ('KQ172', 'HV012', '648673', 'Lý Hải Phương', 'HK014', 'Học kỳ 2 Năm học 2025-2026', 2.15, 2.92, 5.4, 14, 12, 99, 'Trung bình', 64, 0),
    ('KQ173', 'HV007', '651610', 'Lê Văn Nguyệt', 'HK003', 'Học kỳ hè Năm học 2021-2022', 2.5, 2.04, 6.2, 22, 16, 45, 'Khá', 61, 1),
    ('KQ174', 'HV032', '675421', 'Trần Văn Hương', 'HK008', 'Học kỳ 2 Năm học 2023-2024', 3.9, 1.73, 9.8, 24, 12, 43, 'Xuất sắc', 99, 2),
    ('KQ175', 'HV028', '667779', 'Trần Thanh Hạnh', 'HK004', 'Học kỳ 1 Năm học 2022-2023', 2.94, 2.98, 7.3, 13, 2, 110, 'Khá', 98, 1),
    ('KQ176', 'HV048', '671744', 'Đặng Quang Chiến', 'HK014', 'Học kỳ 2 Năm học 2025-2026', 2.52, 1.54, 6.3, 22, 17, 43, 'Khá', 89, 2),
    ('KQ177', 'HV018', '639962', 'Lê Tuấn Quân', 'HK010', 'Học kỳ 1 Năm học 2024-2025', 3.63, 1.76, 9.1, 15, 0, 126, 'Xuất sắc', 77, 2),
    ('KQ178', 'HV007', '651610', 'Lê Văn Nguyệt', 'HK014', 'Học kỳ 2 Năm học 2025-2026', 3.12, 2.04, 7.8, 13, 3, 45, 'Khá', 98, 3),
    ('KQ179', 'HV017', '643692', 'Trần Kim Linh', 'HK001', 'Học kỳ 1 Năm học 2021-2022', 2.11, 3.02, 5.3, 25, 15, 113, 'Trung bình', 76, 2),
    ('KQ180', 'HV003', '657855', 'Bùi Hữu Việt', 'HK005', 'Học kỳ 2 Năm học 2022-2023', 4.0, 2.68, 10.0, 24, 7, 119, 'Xuất sắc', 94, 0),
    ('KQ181', 'HV014', '658860', 'Bùi Kim Linh', 'HK007', 'Học kỳ 1 Năm học 2023-2024', 1.6, 3.02, 4.0, 11, 0, 76, 'Yếu', 58, 3),
    ('KQ182', 'HV021', '655647', 'Nguyễn Quang Em', 'HK008', 'Học kỳ 2 Năm học 2023-2024', 3.44, 2.16, 8.6, 16, 16, 79, 'Giỏi', 63, 2),
    ('KQ183', 'HV004', '652953', 'Lê Đức Phúc', 'HK015', 'Học kỳ hè Năm học 2025-2026', 3.29, 1.67, 8.2, 21, 14, 116, 'Giỏi', 85, 2),
    ('KQ184', 'HV021', '655647', 'Nguyễn Quang Em', 'HK012', 'Học kỳ hè Năm học 2024-2025', 4.0, 2.16, 10.0, 18, 7, 79, 'Xuất sắc', 77, 3),
    ('KQ185', 'HV001', '676156', 'Lê Kim Dũng', 'HK006', 'Học kỳ hè Năm học 2022-2023', 2.88, 3.22, 7.2, 15, 14, 45, 'Khá', 59, 2),
    ('KQ186', 'HV001', '676156', 'Lê Kim Dũng', 'HK001', 'Học kỳ 1 Năm học 2021-2022', 2.28, 3.22, 5.7, 20, 3, 45, 'Trung bình', 88, 2),
    ('KQ187', 'HV004', '652953', 'Lê Đức Phúc', 'HK013', 'Học kỳ 1 Năm học 2025-2026', 3.28, 1.67, 8.2, 15, 15, 116, 'Giỏi', 50, 1),
    ('KQ188', 'HV026', '658439', 'Vũ Hữu Bình', 'HK014', 'Học kỳ 2 Năm học 2025-2026', 2.81, 4.0, 7.0, 23, 22, 36, 'Khá', 91, 3),
    ('KQ189', 'HV026', '658439', 'Vũ Hữu Bình', 'HK002', 'Học kỳ 2 Năm học 2021-2022', 1.88, 4.0, 4.7, 12, 1, 36, 'Yếu', 96, 1),
    ('KQ190', 'HV032', '675421', 'Trần Văn Hương', 'HK006', 'Học kỳ hè Năm học 2022-2023', 3.56, 1.73, 8.9, 16, 5, 43, 'Giỏi', 54, 0),
    ('KQ191', 'HV011', '674738', 'Lý Minh Linh', 'HK007', 'Học kỳ 1 Năm học 2023-2024', 3.06, 2.43, 7.7, 13, 9, 135, 'Khá', 61, 0),
    ('KQ192', 'HV017', '643692', 'Trần Kim Linh', 'HK014', 'Học kỳ 2 Năm học 2025-2026', 2.83, 3.02, 7.1, 10, 4, 113, 'Khá', 54, 2),
    ('KQ193', 'HV039', '665288', 'Phạm Bảo Sơn', 'HK005', 'Học kỳ 2 Năm học 2022-2023', 2.84, 2.15, 7.1, 21, 6, 48, 'Khá', 97, 2),
    ('KQ194', 'HV029', '641724', 'Lý Quang Giang', 'HK008', 'Học kỳ 2 Năm học 2023-2024', 2.31, 1.59, 5.8, 25, 9, 119, 'Trung bình', 81, 0),
    ('KQ195', 'HV043', '676656', 'Hoàng Tuấn Phúc', 'HK008', 'Học kỳ 2 Năm học 2023-2024', 2.91, 2.93, 7.3, 14, 13, 146, 'Khá', 69, 3),
    ('KQ196', 'HV050', '658318', 'Phạm Văn Minh', 'HK004', 'Học kỳ 1 Năm học 2022-2023', 3.15, 2.5, 7.9, 15, 3, 70, 'Khá', 79, 0),
    ('KQ197', 'HV020', '647942', 'Dương Phương Giang', 'HK010', 'Học kỳ 1 Năm học 2024-2025', 3.45, 3.28, 8.6, 24, 18, 83, 'Giỏi', 86, 0),
    ('KQ198', 'HV017', '643692', 'Trần Kim Linh', 'HK009', 'Học kỳ hè Năm học 2023-2024', 3.19, 3.02, 8.0, 17, 1, 113, 'Khá', 68, 1),
    ('KQ199', 'HV008', '645479', 'Trần Thanh Sơn', 'HK008', 'Học kỳ 2 Năm học 2023-2024', 2.45, 2.82, 6.1, 15, 1, 45, 'Trung bình', 98, 1),
    ('KQ200', 'HV022', '675392', 'Ngô Quang Phương', 'HK008', 'Học kỳ 2 Năm học 2023-2024', 3.19, 2.96, 8.0, 13, 8, 53, 'Khá', 63, 3),
    ('KQ201', 'HV048', '671744', 'Đặng Quang Chiến', 'HK005', 'Học kỳ 2 Năm học 2022-2023', 1.37, 1.54, 3.4, 18, 18, 43, 'Yếu', 72, 2),
    ('KQ202', 'HV035', '656508', 'Lê Hải Phương', 'HK015', 'Học kỳ hè Năm học 2025-2026', 3.37, 4.0, 8.4, 14, 1, 105, 'Giỏi', 57, 3),
    ('KQ203', 'HV005', '678070', 'Nguyễn Hải Hương', 'HK003', 'Học kỳ hè Năm học 2021-2022', 2.91, 2.68, 7.3, 12, 1, 31, 'Khá', 74, 1),
    ('KQ204', 'HV046', '633567', 'Đỗ Bảo Yến', 'HK003', 'Học kỳ hè Năm học 2021-2022', 2.21, 2.91, 5.5, 19, 4, 62, 'Trung bình', 50, 0),
    ('KQ205', 'HV036', '638647', 'Lý Thị Tùng', 'HK003', 'Học kỳ hè Năm học 2021-2022', 2.08, 2.83, 5.2, 15, 4, 142, 'Trung bình', 53, 1),
    ('KQ206', 'HV039', '665288', 'Phạm Bảo Sơn', 'HK004', 'Học kỳ 1 Năm học 2022-2023', 3.0, 2.15, 7.5, 20, 8, 48, 'Khá', 100, 1),
    ('KQ207', 'HV050', '658318', 'Phạm Văn Minh', 'HK011', 'Học kỳ 2 Năm học 2024-2025', 3.51, 2.5, 8.8, 11, 3, 70, 'Giỏi', 76, 1),
    ('KQ208', 'HV048', '671744', 'Đặng Quang Chiến', 'HK010', 'Học kỳ 1 Năm học 2024-2025', 3.42, 1.54, 8.6, 19, 2, 43, 'Giỏi', 61, 2),
    ('KQ209', 'HV038', '645515', 'Ngô Tuấn Em', 'HK005', 'Học kỳ 2 Năm học 2022-2023', 1.75, 2.48, 4.4, 21, 10, 116, 'Yếu', 57, 1),
    ('KQ210', 'HV004', '652953', 'Lê Đức Phúc', 'HK005', 'Học kỳ 2 Năm học 2022-2023', 2.52, 1.67, 6.3, 14, 12, 116, 'Khá', 54, 1),
    ('KQ211', 'HV036', '638647', 'Lý Thị Tùng', 'HK010', 'Học kỳ 1 Năm học 2024-2025', 3.69, 2.83, 9.2, 24, 4, 142, 'Xuất sắc', 81, 3),
    ('KQ212', 'HV003', '657855', 'Bùi Hữu Việt', 'HK010', 'Học kỳ 1 Năm học 2024-2025', 3.98, 2.68, 9.9, 20, 7, 119, 'Xuất sắc', 80, 1),
    ('KQ213', 'HV045', '633511', 'Bùi Ngọc Xuân', 'HK007', 'Học kỳ 1 Năm học 2023-2024', 3.17, 1.78, 7.9, 10, 8, 40, 'Khá', 52, 2),
    ('KQ214', 'HV018', '639962', 'Lê Tuấn Quân', 'HK012', 'Học kỳ hè Năm học 2024-2025', 2.45, 1.76, 6.1, 11, 6, 126, 'Trung bình', 89, 1),
    ('KQ215', 'HV021', '655647', 'Nguyễn Quang Em', 'HK011', 'Học kỳ 2 Năm học 2024-2025', 1.25, 2.16, 3.1, 15, 9, 79, 'Yếu', 71, 3),
    ('KQ216', 'HV027', '657798', 'Lê Thị Việt', 'HK008', 'Học kỳ 2 Năm học 2023-2024', 4.0, 3.3, 10.0, 14, 0, 61, 'Xuất sắc', 88, 0),
    ('KQ217', 'HV013', '642525', 'Nguyễn Minh Quân', 'HK005', 'Học kỳ 2 Năm học 2022-2023', 2.47, 2.43, 6.2, 10, 10, 58, 'Trung bình', 90, 0),
    ('KQ218', 'HV035', '656508', 'Lê Hải Phương', 'HK003', 'Học kỳ hè Năm học 2021-2022', 1.59, 4.0, 4.0, 13, 2, 105, 'Yếu', 67, 1),
    ('KQ219', 'HV042', '649420', 'Vũ Kim Xuân', 'HK008', 'Học kỳ 2 Năm học 2023-2024', 1.94, 1.79, 4.8, 14, 7, 35, 'Yếu', 50, 0),
    ('KQ220', 'HV005', '678070', 'Nguyễn Hải Hương', 'HK007', 'Học kỳ 1 Năm học 2023-2024', 2.84, 2.68, 7.1, 17, 9, 31, 'Khá', 67, 3),
    ('KQ221', 'HV031', '679202', 'Lý Quang Hạnh', 'HK009', 'Học kỳ hè Năm học 2023-2024', 2.57, 3.69, 6.4, 14, 8, 62, 'Khá', 69, 1),
    ('KQ222', 'HV003', '657855', 'Bùi Hữu Việt', 'HK015', 'Học kỳ hè Năm học 2025-2026', 3.25, 2.68, 8.1, 24, 4, 119, 'Giỏi', 73, 0),
    ('KQ223', 'HV001', '676156', 'Lê Kim Dũng', 'HK013', 'Học kỳ 1 Năm học 2025-2026', 2.38, 3.22, 5.9, 19, 2, 45, 'Trung bình', 98, 2),
    ('KQ224', 'HV045', '633511', 'Bùi Ngọc Xuân', 'HK013', 'Học kỳ 1 Năm học 2025-2026', 0.83, 1.78, 2.1, 17, 17, 40, 'Yếu', 73, 2),
    ('KQ225', 'HV038', '645515', 'Ngô Tuấn Em', 'HK014', 'Học kỳ 2 Năm học 2025-2026', 2.65, 2.48, 6.6, 16, 15, 116, 'Khá', 55, 2),
    ('KQ226', 'HV005', '678070', 'Nguyễn Hải Hương', 'HK009', 'Học kỳ hè Năm học 2023-2024', 2.93, 2.68, 7.3, 13, 10, 31, 'Khá', 58, 3),
    ('KQ227', 'HV037', '665362', 'Dương Đức Hương', 'HK014', 'Học kỳ 2 Năm học 2025-2026', 2.92, 3.8, 7.3, 24, 9, 135, 'Khá', 66, 2),
    ('KQ228', 'HV012', '648673', 'Lý Hải Phương', 'HK004', 'Học kỳ 1 Năm học 2022-2023', 2.37, 2.92, 5.9, 13, 11, 99, 'Trung bình', 70, 2),
    ('KQ229', 'HV007', '651610', 'Lê Văn Nguyệt', 'HK009', 'Học kỳ hè Năm học 2023-2024', 2.56, 2.04, 6.4, 16, 15, 45, 'Khá', 90, 2),
    ('KQ230', 'HV005', '678070', 'Nguyễn Hải Hương', 'HK006', 'Học kỳ hè Năm học 2022-2023', 2.65, 2.68, 6.6, 20, 0, 31, 'Khá', 93, 2),
    ('KQ231', 'HV040', '633301', 'Vũ Thị Phương', 'HK014', 'Học kỳ 2 Năm học 2025-2026', 1.4, 3.37, 3.5, 11, 11, 88, 'Yếu', 89, 0),
    ('KQ232', 'HV048', '671744', 'Đặng Quang Chiến', 'HK011', 'Học kỳ 2 Năm học 2024-2025', 2.46, 1.54, 6.2, 11, 2, 43, 'Trung bình', 89, 3),
    ('KQ233', 'HV028', '667779', 'Trần Thanh Hạnh', 'HK015', 'Học kỳ hè Năm học 2025-2026', 3.75, 2.98, 9.4, 25, 18, 110, 'Xuất sắc', 71, 2),
    ('KQ234', 'HV026', '658439', 'Vũ Hữu Bình', 'HK013', 'Học kỳ 1 Năm học 2025-2026', 2.42, 4.0, 6.0, 22, 13, 36, 'Trung bình', 94, 1),
    ('KQ235', 'HV031', '679202', 'Lý Quang Hạnh', 'HK010', 'Học kỳ 1 Năm học 2024-2025', 3.36, 3.69, 8.4, 25, 7, 62, 'Giỏi', 98, 0),
    ('KQ236', 'HV016', '642135', 'Lý Minh Xuân', 'HK010', 'Học kỳ 1 Năm học 2024-2025', 2.83, 3.45, 7.1, 23, 17, 45, 'Khá', 62, 0),
    ('KQ237', 'HV041', '666283', 'Trần Kim Hạnh', 'HK011', 'Học kỳ 2 Năm học 2024-2025', 2.56, 2.61, 6.4, 22, 10, 103, 'Khá', 83, 0),
    ('KQ238', 'HV029', '641724', 'Lý Quang Giang', 'HK005', 'Học kỳ 2 Năm học 2022-2023', 3.09, 1.59, 7.7, 18, 14, 119, 'Khá', 58, 3),
    ('KQ239', 'HV021', '655647', 'Nguyễn Quang Em', 'HK003', 'Học kỳ hè Năm học 2021-2022', 4.0, 2.16, 10.0, 10, 0, 79, 'Xuất sắc', 81, 0),
    ('KQ240', 'HV047', '658219', 'Đặng Hữu Yến', 'HK010', 'Học kỳ 1 Năm học 2024-2025', 1.08, 3.06, 2.7, 16, 5, 127, 'Yếu', 63, 2),
    ('KQ241', 'HV029', '641724', 'Lý Quang Giang', 'HK001', 'Học kỳ 1 Năm học 2021-2022', 1.88, 1.59, 4.7, 25, 12, 119, 'Yếu', 93, 1),
    ('KQ242', 'HV009', '643611', 'Vũ Phương Hoa', 'HK003', 'Học kỳ hè Năm học 2021-2022', 2.4, 2.45, 6.0, 20, 16, 59, 'Trung bình', 65, 3),
    ('KQ243', 'HV042', '649420', 'Vũ Kim Xuân', 'HK014', 'Học kỳ 2 Năm học 2025-2026', 3.06, 1.79, 7.7, 13, 4, 35, 'Khá', 94, 0),
    ('KQ244', 'HV047', '658219', 'Đặng Hữu Yến', 'HK012', 'Học kỳ hè Năm học 2024-2025', 3.39, 3.06, 8.5, 11, 5, 127, 'Giỏi', 65, 1),
    ('KQ245', 'HV019', '653162', 'Phạm Văn Hạnh', 'HK014', 'Học kỳ 2 Năm học 2025-2026', 2.59, 3.2, 6.5, 18, 13, 84, 'Khá', 88, 2),
    ('KQ246', 'HV008', '645479', 'Trần Thanh Sơn', 'HK004', 'Học kỳ 1 Năm học 2022-2023', 3.73, 2.82, 9.3, 23, 3, 45, 'Xuất sắc', 61, 0),
    ('KQ247', 'HV042', '649420', 'Vũ Kim Xuân', 'HK002', 'Học kỳ 2 Năm học 2021-2022', 2.02, 1.79, 5.0, 23, 4, 35, 'Trung bình', 98, 3),
    ('KQ248', 'HV036', '638647', 'Lý Thị Tùng', 'HK004', 'Học kỳ 1 Năm học 2022-2023', 2.16, 2.83, 5.4, 16, 13, 142, 'Trung bình', 95, 3),
    ('KQ249', 'HV015', '631537', 'Nguyễn Kim Quân', 'HK007', 'Học kỳ 1 Năm học 2023-2024', 2.2, 3.69, 5.5, 24, 0, 111, 'Trung bình', 97, 2),
    ('KQ250', 'HV025', '669836', 'Ngô Tuấn Yến', 'HK004', 'Học kỳ 1 Năm học 2022-2023', 3.6, 1.77, 9.0, 17, 17, 74, 'Xuất sắc', 98, 3),
    ('KQ251', 'HV050', '658318', 'Phạm Văn Minh', 'HK013', 'Học kỳ 1 Năm học 2025-2026', 2.01, 2.5, 5.0, 11, 8, 70, 'Trung bình', 90, 0),
    ('KQ252', 'HV026', '658439', 'Vũ Hữu Bình', 'HK015', 'Học kỳ hè Năm học 2025-2026', 2.72, 4.0, 6.8, 10, 6, 36, 'Khá', 71, 2),
    ('KQ253', 'HV024', '641915', 'Phạm Phương Xuân', 'HK015', 'Học kỳ hè Năm học 2025-2026', 3.74, 3.11, 9.4, 12, 4, 57, 'Xuất sắc', 63, 3),
    ('KQ254', 'HV013', '642525', 'Nguyễn Minh Quân', 'HK010', 'Học kỳ 1 Năm học 2024-2025', 2.77, 2.43, 6.9, 12, 6, 58, 'Khá', 69, 3),
    ('KQ255', 'HV049', '638542', 'Hồ Hữu Giang', 'HK004', 'Học kỳ 1 Năm học 2022-2023', 2.69, 3.02, 6.7, 21, 12, 91, 'Khá', 76, 0),
    ('KQ256', 'HV035', '656508', 'Lê Hải Phương', 'HK010', 'Học kỳ 1 Năm học 2024-2025', 3.72, 4.0, 9.3, 14, 2, 105, 'Xuất sắc', 63, 0),
    ('KQ257', 'HV040', '633301', 'Vũ Thị Phương', 'HK001', 'Học kỳ 1 Năm học 2021-2022', 3.4, 3.37, 8.5, 20, 0, 88, 'Giỏi', 69, 0),
    ('KQ258', 'HV021', '655647', 'Nguyễn Quang Em', 'HK004', 'Học kỳ 1 Năm học 2022-2023', 2.67, 2.16, 6.7, 20, 3, 79, 'Khá', 97, 2),
    ('KQ259', 'HV038', '645515', 'Ngô Tuấn Em', 'HK002', 'Học kỳ 2 Năm học 2021-2022', 4.0, 2.48, 10.0, 16, 4, 116, 'Xuất sắc', 77, 1),
    ('KQ260', 'HV015', '631537', 'Nguyễn Kim Quân', 'HK015', 'Học kỳ hè Năm học 2025-2026', 1.84, 3.69, 4.6, 11, 3, 111, 'Yếu', 97, 3),
    ('KQ261', 'HV048', '671744', 'Đặng Quang Chiến', 'HK008', 'Học kỳ 2 Năm học 2023-2024', 2.32, 1.54, 5.8, 10, 1, 43, 'Trung bình', 96, 3),
    ('KQ262', 'HV014', '658860', 'Bùi Kim Linh', 'HK003', 'Học kỳ hè Năm học 2021-2022', 2.7, 3.02, 6.8, 23, 9, 76, 'Khá', 63, 2),
    ('KQ263', 'HV005', '678070', 'Nguyễn Hải Hương', 'HK001', 'Học kỳ 1 Năm học 2021-2022', 3.04, 2.68, 7.6, 22, 11, 31, 'Khá', 50, 3),
    ('KQ264', 'HV035', '656508', 'Lê Hải Phương', 'HK002', 'Học kỳ 2 Năm học 2021-2022', 1.46, 4.0, 3.6, 18, 16, 105, 'Yếu', 94, 1),
    ('KQ265', 'HV043', '676656', 'Hoàng Tuấn Phúc', 'HK004', 'Học kỳ 1 Năm học 2022-2023', 2.05, 2.93, 5.1, 24, 15, 146, 'Trung bình', 87, 2),
    ('KQ266', 'HV030', '632151', 'Bùi Bảo Xuân', 'HK013', 'Học kỳ 1 Năm học 2025-2026', 2.16, 2.74, 5.4, 22, 0, 143, 'Trung bình', 62, 0),
    ('KQ267', 'HV040', '633301', 'Vũ Thị Phương', 'HK005', 'Học kỳ 2 Năm học 2022-2023', 3.43, 3.37, 8.6, 17, 14, 88, 'Giỏi', 80, 2),
    ('KQ268', 'HV001', '676156', 'Lê Kim Dũng', 'HK007', 'Học kỳ 1 Năm học 2023-2024', 1.7, 3.22, 4.2, 14, 11, 45, 'Yếu', 80, 2),
    ('KQ269', 'HV006', '652106', 'Đỗ Thanh Yến', 'HK005', 'Học kỳ 2 Năm học 2022-2023', 2.29, 2.61, 5.7, 12, 12, 47, 'Trung bình', 94, 2),
    ('KQ270', 'HV044', '674328', 'Dương Thị Tùng', 'HK015', 'Học kỳ hè Năm học 2025-2026', 1.48, 3.83, 3.7, 25, 7, 66, 'Yếu', 91, 3),
    ('KQ271', 'HV045', '633511', 'Bùi Ngọc Xuân', 'HK009', 'Học kỳ hè Năm học 2023-2024', 2.64, 1.78, 6.6, 16, 4, 40, 'Khá', 52, 2),
    ('KQ272', 'HV023', '678860', 'Bùi Quang Nguyệt', 'HK001', 'Học kỳ 1 Năm học 2021-2022', 1.18, 3.05, 2.9, 19, 14, 150, 'Yếu', 98, 2),
    ('KQ273', 'HV028', '667779', 'Trần Thanh Hạnh', 'HK014', 'Học kỳ 2 Năm học 2025-2026', 3.12, 2.98, 7.8, 20, 13, 110, 'Khá', 65, 0),
    ('KQ274', 'HV035', '656508', 'Lê Hải Phương', 'HK014', 'Học kỳ 2 Năm học 2025-2026', 2.13, 4.0, 5.3, 16, 13, 105, 'Trung bình', 94, 0),
    ('KQ275', 'HV027', '657798', 'Lê Thị Việt', 'HK002', 'Học kỳ 2 Năm học 2021-2022', 3.98, 3.3, 9.9, 15, 9, 61, 'Xuất sắc', 90, 0),
    ('KQ276', 'HV037', '665362', 'Dương Đức Hương', 'HK008', 'Học kỳ 2 Năm học 2023-2024', 3.6, 3.8, 9.0, 11, 10, 135, 'Xuất sắc', 56, 1),
    ('KQ277', 'HV009', '643611', 'Vũ Phương Hoa', 'HK008', 'Học kỳ 2 Năm học 2023-2024', 2.59, 2.45, 6.5, 16, 10, 59, 'Khá', 68, 3),
    ('KQ278', 'HV032', '675421', 'Trần Văn Hương', 'HK014', 'Học kỳ 2 Năm học 2025-2026', 2.77, 1.73, 6.9, 23, 21, 43, 'Khá', 50, 0),
    ('KQ279', 'HV033', '643785', 'Vũ Hữu Hương', 'HK014', 'Học kỳ 2 Năm học 2025-2026', 3.29, 2.75, 8.2, 21, 20, 76, 'Giỏi', 57, 3),
    ('KQ280', 'HV009', '643611', 'Vũ Phương Hoa', 'HK004', 'Học kỳ 1 Năm học 2022-2023', 1.45, 2.45, 3.6, 16, 14, 59, 'Yếu', 90, 3),
    ('KQ281', 'HV033', '643785', 'Vũ Hữu Hương', 'HK006', 'Học kỳ hè Năm học 2022-2023', 2.47, 2.75, 6.2, 23, 19, 76, 'Trung bình', 81, 2),
    ('KQ282', 'HV040', '633301', 'Vũ Thị Phương', 'HK015', 'Học kỳ hè Năm học 2025-2026', 3.8, 3.37, 9.5, 17, 7, 88, 'Xuất sắc', 51, 0),
    ('KQ283', 'HV039', '665288', 'Phạm Bảo Sơn', 'HK014', 'Học kỳ 2 Năm học 2025-2026', 2.58, 2.15, 6.5, 11, 0, 48, 'Khá', 58, 2),
    ('KQ284', 'HV022', '675392', 'Ngô Quang Phương', 'HK015', 'Học kỳ hè Năm học 2025-2026', 1.86, 2.96, 4.7, 12, 6, 53, 'Yếu', 56, 3),
    ('KQ285', 'HV044', '674328', 'Dương Thị Tùng', 'HK014', 'Học kỳ 2 Năm học 2025-2026', 3.03, 3.83, 7.6, 19, 10, 66, 'Khá', 73, 3),
    ('KQ286', 'HV028', '667779', 'Trần Thanh Hạnh', 'HK002', 'Học kỳ 2 Năm học 2021-2022', 4.0, 2.98, 10.0, 22, 2, 110, 'Xuất sắc', 90, 0),
    ('KQ287', 'HV016', '642135', 'Lý Minh Xuân', 'HK014', 'Học kỳ 2 Năm học 2025-2026', 2.1, 3.45, 5.2, 12, 4, 45, 'Trung bình', 82, 0),
    ('KQ288', 'HV048', '671744', 'Đặng Quang Chiến', 'HK003', 'Học kỳ hè Năm học 2021-2022', 1.7, 1.54, 4.2, 22, 3, 43, 'Yếu', 54, 1),
    ('KQ289', 'HV014', '658860', 'Bùi Kim Linh', 'HK011', 'Học kỳ 2 Năm học 2024-2025', 3.1, 3.02, 7.8, 15, 4, 76, 'Khá', 91, 1),
    ('KQ290', 'HV006', '652106', 'Đỗ Thanh Yến', 'HK004', 'Học kỳ 1 Năm học 2022-2023', 2.58, 2.61, 6.5, 23, 22, 47, 'Khá', 89, 2),
    ('KQ291', 'HV029', '641724', 'Lý Quang Giang', 'HK014', 'Học kỳ 2 Năm học 2025-2026', 2.74, 1.59, 6.9, 21, 1, 119, 'Khá', 72, 3),
    ('KQ292', 'HV036', '638647', 'Lý Thị Tùng', 'HK008', 'Học kỳ 2 Năm học 2023-2024', 2.54, 2.83, 6.3, 16, 5, 142, 'Khá', 83, 0),
    ('KQ293', 'HV039', '665288', 'Phạm Bảo Sơn', 'HK010', 'Học kỳ 1 Năm học 2024-2025', 2.4, 2.15, 6.0, 10, 10, 48, 'Trung bình', 93, 2),
    ('KQ294', 'HV008', '645479', 'Trần Thanh Sơn', 'HK002', 'Học kỳ 2 Năm học 2021-2022', 2.66, 2.82, 6.7, 13, 8, 45, 'Khá', 99, 2),
    ('KQ295', 'HV013', '642525', 'Nguyễn Minh Quân', 'HK001', 'Học kỳ 1 Năm học 2021-2022', 2.37, 2.43, 5.9, 18, 6, 58, 'Trung bình', 50, 3),
    ('KQ296', 'HV011', '674738', 'Lý Minh Linh', 'HK005', 'Học kỳ 2 Năm học 2022-2023', 3.13, 2.43, 7.8, 17, 14, 135, 'Khá', 94, 1),
    ('KQ297', 'HV020', '647942', 'Dương Phương Giang', 'HK013', 'Học kỳ 1 Năm học 2025-2026', 3.53, 3.28, 8.8, 15, 6, 83, 'Giỏi', 51, 1),
    ('KQ298', 'HV016', '642135', 'Lý Minh Xuân', 'HK005', 'Học kỳ 2 Năm học 2022-2023', 3.43, 3.45, 8.6, 24, 3, 45, 'Giỏi', 62, 3),
    ('KQ299', 'HV019', '653162', 'Phạm Văn Hạnh', 'HK001', 'Học kỳ 1 Năm học 2021-2022', 2.7, 3.2, 6.8, 19, 13, 84, 'Khá', 62, 0),
    ('KQ300', 'HV009', '643611', 'Vũ Phương Hoa', 'HK001', 'Học kỳ 1 Năm học 2021-2022', 1.01, 2.45, 2.5, 14, 4, 59, 'Yếu', 50, 2);

SET session_replication_role = 'origin';
ANALYZE;
