-- ============================================
-- SEED DATA FOR PM2 POSTGRESQL DATABASE
-- Includes Training Module + Khao Thi Module
-- Generated by generate_seed.py using Faker vi_VN
-- Generated at: 2026-06-15 12:06:58.201588
-- ============================================

SET session_replication_role = 'replica';

-- ============================================
-- CORE ENTITY SEED
-- ============================================

INSERT INTO hoc_vien (id, ma_hv, ho_ten, ngay_sinh, noi_sinh, que_quan, email, so_dien_thoai, ma_lop, ten_chuyen_nganh, ten_nganh, ten_khoa_dao_tao, trang_thai, gpa_he4, gpa_he10, so_tin_chi_tich_luy, muc_canh_bao, active) VALUES
    ('HV001', '666106', 'Dương Hải Giang', '1995-04-03', 'Lạng Sơn', '215 Đường Trần Hưng Đạo, Cô Giang, Bắc Từ Liêm, Lạng Sơn', 'duonghaigiang@viettel.com.vn', '+84 50 3860397', 'K64A', 'TCNH', 'TCNH', 'K66', 'thoi_hoc', 3.87, 9.7, 126, 0, FALSE),
    ('HV002', '637868', 'Lê Thanh Tùng', '2004-06-07', 'Hòa Bình', '229 Đường Hoàng Quốc Việt, Bến Thành, Ba Đình, Hòa Bình', 'lethanhtung@gmail.com', '08 0650858', 'K64A', 'KTPM', 'KTPM', 'K63', 'tot_nghiep', 1.61, 4.0, 107, 0, TRUE),
    ('HV003', '674688', 'Bùi Phương Việt', '1999-05-08', 'Cà Mau', '751 Đường Trần Hưng Đạo, Phương Mai, Quận 7, Cà Mau', 'buiphuongviet@fpt.vn', '+84-23-916 1220', 'K63B', 'CNTT', 'CNTT', 'K67', 'tot_nghiep', 2.69, 6.7, 135, 0, TRUE),
    ('HV004', '649110', 'Lý Ngọc Chiến', '2000-10-02', 'Tuyên Quang', '939 Đường Phạm Văn Đồng, Giảng Võ, Quận 10, Tuyên Quang', 'lyngocchien@tlu.edu.vn', '04 7257 6795', 'K64C', 'ATTT', 'ATTT', 'K64', 'dang_hoc', 2.85, 7.1, 136, 0, TRUE),
    ('HV005', '679278', 'Bùi Ngọc Việt', '1997-09-21', 'An Giang', '979 Đường Trần Hưng Đạo, Thành Công, Thủ Đức, An Giang', 'buingocviet@gmail.com', '+84 11 5628106', 'K63A', 'TTĐPT', 'TTĐPT', 'K67', 'dang_hoc', 3.54, 8.8, 114, 0, TRUE),
    ('HV006', '648067', 'Đặng Văn Linh', '1995-06-12', 'Ninh Bình', '218 Đường Lê Lợi, Phương Mai, Lê Chân, Ninh Bình', 'dangvanlinh@gmail.com', '(04)315-8923', 'K66A', 'KTPM', 'KTPM', 'K64', 'tot_nghiep', 3.96, 9.9, 120, 0, TRUE),
    ('HV007', '678302', 'Dương Minh Sơn', '2004-09-09', 'Kon Tum', '549 Đường Võ Nguyên Giáp, Hàng Trống, Quận 3, Kon Tum', 'duongminhson@fpt.vn', '+84-16-194682', 'K67A', 'ATTT', 'ATTT', 'K67', 'thoi_hoc', 2.96, 7.4, 52, 0, FALSE),
    ('HV008', '656213', 'Ngô Đức Yến', '1998-12-05', 'Gia Lai', '408 Đường Phạm Văn Đồng, Bến Nghé, Long Biên, Gia Lai', 'ngoducyen@fpt.vn', '+84 81 3689679', 'K65C', 'HTTT', 'HTTT', 'K65', 'thoi_hoc', 0.91, 2.3, 59, 1, FALSE),
    ('HV009', '649863', 'Lý Hải Phương', '1997-12-09', 'Thái Nguyên', '199 Đường Trường Chinh, Bến Thành, Cái Răng, Thái Nguyên', 'lyhaiphuong@gmail.com', '(03)844-9571', 'K64B', 'ĐTVT', 'ĐTVT', 'K64', 'tot_nghiep', 3.05, 7.6, 78, 0, TRUE),
    ('HV010', '663199', 'Ngô Đức Linh', '2001-11-18', 'Quảng Ngãi', '705 Đường Hoàng Quốc Việt, Bến Nghé, Quận 11, Quảng Ngãi', 'ngoduclinh@gmail.com', '04 5883353', 'K65C', 'KT', 'KT', 'K66', 'dang_hoc', 1.79, 4.5, 58, 0, TRUE),
    ('HV011', '657145', 'Bùi Kim Linh', '2002-03-02', 'Yên Bái', '374 Đường Nguyễn Trãi, Phúc Xá, Liên Chiểu, Yên Bái', 'buikimlinh@gmail.com', '(07)944-3780', 'K67A', 'KHMT', 'KHMT', 'K65', 'tot_nghiep', 2.32, 5.8, 122, 0, TRUE),
    ('HV012', '671537', 'Lê Thị Sơn', '1999-04-17', 'Sơn La', '593 Đường Phạm Văn Đồng, Đa Kao, Cầu Giấy, Sơn La', 'lethison@yahoo.com', '03 4682548', 'K66B', 'TTĐPT', 'TTĐPT', 'K67', 'dang_hoc', 2.16, 5.4, 138, 0, TRUE),
    ('HV013', '643135', 'Đỗ Đức Sơn', '1997-04-13', 'Nam Định', '608 Đường Phạm Văn Đồng, Nhân Chính, Long Biên, Nam Định', 'doducson@viettel.com.vn', '(01)837-9443', 'K67A', 'KHMT', 'KHMT', 'K64', 'dang_hoc', 2.46, 6.2, 105, 0, TRUE),
    ('HV014', '672765', 'Ngô Thị Hương', '2003-10-27', 'Thái Nguyên', '828 Đường Võ Nguyên Giáp, Lý Thái Tổ, Ô Môn, Thái Nguyên', 'ngothihuong@tlu.edu.vn', '04 2750961', 'K64C', 'KHMT', 'KHMT', 'K67', 'thoi_hoc', 1.34, 3.4, 82, 2, FALSE),
    ('HV015', '674571', 'Ngô Tuấn Nguyệt', '1997-04-11', 'Hưng Yên', '519 Đường Phạm Văn Đồng, Khương Thượng, Quận 8, Hưng Yên', 'ngotuannguyet@fpt.vn', '+84 69 5319404', 'K63C', 'KHMT', 'KHMT', 'K67', 'dang_hoc', 3.44, 8.6, 119, 0, TRUE),
    ('HV016', '642794', 'Đặng Tuấn Yến', '2003-11-09', 'Quảng Bình', '259 Đường Nguyễn Trãi, Bến Thành, Ô Môn, Quảng Bình', 'dangtuanyen@viettel.com.vn', '(06) 2374 1711', 'K65C', 'ATTT', 'ATTT', 'K64', 'dang_hoc', 2.88, 7.2, 83, 0, TRUE),
    ('HV017', '655647', 'Nguyễn Quang Em', '2005-02-02', 'Bắc Kạn', '566 Đường Nguyễn Trãi, Khương Thượng, Hải Châu, Bắc Kạn', 'nguyenquangem@tlu.edu.vn', '02 6913 9324', 'K65A', 'TTĐPT', 'TTĐPT', 'K65', 'thoi_hoc', 2.16, 5.4, 113, 0, FALSE),
    ('HV018', '675392', 'Bùi Bảo Phương', '1997-05-05', 'Đồng Nai', '755 Đường Hoàng Quốc Việt, Phúc Xá, Cầu Giấy, Đồng Nai', 'buibaophuong@tlu.edu.vn', '(06)125-6558', 'K63C', 'KTCK', 'KTCK', 'K67', 'tot_nghiep', 2.96, 7.4, 86, 0, TRUE),
    ('HV019', '638860', 'Bùi Thanh Hạnh', '1999-01-05', 'Điện Biên', '84 Đường Lê Lợi, Đa Kao, Bình Thủy, Điện Biên', 'buithanhhanh@viettel.com.vn', '+84 94 6294284', 'K64A', 'ATTT', 'ATTT', 'K63', 'tot_nghiep', 2.72, 6.8, 97, 0, TRUE),
    ('HV020', '654457', 'Đỗ Bảo Hương', '1998-09-16', 'Quảng Ngãi', '594 Đường Nguyễn Trãi, Liễu Giai, Ngũ Hành Sơn, Quảng Ngãi', 'dobaohuong@fpt.vn', '+84-26-832234', 'K65B', 'KT', 'KT', 'K65', 'thoi_hoc', 1.96, 4.9, 121, 0, FALSE),
    ('HV021', '656727', 'Phạm Minh Nguyệt', '1995-06-04', 'Ninh Thuận', '155 Đường Nguyễn Trãi, Cống Vị, Gò Vấp, Ninh Thuận', 'phamminhnguyet@gmail.com', '+84-91-686 0724', 'K66A', 'TTĐPT', 'TTĐPT', 'K65', 'thoi_hoc', 3.88, 9.7, 70, 0, FALSE),
    ('HV022', '648919', 'Lý Thanh Giang', '2001-02-11', 'Quảng Ninh', '164 Đường Lê Lợi, Phương Liên, Đống Đa, Quảng Ninh', 'lythanhgiang@yahoo.com', '05 4797804', 'K65A', 'HTTT', 'HTTT', 'K64', 'tot_nghiep', 3.07, 7.7, 36, 0, TRUE),
    ('HV023', '646366', 'Đặng Đức Em', '1998-03-09', 'Khánh Hòa', '875 Đường Trường Chinh, Vĩnh Phúc, Long Biên, Khánh Hòa', 'dangducem@gmail.com', '07 5875218', 'K66C', 'TTĐPT', 'TTĐPT', 'K64', 'tot_nghiep', 3.55, 8.9, 116, 0, TRUE),
    ('HV024', '669113', 'Hồ Hải Xuân', '2004-05-19', 'Đồng Nai', '696 Đường Võ Nguyên Giáp, Lý Thái Tổ, Long Biên, Đồng Nai', 'hohaixuan@viettel.com.vn', '03 2775 9021', 'K65B', 'KTCK', 'KTCK', 'K66', 'dang_hoc', 2.86, 7.1, 87, 0, TRUE),
    ('HV025', '662151', 'Dương Đức Bình', '2002-03-13', 'Bắc Giang', '549 Đường Nguyễn Văn Linh, Thành Công, Dương Kinh, Bắc Giang', 'duongducbinh@yahoo.com', '+84 41 1773883', 'K67C', 'KT', 'KT', 'K66', 'dang_hoc', 3.62, 9.1, 131, 0, TRUE),
    ('HV026', '661303', 'Bùi Kim Hoa', '2005-11-05', 'An Giang', '264 Đường Lê Lợi, Láng Hạ, Sơn Trà, An Giang', 'buikimhoa@tlu.edu.vn', '+84-58-474 9038', 'K67B', 'HTTT', 'HTTT', 'K66', 'thoi_hoc', 0.97, 2.4, 97, 3, FALSE),
    ('HV027', '649454', 'Lê Hải Em', '2003-01-24', 'Quảng Ninh', '235 Đường Lê Duẩn, Giảng Võ, Quận 1, Quảng Ninh', 'lehaiem@yahoo.com', '+84-34-545 0298', 'K67A', 'CNTT', 'CNTT', 'K64', 'dang_hoc', 3.0, 7.5, 39, 0, TRUE),
    ('HV028', '655141', 'Lê Văn Linh', '2004-03-05', 'Hưng Yên', '111 Đường Nguyễn Văn Linh, Thành Công, Ngô Quyền, Hưng Yên', 'levanlinh@gmail.com', '05 5205 0955', 'K67A', 'KTPM', 'KTPM', 'K65', 'thoi_hoc', 2.2, 5.5, 133, 0, FALSE),
    ('HV029', '665364', 'Hồ Phương Yến', '1998-05-01', 'Sơn La', '889 Đường Nguyễn Văn Linh, Bến Thành, Nam Từ Liêm, Sơn La', 'hophuongyen@fpt.vn', '(04) 7802 1746', 'K63A', 'KTCK', 'KTCK', 'K66', 'dang_hoc', 2.37, 5.9, 88, 0, TRUE),
    ('HV030', '638533', 'Phạm Thanh Tùng', '1995-12-01', 'Trà Vinh', '798 Đường Lê Lợi, Giảng Võ, Cầu Giấy, Trà Vinh', 'phamthanhtung@gmail.com', '03 2250756', 'K67A', 'ATTT', 'ATTT', 'K63', 'dang_hoc', 2.39, 6.0, 122, 0, TRUE),
    ('HV031', '632283', 'Trần Đức Anh', '1999-03-20', 'Tây Ninh', '849 Đường Võ Nguyên Giáp, Trúc Bạch, Quận 5, Tây Ninh', 'tranducanh@viettel.com.vn', '+84 59 7509867', 'K67A', 'ATTT', 'ATTT', 'K63', 'thoi_hoc', 2.42, 6.0, 97, 0, FALSE),
    ('HV032', '653109', 'Lý Ngọc Xuân', '1998-06-12', 'Hà Nam', '492 Đường Nguyễn Trãi, Thành Công, Quận 3, Hà Nam', 'lyngocxuan@yahoo.com', '(01) 8676 7730', 'K65A', 'ATTT', 'ATTT', 'K65', 'dang_hoc', 2.4, 6.0, 116, 0, TRUE),
    ('HV033', '665288', 'Phạm Bảo Sơn', '2002-08-21', 'Lai Châu', '277 Đường Hoàng Quốc Việt, Bến Nghé, Long Biên, Lai Châu', 'phambaoson@fpt.vn', '(08)141-5851', 'K63C', 'ATTT', 'ATTT', 'K66', 'thoi_hoc', 2.15, 5.4, 71, 0, FALSE),
    ('HV034', '633301', 'Trần Bảo Phương', '2000-07-26', 'Nghệ An', '129 Đường Hoàng Quốc Việt, Hàng Trống, Hải An, Nghệ An', 'tranbaophuong@viettel.com.vn', '(07)997-4668', 'K63B', 'TTĐPT', 'TTĐPT', 'K63', 'tot_nghiep', 3.37, 8.4, 107, 0, TRUE),
    ('HV035', '674894', 'Hồ Ngọc Tùng', '2005-11-24', 'Phú Yên', '863 Đường Hoàng Quốc Việt, Giảng Võ, Lê Chân, Phú Yên', 'hongoctung@tlu.edu.vn', '01 0386 2230', 'K64A', 'TCNH', 'TCNH', 'K67', 'tot_nghiep', 2.08, 5.2, 108, 0, TRUE),
    ('HV036', '675486', 'Lý Ngọc Anh', '1995-04-07', 'Đà Nẵng', '313 Đường Trần Hưng Đạo, Phương Liên, Tân Bình, Đà Nẵng', 'lyngocanh@tlu.edu.vn', '00 1523 3841', 'K64A', 'KTCK', 'KTCK', 'K67', 'thoi_hoc', 3.26, 8.1, 102, 0, FALSE),
    ('HV037', '666520', 'Ngô Bảo Hoa', '1997-08-22', 'Bà Rịa - Vũng Tàu', '903 Đường Phạm Văn Đồng, Nhân Chính, Bình Thủy, Bà Rịa - Vũng Tàu', 'ngobaohoa@gmail.com', '(00)451-8582', 'K66A', 'KTCK', 'KTCK', 'K66', 'dang_hoc', 1.82, 4.5, 55, 0, TRUE),
    ('HV038', '657859', 'Dương Quang Giang', '1996-11-02', 'Hà Nam', '495 Đường Hoàng Quốc Việt, Phương Liên, Thanh Xuân, Hà Nam', 'duongquanggiang@yahoo.com', '04 0988 6793', 'K64B', 'KTCK', 'KTCK', 'K65', 'tot_nghiep', 4.0, 10.0, 94, 0, TRUE),
    ('HV039', '643683', 'Dương Thanh Chiến', '1995-08-13', 'Bạc Liêu', '509 Đường Lê Duẩn, Hàng Bạc, Hải An, Bạc Liêu', 'duongthanhchien@tlu.edu.vn', '+84-25-480 7357', 'K63B', 'KHMT', 'KHMT', 'K64', 'thoi_hoc', 4.0, 10.0, 62, 0, FALSE),
    ('HV040', '654048', 'Đặng Hữu Yến', '1995-12-27', 'Hậu Giang', '350 Đường Trường Chinh, Giảng Võ, Bình Thủy, Hậu Giang', 'danghuuyen@viettel.com.vn', '(03) 5191 7113', 'K64A', 'HTTT', 'HTTT', 'K65', 'thoi_hoc', 3.85, 9.6, 127, 0, FALSE),
    ('HV041', '673296', 'Đặng Quang Chiến', '1995-01-18', 'Vĩnh Phúc', '990 Đường Lê Lợi, Trúc Bạch, Hai Bà Trưng, Vĩnh Phúc', 'dangquangchien@tlu.edu.vn', '(01)273-3376', 'K67C', 'CNTT', 'CNTT', 'K67', 'thoi_hoc', 3.44, 8.6, 40, 0, FALSE),
    ('HV042', '638542', 'Lý Hữu Dũng', '2005-07-30', 'Tiền Giang', '238 Đường Hoàng Quốc Việt, Cầu Kho, Hoàng Mai, Tiền Giang', 'lyhuudung@tlu.edu.vn', '+84-16-868423', 'K65B', 'TTĐPT', 'TTĐPT', 'K63', 'dang_hoc', 2.96, 7.4, 55, 0, TRUE),
    ('HV043', '666202', 'Nguyễn Minh Phương', '2001-02-21', 'Sơn La', '458 Đường Nguyễn Văn Linh, Phương Liên, Ô Môn, Sơn La', 'nguyenminhphuong@viettel.com.vn', '+84-32-702 4636', 'K65C', 'HTTT', 'HTTT', 'K66', 'thoi_hoc', 4.0, 10.0, 55, 0, FALSE),
    ('HV044', '659654', 'Bùi Hữu Chiến', '2001-10-14', 'Yên Bái', '230 Đường Nguyễn Văn Linh, Bến Thành, Cái Răng, Yên Bái', 'buihuuchien@tlu.edu.vn', '(02)667-9148', 'K65A', 'KTPM', 'KTPM', 'K65', 'dang_hoc', 3.08, 7.7, 51, 0, TRUE),
    ('HV045', '649143', 'Vũ Hải Giang', '1999-06-15', 'Bình Định', '113 Đường Lê Duẩn, Tân Định, Hoàn Kiếm, Bình Định', 'vuhaigiang@yahoo.com', '+84-25-151571', 'K66B', 'ĐTVT', 'ĐTVT', 'K64', 'dang_hoc', 2.65, 6.6, 116, 0, TRUE),
    ('HV046', '631135', 'Đặng Đức Bình', '2004-11-16', 'Lâm Đồng', '634 Đường Lê Duẩn, Cầu Kho, Quận 11, Lâm Đồng', 'dangducbinh@fpt.vn', '(02) 8271 9967', 'K64A', 'HTTT', 'HTTT', 'K63', 'dang_hoc', 2.53, 6.3, 40, 0, TRUE),
    ('HV047', '657727', 'Đỗ Đức Việt', '2004-08-07', 'Yên Bái', '39 Đường Trường Chinh, Hàng Bạc, Ngô Quyền, Yên Bái', 'doducviet@yahoo.com', '+84-67-759598', 'K65A', 'KTCK', 'KTCK', 'K65', 'thoi_hoc', 0.0, 0.0, 80, 0, FALSE),
    ('HV048', '677042', 'Trần Hữu Nguyệt', '1999-01-16', 'Hậu Giang', '102 Đường Hoàng Quốc Việt, Bến Thành, Kiến An, Hậu Giang', 'tranhuunguyet@viettel.com.vn', '(02)396-0878', 'K64A', 'HTTT', 'HTTT', 'K67', 'dang_hoc', 2.49, 6.2, 32, 0, TRUE),
    ('HV049', '664675', 'Đặng Bảo Phúc', '2001-03-26', 'Vĩnh Long', '955 Đường Lê Lợi, Cô Giang, Tân Bình, Vĩnh Long', 'dangbaophuc@tlu.edu.vn', '+84 42 9433996', 'K66B', 'TTĐPT', 'TTĐPT', 'K66', 'dang_hoc', 3.31, 8.3, 148, 0, TRUE),
    ('HV050', '651232', 'Dương Minh Em', '2005-09-02', 'Đắk Lắk', '367 Đường Nguyễn Trãi, Thành Công, Thủ Đức, Đắk Lắk', 'duongminhem@yahoo.com', '(07)581-7845', 'K63A', 'CNTT', 'CNTT', 'K65', 'tot_nghiep', 3.4, 8.5, 92, 0, TRUE);

INSERT INTO mon_hoc (id, ma_mon, ten_mon, so_tin_chi, so_tiet, don_vi_ql_id, ten_don_vi_ql, active) VALUES
    ('MH001', 'IT101', 'Nhập môn Công nghệ thông tin', 3, 45, 'DV001', 'Khoa Công nghệ thông tin', TRUE),
    ('MH002', 'IT102', 'Lập trình cơ bản', 4, 60, 'DV001', 'Khoa Công nghệ thông tin', TRUE),
    ('MH003', 'IT201', 'Cấu trúc dữ liệu và giải thuật', 4, 60, 'DV001', 'Khoa Công nghệ thông tin', TRUE),
    ('MH004', 'IT202', 'Cơ sở dữ liệu', 3, 45, 'DV001', 'Khoa Công nghệ thông tin', TRUE),
    ('MH005', 'IT203', 'Mạng máy tính', 3, 45, 'DV001', 'Khoa Công nghệ thông tin', TRUE),
    ('MH006', 'IT301', 'Phát triển ứng dụng Web', 3, 45, 'DV001', 'Khoa Công nghệ thông tin', TRUE),
    ('MH007', 'IT302', 'Trí tuệ nhân tạo', 3, 45, 'DV001', 'Khoa Công nghệ thông tin', TRUE),
    ('MH008', 'IT303', 'Học máy', 3, 45, 'DV001', 'Khoa Công nghệ thông tin', TRUE),
    ('MH009', 'IT304', 'An toàn và bảo mật thông tin', 3, 45, 'DV001', 'Khoa Công nghệ thông tin', TRUE),
    ('MH010', 'KT101', 'Kinh tế vi mô', 3, 45, 'DV004', 'Khoa Kinh tế', TRUE),
    ('MH011', 'KT102', 'Kinh tế vĩ mô', 3, 45, 'DV004', 'Khoa Kinh tế', TRUE),
    ('MH012', 'KT201', 'Nguyên lý kế toán', 4, 60, 'DV004', 'Khoa Kinh tế', TRUE),
    ('MH013', 'KT202', 'Tài chính doanh nghiệp', 3, 45, 'DV004', 'Khoa Kinh tế', TRUE),
    ('MH014', 'KT301', 'Kinh tế lượng', 3, 45, 'DV004', 'Khoa Kinh tế', TRUE),
    ('MH015', 'NN101', 'Tiếng Anh cơ bản', 4, 60, 'DV005', 'Khoa Ngoại ngữ', TRUE),
    ('MH016', 'NN102', 'Tiếng Anh học thuật', 3, 45, 'DV005', 'Khoa Ngoại ngữ', TRUE),
    ('MH017', 'NN201', 'Tiếng Anh chuyên ngành', 3, 45, 'DV005', 'Khoa Ngoại ngữ', TRUE),
    ('MH018', 'NN202', 'Tiếng Trung cơ bản', 4, 60, 'DV005', 'Khoa Ngoại ngữ', TRUE),
    ('MH019', 'QS101', 'Giáo dục Quốc phòng', 2, 30, 'DV006', 'Khoa Quân sự', TRUE),
    ('MH020', 'QS102', 'Điều lệnh Quân đội', 2, 30, 'DV006', 'Khoa Quân sự', TRUE),
    ('MH021', 'QS201', 'Chiến thuật bộ binh', 3, 45, 'DV006', 'Khoa Quân sự', TRUE),
    ('MH022', 'QS202', 'Kỹ thuật quân sự', 3, 45, 'DV006', 'Khoa Quân sự', TRUE),
    ('MH023', 'MATH631', 'Ameliorated regional customer loyalty', 2, 49, 'DV012', 'Bộ môn Tin học cơ bản', TRUE),
    ('MH024', 'CHEM285', 'User-friendly methodical database', 4, 57, 'DV013', 'Bộ môn Công nghệ phần mềm', TRUE),
    ('MH025', 'CS200', 'Stand-alone executive intranet', 2, 33, 'DV012', 'Bộ môn Tin học cơ bản', TRUE),
    ('MH026', 'CS923', 'Optimized multimedia artificial intelligence', 4, 57, 'DV015', 'Bộ môn Kế toán', TRUE),
    ('MH027', 'PHY923', 'Digitized mission-critical projection', 3, 49, 'DV014', 'Bộ môn Viễn thông', TRUE),
    ('MH028', 'CS651', 'Realigned intangible framework', 2, 37, 'DV012', 'Bộ môn Tin học cơ bản', TRUE),
    ('MH029', 'CS157', 'Future-proofed motivating success', 2, 40, 'DV015', 'Bộ môn Kế toán', TRUE),
    ('MH030', 'CS133', 'Mandatory zero tolerance array', 3, 38, 'DV012', 'Bộ môn Tin học cơ bản', TRUE),
    ('MH031', 'CS922', 'Distributed content-based artificial intelligence', 4, 56, 'DV012', 'Bộ môn Tin học cơ bản', TRUE),
    ('MH032', 'CS591', 'Quality-focused responsive neural-net', 3, 44, 'DV015', 'Bộ môn Kế toán', TRUE),
    ('MH033', 'CHEM492', 'Automated optimizing software', 4, 34, 'DV012', 'Bộ môn Tin học cơ bản', TRUE),
    ('MH034', 'CHEM280', 'Proactive systematic data-warehouse', 3, 50, 'DV013', 'Bộ môn Công nghệ phần mềm', TRUE),
    ('MH035', 'MATH316', 'Stand-alone value-added complexity', 2, 39, 'DV013', 'Bộ môn Công nghệ phần mềm', TRUE),
    ('MH036', 'CHEM838', 'Diverse attitude-oriented extranet', 2, 57, 'DV014', 'Bộ môn Viễn thông', TRUE),
    ('MH037', 'PHY856', 'Open-architected coherent system engine', 2, 58, 'DV015', 'Bộ môn Kế toán', TRUE),
    ('MH038', 'CS970', 'Public-key fresh-thinking function', 2, 60, 'DV015', 'Bộ môn Kế toán', TRUE),
    ('MH039', 'PHY983', 'Up-sized fresh-thinking protocol', 2, 41, 'DV014', 'Bộ môn Viễn thông', TRUE),
    ('MH040', 'CHEM131', 'Triple-buffered global matrix', 2, 39, 'DV013', 'Bộ môn Công nghệ phần mềm', TRUE),
    ('MH041', 'CHEM375', 'Enterprise-wide leadingedge encoding', 2, 59, 'DV013', 'Bộ môn Công nghệ phần mềm', TRUE),
    ('MH042', 'MATH982', 'Virtual human-resource knowledge user', 2, 45, 'DV015', 'Bộ môn Kế toán', TRUE),
    ('MH043', 'CS206', 'Configurable multimedia superstructure', 3, 49, 'DV012', 'Bộ môn Tin học cơ bản', TRUE),
    ('MH044', 'CS954', 'Versatile 6thgeneration alliance', 3, 37, 'DV012', 'Bộ môn Tin học cơ bản', TRUE),
    ('MH045', 'PHY539', 'Operative executive concept', 4, 45, 'DV013', 'Bộ môn Công nghệ phần mềm', TRUE),
    ('MH046', 'PHY153', 'Synergized demand-driven analyzer', 4, 44, 'DV015', 'Bộ môn Kế toán', TRUE),
    ('MH047', 'MATH710', 'Customer-focused optimizing challenge', 4, 49, 'DV012', 'Bộ môn Tin học cơ bản', TRUE),
    ('MH048', 'PHY701', 'Sharable demand-driven artificial intelligence', 2, 45, 'DV015', 'Bộ môn Kế toán', TRUE),
    ('MH049', 'MATH894', 'Enterprise-wide bottom-line benchmark', 2, 60, 'DV015', 'Bộ môn Kế toán', TRUE),
    ('MH050', 'CHEM426', 'Mandatory 3rdgeneration success', 2, 40, 'DV012', 'Bộ môn Tin học cơ bản', TRUE),
    ('MH051', 'CHEM960', 'Customer-focused next generation emulation', 4, 39, 'DV014', 'Bộ môn Viễn thông', TRUE),
    ('MH052', 'CS876', 'Right-sized real-time migration', 3, 58, 'DV015', 'Bộ môn Kế toán', TRUE),
    ('MH053', 'CS920', 'Persevering content-based matrices', 3, 53, 'DV015', 'Bộ môn Kế toán', TRUE),
    ('MH054', 'CHEM194', 'Exclusive 24/7 function', 3, 54, 'DV015', 'Bộ môn Kế toán', TRUE),
    ('MH055', 'PHY515', 'Upgradable heuristic info-mediaries', 2, 32, 'DV015', 'Bộ môn Kế toán', TRUE),
    ('MH056', 'CHEM883', 'Visionary even-keeled algorithm', 4, 41, 'DV012', 'Bộ môn Tin học cơ bản', TRUE),
    ('MH057', 'MATH111', 'Compatible value-added model', 2, 32, 'DV015', 'Bộ môn Kế toán', TRUE),
    ('MH058', 'CS456', 'Total web-enabled knowledge user', 4, 60, 'DV012', 'Bộ môn Tin học cơ bản', TRUE),
    ('MH059', 'MATH205', 'Multi-layered foreground installation', 2, 56, 'DV014', 'Bộ môn Viễn thông', TRUE),
    ('MH060', 'CS850', 'Quality-focused dedicated knowledgebase', 2, 33, 'DV012', 'Bộ môn Tin học cơ bản', TRUE),
    ('MH061', 'CS689', 'Distributed background forecast', 2, 36, 'DV014', 'Bộ môn Viễn thông', TRUE),
    ('MH062', 'PHY115', 'User-friendly stable capability', 4, 43, 'DV014', 'Bộ môn Viễn thông', TRUE),
    ('MH063', 'CS773', 'Diverse systematic service-desk', 4, 43, 'DV015', 'Bộ môn Kế toán', TRUE),
    ('MH064', 'PHY837', 'Face-to-face regional hierarchy', 3, 37, 'DV015', 'Bộ môn Kế toán', TRUE),
    ('MH065', 'CHEM796', 'Vision-oriented multi-tasking encryption', 2, 44, 'DV015', 'Bộ môn Kế toán', TRUE),
    ('MH066', 'CS582', 'Object-based composite help-desk', 2, 44, 'DV012', 'Bộ môn Tin học cơ bản', TRUE),
    ('MH067', 'MATH287', 'Versatile didactic capacity', 4, 51, 'DV012', 'Bộ môn Tin học cơ bản', TRUE),
    ('MH068', 'MATH295', 'Networked static structure', 2, 41, 'DV013', 'Bộ môn Công nghệ phần mềm', TRUE),
    ('MH069', 'MATH861', 'Compatible contextually-based encryption', 3, 30, 'DV012', 'Bộ môn Tin học cơ bản', TRUE),
    ('MH070', 'CHEM868', 'Assimilated exuding budgetary management', 2, 42, 'DV012', 'Bộ môn Tin học cơ bản', TRUE),
    ('MH071', 'PHY474', 'Total optimizing software', 3, 38, 'DV012', 'Bộ môn Tin học cơ bản', TRUE),
    ('MH072', 'MATH596', 'Robust dynamic methodology', 4, 43, 'DV014', 'Bộ môn Viễn thông', TRUE),
    ('MH073', 'CS916', 'Mandatory static service-desk', 4, 51, 'DV013', 'Bộ môn Công nghệ phần mềm', TRUE),
    ('MH074', 'PHY629', 'Operative didactic application', 3, 41, 'DV013', 'Bộ môn Công nghệ phần mềm', TRUE),
    ('MH075', 'CHEM731', 'Stand-alone analyzing focus group', 4, 52, 'DV015', 'Bộ môn Kế toán', TRUE),
    ('MH076', 'MATH782', 'Extended value-added functionalities', 2, 32, 'DV014', 'Bộ môn Viễn thông', TRUE),
    ('MH077', 'CS400', 'Organized regional utilization', 4, 42, 'DV015', 'Bộ môn Kế toán', TRUE),
    ('MH078', 'CS417', 'Extended responsive access', 3, 31, 'DV012', 'Bộ môn Tin học cơ bản', TRUE),
    ('MH079', 'CHEM429', 'Re-engineered discrete artificial intelligence', 2, 33, 'DV015', 'Bộ môn Kế toán', TRUE),
    ('MH080', 'CS346', 'Public-key disintermediate methodology', 3, 55, 'DV014', 'Bộ môn Viễn thông', TRUE);

INSERT INTO lop_hoc_phan (id, ma_lhp, ten_lhp, mon_hoc_id, ma_mon, ten_mon, hoc_ky_id, ten_hoc_ky, giang_vien_id, ten_giang_vien, si_so_toi_da, phong, active) VALUES
    ('LHP001', 'IT301_HK32022-2023_1', 'Phát triển ứng dụng Web - Học kỳ hè Năm học 2022-2023 - Lớp 1', 'MH006', 'IT301', 'Phát triển ứng dụng Web', 'HK006', 'Học kỳ hè Năm học 2022-2023', 'GV018', 'Hồ Thị Yến', 65, 'P466', TRUE),
    ('LHP002', 'CS346_HK32022-2023_2', 'Public-key disintermediate methodology - Học kỳ hè Năm học 2022-2023 - Lớp 2', 'MH080', 'CS346', 'Public-key disintermediate methodology', 'HK006', 'Học kỳ hè Năm học 2022-2023', 'GV015', 'Lý Tuấn Bình', 57, 'P173', TRUE),
    ('LHP003', 'MATH710_HK22025-2026_3', 'Customer-focused optimizing challenge - Học kỳ 2 Năm học 2025-2026 - Lớp 3', 'MH047', 'MATH710', 'Customer-focused optimizing challenge', 'HK014', 'Học kỳ 2 Năm học 2025-2026', 'GV014', 'Phạm Đức Quân', 69, 'P298', TRUE),
    ('LHP004', 'MATH894_HK22023-2024_4', 'Enterprise-wide bottom-line benchmark - Học kỳ 2 Năm học 2023-2024 - Lớp 4', 'MH049', 'MATH894', 'Enterprise-wide bottom-line benchmark', 'HK008', 'Học kỳ 2 Năm học 2023-2024', 'GV012', 'Dương Quang Hạnh', 37, 'P471', TRUE),
    ('LHP005', 'PHY515_HK12022-2023_5', 'Upgradable heuristic info-mediaries - Học kỳ 1 Năm học 2022-2023 - Lớp 5', 'MH055', 'PHY515', 'Upgradable heuristic info-mediaries', 'HK004', 'Học kỳ 1 Năm học 2022-2023', 'GV012', 'Dương Quang Hạnh', 42, 'P441', TRUE),
    ('LHP006', 'CS133_HK22025-2026_6', 'Mandatory zero tolerance array - Học kỳ 2 Năm học 2025-2026 - Lớp 6', 'MH030', 'CS133', 'Mandatory zero tolerance array', 'HK014', 'Học kỳ 2 Năm học 2025-2026', 'GV011', 'Dương Đức Phương', 53, 'P209', TRUE),
    ('LHP007', 'QS102_HK32024-2025_7', 'Điều lệnh Quân đội - Học kỳ hè Năm học 2024-2025 - Lớp 7', 'MH020', 'QS102', 'Điều lệnh Quân đội', 'HK012', 'Học kỳ hè Năm học 2024-2025', 'GV019', 'Hoàng Văn Phúc', 41, 'P479', TRUE),
    ('LHP008', 'CS689_HK32025-2026_8', 'Distributed background forecast - Học kỳ hè Năm học 2025-2026 - Lớp 8', 'MH061', 'CS689', 'Distributed background forecast', 'HK015', 'Học kỳ hè Năm học 2025-2026', 'GV008', 'Vũ Hữu Giang', 52, 'P291', TRUE),
    ('LHP009', 'QS102_HK22024-2025_9', 'Điều lệnh Quân đội - Học kỳ 2 Năm học 2024-2025 - Lớp 9', 'MH020', 'QS102', 'Điều lệnh Quân đội', 'HK011', 'Học kỳ 2 Năm học 2024-2025', 'GV001', 'Lê Tuấn Hoa', 59, 'P208', TRUE),
    ('LHP010', 'IT102_HK32022-2023_10', 'Lập trình cơ bản - Học kỳ hè Năm học 2022-2023 - Lớp 10', 'MH002', 'IT102', 'Lập trình cơ bản', 'HK006', 'Học kỳ hè Năm học 2022-2023', 'GV007', 'Lý Kim Sơn', 45, 'P317', TRUE),
    ('LHP011', 'CHEM375_HK32022-2023_11', 'Enterprise-wide leadingedge encoding - Học kỳ hè Năm học 2022-2023 - Lớp 11', 'MH041', 'CHEM375', 'Enterprise-wide leadingedge encoding', 'HK006', 'Học kỳ hè Năm học 2022-2023', 'GV002', 'Ngô Tuấn Việt', 58, 'P351', TRUE),
    ('LHP012', 'PHY474_HK32024-2025_12', 'Total optimizing software - Học kỳ hè Năm học 2024-2025 - Lớp 12', 'MH071', 'PHY474', 'Total optimizing software', 'HK012', 'Học kỳ hè Năm học 2024-2025', 'GV015', 'Lý Tuấn Bình', 55, 'P110', TRUE),
    ('LHP013', 'QS102_HK32025-2026_13', 'Điều lệnh Quân đội - Học kỳ hè Năm học 2025-2026 - Lớp 13', 'MH020', 'QS102', 'Điều lệnh Quân đội', 'HK015', 'Học kỳ hè Năm học 2025-2026', 'GV008', 'Vũ Hữu Giang', 75, 'P105', TRUE),
    ('LHP014', 'PHY837_HK32022-2023_14', 'Face-to-face regional hierarchy - Học kỳ hè Năm học 2022-2023 - Lớp 14', 'MH064', 'PHY837', 'Face-to-face regional hierarchy', 'HK006', 'Học kỳ hè Năm học 2022-2023', 'GV019', 'Hoàng Văn Phúc', 41, 'P259', TRUE),
    ('LHP015', 'IT302_HK12024-2025_15', 'Trí tuệ nhân tạo - Học kỳ 1 Năm học 2024-2025 - Lớp 15', 'MH007', 'IT302', 'Trí tuệ nhân tạo', 'HK010', 'Học kỳ 1 Năm học 2024-2025', 'GV012', 'Dương Quang Hạnh', 74, 'P250', TRUE),
    ('LHP016', 'CHEM838_HK32021-2022_16', 'Diverse attitude-oriented extranet - Học kỳ hè Năm học 2021-2022 - Lớp 16', 'MH036', 'CHEM838', 'Diverse attitude-oriented extranet', 'HK003', 'Học kỳ hè Năm học 2021-2022', 'GV006', 'Đặng Đức Giang', 50, 'P285', TRUE),
    ('LHP017', 'PHY923_HK32024-2025_17', 'Digitized mission-critical projection - Học kỳ hè Năm học 2024-2025 - Lớp 17', 'MH027', 'PHY923', 'Digitized mission-critical projection', 'HK012', 'Học kỳ hè Năm học 2024-2025', 'GV006', 'Đặng Đức Giang', 60, 'P433', TRUE),
    ('LHP018', 'MATH782_HK12021-2022_18', 'Extended value-added functionalities - Học kỳ 1 Năm học 2021-2022 - Lớp 18', 'MH076', 'MATH782', 'Extended value-added functionalities', 'HK001', 'Học kỳ 1 Năm học 2021-2022', 'GV003', 'Đỗ Thị Giang', 68, 'P152', TRUE),
    ('LHP019', 'KT201_HK22021-2022_19', 'Nguyên lý kế toán - Học kỳ 2 Năm học 2021-2022 - Lớp 19', 'MH012', 'KT201', 'Nguyên lý kế toán', 'HK002', 'Học kỳ 2 Năm học 2021-2022', 'GV012', 'Dương Quang Hạnh', 70, 'P271', TRUE),
    ('LHP020', 'MATH205_HK22025-2026_20', 'Multi-layered foreground installation - Học kỳ 2 Năm học 2025-2026 - Lớp 20', 'MH059', 'MATH205', 'Multi-layered foreground installation', 'HK014', 'Học kỳ 2 Năm học 2025-2026', 'GV015', 'Lý Tuấn Bình', 37, 'P285', TRUE),
    ('LHP021', 'PHY983_HK32021-2022_21', 'Up-sized fresh-thinking protocol - Học kỳ hè Năm học 2021-2022 - Lớp 21', 'MH039', 'PHY983', 'Up-sized fresh-thinking protocol', 'HK003', 'Học kỳ hè Năm học 2021-2022', 'GV014', 'Phạm Đức Quân', 57, 'P405', TRUE),
    ('LHP022', 'IT301_HK32021-2022_22', 'Phát triển ứng dụng Web - Học kỳ hè Năm học 2021-2022 - Lớp 22', 'MH006', 'IT301', 'Phát triển ứng dụng Web', 'HK003', 'Học kỳ hè Năm học 2021-2022', 'GV017', 'Bùi Kim Phúc', 69, 'P406', TRUE),
    ('LHP023', 'CS400_HK22021-2022_23', 'Organized regional utilization - Học kỳ 2 Năm học 2021-2022 - Lớp 23', 'MH077', 'CS400', 'Organized regional utilization', 'HK002', 'Học kỳ 2 Năm học 2021-2022', 'GV019', 'Hoàng Văn Phúc', 72, 'P272', TRUE),
    ('LHP024', 'MATH596_HK32022-2023_24', 'Robust dynamic methodology - Học kỳ hè Năm học 2022-2023 - Lớp 24', 'MH072', 'MATH596', 'Robust dynamic methodology', 'HK006', 'Học kỳ hè Năm học 2022-2023', 'GV001', 'Lê Tuấn Hoa', 43, 'P164', TRUE),
    ('LHP025', 'KT202_HK22021-2022_25', 'Tài chính doanh nghiệp - Học kỳ 2 Năm học 2021-2022 - Lớp 25', 'MH013', 'KT202', 'Tài chính doanh nghiệp', 'HK002', 'Học kỳ 2 Năm học 2021-2022', 'GV006', 'Đặng Đức Giang', 57, 'P161', TRUE),
    ('LHP026', 'MATH295_HK12023-2024_26', 'Networked static structure - Học kỳ 1 Năm học 2023-2024 - Lớp 26', 'MH068', 'MATH295', 'Networked static structure', 'HK007', 'Học kỳ 1 Năm học 2023-2024', 'GV010', 'Hồ Bảo Chiến', 74, 'P124', TRUE),
    ('LHP027', 'KT301_HK22022-2023_27', 'Kinh tế lượng - Học kỳ 2 Năm học 2022-2023 - Lớp 27', 'MH014', 'KT301', 'Kinh tế lượng', 'HK005', 'Học kỳ 2 Năm học 2022-2023', 'GV003', 'Đỗ Thị Giang', 45, 'P432', TRUE),
    ('LHP028', 'CS954_HK32024-2025_28', 'Versatile 6thgeneration alliance - Học kỳ hè Năm học 2024-2025 - Lớp 28', 'MH044', 'CS954', 'Versatile 6thgeneration alliance', 'HK012', 'Học kỳ hè Năm học 2024-2025', 'GV010', 'Hồ Bảo Chiến', 70, 'P138', TRUE),
    ('LHP029', 'IT203_HK22021-2022_29', 'Mạng máy tính - Học kỳ 2 Năm học 2021-2022 - Lớp 29', 'MH005', 'IT203', 'Mạng máy tính', 'HK002', 'Học kỳ 2 Năm học 2021-2022', 'GV019', 'Hoàng Văn Phúc', 37, 'P457', TRUE),
    ('LHP030', 'IT301_HK22022-2023_30', 'Phát triển ứng dụng Web - Học kỳ 2 Năm học 2022-2023 - Lớp 30', 'MH006', 'IT301', 'Phát triển ứng dụng Web', 'HK005', 'Học kỳ 2 Năm học 2022-2023', 'GV003', 'Đỗ Thị Giang', 38, 'P128', TRUE),
    ('LHP031', 'CS582_HK22023-2024_31', 'Object-based composite help-desk - Học kỳ 2 Năm học 2023-2024 - Lớp 31', 'MH066', 'CS582', 'Object-based composite help-desk', 'HK008', 'Học kỳ 2 Năm học 2023-2024', 'GV020', 'Bùi Hữu Việt', 60, 'P196', TRUE),
    ('LHP032', 'CHEM796_HK22021-2022_32', 'Vision-oriented multi-tasking encryption - Học kỳ 2 Năm học 2021-2022 - Lớp 32', 'MH065', 'CHEM796', 'Vision-oriented multi-tasking encryption', 'HK002', 'Học kỳ 2 Năm học 2021-2022', 'GV012', 'Dương Quang Hạnh', 79, 'P105', TRUE),
    ('LHP033', 'CS922_HK32021-2022_33', 'Distributed content-based artificial intelligence - Học kỳ hè Năm học 2021-2022 - Lớp 33', 'MH031', 'CS922', 'Distributed content-based artificial intelligence', 'HK003', 'Học kỳ hè Năm học 2021-2022', 'GV010', 'Hồ Bảo Chiến', 34, 'P154', TRUE),
    ('LHP034', 'PHY983_HK22022-2023_34', 'Up-sized fresh-thinking protocol - Học kỳ 2 Năm học 2022-2023 - Lớp 34', 'MH039', 'PHY983', 'Up-sized fresh-thinking protocol', 'HK005', 'Học kỳ 2 Năm học 2022-2023', 'GV013', 'Trần Minh Minh', 68, 'P457', TRUE),
    ('LHP035', 'CHEM731_HK22022-2023_35', 'Stand-alone analyzing focus group - Học kỳ 2 Năm học 2022-2023 - Lớp 35', 'MH075', 'CHEM731', 'Stand-alone analyzing focus group', 'HK005', 'Học kỳ 2 Năm học 2022-2023', 'GV003', 'Đỗ Thị Giang', 64, 'P109', TRUE),
    ('LHP036', 'CS954_HK22025-2026_36', 'Versatile 6thgeneration alliance - Học kỳ 2 Năm học 2025-2026 - Lớp 36', 'MH044', 'CS954', 'Versatile 6thgeneration alliance', 'HK014', 'Học kỳ 2 Năm học 2025-2026', 'GV007', 'Lý Kim Sơn', 73, 'P138', TRUE),
    ('LHP037', 'CS970_HK22025-2026_37', 'Public-key fresh-thinking function - Học kỳ 2 Năm học 2025-2026 - Lớp 37', 'MH038', 'CS970', 'Public-key fresh-thinking function', 'HK014', 'Học kỳ 2 Năm học 2025-2026', 'GV017', 'Bùi Kim Phúc', 36, 'P337', TRUE),
    ('LHP038', 'KT101_HK32023-2024_38', 'Kinh tế vi mô - Học kỳ hè Năm học 2023-2024 - Lớp 38', 'MH010', 'KT101', 'Kinh tế vi mô', 'HK009', 'Học kỳ hè Năm học 2023-2024', 'GV016', 'Nguyễn Phương Em', 78, 'P476', TRUE),
    ('LHP039', 'CS970_HK22024-2025_39', 'Public-key fresh-thinking function - Học kỳ 2 Năm học 2024-2025 - Lớp 39', 'MH038', 'CS970', 'Public-key fresh-thinking function', 'HK011', 'Học kỳ 2 Năm học 2024-2025', 'GV005', 'Vũ Thanh Giang', 70, 'P372', TRUE),
    ('LHP040', 'IT301_HK12023-2024_40', 'Phát triển ứng dụng Web - Học kỳ 1 Năm học 2023-2024 - Lớp 40', 'MH006', 'IT301', 'Phát triển ứng dụng Web', 'HK007', 'Học kỳ 1 Năm học 2023-2024', 'GV002', 'Ngô Tuấn Việt', 59, 'P235', TRUE),
    ('LHP041', 'CS346_HK12023-2024_41', 'Public-key disintermediate methodology - Học kỳ 1 Năm học 2023-2024 - Lớp 41', 'MH080', 'CS346', 'Public-key disintermediate methodology', 'HK007', 'Học kỳ 1 Năm học 2023-2024', 'GV007', 'Lý Kim Sơn', 66, 'P278', TRUE),
    ('LHP042', 'CHEM883_HK12024-2025_42', 'Visionary even-keeled algorithm - Học kỳ 1 Năm học 2024-2025 - Lớp 42', 'MH056', 'CHEM883', 'Visionary even-keeled algorithm', 'HK010', 'Học kỳ 1 Năm học 2024-2025', 'GV002', 'Ngô Tuấn Việt', 63, 'P195', TRUE),
    ('LHP043', 'CHEM131_HK22024-2025_43', 'Triple-buffered global matrix - Học kỳ 2 Năm học 2024-2025 - Lớp 43', 'MH040', 'CHEM131', 'Triple-buffered global matrix', 'HK011', 'Học kỳ 2 Năm học 2024-2025', 'GV020', 'Bùi Hữu Việt', 31, 'P439', TRUE),
    ('LHP044', 'MATH861_HK22023-2024_44', 'Compatible contextually-based encryption - Học kỳ 2 Năm học 2023-2024 - Lớp 44', 'MH069', 'MATH861', 'Compatible contextually-based encryption', 'HK008', 'Học kỳ 2 Năm học 2023-2024', 'GV005', 'Vũ Thanh Giang', 57, 'P416', TRUE),
    ('LHP045', 'PHY115_HK22023-2024_45', 'User-friendly stable capability - Học kỳ 2 Năm học 2023-2024 - Lớp 45', 'MH062', 'PHY115', 'User-friendly stable capability', 'HK008', 'Học kỳ 2 Năm học 2023-2024', 'GV018', 'Hồ Thị Yến', 65, 'P345', TRUE),
    ('LHP046', 'QS101_HK32023-2024_46', 'Giáo dục Quốc phòng - Học kỳ hè Năm học 2023-2024 - Lớp 46', 'MH019', 'QS101', 'Giáo dục Quốc phòng', 'HK009', 'Học kỳ hè Năm học 2023-2024', 'GV004', 'Lý Thanh Sơn', 51, 'P235', TRUE),
    ('LHP047', 'IT301_HK12022-2023_47', 'Phát triển ứng dụng Web - Học kỳ 1 Năm học 2022-2023 - Lớp 47', 'MH006', 'IT301', 'Phát triển ứng dụng Web', 'HK004', 'Học kỳ 1 Năm học 2022-2023', 'GV018', 'Hồ Thị Yến', 37, 'P199', TRUE),
    ('LHP048', 'CHEM194_HK22024-2025_48', 'Exclusive 24/7 function - Học kỳ 2 Năm học 2024-2025 - Lớp 48', 'MH054', 'CHEM194', 'Exclusive 24/7 function', 'HK011', 'Học kỳ 2 Năm học 2024-2025', 'GV012', 'Dương Quang Hạnh', 65, 'P302', TRUE),
    ('LHP049', 'IT101_HK12021-2022_49', 'Nhập môn Công nghệ thông tin - Học kỳ 1 Năm học 2021-2022 - Lớp 49', 'MH001', 'IT101', 'Nhập môn Công nghệ thông tin', 'HK001', 'Học kỳ 1 Năm học 2021-2022', 'GV004', 'Lý Thanh Sơn', 55, 'P489', TRUE),
    ('LHP050', 'MATH316_HK32022-2023_50', 'Stand-alone value-added complexity - Học kỳ hè Năm học 2022-2023 - Lớp 50', 'MH035', 'MATH316', 'Stand-alone value-added complexity', 'HK006', 'Học kỳ hè Năm học 2022-2023', 'GV016', 'Nguyễn Phương Em', 39, 'P499', TRUE),
    ('LHP051', 'CS591_HK32023-2024_51', 'Quality-focused responsive neural-net - Học kỳ hè Năm học 2023-2024 - Lớp 51', 'MH032', 'CS591', 'Quality-focused responsive neural-net', 'HK009', 'Học kỳ hè Năm học 2023-2024', 'GV010', 'Hồ Bảo Chiến', 79, 'P198', TRUE),
    ('LHP052', 'CS400_HK12025-2026_52', 'Organized regional utilization - Học kỳ 1 Năm học 2025-2026 - Lớp 52', 'MH077', 'CS400', 'Organized regional utilization', 'HK013', 'Học kỳ 1 Năm học 2025-2026', 'GV013', 'Trần Minh Minh', 72, 'P113', TRUE),
    ('LHP053', 'CHEM883_HK22024-2025_53', 'Visionary even-keeled algorithm - Học kỳ 2 Năm học 2024-2025 - Lớp 53', 'MH056', 'CHEM883', 'Visionary even-keeled algorithm', 'HK011', 'Học kỳ 2 Năm học 2024-2025', 'GV005', 'Vũ Thanh Giang', 69, 'P153', TRUE),
    ('LHP054', 'CS133_HK32025-2026_54', 'Mandatory zero tolerance array - Học kỳ hè Năm học 2025-2026 - Lớp 54', 'MH030', 'CS133', 'Mandatory zero tolerance array', 'HK015', 'Học kỳ hè Năm học 2025-2026', 'GV002', 'Ngô Tuấn Việt', 62, 'P194', TRUE),
    ('LHP055', 'CS133_HK12023-2024_55', 'Mandatory zero tolerance array - Học kỳ 1 Năm học 2023-2024 - Lớp 55', 'MH030', 'CS133', 'Mandatory zero tolerance array', 'HK007', 'Học kỳ 1 Năm học 2023-2024', 'GV006', 'Đặng Đức Giang', 74, 'P425', TRUE),
    ('LHP056', 'CHEM131_HK22021-2022_56', 'Triple-buffered global matrix - Học kỳ 2 Năm học 2021-2022 - Lớp 56', 'MH040', 'CHEM131', 'Triple-buffered global matrix', 'HK002', 'Học kỳ 2 Năm học 2021-2022', 'GV016', 'Nguyễn Phương Em', 50, 'P241', TRUE),
    ('LHP057', 'IT304_HK32022-2023_57', 'An toàn và bảo mật thông tin - Học kỳ hè Năm học 2022-2023 - Lớp 57', 'MH009', 'IT304', 'An toàn và bảo mật thông tin', 'HK006', 'Học kỳ hè Năm học 2022-2023', 'GV007', 'Lý Kim Sơn', 45, 'P341', TRUE),
    ('LHP058', 'CHEM194_HK12024-2025_58', 'Exclusive 24/7 function - Học kỳ 1 Năm học 2024-2025 - Lớp 58', 'MH054', 'CHEM194', 'Exclusive 24/7 function', 'HK010', 'Học kỳ 1 Năm học 2024-2025', 'GV007', 'Lý Kim Sơn', 42, 'P363', TRUE),
    ('LHP059', 'PHY474_HK32025-2026_59', 'Total optimizing software - Học kỳ hè Năm học 2025-2026 - Lớp 59', 'MH071', 'PHY474', 'Total optimizing software', 'HK015', 'Học kỳ hè Năm học 2025-2026', 'GV012', 'Dương Quang Hạnh', 71, 'P235', TRUE),
    ('LHP060', 'PHY629_HK12025-2026_60', 'Operative didactic application - Học kỳ 1 Năm học 2025-2026 - Lớp 60', 'MH074', 'PHY629', 'Operative didactic application', 'HK013', 'Học kỳ 1 Năm học 2025-2026', 'GV002', 'Ngô Tuấn Việt', 34, 'P147', TRUE),
    ('LHP061', 'PHY629_HK12024-2025_61', 'Operative didactic application - Học kỳ 1 Năm học 2024-2025 - Lớp 61', 'MH074', 'PHY629', 'Operative didactic application', 'HK010', 'Học kỳ 1 Năm học 2024-2025', 'GV015', 'Lý Tuấn Bình', 34, 'P319', TRUE),
    ('LHP062', 'CS417_HK32023-2024_62', 'Extended responsive access - Học kỳ hè Năm học 2023-2024 - Lớp 62', 'MH078', 'CS417', 'Extended responsive access', 'HK009', 'Học kỳ hè Năm học 2023-2024', 'GV009', 'Hồ Thanh Nguyệt', 77, 'P186', TRUE),
    ('LHP063', 'KT301_HK32025-2026_63', 'Kinh tế lượng - Học kỳ hè Năm học 2025-2026 - Lớp 63', 'MH014', 'KT301', 'Kinh tế lượng', 'HK015', 'Học kỳ hè Năm học 2025-2026', 'GV004', 'Lý Thanh Sơn', 55, 'P434', TRUE),
    ('LHP064', 'KT301_HK12024-2025_64', 'Kinh tế lượng - Học kỳ 1 Năm học 2024-2025 - Lớp 64', 'MH014', 'KT301', 'Kinh tế lượng', 'HK010', 'Học kỳ 1 Năm học 2024-2025', 'GV005', 'Vũ Thanh Giang', 42, 'P311', TRUE),
    ('LHP065', 'PHY856_HK12022-2023_65', 'Open-architected coherent system engine - Học kỳ 1 Năm học 2022-2023 - Lớp 65', 'MH037', 'PHY856', 'Open-architected coherent system engine', 'HK004', 'Học kỳ 1 Năm học 2022-2023', 'GV011', 'Dương Đức Phương', 50, 'P153', TRUE),
    ('LHP066', 'MATH982_HK32023-2024_66', 'Virtual human-resource knowledge user - Học kỳ hè Năm học 2023-2024 - Lớp 66', 'MH042', 'MATH982', 'Virtual human-resource knowledge user', 'HK009', 'Học kỳ hè Năm học 2023-2024', 'GV007', 'Lý Kim Sơn', 51, 'P341', TRUE),
    ('LHP067', 'QS101_HK32021-2022_67', 'Giáo dục Quốc phòng - Học kỳ hè Năm học 2021-2022 - Lớp 67', 'MH019', 'QS101', 'Giáo dục Quốc phòng', 'HK003', 'Học kỳ hè Năm học 2021-2022', 'GV013', 'Trần Minh Minh', 72, 'P112', TRUE),
    ('LHP068', 'CS954_HK12022-2023_68', 'Versatile 6thgeneration alliance - Học kỳ 1 Năm học 2022-2023 - Lớp 68', 'MH044', 'CS954', 'Versatile 6thgeneration alliance', 'HK004', 'Học kỳ 1 Năm học 2022-2023', 'GV009', 'Hồ Thanh Nguyệt', 46, 'P116', TRUE),
    ('LHP069', 'PHY837_HK22022-2023_69', 'Face-to-face regional hierarchy - Học kỳ 2 Năm học 2022-2023 - Lớp 69', 'MH064', 'PHY837', 'Face-to-face regional hierarchy', 'HK005', 'Học kỳ 2 Năm học 2022-2023', 'GV008', 'Vũ Hữu Giang', 49, 'P125', TRUE),
    ('LHP070', 'IT302_HK32025-2026_70', 'Trí tuệ nhân tạo - Học kỳ hè Năm học 2025-2026 - Lớp 70', 'MH007', 'IT302', 'Trí tuệ nhân tạo', 'HK015', 'Học kỳ hè Năm học 2025-2026', 'GV018', 'Hồ Thị Yến', 58, 'P205', TRUE),
    ('LHP071', 'IT301_HK22021-2022_71', 'Phát triển ứng dụng Web - Học kỳ 2 Năm học 2021-2022 - Lớp 71', 'MH006', 'IT301', 'Phát triển ứng dụng Web', 'HK002', 'Học kỳ 2 Năm học 2021-2022', 'GV006', 'Đặng Đức Giang', 40, 'P111', TRUE),
    ('LHP072', 'IT102_HK32024-2025_72', 'Lập trình cơ bản - Học kỳ hè Năm học 2024-2025 - Lớp 72', 'MH002', 'IT102', 'Lập trình cơ bản', 'HK012', 'Học kỳ hè Năm học 2024-2025', 'GV006', 'Đặng Đức Giang', 56, 'P151', TRUE),
    ('LHP073', 'CS400_HK32021-2022_73', 'Organized regional utilization - Học kỳ hè Năm học 2021-2022 - Lớp 73', 'MH077', 'CS400', 'Organized regional utilization', 'HK003', 'Học kỳ hè Năm học 2021-2022', 'GV019', 'Hoàng Văn Phúc', 67, 'P247', TRUE),
    ('LHP074', 'IT101_HK32023-2024_74', 'Nhập môn Công nghệ thông tin - Học kỳ hè Năm học 2023-2024 - Lớp 74', 'MH001', 'IT101', 'Nhập môn Công nghệ thông tin', 'HK009', 'Học kỳ hè Năm học 2023-2024', 'GV009', 'Hồ Thanh Nguyệt', 52, 'P286', TRUE),
    ('LHP075', 'CS582_HK22024-2025_75', 'Object-based composite help-desk - Học kỳ 2 Năm học 2024-2025 - Lớp 75', 'MH066', 'CS582', 'Object-based composite help-desk', 'HK011', 'Học kỳ 2 Năm học 2024-2025', 'GV003', 'Đỗ Thị Giang', 66, 'P437', TRUE),
    ('LHP076', 'MATH861_HK22021-2022_76', 'Compatible contextually-based encryption - Học kỳ 2 Năm học 2021-2022 - Lớp 76', 'MH069', 'MATH861', 'Compatible contextually-based encryption', 'HK002', 'Học kỳ 2 Năm học 2021-2022', 'GV009', 'Hồ Thanh Nguyệt', 73, 'P160', TRUE),
    ('LHP077', 'CHEM883_HK12024-2025_77', 'Visionary even-keeled algorithm - Học kỳ 1 Năm học 2024-2025 - Lớp 77', 'MH056', 'CHEM883', 'Visionary even-keeled algorithm', 'HK010', 'Học kỳ 1 Năm học 2024-2025', 'GV016', 'Nguyễn Phương Em', 37, 'P310', TRUE),
    ('LHP078', 'CHEM429_HK12024-2025_78', 'Re-engineered discrete artificial intelligence - Học kỳ 1 Năm học 2024-2025 - Lớp 78', 'MH079', 'CHEM429', 'Re-engineered discrete artificial intelligence', 'HK010', 'Học kỳ 1 Năm học 2024-2025', 'GV018', 'Hồ Thị Yến', 80, 'P372', TRUE),
    ('LHP079', 'MATH710_HK22021-2022_79', 'Customer-focused optimizing challenge - Học kỳ 2 Năm học 2021-2022 - Lớp 79', 'MH047', 'MATH710', 'Customer-focused optimizing challenge', 'HK002', 'Học kỳ 2 Năm học 2021-2022', 'GV015', 'Lý Tuấn Bình', 41, 'P430', TRUE),
    ('LHP080', 'PHY474_HK32023-2024_80', 'Total optimizing software - Học kỳ hè Năm học 2023-2024 - Lớp 80', 'MH071', 'PHY474', 'Total optimizing software', 'HK009', 'Học kỳ hè Năm học 2023-2024', 'GV016', 'Nguyễn Phương Em', 70, 'P339', TRUE),
    ('LHP081', 'MATH111_HK22024-2025_81', 'Compatible value-added model - Học kỳ 2 Năm học 2024-2025 - Lớp 81', 'MH057', 'MATH111', 'Compatible value-added model', 'HK011', 'Học kỳ 2 Năm học 2024-2025', 'GV001', 'Lê Tuấn Hoa', 67, 'P151', TRUE),
    ('LHP082', 'CS651_HK32021-2022_82', 'Realigned intangible framework - Học kỳ hè Năm học 2021-2022 - Lớp 82', 'MH028', 'CS651', 'Realigned intangible framework', 'HK003', 'Học kỳ hè Năm học 2021-2022', 'GV008', 'Vũ Hữu Giang', 78, 'P495', TRUE),
    ('LHP083', 'MATH861_HK12021-2022_83', 'Compatible contextually-based encryption - Học kỳ 1 Năm học 2021-2022 - Lớp 83', 'MH069', 'MATH861', 'Compatible contextually-based encryption', 'HK001', 'Học kỳ 1 Năm học 2021-2022', 'GV002', 'Ngô Tuấn Việt', 61, 'P159', TRUE),
    ('LHP084', 'QS101_HK12023-2024_84', 'Giáo dục Quốc phòng - Học kỳ 1 Năm học 2023-2024 - Lớp 84', 'MH019', 'QS101', 'Giáo dục Quốc phòng', 'HK007', 'Học kỳ 1 Năm học 2023-2024', 'GV001', 'Lê Tuấn Hoa', 73, 'P184', TRUE),
    ('LHP085', 'PHY701_HK32022-2023_85', 'Sharable demand-driven artificial intelligence - Học kỳ hè Năm học 2022-2023 - Lớp 85', 'MH048', 'PHY701', 'Sharable demand-driven artificial intelligence', 'HK006', 'Học kỳ hè Năm học 2022-2023', 'GV001', 'Lê Tuấn Hoa', 69, 'P374', TRUE),
    ('LHP086', 'PHY115_HK32021-2022_86', 'User-friendly stable capability - Học kỳ hè Năm học 2021-2022 - Lớp 86', 'MH062', 'PHY115', 'User-friendly stable capability', 'HK003', 'Học kỳ hè Năm học 2021-2022', 'GV005', 'Vũ Thanh Giang', 68, 'P184', TRUE),
    ('LHP087', 'PHY474_HK22021-2022_87', 'Total optimizing software - Học kỳ 2 Năm học 2021-2022 - Lớp 87', 'MH071', 'PHY474', 'Total optimizing software', 'HK002', 'Học kỳ 2 Năm học 2021-2022', 'GV007', 'Lý Kim Sơn', 39, 'P129', TRUE),
    ('LHP088', 'IT102_HK22025-2026_88', 'Lập trình cơ bản - Học kỳ 2 Năm học 2025-2026 - Lớp 88', 'MH002', 'IT102', 'Lập trình cơ bản', 'HK014', 'Học kỳ 2 Năm học 2025-2026', 'GV016', 'Nguyễn Phương Em', 59, 'P238', TRUE),
    ('LHP089', 'CHEM426_HK32024-2025_89', 'Mandatory 3rdgeneration success - Học kỳ hè Năm học 2024-2025 - Lớp 89', 'MH050', 'CHEM426', 'Mandatory 3rdgeneration success', 'HK012', 'Học kỳ hè Năm học 2024-2025', 'GV010', 'Hồ Bảo Chiến', 35, 'P462', TRUE),
    ('LHP090', 'MATH894_HK12024-2025_90', 'Enterprise-wide bottom-line benchmark - Học kỳ 1 Năm học 2024-2025 - Lớp 90', 'MH049', 'MATH894', 'Enterprise-wide bottom-line benchmark', 'HK010', 'Học kỳ 1 Năm học 2024-2025', 'GV018', 'Hồ Thị Yến', 64, 'P330', TRUE),
    ('LHP091', 'KT202_HK12022-2023_91', 'Tài chính doanh nghiệp - Học kỳ 1 Năm học 2022-2023 - Lớp 91', 'MH013', 'KT202', 'Tài chính doanh nghiệp', 'HK004', 'Học kỳ 1 Năm học 2022-2023', 'GV017', 'Bùi Kim Phúc', 52, 'P482', TRUE),
    ('LHP092', 'NN202_HK12023-2024_92', 'Tiếng Trung cơ bản - Học kỳ 1 Năm học 2023-2024 - Lớp 92', 'MH018', 'NN202', 'Tiếng Trung cơ bản', 'HK007', 'Học kỳ 1 Năm học 2023-2024', 'GV019', 'Hoàng Văn Phúc', 36, 'P402', TRUE),
    ('LHP093', 'PHY856_HK32023-2024_93', 'Open-architected coherent system engine - Học kỳ hè Năm học 2023-2024 - Lớp 93', 'MH037', 'PHY856', 'Open-architected coherent system engine', 'HK009', 'Học kỳ hè Năm học 2023-2024', 'GV019', 'Hoàng Văn Phúc', 31, 'P425', TRUE),
    ('LHP094', 'PHY923_HK32023-2024_94', 'Digitized mission-critical projection - Học kỳ hè Năm học 2023-2024 - Lớp 94', 'MH027', 'PHY923', 'Digitized mission-critical projection', 'HK009', 'Học kỳ hè Năm học 2023-2024', 'GV002', 'Ngô Tuấn Việt', 58, 'P156', TRUE),
    ('LHP095', 'KT301_HK22025-2026_95', 'Kinh tế lượng - Học kỳ 2 Năm học 2025-2026 - Lớp 95', 'MH014', 'KT301', 'Kinh tế lượng', 'HK014', 'Học kỳ 2 Năm học 2025-2026', 'GV020', 'Bùi Hữu Việt', 74, 'P148', TRUE),
    ('LHP096', 'CHEM868_HK12022-2023_96', 'Assimilated exuding budgetary management - Học kỳ 1 Năm học 2022-2023 - Lớp 96', 'MH070', 'CHEM868', 'Assimilated exuding budgetary management', 'HK004', 'Học kỳ 1 Năm học 2022-2023', 'GV001', 'Lê Tuấn Hoa', 63, 'P225', TRUE),
    ('LHP097', 'QS201_HK22025-2026_97', 'Chiến thuật bộ binh - Học kỳ 2 Năm học 2025-2026 - Lớp 97', 'MH021', 'QS201', 'Chiến thuật bộ binh', 'HK014', 'Học kỳ 2 Năm học 2025-2026', 'GV009', 'Hồ Thanh Nguyệt', 48, 'P320', TRUE),
    ('LHP098', 'QS101_HK22022-2023_98', 'Giáo dục Quốc phòng - Học kỳ 2 Năm học 2022-2023 - Lớp 98', 'MH019', 'QS101', 'Giáo dục Quốc phòng', 'HK005', 'Học kỳ 2 Năm học 2022-2023', 'GV012', 'Dương Quang Hạnh', 44, 'P403', TRUE),
    ('LHP099', 'IT102_HK32024-2025_99', 'Lập trình cơ bản - Học kỳ hè Năm học 2024-2025 - Lớp 99', 'MH002', 'IT102', 'Lập trình cơ bản', 'HK012', 'Học kỳ hè Năm học 2024-2025', 'GV003', 'Đỗ Thị Giang', 72, 'P150', TRUE),
    ('LHP100', 'CS920_HK32021-2022_100', 'Persevering content-based matrices - Học kỳ hè Năm học 2021-2022 - Lớp 100', 'MH053', 'CS920', 'Persevering content-based matrices', 'HK003', 'Học kỳ hè Năm học 2021-2022', 'GV019', 'Hoàng Văn Phúc', 65, 'P104', TRUE),
    ('LHP101', 'CHEM960_HK12025-2026_101', 'Customer-focused next generation emulation - Học kỳ 1 Năm học 2025-2026 - Lớp 101', 'MH051', 'CHEM960', 'Customer-focused next generation emulation', 'HK013', 'Học kỳ 1 Năm học 2025-2026', 'GV014', 'Phạm Đức Quân', 43, 'P185', TRUE),
    ('LHP102', 'KT101_HK12021-2022_102', 'Kinh tế vi mô - Học kỳ 1 Năm học 2021-2022 - Lớp 102', 'MH010', 'KT101', 'Kinh tế vi mô', 'HK001', 'Học kỳ 1 Năm học 2021-2022', 'GV014', 'Phạm Đức Quân', 71, 'P158', TRUE),
    ('LHP103', 'NN201_HK22025-2026_103', 'Tiếng Anh chuyên ngành - Học kỳ 2 Năm học 2025-2026 - Lớp 103', 'MH017', 'NN201', 'Tiếng Anh chuyên ngành', 'HK014', 'Học kỳ 2 Năm học 2025-2026', 'GV015', 'Lý Tuấn Bình', 49, 'P419', TRUE),
    ('LHP104', 'CS200_HK32025-2026_104', 'Stand-alone executive intranet - Học kỳ hè Năm học 2025-2026 - Lớp 104', 'MH025', 'CS200', 'Stand-alone executive intranet', 'HK015', 'Học kỳ hè Năm học 2025-2026', 'GV010', 'Hồ Bảo Chiến', 37, 'P371', TRUE),
    ('LHP105', 'PHY629_HK12021-2022_105', 'Operative didactic application - Học kỳ 1 Năm học 2021-2022 - Lớp 105', 'MH074', 'PHY629', 'Operative didactic application', 'HK001', 'Học kỳ 1 Năm học 2021-2022', 'GV011', 'Dương Đức Phương', 31, 'P421', TRUE),
    ('LHP106', 'CHEM883_HK32021-2022_106', 'Visionary even-keeled algorithm - Học kỳ hè Năm học 2021-2022 - Lớp 106', 'MH056', 'CHEM883', 'Visionary even-keeled algorithm', 'HK003', 'Học kỳ hè Năm học 2021-2022', 'GV016', 'Nguyễn Phương Em', 49, 'P491', TRUE),
    ('LHP107', 'NN102_HK12023-2024_107', 'Tiếng Anh học thuật - Học kỳ 1 Năm học 2023-2024 - Lớp 107', 'MH016', 'NN102', 'Tiếng Anh học thuật', 'HK007', 'Học kỳ 1 Năm học 2023-2024', 'GV010', 'Hồ Bảo Chiến', 37, 'P473', TRUE),
    ('LHP108', 'CS400_HK12022-2023_108', 'Organized regional utilization - Học kỳ 1 Năm học 2022-2023 - Lớp 108', 'MH077', 'CS400', 'Organized regional utilization', 'HK004', 'Học kỳ 1 Năm học 2022-2023', 'GV017', 'Bùi Kim Phúc', 60, 'P337', TRUE),
    ('LHP109', 'MATH631_HK12025-2026_109', 'Ameliorated regional customer loyalty - Học kỳ 1 Năm học 2025-2026 - Lớp 109', 'MH023', 'MATH631', 'Ameliorated regional customer loyalty', 'HK013', 'Học kỳ 1 Năm học 2025-2026', 'GV019', 'Hoàng Văn Phúc', 46, 'P266', TRUE),
    ('LHP110', 'KT202_HK32024-2025_110', 'Tài chính doanh nghiệp - Học kỳ hè Năm học 2024-2025 - Lớp 110', 'MH013', 'KT202', 'Tài chính doanh nghiệp', 'HK012', 'Học kỳ hè Năm học 2024-2025', 'GV015', 'Lý Tuấn Bình', 54, 'P398', TRUE),
    ('LHP111', 'KT202_HK12025-2026_111', 'Tài chính doanh nghiệp - Học kỳ 1 Năm học 2025-2026 - Lớp 111', 'MH013', 'KT202', 'Tài chính doanh nghiệp', 'HK013', 'Học kỳ 1 Năm học 2025-2026', 'GV006', 'Đặng Đức Giang', 68, 'P219', TRUE),
    ('LHP112', 'PHY515_HK32025-2026_112', 'Upgradable heuristic info-mediaries - Học kỳ hè Năm học 2025-2026 - Lớp 112', 'MH055', 'PHY515', 'Upgradable heuristic info-mediaries', 'HK015', 'Học kỳ hè Năm học 2025-2026', 'GV014', 'Phạm Đức Quân', 67, 'P151', TRUE),
    ('LHP113', 'NN202_HK12025-2026_113', 'Tiếng Trung cơ bản - Học kỳ 1 Năm học 2025-2026 - Lớp 113', 'MH018', 'NN202', 'Tiếng Trung cơ bản', 'HK013', 'Học kỳ 1 Năm học 2025-2026', 'GV002', 'Ngô Tuấn Việt', 40, 'P285', TRUE),
    ('LHP114', 'MATH894_HK32022-2023_114', 'Enterprise-wide bottom-line benchmark - Học kỳ hè Năm học 2022-2023 - Lớp 114', 'MH049', 'MATH894', 'Enterprise-wide bottom-line benchmark', 'HK006', 'Học kỳ hè Năm học 2022-2023', 'GV010', 'Hồ Bảo Chiến', 43, 'P144', TRUE),
    ('LHP115', 'PHY115_HK12021-2022_115', 'User-friendly stable capability - Học kỳ 1 Năm học 2021-2022 - Lớp 115', 'MH062', 'PHY115', 'User-friendly stable capability', 'HK001', 'Học kỳ 1 Năm học 2021-2022', 'GV019', 'Hoàng Văn Phúc', 49, 'P218', TRUE),
    ('LHP116', 'KT101_HK12022-2023_116', 'Kinh tế vi mô - Học kỳ 1 Năm học 2022-2023 - Lớp 116', 'MH010', 'KT101', 'Kinh tế vi mô', 'HK004', 'Học kỳ 1 Năm học 2022-2023', 'GV015', 'Lý Tuấn Bình', 33, 'P386', TRUE),
    ('LHP117', 'MATH205_HK12023-2024_117', 'Multi-layered foreground installation - Học kỳ 1 Năm học 2023-2024 - Lớp 117', 'MH059', 'MATH205', 'Multi-layered foreground installation', 'HK007', 'Học kỳ 1 Năm học 2023-2024', 'GV002', 'Ngô Tuấn Việt', 48, 'P336', TRUE),
    ('LHP118', 'KT201_HK32024-2025_118', 'Nguyên lý kế toán - Học kỳ hè Năm học 2024-2025 - Lớp 118', 'MH012', 'KT201', 'Nguyên lý kế toán', 'HK012', 'Học kỳ hè Năm học 2024-2025', 'GV011', 'Dương Đức Phương', 78, 'P223', TRUE),
    ('LHP119', 'CS200_HK32023-2024_119', 'Stand-alone executive intranet - Học kỳ hè Năm học 2023-2024 - Lớp 119', 'MH025', 'CS200', 'Stand-alone executive intranet', 'HK009', 'Học kỳ hè Năm học 2023-2024', 'GV006', 'Đặng Đức Giang', 69, 'P137', TRUE),
    ('LHP120', 'KT101_HK12024-2025_120', 'Kinh tế vi mô - Học kỳ 1 Năm học 2024-2025 - Lớp 120', 'MH010', 'KT101', 'Kinh tế vi mô', 'HK010', 'Học kỳ 1 Năm học 2024-2025', 'GV019', 'Hoàng Văn Phúc', 59, 'P122', TRUE);

INSERT INTO diem (id, hoc_vien_id, ma_hv, ho_ten_hv, mon_hoc_id, ma_mon, ten_mon, so_tin_chi, hoc_ky_id, ten_hoc_ky, lop_hoc_phan_id, diem_chuyen_can, diem_thuong_xuyen, diem_thi, diem_tong_ket, diem_chu, diem_he4, dat) VALUES
    (1, 'HV013', '643135', 'Đỗ Đức Sơn', 'MH069', 'MATH861', 'Compatible contextually-based encryption', 3, 'HK001', 'Học kỳ 1 Năm học 2021-2022', 'LHP083', 9.0, 7.75, 8.5, 8.4, 'B+', 3.5, TRUE),
    (2, 'HV017', '655647', 'Nguyễn Quang Em', 'MH037', 'PHY856', 'Open-architected coherent system engine', 2, 'HK004', 'Học kỳ 1 Năm học 2022-2023', 'LHP065', 6.0, 8.5, 7.0, 7.2, 'B', 3.0, TRUE),
    (3, 'HV009', '649863', 'Lý Hải Phương', 'MH076', 'MATH782', 'Extended value-added functionalities', 2, 'HK001', 'Học kỳ 1 Năm học 2021-2022', 'LHP018', 8.75, 10.0, 9.0, 9.18, 'A+', 4.0, TRUE),
    (4, 'HV037', '666520', 'Ngô Bảo Hoa', 'MH014', 'KT301', 'Kinh tế lượng', 3, 'HK014', 'Học kỳ 2 Năm học 2025-2026', 'LHP095', 7.0, 5.5, 5.5, 5.65, 'C', 2.0, TRUE),
    (5, 'HV047', '657727', 'Đỗ Đức Việt', 'MH076', 'MATH782', 'Extended value-added functionalities', 2, 'HK001', 'Học kỳ 1 Năm học 2021-2022', 'LHP018', 4.0, 3.5, 4.25, 4.07, 'D', 1.0, FALSE),
    (6, 'HV002', '637868', 'Lê Thanh Tùng', 'MH019', 'QS101', 'Giáo dục Quốc phòng', 2, 'HK007', 'Học kỳ 1 Năm học 2023-2024', 'LHP084', 7.25, 8.75, 7.0, 7.38, 'B', 3.0, TRUE),
    (7, 'HV022', '648919', 'Lý Thanh Giang', 'MH036', 'CHEM838', 'Diverse attitude-oriented extranet', 2, 'HK003', 'Học kỳ hè Năm học 2021-2022', 'LHP016', 9.5, 9.5, 8.75, 8.97, 'A', 4.0, TRUE),
    (8, 'HV027', '649454', 'Lê Hải Em', 'MH010', 'KT101', 'Kinh tế vi mô', 3, 'HK004', 'Học kỳ 1 Năm học 2022-2023', 'LHP116', 8.5, 8.75, 9.0, 8.9, 'A', 4.0, TRUE),
    (9, 'HV002', '637868', 'Lê Thanh Tùng', 'MH002', 'IT102', 'Lập trình cơ bản', 4, 'HK014', 'Học kỳ 2 Năm học 2025-2026', 'LHP088', 6.5, 5.5, 8.25, 7.52, 'B', 3.0, TRUE),
    (10, 'HV043', '666202', 'Nguyễn Minh Phương', 'MH039', 'PHY983', 'Up-sized fresh-thinking protocol', 2, 'HK003', 'Học kỳ hè Năm học 2021-2022', 'LHP021', 10.0, 8.25, 10.0, 9.65, 'A+', 4.0, TRUE),
    (11, 'HV025', '662151', 'Dương Đức Bình', 'MH069', 'MATH861', 'Compatible contextually-based encryption', 3, 'HK001', 'Học kỳ 1 Năm học 2021-2022', 'LHP083', 8.75, 8.5, 9.25, 9.05, 'A+', 4.0, TRUE),
    (12, 'HV001', '666106', 'Dương Hải Giang', 'MH070', 'CHEM868', 'Assimilated exuding budgetary management', 2, 'HK004', 'Học kỳ 1 Năm học 2022-2023', 'LHP096', 10.0, 9.5, 9.0, 9.2, 'A+', 4.0, TRUE),
    (13, 'HV021', '656727', 'Phạm Minh Nguyệt', 'MH069', 'MATH861', 'Compatible contextually-based encryption', 3, 'HK001', 'Học kỳ 1 Năm học 2021-2022', 'LHP083', 10.0, 10.0, 8.5, 8.95, 'A', 4.0, TRUE),
    (14, 'HV026', '661303', 'Bùi Kim Hoa', 'MH070', 'CHEM868', 'Assimilated exuding budgetary management', 2, 'HK004', 'Học kỳ 1 Năm học 2022-2023', 'LHP096', 4.75, 5.0, 4.5, 4.62, 'D', 1.0, FALSE),
    (15, 'HV022', '648919', 'Lý Thanh Giang', 'MH070', 'CHEM868', 'Assimilated exuding budgetary management', 2, 'HK004', 'Học kỳ 1 Năm học 2022-2023', 'LHP096', 8.5, 8.5, 9.0, 8.85, 'A', 4.0, TRUE),
    (16, 'HV043', '666202', 'Nguyễn Minh Phương', 'MH053', 'CS920', 'Persevering content-based matrices', 3, 'HK003', 'Học kỳ hè Năm học 2021-2022', 'LHP100', 10.0, 10.0, 10.0, 10.0, 'A+', 4.0, TRUE),
    (17, 'HV011', '657145', 'Bùi Kim Linh', 'MH078', 'CS417', 'Extended responsive access', 3, 'HK009', 'Học kỳ hè Năm học 2023-2024', 'LHP062', 9.25, 7.75, 9.25, 8.95, 'A', 4.0, TRUE),
    (18, 'HV040', '654048', 'Đặng Hữu Yến', 'MH005', 'IT203', 'Mạng máy tính', 3, 'HK002', 'Học kỳ 2 Năm học 2021-2022', 'LHP029', 10.0, 9.75, 8.5, 8.9, 'A', 4.0, TRUE),
    (19, 'HV015', '674571', 'Ngô Tuấn Nguyệt', 'MH006', 'IT301', 'Phát triển ứng dụng Web', 3, 'HK002', 'Học kỳ 2 Năm học 2021-2022', 'LHP071', 10.0, 7.75, 9.0, 8.85, 'A', 4.0, TRUE),
    (20, 'HV042', '638542', 'Lý Hữu Dũng', 'MH077', 'CS400', 'Organized regional utilization', 4, 'HK003', 'Học kỳ hè Năm học 2021-2022', 'LHP073', 7.5, 8.0, 8.5, 8.3, 'B+', 3.5, TRUE),
    (21, 'HV032', '653109', 'Lý Ngọc Xuân', 'MH030', 'CS133', 'Mandatory zero tolerance array', 3, 'HK014', 'Học kỳ 2 Năm học 2025-2026', 'LHP006', 6.0, 5.75, 8.0, 7.35, 'B', 3.0, TRUE),
    (22, 'HV024', '669113', 'Hồ Hải Xuân', 'MH074', 'PHY629', 'Operative didactic application', 3, 'HK013', 'Học kỳ 1 Năm học 2025-2026', 'LHP060', 8.75, 9.0, 9.25, 9.15, 'A+', 4.0, TRUE),
    (23, 'HV029', '665364', 'Hồ Phương Yến', 'MH077', 'CS400', 'Organized regional utilization', 4, 'HK013', 'Học kỳ 1 Năm học 2025-2026', 'LHP052', 8.25, 6.75, 9.25, 8.65, 'A', 4.0, TRUE),
    (24, 'HV008', '656213', 'Ngô Đức Yến', 'MH019', 'QS101', 'Giáo dục Quốc phòng', 2, 'HK005', 'Học kỳ 2 Năm học 2022-2023', 'LHP098', 6.5, 5.75, 5.25, 5.47, 'D+', 1.5, TRUE),
    (25, 'HV010', '663199', 'Ngô Đức Linh', 'MH019', 'QS101', 'Giáo dục Quốc phòng', 2, 'HK007', 'Học kỳ 1 Năm học 2023-2024', 'LHP084', 7.25, 6.25, 7.25, 7.05, 'B', 3.0, TRUE),
    (26, 'HV030', '638533', 'Phạm Thanh Tùng', 'MH002', 'IT102', 'Lập trình cơ bản', 4, 'HK006', 'Học kỳ hè Năm học 2022-2023', 'LHP010', 8.25, 8.25, 9.0, 8.78, 'A', 4.0, TRUE),
    (27, 'HV035', '674894', 'Hồ Ngọc Tùng', 'MH017', 'NN201', 'Tiếng Anh chuyên ngành', 3, 'HK014', 'Học kỳ 2 Năm học 2025-2026', 'LHP103', 6.75, 7.75, 8.75, 8.35, 'B+', 3.5, TRUE),
    (28, 'HV036', '675486', 'Lý Ngọc Anh', 'MH035', 'MATH316', 'Stand-alone value-added complexity', 2, 'HK006', 'Học kỳ hè Năm học 2022-2023', 'LHP050', 9.25, 8.5, 10.0, 9.62, 'A+', 4.0, TRUE),
    (29, 'HV049', '664675', 'Đặng Bảo Phúc', 'MH014', 'KT301', 'Kinh tế lượng', 3, 'HK015', 'Học kỳ hè Năm học 2025-2026', 'LHP063', 9.25, 8.0, 7.75, 7.95, 'B', 3.0, TRUE),
    (30, 'HV008', '656213', 'Ngô Đức Yến', 'MH050', 'CHEM426', 'Mandatory 3rdgeneration success', 2, 'HK012', 'Học kỳ hè Năm học 2024-2025', 'LHP089', 6.0, 5.25, 5.0, 5.15, 'D+', 1.5, TRUE),
    (31, 'HV017', '655647', 'Nguyễn Quang Em', 'MH030', 'CS133', 'Mandatory zero tolerance array', 3, 'HK007', 'Học kỳ 1 Năm học 2023-2024', 'LHP055', 8.25, 7.75, 7.75, 7.8, 'B', 3.0, TRUE),
    (32, 'HV002', '637868', 'Lê Thanh Tùng', 'MH040', 'CHEM131', 'Triple-buffered global matrix', 2, 'HK002', 'Học kỳ 2 Năm học 2021-2022', 'LHP056', 6.0, 6.25, 6.75, 6.57, 'C+', 2.5, TRUE),
    (33, 'HV046', '631135', 'Đặng Đức Bình', 'MH055', 'PHY515', 'Upgradable heuristic info-mediaries', 2, 'HK004', 'Học kỳ 1 Năm học 2022-2023', 'LHP005', 7.75, 8.75, 7.5, 7.78, 'B', 3.0, TRUE),
    (34, 'HV002', '637868', 'Lê Thanh Tùng', 'MH032', 'CS591', 'Quality-focused responsive neural-net', 3, 'HK009', 'Học kỳ hè Năm học 2023-2024', 'LHP051', 6.0, 7.75, 4.0, 4.95, 'D', 1.0, FALSE),
    (35, 'HV021', '656727', 'Phạm Minh Nguyệt', 'MH036', 'CHEM838', 'Diverse attitude-oriented extranet', 2, 'HK003', 'Học kỳ hè Năm học 2021-2022', 'LHP016', 8.5, 9.25, 10.0, 9.7, 'A+', 4.0, TRUE),
    (36, 'HV002', '637868', 'Lê Thanh Tùng', 'MH069', 'MATH861', 'Compatible contextually-based encryption', 3, 'HK002', 'Học kỳ 2 Năm học 2021-2022', 'LHP076', 5.25, 7.75, 7.5, 7.33, 'B', 3.0, TRUE),
    (37, 'HV021', '656727', 'Phạm Minh Nguyệt', 'MH019', 'QS101', 'Giáo dục Quốc phòng', 2, 'HK007', 'Học kỳ 1 Năm học 2023-2024', 'LHP084', 8.75, 10.0, 9.75, 9.7, 'A+', 4.0, TRUE),
    (38, 'HV039', '643683', 'Dương Thanh Chiến', 'MH069', 'MATH861', 'Compatible contextually-based encryption', 3, 'HK008', 'Học kỳ 2 Năm học 2023-2024', 'LHP044', 9.75, 10.0, 8.5, 8.92, 'A', 4.0, TRUE),
    (39, 'HV044', '659654', 'Bùi Hữu Chiến', 'MH074', 'PHY629', 'Operative didactic application', 3, 'HK013', 'Học kỳ 1 Năm học 2025-2026', 'LHP060', 9.0, 7.25, 8.75, 8.47, 'B+', 3.5, TRUE),
    (40, 'HV014', '672765', 'Ngô Thị Hương', 'MH012', 'KT201', 'Nguyên lý kế toán', 4, 'HK012', 'Học kỳ hè Năm học 2024-2025', 'LHP118', 6.0, 6.0, 5.0, 5.3, 'D+', 1.5, TRUE),
    (41, 'HV022', '648919', 'Lý Thanh Giang', 'MH069', 'MATH861', 'Compatible contextually-based encryption', 3, 'HK002', 'Học kỳ 2 Năm học 2021-2022', 'LHP076', 8.75, 7.75, 9.0, 8.72, 'A', 4.0, TRUE),
    (42, 'HV044', '659654', 'Bùi Hữu Chiến', 'MH010', 'KT101', 'Kinh tế vi mô', 3, 'HK010', 'Học kỳ 1 Năm học 2024-2025', 'LHP120', 7.75, 7.25, 8.25, 8.0, 'B+', 3.5, TRUE),
    (43, 'HV003', '674688', 'Bùi Phương Việt', 'MH056', 'CHEM883', 'Visionary even-keeled algorithm', 4, 'HK011', 'Học kỳ 2 Năm học 2024-2025', 'LHP053', 9.5, 7.75, 6.75, 7.22, 'B', 3.0, TRUE),
    (44, 'HV003', '674688', 'Bùi Phương Việt', 'MH054', 'CHEM194', 'Exclusive 24/7 function', 3, 'HK010', 'Học kỳ 1 Năm học 2024-2025', 'LHP058', 7.5, 8.0, 6.75, 7.07, 'B', 3.0, TRUE),
    (45, 'HV032', '653109', 'Lý Ngọc Xuân', 'MH027', 'PHY923', 'Digitized mission-critical projection', 3, 'HK009', 'Học kỳ hè Năm học 2023-2024', 'LHP094', 6.75, 7.25, 6.0, 6.32, 'C+', 2.5, TRUE),
    (46, 'HV033', '665288', 'Phạm Bảo Sơn', 'MH080', 'CS346', 'Public-key disintermediate methodology', 3, 'HK006', 'Học kỳ hè Năm học 2022-2023', 'LHP002', 9.0, 7.0, 7.0, 7.2, 'B', 3.0, TRUE),
    (47, 'HV034', '633301', 'Trần Bảo Phương', 'MH005', 'IT203', 'Mạng máy tính', 3, 'HK002', 'Học kỳ 2 Năm học 2021-2022', 'LHP029', 7.75, 9.5, 8.75, 8.8, 'A', 4.0, TRUE),
    (48, 'HV014', '672765', 'Ngô Thị Hương', 'MH054', 'CHEM194', 'Exclusive 24/7 function', 3, 'HK010', 'Học kỳ 1 Năm học 2024-2025', 'LHP058', 6.0, 6.0, 4.5, 4.95, 'D', 1.0, FALSE),
    (49, 'HV017', '655647', 'Nguyễn Quang Em', 'MH072', 'MATH596', 'Robust dynamic methodology', 4, 'HK006', 'Học kỳ hè Năm học 2022-2023', 'LHP024', 7.5, 5.75, 7.0, 6.8, 'C+', 2.5, TRUE),
    (50, 'HV038', '657859', 'Dương Quang Giang', 'MH012', 'KT201', 'Nguyên lý kế toán', 4, 'HK012', 'Học kỳ hè Năm học 2024-2025', 'LHP118', 9.75, 10.0, 10.0, 9.97, 'A+', 4.0, TRUE),
    (51, 'HV034', '633301', 'Trần Bảo Phương', 'MH055', 'PHY515', 'Upgradable heuristic info-mediaries', 2, 'HK015', 'Học kỳ hè Năm học 2025-2026', 'LHP112', 9.25, 8.25, 9.5, 9.22, 'A+', 4.0, TRUE),
    (52, 'HV003', '674688', 'Bùi Phương Việt', 'MH064', 'PHY837', 'Face-to-face regional hierarchy', 3, 'HK005', 'Học kỳ 2 Năm học 2022-2023', 'LHP069', 7.75, 8.25, 8.5, 8.38, 'B+', 3.5, TRUE),
    (53, 'HV029', '665364', 'Hồ Phương Yến', 'MH071', 'PHY474', 'Total optimizing software', 3, 'HK015', 'Học kỳ hè Năm học 2025-2026', 'LHP059', 7.25, 6.0, 9.0, 8.22, 'B+', 3.5, TRUE),
    (54, 'HV036', '675486', 'Lý Ngọc Anh', 'MH039', 'PHY983', 'Up-sized fresh-thinking protocol', 2, 'HK005', 'Học kỳ 2 Năm học 2022-2023', 'LHP034', 9.25, 10.0, 7.25, 8.0, 'B+', 3.5, TRUE),
    (55, 'HV039', '643683', 'Dương Thanh Chiến', 'MH006', 'IT301', 'Phát triển ứng dụng Web', 3, 'HK006', 'Học kỳ hè Năm học 2022-2023', 'LHP001', 9.75, 9.5, 10.0, 9.88, 'A+', 4.0, TRUE),
    (56, 'HV040', '654048', 'Đặng Hữu Yến', 'MH065', 'CHEM796', 'Vision-oriented multi-tasking encryption', 2, 'HK002', 'Học kỳ 2 Năm học 2021-2022', 'LHP032', 10.0, 9.25, 8.5, 8.8, 'A', 4.0, TRUE),
    (57, 'HV031', '632283', 'Trần Đức Anh', 'MH078', 'CS417', 'Extended responsive access', 3, 'HK009', 'Học kỳ hè Năm học 2023-2024', 'LHP062', 8.5, 8.25, 8.0, 8.1, 'B+', 3.5, TRUE),
    (58, 'HV033', '665288', 'Phạm Bảo Sơn', 'MH049', 'MATH894', 'Enterprise-wide bottom-line benchmark', 2, 'HK010', 'Học kỳ 1 Năm học 2024-2025', 'LHP090', 6.25, 7.25, 6.0, 6.27, 'C+', 2.5, TRUE),
    (59, 'HV016', '642794', 'Đặng Tuấn Yến', 'MH030', 'CS133', 'Mandatory zero tolerance array', 3, 'HK015', 'Học kỳ hè Năm học 2025-2026', 'LHP054', 9.0, 9.75, 8.5, 8.8, 'A', 4.0, TRUE),
    (60, 'HV044', '659654', 'Bùi Hữu Chiến', 'MH080', 'CS346', 'Public-key disintermediate methodology', 3, 'HK006', 'Học kỳ hè Năm học 2022-2023', 'LHP002', 9.0, 7.75, 9.5, 9.1, 'A+', 4.0, TRUE),
    (61, 'HV034', '633301', 'Trần Bảo Phương', 'MH069', 'MATH861', 'Compatible contextually-based encryption', 3, 'HK001', 'Học kỳ 1 Năm học 2021-2022', 'LHP083', 9.25, 9.0, 9.0, 9.03, 'A+', 4.0, TRUE),
    (62, 'HV023', '646366', 'Đặng Đức Em', 'MH028', 'CS651', 'Realigned intangible framework', 2, 'HK003', 'Học kỳ hè Năm học 2021-2022', 'LHP082', 10.0, 10.0, 9.25, 9.47, 'A+', 4.0, TRUE),
    (63, 'HV018', '675392', 'Bùi Bảo Phương', 'MH021', 'QS201', 'Chiến thuật bộ binh', 3, 'HK014', 'Học kỳ 2 Năm học 2025-2026', 'LHP097', 9.75, 9.5, 7.5, 8.12, 'B+', 3.5, TRUE),
    (64, 'HV046', '631135', 'Đặng Đức Bình', 'MH066', 'CS582', 'Object-based composite help-desk', 2, 'HK008', 'Học kỳ 2 Năm học 2023-2024', 'LHP031', 8.5, 7.5, 8.75, 8.47, 'B+', 3.5, TRUE),
    (65, 'HV002', '637868', 'Lê Thanh Tùng', 'MH013', 'KT202', 'Tài chính doanh nghiệp', 3, 'HK004', 'Học kỳ 1 Năm học 2022-2023', 'LHP091', 5.75, 6.5, 6.25, 6.25, 'C+', 2.5, TRUE),
    (66, 'HV032', '653109', 'Lý Ngọc Xuân', 'MH013', 'KT202', 'Tài chính doanh nghiệp', 3, 'HK002', 'Học kỳ 2 Năm học 2021-2022', 'LHP025', 8.5, 8.5, 7.5, 7.8, 'B', 3.0, TRUE),
    (67, 'HV032', '653109', 'Lý Ngọc Xuân', 'MH018', 'NN202', 'Tiếng Trung cơ bản', 4, 'HK007', 'Học kỳ 1 Năm học 2023-2024', 'LHP092', 7.25, 7.5, 8.75, 8.35, 'B+', 3.5, TRUE),
    (68, 'HV001', '666106', 'Dương Hải Giang', 'MH002', 'IT102', 'Lập trình cơ bản', 4, 'HK006', 'Học kỳ hè Năm học 2022-2023', 'LHP010', 9.0, 7.75, 9.0, 8.75, 'A', 4.0, TRUE),
    (69, 'HV007', '678302', 'Dương Minh Sơn', 'MH002', 'IT102', 'Lập trình cơ bản', 4, 'HK006', 'Học kỳ hè Năm học 2022-2023', 'LHP010', 9.0, 9.0, 8.25, 8.47, 'B+', 3.5, TRUE),
    (70, 'HV038', '657859', 'Dương Quang Giang', 'MH006', 'IT301', 'Phát triển ứng dụng Web', 3, 'HK003', 'Học kỳ hè Năm học 2021-2022', 'LHP022', 9.5, 10.0, 9.75, 9.77, 'A+', 4.0, TRUE),
    (71, 'HV004', '649110', 'Lý Ngọc Chiến', 'MH075', 'CHEM731', 'Stand-alone analyzing focus group', 4, 'HK005', 'Học kỳ 2 Năm học 2022-2023', 'LHP035', 7.5, 9.75, 8.75, 8.82, 'A', 4.0, TRUE),
    (72, 'HV028', '655141', 'Lê Văn Linh', 'MH038', 'CS970', 'Public-key fresh-thinking function', 2, 'HK011', 'Học kỳ 2 Năm học 2024-2025', 'LHP039', 7.0, 7.5, 8.0, 7.8, 'B', 3.0, TRUE),
    (73, 'HV001', '666106', 'Dương Hải Giang', 'MH080', 'CS346', 'Public-key disintermediate methodology', 3, 'HK006', 'Học kỳ hè Năm học 2022-2023', 'LHP002', 10.0, 8.5, 10.0, 9.7, 'A+', 4.0, TRUE),
    (74, 'HV024', '669113', 'Hồ Hải Xuân', 'MH006', 'IT301', 'Phát triển ứng dụng Web', 3, 'HK003', 'Học kỳ hè Năm học 2021-2022', 'LHP022', 7.25, 7.75, 8.5, 8.22, 'B+', 3.5, TRUE),
    (75, 'HV050', '651232', 'Dương Minh Em', 'MH062', 'PHY115', 'User-friendly stable capability', 4, 'HK008', 'Học kỳ 2 Năm học 2023-2024', 'LHP045', 8.75, 8.75, 8.75, 8.75, 'A', 4.0, TRUE),
    (76, 'HV014', '672765', 'Ngô Thị Hương', 'MH069', 'MATH861', 'Compatible contextually-based encryption', 3, 'HK001', 'Học kỳ 1 Năm học 2021-2022', 'LHP083', 5.5, 5.0, 7.0, 6.45, 'C+', 2.5, TRUE),
    (77, 'HV006', '648067', 'Đặng Văn Linh', 'MH006', 'IT301', 'Phát triển ứng dụng Web', 3, 'HK002', 'Học kỳ 2 Năm học 2021-2022', 'LHP071', 9.0, 9.25, 10.0, 9.75, 'A+', 4.0, TRUE),
    (78, 'HV004', '649110', 'Lý Ngọc Chiến', 'MH041', 'CHEM375', 'Enterprise-wide leadingedge encoding', 2, 'HK006', 'Học kỳ hè Năm học 2022-2023', 'LHP011', 9.5, 8.25, 7.75, 8.03, 'B+', 3.5, TRUE),
    (79, 'HV017', '655647', 'Nguyễn Quang Em', 'MH006', 'IT301', 'Phát triển ứng dụng Web', 3, 'HK002', 'Học kỳ 2 Năm học 2021-2022', 'LHP071', 7.25, 7.0, 7.25, 7.2, 'B', 3.0, TRUE),
    (80, 'HV049', '664675', 'Đặng Bảo Phúc', 'MH076', 'MATH782', 'Extended value-added functionalities', 2, 'HK001', 'Học kỳ 1 Năm học 2021-2022', 'LHP018', 8.0, 10.0, 9.0, 9.1, 'A+', 4.0, TRUE),
    (81, 'HV032', '653109', 'Lý Ngọc Xuân', 'MH047', 'MATH710', 'Customer-focused optimizing challenge', 4, 'HK014', 'Học kỳ 2 Năm học 2025-2026', 'LHP003', 7.0, 6.75, 6.0, 6.25, 'C+', 2.5, TRUE),
    (82, 'HV018', '675392', 'Bùi Bảo Phương', 'MH016', 'NN102', 'Tiếng Anh học thuật', 3, 'HK007', 'Học kỳ 1 Năm học 2023-2024', 'LHP107', 8.0, 7.75, 9.0, 8.65, 'A', 4.0, TRUE),
    (83, 'HV042', '638542', 'Lý Hữu Dũng', 'MH036', 'CHEM838', 'Diverse attitude-oriented extranet', 2, 'HK003', 'Học kỳ hè Năm học 2021-2022', 'LHP016', 7.75, 8.5, 9.0, 8.78, 'A', 4.0, TRUE),
    (84, 'HV030', '638533', 'Phạm Thanh Tùng', 'MH009', 'IT304', 'An toàn và bảo mật thông tin', 3, 'HK006', 'Học kỳ hè Năm học 2022-2023', 'LHP057', 7.75, 8.25, 7.0, 7.32, 'B', 3.0, TRUE),
    (85, 'HV023', '646366', 'Đặng Đức Em', 'MH010', 'KT101', 'Kinh tế vi mô', 3, 'HK009', 'Học kỳ hè Năm học 2023-2024', 'LHP038', 8.75, 10.0, 10.0, 9.88, 'A+', 4.0, TRUE),
    (86, 'HV032', '653109', 'Lý Ngọc Xuân', 'MH044', 'CS954', 'Versatile 6thgeneration alliance', 3, 'HK012', 'Học kỳ hè Năm học 2024-2025', 'LHP028', 9.25, 7.0, 7.5, 7.58, 'B', 3.0, TRUE),
    (87, 'HV028', '655141', 'Lê Văn Linh', 'MH006', 'IT301', 'Phát triển ứng dụng Web', 3, 'HK006', 'Học kỳ hè Năm học 2022-2023', 'LHP001', 6.75, 8.5, 8.0, 7.97, 'B', 3.0, TRUE),
    (88, 'HV019', '638860', 'Bùi Thanh Hạnh', 'MH072', 'MATH596', 'Robust dynamic methodology', 4, 'HK006', 'Học kỳ hè Năm học 2022-2023', 'LHP024', 9.25, 6.5, 8.0, 7.82, 'B', 3.0, TRUE),
    (89, 'HV007', '678302', 'Dương Minh Sơn', 'MH059', 'MATH205', 'Multi-layered foreground installation', 2, 'HK007', 'Học kỳ 1 Năm học 2023-2024', 'LHP117', 7.25, 8.75, 9.25, 8.95, 'A', 4.0, TRUE),
    (90, 'HV006', '648067', 'Đặng Văn Linh', 'MH036', 'CHEM838', 'Diverse attitude-oriented extranet', 2, 'HK003', 'Học kỳ hè Năm học 2021-2022', 'LHP016', 10.0, 9.75, 9.75, 9.77, 'A+', 4.0, TRUE),
    (91, 'HV016', '642794', 'Đặng Tuấn Yến', 'MH055', 'PHY515', 'Upgradable heuristic info-mediaries', 2, 'HK015', 'Học kỳ hè Năm học 2025-2026', 'LHP112', 9.25, 8.5, 6.5, 7.17, 'B', 3.0, TRUE),
    (92, 'HV009', '649863', 'Lý Hải Phương', 'MH049', 'MATH894', 'Enterprise-wide bottom-line benchmark', 2, 'HK006', 'Học kỳ hè Năm học 2022-2023', 'LHP114', 9.25, 9.25, 9.0, 9.07, 'A+', 4.0, TRUE),
    (93, 'HV044', '659654', 'Bùi Hữu Chiến', 'MH066', 'CS582', 'Object-based composite help-desk', 2, 'HK008', 'Học kỳ 2 Năm học 2023-2024', 'LHP031', 9.5, 9.25, 8.75, 8.93, 'A', 4.0, TRUE),
    (94, 'HV009', '649863', 'Lý Hải Phương', 'MH020', 'QS102', 'Điều lệnh Quân đội', 2, 'HK011', 'Học kỳ 2 Năm học 2024-2025', 'LHP009', 10.0, 8.5, 7.25, 7.77, 'B', 3.0, TRUE),
    (95, 'HV043', '666202', 'Nguyễn Minh Phương', 'MH010', 'KT101', 'Kinh tế vi mô', 3, 'HK001', 'Học kỳ 1 Năm học 2021-2022', 'LHP102', 9.25, 10.0, 9.0, 9.22, 'A+', 4.0, TRUE),
    (96, 'HV025', '662151', 'Dương Đức Bình', 'MH074', 'PHY629', 'Operative didactic application', 3, 'HK010', 'Học kỳ 1 Năm học 2024-2025', 'LHP061', 8.75, 8.75, 10.0, 9.62, 'A+', 4.0, TRUE),
    (97, 'HV011', '657145', 'Bùi Kim Linh', 'MH071', 'PHY474', 'Total optimizing software', 3, 'HK009', 'Học kỳ hè Năm học 2023-2024', 'LHP080', 8.25, 6.75, 9.0, 8.47, 'B+', 3.5, TRUE),
    (98, 'HV021', '656727', 'Phạm Minh Nguyệt', 'MH039', 'PHY983', 'Up-sized fresh-thinking protocol', 2, 'HK003', 'Học kỳ hè Năm học 2021-2022', 'LHP021', 10.0, 9.75, 10.0, 9.95, 'A+', 4.0, TRUE),
    (99, 'HV019', '638860', 'Bùi Thanh Hạnh', 'MH053', 'CS920', 'Persevering content-based matrices', 3, 'HK003', 'Học kỳ hè Năm học 2021-2022', 'LHP100', 7.75, 8.75, 7.25, 7.6, 'B', 3.0, TRUE),
    (100, 'HV040', '654048', 'Đặng Hữu Yến', 'MH025', 'CS200', 'Stand-alone executive intranet', 2, 'HK009', 'Học kỳ hè Năm học 2023-2024', 'LHP119', 10.0, 9.0, 9.5, 9.45, 'A+', 4.0, TRUE),
    (101, 'HV024', '669113', 'Hồ Hải Xuân', 'MH042', 'MATH982', 'Virtual human-resource knowledge user', 2, 'HK009', 'Học kỳ hè Năm học 2023-2024', 'LHP066', 8.25, 8.75, 8.25, 8.35, 'B+', 3.5, TRUE),
    (102, 'HV007', '678302', 'Dương Minh Sơn', 'MH010', 'KT101', 'Kinh tế vi mô', 3, 'HK001', 'Học kỳ 1 Năm học 2021-2022', 'LHP102', 9.25, 8.25, 9.0, 8.88, 'A', 4.0, TRUE),
    (103, 'HV008', '656213', 'Ngô Đức Yến', 'MH077', 'CS400', 'Organized regional utilization', 4, 'HK003', 'Học kỳ hè Năm học 2021-2022', 'LHP073', 5.5, 5.75, 5.75, 5.72, 'C', 2.0, TRUE),
    (104, 'HV026', '661303', 'Bùi Kim Hoa', 'MH013', 'KT202', 'Tài chính doanh nghiệp', 3, 'HK012', 'Học kỳ hè Năm học 2024-2025', 'LHP110', 6.25, 6.0, 6.5, 6.38, 'C+', 2.5, TRUE),
    (105, 'HV030', '638533', 'Phạm Thanh Tùng', 'MH039', 'PHY983', 'Up-sized fresh-thinking protocol', 2, 'HK003', 'Học kỳ hè Năm học 2021-2022', 'LHP021', 8.0, 7.0, 9.5, 8.85, 'A', 4.0, TRUE),
    (106, 'HV047', '657727', 'Đỗ Đức Việt', 'MH014', 'KT301', 'Kinh tế lượng', 3, 'HK010', 'Học kỳ 1 Năm học 2024-2025', 'LHP064', 4.0, 3.5, 2.75, 3.02, 'F', 0.0, FALSE),
    (107, 'HV003', '674688', 'Bùi Phương Việt', 'MH062', 'PHY115', 'User-friendly stable capability', 4, 'HK001', 'Học kỳ 1 Năm học 2021-2022', 'LHP115', 8.25, 7.75, 7.75, 7.8, 'B', 3.0, TRUE),
    (108, 'HV008', '656213', 'Ngô Đức Yến', 'MH006', 'IT301', 'Phát triển ứng dụng Web', 3, 'HK003', 'Học kỳ hè Năm học 2021-2022', 'LHP022', 5.0, 4.25, 5.0, 4.85, 'D', 1.0, FALSE),
    (109, 'HV024', '669113', 'Hồ Hải Xuân', 'MH032', 'CS591', 'Quality-focused responsive neural-net', 3, 'HK009', 'Học kỳ hè Năm học 2023-2024', 'LHP051', 8.75, 9.0, 8.75, 8.8, 'A', 4.0, TRUE),
    (110, 'HV030', '638533', 'Phạm Thanh Tùng', 'MH006', 'IT301', 'Phát triển ứng dụng Web', 3, 'HK007', 'Học kỳ 1 Năm học 2023-2024', 'LHP040', 8.25, 8.25, 8.0, 8.07, 'B+', 3.5, TRUE),
    (111, 'HV018', '675392', 'Bùi Bảo Phương', 'MH064', 'PHY837', 'Face-to-face regional hierarchy', 3, 'HK006', 'Học kỳ hè Năm học 2022-2023', 'LHP014', 8.25, 8.5, 9.25, 9.0, 'A+', 4.0, TRUE),
    (112, 'HV005', '679278', 'Bùi Ngọc Việt', 'MH001', 'IT101', 'Nhập môn Công nghệ thông tin', 3, 'HK009', 'Học kỳ hè Năm học 2023-2024', 'LHP074', 8.0, 10.0, 9.25, 9.27, 'A+', 4.0, TRUE),
    (113, 'HV043', '666202', 'Nguyễn Minh Phương', 'MH002', 'IT102', 'Lập trình cơ bản', 4, 'HK006', 'Học kỳ hè Năm học 2022-2023', 'LHP010', 9.25, 10.0, 10.0, 9.93, 'A+', 4.0, TRUE),
    (114, 'HV023', '646366', 'Đặng Đức Em', 'MH077', 'CS400', 'Organized regional utilization', 4, 'HK013', 'Học kỳ 1 Năm học 2025-2026', 'LHP052', 9.0, 9.75, 9.25, 9.32, 'A+', 4.0, TRUE),
    (115, 'HV047', '657727', 'Đỗ Đức Việt', 'MH038', 'CS970', 'Public-key fresh-thinking function', 2, 'HK011', 'Học kỳ 2 Năm học 2024-2025', 'LHP039', 4.5, 5.75, 5.0, 5.1, 'D+', 1.5, TRUE),
    (116, 'HV039', '643683', 'Dương Thanh Chiến', 'MH059', 'MATH205', 'Multi-layered foreground installation', 2, 'HK014', 'Học kỳ 2 Năm học 2025-2026', 'LHP020', 9.5, 10.0, 10.0, 9.95, 'A+', 4.0, TRUE),
    (117, 'HV012', '671537', 'Lê Thị Sơn', 'MH049', 'MATH894', 'Enterprise-wide bottom-line benchmark', 2, 'HK006', 'Học kỳ hè Năm học 2022-2023', 'LHP114', 7.25, 8.0, 7.25, 7.4, 'B', 3.0, TRUE),
    (118, 'HV031', '632283', 'Trần Đức Anh', 'MH013', 'KT202', 'Tài chính doanh nghiệp', 3, 'HK012', 'Học kỳ hè Năm học 2024-2025', 'LHP110', 7.0, 7.25, 7.0, 7.05, 'B', 3.0, TRUE),
    (119, 'HV004', '649110', 'Lý Ngọc Chiến', 'MH057', 'MATH111', 'Compatible value-added model', 2, 'HK011', 'Học kỳ 2 Năm học 2024-2025', 'LHP081', 9.0, 7.75, 6.75, 7.17, 'B', 3.0, TRUE),
    (120, 'HV026', '661303', 'Bùi Kim Hoa', 'MH020', 'QS102', 'Điều lệnh Quân đội', 2, 'HK015', 'Học kỳ hè Năm học 2025-2026', 'LHP013', 6.0, 4.75, 4.5, 4.7, 'D', 1.0, FALSE),
    (121, 'HV004', '649110', 'Lý Ngọc Chiến', 'MH044', 'CS954', 'Versatile 6thgeneration alliance', 3, 'HK004', 'Học kỳ 1 Năm học 2022-2023', 'LHP068', 8.25, 8.5, 7.5, 7.78, 'B', 3.0, TRUE),
    (122, 'HV047', '657727', 'Đỗ Đức Việt', 'MH042', 'MATH982', 'Virtual human-resource knowledge user', 2, 'HK009', 'Học kỳ hè Năm học 2023-2024', 'LHP066', 5.0, 4.0, 4.75, 4.62, 'D', 1.0, FALSE),
    (123, 'HV010', '663199', 'Ngô Đức Linh', 'MH072', 'MATH596', 'Robust dynamic methodology', 4, 'HK006', 'Học kỳ hè Năm học 2022-2023', 'LHP024', 5.25, 6.0, 6.5, 6.28, 'C+', 2.5, TRUE),
    (124, 'HV017', '655647', 'Nguyễn Quang Em', 'MH027', 'PHY923', 'Digitized mission-critical projection', 3, 'HK009', 'Học kỳ hè Năm học 2023-2024', 'LHP094', 9.0, 7.0, 6.75, 7.03, 'B', 3.0, TRUE),
    (125, 'HV046', '631135', 'Đặng Đức Bình', 'MH002', 'IT102', 'Lập trình cơ bản', 4, 'HK006', 'Học kỳ hè Năm học 2022-2023', 'LHP010', 7.75, 7.0, 8.25, 7.95, 'B', 3.0, TRUE),
    (126, 'HV015', '674571', 'Ngô Tuấn Nguyệt', 'MH049', 'MATH894', 'Enterprise-wide bottom-line benchmark', 2, 'HK006', 'Học kỳ hè Năm học 2022-2023', 'LHP114', 8.25, 10.0, 8.5, 8.77, 'A', 4.0, TRUE),
    (127, 'HV003', '674688', 'Bùi Phương Việt', 'MH071', 'PHY474', 'Total optimizing software', 3, 'HK009', 'Học kỳ hè Năm học 2023-2024', 'LHP080', 8.25, 7.5, 9.25, 8.8, 'A', 4.0, TRUE),
    (128, 'HV026', '661303', 'Bùi Kim Hoa', 'MH018', 'NN202', 'Tiếng Trung cơ bản', 4, 'HK007', 'Học kỳ 1 Năm học 2023-2024', 'LHP092', 7.75, 4.5, 5.75, 5.7, 'C', 2.0, TRUE),
    (129, 'HV034', '633301', 'Trần Bảo Phương', 'MH020', 'QS102', 'Điều lệnh Quân đội', 2, 'HK012', 'Học kỳ hè Năm học 2024-2025', 'LHP007', 8.25, 9.0, 7.75, 8.05, 'B+', 3.5, TRUE),
    (130, 'HV034', '633301', 'Trần Bảo Phương', 'MH066', 'CS582', 'Object-based composite help-desk', 2, 'HK008', 'Học kỳ 2 Năm học 2023-2024', 'LHP031', 10.0, 8.0, 9.25, 9.07, 'A+', 4.0, TRUE),
    (131, 'HV032', '653109', 'Lý Ngọc Xuân', 'MH069', 'MATH861', 'Compatible contextually-based encryption', 3, 'HK001', 'Học kỳ 1 Năm học 2021-2022', 'LHP083', 6.75, 8.0, 8.25, 8.05, 'B+', 3.5, TRUE),
    (132, 'HV029', '665364', 'Hồ Phương Yến', 'MH080', 'CS346', 'Public-key disintermediate methodology', 3, 'HK007', 'Học kỳ 1 Năm học 2023-2024', 'LHP041', 7.75, 7.25, 7.25, 7.3, 'B', 3.0, TRUE),
    (133, 'HV044', '659654', 'Bùi Hữu Chiến', 'MH049', 'MATH894', 'Enterprise-wide bottom-line benchmark', 2, 'HK008', 'Học kỳ 2 Năm học 2023-2024', 'LHP004', 7.5, 8.25, 8.5, 8.35, 'B+', 3.5, TRUE),
    (134, 'HV015', '674571', 'Ngô Tuấn Nguyệt', 'MH071', 'PHY474', 'Total optimizing software', 3, 'HK012', 'Học kỳ hè Năm học 2024-2025', 'LHP012', 9.5, 10.0, 8.25, 8.72, 'A', 4.0, TRUE),
    (135, 'HV046', '631135', 'Đặng Đức Bình', 'MH014', 'KT301', 'Kinh tế lượng', 3, 'HK015', 'Học kỳ hè Năm học 2025-2026', 'LHP063', 6.25, 7.25, 9.25, 8.55, 'A', 4.0, TRUE),
    (136, 'HV024', '669113', 'Hồ Hải Xuân', 'MH056', 'CHEM883', 'Visionary even-keeled algorithm', 4, 'HK010', 'Học kỳ 1 Năm học 2024-2025', 'LHP077', 7.75, 8.25, 7.0, 7.32, 'B', 3.0, TRUE),
    (137, 'HV032', '653109', 'Lý Ngọc Xuân', 'MH077', 'CS400', 'Organized regional utilization', 4, 'HK013', 'Học kỳ 1 Năm học 2025-2026', 'LHP052', 8.75, 8.25, 9.0, 8.82, 'A', 4.0, TRUE),
    (138, 'HV021', '656727', 'Phạm Minh Nguyệt', 'MH068', 'MATH295', 'Networked static structure', 2, 'HK007', 'Học kỳ 1 Năm học 2023-2024', 'LHP026', 8.75, 9.25, 10.0, 9.72, 'A+', 4.0, TRUE),
    (139, 'HV008', '656213', 'Ngô Đức Yến', 'MH009', 'IT304', 'An toàn và bảo mật thông tin', 3, 'HK006', 'Học kỳ hè Năm học 2022-2023', 'LHP057', 4.75, 6.5, 4.5, 4.92, 'D', 1.0, FALSE),
    (140, 'HV030', '638533', 'Phạm Thanh Tùng', 'MH027', 'PHY923', 'Digitized mission-critical projection', 3, 'HK012', 'Học kỳ hè Năm học 2024-2025', 'LHP017', 6.5, 7.5, 7.25, 7.22, 'B', 3.0, TRUE),
    (141, 'HV007', '678302', 'Dương Minh Sơn', 'MH012', 'KT201', 'Nguyên lý kế toán', 4, 'HK002', 'Học kỳ 2 Năm học 2021-2022', 'LHP019', 8.75, 8.75, 6.75, 7.35, 'B', 3.0, TRUE),
    (142, 'HV043', '666202', 'Nguyễn Minh Phương', 'MH031', 'CS922', 'Distributed content-based artificial intelligence', 4, 'HK003', 'Học kỳ hè Năm học 2021-2022', 'LHP033', 10.0, 10.0, 9.75, 9.82, 'A+', 4.0, TRUE),
    (143, 'HV016', '642794', 'Đặng Tuấn Yến', 'MH039', 'PHY983', 'Up-sized fresh-thinking protocol', 2, 'HK005', 'Học kỳ 2 Năm học 2022-2023', 'LHP034', 8.5, 8.0, 8.5, 8.4, 'B+', 3.5, TRUE),
    (144, 'HV006', '648067', 'Đặng Văn Linh', 'MH076', 'MATH782', 'Extended value-added functionalities', 2, 'HK001', 'Học kỳ 1 Năm học 2021-2022', 'LHP018', 9.75, 9.0, 9.75, 9.6, 'A+', 4.0, TRUE),
    (145, 'HV050', '651232', 'Dương Minh Em', 'MH007', 'IT302', 'Trí tuệ nhân tạo', 3, 'HK010', 'Học kỳ 1 Năm học 2024-2025', 'LHP015', 9.5, 9.5, 9.5, 9.5, 'A+', 4.0, TRUE),
    (146, 'HV016', '642794', 'Đặng Tuấn Yến', 'MH020', 'QS102', 'Điều lệnh Quân đội', 2, 'HK015', 'Học kỳ hè Năm học 2025-2026', 'LHP013', 8.0, 8.25, 9.75, 9.27, 'A+', 4.0, TRUE),
    (147, 'HV016', '642794', 'Đặng Tuấn Yến', 'MH009', 'IT304', 'An toàn và bảo mật thông tin', 3, 'HK006', 'Học kỳ hè Năm học 2022-2023', 'LHP057', 8.75, 7.5, 9.0, 8.68, 'A', 4.0, TRUE),
    (148, 'HV016', '642794', 'Đặng Tuấn Yến', 'MH027', 'PHY923', 'Digitized mission-critical projection', 3, 'HK009', 'Học kỳ hè Năm học 2023-2024', 'LHP094', 8.75, 7.5, 8.0, 7.97, 'B', 3.0, TRUE),
    (149, 'HV048', '677042', 'Trần Hữu Nguyệt', 'MH010', 'KT101', 'Kinh tế vi mô', 3, 'HK001', 'Học kỳ 1 Năm học 2021-2022', 'LHP102', 8.0, 8.25, 7.0, 7.35, 'B', 3.0, TRUE),
    (150, 'HV031', '632283', 'Trần Đức Anh', 'MH001', 'IT101', 'Nhập môn Công nghệ thông tin', 3, 'HK009', 'Học kỳ hè Năm học 2023-2024', 'LHP074', 6.75, 8.75, 8.0, 8.02, 'B+', 3.5, TRUE),
    (151, 'HV015', '674571', 'Ngô Tuấn Nguyệt', 'MH028', 'CS651', 'Realigned intangible framework', 2, 'HK003', 'Học kỳ hè Năm học 2021-2022', 'LHP082', 9.25, 8.0, 8.5, 8.47, 'B+', 3.5, TRUE),
    (152, 'HV008', '656213', 'Ngô Đức Yến', 'MH056', 'CHEM883', 'Visionary even-keeled algorithm', 4, 'HK011', 'Học kỳ 2 Năm học 2024-2025', 'LHP053', 4.0, 4.75, 5.5, 5.2, 'D+', 1.5, TRUE),
    (153, 'HV028', '655141', 'Lê Văn Linh', 'MH049', 'MATH894', 'Enterprise-wide bottom-line benchmark', 2, 'HK010', 'Học kỳ 1 Năm học 2024-2025', 'LHP090', 6.75, 7.25, 7.0, 7.02, 'B', 3.0, TRUE),
    (154, 'HV030', '638533', 'Phạm Thanh Tùng', 'MH069', 'MATH861', 'Compatible contextually-based encryption', 3, 'HK008', 'Học kỳ 2 Năm học 2023-2024', 'LHP044', 7.75, 9.5, 7.5, 7.93, 'B', 3.0, TRUE),
    (155, 'HV035', '674894', 'Hồ Ngọc Tùng', 'MH001', 'IT101', 'Nhập môn Công nghệ thông tin', 3, 'HK009', 'Học kỳ hè Năm học 2023-2024', 'LHP074', 7.5, 7.25, 5.25, 5.88, 'C', 2.0, TRUE),
    (156, 'HV034', '633301', 'Trần Bảo Phương', 'MH006', 'IT301', 'Phát triển ứng dụng Web', 3, 'HK003', 'Học kỳ hè Năm học 2021-2022', 'LHP022', 7.75, 7.75, 9.75, 9.15, 'A+', 4.0, TRUE),
    (157, 'HV047', '657727', 'Đỗ Đức Việt', 'MH044', 'CS954', 'Versatile 6thgeneration alliance', 3, 'HK004', 'Học kỳ 1 Năm học 2022-2023', 'LHP068', 4.0, 4.25, 3.25, 3.52, 'F', 0.0, FALSE),
    (158, 'HV011', '657145', 'Bùi Kim Linh', 'MH054', 'CHEM194', 'Exclusive 24/7 function', 3, 'HK011', 'Học kỳ 2 Năm học 2024-2025', 'LHP048', 8.25, 7.0, 7.75, 7.65, 'B', 3.0, TRUE),
    (159, 'HV041', '673296', 'Đặng Quang Chiến', 'MH031', 'CS922', 'Distributed content-based artificial intelligence', 4, 'HK003', 'Học kỳ hè Năm học 2021-2022', 'LHP033', 10.0, 8.5, 8.75, 8.82, 'A', 4.0, TRUE),
    (160, 'HV018', '675392', 'Bùi Bảo Phương', 'MH012', 'KT201', 'Nguyên lý kế toán', 4, 'HK012', 'Học kỳ hè Năm học 2024-2025', 'LHP118', 8.25, 9.25, 9.75, 9.5, 'A+', 4.0, TRUE),
    (161, 'HV037', '666520', 'Ngô Bảo Hoa', 'MH019', 'QS101', 'Giáo dục Quốc phòng', 2, 'HK005', 'Học kỳ 2 Năm học 2022-2023', 'LHP098', 8.0, 8.0, 5.5, 6.25, 'C+', 2.5, TRUE),
    (162, 'HV006', '648067', 'Đặng Văn Linh', 'MH062', 'PHY115', 'User-friendly stable capability', 4, 'HK001', 'Học kỳ 1 Năm học 2021-2022', 'LHP115', 8.25, 8.25, 9.5, 9.12, 'A+', 4.0, TRUE),
    (163, 'HV033', '665288', 'Phạm Bảo Sơn', 'MH012', 'KT201', 'Nguyên lý kế toán', 4, 'HK012', 'Học kỳ hè Năm học 2024-2025', 'LHP118', 5.75, 8.5, 9.0, 8.57, 'A', 4.0, TRUE),
    (164, 'HV007', '678302', 'Dương Minh Sơn', 'MH047', 'MATH710', 'Customer-focused optimizing challenge', 4, 'HK014', 'Học kỳ 2 Năm học 2025-2026', 'LHP003', 7.75, 9.75, 8.25, 8.5, 'A', 4.0, TRUE),
    (165, 'HV050', '651232', 'Dương Minh Em', 'MH066', 'CS582', 'Object-based composite help-desk', 2, 'HK008', 'Học kỳ 2 Năm học 2023-2024', 'LHP031', 9.5, 9.5, 9.0, 9.15, 'A+', 4.0, TRUE),
    (166, 'HV038', '657859', 'Dương Quang Giang', 'MH071', 'PHY474', 'Total optimizing software', 3, 'HK012', 'Học kỳ hè Năm học 2024-2025', 'LHP012', 10.0, 8.5, 10.0, 9.7, 'A+', 4.0, TRUE),
    (167, 'HV024', '669113', 'Hồ Hải Xuân', 'MH041', 'CHEM375', 'Enterprise-wide leadingedge encoding', 2, 'HK006', 'Học kỳ hè Năm học 2022-2023', 'LHP011', 8.75, 6.75, 8.25, 8.0, 'B+', 3.5, TRUE),
    (168, 'HV005', '679278', 'Bùi Ngọc Việt', 'MH062', 'PHY115', 'User-friendly stable capability', 4, 'HK008', 'Học kỳ 2 Năm học 2023-2024', 'LHP045', 9.5, 8.75, 9.0, 9.0, 'A+', 4.0, TRUE),
    (169, 'HV002', '637868', 'Lê Thanh Tùng', 'MH071', 'PHY474', 'Total optimizing software', 3, 'HK009', 'Học kỳ hè Năm học 2023-2024', 'LHP080', 7.75, 5.75, 4.5, 5.08, 'D+', 1.5, TRUE),
    (170, 'HV010', '663199', 'Ngô Đức Linh', 'MH012', 'KT201', 'Nguyên lý kế toán', 4, 'HK012', 'Học kỳ hè Năm học 2024-2025', 'LHP118', 7.5, 6.0, 6.25, 6.33, 'C+', 2.5, TRUE),
    (171, 'HV001', '666106', 'Dương Hải Giang', 'MH012', 'KT201', 'Nguyên lý kế toán', 4, 'HK012', 'Học kỳ hè Năm học 2024-2025', 'LHP118', 9.75, 10.0, 9.75, 9.8, 'A+', 4.0, TRUE),
    (172, 'HV016', '642794', 'Đặng Tuấn Yến', 'MH050', 'CHEM426', 'Mandatory 3rdgeneration success', 2, 'HK012', 'Học kỳ hè Năm học 2024-2025', 'LHP089', 7.75, 7.25, 9.0, 8.53, 'A', 4.0, TRUE),
    (173, 'HV050', '651232', 'Dương Minh Em', 'MH014', 'KT301', 'Kinh tế lượng', 3, 'HK005', 'Học kỳ 2 Năm học 2022-2023', 'LHP027', 7.75, 9.0, 9.0, 8.88, 'A', 4.0, TRUE),
    (174, 'HV048', '677042', 'Trần Hữu Nguyệt', 'MH040', 'CHEM131', 'Triple-buffered global matrix', 2, 'HK011', 'Học kỳ 2 Năm học 2024-2025', 'LHP043', 7.5, 7.5, 7.5, 7.5, 'B', 3.0, TRUE),
    (175, 'HV017', '655647', 'Nguyễn Quang Em', 'MH019', 'QS101', 'Giáo dục Quốc phòng', 2, 'HK009', 'Học kỳ hè Năm học 2023-2024', 'LHP046', 7.5, 7.25, 7.25, 7.27, 'B', 3.0, TRUE),
    (176, 'HV026', '661303', 'Bùi Kim Hoa', 'MH007', 'IT302', 'Trí tuệ nhân tạo', 3, 'HK015', 'Học kỳ hè Năm học 2025-2026', 'LHP070', 6.25, 6.25, 7.0, 6.77, 'C+', 2.5, TRUE),
    (177, 'HV013', '643135', 'Đỗ Đức Sơn', 'MH020', 'QS102', 'Điều lệnh Quân đội', 2, 'HK012', 'Học kỳ hè Năm học 2024-2025', 'LHP007', 7.75, 8.5, 7.5, 7.72, 'B', 3.0, TRUE),
    (178, 'HV019', '638860', 'Bùi Thanh Hạnh', 'MH077', 'CS400', 'Organized regional utilization', 4, 'HK002', 'Học kỳ 2 Năm học 2021-2022', 'LHP023', 8.5, 8.75, 8.0, 8.2, 'B+', 3.5, TRUE),
    (179, 'HV011', '657145', 'Bùi Kim Linh', 'MH010', 'KT101', 'Kinh tế vi mô', 3, 'HK009', 'Học kỳ hè Năm học 2023-2024', 'LHP038', 7.75, 6.75, 6.5, 6.67, 'C+', 2.5, TRUE),
    (180, 'HV029', '665364', 'Hồ Phương Yến', 'MH009', 'IT304', 'An toàn và bảo mật thông tin', 3, 'HK006', 'Học kỳ hè Năm học 2022-2023', 'LHP057', 7.5, 7.75, 6.25, 6.67, 'C+', 2.5, TRUE),
    (181, 'HV034', '633301', 'Trần Bảo Phương', 'MH001', 'IT101', 'Nhập môn Công nghệ thông tin', 3, 'HK009', 'Học kỳ hè Năm học 2023-2024', 'LHP074', 9.25, 8.25, 8.5, 8.52, 'A', 4.0, TRUE),
    (182, 'HV049', '664675', 'Đặng Bảo Phúc', 'MH062', 'PHY115', 'User-friendly stable capability', 4, 'HK003', 'Học kỳ hè Năm học 2021-2022', 'LHP086', 8.5, 8.0, 9.0, 8.75, 'A', 4.0, TRUE),
    (183, 'HV004', '649110', 'Lý Ngọc Chiến', 'MH059', 'MATH205', 'Multi-layered foreground installation', 2, 'HK014', 'Học kỳ 2 Năm học 2025-2026', 'LHP020', 7.5, 8.75, 7.5, 7.75, 'B', 3.0, TRUE),
    (184, 'HV015', '674571', 'Ngô Tuấn Nguyệt', 'MH056', 'CHEM883', 'Visionary even-keeled algorithm', 4, 'HK011', 'Học kỳ 2 Năm học 2024-2025', 'LHP053', 9.75, 9.75, 9.75, 9.75, 'A+', 4.0, TRUE),
    (185, 'HV006', '648067', 'Đặng Văn Linh', 'MH064', 'PHY837', 'Face-to-face regional hierarchy', 3, 'HK005', 'Học kỳ 2 Năm học 2022-2023', 'LHP069', 10.0, 10.0, 10.0, 10.0, 'A+', 4.0, TRUE),
    (186, 'HV047', '657727', 'Đỗ Đức Việt', 'MH013', 'KT202', 'Tài chính doanh nghiệp', 3, 'HK013', 'Học kỳ 1 Năm học 2025-2026', 'LHP111', 4.0, 5.75, 3.75, 4.18, 'D', 1.0, FALSE),
    (187, 'HV031', '632283', 'Trần Đức Anh', 'MH076', 'MATH782', 'Extended value-added functionalities', 2, 'HK001', 'Học kỳ 1 Năm học 2021-2022', 'LHP018', 7.0, 6.75, 7.25, 7.12, 'B', 3.0, TRUE),
    (188, 'HV043', '666202', 'Nguyễn Minh Phương', 'MH066', 'CS582', 'Object-based composite help-desk', 2, 'HK008', 'Học kỳ 2 Năm học 2023-2024', 'LHP031', 10.0, 10.0, 10.0, 10.0, 'A+', 4.0, TRUE),
    (189, 'HV019', '638860', 'Bùi Thanh Hạnh', 'MH041', 'CHEM375', 'Enterprise-wide leadingedge encoding', 2, 'HK006', 'Học kỳ hè Năm học 2022-2023', 'LHP011', 8.75, 7.0, 7.25, 7.35, 'B', 3.0, TRUE),
    (190, 'HV043', '666202', 'Nguyễn Minh Phương', 'MH055', 'PHY515', 'Upgradable heuristic info-mediaries', 2, 'HK015', 'Học kỳ hè Năm học 2025-2026', 'LHP112', 10.0, 10.0, 10.0, 10.0, 'A+', 4.0, TRUE),
    (191, 'HV034', '633301', 'Trần Bảo Phương', 'MH075', 'CHEM731', 'Stand-alone analyzing focus group', 4, 'HK005', 'Học kỳ 2 Năm học 2022-2023', 'LHP035', 9.0, 8.75, 8.25, 8.42, 'B+', 3.5, TRUE),
    (192, 'HV042', '638542', 'Lý Hữu Dũng', 'MH035', 'MATH316', 'Stand-alone value-added complexity', 2, 'HK006', 'Học kỳ hè Năm học 2022-2023', 'LHP050', 9.0, 10.0, 7.0, 7.8, 'B', 3.0, TRUE),
    (193, 'HV007', '678302', 'Dương Minh Sơn', 'MH050', 'CHEM426', 'Mandatory 3rdgeneration success', 2, 'HK012', 'Học kỳ hè Năm học 2024-2025', 'LHP089', 8.5, 7.75, 8.5, 8.35, 'B+', 3.5, TRUE),
    (194, 'HV007', '678302', 'Dương Minh Sơn', 'MH001', 'IT101', 'Nhập môn Công nghệ thông tin', 3, 'HK001', 'Học kỳ 1 Năm học 2021-2022', 'LHP049', 7.75, 7.75, 8.25, 8.1, 'B+', 3.5, TRUE),
    (195, 'HV025', '662151', 'Dương Đức Bình', 'MH001', 'IT101', 'Nhập môn Công nghệ thông tin', 3, 'HK001', 'Học kỳ 1 Năm học 2021-2022', 'LHP049', 9.75, 9.25, 9.0, 9.12, 'A+', 4.0, TRUE),
    (196, 'HV032', '653109', 'Lý Ngọc Xuân', 'MH078', 'CS417', 'Extended responsive access', 3, 'HK009', 'Học kỳ hè Năm học 2023-2024', 'LHP062', 6.5, 9.75, 7.25, 7.67, 'B', 3.0, TRUE),
    (197, 'HV041', '673296', 'Đặng Quang Chiến', 'MH013', 'KT202', 'Tài chính doanh nghiệp', 3, 'HK002', 'Học kỳ 2 Năm học 2021-2022', 'LHP025', 10.0, 8.5, 8.75, 8.82, 'A', 4.0, TRUE),
    (198, 'HV042', '638542', 'Lý Hữu Dũng', 'MH002', 'IT102', 'Lập trình cơ bản', 4, 'HK006', 'Học kỳ hè Năm học 2022-2023', 'LHP010', 9.0, 9.75, 8.25, 8.62, 'A', 4.0, TRUE),
    (199, 'HV020', '654457', 'Đỗ Bảo Hương', 'MH056', 'CHEM883', 'Visionary even-keeled algorithm', 4, 'HK010', 'Học kỳ 1 Năm học 2024-2025', 'LHP042', 6.25, 8.25, 7.75, 7.7, 'B', 3.0, TRUE),
    (200, 'HV046', '631135', 'Đặng Đức Bình', 'MH054', 'CHEM194', 'Exclusive 24/7 function', 3, 'HK010', 'Học kỳ 1 Năm học 2024-2025', 'LHP058', 8.0, 8.5, 8.5, 8.45, 'B+', 3.5, TRUE),
    (201, 'HV023', '646366', 'Đặng Đức Em', 'MH065', 'CHEM796', 'Vision-oriented multi-tasking encryption', 2, 'HK002', 'Học kỳ 2 Năm học 2021-2022', 'LHP032', 9.0, 9.5, 8.5, 8.75, 'A', 4.0, TRUE),
    (202, 'HV032', '653109', 'Lý Ngọc Xuân', 'MH002', 'IT102', 'Lập trình cơ bản', 4, 'HK006', 'Học kỳ hè Năm học 2022-2023', 'LHP010', 6.75, 7.75, 8.25, 8.0, 'B+', 3.5, TRUE),
    (203, 'HV027', '649454', 'Lê Hải Em', 'MH070', 'CHEM868', 'Assimilated exuding budgetary management', 2, 'HK004', 'Học kỳ 1 Năm học 2022-2023', 'LHP096', 8.25, 8.75, 9.0, 8.88, 'A', 4.0, TRUE),
    (204, 'HV048', '677042', 'Trần Hữu Nguyệt', 'MH012', 'KT201', 'Nguyên lý kế toán', 4, 'HK012', 'Học kỳ hè Năm học 2024-2025', 'LHP118', 5.75, 8.5, 7.75, 7.7, 'B', 3.0, TRUE),
    (205, 'HV011', '657145', 'Bùi Kim Linh', 'MH006', 'IT301', 'Phát triển ứng dụng Web', 3, 'HK007', 'Học kỳ 1 Năm học 2023-2024', 'LHP040', 6.75, 7.75, 7.25, 7.3, 'B', 3.0, TRUE),
    (206, 'HV010', '663199', 'Ngô Đức Linh', 'MH001', 'IT101', 'Nhập môn Công nghệ thông tin', 3, 'HK009', 'Học kỳ hè Năm học 2023-2024', 'LHP074', 7.25, 7.25, 6.5, 6.72, 'C+', 2.5, TRUE),
    (207, 'HV012', '671537', 'Lê Thị Sơn', 'MH072', 'MATH596', 'Robust dynamic methodology', 4, 'HK006', 'Học kỳ hè Năm học 2022-2023', 'LHP024', 9.25, 7.75, 7.0, 7.38, 'B', 3.0, TRUE),
    (208, 'HV039', '643683', 'Dương Thanh Chiến', 'MH072', 'MATH596', 'Robust dynamic methodology', 4, 'HK006', 'Học kỳ hè Năm học 2022-2023', 'LHP024', 10.0, 10.0, 9.75, 9.82, 'A+', 4.0, TRUE),
    (209, 'HV040', '654048', 'Đặng Hữu Yến', 'MH057', 'MATH111', 'Compatible value-added model', 2, 'HK011', 'Học kỳ 2 Năm học 2024-2025', 'LHP081', 10.0, 10.0, 9.75, 9.82, 'A+', 4.0, TRUE),
    (210, 'HV038', '657859', 'Dương Quang Giang', 'MH025', 'CS200', 'Stand-alone executive intranet', 2, 'HK015', 'Học kỳ hè Năm học 2025-2026', 'LHP104', 10.0, 9.5, 10.0, 9.9, 'A+', 4.0, TRUE),
    (211, 'HV025', '662151', 'Dương Đức Bình', 'MH079', 'CHEM429', 'Re-engineered discrete artificial intelligence', 2, 'HK010', 'Học kỳ 1 Năm học 2024-2025', 'LHP078', 9.0, 8.25, 10.0, 9.55, 'A+', 4.0, TRUE),
    (212, 'HV036', '675486', 'Lý Ngọc Anh', 'MH042', 'MATH982', 'Virtual human-resource knowledge user', 2, 'HK009', 'Học kỳ hè Năm học 2023-2024', 'LHP066', 9.5, 9.5, 9.5, 9.5, 'A+', 4.0, TRUE),
    (213, 'HV021', '656727', 'Phạm Minh Nguyệt', 'MH078', 'CS417', 'Extended responsive access', 3, 'HK009', 'Học kỳ hè Năm học 2023-2024', 'LHP062', 10.0, 10.0, 10.0, 10.0, 'A+', 4.0, TRUE),
    (214, 'HV026', '661303', 'Bùi Kim Hoa', 'MH068', 'MATH295', 'Networked static structure', 2, 'HK007', 'Học kỳ 1 Năm học 2023-2024', 'LHP026', 5.5, 4.5, 4.75, 4.78, 'D', 1.0, FALSE),
    (215, 'HV033', '665288', 'Phạm Bảo Sơn', 'MH014', 'KT301', 'Kinh tế lượng', 3, 'HK014', 'Học kỳ 2 Năm học 2025-2026', 'LHP095', 6.5, 8.75, 8.0, 8.0, 'B+', 3.5, TRUE),
    (216, 'HV036', '675486', 'Lý Ngọc Anh', 'MH018', 'NN202', 'Tiếng Trung cơ bản', 4, 'HK013', 'Học kỳ 1 Năm học 2025-2026', 'LHP113', 9.0, 8.75, 8.75, 8.78, 'A', 4.0, TRUE),
    (217, 'HV026', '661303', 'Bùi Kim Hoa', 'MH075', 'CHEM731', 'Stand-alone analyzing focus group', 4, 'HK005', 'Học kỳ 2 Năm học 2022-2023', 'LHP035', 6.25, 3.5, 5.75, 5.35, 'D+', 1.5, TRUE),
    (218, 'HV020', '654457', 'Đỗ Bảo Hương', 'MH069', 'MATH861', 'Compatible contextually-based encryption', 3, 'HK001', 'Học kỳ 1 Năm học 2021-2022', 'LHP083', 6.25, 7.5, 9.0, 8.43, 'B+', 3.5, TRUE),
    (219, 'HV026', '661303', 'Bùi Kim Hoa', 'MH074', 'PHY629', 'Operative didactic application', 3, 'HK010', 'Học kỳ 1 Năm học 2024-2025', 'LHP061', 6.0, 6.5, 5.5, 5.75, 'C', 2.0, TRUE),
    (220, 'HV014', '672765', 'Ngô Thị Hương', 'MH071', 'PHY474', 'Total optimizing software', 3, 'HK015', 'Học kỳ hè Năm học 2025-2026', 'LHP059', 5.5, 5.25, 5.25, 5.28, 'D+', 1.5, TRUE),
    (221, 'HV017', '655647', 'Nguyễn Quang Em', 'MH013', 'KT202', 'Tài chính doanh nghiệp', 3, 'HK012', 'Học kỳ hè Năm học 2024-2025', 'LHP110', 8.25, 6.25, 7.0, 6.97, 'C+', 2.5, TRUE),
    (222, 'HV013', '643135', 'Đỗ Đức Sơn', 'MH074', 'PHY629', 'Operative didactic application', 3, 'HK013', 'Học kỳ 1 Năm học 2025-2026', 'LHP060', 8.0, 8.25, 7.25, 7.52, 'B', 3.0, TRUE),
    (223, 'HV045', '649143', 'Vũ Hải Giang', 'MH065', 'CHEM796', 'Vision-oriented multi-tasking encryption', 2, 'HK002', 'Học kỳ 2 Năm học 2021-2022', 'LHP032', 9.25, 8.0, 8.25, 8.3, 'B+', 3.5, TRUE),
    (224, 'HV008', '656213', 'Ngô Đức Yến', 'MH068', 'MATH295', 'Networked static structure', 2, 'HK007', 'Học kỳ 1 Năm học 2023-2024', 'LHP026', 7.75, 5.5, 4.5, 5.03, 'D+', 1.5, TRUE),
    (225, 'HV049', '664675', 'Đặng Bảo Phúc', 'MH038', 'CS970', 'Public-key fresh-thinking function', 2, 'HK014', 'Học kỳ 2 Năm học 2025-2026', 'LHP037', 9.5, 10.0, 8.75, 9.07, 'A+', 4.0, TRUE),
    (226, 'HV015', '674571', 'Ngô Tuấn Nguyệt', 'MH031', 'CS922', 'Distributed content-based artificial intelligence', 4, 'HK003', 'Học kỳ hè Năm học 2021-2022', 'LHP033', 8.75, 9.5, 8.25, 8.55, 'A', 4.0, TRUE),
    (227, 'HV044', '659654', 'Bùi Hữu Chiến', 'MH076', 'MATH782', 'Extended value-added functionalities', 2, 'HK001', 'Học kỳ 1 Năm học 2021-2022', 'LHP018', 9.75, 8.25, 9.0, 8.93, 'A', 4.0, TRUE),
    (228, 'HV005', '679278', 'Bùi Ngọc Việt', 'MH047', 'MATH710', 'Customer-focused optimizing challenge', 4, 'HK014', 'Học kỳ 2 Năm học 2025-2026', 'LHP003', 9.75, 8.25, 9.0, 8.93, 'A', 4.0, TRUE),
    (229, 'HV027', '649454', 'Lê Hải Em', 'MH009', 'IT304', 'An toàn và bảo mật thông tin', 3, 'HK006', 'Học kỳ hè Năm học 2022-2023', 'LHP057', 8.75, 7.5, 8.5, 8.32, 'B+', 3.5, TRUE),
    (230, 'HV045', '649143', 'Vũ Hải Giang', 'MH056', 'CHEM883', 'Visionary even-keeled algorithm', 4, 'HK003', 'Học kỳ hè Năm học 2021-2022', 'LHP106', 8.5, 8.0, 8.25, 8.22, 'B+', 3.5, TRUE),
    (231, 'HV034', '633301', 'Trần Bảo Phương', 'MH007', 'IT302', 'Trí tuệ nhân tạo', 3, 'HK010', 'Học kỳ 1 Năm học 2024-2025', 'LHP015', 8.75, 10.0, 8.5, 8.82, 'A', 4.0, TRUE),
    (232, 'HV036', '675486', 'Lý Ngọc Anh', 'MH056', 'CHEM883', 'Visionary even-keeled algorithm', 4, 'HK011', 'Học kỳ 2 Năm học 2024-2025', 'LHP053', 8.25, 8.75, 9.0, 8.88, 'A', 4.0, TRUE),
    (233, 'HV011', '657145', 'Bùi Kim Linh', 'MH070', 'CHEM868', 'Assimilated exuding budgetary management', 2, 'HK004', 'Học kỳ 1 Năm học 2022-2023', 'LHP096', 7.0, 8.5, 7.75, 7.83, 'B', 3.0, TRUE),
    (234, 'HV024', '669113', 'Hồ Hải Xuân', 'MH010', 'KT101', 'Kinh tế vi mô', 3, 'HK004', 'Học kỳ 1 Năm học 2022-2023', 'LHP116', 7.75, 8.5, 10.0, 9.47, 'A+', 4.0, TRUE),
    (235, 'HV018', '675392', 'Bùi Bảo Phương', 'MH009', 'IT304', 'An toàn và bảo mật thông tin', 3, 'HK006', 'Học kỳ hè Năm học 2022-2023', 'LHP057', 7.25, 8.75, 8.0, 8.07, 'B+', 3.5, TRUE),
    (236, 'HV019', '638860', 'Bùi Thanh Hạnh', 'MH064', 'PHY837', 'Face-to-face regional hierarchy', 3, 'HK005', 'Học kỳ 2 Năm học 2022-2023', 'LHP069', 7.5, 8.5, 8.75, 8.57, 'A', 4.0, TRUE),
    (237, 'HV030', '638533', 'Phạm Thanh Tùng', 'MH049', 'MATH894', 'Enterprise-wide bottom-line benchmark', 2, 'HK010', 'Học kỳ 1 Năm học 2024-2025', 'LHP090', 7.75, 7.5, 7.25, 7.35, 'B', 3.0, TRUE),
    (238, 'HV009', '649863', 'Lý Hải Phương', 'MH031', 'CS922', 'Distributed content-based artificial intelligence', 4, 'HK003', 'Học kỳ hè Năm học 2021-2022', 'LHP033', 8.75, 8.25, 8.5, 8.47, 'B+', 3.5, TRUE),
    (239, 'HV005', '679278', 'Bùi Ngọc Việt', 'MH013', 'KT202', 'Tài chính doanh nghiệp', 3, 'HK004', 'Học kỳ 1 Năm học 2022-2023', 'LHP091', 8.5, 9.0, 8.25, 8.43, 'B+', 3.5, TRUE),
    (240, 'HV048', '677042', 'Trần Hữu Nguyệt', 'MH030', 'CS133', 'Mandatory zero tolerance array', 3, 'HK015', 'Học kỳ hè Năm học 2025-2026', 'LHP054', 8.0, 7.75, 8.0, 7.95, 'B', 3.0, TRUE),
    (241, 'HV017', '655647', 'Nguyễn Quang Em', 'MH059', 'MATH205', 'Multi-layered foreground installation', 2, 'HK014', 'Học kỳ 2 Năm học 2025-2026', 'LHP020', 7.5, 8.25, 6.25, 6.78, 'C+', 2.5, TRUE),
    (242, 'HV022', '648919', 'Lý Thanh Giang', 'MH014', 'KT301', 'Kinh tế lượng', 3, 'HK005', 'Học kỳ 2 Năm học 2022-2023', 'LHP027', 8.75, 9.0, 9.0, 8.97, 'A', 4.0, TRUE),
    (243, 'HV043', '666202', 'Nguyễn Minh Phương', 'MH077', 'CS400', 'Organized regional utilization', 4, 'HK004', 'Học kỳ 1 Năm học 2022-2023', 'LHP108', 10.0, 10.0, 10.0, 10.0, 'A+', 4.0, TRUE),
    (244, 'HV018', '675392', 'Bùi Bảo Phương', 'MH077', 'CS400', 'Organized regional utilization', 4, 'HK002', 'Học kỳ 2 Năm học 2021-2022', 'LHP023', 9.0, 9.25, 8.5, 8.7, 'A', 4.0, TRUE),
    (245, 'HV018', '675392', 'Bùi Bảo Phương', 'MH074', 'PHY629', 'Operative didactic application', 3, 'HK010', 'Học kỳ 1 Năm học 2024-2025', 'LHP061', 7.5, 8.75, 8.75, 8.62, 'A', 4.0, TRUE),
    (246, 'HV011', '657145', 'Bùi Kim Linh', 'MH019', 'QS101', 'Giáo dục Quốc phòng', 2, 'HK003', 'Học kỳ hè Năm học 2021-2022', 'LHP067', 7.25, 6.75, 7.25, 7.15, 'B', 3.0, TRUE),
    (247, 'HV011', '657145', 'Bùi Kim Linh', 'MH074', 'PHY629', 'Operative didactic application', 3, 'HK010', 'Học kỳ 1 Năm học 2024-2025', 'LHP061', 8.0, 7.5, 6.75, 7.02, 'B', 3.0, TRUE),
    (248, 'HV023', '646366', 'Đặng Đức Em', 'MH064', 'PHY837', 'Face-to-face regional hierarchy', 3, 'HK006', 'Học kỳ hè Năm học 2022-2023', 'LHP014', 8.75, 8.25, 9.5, 9.18, 'A+', 4.0, TRUE),
    (249, 'HV009', '649863', 'Lý Hải Phương', 'MH030', 'CS133', 'Mandatory zero tolerance array', 3, 'HK007', 'Học kỳ 1 Năm học 2023-2024', 'LHP055', 9.75, 7.5, 9.25, 8.95, 'A', 4.0, TRUE),
    (250, 'HV017', '655647', 'Nguyễn Quang Em', 'MH001', 'IT101', 'Nhập môn Công nghệ thông tin', 3, 'HK001', 'Học kỳ 1 Năm học 2021-2022', 'LHP049', 6.25, 6.0, 7.25, 6.9, 'C+', 2.5, TRUE),
    (251, 'HV037', '666520', 'Ngô Bảo Hoa', 'MH020', 'QS102', 'Điều lệnh Quân đội', 2, 'HK011', 'Học kỳ 2 Năm học 2024-2025', 'LHP009', 7.5, 6.0, 7.25, 7.02, 'B', 3.0, TRUE),
    (252, 'HV019', '638860', 'Bùi Thanh Hạnh', 'MH020', 'QS102', 'Điều lệnh Quân đội', 2, 'HK012', 'Học kỳ hè Năm học 2024-2025', 'LHP007', 8.75, 7.75, 8.25, 8.2, 'B+', 3.5, TRUE),
    (253, 'HV034', '633301', 'Trần Bảo Phương', 'MH013', 'KT202', 'Tài chính doanh nghiệp', 3, 'HK002', 'Học kỳ 2 Năm học 2021-2022', 'LHP025', 7.5, 9.0, 8.5, 8.5, 'A', 4.0, TRUE),
    (254, 'HV043', '666202', 'Nguyễn Minh Phương', 'MH062', 'PHY115', 'User-friendly stable capability', 4, 'HK001', 'Học kỳ 1 Năm học 2021-2022', 'LHP115', 10.0, 10.0, 8.75, 9.12, 'A+', 4.0, TRUE),
    (255, 'HV001', '666106', 'Dương Hải Giang', 'MH019', 'QS101', 'Giáo dục Quốc phòng', 2, 'HK003', 'Học kỳ hè Năm học 2021-2022', 'LHP067', 10.0, 9.5, 9.75, 9.72, 'A+', 4.0, TRUE),
    (256, 'HV033', '665288', 'Phạm Bảo Sơn', 'MH031', 'CS922', 'Distributed content-based artificial intelligence', 4, 'HK003', 'Học kỳ hè Năm học 2021-2022', 'LHP033', 7.25, 7.25, 7.25, 7.25, 'B', 3.0, TRUE),
    (257, 'HV041', '673296', 'Đặng Quang Chiến', 'MH002', 'IT102', 'Lập trình cơ bản', 4, 'HK012', 'Học kỳ hè Năm học 2024-2025', 'LHP072', 8.75, 9.75, 10.0, 9.82, 'A+', 4.0, TRUE),
    (258, 'HV028', '655141', 'Lê Văn Linh', 'MH044', 'CS954', 'Versatile 6thgeneration alliance', 3, 'HK012', 'Học kỳ hè Năm học 2024-2025', 'LHP028', 7.75, 8.25, 7.5, 7.68, 'B', 3.0, TRUE),
    (259, 'HV036', '675486', 'Lý Ngọc Anh', 'MH071', 'PHY474', 'Total optimizing software', 3, 'HK002', 'Học kỳ 2 Năm học 2021-2022', 'LHP087', 7.5, 9.0, 10.0, 9.55, 'A+', 4.0, TRUE),
    (260, 'HV018', '675392', 'Bùi Bảo Phương', 'MH049', 'MATH894', 'Enterprise-wide bottom-line benchmark', 2, 'HK006', 'Học kỳ hè Năm học 2022-2023', 'LHP114', 7.75, 10.0, 7.25, 7.85, 'B', 3.0, TRUE),
    (261, 'HV013', '643135', 'Đỗ Đức Sơn', 'MH039', 'PHY983', 'Up-sized fresh-thinking protocol', 2, 'HK003', 'Học kỳ hè Năm học 2021-2022', 'LHP021', 8.75, 7.75, 7.5, 7.67, 'B', 3.0, TRUE),
    (262, 'HV032', '653109', 'Lý Ngọc Xuân', 'MH055', 'PHY515', 'Upgradable heuristic info-mediaries', 2, 'HK015', 'Học kỳ hè Năm học 2025-2026', 'LHP112', 8.0, 8.0, 8.25, 8.18, 'B+', 3.5, TRUE),
    (263, 'HV002', '637868', 'Lê Thanh Tùng', 'MH064', 'PHY837', 'Face-to-face regional hierarchy', 3, 'HK005', 'Học kỳ 2 Năm học 2022-2023', 'LHP069', 5.5, 4.25, 5.25, 5.08, 'D+', 1.5, TRUE),
    (264, 'HV005', '679278', 'Bùi Ngọc Việt', 'MH021', 'QS201', 'Chiến thuật bộ binh', 3, 'HK014', 'Học kỳ 2 Năm học 2025-2026', 'LHP097', 8.75, 9.25, 10.0, 9.72, 'A+', 4.0, TRUE),
    (265, 'HV013', '643135', 'Đỗ Đức Sơn', 'MH007', 'IT302', 'Trí tuệ nhân tạo', 3, 'HK015', 'Học kỳ hè Năm học 2025-2026', 'LHP070', 8.25, 8.0, 7.75, 7.85, 'B', 3.0, TRUE),
    (266, 'HV014', '672765', 'Ngô Thị Hương', 'MH047', 'MATH710', 'Customer-focused optimizing challenge', 4, 'HK014', 'Học kỳ 2 Năm học 2025-2026', 'LHP003', 7.25, 4.75, 7.5, 6.93, 'C+', 2.5, TRUE),
    (267, 'HV037', '666520', 'Ngô Bảo Hoa', 'MH056', 'CHEM883', 'Visionary even-keeled algorithm', 4, 'HK010', 'Học kỳ 1 Năm học 2024-2025', 'LHP042', 8.5, 5.5, 6.75, 6.67, 'C+', 2.5, TRUE),
    (268, 'HV018', '675392', 'Bùi Bảo Phương', 'MH037', 'PHY856', 'Open-architected coherent system engine', 2, 'HK004', 'Học kỳ 1 Năm học 2022-2023', 'LHP065', 8.25, 8.0, 7.75, 7.85, 'B', 3.0, TRUE),
    (269, 'HV003', '674688', 'Bùi Phương Việt', 'MH006', 'IT301', 'Phát triển ứng dụng Web', 3, 'HK002', 'Học kỳ 2 Năm học 2021-2022', 'LHP071', 7.5, 6.5, 8.25, 7.82, 'B', 3.0, TRUE),
    (270, 'HV042', '638542', 'Lý Hữu Dũng', 'MH047', 'MATH710', 'Customer-focused optimizing challenge', 4, 'HK002', 'Học kỳ 2 Năm học 2021-2022', 'LHP079', 9.25, 9.5, 8.5, 8.77, 'A', 4.0, TRUE),
    (271, 'HV039', '643683', 'Dương Thanh Chiến', 'MH002', 'IT102', 'Lập trình cơ bản', 4, 'HK012', 'Học kỳ hè Năm học 2024-2025', 'LHP099', 9.75, 10.0, 7.75, 8.4, 'B+', 3.5, TRUE),
    (272, 'HV013', '643135', 'Đỗ Đức Sơn', 'MH077', 'CS400', 'Organized regional utilization', 4, 'HK004', 'Học kỳ 1 Năm học 2022-2023', 'LHP108', 7.25, 5.75, 7.75, 7.3, 'B', 3.0, TRUE),
    (273, 'HV046', '631135', 'Đặng Đức Bình', 'MH077', 'CS400', 'Organized regional utilization', 4, 'HK013', 'Học kỳ 1 Năm học 2025-2026', 'LHP052', 8.25, 7.75, 6.75, 7.1, 'B', 3.0, TRUE),
    (274, 'HV031', '632283', 'Trần Đức Anh', 'MH030', 'CS133', 'Mandatory zero tolerance array', 3, 'HK015', 'Học kỳ hè Năm học 2025-2026', 'LHP054', 8.75, 6.75, 7.0, 7.12, 'B', 3.0, TRUE),
    (275, 'HV012', '671537', 'Lê Thị Sơn', 'MH077', 'CS400', 'Organized regional utilization', 4, 'HK013', 'Học kỳ 1 Năm học 2025-2026', 'LHP052', 6.75, 8.25, 7.25, 7.4, 'B', 3.0, TRUE),
    (276, 'HV021', '656727', 'Phạm Minh Nguyệt', 'MH071', 'PHY474', 'Total optimizing software', 3, 'HK015', 'Học kỳ hè Năm học 2025-2026', 'LHP059', 10.0, 8.25, 9.75, 9.47, 'A+', 4.0, TRUE),
    (277, 'HV007', '678302', 'Dương Minh Sơn', 'MH061', 'CS689', 'Distributed background forecast', 2, 'HK015', 'Học kỳ hè Năm học 2025-2026', 'LHP008', 8.0, 7.25, 7.75, 7.67, 'B', 3.0, TRUE),
    (278, 'HV025', '662151', 'Dương Đức Bình', 'MH070', 'CHEM868', 'Assimilated exuding budgetary management', 2, 'HK004', 'Học kỳ 1 Năm học 2022-2023', 'LHP096', 8.25, 9.5, 9.0, 9.03, 'A+', 4.0, TRUE),
    (279, 'HV043', '666202', 'Nguyễn Minh Phương', 'MH007', 'IT302', 'Trí tuệ nhân tạo', 3, 'HK015', 'Học kỳ hè Năm học 2025-2026', 'LHP070', 10.0, 10.0, 9.25, 9.47, 'A+', 4.0, TRUE),
    (280, 'HV020', '654457', 'Đỗ Bảo Hương', 'MH049', 'MATH894', 'Enterprise-wide bottom-line benchmark', 2, 'HK010', 'Học kỳ 1 Năm học 2024-2025', 'LHP090', 7.75, 6.25, 7.75, 7.45, 'B', 3.0, TRUE),
    (281, 'HV025', '662151', 'Dương Đức Bình', 'MH055', 'PHY515', 'Upgradable heuristic info-mediaries', 2, 'HK015', 'Học kỳ hè Năm học 2025-2026', 'LHP112', 10.0, 9.75, 9.5, 9.6, 'A+', 4.0, TRUE),
    (282, 'HV030', '638533', 'Phạm Thanh Tùng', 'MH038', 'CS970', 'Public-key fresh-thinking function', 2, 'HK011', 'Học kỳ 2 Năm học 2024-2025', 'LHP039', 8.75, 8.0, 7.25, 7.55, 'B', 3.0, TRUE),
    (283, 'HV041', '673296', 'Đặng Quang Chiến', 'MH074', 'PHY629', 'Operative didactic application', 3, 'HK013', 'Học kỳ 1 Năm học 2025-2026', 'LHP060', 9.75, 9.5, 9.75, 9.7, 'A+', 4.0, TRUE),
    (284, 'HV048', '677042', 'Trần Hữu Nguyệt', 'MH006', 'IT301', 'Phát triển ứng dụng Web', 3, 'HK005', 'Học kỳ 2 Năm học 2022-2023', 'LHP030', 8.0, 7.5, 7.25, 7.37, 'B', 3.0, TRUE),
    (285, 'HV030', '638533', 'Phạm Thanh Tùng', 'MH014', 'KT301', 'Kinh tế lượng', 3, 'HK010', 'Học kỳ 1 Năm học 2024-2025', 'LHP064', 8.0, 7.5, 7.75, 7.72, 'B', 3.0, TRUE),
    (286, 'HV032', '653109', 'Lý Ngọc Xuân', 'MH014', 'KT301', 'Kinh tế lượng', 3, 'HK010', 'Học kỳ 1 Năm học 2024-2025', 'LHP064', 6.25, 7.25, 7.5, 7.33, 'B', 3.0, TRUE),
    (287, 'HV025', '662151', 'Dương Đức Bình', 'MH038', 'CS970', 'Public-key fresh-thinking function', 2, 'HK014', 'Học kỳ 2 Năm học 2025-2026', 'LHP037', 9.25, 10.0, 9.0, 9.22, 'A+', 4.0, TRUE),
    (288, 'HV037', '666520', 'Ngô Bảo Hoa', 'MH077', 'CS400', 'Organized regional utilization', 4, 'HK003', 'Học kỳ hè Năm học 2021-2022', 'LHP073', 8.25, 7.5, 6.75, 7.05, 'B', 3.0, TRUE),
    (289, 'HV045', '649143', 'Vũ Hải Giang', 'MH050', 'CHEM426', 'Mandatory 3rdgeneration success', 2, 'HK012', 'Học kỳ hè Năm học 2024-2025', 'LHP089', 8.25, 7.75, 7.5, 7.62, 'B', 3.0, TRUE),
    (290, 'HV020', '654457', 'Đỗ Bảo Hương', 'MH077', 'CS400', 'Organized regional utilization', 4, 'HK003', 'Học kỳ hè Năm học 2021-2022', 'LHP073', 8.0, 7.5, 8.5, 8.25, 'B+', 3.5, TRUE),
    (291, 'HV044', '659654', 'Bùi Hữu Chiến', 'MH006', 'IT301', 'Phát triển ứng dụng Web', 3, 'HK006', 'Học kỳ hè Năm học 2022-2023', 'LHP001', 8.0, 7.75, 8.75, 8.47, 'B+', 3.5, TRUE),
    (292, 'HV023', '646366', 'Đặng Đức Em', 'MH013', 'KT202', 'Tài chính doanh nghiệp', 3, 'HK013', 'Học kỳ 1 Năm học 2025-2026', 'LHP111', 10.0, 9.75, 10.0, 9.95, 'A+', 4.0, TRUE),
    (293, 'HV050', '651232', 'Dương Minh Em', 'MH047', 'MATH710', 'Customer-focused optimizing challenge', 4, 'HK014', 'Học kỳ 2 Năm học 2025-2026', 'LHP003', 9.0, 10.0, 8.25, 8.67, 'A', 4.0, TRUE),
    (294, 'HV020', '654457', 'Đỗ Bảo Hương', 'MH017', 'NN201', 'Tiếng Anh chuyên ngành', 3, 'HK014', 'Học kỳ 2 Năm học 2025-2026', 'LHP103', 8.0, 6.0, 6.5, 6.55, 'C+', 2.5, TRUE),
    (295, 'HV028', '655141', 'Lê Văn Linh', 'MH055', 'PHY515', 'Upgradable heuristic info-mediaries', 2, 'HK004', 'Học kỳ 1 Năm học 2022-2023', 'LHP005', 6.5, 7.0, 6.25, 6.43, 'C+', 2.5, TRUE),
    (296, 'HV012', '671537', 'Lê Thị Sơn', 'MH054', 'CHEM194', 'Exclusive 24/7 function', 3, 'HK011', 'Học kỳ 2 Năm học 2024-2025', 'LHP048', 7.0, 6.75, 7.25, 7.12, 'B', 3.0, TRUE),
    (297, 'HV034', '633301', 'Trần Bảo Phương', 'MH010', 'KT101', 'Kinh tế vi mô', 3, 'HK004', 'Học kỳ 1 Năm học 2022-2023', 'LHP116', 8.5, 9.25, 8.75, 8.82, 'A', 4.0, TRUE),
    (298, 'HV011', '657145', 'Bùi Kim Linh', 'MH055', 'PHY515', 'Upgradable heuristic info-mediaries', 2, 'HK015', 'Học kỳ hè Năm học 2025-2026', 'LHP112', 6.75, 8.25, 7.25, 7.4, 'B', 3.0, TRUE),
    (299, 'HV043', '666202', 'Nguyễn Minh Phương', 'MH018', 'NN202', 'Tiếng Trung cơ bản', 4, 'HK013', 'Học kỳ 1 Năm học 2025-2026', 'LHP113', 10.0, 10.0, 9.75, 9.82, 'A+', 4.0, TRUE),
    (300, 'HV006', '648067', 'Đặng Văn Linh', 'MH055', 'PHY515', 'Upgradable heuristic info-mediaries', 2, 'HK004', 'Học kỳ 1 Năm học 2022-2023', 'LHP005', 10.0, 10.0, 10.0, 10.0, 'A+', 4.0, TRUE),
    (301, 'HV007', '678302', 'Dương Minh Sơn', 'MH014', 'KT301', 'Kinh tế lượng', 3, 'HK015', 'Học kỳ hè Năm học 2025-2026', 'LHP063', 7.5, 8.0, 8.5, 8.3, 'B+', 3.5, TRUE),
    (302, 'HV021', '656727', 'Phạm Minh Nguyệt', 'MH025', 'CS200', 'Stand-alone executive intranet', 2, 'HK015', 'Học kỳ hè Năm học 2025-2026', 'LHP104', 10.0, 8.75, 9.0, 9.05, 'A+', 4.0, TRUE),
    (303, 'HV050', '651232', 'Dương Minh Em', 'MH010', 'KT101', 'Kinh tế vi mô', 3, 'HK004', 'Học kỳ 1 Năm học 2022-2023', 'LHP116', 9.5, 8.0, 8.75, 8.68, 'A', 4.0, TRUE),
    (304, 'HV030', '638533', 'Phạm Thanh Tùng', 'MH019', 'QS101', 'Giáo dục Quốc phòng', 2, 'HK005', 'Học kỳ 2 Năm học 2022-2023', 'LHP098', 7.75, 9.25, 7.5, 7.88, 'B', 3.0, TRUE),
    (305, 'HV024', '669113', 'Hồ Hải Xuân', 'MH009', 'IT304', 'An toàn và bảo mật thông tin', 3, 'HK006', 'Học kỳ hè Năm học 2022-2023', 'LHP057', 8.0, 8.5, 8.5, 8.45, 'B+', 3.5, TRUE),
    (306, 'HV032', '653109', 'Lý Ngọc Xuân', 'MH020', 'QS102', 'Điều lệnh Quân đội', 2, 'HK011', 'Học kỳ 2 Năm học 2024-2025', 'LHP009', 9.0, 7.75, 7.75, 7.88, 'B', 3.0, TRUE),
    (307, 'HV046', '631135', 'Đặng Đức Bình', 'MH064', 'PHY837', 'Face-to-face regional hierarchy', 3, 'HK006', 'Học kỳ hè Năm học 2022-2023', 'LHP014', 7.0, 7.75, 7.25, 7.32, 'B', 3.0, TRUE),
    (308, 'HV025', '662151', 'Dương Đức Bình', 'MH057', 'MATH111', 'Compatible value-added model', 2, 'HK011', 'Học kỳ 2 Năm học 2024-2025', 'LHP081', 8.5, 9.25, 9.25, 9.18, 'A+', 4.0, TRUE),
    (309, 'HV046', '631135', 'Đặng Đức Bình', 'MH065', 'CHEM796', 'Vision-oriented multi-tasking encryption', 2, 'HK002', 'Học kỳ 2 Năm học 2021-2022', 'LHP032', 8.0, 7.0, 8.25, 7.97, 'B', 3.0, TRUE),
    (310, 'HV023', '646366', 'Đặng Đức Em', 'MH071', 'PHY474', 'Total optimizing software', 3, 'HK002', 'Học kỳ 2 Năm học 2021-2022', 'LHP087', 8.0, 8.5, 8.25, 8.27, 'B+', 3.5, TRUE),
    (311, 'HV044', '659654', 'Bùi Hữu Chiến', 'MH054', 'CHEM194', 'Exclusive 24/7 function', 3, 'HK010', 'Học kỳ 1 Năm học 2024-2025', 'LHP058', 8.0, 8.0, 9.5, 9.05, 'A+', 4.0, TRUE),
    (312, 'HV012', '671537', 'Lê Thị Sơn', 'MH040', 'CHEM131', 'Triple-buffered global matrix', 2, 'HK011', 'Học kỳ 2 Năm học 2024-2025', 'LHP043', 8.0, 9.0, 8.5, 8.55, 'A', 4.0, TRUE),
    (313, 'HV026', '661303', 'Bùi Kim Hoa', 'MH062', 'PHY115', 'User-friendly stable capability', 4, 'HK001', 'Học kỳ 1 Năm học 2021-2022', 'LHP115', 4.0, 6.0, 5.25, 5.28, 'D+', 1.5, TRUE),
    (314, 'HV018', '675392', 'Bùi Bảo Phương', 'MH039', 'PHY983', 'Up-sized fresh-thinking protocol', 2, 'HK003', 'Học kỳ hè Năm học 2021-2022', 'LHP021', 8.25, 8.25, 8.25, 8.25, 'B+', 3.5, TRUE),
    (315, 'HV022', '648919', 'Lý Thanh Giang', 'MH080', 'CS346', 'Public-key disintermediate methodology', 3, 'HK006', 'Học kỳ hè Năm học 2022-2023', 'LHP002', 8.75, 8.0, 9.25, 8.95, 'A', 4.0, TRUE),
    (316, 'HV044', '659654', 'Bùi Hữu Chiến', 'MH035', 'MATH316', 'Stand-alone value-added complexity', 2, 'HK006', 'Học kỳ hè Năm học 2022-2023', 'LHP050', 8.25, 8.0, 8.0, 8.03, 'B+', 3.5, TRUE),
    (317, 'HV031', '632283', 'Trần Đức Anh', 'MH020', 'QS102', 'Điều lệnh Quân đội', 2, 'HK012', 'Học kỳ hè Năm học 2024-2025', 'LHP007', 6.5, 8.0, 8.5, 8.2, 'B+', 3.5, TRUE),
    (318, 'HV042', '638542', 'Lý Hữu Dũng', 'MH059', 'MATH205', 'Multi-layered foreground installation', 2, 'HK007', 'Học kỳ 1 Năm học 2023-2024', 'LHP117', 9.0, 8.25, 8.0, 8.15, 'B+', 3.5, TRUE),
    (319, 'HV048', '677042', 'Trần Hữu Nguyệt', 'MH007', 'IT302', 'Trí tuệ nhân tạo', 3, 'HK010', 'Học kỳ 1 Năm học 2024-2025', 'LHP015', 6.5, 7.0, 7.75, 7.47, 'B', 3.0, TRUE),
    (320, 'HV031', '632283', 'Trần Đức Anh', 'MH069', 'MATH861', 'Compatible contextually-based encryption', 3, 'HK008', 'Học kỳ 2 Năm học 2023-2024', 'LHP044', 7.25, 7.5, 7.75, 7.65, 'B', 3.0, TRUE),
    (321, 'HV034', '633301', 'Trần Bảo Phương', 'MH062', 'PHY115', 'User-friendly stable capability', 4, 'HK003', 'Học kỳ hè Năm học 2021-2022', 'LHP086', 8.75, 8.0, 9.0, 8.78, 'A', 4.0, TRUE),
    (322, 'HV032', '653109', 'Lý Ngọc Xuân', 'MH048', 'PHY701', 'Sharable demand-driven artificial intelligence', 2, 'HK006', 'Học kỳ hè Năm học 2022-2023', 'LHP085', 6.75, 6.75, 7.0, 6.92, 'C+', 2.5, TRUE),
    (323, 'HV010', '663199', 'Ngô Đức Linh', 'MH044', 'CS954', 'Versatile 6thgeneration alliance', 3, 'HK004', 'Học kỳ 1 Năm học 2022-2023', 'LHP068', 5.75, 7.75, 5.5, 5.97, 'C', 2.0, TRUE),
    (324, 'HV001', '666106', 'Dương Hải Giang', 'MH077', 'CS400', 'Organized regional utilization', 4, 'HK013', 'Học kỳ 1 Năm học 2025-2026', 'LHP052', 10.0, 10.0, 8.75, 9.12, 'A+', 4.0, TRUE),
    (325, 'HV039', '643683', 'Dương Thanh Chiến', 'MH044', 'CS954', 'Versatile 6thgeneration alliance', 3, 'HK014', 'Học kỳ 2 Năm học 2025-2026', 'LHP036', 10.0, 9.75, 10.0, 9.95, 'A+', 4.0, TRUE),
    (326, 'HV025', '662151', 'Dương Đức Bình', 'MH027', 'PHY923', 'Digitized mission-critical projection', 3, 'HK012', 'Học kỳ hè Năm học 2024-2025', 'LHP017', 9.75, 9.0, 9.75, 9.6, 'A+', 4.0, TRUE),
    (327, 'HV032', '653109', 'Lý Ngọc Xuân', 'MH072', 'MATH596', 'Robust dynamic methodology', 4, 'HK006', 'Học kỳ hè Năm học 2022-2023', 'LHP024', 7.25, 8.5, 9.0, 8.72, 'A', 4.0, TRUE),
    (328, 'HV016', '642794', 'Đặng Tuấn Yến', 'MH007', 'IT302', 'Trí tuệ nhân tạo', 3, 'HK010', 'Học kỳ 1 Năm học 2024-2025', 'LHP015', 8.0, 10.0, 8.25, 8.57, 'A', 4.0, TRUE),
    (329, 'HV042', '638542', 'Lý Hữu Dũng', 'MH044', 'CS954', 'Versatile 6thgeneration alliance', 3, 'HK014', 'Học kỳ 2 Năm học 2025-2026', 'LHP036', 9.25, 8.5, 8.25, 8.4, 'B+', 3.5, TRUE),
    (330, 'HV009', '649863', 'Lý Hải Phương', 'MH038', 'CS970', 'Public-key fresh-thinking function', 2, 'HK011', 'Học kỳ 2 Năm học 2024-2025', 'LHP039', 10.0, 9.5, 10.0, 9.9, 'A+', 4.0, TRUE),
    (331, 'HV001', '666106', 'Dương Hải Giang', 'MH062', 'PHY115', 'User-friendly stable capability', 4, 'HK008', 'Học kỳ 2 Năm học 2023-2024', 'LHP045', 9.75, 10.0, 9.25, 9.45, 'A+', 4.0, TRUE),
    (332, 'HV030', '638533', 'Phạm Thanh Tùng', 'MH066', 'CS582', 'Object-based composite help-desk', 2, 'HK011', 'Học kỳ 2 Năm học 2024-2025', 'LHP075', 6.0, 8.0, 7.5, 7.45, 'B', 3.0, TRUE),
    (333, 'HV011', '657145', 'Bùi Kim Linh', 'MH056', 'CHEM883', 'Visionary even-keeled algorithm', 4, 'HK011', 'Học kỳ 2 Năm học 2024-2025', 'LHP053', 8.0, 7.5, 6.0, 6.5, 'C+', 2.5, TRUE),
    (334, 'HV030', '638533', 'Phạm Thanh Tùng', 'MH057', 'MATH111', 'Compatible value-added model', 2, 'HK011', 'Học kỳ 2 Năm học 2024-2025', 'LHP081', 7.5, 9.25, 7.5, 7.85, 'B', 3.0, TRUE),
    (335, 'HV035', '674894', 'Hồ Ngọc Tùng', 'MH025', 'CS200', 'Stand-alone executive intranet', 2, 'HK009', 'Học kỳ hè Năm học 2023-2024', 'LHP119', 4.75, 6.75, 8.0, 7.42, 'B', 3.0, TRUE),
    (336, 'HV011', '657145', 'Bùi Kim Linh', 'MH077', 'CS400', 'Organized regional utilization', 4, 'HK004', 'Học kỳ 1 Năm học 2022-2023', 'LHP108', 7.0, 7.0, 7.75, 7.53, 'B', 3.0, TRUE),
    (337, 'HV038', '657859', 'Dương Quang Giang', 'MH074', 'PHY629', 'Operative didactic application', 3, 'HK013', 'Học kỳ 1 Năm học 2025-2026', 'LHP060', 10.0, 9.0, 8.75, 8.93, 'A', 4.0, TRUE),
    (338, 'HV014', '672765', 'Ngô Thị Hương', 'MH006', 'IT301', 'Phát triển ứng dụng Web', 3, 'HK005', 'Học kỳ 2 Năm học 2022-2023', 'LHP030', 4.5, 7.25, 7.0, 6.8, 'C+', 2.5, TRUE),
    (339, 'HV018', '675392', 'Bùi Bảo Phương', 'MH019', 'QS101', 'Giáo dục Quốc phòng', 2, 'HK003', 'Học kỳ hè Năm học 2021-2022', 'LHP067', 8.25, 9.25, 8.0, 8.28, 'B+', 3.5, TRUE),
    (340, 'HV031', '632283', 'Trần Đức Anh', 'MH019', 'QS101', 'Giáo dục Quốc phòng', 2, 'HK009', 'Học kỳ hè Năm học 2023-2024', 'LHP046', 8.5, 7.25, 6.25, 6.68, 'C+', 2.5, TRUE),
    (341, 'HV027', '649454', 'Lê Hải Em', 'MH077', 'CS400', 'Organized regional utilization', 4, 'HK004', 'Học kỳ 1 Năm học 2022-2023', 'LHP108', 8.75, 8.25, 7.75, 7.95, 'B', 3.0, TRUE),
    (342, 'HV012', '671537', 'Lê Thị Sơn', 'MH047', 'MATH710', 'Customer-focused optimizing challenge', 4, 'HK002', 'Học kỳ 2 Năm học 2021-2022', 'LHP079', 7.25, 7.75, 8.0, 7.88, 'B', 3.0, TRUE),
    (343, 'HV031', '632283', 'Trần Đức Anh', 'MH016', 'NN102', 'Tiếng Anh học thuật', 3, 'HK007', 'Học kỳ 1 Năm học 2023-2024', 'LHP107', 8.25, 7.75, 7.25, 7.45, 'B', 3.0, TRUE),
    (344, 'HV036', '675486', 'Lý Ngọc Anh', 'MH049', 'MATH894', 'Enterprise-wide bottom-line benchmark', 2, 'HK010', 'Học kỳ 1 Năm học 2024-2025', 'LHP090', 10.0, 8.5, 7.5, 7.95, 'B', 3.0, TRUE),
    (345, 'HV046', '631135', 'Đặng Đức Bình', 'MH013', 'KT202', 'Tài chính doanh nghiệp', 3, 'HK012', 'Học kỳ hè Năm học 2024-2025', 'LHP110', 8.25, 8.75, 8.75, 8.7, 'A', 4.0, TRUE),
    (346, 'HV020', '654457', 'Đỗ Bảo Hương', 'MH037', 'PHY856', 'Open-architected coherent system engine', 2, 'HK004', 'Học kỳ 1 Năm học 2022-2023', 'LHP065', 6.75, 8.5, 8.0, 7.97, 'B', 3.0, TRUE),
    (347, 'HV049', '664675', 'Đặng Bảo Phúc', 'MH049', 'MATH894', 'Enterprise-wide bottom-line benchmark', 2, 'HK006', 'Học kỳ hè Năm học 2022-2023', 'LHP114', 8.5, 9.25, 7.75, 8.12, 'B+', 3.5, TRUE),
    (348, 'HV010', '663199', 'Ngô Đức Linh', 'MH002', 'IT102', 'Lập trình cơ bản', 4, 'HK012', 'Học kỳ hè Năm học 2024-2025', 'LHP072', 5.75, 8.25, 7.5, 7.47, 'B', 3.0, TRUE),
    (349, 'HV040', '654048', 'Đặng Hữu Yến', 'MH069', 'MATH861', 'Compatible contextually-based encryption', 3, 'HK002', 'Học kỳ 2 Năm học 2021-2022', 'LHP076', 10.0, 9.5, 10.0, 9.9, 'A+', 4.0, TRUE),
    (350, 'HV012', '671537', 'Lê Thị Sơn', 'MH002', 'IT102', 'Lập trình cơ bản', 4, 'HK006', 'Học kỳ hè Năm học 2022-2023', 'LHP010', 7.25, 7.5, 7.5, 7.47, 'B', 3.0, TRUE),
    (351, 'HV017', '655647', 'Nguyễn Quang Em', 'MH020', 'QS102', 'Điều lệnh Quân đội', 2, 'HK011', 'Học kỳ 2 Năm học 2024-2025', 'LHP009', 7.75, 7.5, 8.0, 7.88, 'B', 3.0, TRUE),
    (352, 'HV029', '665364', 'Hồ Phương Yến', 'MH044', 'CS954', 'Versatile 6thgeneration alliance', 3, 'HK004', 'Học kỳ 1 Năm học 2022-2023', 'LHP068', 7.75, 6.5, 7.25, 7.15, 'B', 3.0, TRUE),
    (353, 'HV019', '638860', 'Bùi Thanh Hạnh', 'MH018', 'NN202', 'Tiếng Trung cơ bản', 4, 'HK013', 'Học kỳ 1 Năm học 2025-2026', 'LHP113', 5.75, 7.75, 7.25, 7.2, 'B', 3.0, TRUE),
    (354, 'HV050', '651232', 'Dương Minh Em', 'MH016', 'NN102', 'Tiếng Anh học thuật', 3, 'HK007', 'Học kỳ 1 Năm học 2023-2024', 'LHP107', 9.5, 9.75, 10.0, 9.9, 'A+', 4.0, TRUE),
    (355, 'HV047', '657727', 'Đỗ Đức Việt', 'MH069', 'MATH861', 'Compatible contextually-based encryption', 3, 'HK008', 'Học kỳ 2 Năm học 2023-2024', 'LHP044', 4.0, 4.25, 4.0, 4.05, 'D', 1.0, FALSE),
    (356, 'HV010', '663199', 'Ngô Đức Linh', 'MH020', 'QS102', 'Điều lệnh Quân đội', 2, 'HK011', 'Học kỳ 2 Năm học 2024-2025', 'LHP009', 6.75, 5.5, 5.75, 5.8, 'C', 2.0, TRUE),
    (357, 'HV020', '654457', 'Đỗ Bảo Hương', 'MH018', 'NN202', 'Tiếng Trung cơ bản', 4, 'HK007', 'Học kỳ 1 Năm học 2023-2024', 'LHP092', 7.5, 8.0, 7.5, 7.6, 'B', 3.0, TRUE),
    (358, 'HV018', '675392', 'Bùi Bảo Phương', 'MH014', 'KT301', 'Kinh tế lượng', 3, 'HK005', 'Học kỳ 2 Năm học 2022-2023', 'LHP027', 9.0, 7.5, 8.0, 8.0, 'B+', 3.5, TRUE),
    (359, 'HV047', '657727', 'Đỗ Đức Việt', 'MH048', 'PHY701', 'Sharable demand-driven artificial intelligence', 2, 'HK006', 'Học kỳ hè Năm học 2022-2023', 'LHP085', 4.0, 4.0, 5.25, 4.88, 'D', 1.0, FALSE),
    (360, 'HV028', '655141', 'Lê Văn Linh', 'MH010', 'KT101', 'Kinh tế vi mô', 3, 'HK004', 'Học kỳ 1 Năm học 2022-2023', 'LHP116', 7.25, 8.5, 7.25, 7.5, 'B', 3.0, TRUE),
    (361, 'HV037', '666520', 'Ngô Bảo Hoa', 'MH009', 'IT304', 'An toàn và bảo mật thông tin', 3, 'HK006', 'Học kỳ hè Năm học 2022-2023', 'LHP057', 9.0, 8.0, 8.0, 8.1, 'B+', 3.5, TRUE),
    (362, 'HV019', '638860', 'Bùi Thanh Hạnh', 'MH037', 'PHY856', 'Open-architected coherent system engine', 2, 'HK009', 'Học kỳ hè Năm học 2023-2024', 'LHP093', 9.0, 7.0, 8.75, 8.43, 'B+', 3.5, TRUE),
    (363, 'HV030', '638533', 'Phạm Thanh Tùng', 'MH054', 'CHEM194', 'Exclusive 24/7 function', 3, 'HK011', 'Học kỳ 2 Năm học 2024-2025', 'LHP048', 8.25, 7.5, 7.75, 7.75, 'B', 3.0, TRUE),
    (364, 'HV045', '649143', 'Vũ Hải Giang', 'MH027', 'PHY923', 'Digitized mission-critical projection', 3, 'HK012', 'Học kỳ hè Năm học 2024-2025', 'LHP017', 8.0, 8.5, 7.75, 7.92, 'B', 3.0, TRUE),
    (365, 'HV004', '649110', 'Lý Ngọc Chiến', 'MH006', 'IT301', 'Phát triển ứng dụng Web', 3, 'HK006', 'Học kỳ hè Năm học 2022-2023', 'LHP001', 9.75, 9.0, 8.75, 8.9, 'A', 4.0, TRUE),
    (366, 'HV045', '649143', 'Vũ Hải Giang', 'MH013', 'KT202', 'Tài chính doanh nghiệp', 3, 'HK002', 'Học kỳ 2 Năm học 2021-2022', 'LHP025', 7.25, 7.75, 7.5, 7.53, 'B', 3.0, TRUE),
    (367, 'HV023', '646366', 'Đặng Đức Em', 'MH050', 'CHEM426', 'Mandatory 3rdgeneration success', 2, 'HK012', 'Học kỳ hè Năm học 2024-2025', 'LHP089', 9.25, 9.75, 10.0, 9.88, 'A+', 4.0, TRUE),
    (368, 'HV007', '678302', 'Dương Minh Sơn', 'MH064', 'PHY837', 'Face-to-face regional hierarchy', 3, 'HK006', 'Học kỳ hè Năm học 2022-2023', 'LHP014', 8.75, 7.25, 9.0, 8.62, 'A', 4.0, TRUE),
    (369, 'HV010', '663199', 'Ngô Đức Linh', 'MH010', 'KT101', 'Kinh tế vi mô', 3, 'HK009', 'Học kỳ hè Năm học 2023-2024', 'LHP038', 5.0, 6.75, 6.25, 6.22, 'C+', 2.5, TRUE),
    (370, 'HV009', '649863', 'Lý Hải Phương', 'MH059', 'MATH205', 'Multi-layered foreground installation', 2, 'HK007', 'Học kỳ 1 Năm học 2023-2024', 'LHP117', 8.25, 9.0, 7.75, 8.05, 'B+', 3.5, TRUE),
    (371, 'HV047', '657727', 'Đỗ Đức Việt', 'MH010', 'KT101', 'Kinh tế vi mô', 3, 'HK010', 'Học kỳ 1 Năm học 2024-2025', 'LHP120', 5.25, 3.5, 2.75, 3.15, 'F', 0.0, FALSE),
    (372, 'HV041', '673296', 'Đặng Quang Chiến', 'MH032', 'CS591', 'Quality-focused responsive neural-net', 3, 'HK009', 'Học kỳ hè Năm học 2023-2024', 'LHP051', 10.0, 10.0, 10.0, 10.0, 'A+', 4.0, TRUE),
    (373, 'HV039', '643683', 'Dương Thanh Chiến', 'MH077', 'CS400', 'Organized regional utilization', 4, 'HK004', 'Học kỳ 1 Năm học 2022-2023', 'LHP108', 9.0, 10.0, 10.0, 9.9, 'A+', 4.0, TRUE),
    (374, 'HV020', '654457', 'Đỗ Bảo Hương', 'MH076', 'MATH782', 'Extended value-added functionalities', 2, 'HK001', 'Học kỳ 1 Năm học 2021-2022', 'LHP018', 5.5, 6.0, 5.25, 5.42, 'D+', 1.5, TRUE),
    (375, 'HV005', '679278', 'Bùi Ngọc Việt', 'MH017', 'NN201', 'Tiếng Anh chuyên ngành', 3, 'HK014', 'Học kỳ 2 Năm học 2025-2026', 'LHP103', 10.0, 8.0, 9.5, 9.25, 'A+', 4.0, TRUE),
    (376, 'HV019', '638860', 'Bùi Thanh Hạnh', 'MH027', 'PHY923', 'Digitized mission-critical projection', 3, 'HK012', 'Học kỳ hè Năm học 2024-2025', 'LHP017', 8.25, 8.0, 8.75, 8.55, 'A', 4.0, TRUE),
    (377, 'HV025', '662151', 'Dương Đức Bình', 'MH068', 'MATH295', 'Networked static structure', 2, 'HK007', 'Học kỳ 1 Năm học 2023-2024', 'LHP026', 8.25, 9.75, 10.0, 9.78, 'A+', 4.0, TRUE),
    (378, 'HV043', '666202', 'Nguyễn Minh Phương', 'MH019', 'QS101', 'Giáo dục Quốc phòng', 2, 'HK005', 'Học kỳ 2 Năm học 2022-2023', 'LHP098', 10.0, 9.75, 10.0, 9.95, 'A+', 4.0, TRUE),
    (379, 'HV033', '665288', 'Phạm Bảo Sơn', 'MH041', 'CHEM375', 'Enterprise-wide leadingedge encoding', 2, 'HK006', 'Học kỳ hè Năm học 2022-2023', 'LHP011', 8.0, 7.0, 7.25, 7.27, 'B', 3.0, TRUE),
    (380, 'HV048', '677042', 'Trần Hữu Nguyệt', 'MH069', 'MATH861', 'Compatible contextually-based encryption', 3, 'HK008', 'Học kỳ 2 Năm học 2023-2024', 'LHP044', 7.0, 7.25, 6.5, 6.7, 'C+', 2.5, TRUE),
    (381, 'HV018', '675392', 'Bùi Bảo Phương', 'MH056', 'CHEM883', 'Visionary even-keeled algorithm', 4, 'HK003', 'Học kỳ hè Năm học 2021-2022', 'LHP106', 10.0, 7.0, 9.75, 9.22, 'A+', 4.0, TRUE),
    (382, 'HV002', '637868', 'Lê Thanh Tùng', 'MH001', 'IT101', 'Nhập môn Công nghệ thông tin', 3, 'HK001', 'Học kỳ 1 Năm học 2021-2022', 'LHP049', 5.0, 6.25, 7.25, 6.82, 'C+', 2.5, TRUE),
    (383, 'HV025', '662151', 'Dương Đức Bình', 'MH019', 'QS101', 'Giáo dục Quốc phòng', 2, 'HK007', 'Học kỳ 1 Năm học 2023-2024', 'LHP084', 9.0, 9.0, 9.5, 9.35, 'A+', 4.0, TRUE),
    (384, 'HV016', '642794', 'Đặng Tuấn Yến', 'MH032', 'CS591', 'Quality-focused responsive neural-net', 3, 'HK009', 'Học kỳ hè Năm học 2023-2024', 'LHP051', 8.5, 9.25, 8.0, 8.3, 'B+', 3.5, TRUE),
    (385, 'HV027', '649454', 'Lê Hải Em', 'MH007', 'IT302', 'Trí tuệ nhân tạo', 3, 'HK015', 'Học kỳ hè Năm học 2025-2026', 'LHP070', 8.5, 9.75, 8.5, 8.75, 'A', 4.0, TRUE),
    (386, 'HV019', '638860', 'Bùi Thanh Hạnh', 'MH014', 'KT301', 'Kinh tế lượng', 3, 'HK005', 'Học kỳ 2 Năm học 2022-2023', 'LHP027', 8.0, 8.75, 7.5, 7.8, 'B', 3.0, TRUE),
    (387, 'HV032', '653109', 'Lý Ngọc Xuân', 'MH007', 'IT302', 'Trí tuệ nhân tạo', 3, 'HK010', 'Học kỳ 1 Năm học 2024-2025', 'LHP015', 8.25, 7.75, 8.0, 7.97, 'B', 3.0, TRUE),
    (388, 'HV012', '671537', 'Lê Thị Sơn', 'MH055', 'PHY515', 'Upgradable heuristic info-mediaries', 2, 'HK004', 'Học kỳ 1 Năm học 2022-2023', 'LHP005', 6.5, 7.0, 7.0, 6.95, 'C+', 2.5, TRUE),
    (389, 'HV010', '663199', 'Ngô Đức Linh', 'MH041', 'CHEM375', 'Enterprise-wide leadingedge encoding', 2, 'HK006', 'Học kỳ hè Năm học 2022-2023', 'LHP011', 8.0, 7.25, 6.5, 6.8, 'C+', 2.5, TRUE),
    (390, 'HV041', '673296', 'Đặng Quang Chiến', 'MH062', 'PHY115', 'User-friendly stable capability', 4, 'HK001', 'Học kỳ 1 Năm học 2021-2022', 'LHP115', 8.5, 9.25, 10.0, 9.7, 'A+', 4.0, TRUE),
    (391, 'HV015', '674571', 'Ngô Tuấn Nguyệt', 'MH021', 'QS201', 'Chiến thuật bộ binh', 3, 'HK014', 'Học kỳ 2 Năm học 2025-2026', 'LHP097', 8.0, 9.5, 9.25, 9.18, 'A+', 4.0, TRUE),
    (392, 'HV045', '649143', 'Vũ Hải Giang', 'MH071', 'PHY474', 'Total optimizing software', 3, 'HK015', 'Học kỳ hè Năm học 2025-2026', 'LHP059', 7.5, 7.75, 7.5, 7.55, 'B', 3.0, TRUE),
    (393, 'HV049', '664675', 'Đặng Bảo Phúc', 'MH037', 'PHY856', 'Open-architected coherent system engine', 2, 'HK009', 'Học kỳ hè Năm học 2023-2024', 'LHP093', 9.5, 8.25, 9.25, 9.07, 'A+', 4.0, TRUE),
    (394, 'HV048', '677042', 'Trần Hữu Nguyệt', 'MH066', 'CS582', 'Object-based composite help-desk', 2, 'HK008', 'Học kỳ 2 Năm học 2023-2024', 'LHP031', 6.5, 7.0, 9.0, 8.35, 'B+', 3.5, TRUE),
    (395, 'HV046', '631135', 'Đặng Đức Bình', 'MH071', 'PHY474', 'Total optimizing software', 3, 'HK015', 'Học kỳ hè Năm học 2025-2026', 'LHP059', 6.75, 7.0, 8.25, 7.85, 'B', 3.0, TRUE),
    (396, 'HV042', '638542', 'Lý Hữu Dũng', 'MH064', 'PHY837', 'Face-to-face regional hierarchy', 3, 'HK005', 'Học kỳ 2 Năm học 2022-2023', 'LHP069', 9.0, 7.75, 9.25, 8.93, 'A', 4.0, TRUE),
    (397, 'HV024', '669113', 'Hồ Hải Xuân', 'MH077', 'CS400', 'Organized regional utilization', 4, 'HK004', 'Học kỳ 1 Năm học 2022-2023', 'LHP108', 8.75, 8.0, 8.0, 8.07, 'B+', 3.5, TRUE),
    (398, 'HV004', '649110', 'Lý Ngọc Chiến', 'MH020', 'QS102', 'Điều lệnh Quân đội', 2, 'HK015', 'Học kỳ hè Năm học 2025-2026', 'LHP013', 8.5, 8.5, 8.75, 8.68, 'A', 4.0, TRUE),
    (399, 'HV007', '678302', 'Dương Minh Sơn', 'MH032', 'CS591', 'Quality-focused responsive neural-net', 3, 'HK009', 'Học kỳ hè Năm học 2023-2024', 'LHP051', 7.5, 8.5, 8.75, 8.57, 'A', 4.0, TRUE),
    (400, 'HV009', '649863', 'Lý Hải Phương', 'MH080', 'CS346', 'Public-key disintermediate methodology', 3, 'HK006', 'Học kỳ hè Năm học 2022-2023', 'LHP002', 9.0, 8.25, 8.75, 8.68, 'A', 4.0, TRUE),
    (401, 'HV039', '643683', 'Dương Thanh Chiến', 'MH057', 'MATH111', 'Compatible value-added model', 2, 'HK011', 'Học kỳ 2 Năm học 2024-2025', 'LHP081', 10.0, 9.5, 9.75, 9.72, 'A+', 4.0, TRUE),
    (402, 'HV028', '655141', 'Lê Văn Linh', 'MH042', 'MATH982', 'Virtual human-resource knowledge user', 2, 'HK009', 'Học kỳ hè Năm học 2023-2024', 'LHP066', 7.25, 7.75, 7.5, 7.53, 'B', 3.0, TRUE),
    (403, 'HV017', '655647', 'Nguyễn Quang Em', 'MH069', 'MATH861', 'Compatible contextually-based encryption', 3, 'HK002', 'Học kỳ 2 Năm học 2021-2022', 'LHP076', 6.5, 8.0, 7.0, 7.15, 'B', 3.0, TRUE),
    (404, 'HV019', '638860', 'Bùi Thanh Hạnh', 'MH069', 'MATH861', 'Compatible contextually-based encryption', 3, 'HK008', 'Học kỳ 2 Năm học 2023-2024', 'LHP044', 10.0, 9.0, 7.75, 8.22, 'B+', 3.5, TRUE),
    (405, 'HV018', '675392', 'Bùi Bảo Phương', 'MH044', 'CS954', 'Versatile 6thgeneration alliance', 3, 'HK004', 'Học kỳ 1 Năm học 2022-2023', 'LHP068', 9.5, 8.25, 8.0, 8.2, 'B+', 3.5, TRUE),
    (406, 'HV006', '648067', 'Đặng Văn Linh', 'MH014', 'KT301', 'Kinh tế lượng', 3, 'HK005', 'Học kỳ 2 Năm học 2022-2023', 'LHP027', 9.0, 8.75, 8.5, 8.6, 'A', 4.0, TRUE),
    (407, 'HV033', '665288', 'Phạm Bảo Sơn', 'MH030', 'CS133', 'Mandatory zero tolerance array', 3, 'HK015', 'Học kỳ hè Năm học 2025-2026', 'LHP054', 8.25, 7.0, 5.75, 6.25, 'C+', 2.5, TRUE),
    (408, 'HV037', '666520', 'Ngô Bảo Hoa', 'MH074', 'PHY629', 'Operative didactic application', 3, 'HK010', 'Học kỳ 1 Năm học 2024-2025', 'LHP061', 6.5, 7.0, 5.75, 6.07, 'C+', 2.5, TRUE),
    (409, 'HV030', '638533', 'Phạm Thanh Tùng', 'MH042', 'MATH982', 'Virtual human-resource knowledge user', 2, 'HK009', 'Học kỳ hè Năm học 2023-2024', 'LHP066', 6.75, 9.0, 8.25, 8.25, 'B+', 3.5, TRUE),
    (410, 'HV044', '659654', 'Bùi Hữu Chiến', 'MH044', 'CS954', 'Versatile 6thgeneration alliance', 3, 'HK014', 'Học kỳ 2 Năm học 2025-2026', 'LHP036', 8.0, 9.25, 8.75, 8.78, 'A', 4.0, TRUE),
    (411, 'HV025', '662151', 'Dương Đức Bình', 'MH050', 'CHEM426', 'Mandatory 3rdgeneration success', 2, 'HK012', 'Học kỳ hè Năm học 2024-2025', 'LHP089', 8.5, 10.0, 10.0, 9.85, 'A+', 4.0, TRUE),
    (412, 'HV022', '648919', 'Lý Thanh Giang', 'MH041', 'CHEM375', 'Enterprise-wide leadingedge encoding', 2, 'HK006', 'Học kỳ hè Năm học 2022-2023', 'LHP011', 7.75, 8.5, 8.75, 8.6, 'A', 4.0, TRUE),
    (413, 'HV005', '679278', 'Bùi Ngọc Việt', 'MH069', 'MATH861', 'Compatible contextually-based encryption', 3, 'HK001', 'Học kỳ 1 Năm học 2021-2022', 'LHP083', 10.0, 10.0, 8.5, 8.95, 'A', 4.0, TRUE),
    (414, 'HV046', '631135', 'Đặng Đức Bình', 'MH006', 'IT301', 'Phát triển ứng dụng Web', 3, 'HK002', 'Học kỳ 2 Năm học 2021-2022', 'LHP071', 8.75, 8.0, 6.5, 7.03, 'B', 3.0, TRUE),
    (415, 'HV010', '663199', 'Ngô Đức Linh', 'MH006', 'IT301', 'Phát triển ứng dụng Web', 3, 'HK006', 'Học kỳ hè Năm học 2022-2023', 'LHP001', 6.0, 7.0, 5.25, 5.67, 'C', 2.0, TRUE),
    (416, 'HV008', '656213', 'Ngô Đức Yến', 'MH049', 'MATH894', 'Enterprise-wide bottom-line benchmark', 2, 'HK006', 'Học kỳ hè Năm học 2022-2023', 'LHP114', 5.0, 5.5, 4.5, 4.75, 'D', 1.0, FALSE),
    (417, 'HV016', '642794', 'Đặng Tuấn Yến', 'MH010', 'KT101', 'Kinh tế vi mô', 3, 'HK010', 'Học kỳ 1 Năm học 2024-2025', 'LHP120', 8.25, 9.25, 8.5, 8.62, 'A', 4.0, TRUE),
    (418, 'HV037', '666520', 'Ngô Bảo Hoa', 'MH076', 'MATH782', 'Extended value-added functionalities', 2, 'HK001', 'Học kỳ 1 Năm học 2021-2022', 'LHP018', 6.75, 7.25, 6.75, 6.85, 'C+', 2.5, TRUE),
    (419, 'HV045', '649143', 'Vũ Hải Giang', 'MH023', 'MATH631', 'Ameliorated regional customer loyalty', 2, 'HK013', 'Học kỳ 1 Năm học 2025-2026', 'LHP109', 8.25, 7.25, 9.0, 8.57, 'A', 4.0, TRUE),
    (420, 'HV002', '637868', 'Lê Thanh Tùng', 'MH027', 'PHY923', 'Digitized mission-critical projection', 3, 'HK009', 'Học kỳ hè Năm học 2023-2024', 'LHP094', 5.5, 6.25, 6.75, 6.52, 'C+', 2.5, TRUE),
    (421, 'HV003', '674688', 'Bùi Phương Việt', 'MH002', 'IT102', 'Lập trình cơ bản', 4, 'HK012', 'Học kỳ hè Năm học 2024-2025', 'LHP099', 9.25, 8.0, 8.0, 8.12, 'B+', 3.5, TRUE),
    (422, 'HV027', '649454', 'Lê Hải Em', 'MH018', 'NN202', 'Tiếng Trung cơ bản', 4, 'HK013', 'Học kỳ 1 Năm học 2025-2026', 'LHP113', 9.25, 7.75, 8.75, 8.6, 'A', 4.0, TRUE),
    (423, 'HV024', '669113', 'Hồ Hải Xuân', 'MH007', 'IT302', 'Trí tuệ nhân tạo', 3, 'HK015', 'Học kỳ hè Năm học 2025-2026', 'LHP070', 8.75, 7.5, 7.5, 7.62, 'B', 3.0, TRUE),
    (424, 'HV042', '638542', 'Lý Hữu Dũng', 'MH017', 'NN201', 'Tiếng Anh chuyên ngành', 3, 'HK014', 'Học kỳ 2 Năm học 2025-2026', 'LHP103', 10.0, 8.5, 8.0, 8.3, 'B+', 3.5, TRUE),
    (425, 'HV008', '656213', 'Ngô Đức Yến', 'MH013', 'KT202', 'Tài chính doanh nghiệp', 3, 'HK013', 'Học kỳ 1 Năm học 2025-2026', 'LHP111', 4.0, 4.5, 4.25, 4.27, 'D', 1.0, FALSE),
    (426, 'HV003', '674688', 'Bùi Phương Việt', 'MH007', 'IT302', 'Trí tuệ nhân tạo', 3, 'HK010', 'Học kỳ 1 Năm học 2024-2025', 'LHP015', 8.5, 7.0, 8.0, 7.85, 'B', 3.0, TRUE),
    (427, 'HV040', '654048', 'Đặng Hữu Yến', 'MH066', 'CS582', 'Object-based composite help-desk', 2, 'HK011', 'Học kỳ 2 Năm học 2024-2025', 'LHP075', 10.0, 10.0, 10.0, 10.0, 'A+', 4.0, TRUE),
    (428, 'HV015', '674571', 'Ngô Tuấn Nguyệt', 'MH048', 'PHY701', 'Sharable demand-driven artificial intelligence', 2, 'HK006', 'Học kỳ hè Năm học 2022-2023', 'LHP085', 8.0, 8.75, 8.5, 8.5, 'A', 4.0, TRUE),
    (429, 'HV013', '643135', 'Đỗ Đức Sơn', 'MH009', 'IT304', 'An toàn và bảo mật thông tin', 3, 'HK006', 'Học kỳ hè Năm học 2022-2023', 'LHP057', 7.75, 7.25, 8.0, 7.82, 'B', 3.0, TRUE),
    (430, 'HV050', '651232', 'Dương Minh Em', 'MH038', 'CS970', 'Public-key fresh-thinking function', 2, 'HK011', 'Học kỳ 2 Năm học 2024-2025', 'LHP039', 10.0, 10.0, 8.75, 9.12, 'A+', 4.0, TRUE),
    (431, 'HV009', '649863', 'Lý Hải Phương', 'MH007', 'IT302', 'Trí tuệ nhân tạo', 3, 'HK010', 'Học kỳ 1 Năm học 2024-2025', 'LHP015', 8.75, 7.75, 7.75, 7.85, 'B', 3.0, TRUE),
    (432, 'HV006', '648067', 'Đặng Văn Linh', 'MH012', 'KT201', 'Nguyên lý kế toán', 4, 'HK012', 'Học kỳ hè Năm học 2024-2025', 'LHP118', 10.0, 10.0, 8.75, 9.12, 'A+', 4.0, TRUE),
    (433, 'HV039', '643683', 'Dương Thanh Chiến', 'MH071', 'PHY474', 'Total optimizing software', 3, 'HK002', 'Học kỳ 2 Năm học 2021-2022', 'LHP087', 9.75, 10.0, 10.0, 9.97, 'A+', 4.0, TRUE),
    (434, 'HV041', '673296', 'Đặng Quang Chiến', 'MH056', 'CHEM883', 'Visionary even-keeled algorithm', 4, 'HK010', 'Học kỳ 1 Năm học 2024-2025', 'LHP077', 8.25, 7.5, 8.25, 8.1, 'B+', 3.5, TRUE),
    (435, 'HV011', '657145', 'Bùi Kim Linh', 'MH066', 'CS582', 'Object-based composite help-desk', 2, 'HK008', 'Học kỳ 2 Năm học 2023-2024', 'LHP031', 7.5, 7.5, 7.25, 7.32, 'B', 3.0, TRUE),
    (436, 'HV046', '631135', 'Đặng Đức Bình', 'MH007', 'IT302', 'Trí tuệ nhân tạo', 3, 'HK015', 'Học kỳ hè Năm học 2025-2026', 'LHP070', 7.25, 6.25, 8.0, 7.57, 'B', 3.0, TRUE),
    (437, 'HV040', '654048', 'Đặng Hữu Yến', 'MH077', 'CS400', 'Organized regional utilization', 4, 'HK003', 'Học kỳ hè Năm học 2021-2022', 'LHP073', 10.0, 9.75, 10.0, 9.95, 'A+', 4.0, TRUE),
    (438, 'HV042', '638542', 'Lý Hữu Dũng', 'MH001', 'IT101', 'Nhập môn Công nghệ thông tin', 3, 'HK001', 'Học kỳ 1 Năm học 2021-2022', 'LHP049', 8.0, 8.75, 7.25, 7.62, 'B', 3.0, TRUE),
    (439, 'HV027', '649454', 'Lê Hải Em', 'MH013', 'KT202', 'Tài chính doanh nghiệp', 3, 'HK002', 'Học kỳ 2 Năm học 2021-2022', 'LHP025', 9.75, 7.5, 8.75, 8.6, 'A', 4.0, TRUE),
    (440, 'HV024', '669113', 'Hồ Hải Xuân', 'MH013', 'KT202', 'Tài chính doanh nghiệp', 3, 'HK002', 'Học kỳ 2 Năm học 2021-2022', 'LHP025', 9.25, 7.25, 7.5, 7.62, 'B', 3.0, TRUE),
    (441, 'HV036', '675486', 'Lý Ngọc Anh', 'MH062', 'PHY115', 'User-friendly stable capability', 4, 'HK003', 'Học kỳ hè Năm học 2021-2022', 'LHP086', 10.0, 8.25, 7.75, 8.07, 'B+', 3.5, TRUE),
    (442, 'HV001', '666106', 'Dương Hải Giang', 'MH071', 'PHY474', 'Total optimizing software', 3, 'HK015', 'Học kỳ hè Năm học 2025-2026', 'LHP059', 9.25, 9.0, 10.0, 9.72, 'A+', 4.0, TRUE),
    (443, 'HV005', '679278', 'Bùi Ngọc Việt', 'MH025', 'CS200', 'Stand-alone executive intranet', 2, 'HK015', 'Học kỳ hè Năm học 2025-2026', 'LHP104', 9.0, 9.25, 9.25, 9.22, 'A+', 4.0, TRUE),
    (444, 'HV010', '663199', 'Ngô Đức Linh', 'MH077', 'CS400', 'Organized regional utilization', 4, 'HK002', 'Học kỳ 2 Năm học 2021-2022', 'LHP023', 6.25, 6.5, 6.5, 6.47, 'C+', 2.5, TRUE),
    (445, 'HV008', '656213', 'Ngô Đức Yến', 'MH020', 'QS102', 'Điều lệnh Quân đội', 2, 'HK015', 'Học kỳ hè Năm học 2025-2026', 'LHP013', 6.0, 4.25, 5.25, 5.12, 'D+', 1.5, TRUE),
    (446, 'HV031', '632283', 'Trần Đức Anh', 'MH040', 'CHEM131', 'Triple-buffered global matrix', 2, 'HK011', 'Học kỳ 2 Năm học 2024-2025', 'LHP043', 7.25, 8.25, 7.75, 7.8, 'B', 3.0, TRUE),
    (447, 'HV033', '665288', 'Phạm Bảo Sơn', 'MH032', 'CS591', 'Quality-focused responsive neural-net', 3, 'HK009', 'Học kỳ hè Năm học 2023-2024', 'LHP051', 6.0, 8.75, 8.25, 8.12, 'B+', 3.5, TRUE),
    (448, 'HV004', '649110', 'Lý Ngọc Chiến', 'MH012', 'KT201', 'Nguyên lý kế toán', 4, 'HK002', 'Học kỳ 2 Năm học 2021-2022', 'LHP019', 9.75, 7.75, 8.25, 8.3, 'B+', 3.5, TRUE),
    (449, 'HV023', '646366', 'Đặng Đức Em', 'MH006', 'IT301', 'Phát triển ứng dụng Web', 3, 'HK006', 'Học kỳ hè Năm học 2022-2023', 'LHP001', 9.0, 9.25, 9.5, 9.4, 'A+', 4.0, TRUE),
    (450, 'HV004', '649110', 'Lý Ngọc Chiến', 'MH002', 'IT102', 'Lập trình cơ bản', 4, 'HK014', 'Học kỳ 2 Năm học 2025-2026', 'LHP088', 7.75, 8.5, 5.75, 6.5, 'C+', 2.5, TRUE),
    (451, 'HV002', '637868', 'Lê Thanh Tùng', 'MH010', 'KT101', 'Kinh tế vi mô', 3, 'HK001', 'Học kỳ 1 Năm học 2021-2022', 'LHP102', 8.5, 7.0, 6.5, 6.8, 'C+', 2.5, TRUE),
    (452, 'HV036', '675486', 'Lý Ngọc Anh', 'MH055', 'PHY515', 'Upgradable heuristic info-mediaries', 2, 'HK004', 'Học kỳ 1 Năm học 2022-2023', 'LHP005', 9.75, 7.75, 9.25, 9.0, 'A+', 4.0, TRUE),
    (453, 'HV040', '654048', 'Đặng Hữu Yến', 'MH062', 'PHY115', 'User-friendly stable capability', 4, 'HK001', 'Học kỳ 1 Năm học 2021-2022', 'LHP115', 10.0, 8.5, 9.0, 9.0, 'A+', 4.0, TRUE),
    (454, 'HV018', '675392', 'Bùi Bảo Phương', 'MH025', 'CS200', 'Stand-alone executive intranet', 2, 'HK015', 'Học kỳ hè Năm học 2025-2026', 'LHP104', 8.75, 8.5, 7.25, 7.65, 'B', 3.0, TRUE),
    (455, 'HV005', '679278', 'Bùi Ngọc Việt', 'MH037', 'PHY856', 'Open-architected coherent system engine', 2, 'HK004', 'Học kỳ 1 Năm học 2022-2023', 'LHP065', 10.0, 8.5, 8.75, 8.82, 'A', 4.0, TRUE),
    (456, 'HV005', '679278', 'Bùi Ngọc Việt', 'MH038', 'CS970', 'Public-key fresh-thinking function', 2, 'HK014', 'Học kỳ 2 Năm học 2025-2026', 'LHP037', 9.75, 8.75, 9.5, 9.38, 'A+', 4.0, TRUE),
    (457, 'HV001', '666106', 'Dương Hải Giang', 'MH027', 'PHY923', 'Digitized mission-critical projection', 3, 'HK012', 'Học kỳ hè Năm học 2024-2025', 'LHP017', 10.0, 10.0, 10.0, 10.0, 'A+', 4.0, TRUE),
    (458, 'HV031', '632283', 'Trần Đức Anh', 'MH077', 'CS400', 'Organized regional utilization', 4, 'HK002', 'Học kỳ 2 Năm học 2021-2022', 'LHP023', 7.25, 7.5, 9.0, 8.53, 'A', 4.0, TRUE),
    (459, 'HV022', '648919', 'Lý Thanh Giang', 'MH012', 'KT201', 'Nguyên lý kế toán', 4, 'HK012', 'Học kỳ hè Năm học 2024-2025', 'LHP118', 8.0, 8.0, 7.5, 7.65, 'B', 3.0, TRUE),
    (460, 'HV004', '649110', 'Lý Ngọc Chiến', 'MH069', 'MATH861', 'Compatible contextually-based encryption', 3, 'HK008', 'Học kỳ 2 Năm học 2023-2024', 'LHP044', 8.5, 8.5, 7.75, 7.97, 'B', 3.0, TRUE),
    (461, 'HV037', '666520', 'Ngô Bảo Hoa', 'MH038', 'CS970', 'Public-key fresh-thinking function', 2, 'HK011', 'Học kỳ 2 Năm học 2024-2025', 'LHP039', 7.25, 5.75, 7.0, 6.77, 'C+', 2.5, TRUE),
    (462, 'HV027', '649454', 'Lê Hải Em', 'MH068', 'MATH295', 'Networked static structure', 2, 'HK007', 'Học kỳ 1 Năm học 2023-2024', 'LHP026', 9.0, 9.5, 8.5, 8.75, 'A', 4.0, TRUE),
    (463, 'HV005', '679278', 'Bùi Ngọc Việt', 'MH054', 'CHEM194', 'Exclusive 24/7 function', 3, 'HK011', 'Học kỳ 2 Năm học 2024-2025', 'LHP048', 9.5, 9.5, 8.5, 8.8, 'A', 4.0, TRUE),
    (464, 'HV034', '633301', 'Trần Bảo Phương', 'MH041', 'CHEM375', 'Enterprise-wide leadingedge encoding', 2, 'HK006', 'Học kỳ hè Năm học 2022-2023', 'LHP011', 9.0, 8.25, 9.25, 9.03, 'A+', 4.0, TRUE),
    (465, 'HV046', '631135', 'Đặng Đức Bình', 'MH070', 'CHEM868', 'Assimilated exuding budgetary management', 2, 'HK004', 'Học kỳ 1 Năm học 2022-2023', 'LHP096', 7.5, 7.25, 8.0, 7.8, 'B', 3.0, TRUE),
    (466, 'HV026', '661303', 'Bùi Kim Hoa', 'MH066', 'CS582', 'Object-based composite help-desk', 2, 'HK011', 'Học kỳ 2 Năm học 2024-2025', 'LHP075', 5.75, 5.75, 5.0, 5.22, 'D+', 1.5, TRUE),
    (467, 'HV047', '657727', 'Đỗ Đức Việt', 'MH019', 'QS101', 'Giáo dục Quốc phòng', 2, 'HK009', 'Học kỳ hè Năm học 2023-2024', 'LHP046', 4.0, 5.25, 4.75, 4.78, 'D', 1.0, FALSE),
    (468, 'HV028', '655141', 'Lê Văn Linh', 'MH039', 'PHY983', 'Up-sized fresh-thinking protocol', 2, 'HK005', 'Học kỳ 2 Năm học 2022-2023', 'LHP034', 7.0, 8.0, 7.25, 7.38, 'B', 3.0, TRUE),
    (469, 'HV006', '648067', 'Đặng Văn Linh', 'MH066', 'CS582', 'Object-based composite help-desk', 2, 'HK008', 'Học kỳ 2 Năm học 2023-2024', 'LHP031', 9.25, 9.0, 9.25, 9.2, 'A+', 4.0, TRUE),
    (470, 'HV012', '671537', 'Lê Thị Sơn', 'MH065', 'CHEM796', 'Vision-oriented multi-tasking encryption', 2, 'HK002', 'Học kỳ 2 Năm học 2021-2022', 'LHP032', 7.25, 7.5, 8.25, 8.0, 'B+', 3.5, TRUE),
    (471, 'HV033', '665288', 'Phạm Bảo Sơn', 'MH027', 'PHY923', 'Digitized mission-critical projection', 3, 'HK009', 'Học kỳ hè Năm học 2023-2024', 'LHP094', 7.5, 6.25, 6.75, 6.72, 'C+', 2.5, TRUE),
    (472, 'HV018', '675392', 'Bùi Bảo Phương', 'MH071', 'PHY474', 'Total optimizing software', 3, 'HK009', 'Học kỳ hè Năm học 2023-2024', 'LHP080', 10.0, 9.0, 8.25, 8.57, 'A', 4.0, TRUE),
    (473, 'HV041', '673296', 'Đặng Quang Chiến', 'MH077', 'CS400', 'Organized regional utilization', 4, 'HK003', 'Học kỳ hè Năm học 2021-2022', 'LHP073', 9.75, 10.0, 8.75, 9.1, 'A+', 4.0, TRUE),
    (474, 'HV021', '656727', 'Phạm Minh Nguyệt', 'MH044', 'CS954', 'Versatile 6thgeneration alliance', 3, 'HK014', 'Học kỳ 2 Năm học 2025-2026', 'LHP036', 9.25, 10.0, 10.0, 9.93, 'A+', 4.0, TRUE),
    (475, 'HV040', '654048', 'Đặng Hữu Yến', 'MH080', 'CS346', 'Public-key disintermediate methodology', 3, 'HK007', 'Học kỳ 1 Năm học 2023-2024', 'LHP041', 10.0, 10.0, 10.0, 10.0, 'A+', 4.0, TRUE),
    (476, 'HV037', '666520', 'Ngô Bảo Hoa', 'MH002', 'IT102', 'Lập trình cơ bản', 4, 'HK012', 'Học kỳ hè Năm học 2024-2025', 'LHP072', 6.5, 6.5, 8.25, 7.72, 'B', 3.0, TRUE),
    (477, 'HV043', '666202', 'Nguyễn Minh Phương', 'MH074', 'PHY629', 'Operative didactic application', 3, 'HK010', 'Học kỳ 1 Năm học 2024-2025', 'LHP061', 10.0, 10.0, 9.75, 9.82, 'A+', 4.0, TRUE),
    (478, 'HV015', '674571', 'Ngô Tuấn Nguyệt', 'MH062', 'PHY115', 'User-friendly stable capability', 4, 'HK008', 'Học kỳ 2 Năm học 2023-2024', 'LHP045', 8.0, 8.5, 8.25, 8.27, 'B+', 3.5, TRUE),
    (479, 'HV037', '666520', 'Ngô Bảo Hoa', 'MH017', 'NN201', 'Tiếng Anh chuyên ngành', 3, 'HK014', 'Học kỳ 2 Năm học 2025-2026', 'LHP103', 6.5, 6.5, 7.25, 7.02, 'B', 3.0, TRUE),
    (480, 'HV045', '649143', 'Vũ Hải Giang', 'MH006', 'IT301', 'Phát triển ứng dụng Web', 3, 'HK003', 'Học kỳ hè Năm học 2021-2022', 'LHP022', 7.25, 8.5, 7.25, 7.5, 'B', 3.0, TRUE),
    (481, 'HV028', '655141', 'Lê Văn Linh', 'MH080', 'CS346', 'Public-key disintermediate methodology', 3, 'HK007', 'Học kỳ 1 Năm học 2023-2024', 'LHP041', 7.75, 6.25, 7.0, 6.92, 'C+', 2.5, TRUE),
    (482, 'HV016', '642794', 'Đặng Tuấn Yến', 'MH059', 'MATH205', 'Multi-layered foreground installation', 2, 'HK014', 'Học kỳ 2 Năm học 2025-2026', 'LHP020', 7.5, 9.25, 7.0, 7.5, 'B', 3.0, TRUE),
    (483, 'HV027', '649454', 'Lê Hải Em', 'MH017', 'NN201', 'Tiếng Anh chuyên ngành', 3, 'HK014', 'Học kỳ 2 Năm học 2025-2026', 'LHP103', 10.0, 8.25, 7.75, 8.07, 'B+', 3.5, TRUE),
    (484, 'HV032', '653109', 'Lý Ngọc Xuân', 'MH059', 'MATH205', 'Multi-layered foreground installation', 2, 'HK007', 'Học kỳ 1 Năm học 2023-2024', 'LHP117', 8.25, 9.0, 8.75, 8.75, 'A', 4.0, TRUE),
    (485, 'HV049', '664675', 'Đặng Bảo Phúc', 'MH070', 'CHEM868', 'Assimilated exuding budgetary management', 2, 'HK004', 'Học kỳ 1 Năm học 2022-2023', 'LHP096', 9.25, 9.0, 8.0, 8.32, 'B+', 3.5, TRUE),
    (486, 'HV008', '656213', 'Ngô Đức Yến', 'MH057', 'MATH111', 'Compatible value-added model', 2, 'HK011', 'Học kỳ 2 Năm học 2024-2025', 'LHP081', 5.25, 5.5, 4.75, 4.95, 'D', 1.0, FALSE),
    (487, 'HV016', '642794', 'Đặng Tuấn Yến', 'MH017', 'NN201', 'Tiếng Anh chuyên ngành', 3, 'HK014', 'Học kỳ 2 Năm học 2025-2026', 'LHP103', 8.5, 8.25, 9.25, 8.97, 'A', 4.0, TRUE),
    (488, 'HV021', '656727', 'Phạm Minh Nguyệt', 'MH010', 'KT101', 'Kinh tế vi mô', 3, 'HK010', 'Học kỳ 1 Năm học 2024-2025', 'LHP120', 8.5, 9.75, 10.0, 9.8, 'A+', 4.0, TRUE),
    (489, 'HV032', '653109', 'Lý Ngọc Xuân', 'MH056', 'CHEM883', 'Visionary even-keeled algorithm', 4, 'HK011', 'Học kỳ 2 Năm học 2024-2025', 'LHP053', 6.25, 7.75, 8.0, 7.77, 'B', 3.0, TRUE),
    (490, 'HV045', '649143', 'Vũ Hải Giang', 'MH075', 'CHEM731', 'Stand-alone analyzing focus group', 4, 'HK005', 'Học kỳ 2 Năm học 2022-2023', 'LHP035', 9.25, 8.0, 9.0, 8.82, 'A', 4.0, TRUE),
    (491, 'HV032', '653109', 'Lý Ngọc Xuân', 'MH019', 'QS101', 'Giáo dục Quốc phòng', 2, 'HK005', 'Học kỳ 2 Năm học 2022-2023', 'LHP098', 8.0, 9.0, 5.75, 6.62, 'C+', 2.5, TRUE),
    (492, 'HV017', '655647', 'Nguyễn Quang Em', 'MH048', 'PHY701', 'Sharable demand-driven artificial intelligence', 2, 'HK006', 'Học kỳ hè Năm học 2022-2023', 'LHP085', 7.25, 7.5, 7.5, 7.47, 'B', 3.0, TRUE),
    (493, 'HV035', '674894', 'Hồ Ngọc Tùng', 'MH054', 'CHEM194', 'Exclusive 24/7 function', 3, 'HK011', 'Học kỳ 2 Năm học 2024-2025', 'LHP048', 7.25, 7.75, 8.25, 8.05, 'B+', 3.5, TRUE),
    (494, 'HV043', '666202', 'Nguyễn Minh Phương', 'MH012', 'KT201', 'Nguyên lý kế toán', 4, 'HK002', 'Học kỳ 2 Năm học 2021-2022', 'LHP019', 10.0, 10.0, 10.0, 10.0, 'A+', 4.0, TRUE),
    (495, 'HV040', '654048', 'Đặng Hữu Yến', 'MH019', 'QS101', 'Giáo dục Quốc phòng', 2, 'HK005', 'Học kỳ 2 Năm học 2022-2023', 'LHP098', 10.0, 10.0, 9.5, 9.65, 'A+', 4.0, TRUE),
    (496, 'HV008', '656213', 'Ngô Đức Yến', 'MH023', 'MATH631', 'Ameliorated regional customer loyalty', 2, 'HK013', 'Học kỳ 1 Năm học 2025-2026', 'LHP109', 7.0, 5.5, 4.5, 4.95, 'D', 1.0, FALSE),
    (497, 'HV036', '675486', 'Lý Ngọc Anh', 'MH007', 'IT302', 'Trí tuệ nhân tạo', 3, 'HK010', 'Học kỳ 1 Năm học 2024-2025', 'LHP015', 8.75, 9.25, 7.75, 8.15, 'B+', 3.5, TRUE),
    (498, 'HV015', '674571', 'Ngô Tuấn Nguyệt', 'MH014', 'KT301', 'Kinh tế lượng', 3, 'HK014', 'Học kỳ 2 Năm học 2025-2026', 'LHP095', 9.5, 9.5, 9.25, 9.32, 'A+', 4.0, TRUE),
    (499, 'HV026', '661303', 'Bùi Kim Hoa', 'MH010', 'KT101', 'Kinh tế vi mô', 3, 'HK004', 'Học kỳ 1 Năm học 2022-2023', 'LHP116', 5.25, 6.5, 4.75, 5.15, 'D+', 1.5, TRUE),
    (500, 'HV037', '666520', 'Ngô Bảo Hoa', 'MH006', 'IT301', 'Phát triển ứng dụng Web', 3, 'HK003', 'Học kỳ hè Năm học 2021-2022', 'LHP022', 7.25, 7.5, 6.5, 6.78, 'C+', 2.5, TRUE);

INSERT INTO diem (id, hoc_vien_id, ma_hv, ho_ten_hv, mon_hoc_id, ma_mon, ten_mon, so_tin_chi, hoc_ky_id, ten_hoc_ky, lop_hoc_phan_id, diem_chuyen_can, diem_thuong_xuyen, diem_thi, diem_tong_ket, diem_chu, diem_he4, dat) VALUES
    (501, 'HV039', '643683', 'Dương Thanh Chiến', 'MH076', 'MATH782', 'Extended value-added functionalities', 2, 'HK001', 'Học kỳ 1 Năm học 2021-2022', 'LHP018', 10.0, 10.0, 8.75, 9.12, 'A+', 4.0, TRUE),
    (502, 'HV027', '649454', 'Lê Hải Em', 'MH019', 'QS101', 'Giáo dục Quốc phòng', 2, 'HK009', 'Học kỳ hè Năm học 2023-2024', 'LHP046', 8.75, 9.25, 7.75, 8.15, 'B+', 3.5, TRUE),
    (503, 'HV027', '649454', 'Lê Hải Em', 'MH038', 'CS970', 'Public-key fresh-thinking function', 2, 'HK014', 'Học kỳ 2 Năm học 2025-2026', 'LHP037', 9.5, 9.0, 8.5, 8.7, 'A', 4.0, TRUE),
    (504, 'HV018', '675392', 'Bùi Bảo Phương', 'MH030', 'CS133', 'Mandatory zero tolerance array', 3, 'HK014', 'Học kỳ 2 Năm học 2025-2026', 'LHP006', 9.25, 8.0, 8.25, 8.3, 'B+', 3.5, TRUE),
    (505, 'HV024', '669113', 'Hồ Hải Xuân', 'MH044', 'CS954', 'Versatile 6thgeneration alliance', 3, 'HK014', 'Học kỳ 2 Năm học 2025-2026', 'LHP036', 8.5, 7.5, 9.75, 9.17, 'A+', 4.0, TRUE),
    (506, 'HV043', '666202', 'Nguyễn Minh Phương', 'MH037', 'PHY856', 'Open-architected coherent system engine', 2, 'HK009', 'Học kỳ hè Năm học 2023-2024', 'LHP093', 10.0, 10.0, 9.5, 9.65, 'A+', 4.0, TRUE),
    (507, 'HV003', '674688', 'Bùi Phương Việt', 'MH013', 'KT202', 'Tài chính doanh nghiệp', 3, 'HK012', 'Học kỳ hè Năm học 2024-2025', 'LHP110', 9.5, 8.75, 6.75, 7.42, 'B', 3.0, TRUE),
    (508, 'HV001', '666106', 'Dương Hải Giang', 'MH061', 'CS689', 'Distributed background forecast', 2, 'HK015', 'Học kỳ hè Năm học 2025-2026', 'LHP008', 9.25, 10.0, 10.0, 9.93, 'A+', 4.0, TRUE),
    (509, 'HV036', '675486', 'Lý Ngọc Anh', 'MH002', 'IT102', 'Lập trình cơ bản', 4, 'HK006', 'Học kỳ hè Năm học 2022-2023', 'LHP010', 8.25, 9.0, 8.5, 8.57, 'A', 4.0, TRUE),
    (510, 'HV035', '674894', 'Hồ Ngọc Tùng', 'MH016', 'NN102', 'Tiếng Anh học thuật', 3, 'HK007', 'Học kỳ 1 Năm học 2023-2024', 'LHP107', 7.5, 7.0, 8.75, 8.28, 'B+', 3.5, TRUE),
    (511, 'HV048', '677042', 'Trần Hữu Nguyệt', 'MH037', 'PHY856', 'Open-architected coherent system engine', 2, 'HK004', 'Học kỳ 1 Năm học 2022-2023', 'LHP065', 7.25, 7.0, 7.5, 7.38, 'B', 3.0, TRUE),
    (512, 'HV038', '657859', 'Dương Quang Giang', 'MH037', 'PHY856', 'Open-architected coherent system engine', 2, 'HK004', 'Học kỳ 1 Năm học 2022-2023', 'LHP065', 10.0, 10.0, 9.75, 9.82, 'A+', 4.0, TRUE),
    (513, 'HV007', '678302', 'Dương Minh Sơn', 'MH027', 'PHY923', 'Digitized mission-critical projection', 3, 'HK012', 'Học kỳ hè Năm học 2024-2025', 'LHP017', 8.25, 7.25, 8.75, 8.4, 'B+', 3.5, TRUE),
    (514, 'HV027', '649454', 'Lê Hải Em', 'MH020', 'QS102', 'Điều lệnh Quân đội', 2, 'HK011', 'Học kỳ 2 Năm học 2024-2025', 'LHP009', 10.0, 8.25, 7.75, 8.07, 'B+', 3.5, TRUE),
    (515, 'HV042', '638542', 'Lý Hữu Dũng', 'MH069', 'MATH861', 'Compatible contextually-based encryption', 3, 'HK002', 'Học kỳ 2 Năm học 2021-2022', 'LHP076', 7.5, 9.25, 7.75, 8.03, 'B+', 3.5, TRUE),
    (516, 'HV048', '677042', 'Trần Hữu Nguyệt', 'MH053', 'CS920', 'Persevering content-based matrices', 3, 'HK003', 'Học kỳ hè Năm học 2021-2022', 'LHP100', 8.75, 7.5, 7.25, 7.45, 'B', 3.0, TRUE),
    (517, 'HV007', '678302', 'Dương Minh Sơn', 'MH070', 'CHEM868', 'Assimilated exuding budgetary management', 2, 'HK004', 'Học kỳ 1 Năm học 2022-2023', 'LHP096', 9.0, 9.5, 8.0, 8.4, 'B+', 3.5, TRUE),
    (518, 'HV020', '654457', 'Đỗ Bảo Hương', 'MH006', 'IT301', 'Phát triển ứng dụng Web', 3, 'HK007', 'Học kỳ 1 Năm học 2023-2024', 'LHP040', 6.75, 7.5, 8.25, 7.95, 'B', 3.0, TRUE),
    (519, 'HV047', '657727', 'Đỗ Đức Việt', 'MH047', 'MATH710', 'Customer-focused optimizing challenge', 4, 'HK002', 'Học kỳ 2 Năm học 2021-2022', 'LHP079', 4.0, 3.5, 3.0, 3.2, 'F', 0.0, FALSE),
    (520, 'HV017', '655647', 'Nguyễn Quang Em', 'MH038', 'CS970', 'Public-key fresh-thinking function', 2, 'HK014', 'Học kỳ 2 Năm học 2025-2026', 'LHP037', 6.5, 7.5, 6.5, 6.7, 'C+', 2.5, TRUE),
    (521, 'HV016', '642794', 'Đặng Tuấn Yến', 'MH069', 'MATH861', 'Compatible contextually-based encryption', 3, 'HK008', 'Học kỳ 2 Năm học 2023-2024', 'LHP044', 8.0, 9.0, 7.75, 8.03, 'B+', 3.5, TRUE),
    (522, 'HV018', '675392', 'Bùi Bảo Phương', 'MH027', 'PHY923', 'Digitized mission-critical projection', 3, 'HK012', 'Học kỳ hè Năm học 2024-2025', 'LHP017', 7.5, 8.75, 9.75, 9.32, 'A+', 4.0, TRUE),
    (523, 'HV006', '648067', 'Đặng Văn Linh', 'MH059', 'MATH205', 'Multi-layered foreground installation', 2, 'HK014', 'Học kỳ 2 Năm học 2025-2026', 'LHP020', 9.5, 9.25, 10.0, 9.8, 'A+', 4.0, TRUE),
    (524, 'HV048', '677042', 'Trần Hữu Nguyệt', 'MH077', 'CS400', 'Organized regional utilization', 4, 'HK004', 'Học kỳ 1 Năm học 2022-2023', 'LHP108', 6.75, 7.75, 7.75, 7.65, 'B', 3.0, TRUE),
    (525, 'HV047', '657727', 'Đỗ Đức Việt', 'MH064', 'PHY837', 'Face-to-face regional hierarchy', 3, 'HK006', 'Học kỳ hè Năm học 2022-2023', 'LHP014', 4.0, 4.75, 3.75, 3.98, 'F', 0.0, FALSE),
    (526, 'HV012', '671537', 'Lê Thị Sơn', 'MH010', 'KT101', 'Kinh tế vi mô', 3, 'HK001', 'Học kỳ 1 Năm học 2021-2022', 'LHP102', 8.0, 7.25, 6.25, 6.62, 'C+', 2.5, TRUE),
    (527, 'HV026', '661303', 'Bùi Kim Hoa', 'MH039', 'PHY983', 'Up-sized fresh-thinking protocol', 2, 'HK005', 'Học kỳ 2 Năm học 2022-2023', 'LHP034', 4.0, 5.5, 5.25, 5.17, 'D+', 1.5, TRUE),
    (528, 'HV047', '657727', 'Đỗ Đức Việt', 'MH007', 'IT302', 'Trí tuệ nhân tạo', 3, 'HK010', 'Học kỳ 1 Năm học 2024-2025', 'LHP015', 6.0, 3.5, 3.75, 3.93, 'F', 0.0, FALSE),
    (529, 'HV038', '657859', 'Dương Quang Giang', 'MH069', 'MATH861', 'Compatible contextually-based encryption', 3, 'HK008', 'Học kỳ 2 Năm học 2023-2024', 'LHP044', 10.0, 9.75, 9.25, 9.43, 'A+', 4.0, TRUE),
    (530, 'HV026', '661303', 'Bùi Kim Hoa', 'MH078', 'CS417', 'Extended responsive access', 3, 'HK009', 'Học kỳ hè Năm học 2023-2024', 'LHP062', 4.0, 5.0, 7.0, 6.3, 'C+', 2.5, TRUE),
    (531, 'HV038', '657859', 'Dương Quang Giang', 'MH028', 'CS651', 'Realigned intangible framework', 2, 'HK003', 'Học kỳ hè Năm học 2021-2022', 'LHP082', 10.0, 10.0, 9.0, 9.3, 'A+', 4.0, TRUE),
    (532, 'HV008', '656213', 'Ngô Đức Yến', 'MH030', 'CS133', 'Mandatory zero tolerance array', 3, 'HK014', 'Học kỳ 2 Năm học 2025-2026', 'LHP006', 6.25, 6.5, 4.75, 5.25, 'D+', 1.5, TRUE),
    (533, 'HV047', '657727', 'Đỗ Đức Việt', 'MH062', 'PHY115', 'User-friendly stable capability', 4, 'HK001', 'Học kỳ 1 Năm học 2021-2022', 'LHP115', 4.0, 3.5, 3.5, 3.55, 'F', 0.0, FALSE),
    (534, 'HV020', '654457', 'Đỗ Bảo Hương', 'MH048', 'PHY701', 'Sharable demand-driven artificial intelligence', 2, 'HK006', 'Học kỳ hè Năm học 2022-2023', 'LHP085', 7.5, 6.25, 6.5, 6.55, 'C+', 2.5, TRUE),
    (535, 'HV029', '665364', 'Hồ Phương Yến', 'MH013', 'KT202', 'Tài chính doanh nghiệp', 3, 'HK012', 'Học kỳ hè Năm học 2024-2025', 'LHP110', 7.25, 7.5, 7.25, 7.3, 'B', 3.0, TRUE),
    (536, 'HV042', '638542', 'Lý Hữu Dũng', 'MH062', 'PHY115', 'User-friendly stable capability', 4, 'HK003', 'Học kỳ hè Năm học 2021-2022', 'LHP086', 8.75, 7.5, 8.25, 8.15, 'B+', 3.5, TRUE),
    (537, 'HV004', '649110', 'Lý Ngọc Chiến', 'MH071', 'PHY474', 'Total optimizing software', 3, 'HK015', 'Học kỳ hè Năm học 2025-2026', 'LHP059', 7.0, 9.0, 9.0, 8.8, 'A', 4.0, TRUE),
    (538, 'HV005', '679278', 'Bùi Ngọc Việt', 'MH014', 'KT301', 'Kinh tế lượng', 3, 'HK015', 'Học kỳ hè Năm học 2025-2026', 'LHP063', 8.25, 9.75, 9.75, 9.6, 'A+', 4.0, TRUE),
    (539, 'HV025', '662151', 'Dương Đức Bình', 'MH016', 'NN102', 'Tiếng Anh học thuật', 3, 'HK007', 'Học kỳ 1 Năm học 2023-2024', 'LHP107', 10.0, 10.0, 8.0, 8.6, 'A', 4.0, TRUE),
    (540, 'HV026', '661303', 'Bùi Kim Hoa', 'MH037', 'PHY856', 'Open-architected coherent system engine', 2, 'HK009', 'Học kỳ hè Năm học 2023-2024', 'LHP093', 5.5, 5.5, 4.25, 4.62, 'D', 1.0, FALSE),
    (541, 'HV003', '674688', 'Bùi Phương Việt', 'MH010', 'KT101', 'Kinh tế vi mô', 3, 'HK001', 'Học kỳ 1 Năm học 2021-2022', 'LHP102', 8.0, 8.75, 8.5, 8.5, 'A', 4.0, TRUE),
    (542, 'HV029', '665364', 'Hồ Phương Yến', 'MH019', 'QS101', 'Giáo dục Quốc phòng', 2, 'HK003', 'Học kỳ hè Năm học 2021-2022', 'LHP067', 8.0, 7.75, 7.0, 7.25, 'B', 3.0, TRUE),
    (543, 'HV005', '679278', 'Bùi Ngọc Việt', 'MH076', 'MATH782', 'Extended value-added functionalities', 2, 'HK001', 'Học kỳ 1 Năm học 2021-2022', 'LHP018', 8.5, 10.0, 9.25, 9.32, 'A+', 4.0, TRUE),
    (544, 'HV049', '664675', 'Đặng Bảo Phúc', 'MH077', 'CS400', 'Organized regional utilization', 4, 'HK004', 'Học kỳ 1 Năm học 2022-2023', 'LHP108', 9.25, 8.25, 8.5, 8.52, 'A', 4.0, TRUE),
    (545, 'HV040', '654048', 'Đặng Hữu Yến', 'MH074', 'PHY629', 'Operative didactic application', 3, 'HK010', 'Học kỳ 1 Năm học 2024-2025', 'LHP061', 10.0, 10.0, 9.75, 9.82, 'A+', 4.0, TRUE),
    (546, 'HV033', '665288', 'Phạm Bảo Sơn', 'MH077', 'CS400', 'Organized regional utilization', 4, 'HK013', 'Học kỳ 1 Năm học 2025-2026', 'LHP052', 7.0, 6.75, 8.0, 7.65, 'B', 3.0, TRUE),
    (547, 'HV017', '655647', 'Nguyễn Quang Em', 'MH076', 'MATH782', 'Extended value-added functionalities', 2, 'HK001', 'Học kỳ 1 Năm học 2021-2022', 'LHP018', 8.5, 6.75, 7.0, 7.1, 'B', 3.0, TRUE),
    (548, 'HV031', '632283', 'Trần Đức Anh', 'MH062', 'PHY115', 'User-friendly stable capability', 4, 'HK001', 'Học kỳ 1 Năm học 2021-2022', 'LHP115', 7.25, 8.0, 7.5, 7.58, 'B', 3.0, TRUE),
    (549, 'HV041', '673296', 'Đặng Quang Chiến', 'MH040', 'CHEM131', 'Triple-buffered global matrix', 2, 'HK011', 'Học kỳ 2 Năm học 2024-2025', 'LHP043', 8.75, 9.0, 7.75, 8.1, 'B+', 3.5, TRUE),
    (550, 'HV027', '649454', 'Lê Hải Em', 'MH049', 'MATH894', 'Enterprise-wide bottom-line benchmark', 2, 'HK006', 'Học kỳ hè Năm học 2022-2023', 'LHP114', 7.5, 9.5, 8.25, 8.43, 'B+', 3.5, TRUE),
    (551, 'HV003', '674688', 'Bùi Phương Việt', 'MH041', 'CHEM375', 'Enterprise-wide leadingedge encoding', 2, 'HK006', 'Học kỳ hè Năm học 2022-2023', 'LHP011', 8.5, 9.0, 7.25, 7.72, 'B', 3.0, TRUE),
    (552, 'HV044', '659654', 'Bùi Hữu Chiến', 'MH059', 'MATH205', 'Multi-layered foreground installation', 2, 'HK014', 'Học kỳ 2 Năm học 2025-2026', 'LHP020', 9.75, 8.75, 8.25, 8.5, 'A', 4.0, TRUE),
    (553, 'HV006', '648067', 'Đặng Văn Linh', 'MH019', 'QS101', 'Giáo dục Quốc phòng', 2, 'HK005', 'Học kỳ 2 Năm học 2022-2023', 'LHP098', 7.75, 10.0, 10.0, 9.78, 'A+', 4.0, TRUE),
    (554, 'HV042', '638542', 'Lý Hữu Dũng', 'MH019', 'QS101', 'Giáo dục Quốc phòng', 2, 'HK003', 'Học kỳ hè Năm học 2021-2022', 'LHP067', 7.0, 8.75, 9.0, 8.75, 'A', 4.0, TRUE),
    (555, 'HV025', '662151', 'Dương Đức Bình', 'MH013', 'KT202', 'Tài chính doanh nghiệp', 3, 'HK012', 'Học kỳ hè Năm học 2024-2025', 'LHP110', 9.25, 9.25, 9.0, 9.07, 'A+', 4.0, TRUE),
    (556, 'HV040', '654048', 'Đặng Hữu Yến', 'MH054', 'CHEM194', 'Exclusive 24/7 function', 3, 'HK010', 'Học kỳ 1 Năm học 2024-2025', 'LHP058', 8.25, 10.0, 8.0, 8.43, 'B+', 3.5, TRUE),
    (557, 'HV035', '674894', 'Hồ Ngọc Tùng', 'MH012', 'KT201', 'Nguyên lý kế toán', 4, 'HK002', 'Học kỳ 2 Năm học 2021-2022', 'LHP019', 6.5, 8.0, 7.25, 7.32, 'B', 3.0, TRUE),
    (558, 'HV040', '654048', 'Đặng Hữu Yến', 'MH040', 'CHEM131', 'Triple-buffered global matrix', 2, 'HK002', 'Học kỳ 2 Năm học 2021-2022', 'LHP056', 9.0, 10.0, 8.75, 9.03, 'A+', 4.0, TRUE),
    (559, 'HV047', '657727', 'Đỗ Đức Việt', 'MH006', 'IT301', 'Phát triển ứng dụng Web', 3, 'HK005', 'Học kỳ 2 Năm học 2022-2023', 'LHP030', 4.5, 4.5, 4.25, 4.32, 'D', 1.0, FALSE),
    (560, 'HV010', '663199', 'Ngô Đức Linh', 'MH031', 'CS922', 'Distributed content-based artificial intelligence', 4, 'HK003', 'Học kỳ hè Năm học 2021-2022', 'LHP033', 5.75, 7.75, 6.5, 6.67, 'C+', 2.5, TRUE),
    (561, 'HV010', '663199', 'Ngô Đức Linh', 'MH025', 'CS200', 'Stand-alone executive intranet', 2, 'HK015', 'Học kỳ hè Năm học 2025-2026', 'LHP104', 6.75, 6.75, 7.5, 7.28, 'B', 3.0, TRUE),
    (562, 'HV044', '659654', 'Bùi Hữu Chiến', 'MH056', 'CHEM883', 'Visionary even-keeled algorithm', 4, 'HK011', 'Học kỳ 2 Năm học 2024-2025', 'LHP053', 10.0, 8.0, 8.0, 8.2, 'B+', 3.5, TRUE),
    (563, 'HV041', '673296', 'Đặng Quang Chiến', 'MH047', 'MATH710', 'Customer-focused optimizing challenge', 4, 'HK014', 'Học kỳ 2 Năm học 2025-2026', 'LHP003', 9.5, 9.25, 8.0, 8.4, 'B+', 3.5, TRUE),
    (564, 'HV034', '633301', 'Trần Bảo Phương', 'MH078', 'CS417', 'Extended responsive access', 3, 'HK009', 'Học kỳ hè Năm học 2023-2024', 'LHP062', 8.5, 9.0, 8.25, 8.43, 'B+', 3.5, TRUE),
    (565, 'HV031', '632283', 'Trần Đức Anh', 'MH056', 'CHEM883', 'Visionary even-keeled algorithm', 4, 'HK003', 'Học kỳ hè Năm học 2021-2022', 'LHP106', 7.75, 8.5, 8.0, 8.07, 'B+', 3.5, TRUE),
    (566, 'HV002', '637868', 'Lê Thanh Tùng', 'MH062', 'PHY115', 'User-friendly stable capability', 4, 'HK003', 'Học kỳ hè Năm học 2021-2022', 'LHP086', 7.0, 4.0, 6.75, 6.22, 'C+', 2.5, TRUE),
    (567, 'HV046', '631135', 'Đặng Đức Bình', 'MH074', 'PHY629', 'Operative didactic application', 3, 'HK013', 'Học kỳ 1 Năm học 2025-2026', 'LHP060', 8.5, 7.0, 8.25, 8.02, 'B+', 3.5, TRUE),
    (568, 'HV037', '666520', 'Ngô Bảo Hoa', 'MH013', 'KT202', 'Tài chính doanh nghiệp', 3, 'HK012', 'Học kỳ hè Năm học 2024-2025', 'LHP110', 7.0, 8.0, 7.25, 7.38, 'B', 3.0, TRUE),
    (569, 'HV024', '669113', 'Hồ Hải Xuân', 'MH027', 'PHY923', 'Digitized mission-critical projection', 3, 'HK012', 'Học kỳ hè Năm học 2024-2025', 'LHP017', 10.0, 10.0, 8.0, 8.6, 'A', 4.0, TRUE),
    (570, 'HV007', '678302', 'Dương Minh Sơn', 'MH069', 'MATH861', 'Compatible contextually-based encryption', 3, 'HK008', 'Học kỳ 2 Năm học 2023-2024', 'LHP044', 8.75, 7.75, 8.0, 8.02, 'B+', 3.5, TRUE),
    (571, 'HV004', '649110', 'Lý Ngọc Chiến', 'MH019', 'QS101', 'Giáo dục Quốc phòng', 2, 'HK009', 'Học kỳ hè Năm học 2023-2024', 'LHP046', 7.0, 6.5, 8.5, 7.95, 'B', 3.0, TRUE),
    (572, 'HV005', '679278', 'Bùi Ngọc Việt', 'MH077', 'CS400', 'Organized regional utilization', 4, 'HK002', 'Học kỳ 2 Năm học 2021-2022', 'LHP023', 10.0, 8.75, 9.25, 9.22, 'A+', 4.0, TRUE),
    (573, 'HV013', '643135', 'Đỗ Đức Sơn', 'MH018', 'NN202', 'Tiếng Trung cơ bản', 4, 'HK013', 'Học kỳ 1 Năm học 2025-2026', 'LHP113', 8.0, 7.5, 6.25, 6.67, 'C+', 2.5, TRUE),
    (574, 'HV041', '673296', 'Đặng Quang Chiến', 'MH020', 'QS102', 'Điều lệnh Quân đội', 2, 'HK012', 'Học kỳ hè Năm học 2024-2025', 'LHP007', 8.75, 8.25, 9.5, 9.18, 'A+', 4.0, TRUE),
    (575, 'HV024', '669113', 'Hồ Hải Xuân', 'MH030', 'CS133', 'Mandatory zero tolerance array', 3, 'HK014', 'Học kỳ 2 Năm học 2025-2026', 'LHP006', 8.25, 6.75, 9.0, 8.47, 'B+', 3.5, TRUE),
    (576, 'HV027', '649454', 'Lê Hải Em', 'MH069', 'MATH861', 'Compatible contextually-based encryption', 3, 'HK008', 'Học kỳ 2 Năm học 2023-2024', 'LHP044', 8.75, 8.5, 8.5, 8.52, 'A', 4.0, TRUE),
    (577, 'HV021', '656727', 'Phạm Minh Nguyệt', 'MH077', 'CS400', 'Organized regional utilization', 4, 'HK003', 'Học kỳ hè Năm học 2021-2022', 'LHP073', 9.5, 9.5, 9.0, 9.15, 'A+', 4.0, TRUE),
    (578, 'HV030', '638533', 'Phạm Thanh Tùng', 'MH040', 'CHEM131', 'Triple-buffered global matrix', 2, 'HK011', 'Học kỳ 2 Năm học 2024-2025', 'LHP043', 8.75, 8.5, 7.75, 8.0, 'B+', 3.5, TRUE),
    (579, 'HV012', '671537', 'Lê Thị Sơn', 'MH035', 'MATH316', 'Stand-alone value-added complexity', 2, 'HK006', 'Học kỳ hè Năm học 2022-2023', 'LHP050', 5.0, 6.5, 7.25, 6.87, 'C+', 2.5, TRUE),
    (580, 'HV019', '638860', 'Bùi Thanh Hạnh', 'MH048', 'PHY701', 'Sharable demand-driven artificial intelligence', 2, 'HK006', 'Học kỳ hè Năm học 2022-2023', 'LHP085', 8.75, 10.0, 9.75, 9.7, 'A+', 4.0, TRUE),
    (581, 'HV013', '643135', 'Đỗ Đức Sơn', 'MH065', 'CHEM796', 'Vision-oriented multi-tasking encryption', 2, 'HK002', 'Học kỳ 2 Năm học 2021-2022', 'LHP032', 7.5, 7.75, 8.5, 8.25, 'B+', 3.5, TRUE),
    (582, 'HV003', '674688', 'Bùi Phương Việt', 'MH048', 'PHY701', 'Sharable demand-driven artificial intelligence', 2, 'HK006', 'Học kỳ hè Năm học 2022-2023', 'LHP085', 9.25, 8.0, 8.75, 8.65, 'A', 4.0, TRUE),
    (583, 'HV018', '675392', 'Bùi Bảo Phương', 'MH005', 'IT203', 'Mạng máy tính', 3, 'HK002', 'Học kỳ 2 Năm học 2021-2022', 'LHP029', 8.0, 9.75, 8.5, 8.7, 'A', 4.0, TRUE),
    (584, 'HV047', '657727', 'Đỗ Đức Việt', 'MH018', 'NN202', 'Tiếng Trung cơ bản', 4, 'HK007', 'Học kỳ 1 Năm học 2023-2024', 'LHP092', 4.0, 4.0, 3.75, 3.83, 'F', 0.0, FALSE),
    (585, 'HV015', '674571', 'Ngô Tuấn Nguyệt', 'MH054', 'CHEM194', 'Exclusive 24/7 function', 3, 'HK010', 'Học kỳ 1 Năm học 2024-2025', 'LHP058', 8.5, 10.0, 9.0, 9.15, 'A+', 4.0, TRUE),
    (586, 'HV025', '662151', 'Dương Đức Bình', 'MH006', 'IT301', 'Phát triển ứng dụng Web', 3, 'HK002', 'Học kỳ 2 Năm học 2021-2022', 'LHP071', 9.0, 9.75, 8.5, 8.8, 'A', 4.0, TRUE),
    (587, 'HV019', '638860', 'Bùi Thanh Hạnh', 'MH049', 'MATH894', 'Enterprise-wide bottom-line benchmark', 2, 'HK006', 'Học kỳ hè Năm học 2022-2023', 'LHP114', 7.75, 7.25, 9.0, 8.53, 'A', 4.0, TRUE),
    (588, 'HV011', '657145', 'Bùi Kim Linh', 'MH014', 'KT301', 'Kinh tế lượng', 3, 'HK010', 'Học kỳ 1 Năm học 2024-2025', 'LHP064', 8.5, 7.5, 8.25, 8.12, 'B+', 3.5, TRUE),
    (589, 'HV028', '655141', 'Lê Văn Linh', 'MH071', 'PHY474', 'Total optimizing software', 3, 'HK002', 'Học kỳ 2 Năm học 2021-2022', 'LHP087', 6.25, 8.75, 7.0, 7.27, 'B', 3.0, TRUE),
    (590, 'HV045', '649143', 'Vũ Hải Giang', 'MH077', 'CS400', 'Organized regional utilization', 4, 'HK003', 'Học kỳ hè Năm học 2021-2022', 'LHP073', 8.25, 9.0, 8.75, 8.75, 'A', 4.0, TRUE),
    (591, 'HV014', '672765', 'Ngô Thị Hương', 'MH018', 'NN202', 'Tiếng Trung cơ bản', 4, 'HK013', 'Học kỳ 1 Năm học 2025-2026', 'LHP113', 5.25, 5.5, 6.5, 6.17, 'C+', 2.5, TRUE),
    (592, 'HV001', '666106', 'Dương Hải Giang', 'MH020', 'QS102', 'Điều lệnh Quân đội', 2, 'HK015', 'Học kỳ hè Năm học 2025-2026', 'LHP013', 9.5, 9.0, 9.25, 9.22, 'A+', 4.0, TRUE),
    (593, 'HV013', '643135', 'Đỗ Đức Sơn', 'MH064', 'PHY837', 'Face-to-face regional hierarchy', 3, 'HK006', 'Học kỳ hè Năm học 2022-2023', 'LHP014', 8.75, 7.75, 7.25, 7.5, 'B', 3.0, TRUE),
    (594, 'HV005', '679278', 'Bùi Ngọc Việt', 'MH049', 'MATH894', 'Enterprise-wide bottom-line benchmark', 2, 'HK010', 'Học kỳ 1 Năm học 2024-2025', 'LHP090', 9.0, 10.0, 8.25, 8.67, 'A', 4.0, TRUE),
    (595, 'HV045', '649143', 'Vũ Hải Giang', 'MH007', 'IT302', 'Trí tuệ nhân tạo', 3, 'HK010', 'Học kỳ 1 Năm học 2024-2025', 'LHP015', 7.75, 8.0, 6.5, 6.92, 'C+', 2.5, TRUE),
    (596, 'HV040', '654048', 'Đặng Hữu Yến', 'MH014', 'KT301', 'Kinh tế lượng', 3, 'HK005', 'Học kỳ 2 Năm học 2022-2023', 'LHP027', 10.0, 9.75, 8.5, 8.9, 'A', 4.0, TRUE),
    (597, 'HV031', '632283', 'Trần Đức Anh', 'MH051', 'CHEM960', 'Customer-focused next generation emulation', 4, 'HK013', 'Học kỳ 1 Năm học 2025-2026', 'LHP101', 6.25, 7.25, 7.0, 6.97, 'C+', 2.5, TRUE),
    (598, 'HV018', '675392', 'Bùi Bảo Phương', 'MH002', 'IT102', 'Lập trình cơ bản', 4, 'HK014', 'Học kỳ 2 Năm học 2025-2026', 'LHP088', 8.25, 8.25, 7.5, 7.72, 'B', 3.0, TRUE),
    (599, 'HV040', '654048', 'Đặng Hữu Yến', 'MH020', 'QS102', 'Điều lệnh Quân đội', 2, 'HK012', 'Học kỳ hè Năm học 2024-2025', 'LHP007', 10.0, 10.0, 10.0, 10.0, 'A+', 4.0, TRUE),
    (600, 'HV033', '665288', 'Phạm Bảo Sơn', 'MH010', 'KT101', 'Kinh tế vi mô', 3, 'HK009', 'Học kỳ hè Năm học 2023-2024', 'LHP038', 7.0, 8.5, 8.0, 8.0, 'B+', 3.5, TRUE);

INSERT INTO ket_qua_hoc_ky (id, hoc_vien_id, ma_hv, ho_ten_hv, hoc_ky_id, ten_hoc_ky, gpa_hoc_ky_he4, gpa_tich_luy_he4, gpa_hoc_ky_he10, so_tc_dang_ky, so_tc_dat, so_tc_tich_luy, xep_loai, diem_ren_luyen, muc_canh_bao) VALUES
    ('KQ001', 'HV002', '637868', 'Lê Thanh Tùng', 'HK007', 'Học kỳ 1 Năm học 2023-2024', 2.69, 1.61, 6.7, 18, 13, 107, 'Khá', 79, 1),
    ('KQ002', 'HV050', '651232', 'Dương Minh Em', 'HK006', 'Học kỳ hè Năm học 2022-2023', 2.97, 3.4, 7.4, 17, 13, 92, 'Khá', 97, 0),
    ('KQ003', 'HV011', '657145', 'Bùi Kim Linh', 'HK010', 'Học kỳ 1 Năm học 2024-2025', 4.0, 2.32, 10.0, 13, 12, 122, 'Xuất sắc', 93, 1),
    ('KQ004', 'HV016', '642794', 'Đặng Tuấn Yến', 'HK010', 'Học kỳ 1 Năm học 2024-2025', 2.51, 2.88, 6.3, 16, 4, 83, 'Khá', 78, 2),
    ('KQ005', 'HV039', '643683', 'Dương Thanh Chiến', 'HK012', 'Học kỳ hè Năm học 2024-2025', 3.64, 4.0, 9.1, 10, 5, 62, 'Xuất sắc', 60, 2),
    ('KQ006', 'HV023', '646366', 'Đặng Đức Em', 'HK005', 'Học kỳ 2 Năm học 2022-2023', 4.0, 3.55, 10.0, 18, 3, 116, 'Xuất sắc', 74, 1),
    ('KQ007', 'HV012', '671537', 'Lê Thị Sơn', 'HK007', 'Học kỳ 1 Năm học 2023-2024', 2.83, 2.16, 7.1, 23, 6, 138, 'Khá', 61, 0),
    ('KQ008', 'HV007', '678302', 'Dương Minh Sơn', 'HK014', 'Học kỳ 2 Năm học 2025-2026', 3.42, 2.96, 8.6, 20, 15, 52, 'Giỏi', 75, 1),
    ('KQ009', 'HV038', '657859', 'Dương Quang Giang', 'HK009', 'Học kỳ hè Năm học 2023-2024', 3.01, 4.0, 7.5, 23, 23, 94, 'Khá', 98, 3),
    ('KQ010', 'HV007', '678302', 'Dương Minh Sơn', 'HK015', 'Học kỳ hè Năm học 2025-2026', 1.73, 2.96, 4.3, 10, 6, 52, 'Yếu', 68, 2),
    ('KQ011', 'HV021', '656727', 'Phạm Minh Nguyệt', 'HK013', 'Học kỳ 1 Năm học 2025-2026', 2.32, 3.88, 5.8, 12, 0, 70, 'Trung bình', 90, 3),
    ('KQ012', 'HV032', '653109', 'Lý Ngọc Xuân', 'HK011', 'Học kỳ 2 Năm học 2024-2025', 1.77, 2.4, 4.4, 18, 4, 116, 'Yếu', 55, 2),
    ('KQ013', 'HV010', '663199', 'Ngô Đức Linh', 'HK014', 'Học kỳ 2 Năm học 2025-2026', 2.67, 1.79, 6.7, 16, 16, 58, 'Khá', 58, 0),
    ('KQ014', 'HV021', '656727', 'Phạm Minh Nguyệt', 'HK008', 'Học kỳ 2 Năm học 2023-2024', 1.61, 3.88, 4.0, 15, 3, 70, 'Yếu', 74, 0),
    ('KQ015', 'HV046', '631135', 'Đặng Đức Bình', 'HK002', 'Học kỳ 2 Năm học 2021-2022', 2.84, 2.53, 7.1, 19, 17, 40, 'Khá', 66, 2),
    ('KQ016', 'HV014', '672765', 'Ngô Thị Hương', 'HK010', 'Học kỳ 1 Năm học 2024-2025', 3.94, 1.34, 9.8, 25, 8, 82, 'Xuất sắc', 77, 3),
    ('KQ017', 'HV049', '664675', 'Đặng Bảo Phúc', 'HK005', 'Học kỳ 2 Năm học 2022-2023', 3.6, 3.31, 9.0, 25, 0, 148, 'Xuất sắc', 99, 1),
    ('KQ018', 'HV006', '648067', 'Đặng Văn Linh', 'HK001', 'Học kỳ 1 Năm học 2021-2022', 2.24, 3.96, 5.6, 16, 15, 120, 'Trung bình', 68, 3),
    ('KQ019', 'HV019', '638860', 'Bùi Thanh Hạnh', 'HK014', 'Học kỳ 2 Năm học 2025-2026', 2.11, 2.72, 5.3, 24, 4, 97, 'Trung bình', 100, 2),
    ('KQ020', 'HV009', '649863', 'Lý Hải Phương', 'HK002', 'Học kỳ 2 Năm học 2021-2022', 3.25, 3.05, 8.1, 20, 0, 78, 'Giỏi', 85, 0),
    ('KQ021', 'HV007', '678302', 'Dương Minh Sơn', 'HK007', 'Học kỳ 1 Năm học 2023-2024', 2.51, 2.96, 6.3, 13, 13, 52, 'Khá', 75, 0),
    ('KQ022', 'HV004', '649110', 'Lý Ngọc Chiến', 'HK004', 'Học kỳ 1 Năm học 2022-2023', 2.49, 2.85, 6.2, 24, 8, 136, 'Trung bình', 82, 2),
    ('KQ023', 'HV048', '677042', 'Trần Hữu Nguyệt', 'HK014', 'Học kỳ 2 Năm học 2025-2026', 2.57, 2.49, 6.4, 21, 11, 32, 'Khá', 66, 2),
    ('KQ024', 'HV041', '673296', 'Đặng Quang Chiến', 'HK003', 'Học kỳ hè Năm học 2021-2022', 2.06, 3.44, 5.2, 18, 3, 40, 'Trung bình', 89, 3),
    ('KQ025', 'HV048', '677042', 'Trần Hữu Nguyệt', 'HK013', 'Học kỳ 1 Năm học 2025-2026', 3.55, 2.49, 8.9, 24, 15, 32, 'Giỏi', 95, 2),
    ('KQ026', 'HV033', '665288', 'Phạm Bảo Sơn', 'HK008', 'Học kỳ 2 Năm học 2023-2024', 3.89, 2.15, 9.7, 17, 12, 71, 'Xuất sắc', 82, 0),
    ('KQ027', 'HV024', '669113', 'Hồ Hải Xuân', 'HK003', 'Học kỳ hè Năm học 2021-2022', 3.57, 2.86, 8.9, 12, 6, 87, 'Giỏi', 61, 3),
    ('KQ028', 'HV007', '678302', 'Dương Minh Sơn', 'HK002', 'Học kỳ 2 Năm học 2021-2022', 2.75, 2.96, 6.9, 11, 3, 52, 'Khá', 75, 0),
    ('KQ029', 'HV029', '665364', 'Hồ Phương Yến', 'HK002', 'Học kỳ 2 Năm học 2021-2022', 1.6, 2.37, 4.0, 22, 18, 88, 'Yếu', 89, 2),
    ('KQ030', 'HV028', '655141', 'Lê Văn Linh', 'HK004', 'Học kỳ 1 Năm học 2022-2023', 2.08, 2.2, 5.2, 16, 5, 133, 'Trung bình', 55, 1),
    ('KQ031', 'HV001', '666106', 'Dương Hải Giang', 'HK012', 'Học kỳ hè Năm học 2024-2025', 2.58, 3.87, 6.5, 25, 7, 126, 'Khá', 76, 0),
    ('KQ032', 'HV002', '637868', 'Lê Thanh Tùng', 'HK015', 'Học kỳ hè Năm học 2025-2026', 1.58, 1.61, 4.0, 17, 9, 107, 'Yếu', 54, 2),
    ('KQ033', 'HV018', '675392', 'Bùi Bảo Phương', 'HK012', 'Học kỳ hè Năm học 2024-2025', 3.01, 2.96, 7.5, 11, 2, 86, 'Khá', 56, 1),
    ('KQ034', 'HV017', '655647', 'Nguyễn Quang Em', 'HK012', 'Học kỳ hè Năm học 2024-2025', 2.83, 2.16, 7.1, 20, 18, 113, 'Khá', 70, 0),
    ('KQ035', 'HV037', '666520', 'Ngô Bảo Hoa', 'HK002', 'Học kỳ 2 Năm học 2021-2022', 3.57, 1.82, 8.9, 24, 7, 55, 'Giỏi', 84, 0),
    ('KQ036', 'HV037', '666520', 'Ngô Bảo Hoa', 'HK008', 'Học kỳ 2 Năm học 2023-2024', 3.25, 1.82, 8.1, 10, 3, 55, 'Giỏi', 79, 0),
    ('KQ037', 'HV013', '643135', 'Đỗ Đức Sơn', 'HK012', 'Học kỳ hè Năm học 2024-2025', 1.79, 2.46, 4.5, 14, 4, 105, 'Yếu', 69, 0),
    ('KQ038', 'HV010', '663199', 'Ngô Đức Linh', 'HK012', 'Học kỳ hè Năm học 2024-2025', 2.55, 1.79, 6.4, 24, 14, 58, 'Khá', 60, 0),
    ('KQ039', 'HV028', '655141', 'Lê Văn Linh', 'HK011', 'Học kỳ 2 Năm học 2024-2025', 3.3, 2.2, 8.2, 17, 7, 133, 'Giỏi', 83, 3),
    ('KQ040', 'HV015', '674571', 'Ngô Tuấn Nguyệt', 'HK006', 'Học kỳ hè Năm học 2022-2023', 3.03, 3.44, 7.6, 21, 14, 119, 'Khá', 66, 3),
    ('KQ041', 'HV002', '637868', 'Lê Thanh Tùng', 'HK009', 'Học kỳ hè Năm học 2023-2024', 2.34, 1.61, 5.8, 19, 4, 107, 'Trung bình', 68, 2),
    ('KQ042', 'HV047', '657727', 'Đỗ Đức Việt', 'HK014', 'Học kỳ 2 Năm học 2025-2026', 3.06, 0.0, 7.7, 20, 2, 80, 'Khá', 56, 3),
    ('KQ043', 'HV048', '677042', 'Trần Hữu Nguyệt', 'HK010', 'Học kỳ 1 Năm học 2024-2025', 1.82, 2.49, 4.5, 20, 4, 32, 'Yếu', 64, 2),
    ('KQ044', 'HV033', '665288', 'Phạm Bảo Sơn', 'HK001', 'Học kỳ 1 Năm học 2021-2022', 1.47, 2.15, 3.7, 23, 6, 71, 'Yếu', 93, 1),
    ('KQ045', 'HV019', '638860', 'Bùi Thanh Hạnh', 'HK004', 'Học kỳ 1 Năm học 2022-2023', 3.29, 2.72, 8.2, 21, 16, 97, 'Giỏi', 88, 3),
    ('KQ046', 'HV001', '666106', 'Dương Hải Giang', 'HK013', 'Học kỳ 1 Năm học 2025-2026', 2.92, 3.87, 7.3, 19, 10, 126, 'Khá', 94, 1),
    ('KQ047', 'HV009', '649863', 'Lý Hải Phương', 'HK015', 'Học kỳ hè Năm học 2025-2026', 2.68, 3.05, 6.7, 12, 0, 78, 'Khá', 66, 3),
    ('KQ048', 'HV003', '674688', 'Bùi Phương Việt', 'HK009', 'Học kỳ hè Năm học 2023-2024', 3.5, 2.69, 8.8, 11, 2, 135, 'Giỏi', 74, 2),
    ('KQ049', 'HV001', '666106', 'Dương Hải Giang', 'HK014', 'Học kỳ 2 Năm học 2025-2026', 1.31, 3.87, 3.3, 11, 3, 126, 'Yếu', 57, 0),
    ('KQ050', 'HV044', '659654', 'Bùi Hữu Chiến', 'HK005', 'Học kỳ 2 Năm học 2022-2023', 3.89, 3.08, 9.7, 25, 20, 51, 'Xuất sắc', 88, 1),
    ('KQ051', 'HV040', '654048', 'Đặng Hữu Yến', 'HK003', 'Học kỳ hè Năm học 2021-2022', 2.5, 3.85, 6.2, 18, 4, 127, 'Khá', 76, 3),
    ('KQ052', 'HV044', '659654', 'Bùi Hữu Chiến', 'HK004', 'Học kỳ 1 Năm học 2022-2023', 3.19, 3.08, 8.0, 15, 9, 51, 'Khá', 84, 2),
    ('KQ053', 'HV024', '669113', 'Hồ Hải Xuân', 'HK014', 'Học kỳ 2 Năm học 2025-2026', 1.86, 2.86, 4.7, 11, 2, 87, 'Yếu', 55, 2),
    ('KQ054', 'HV024', '669113', 'Hồ Hải Xuân', 'HK013', 'Học kỳ 1 Năm học 2025-2026', 2.63, 2.86, 6.6, 20, 4, 87, 'Khá', 58, 2),
    ('KQ055', 'HV011', '657145', 'Bùi Kim Linh', 'HK006', 'Học kỳ hè Năm học 2022-2023', 3.1, 2.32, 7.8, 20, 17, 122, 'Khá', 79, 3),
    ('KQ056', 'HV049', '664675', 'Đặng Bảo Phúc', 'HK009', 'Học kỳ hè Năm học 2023-2024', 4.0, 3.31, 10.0, 19, 12, 148, 'Xuất sắc', 61, 3),
    ('KQ057', 'HV036', '675486', 'Lý Ngọc Anh', 'HK008', 'Học kỳ 2 Năm học 2023-2024', 3.56, 3.26, 8.9, 23, 23, 102, 'Giỏi', 74, 0),
    ('KQ058', 'HV012', '671537', 'Lê Thị Sơn', 'HK002', 'Học kỳ 2 Năm học 2021-2022', 2.39, 2.16, 6.0, 21, 13, 138, 'Trung bình', 50, 1),
    ('KQ059', 'HV004', '649110', 'Lý Ngọc Chiến', 'HK002', 'Học kỳ 2 Năm học 2021-2022', 4.0, 2.85, 10.0, 16, 10, 136, 'Xuất sắc', 59, 0),
    ('KQ060', 'HV042', '638542', 'Lý Hữu Dũng', 'HK001', 'Học kỳ 1 Năm học 2021-2022', 0.48, 2.96, 1.2, 24, 14, 55, 'Yếu', 85, 2),
    ('KQ061', 'HV018', '675392', 'Bùi Bảo Phương', 'HK005', 'Học kỳ 2 Năm học 2022-2023', 1.81, 2.96, 4.5, 14, 14, 86, 'Yếu', 98, 3),
    ('KQ062', 'HV037', '666520', 'Ngô Bảo Hoa', 'HK005', 'Học kỳ 2 Năm học 2022-2023', 2.41, 1.82, 6.0, 23, 18, 55, 'Trung bình', 89, 2),
    ('KQ063', 'HV035', '674894', 'Hồ Ngọc Tùng', 'HK015', 'Học kỳ hè Năm học 2025-2026', 3.03, 2.08, 7.6, 24, 7, 108, 'Khá', 60, 1),
    ('KQ064', 'HV032', '653109', 'Lý Ngọc Xuân', 'HK007', 'Học kỳ 1 Năm học 2023-2024', 3.17, 2.4, 7.9, 17, 5, 116, 'Khá', 70, 0),
    ('KQ065', 'HV018', '675392', 'Bùi Bảo Phương', 'HK002', 'Học kỳ 2 Năm học 2021-2022', 2.43, 2.96, 6.1, 22, 2, 86, 'Trung bình', 98, 1),
    ('KQ066', 'HV017', '655647', 'Nguyễn Quang Em', 'HK009', 'Học kỳ hè Năm học 2023-2024', 2.29, 2.16, 5.7, 19, 2, 113, 'Trung bình', 95, 3),
    ('KQ067', 'HV010', '663199', 'Ngô Đức Linh', 'HK006', 'Học kỳ hè Năm học 2022-2023', 3.36, 1.79, 8.4, 20, 10, 58, 'Giỏi', 50, 2),
    ('KQ068', 'HV027', '649454', 'Lê Hải Em', 'HK008', 'Học kỳ 2 Năm học 2023-2024', 2.5, 3.0, 6.2, 17, 8, 39, 'Khá', 55, 2),
    ('KQ069', 'HV038', '657859', 'Dương Quang Giang', 'HK008', 'Học kỳ 2 Năm học 2023-2024', 2.65, 4.0, 6.6, 16, 12, 94, 'Khá', 69, 3),
    ('KQ070', 'HV032', '653109', 'Lý Ngọc Xuân', 'HK004', 'Học kỳ 1 Năm học 2022-2023', 3.45, 2.4, 8.6, 22, 21, 116, 'Giỏi', 98, 1),
    ('KQ071', 'HV044', '659654', 'Bùi Hữu Chiến', 'HK007', 'Học kỳ 1 Năm học 2023-2024', 2.25, 3.08, 5.6, 19, 19, 51, 'Trung bình', 59, 0),
    ('KQ072', 'HV016', '642794', 'Đặng Tuấn Yến', 'HK004', 'Học kỳ 1 Năm học 2022-2023', 3.48, 2.88, 8.7, 10, 10, 83, 'Giỏi', 93, 3),
    ('KQ073', 'HV011', '657145', 'Bùi Kim Linh', 'HK002', 'Học kỳ 2 Năm học 2021-2022', 2.13, 2.32, 5.3, 17, 0, 122, 'Trung bình', 65, 1),
    ('KQ074', 'HV043', '666202', 'Nguyễn Minh Phương', 'HK011', 'Học kỳ 2 Năm học 2024-2025', 3.09, 4.0, 7.7, 12, 10, 55, 'Khá', 74, 0),
    ('KQ075', 'HV006', '648067', 'Đặng Văn Linh', 'HK008', 'Học kỳ 2 Năm học 2023-2024', 1.59, 3.96, 4.0, 21, 9, 120, 'Yếu', 65, 2),
    ('KQ076', 'HV040', '654048', 'Đặng Hữu Yến', 'HK015', 'Học kỳ hè Năm học 2025-2026', 4.0, 3.85, 10.0, 20, 3, 127, 'Xuất sắc', 60, 1),
    ('KQ077', 'HV003', '674688', 'Bùi Phương Việt', 'HK004', 'Học kỳ 1 Năm học 2022-2023', 1.18, 2.69, 2.9, 14, 4, 135, 'Yếu', 55, 1),
    ('KQ078', 'HV001', '666106', 'Dương Hải Giang', 'HK006', 'Học kỳ hè Năm học 2022-2023', 2.52, 3.87, 6.3, 24, 23, 126, 'Khá', 92, 0),
    ('KQ079', 'HV034', '633301', 'Trần Bảo Phương', 'HK014', 'Học kỳ 2 Năm học 2025-2026', 1.94, 3.37, 4.8, 15, 5, 107, 'Yếu', 97, 1),
    ('KQ080', 'HV030', '638533', 'Phạm Thanh Tùng', 'HK003', 'Học kỳ hè Năm học 2021-2022', 2.52, 2.39, 6.3, 12, 10, 122, 'Khá', 80, 3),
    ('KQ081', 'HV034', '633301', 'Trần Bảo Phương', 'HK005', 'Học kỳ 2 Năm học 2022-2023', 3.06, 3.37, 7.7, 16, 6, 107, 'Khá', 52, 0),
    ('KQ082', 'HV013', '643135', 'Đỗ Đức Sơn', 'HK013', 'Học kỳ 1 Năm học 2025-2026', 1.83, 2.46, 4.6, 13, 9, 105, 'Yếu', 82, 1),
    ('KQ083', 'HV004', '649110', 'Lý Ngọc Chiến', 'HK014', 'Học kỳ 2 Năm học 2025-2026', 4.0, 2.85, 10.0, 15, 7, 136, 'Xuất sắc', 72, 1),
    ('KQ084', 'HV037', '666520', 'Ngô Bảo Hoa', 'HK001', 'Học kỳ 1 Năm học 2021-2022', 1.08, 1.82, 2.7, 21, 1, 55, 'Yếu', 71, 1),
    ('KQ085', 'HV035', '674894', 'Hồ Ngọc Tùng', 'HK001', 'Học kỳ 1 Năm học 2021-2022', 2.63, 2.08, 6.6, 13, 6, 108, 'Khá', 85, 3),
    ('KQ086', 'HV042', '638542', 'Lý Hữu Dũng', 'HK007', 'Học kỳ 1 Năm học 2023-2024', 3.64, 2.96, 9.1, 11, 7, 55, 'Xuất sắc', 97, 1),
    ('KQ087', 'HV030', '638533', 'Phạm Thanh Tùng', 'HK010', 'Học kỳ 1 Năm học 2024-2025', 4.0, 2.39, 10.0, 20, 2, 122, 'Xuất sắc', 94, 3),
    ('KQ088', 'HV036', '675486', 'Lý Ngọc Anh', 'HK004', 'Học kỳ 1 Năm học 2022-2023', 3.76, 3.26, 9.4, 17, 10, 102, 'Xuất sắc', 80, 1),
    ('KQ089', 'HV014', '672765', 'Ngô Thị Hương', 'HK012', 'Học kỳ hè Năm học 2024-2025', 3.57, 1.34, 8.9, 24, 7, 82, 'Giỏi', 89, 2),
    ('KQ090', 'HV030', '638533', 'Phạm Thanh Tùng', 'HK015', 'Học kỳ hè Năm học 2025-2026', 2.08, 2.39, 5.2, 12, 4, 122, 'Trung bình', 59, 3),
    ('KQ091', 'HV040', '654048', 'Đặng Hữu Yến', 'HK002', 'Học kỳ 2 Năm học 2021-2022', 1.95, 3.85, 4.9, 24, 6, 127, 'Yếu', 93, 2),
    ('KQ092', 'HV019', '638860', 'Bùi Thanh Hạnh', 'HK005', 'Học kỳ 2 Năm học 2022-2023', 4.0, 2.72, 10.0, 24, 7, 97, 'Xuất sắc', 68, 1),
    ('KQ093', 'HV008', '656213', 'Ngô Đức Yến', 'HK008', 'Học kỳ 2 Năm học 2023-2024', 3.45, 0.91, 8.6, 11, 0, 59, 'Giỏi', 80, 1),
    ('KQ094', 'HV031', '632283', 'Trần Đức Anh', 'HK008', 'Học kỳ 2 Năm học 2023-2024', 2.63, 2.42, 6.6, 19, 5, 97, 'Khá', 57, 1),
    ('KQ095', 'HV047', '657727', 'Đỗ Đức Việt', 'HK009', 'Học kỳ hè Năm học 2023-2024', 2.37, 0.0, 5.9, 24, 8, 80, 'Trung bình', 53, 3),
    ('KQ096', 'HV013', '643135', 'Đỗ Đức Sơn', 'HK004', 'Học kỳ 1 Năm học 2022-2023', 3.99, 2.46, 10.0, 19, 3, 105, 'Xuất sắc', 79, 0),
    ('KQ097', 'HV029', '665364', 'Hồ Phương Yến', 'HK010', 'Học kỳ 1 Năm học 2024-2025', 2.17, 2.37, 5.4, 18, 17, 88, 'Trung bình', 100, 3),
    ('KQ098', 'HV024', '669113', 'Hồ Hải Xuân', 'HK008', 'Học kỳ 2 Năm học 2023-2024', 3.53, 2.86, 8.8, 14, 0, 87, 'Giỏi', 71, 1),
    ('KQ099', 'HV017', '655647', 'Nguyễn Quang Em', 'HK001', 'Học kỳ 1 Năm học 2021-2022', 2.42, 2.16, 6.0, 18, 9, 113, 'Trung bình', 60, 0),
    ('KQ100', 'HV038', '657859', 'Dương Quang Giang', 'HK005', 'Học kỳ 2 Năm học 2022-2023', 2.4, 4.0, 6.0, 16, 11, 94, 'Trung bình', 85, 0),
    ('KQ101', 'HV013', '643135', 'Đỗ Đức Sơn', 'HK007', 'Học kỳ 1 Năm học 2023-2024', 2.71, 2.46, 6.8, 14, 4, 105, 'Khá', 78, 1),
    ('KQ102', 'HV017', '655647', 'Nguyễn Quang Em', 'HK010', 'Học kỳ 1 Năm học 2024-2025', 3.02, 2.16, 7.5, 18, 18, 113, 'Khá', 51, 2),
    ('KQ103', 'HV048', '677042', 'Trần Hữu Nguyệt', 'HK002', 'Học kỳ 2 Năm học 2021-2022', 3.54, 2.49, 8.8, 18, 13, 32, 'Giỏi', 62, 1),
    ('KQ104', 'HV035', '674894', 'Hồ Ngọc Tùng', 'HK004', 'Học kỳ 1 Năm học 2022-2023', 2.66, 2.08, 6.7, 23, 16, 108, 'Khá', 54, 1),
    ('KQ105', 'HV043', '666202', 'Nguyễn Minh Phương', 'HK009', 'Học kỳ hè Năm học 2023-2024', 1.84, 4.0, 4.6, 15, 6, 55, 'Yếu', 79, 2),
    ('KQ106', 'HV027', '649454', 'Lê Hải Em', 'HK009', 'Học kỳ hè Năm học 2023-2024', 2.28, 3.0, 5.7, 16, 0, 39, 'Trung bình', 72, 1),
    ('KQ107', 'HV045', '649143', 'Vũ Hải Giang', 'HK005', 'Học kỳ 2 Năm học 2022-2023', 2.67, 2.65, 6.7, 11, 6, 116, 'Khá', 85, 1),
    ('KQ108', 'HV045', '649143', 'Vũ Hải Giang', 'HK008', 'Học kỳ 2 Năm học 2023-2024', 3.04, 2.65, 7.6, 25, 3, 116, 'Khá', 69, 0),
    ('KQ109', 'HV004', '649110', 'Lý Ngọc Chiến', 'HK005', 'Học kỳ 2 Năm học 2022-2023', 2.55, 2.85, 6.4, 12, 6, 136, 'Khá', 98, 0),
    ('KQ110', 'HV033', '665288', 'Phạm Bảo Sơn', 'HK009', 'Học kỳ hè Năm học 2023-2024', 2.97, 2.15, 7.4, 17, 5, 71, 'Khá', 91, 1),
    ('KQ111', 'HV034', '633301', 'Trần Bảo Phương', 'HK009', 'Học kỳ hè Năm học 2023-2024', 1.27, 3.37, 3.2, 23, 18, 107, 'Yếu', 57, 2),
    ('KQ112', 'HV015', '674571', 'Ngô Tuấn Nguyệt', 'HK003', 'Học kỳ hè Năm học 2021-2022', 2.7, 3.44, 6.8, 16, 16, 119, 'Khá', 71, 1),
    ('KQ113', 'HV019', '638860', 'Bùi Thanh Hạnh', 'HK003', 'Học kỳ hè Năm học 2021-2022', 3.79, 2.72, 9.5, 14, 9, 97, 'Xuất sắc', 92, 1),
    ('KQ114', 'HV050', '651232', 'Dương Minh Em', 'HK009', 'Học kỳ hè Năm học 2023-2024', 2.21, 3.4, 5.5, 24, 0, 92, 'Trung bình', 95, 1),
    ('KQ115', 'HV019', '638860', 'Bùi Thanh Hạnh', 'HK009', 'Học kỳ hè Năm học 2023-2024', 3.46, 2.72, 8.7, 20, 16, 97, 'Giỏi', 92, 2),
    ('KQ116', 'HV043', '666202', 'Nguyễn Minh Phương', 'HK004', 'Học kỳ 1 Năm học 2022-2023', 3.44, 4.0, 8.6, 16, 13, 55, 'Giỏi', 72, 2),
    ('KQ117', 'HV038', '657859', 'Dương Quang Giang', 'HK013', 'Học kỳ 1 Năm học 2025-2026', 1.9, 4.0, 4.8, 17, 5, 94, 'Yếu', 87, 2),
    ('KQ118', 'HV018', '675392', 'Bùi Bảo Phương', 'HK001', 'Học kỳ 1 Năm học 2021-2022', 2.66, 2.96, 6.7, 19, 2, 86, 'Khá', 87, 2),
    ('KQ119', 'HV002', '637868', 'Lê Thanh Tùng', 'HK008', 'Học kỳ 2 Năm học 2023-2024', 4.0, 1.61, 10.0, 10, 5, 107, 'Xuất sắc', 75, 1),
    ('KQ120', 'HV016', '642794', 'Đặng Tuấn Yến', 'HK002', 'Học kỳ 2 Năm học 2021-2022', 3.1, 2.88, 7.8, 10, 4, 83, 'Khá', 96, 0),
    ('KQ121', 'HV033', '665288', 'Phạm Bảo Sơn', 'HK012', 'Học kỳ hè Năm học 2024-2025', 3.77, 2.15, 9.4, 13, 4, 71, 'Xuất sắc', 74, 2),
    ('KQ122', 'HV034', '633301', 'Trần Bảo Phương', 'HK011', 'Học kỳ 2 Năm học 2024-2025', 0.85, 3.37, 2.1, 11, 4, 107, 'Yếu', 52, 2),
    ('KQ123', 'HV039', '643683', 'Dương Thanh Chiến', 'HK007', 'Học kỳ 1 Năm học 2023-2024', 3.04, 4.0, 7.6, 10, 7, 62, 'Khá', 67, 3),
    ('KQ124', 'HV021', '656727', 'Phạm Minh Nguyệt', 'HK010', 'Học kỳ 1 Năm học 2024-2025', 1.41, 3.88, 3.5, 15, 8, 70, 'Yếu', 95, 1),
    ('KQ125', 'HV035', '674894', 'Hồ Ngọc Tùng', 'HK002', 'Học kỳ 2 Năm học 2021-2022', 3.34, 2.08, 8.3, 14, 10, 108, 'Giỏi', 75, 3),
    ('KQ126', 'HV041', '673296', 'Đặng Quang Chiến', 'HK011', 'Học kỳ 2 Năm học 2024-2025', 2.72, 3.44, 6.8, 23, 22, 40, 'Khá', 100, 3),
    ('KQ127', 'HV041', '673296', 'Đặng Quang Chiến', 'HK008', 'Học kỳ 2 Năm học 2023-2024', 4.0, 3.44, 10.0, 24, 15, 40, 'Xuất sắc', 68, 1),
    ('KQ128', 'HV050', '651232', 'Dương Minh Em', 'HK015', 'Học kỳ hè Năm học 2025-2026', 1.52, 3.4, 3.8, 21, 9, 92, 'Yếu', 52, 2),
    ('KQ129', 'HV033', '665288', 'Phạm Bảo Sơn', 'HK007', 'Học kỳ 1 Năm học 2023-2024', 3.17, 2.15, 7.9, 20, 0, 71, 'Khá', 91, 3),
    ('KQ130', 'HV024', '669113', 'Hồ Hải Xuân', 'HK015', 'Học kỳ hè Năm học 2025-2026', 3.38, 2.86, 8.4, 24, 11, 87, 'Giỏi', 88, 1),
    ('KQ131', 'HV046', '631135', 'Đặng Đức Bình', 'HK005', 'Học kỳ 2 Năm học 2022-2023', 2.99, 2.53, 7.5, 24, 9, 40, 'Khá', 67, 3),
    ('KQ132', 'HV049', '664675', 'Đặng Bảo Phúc', 'HK004', 'Học kỳ 1 Năm học 2022-2023', 3.64, 3.31, 9.1, 25, 8, 148, 'Xuất sắc', 88, 0),
    ('KQ133', 'HV043', '666202', 'Nguyễn Minh Phương', 'HK007', 'Học kỳ 1 Năm học 2023-2024', 3.38, 4.0, 8.4, 16, 12, 55, 'Giỏi', 54, 0),
    ('KQ134', 'HV043', '666202', 'Nguyễn Minh Phương', 'HK013', 'Học kỳ 1 Năm học 2025-2026', 3.11, 4.0, 7.8, 19, 1, 55, 'Khá', 70, 1),
    ('KQ135', 'HV033', '665288', 'Phạm Bảo Sơn', 'HK006', 'Học kỳ hè Năm học 2022-2023', 3.06, 2.15, 7.7, 18, 6, 71, 'Khá', 56, 1),
    ('KQ136', 'HV025', '662151', 'Dương Đức Bình', 'HK015', 'Học kỳ hè Năm học 2025-2026', 2.7, 3.62, 6.8, 25, 3, 131, 'Khá', 83, 0),
    ('KQ137', 'HV017', '655647', 'Nguyễn Quang Em', 'HK014', 'Học kỳ 2 Năm học 2025-2026', 3.29, 2.16, 8.2, 23, 13, 113, 'Giỏi', 96, 0),
    ('KQ138', 'HV030', '638533', 'Phạm Thanh Tùng', 'HK013', 'Học kỳ 1 Năm học 2025-2026', 3.79, 2.39, 9.5, 14, 12, 122, 'Xuất sắc', 86, 0),
    ('KQ139', 'HV034', '633301', 'Trần Bảo Phương', 'HK015', 'Học kỳ hè Năm học 2025-2026', 3.52, 3.37, 8.8, 14, 2, 107, 'Giỏi', 56, 1),
    ('KQ140', 'HV019', '638860', 'Bùi Thanh Hạnh', 'HK007', 'Học kỳ 1 Năm học 2023-2024', 3.12, 2.72, 7.8, 24, 10, 97, 'Khá', 62, 1),
    ('KQ141', 'HV049', '664675', 'Đặng Bảo Phúc', 'HK008', 'Học kỳ 2 Năm học 2023-2024', 2.33, 3.31, 5.8, 21, 11, 148, 'Trung bình', 75, 3),
    ('KQ142', 'HV003', '674688', 'Bùi Phương Việt', 'HK013', 'Học kỳ 1 Năm học 2025-2026', 2.68, 2.69, 6.7, 10, 10, 135, 'Khá', 71, 3),
    ('KQ143', 'HV007', '678302', 'Dương Minh Sơn', 'HK011', 'Học kỳ 2 Năm học 2024-2025', 2.99, 2.96, 7.5, 22, 5, 52, 'Khá', 95, 1),
    ('KQ144', 'HV005', '679278', 'Bùi Ngọc Việt', 'HK008', 'Học kỳ 2 Năm học 2023-2024', 3.39, 3.54, 8.5, 23, 21, 114, 'Giỏi', 64, 0),
    ('KQ145', 'HV040', '654048', 'Đặng Hữu Yến', 'HK004', 'Học kỳ 1 Năm học 2022-2023', 2.97, 3.85, 7.4, 20, 9, 127, 'Khá', 68, 2),
    ('KQ146', 'HV006', '648067', 'Đặng Văn Linh', 'HK006', 'Học kỳ hè Năm học 2022-2023', 2.69, 3.96, 6.7, 10, 9, 120, 'Khá', 80, 1),
    ('KQ147', 'HV004', '649110', 'Lý Ngọc Chiến', 'HK006', 'Học kỳ hè Năm học 2022-2023', 2.77, 2.85, 6.9, 16, 0, 136, 'Khá', 56, 1),
    ('KQ148', 'HV037', '666520', 'Ngô Bảo Hoa', 'HK003', 'Học kỳ hè Năm học 2021-2022', 2.15, 1.82, 5.4, 14, 12, 55, 'Trung bình', 64, 0),
    ('KQ149', 'HV050', '651232', 'Dương Minh Em', 'HK012', 'Học kỳ hè Năm học 2024-2025', 2.5, 3.4, 6.2, 22, 16, 92, 'Khá', 61, 1),
    ('KQ150', 'HV008', '656213', 'Ngô Đức Yến', 'HK012', 'Học kỳ hè Năm học 2024-2025', 3.9, 0.91, 9.8, 24, 12, 59, 'Xuất sắc', 99, 2),
    ('KQ151', 'HV022', '648919', 'Lý Thanh Giang', 'HK005', 'Học kỳ 2 Năm học 2022-2023', 2.94, 3.07, 7.3, 13, 2, 36, 'Khá', 98, 1),
    ('KQ152', 'HV026', '661303', 'Bùi Kim Hoa', 'HK010', 'Học kỳ 1 Năm học 2024-2025', 2.52, 0.97, 6.3, 22, 17, 97, 'Khá', 89, 2),
    ('KQ153', 'HV001', '666106', 'Dương Hải Giang', 'HK015', 'Học kỳ hè Năm học 2025-2026', 3.63, 3.87, 9.1, 15, 0, 126, 'Xuất sắc', 77, 2),
    ('KQ154', 'HV013', '643135', 'Đỗ Đức Sơn', 'HK010', 'Học kỳ 1 Năm học 2024-2025', 3.12, 2.46, 7.8, 13, 3, 105, 'Khá', 98, 3),
    ('KQ155', 'HV001', '666106', 'Dương Hải Giang', 'HK005', 'Học kỳ 2 Năm học 2022-2023', 2.11, 3.87, 5.3, 25, 15, 126, 'Trung bình', 76, 2),
    ('KQ156', 'HV006', '648067', 'Đặng Văn Linh', 'HK009', 'Học kỳ hè Năm học 2023-2024', 4.0, 3.96, 10.0, 24, 7, 120, 'Xuất sắc', 94, 0),
    ('KQ157', 'HV040', '654048', 'Đặng Hữu Yến', 'HK007', 'Học kỳ 1 Năm học 2023-2024', 1.6, 3.85, 4.0, 11, 0, 127, 'Yếu', 58, 3),
    ('KQ158', 'HV032', '653109', 'Lý Ngọc Xuân', 'HK013', 'Học kỳ 1 Năm học 2025-2026', 3.44, 2.4, 8.6, 16, 16, 116, 'Giỏi', 63, 2),
    ('KQ159', 'HV004', '649110', 'Lý Ngọc Chiến', 'HK008', 'Học kỳ 2 Năm học 2023-2024', 3.29, 2.85, 8.2, 21, 14, 136, 'Giỏi', 85, 2),
    ('KQ160', 'HV037', '666520', 'Ngô Bảo Hoa', 'HK014', 'Học kỳ 2 Năm học 2025-2026', 4.0, 1.82, 10.0, 18, 7, 55, 'Xuất sắc', 77, 3),
    ('KQ161', 'HV027', '649454', 'Lê Hải Em', 'HK003', 'Học kỳ hè Năm học 2021-2022', 2.88, 3.0, 7.2, 15, 14, 39, 'Khá', 59, 2),
    ('KQ162', 'HV003', '674688', 'Bùi Phương Việt', 'HK008', 'Học kỳ 2 Năm học 2023-2024', 2.28, 2.69, 5.7, 20, 3, 135, 'Trung bình', 88, 2),
    ('KQ163', 'HV008', '656213', 'Ngô Đức Yến', 'HK009', 'Học kỳ hè Năm học 2023-2024', 3.28, 0.91, 8.2, 15, 15, 59, 'Giỏi', 50, 1),
    ('KQ164', 'HV027', '649454', 'Lê Hải Em', 'HK007', 'Học kỳ 1 Năm học 2023-2024', 2.81, 3.0, 7.0, 23, 22, 39, 'Khá', 91, 3),
    ('KQ165', 'HV024', '669113', 'Hồ Hải Xuân', 'HK007', 'Học kỳ 1 Năm học 2023-2024', 1.88, 2.86, 4.7, 12, 1, 87, 'Yếu', 96, 1),
    ('KQ166', 'HV009', '649863', 'Lý Hải Phương', 'HK014', 'Học kỳ 2 Năm học 2025-2026', 3.56, 3.05, 8.9, 16, 5, 78, 'Giỏi', 54, 0),
    ('KQ167', 'HV032', '653109', 'Lý Ngọc Xuân', 'HK015', 'Học kỳ hè Năm học 2025-2026', 3.06, 2.4, 7.7, 13, 9, 116, 'Khá', 61, 0),
    ('KQ168', 'HV022', '648919', 'Lý Thanh Giang', 'HK002', 'Học kỳ 2 Năm học 2021-2022', 2.83, 3.07, 7.1, 10, 4, 36, 'Khá', 54, 2),
    ('KQ169', 'HV038', '657859', 'Dương Quang Giang', 'HK006', 'Học kỳ hè Năm học 2022-2023', 2.84, 4.0, 7.1, 21, 6, 94, 'Khá', 97, 2),
    ('KQ170', 'HV001', '666106', 'Dương Hải Giang', 'HK003', 'Học kỳ hè Năm học 2021-2022', 2.31, 3.87, 5.8, 25, 9, 126, 'Trung bình', 81, 0),
    ('KQ171', 'HV041', '673296', 'Đặng Quang Chiến', 'HK005', 'Học kỳ 2 Năm học 2022-2023', 2.91, 3.44, 7.3, 14, 13, 40, 'Khá', 69, 3),
    ('KQ172', 'HV003', '674688', 'Bùi Phương Việt', 'HK006', 'Học kỳ hè Năm học 2022-2023', 3.15, 2.69, 7.9, 15, 3, 135, 'Khá', 79, 0),
    ('KQ173', 'HV017', '655647', 'Nguyễn Quang Em', 'HK003', 'Học kỳ hè Năm học 2021-2022', 3.45, 2.16, 8.6, 24, 18, 113, 'Giỏi', 86, 0),
    ('KQ174', 'HV050', '651232', 'Dương Minh Em', 'HK010', 'Học kỳ 1 Năm học 2024-2025', 3.19, 3.4, 8.0, 17, 1, 92, 'Khá', 68, 1),
    ('KQ175', 'HV028', '655141', 'Lê Văn Linh', 'HK012', 'Học kỳ hè Năm học 2024-2025', 2.45, 2.2, 6.1, 15, 1, 133, 'Trung bình', 98, 1),
    ('KQ176', 'HV031', '632283', 'Trần Đức Anh', 'HK005', 'Học kỳ 2 Năm học 2022-2023', 3.19, 2.42, 8.0, 13, 8, 97, 'Khá', 63, 3),
    ('KQ177', 'HV014', '672765', 'Ngô Thị Hương', 'HK006', 'Học kỳ hè Năm học 2022-2023', 1.37, 1.34, 3.4, 18, 18, 82, 'Yếu', 72, 2),
    ('KQ178', 'HV010', '663199', 'Ngô Đức Linh', 'HK015', 'Học kỳ hè Năm học 2025-2026', 3.37, 1.79, 8.4, 14, 1, 58, 'Giỏi', 57, 3),
    ('KQ179', 'HV012', '671537', 'Lê Thị Sơn', 'HK015', 'Học kỳ hè Năm học 2025-2026', 2.91, 2.16, 7.3, 12, 1, 138, 'Khá', 74, 1),
    ('KQ180', 'HV011', '657145', 'Bùi Kim Linh', 'HK014', 'Học kỳ 2 Năm học 2025-2026', 2.21, 2.32, 5.5, 19, 4, 122, 'Trung bình', 50, 0),
    ('KQ181', 'HV002', '637868', 'Lê Thanh Tùng', 'HK010', 'Học kỳ 1 Năm học 2024-2025', 2.08, 1.61, 5.2, 15, 4, 107, 'Trung bình', 53, 1),
    ('KQ182', 'HV043', '666202', 'Nguyễn Minh Phương', 'HK005', 'Học kỳ 2 Năm học 2022-2023', 3.0, 4.0, 7.5, 20, 8, 55, 'Khá', 100, 1),
    ('KQ183', 'HV041', '673296', 'Đặng Quang Chiến', 'HK013', 'Học kỳ 1 Năm học 2025-2026', 3.51, 3.44, 8.8, 11, 3, 40, 'Giỏi', 76, 1),
    ('KQ184', 'HV020', '654457', 'Đỗ Bảo Hương', 'HK009', 'Học kỳ hè Năm học 2023-2024', 3.42, 1.96, 8.6, 19, 2, 121, 'Giỏi', 61, 2),
    ('KQ185', 'HV035', '674894', 'Hồ Ngọc Tùng', 'HK011', 'Học kỳ 2 Năm học 2024-2025', 1.75, 2.08, 4.4, 21, 10, 108, 'Yếu', 57, 1),
    ('KQ186', 'HV050', '651232', 'Dương Minh Em', 'HK014', 'Học kỳ 2 Năm học 2025-2026', 2.52, 3.4, 6.3, 14, 12, 92, 'Khá', 54, 1),
    ('KQ187', 'HV045', '649143', 'Vũ Hải Giang', 'HK004', 'Học kỳ 1 Năm học 2022-2023', 3.69, 2.65, 9.2, 24, 4, 116, 'Xuất sắc', 81, 3),
    ('KQ188', 'HV022', '648919', 'Lý Thanh Giang', 'HK013', 'Học kỳ 1 Năm học 2025-2026', 3.98, 3.07, 9.9, 20, 7, 36, 'Xuất sắc', 80, 1),
    ('KQ189', 'HV020', '654457', 'Đỗ Bảo Hương', 'HK003', 'Học kỳ hè Năm học 2021-2022', 3.17, 1.96, 7.9, 10, 8, 121, 'Khá', 52, 2),
    ('KQ190', 'HV030', '638533', 'Phạm Thanh Tùng', 'HK009', 'Học kỳ hè Năm học 2023-2024', 2.45, 2.39, 6.1, 11, 6, 122, 'Trung bình', 89, 1),
    ('KQ191', 'HV009', '649863', 'Lý Hải Phương', 'HK011', 'Học kỳ 2 Năm học 2024-2025', 1.25, 3.05, 3.1, 15, 9, 78, 'Yếu', 71, 3),
    ('KQ192', 'HV002', '637868', 'Lê Thanh Tùng', 'HK013', 'Học kỳ 1 Năm học 2025-2026', 4.0, 1.61, 10.0, 14, 0, 107, 'Xuất sắc', 88, 0),
    ('KQ193', 'HV049', '664675', 'Đặng Bảo Phúc', 'HK006', 'Học kỳ hè Năm học 2022-2023', 2.47, 3.31, 6.2, 10, 10, 148, 'Trung bình', 90, 0),
    ('KQ194', 'HV007', '678302', 'Dương Minh Sơn', 'HK008', 'Học kỳ 2 Năm học 2023-2024', 1.59, 2.96, 4.0, 13, 2, 52, 'Yếu', 67, 1),
    ('KQ195', 'HV036', '675486', 'Lý Ngọc Anh', 'HK009', 'Học kỳ hè Năm học 2023-2024', 1.94, 3.26, 4.8, 14, 7, 102, 'Yếu', 50, 0),
    ('KQ196', 'HV042', '638542', 'Lý Hữu Dũng', 'HK004', 'Học kỳ 1 Năm học 2022-2023', 2.84, 2.96, 7.1, 17, 9, 55, 'Khá', 67, 3),
    ('KQ197', 'HV007', '678302', 'Dương Minh Sơn', 'HK013', 'Học kỳ 1 Năm học 2025-2026', 2.57, 2.96, 6.4, 14, 8, 52, 'Khá', 69, 1),
    ('KQ198', 'HV032', '653109', 'Lý Ngọc Xuân', 'HK001', 'Học kỳ 1 Năm học 2021-2022', 3.25, 2.4, 8.1, 24, 4, 116, 'Giỏi', 73, 0),
    ('KQ199', 'HV031', '632283', 'Trần Đức Anh', 'HK009', 'Học kỳ hè Năm học 2023-2024', 2.38, 2.42, 5.9, 19, 2, 97, 'Trung bình', 98, 2),
    ('KQ200', 'HV039', '643683', 'Dương Thanh Chiến', 'HK014', 'Học kỳ 2 Năm học 2025-2026', 0.83, 4.0, 2.1, 17, 17, 62, 'Yếu', 73, 2),
    ('KQ201', 'HV018', '675392', 'Bùi Bảo Phương', 'HK004', 'Học kỳ 1 Năm học 2022-2023', 2.65, 2.96, 6.6, 16, 15, 86, 'Khá', 55, 2),
    ('KQ202', 'HV038', '657859', 'Dương Quang Giang', 'HK001', 'Học kỳ 1 Năm học 2021-2022', 2.93, 4.0, 7.3, 13, 10, 94, 'Khá', 58, 3),
    ('KQ203', 'HV005', '679278', 'Bùi Ngọc Việt', 'HK012', 'Học kỳ hè Năm học 2024-2025', 2.92, 3.54, 7.3, 24, 9, 114, 'Khá', 66, 2),
    ('KQ204', 'HV036', '675486', 'Lý Ngọc Anh', 'HK006', 'Học kỳ hè Năm học 2022-2023', 2.37, 3.26, 5.9, 13, 11, 102, 'Trung bình', 70, 2),
    ('KQ205', 'HV012', '671537', 'Lê Thị Sơn', 'HK010', 'Học kỳ 1 Năm học 2024-2025', 2.56, 2.16, 6.4, 16, 15, 138, 'Khá', 90, 2),
    ('KQ206', 'HV005', '679278', 'Bùi Ngọc Việt', 'HK015', 'Học kỳ hè Năm học 2025-2026', 2.65, 3.54, 6.6, 20, 0, 114, 'Khá', 93, 2),
    ('KQ207', 'HV007', '678302', 'Dương Minh Sơn', 'HK010', 'Học kỳ 1 Năm học 2024-2025', 1.4, 2.96, 3.5, 11, 11, 52, 'Yếu', 89, 0),
    ('KQ208', 'HV014', '672765', 'Ngô Thị Hương', 'HK008', 'Học kỳ 2 Năm học 2023-2024', 2.46, 1.34, 6.2, 11, 2, 82, 'Trung bình', 89, 3),
    ('KQ209', 'HV004', '649110', 'Lý Ngọc Chiến', 'HK013', 'Học kỳ 1 Năm học 2025-2026', 3.75, 2.85, 9.4, 25, 18, 136, 'Xuất sắc', 71, 2),
    ('KQ210', 'HV003', '674688', 'Bùi Phương Việt', 'HK010', 'Học kỳ 1 Năm học 2024-2025', 2.42, 2.69, 6.0, 22, 13, 135, 'Trung bình', 94, 1),
    ('KQ211', 'HV008', '656213', 'Ngô Đức Yến', 'HK004', 'Học kỳ 1 Năm học 2022-2023', 3.36, 0.91, 8.4, 25, 7, 59, 'Giỏi', 98, 0),
    ('KQ212', 'HV025', '662151', 'Dương Đức Bình', 'HK001', 'Học kỳ 1 Năm học 2021-2022', 2.83, 3.62, 7.1, 23, 17, 131, 'Khá', 62, 0),
    ('KQ213', 'HV040', '654048', 'Đặng Hữu Yến', 'HK005', 'Học kỳ 2 Năm học 2022-2023', 2.56, 3.85, 6.4, 22, 10, 127, 'Khá', 83, 0),
    ('KQ214', 'HV017', '655647', 'Nguyễn Quang Em', 'HK005', 'Học kỳ 2 Năm học 2022-2023', 3.09, 2.16, 7.7, 18, 14, 113, 'Khá', 58, 3),
    ('KQ215', 'HV042', '638542', 'Lý Hữu Dũng', 'HK006', 'Học kỳ hè Năm học 2022-2023', 4.0, 2.96, 10.0, 10, 0, 55, 'Xuất sắc', 81, 0),
    ('KQ216', 'HV035', '674894', 'Hồ Ngọc Tùng', 'HK012', 'Học kỳ hè Năm học 2024-2025', 1.08, 2.08, 2.7, 16, 5, 108, 'Yếu', 63, 2),
    ('KQ217', 'HV011', '657145', 'Bùi Kim Linh', 'HK004', 'Học kỳ 1 Năm học 2022-2023', 1.88, 2.32, 4.7, 25, 12, 122, 'Yếu', 93, 1),
    ('KQ218', 'HV010', '663199', 'Ngô Đức Linh', 'HK009', 'Học kỳ hè Năm học 2023-2024', 2.4, 1.79, 6.0, 20, 16, 58, 'Trung bình', 65, 3),
    ('KQ219', 'HV005', '679278', 'Bùi Ngọc Việt', 'HK014', 'Học kỳ 2 Năm học 2025-2026', 3.06, 3.54, 7.7, 13, 4, 114, 'Khá', 94, 0),
    ('KQ220', 'HV003', '674688', 'Bùi Phương Việt', 'HK012', 'Học kỳ hè Năm học 2024-2025', 3.39, 2.69, 8.5, 11, 5, 135, 'Giỏi', 65, 1),
    ('KQ221', 'HV012', '671537', 'Lê Thị Sơn', 'HK003', 'Học kỳ hè Năm học 2021-2022', 2.59, 2.16, 6.5, 18, 13, 138, 'Khá', 88, 2),
    ('KQ222', 'HV011', '657145', 'Bùi Kim Linh', 'HK007', 'Học kỳ 1 Năm học 2023-2024', 3.73, 2.32, 9.3, 23, 3, 122, 'Xuất sắc', 61, 0),
    ('KQ223', 'HV025', '662151', 'Dương Đức Bình', 'HK007', 'Học kỳ 1 Năm học 2023-2024', 2.02, 3.62, 5.0, 23, 4, 131, 'Trung bình', 98, 3),
    ('KQ224', 'HV043', '666202', 'Nguyễn Minh Phương', 'HK003', 'Học kỳ hè Năm học 2021-2022', 2.16, 4.0, 5.4, 16, 13, 55, 'Trung bình', 95, 3),
    ('KQ225', 'HV016', '642794', 'Đặng Tuấn Yến', 'HK015', 'Học kỳ hè Năm học 2025-2026', 2.2, 2.88, 5.5, 24, 0, 83, 'Trung bình', 97, 2),
    ('KQ226', 'HV031', '632283', 'Trần Đức Anh', 'HK004', 'Học kỳ 1 Năm học 2022-2023', 3.6, 2.42, 9.0, 17, 17, 97, 'Xuất sắc', 98, 3),
    ('KQ227', 'HV022', '648919', 'Lý Thanh Giang', 'HK001', 'Học kỳ 1 Năm học 2021-2022', 2.01, 3.07, 5.0, 11, 8, 36, 'Trung bình', 90, 0),
    ('KQ228', 'HV028', '655141', 'Lê Văn Linh', 'HK007', 'Học kỳ 1 Năm học 2023-2024', 2.72, 2.2, 6.8, 10, 6, 133, 'Khá', 71, 2),
    ('KQ229', 'HV002', '637868', 'Lê Thanh Tùng', 'HK004', 'Học kỳ 1 Năm học 2022-2023', 3.74, 1.61, 9.4, 12, 4, 107, 'Xuất sắc', 63, 3),
    ('KQ230', 'HV042', '638542', 'Lý Hữu Dũng', 'HK013', 'Học kỳ 1 Năm học 2025-2026', 2.77, 2.96, 6.9, 12, 6, 55, 'Khá', 69, 3),
    ('KQ231', 'HV022', '648919', 'Lý Thanh Giang', 'HK012', 'Học kỳ hè Năm học 2024-2025', 2.69, 3.07, 6.7, 21, 12, 36, 'Khá', 76, 0),
    ('KQ232', 'HV043', '666202', 'Nguyễn Minh Phương', 'HK010', 'Học kỳ 1 Năm học 2024-2025', 3.72, 4.0, 9.3, 14, 2, 55, 'Xuất sắc', 63, 0),
    ('KQ233', 'HV012', '671537', 'Lê Thị Sơn', 'HK004', 'Học kỳ 1 Năm học 2022-2023', 3.4, 2.16, 8.5, 20, 0, 138, 'Giỏi', 69, 0),
    ('KQ234', 'HV043', '666202', 'Nguyễn Minh Phương', 'HK012', 'Học kỳ hè Năm học 2024-2025', 2.67, 4.0, 6.7, 20, 3, 55, 'Khá', 97, 2),
    ('KQ235', 'HV045', '649143', 'Vũ Hải Giang', 'HK006', 'Học kỳ hè Năm học 2022-2023', 4.0, 2.65, 10.0, 16, 4, 116, 'Xuất sắc', 77, 1),
    ('KQ236', 'HV048', '677042', 'Trần Hữu Nguyệt', 'HK005', 'Học kỳ 2 Năm học 2022-2023', 1.84, 2.49, 4.6, 11, 3, 32, 'Yếu', 97, 3),
    ('KQ237', 'HV031', '632283', 'Trần Đức Anh', 'HK006', 'Học kỳ hè Năm học 2022-2023', 2.32, 2.42, 5.8, 10, 1, 97, 'Trung bình', 96, 3),
    ('KQ238', 'HV040', '654048', 'Đặng Hữu Yến', 'HK014', 'Học kỳ 2 Năm học 2025-2026', 2.7, 3.85, 6.8, 23, 9, 127, 'Khá', 63, 2),
    ('KQ239', 'HV012', '671537', 'Lê Thị Sơn', 'HK012', 'Học kỳ hè Năm học 2024-2025', 3.04, 2.16, 7.6, 22, 11, 138, 'Khá', 50, 3),
    ('KQ240', 'HV035', '674894', 'Hồ Ngọc Tùng', 'HK003', 'Học kỳ hè Năm học 2021-2022', 1.46, 2.08, 3.6, 18, 16, 108, 'Yếu', 94, 1),
    ('KQ241', 'HV044', '659654', 'Bùi Hữu Chiến', 'HK002', 'Học kỳ 2 Năm học 2021-2022', 2.05, 3.08, 5.1, 24, 15, 51, 'Trung bình', 87, 2),
    ('KQ242', 'HV046', '631135', 'Đặng Đức Bình', 'HK009', 'Học kỳ hè Năm học 2023-2024', 2.16, 2.53, 5.4, 22, 0, 40, 'Trung bình', 62, 0),
    ('KQ243', 'HV029', '665364', 'Hồ Phương Yến', 'HK012', 'Học kỳ hè Năm học 2024-2025', 3.43, 2.37, 8.6, 17, 14, 88, 'Giỏi', 80, 2),
    ('KQ244', 'HV014', '672765', 'Ngô Thị Hương', 'HK007', 'Học kỳ 1 Năm học 2023-2024', 1.7, 1.34, 4.2, 14, 11, 82, 'Yếu', 80, 2),
    ('KQ245', 'HV015', '674571', 'Ngô Tuấn Nguyệt', 'HK007', 'Học kỳ 1 Năm học 2023-2024', 2.29, 3.44, 5.7, 12, 12, 119, 'Trung bình', 94, 2),
    ('KQ246', 'HV001', '666106', 'Dương Hải Giang', 'HK008', 'Học kỳ 2 Năm học 2023-2024', 1.48, 3.87, 3.7, 25, 7, 126, 'Yếu', 91, 3),
    ('KQ247', 'HV035', '674894', 'Hồ Ngọc Tùng', 'HK005', 'Học kỳ 2 Năm học 2022-2023', 2.64, 2.08, 6.6, 16, 4, 108, 'Khá', 52, 2),
    ('KQ248', 'HV028', '655141', 'Lê Văn Linh', 'HK010', 'Học kỳ 1 Năm học 2024-2025', 1.18, 2.2, 2.9, 19, 14, 133, 'Yếu', 98, 2),
    ('KQ249', 'HV018', '675392', 'Bùi Bảo Phương', 'HK010', 'Học kỳ 1 Năm học 2024-2025', 3.12, 2.96, 7.8, 20, 13, 86, 'Khá', 65, 0),
    ('KQ250', 'HV048', '677042', 'Trần Hữu Nguyệt', 'HK015', 'Học kỳ hè Năm học 2025-2026', 2.13, 2.49, 5.3, 16, 13, 32, 'Trung bình', 94, 0),
    ('KQ251', 'HV007', '678302', 'Dương Minh Sơn', 'HK003', 'Học kỳ hè Năm học 2021-2022', 3.98, 2.96, 9.9, 15, 9, 52, 'Xuất sắc', 90, 0),
    ('KQ252', 'HV049', '664675', 'Đặng Bảo Phúc', 'HK007', 'Học kỳ 1 Năm học 2023-2024', 3.6, 3.31, 9.0, 11, 10, 148, 'Xuất sắc', 56, 1),
    ('KQ253', 'HV016', '642794', 'Đặng Tuấn Yến', 'HK009', 'Học kỳ hè Năm học 2023-2024', 2.59, 2.88, 6.5, 16, 10, 83, 'Khá', 68, 3),
    ('KQ254', 'HV014', '672765', 'Ngô Thị Hương', 'HK004', 'Học kỳ 1 Năm học 2022-2023', 2.77, 1.34, 6.9, 23, 21, 82, 'Khá', 50, 0),
    ('KQ255', 'HV021', '656727', 'Phạm Minh Nguyệt', 'HK004', 'Học kỳ 1 Năm học 2022-2023', 3.29, 3.88, 8.2, 21, 20, 70, 'Giỏi', 57, 3),
    ('KQ256', 'HV016', '642794', 'Đặng Tuấn Yến', 'HK012', 'Học kỳ hè Năm học 2024-2025', 1.45, 2.88, 3.6, 16, 14, 83, 'Yếu', 90, 3),
    ('KQ257', 'HV028', '655141', 'Lê Văn Linh', 'HK005', 'Học kỳ 2 Năm học 2022-2023', 2.47, 2.2, 6.2, 23, 19, 133, 'Trung bình', 81, 2),
    ('KQ258', 'HV040', '654048', 'Đặng Hữu Yến', 'HK012', 'Học kỳ hè Năm học 2024-2025', 3.8, 3.85, 9.5, 17, 7, 127, 'Xuất sắc', 51, 0),
    ('KQ259', 'HV003', '674688', 'Bùi Phương Việt', 'HK003', 'Học kỳ hè Năm học 2021-2022', 2.58, 2.69, 6.5, 11, 0, 135, 'Khá', 58, 2),
    ('KQ260', 'HV008', '656213', 'Ngô Đức Yến', 'HK011', 'Học kỳ 2 Năm học 2024-2025', 1.86, 0.91, 4.7, 12, 6, 59, 'Yếu', 56, 3),
    ('KQ261', 'HV038', '657859', 'Dương Quang Giang', 'HK012', 'Học kỳ hè Năm học 2024-2025', 3.03, 4.0, 7.6, 19, 10, 94, 'Khá', 73, 3),
    ('KQ262', 'HV022', '648919', 'Lý Thanh Giang', 'HK006', 'Học kỳ hè Năm học 2022-2023', 4.0, 3.07, 10.0, 22, 2, 36, 'Xuất sắc', 90, 0),
    ('KQ263', 'HV032', '653109', 'Lý Ngọc Xuân', 'HK002', 'Học kỳ 2 Năm học 2021-2022', 2.1, 2.4, 5.2, 12, 4, 116, 'Trung bình', 82, 0),
    ('KQ264', 'HV041', '673296', 'Đặng Quang Chiến', 'HK015', 'Học kỳ hè Năm học 2025-2026', 1.7, 3.44, 4.2, 22, 3, 40, 'Yếu', 54, 1),
    ('KQ265', 'HV018', '675392', 'Bùi Bảo Phương', 'HK008', 'Học kỳ 2 Năm học 2023-2024', 3.1, 2.96, 7.8, 15, 4, 86, 'Khá', 91, 1),
    ('KQ266', 'HV039', '643683', 'Dương Thanh Chiến', 'HK004', 'Học kỳ 1 Năm học 2022-2023', 2.58, 4.0, 6.5, 23, 22, 62, 'Khá', 89, 2),
    ('KQ267', 'HV013', '643135', 'Đỗ Đức Sơn', 'HK008', 'Học kỳ 2 Năm học 2023-2024', 2.74, 2.46, 6.9, 21, 1, 105, 'Khá', 72, 3),
    ('KQ268', 'HV020', '654457', 'Đỗ Bảo Hương', 'HK011', 'Học kỳ 2 Năm học 2024-2025', 2.54, 1.96, 6.3, 16, 5, 121, 'Khá', 83, 0),
    ('KQ269', 'HV050', '651232', 'Dương Minh Em', 'HK003', 'Học kỳ hè Năm học 2021-2022', 2.4, 3.4, 6.0, 10, 10, 92, 'Trung bình', 93, 2),
    ('KQ270', 'HV050', '651232', 'Dương Minh Em', 'HK004', 'Học kỳ 1 Năm học 2022-2023', 2.66, 3.4, 6.7, 13, 8, 92, 'Khá', 99, 2),
    ('KQ271', 'HV012', '671537', 'Lê Thị Sơn', 'HK011', 'Học kỳ 2 Năm học 2024-2025', 2.37, 2.16, 5.9, 18, 6, 138, 'Trung bình', 50, 3),
    ('KQ272', 'HV023', '646366', 'Đặng Đức Em', 'HK001', 'Học kỳ 1 Năm học 2021-2022', 3.13, 3.55, 7.8, 17, 14, 116, 'Khá', 94, 1),
    ('KQ273', 'HV043', '666202', 'Nguyễn Minh Phương', 'HK006', 'Học kỳ hè Năm học 2022-2023', 3.53, 4.0, 8.8, 15, 6, 55, 'Giỏi', 51, 1),
    ('KQ274', 'HV002', '637868', 'Lê Thanh Tùng', 'HK006', 'Học kỳ hè Năm học 2022-2023', 3.43, 1.61, 8.6, 24, 3, 107, 'Giỏi', 62, 3),
    ('KQ275', 'HV029', '665364', 'Hồ Phương Yến', 'HK009', 'Học kỳ hè Năm học 2023-2024', 2.7, 2.37, 6.8, 19, 13, 88, 'Khá', 62, 0),
    ('KQ276', 'HV015', '674571', 'Ngô Tuấn Nguyệt', 'HK002', 'Học kỳ 2 Năm học 2021-2022', 1.01, 3.44, 2.5, 14, 4, 119, 'Yếu', 50, 2),
    ('KQ277', 'HV034', '633301', 'Trần Bảo Phương', 'HK013', 'Học kỳ 1 Năm học 2025-2026', 1.29, 3.37, 3.2, 17, 3, 107, 'Yếu', 100, 2),
    ('KQ278', 'HV014', '672765', 'Ngô Thị Hương', 'HK001', 'Học kỳ 1 Năm học 2021-2022', 2.06, 1.34, 5.2, 21, 14, 82, 'Trung bình', 90, 2),
    ('KQ279', 'HV008', '656213', 'Ngô Đức Yến', 'HK013', 'Học kỳ 1 Năm học 2025-2026', 2.97, 0.91, 7.4, 25, 19, 59, 'Khá', 53, 2),
    ('KQ280', 'HV030', '638533', 'Phạm Thanh Tùng', 'HK008', 'Học kỳ 2 Năm học 2023-2024', 3.9, 2.39, 9.8, 10, 10, 122, 'Xuất sắc', 85, 1),
    ('KQ281', 'HV048', '677042', 'Trần Hữu Nguyệt', 'HK004', 'Học kỳ 1 Năm học 2022-2023', 1.34, 2.49, 3.4, 11, 6, 32, 'Yếu', 97, 0),
    ('KQ282', 'HV001', '666106', 'Dương Hải Giang', 'HK004', 'Học kỳ 1 Năm học 2022-2023', 2.19, 3.87, 5.5, 25, 4, 126, 'Trung bình', 69, 3),
    ('KQ283', 'HV042', '638542', 'Lý Hữu Dũng', 'HK009', 'Học kỳ hè Năm học 2023-2024', 2.96, 2.96, 7.4, 25, 12, 55, 'Khá', 79, 3),
    ('KQ284', 'HV042', '638542', 'Lý Hữu Dũng', 'HK010', 'Học kỳ 1 Năm học 2024-2025', 2.73, 2.96, 6.8, 13, 1, 55, 'Khá', 68, 1),
    ('KQ285', 'HV048', '677042', 'Trần Hữu Nguyệt', 'HK006', 'Học kỳ hè Năm học 2022-2023', 3.03, 2.49, 7.6, 19, 15, 32, 'Khá', 54, 3),
    ('KQ286', 'HV013', '643135', 'Đỗ Đức Sơn', 'HK005', 'Học kỳ 2 Năm học 2022-2023', 2.88, 2.46, 7.2, 13, 2, 105, 'Khá', 72, 1),
    ('KQ287', 'HV036', '675486', 'Lý Ngọc Anh', 'HK001', 'Học kỳ 1 Năm học 2021-2022', 1.87, 3.26, 4.7, 16, 11, 102, 'Yếu', 81, 2),
    ('KQ288', 'HV035', '674894', 'Hồ Ngọc Tùng', 'HK008', 'Học kỳ 2 Năm học 2023-2024', 3.53, 2.08, 8.8, 10, 3, 108, 'Giỏi', 76, 0),
    ('KQ289', 'HV024', '669113', 'Hồ Hải Xuân', 'HK009', 'Học kỳ hè Năm học 2023-2024', 2.46, 2.86, 6.2, 10, 0, 87, 'Trung bình', 95, 3),
    ('KQ290', 'HV021', '656727', 'Phạm Minh Nguyệt', 'HK011', 'Học kỳ 2 Năm học 2024-2025', 2.92, 3.88, 7.3, 15, 6, 70, 'Khá', 86, 3),
    ('KQ291', 'HV027', '649454', 'Lê Hải Em', 'HK006', 'Học kỳ hè Năm học 2022-2023', 2.43, 3.0, 6.1, 24, 0, 39, 'Trung bình', 81, 1),
    ('KQ292', 'HV005', '679278', 'Bùi Ngọc Việt', 'HK010', 'Học kỳ 1 Năm học 2024-2025', 2.69, 3.54, 6.7, 23, 2, 114, 'Khá', 73, 0),
    ('KQ293', 'HV034', '633301', 'Trần Bảo Phương', 'HK008', 'Học kỳ 2 Năm học 2023-2024', 2.95, 3.37, 7.4, 13, 0, 107, 'Khá', 98, 3),
    ('KQ294', 'HV050', '651232', 'Dương Minh Em', 'HK008', 'Học kỳ 2 Năm học 2023-2024', 2.8, 3.4, 7.0, 14, 7, 92, 'Khá', 63, 2),
    ('KQ295', 'HV037', '666520', 'Ngô Bảo Hoa', 'HK007', 'Học kỳ 1 Năm học 2023-2024', 1.85, 1.82, 4.6, 19, 4, 55, 'Yếu', 90, 2),
    ('KQ296', 'HV042', '638542', 'Lý Hữu Dũng', 'HK003', 'Học kỳ hè Năm học 2021-2022', 1.91, 2.96, 4.8, 22, 21, 55, 'Yếu', 95, 3),
    ('KQ297', 'HV041', '673296', 'Đặng Quang Chiến', 'HK006', 'Học kỳ hè Năm học 2022-2023', 4.0, 3.44, 10.0, 20, 17, 40, 'Xuất sắc', 76, 3),
    ('KQ298', 'HV010', '663199', 'Ngô Đức Linh', 'HK010', 'Học kỳ 1 Năm học 2024-2025', 3.47, 1.79, 8.7, 17, 17, 58, 'Giỏi', 77, 3),
    ('KQ299', 'HV035', '674894', 'Hồ Ngọc Tùng', 'HK014', 'Học kỳ 2 Năm học 2025-2026', 4.0, 2.08, 10.0, 24, 13, 108, 'Xuất sắc', 94, 1),
    ('KQ300', 'HV015', '674571', 'Ngô Tuấn Nguyệt', 'HK005', 'Học kỳ 2 Năm học 2022-2023', 3.22, 3.44, 8.1, 24, 15, 119, 'Giỏi', 67, 0);

SET session_replication_role = 'origin';
ANALYZE;
