-- ============================================
-- SEED DATA FOR PM2 POSTGRESQL DATABASE
-- Includes Training Module + Khao Thi Module
-- Generated by generate_seed.py using Faker vi_VN
-- Generated at: 2026-06-16 14:04:54.365844
-- ============================================

SET session_replication_role = 'replica';

-- ============================================
-- CORE ENTITY SEED
-- ============================================

INSERT INTO giang_vien (id, ma_gv, ho_ten, email, so_dien_thoai, don_vi_id, ten_don_vi, hoc_vi, hoc_ham, active) VALUES
    ('GV001', 'GV5976', 'Lê Tuấn Hoa', 'letuanhoa@pm2.edu.vn', '02 9436483', 'DV015', 'Bộ môn Kế toán', 'GS', 'Nghiên cứu viên', TRUE),
    ('GV002', 'GV6802', 'Đỗ Đức Việt', 'doducviet@pm2.edu.vn', '+84-75-689 3485', 'DV014', 'Bộ môn Viễn thông', 'PGS.TS', 'Giảng viên chính', TRUE),
    ('GV003', 'GV9509', 'Đỗ Tuấn Nguyệt', 'dotuannguyet@pm2.edu.vn', '+84-13-728360', 'DV014', 'Bộ môn Viễn thông', 'TS', 'Giảng viên chính', TRUE),
    ('GV004', 'GV9709', 'Dương Bảo Em', 'duongbaoem@pm2.edu.vn', '(05)671-2565', 'DV015', 'Bộ môn Kế toán', 'GS', 'Nghiên cứu viên', TRUE),
    ('GV005', 'GV8633', 'Lý Thanh Sơn', 'lythanhson@pm2.edu.vn', '03 5665 9363', 'DV012', 'Bộ môn Tin học cơ bản', 'TS', 'Giảng viên chính', TRUE),
    ('GV006', 'GV4295', 'Đặng Thanh Phương', 'dangthanhphuong@pm2.edu.vn', '(00) 3048 5969', 'DV014', 'Bộ môn Viễn thông', 'TS.', 'Nghiên cứu viên', TRUE),
    ('GV007', 'GV7667', 'Vũ Kim Giang', 'vukimgiang@pm2.edu.vn', '+84 59 3375235', 'DV015', 'Bộ môn Kế toán', 'GS', 'Giảng viên chính', TRUE),
    ('GV008', 'GV5241', 'Dương Đức Anh', 'duongducanh@pm2.edu.vn', '09 2469557', 'DV012', 'Bộ môn Tin học cơ bản', 'TS.', 'Nghiên cứu viên', TRUE),
    ('GV009', 'GV4778', 'Vũ Bảo Hạnh', 'vubaohanh@pm2.edu.vn', '(02)253-9112', 'DV012', 'Bộ môn Tin học cơ bản', 'GS', 'Nghiên cứu viên', TRUE),
    ('GV010', 'GV9082', 'Lê Đức Phương', 'leducphuong@pm2.edu.vn', '+84 27 3531343', 'DV014', 'Bộ môn Viễn thông', 'PGS', 'Giảng viên cao cấp', TRUE),
    ('GV011', 'GV8617', 'Hồ Thanh Nguyệt', 'hothanhnguyet@pm2.edu.vn', '+84-79-478 6631', 'DV015', 'Bộ môn Kế toán', 'PGS', 'Giảng viên chính', TRUE),
    ('GV012', 'GV2605', 'Phạm Kim Chiến', 'phamkimchien@pm2.edu.vn', '04 4294 8173', 'DV014', 'Bộ môn Viễn thông', 'PGS', 'Giảng viên', TRUE),
    ('GV013', 'GV6739', 'Bùi Tuấn Hương', 'buituanhuong@pm2.edu.vn', '(06) 2835 5098', 'DV013', 'Bộ môn Công nghệ phần mềm', 'GS', 'Giảng viên', TRUE),
    ('GV014', 'GV8555', 'Lý Minh Hương', 'lyminhhuong@pm2.edu.vn', '01 1308239', 'DV013', 'Bộ môn Công nghệ phần mềm', 'ThS.', 'Nghiên cứu viên', TRUE),
    ('GV015', 'GV2160', 'Ngô Ngọc Giang', 'ngongocgiang@pm2.edu.vn', '+84 82 3792212', 'DV015', 'Bộ môn Kế toán', 'ThS.', 'Giảng viên cao cấp', TRUE),
    ('GV016', 'GV9639', 'Lê Kim Linh', 'lekimlinh@pm2.edu.vn', '+84-19-890918', 'DV014', 'Bộ môn Viễn thông', 'TS', 'Nghiên cứu viên', TRUE),
    ('GV017', 'GV3885', 'Phạm Hải Quân', 'phamhaiquan@pm2.edu.vn', '(08) 5014 0201', 'DV013', 'Bộ môn Công nghệ phần mềm', 'GS', 'Giảng viên cao cấp', TRUE),
    ('GV018', 'GV9915', 'Lý Tuấn Bình', 'lytuanbinh@pm2.edu.vn', '+84-99-393 3727', 'DV014', 'Bộ môn Viễn thông', 'PGS.TS', 'Giảng viên', TRUE),
    ('GV019', 'GV3055', 'Phạm Văn Xuân', 'phamvanxuan@pm2.edu.vn', '04 7736 9769', 'DV012', 'Bộ môn Tin học cơ bản', 'GS', 'Giảng viên', TRUE),
    ('GV020', 'GV3704', 'Phạm Quang Hoa', 'phamquanghoa@pm2.edu.vn', '+84-23-246 3257', 'DV013', 'Bộ môn Công nghệ phần mềm', 'PGS', 'Giảng viên', TRUE);

INSERT INTO hoc_vien (id, ma_hv, ho_ten, ngay_sinh, noi_sinh, que_quan, email, so_dien_thoai, ma_lop, ten_chuyen_nganh, ten_nganh, ten_khoa_dao_tao, trang_thai, gpa_he4, gpa_he10, so_tin_chi_tich_luy, muc_canh_bao, active) VALUES
    ('HV001', '676156', 'Lê Kim Dũng', '2002-07-21', 'Tiền Giang', '185 Đường Hoàng Quốc Việt, Trung Tự, Hoàng Mai, Tiền Giang', 'lekimdung@pm2.edu.vn', '+84 50 3860397', 'K63A', 'KT', 'KT', 'K67', 'dang_hoc', 3.22, 8.1, 45, 0, TRUE),
    ('HV002', '634405', 'Hoàng Văn Phúc', '2001-02-05', 'Đồng Tháp', '752 Đường Lê Duẩn, Trung Tự, Cái Răng, Đồng Tháp', 'hoangvanphuc@pm2.edu.vn', '+84-06-508584', 'K66B', 'KTPM', 'KTPM', 'K63', 'thoi_hoc', 1.79, 4.5, 54, 0, FALSE),
    ('HV003', '657855', 'Bùi Hữu Việt', '2002-04-29', 'Gia Lai', '601 Đường Trường Chinh, Tân Định, Quận 4, Gia Lai', 'buihuuviet@pm2.edu.vn', '(03) 9161 2205', 'K66A', 'HTTT', 'HTTT', 'K65', 'thoi_hoc', 2.68, 6.7, 119, 0, FALSE),
    ('HV004', '652953', 'Lê Đức Phúc', '1998-05-20', 'Ninh Thuận', '467 Đường Nguyễn Trãi, Đa Kao, Quận 2, Ninh Thuận', 'leducphuc@pm2.edu.vn', '07 2576 7952', 'K64C', 'ĐTVT', 'ĐTVT', 'K65', 'dang_hoc', 1.67, 4.2, 116, 0, TRUE),
    ('HV005', '678070', 'Nguyễn Hải Hương', '1995-05-30', 'Bình Dương', '561 Đường Nguyễn Trãi, Nhân Chính, Ngô Quyền, Bình Dương', 'nguyenhaihuong@pm2.edu.vn', '+84 15 6281060', 'K64C', 'ĐTVT', 'ĐTVT', 'K67', 'thoi_hoc', 2.68, 6.7, 31, 0, FALSE),
    ('HV006', '652106', 'Đỗ Thanh Yến', '2003-11-29', 'Phú Thọ', '815 Đường Võ Nguyên Giáp, Trung Tự, Hoàng Mai, Phú Thọ', 'dothanhyen@pm2.edu.vn', '03 1589 2399', 'K67C', 'ATTT', 'ATTT', 'K65', 'dang_hoc', 2.61, 6.5, 47, 0, TRUE),
    ('HV007', '651610', 'Lê Văn Nguyệt', '1996-03-10', 'Đồng Tháp', '335 Đường Trần Hưng Đạo, Láng Thượng, Ngũ Hành Sơn, Đồng Tháp', 'levannguyet@pm2.edu.vn', '+84 94 6823081', 'K67A', 'HTTT', 'HTTT', 'K65', 'tot_nghiep', 2.04, 5.1, 45, 0, TRUE),
    ('HV008', '645479', 'Trần Thanh Sơn', '1997-03-09', 'Cà Mau', '447 Đường Nguyễn Trãi, Hàng Trống, Đống Đa, Cà Mau', 'tranthanhson@pm2.edu.vn', '+84-96-792384', 'K64A', 'KT', 'KT', 'K64', 'thoi_hoc', 2.82, 7.0, 45, 0, FALSE),
    ('HV009', '643611', 'Vũ Phương Hoa', '2004-11-19', 'Sóc Trăng', '273 Đường Võ Nguyên Giáp, Trung Tự, Thốt Nốt, Sóc Trăng', 'vuphuonghoa@pm2.edu.vn', '09 5716 6458', 'K67A', 'KHMT', 'KHMT', 'K64', 'dang_hoc', 2.45, 6.1, 59, 0, TRUE),
    ('HV010', '645051', 'Nguyễn Phương Dũng', '2000-09-28', 'Lâm Đồng', '587 Đường Trần Hưng Đạo, Khương Thượng, Phú Nhuận, Lâm Đồng', 'nguyenphuongdung@pm2.edu.vn', '(05) 3679 4437', 'K65C', 'ĐTVT', 'ĐTVT', 'K64', 'thoi_hoc', 2.64, 6.6, 147, 0, FALSE),
    ('HV011', '674738', 'Lý Minh Linh', '2002-02-04', 'Phú Yên', '514 Đường Hoàng Quốc Việt, Đa Kao, Quận 9, Phú Yên', 'lyminhlinh@pm2.edu.vn', '+84 46 3468254', 'K64A', 'TTĐPT', 'TTĐPT', 'K67', 'tot_nghiep', 2.43, 6.1, 135, 0, TRUE),
    ('HV012', '648673', 'Lý Hải Phương', '2002-07-27', 'Quảng Ngãi', '984 Đường Lê Duẩn, Khương Thượng, Quận 10, Quảng Ngãi', 'lyhaiphuong@pm2.edu.vn', '(02)183-7944', 'K66B', 'ĐTVT', 'ĐTVT', 'K64', 'tot_nghiep', 2.92, 7.3, 99, 0, TRUE),
    ('HV013', '642525', 'Nguyễn Minh Quân', '1997-09-20', 'Long An', '825 Đường Trần Hưng Đạo, Liễu Giai, Ô Môn, Long An', 'nguyenminhquan@pm2.edu.vn', '+84-64-275096', 'K65C', 'HTTT', 'HTTT', 'K64', 'tot_nghiep', 2.43, 6.1, 58, 0, TRUE),
    ('HV014', '658860', 'Bùi Kim Linh', '2002-08-25', 'Điện Biên', '289 Đường Trần Hưng Đạo, Phương Liên, Tân Phú, Điện Biên', 'buikimlinh@pm2.edu.vn', '(02)169-5319', 'K67A', 'KHMT', 'KHMT', 'K65', 'thoi_hoc', 3.02, 7.5, 76, 0, FALSE),
    ('HV015', '631537', 'Nguyễn Kim Quân', '1997-10-18', 'Sơn La', '593 Đường Phạm Văn Đồng, Đa Kao, Cầu Giấy, Sơn La', 'nguyenkimquan@pm2.edu.vn', '(04)836-2374', 'K67A', 'ATTT', 'ATTT', 'K63', 'dang_hoc', 3.69, 9.2, 111, 0, TRUE),
    ('HV016', '642135', 'Lý Minh Xuân', '1995-10-06', 'Tây Ninh', '846 Đường Phạm Văn Đồng, Trúc Bạch, Thốt Nốt, Tây Ninh', 'lyminhxuan@pm2.edu.vn', '+84 19 4269139', 'K65B', 'ĐTVT', 'ĐTVT', 'K64', 'dang_hoc', 3.45, 8.6, 45, 0, TRUE),
    ('HV017', '643692', 'Trần Kim Linh', '1997-07-30', 'Sơn La', '599 Đường Lê Duẩn, Hàng Trống, Quận 5, Sơn La', 'trankimlinh@pm2.edu.vn', '02 6125 6558', 'K64B', 'ĐTVT', 'ĐTVT', 'K64', 'thoi_hoc', 3.02, 7.5, 113, 0, FALSE),
    ('HV018', '639962', 'Lê Tuấn Quân', '2004-01-22', 'An Giang', '718 Đường Nguyễn Văn Linh, Láng Thượng, Quận 12, An Giang', 'letuanquan@pm2.edu.vn', '(00) 9462 9428', 'K67B', 'ATTT', 'ATTT', 'K63', 'tot_nghiep', 1.76, 4.4, 126, 0, TRUE),
    ('HV019', '653162', 'Phạm Văn Hạnh', '2003-10-15', 'Hà Tĩnh', '901 Đường Hoàng Quốc Việt, Tân Định, Quận 7, Hà Tĩnh', 'phamvanhanh@pm2.edu.vn', '03 8268 3223', 'K66C', 'ĐTVT', 'ĐTVT', 'K65', 'thoi_hoc', 3.2, 8.0, 84, 0, FALSE),
    ('HV020', '647942', 'Dương Phương Giang', '1997-10-12', 'Thừa Thiên Huế', '26 Đường Lê Lợi, Cô Giang, Quận 5, Thừa Thiên Huế', 'duongphuonggiang@pm2.edu.vn', '+84-91-686 0724', 'K65C', 'ATTT', 'ATTT', 'K64', 'thoi_hoc', 3.28, 8.2, 83, 0, FALSE),
    ('HV021', '655647', 'Nguyễn Quang Em', '2002-11-03', 'Bắc Kạn', '566 Đường Nguyễn Trãi, Khương Thượng, Hải Châu, Bắc Kạn', 'nguyenquangem@pm2.edu.vn', '05 4797804', 'K63C', 'TTĐPT', 'TTĐPT', 'K65', 'thoi_hoc', 2.16, 5.4, 79, 0, FALSE),
    ('HV022', '675392', 'Ngô Quang Phương', '1997-01-22', 'Đồng Nai', '755 Đường Hoàng Quốc Việt, Phúc Xá, Cầu Giấy, Đồng Nai', 'ngoquangphuong@pm2.edu.vn', '+84-75-875 2188', 'K64A', 'KTCK', 'KTCK', 'K67', 'tot_nghiep', 2.96, 7.4, 53, 0, TRUE),
    ('HV023', '678860', 'Bùi Quang Nguyệt', '1997-12-12', 'Điện Biên', '84 Đường Lê Lợi, Liễu Giai, Bình Thủy, Điện Biên', 'buiquangnguyet@pm2.edu.vn', '(07) 7590 2160', 'K65B', 'CNTT', 'CNTT', 'K67', 'dang_hoc', 3.05, 7.6, 150, 0, TRUE),
    ('HV024', '641915', 'Phạm Phương Xuân', '1998-02-05', 'Bình Định', '500 Đường Phạm Văn Đồng, Phương Liên, Dương Kinh, Bình Định', 'phamphuongxuan@pm2.edu.vn', '+84-11-773 8835', 'K66B', 'TTĐPT', 'TTĐPT', 'K64', 'thoi_hoc', 3.11, 7.8, 57, 0, FALSE),
    ('HV025', '669836', 'Ngô Tuấn Yến', '2002-03-19', 'Ninh Bình', '638 Đường Hoàng Quốc Việt, Giảng Võ, Hai Bà Trưng, Ninh Bình', 'ngotuanyen@pm2.edu.vn', '+84-47-490 3873', 'K64B', 'KHMT', 'KHMT', 'K66', 'tot_nghiep', 1.77, 4.4, 74, 0, TRUE),
    ('HV026', '658439', 'Vũ Hữu Bình', '1998-05-25', 'Nghệ An', '192 Đường Phạm Văn Đồng, Giảng Võ, Quận 11, Nghệ An', 'vuhuubinh@pm2.edu.vn', '04 5029 8845', 'K65C', 'CNTT', 'CNTT', 'K65', 'thoi_hoc', 4.0, 10.0, 36, 0, FALSE),
    ('HV027', '657798', 'Lê Thị Việt', '1998-10-18', 'Hà Nội', '464 Đường Nguyễn Văn Linh, Lý Thái Tổ, Tân Bình, Hà Nội', 'lethiviet@pm2.edu.vn', '+84 50 9553247', 'K67C', 'ĐTVT', 'ĐTVT', 'K65', 'dang_hoc', 3.3, 8.2, 61, 0, TRUE),
    ('HV028', '667779', 'Trần Thanh Hạnh', '2000-11-02', 'Vĩnh Long', '850 Đường Hoàng Quốc Việt, Cầu Kho, Cái Răng, Vĩnh Long', 'tranthanhhanh@pm2.edu.vn', '(01) 7460 6322', 'K66C', 'TTĐPT', 'TTĐPT', 'K66', 'dang_hoc', 2.98, 7.5, 110, 0, TRUE),
    ('HV029', '641724', 'Lý Quang Giang', '1998-12-30', 'Bình Dương', '464 Đường Lê Duẩn, Kim Liên, Bình Thạnh, Bình Dương', 'lyquanggiang@pm2.edu.vn', '05 6315975', 'K67B', 'KTPM', 'KTPM', 'K64', 'tot_nghiep', 1.59, 4.0, 119, 0, TRUE),
    ('HV030', '632151', 'Bùi Bảo Xuân', '1995-01-28', 'Bắc Giang', '549 Đường Nguyễn Văn Linh, Thành Công, Dương Kinh, Bắc Giang', 'buibaoxuan@pm2.edu.vn', '+84-98-673 2186', 'K64C', 'HTTT', 'HTTT', 'K63', 'dang_hoc', 2.74, 6.9, 143, 0, TRUE),
    ('HV031', '679202', 'Lý Quang Hạnh', '2000-06-12', 'Lai Châu', '845 Đường Võ Nguyên Giáp, Bến Nghé, Phú Nhuận, Lai Châu', 'lyquanghanh@pm2.edu.vn', '07 7307814', 'K66B', 'KTCK', 'KTCK', 'K67', 'tot_nghiep', 3.69, 9.2, 62, 0, TRUE),
    ('HV032', '675421', 'Trần Văn Hương', '2004-11-16', 'Nghệ An', '16 Đường Nguyễn Trãi, Đa Kao, Nam Từ Liêm, Nghệ An', 'tranvanhuong@pm2.edu.vn', '(01)585-1579', 'K63A', 'ĐTVT', 'ĐTVT', 'K67', 'dang_hoc', 1.73, 4.3, 43, 0, TRUE),
    ('HV033', '643785', 'Vũ Hữu Hương', '2001-07-09', 'Hải Dương', '537 Đường Nguyễn Văn Linh, Cống Vị, Gò Vấp, Hải Dương', 'vuhuuhuong@pm2.edu.vn', '(04)668-4103', 'K63B', 'KT', 'KT', 'K64', 'dang_hoc', 2.75, 6.9, 76, 0, TRUE),
    ('HV034', '671591', 'Hoàng Hải Anh', '2004-06-11', 'Đồng Tháp', '771 Đường Lê Duẩn, Láng Thượng, Hải Châu, Đồng Tháp', 'hoanghaianh@pm2.edu.vn', '+84-62-230 0401', 'K66B', 'KT', 'KT', 'K67', 'thoi_hoc', 3.11, 7.8, 128, 0, FALSE),
    ('HV035', '656508', 'Lê Hải Phương', '1998-09-04', 'Hải Phòng', '149 Đường Lê Duẩn, Thành Công, Hải Châu, Hải Phòng', 'lehaiphuong@pm2.edu.vn', '(03) 8412 0451', 'K63B', 'KT', 'KT', 'K65', 'dang_hoc', 4.0, 10.0, 105, 0, TRUE),
    ('HV036', '638647', 'Lý Thị Tùng', '2000-10-03', 'Cao Bằng', '841 Đường Trần Hưng Đạo, Tràng Tiền, Thanh Xuân, Cao Bằng', 'lythitung@pm2.edu.vn', '+84-21-540988', 'K64A', 'KTPM', 'KTPM', 'K63', 'dang_hoc', 2.83, 7.1, 142, 0, TRUE),
    ('HV037', '665362', 'Dương Đức Hương', '1999-10-06', 'Sơn La', '394 Đường Hoàng Quốc Việt, Láng Thượng, Cẩm Lệ, Sơn La', 'duongduchuong@pm2.edu.vn', '+84-30-254807', 'K67B', 'ĐTVT', 'ĐTVT', 'K66', 'thoi_hoc', 3.8, 9.5, 135, 0, FALSE),
    ('HV038', '645515', 'Ngô Tuấn Em', '2005-01-01', 'Tây Ninh', '21 Đường Trần Hưng Đạo, Trúc Bạch, Nam Từ Liêm, Tây Ninh', 'ngotuanem@pm2.edu.vn', '(05) 7023 5191', 'K65A', 'TTĐPT', 'TTĐPT', 'K64', 'thoi_hoc', 2.48, 6.2, 116, 0, FALSE),
    ('HV039', '665288', 'Phạm Bảo Sơn', '2000-01-22', 'Lai Châu', '277 Đường Hoàng Quốc Việt, Bến Nghé, Long Biên, Lai Châu', 'phambaoson@pm2.edu.vn', '(01)301-2733', 'K66A', 'ATTT', 'ATTT', 'K66', 'thoi_hoc', 2.15, 5.4, 48, 0, FALSE),
    ('HV040', '633301', 'Vũ Thị Phương', '1997-07-17', 'Nghệ An', '129 Đường Hoàng Quốc Việt, Hàng Trống, Hải An, Nghệ An', 'vuthiphuong@pm2.edu.vn', '(06)991-6868', 'K67A', 'TTĐPT', 'TTĐPT', 'K63', 'tot_nghiep', 3.37, 8.4, 88, 0, TRUE),
    ('HV041', '666283', 'Trần Kim Hạnh', '1997-12-05', 'Hà Giang', '920 Đường Trường Chinh, Cầu Kho, Hải Châu, Hà Giang', 'trankimhanh@pm2.edu.vn', '(02)353-2702', 'K67C', 'KTCK', 'KTCK', 'K66', 'tot_nghiep', 2.61, 6.5, 103, 0, TRUE),
    ('HV042', '649420', 'Vũ Kim Xuân', '1998-01-12', 'Hồ Chí Minh', '522 Đường Trường Chinh, Trung Tự, Phú Nhuận, Hồ Chí Minh', 'vukimxuan@pm2.edu.vn', '+84-36-626 6791', 'K64C', 'ATTT', 'ATTT', 'K64', 'dang_hoc', 1.79, 4.5, 35, 0, TRUE),
    ('HV043', '676656', 'Hoàng Tuấn Phúc', '2003-01-01', 'Tuyên Quang', '643 Đường Trường Chinh, Khương Thượng, Thủ Đức, Tuyên Quang', 'hoangtuanphuc@pm2.edu.vn', '+84-49-251515', 'K65C', 'HTTT', 'HTTT', 'K67', 'thoi_hoc', 2.93, 7.3, 146, 0, FALSE),
    ('HV044', '674328', 'Dương Thị Tùng', '2000-06-05', 'Nghệ An', '767 Đường Trường Chinh, Tràng Tiền, Đồ Sơn, Nghệ An', 'duongthitung@pm2.edu.vn', '+84-32-827199', 'K66B', 'HTTT', 'HTTT', 'K67', 'tot_nghiep', 3.83, 9.6, 66, 0, TRUE),
    ('HV045', '633511', 'Bùi Ngọc Xuân', '1999-05-22', 'Lai Châu', '351 Đường Lê Lợi, Cống Vị, Sơn Trà, Lai Châu', 'buingocxuan@pm2.edu.vn', '+84-99-677 5959', 'K64A', 'ATTT', 'ATTT', 'K63', 'tot_nghiep', 1.78, 4.5, 40, 0, TRUE),
    ('HV046', '633567', 'Đỗ Bảo Yến', '2000-10-06', 'Hà Tĩnh', '872 Đường Trần Hưng Đạo, Kim Liên, Cái Răng, Hà Tĩnh', 'dobaoyen@pm2.edu.vn', '(02)396-0878', 'K63B', 'TCNH', 'TCNH', 'K63', 'thoi_hoc', 2.91, 7.3, 62, 0, FALSE),
    ('HV047', '658219', 'Đặng Hữu Yến', '1999-01-11', 'Bình Dương', '990 Đường Trần Hưng Đạo, Cô Giang, Quận 12, Bình Dương', 'danghuuyen@pm2.edu.vn', '02 9433 9967', 'K64A', 'HTTT', 'HTTT', 'K65', 'thoi_hoc', 3.06, 7.7, 127, 0, FALSE),
    ('HV048', '671744', 'Đặng Quang Chiến', '1998-10-18', 'Hưng Yên', '703 Đường Lê Duẩn, Láng Thượng, Quận 9, Hưng Yên', 'dangquangchien@pm2.edu.vn', '+84-17-845 0937', 'K67B', 'CNTT', 'CNTT', 'K67', 'dang_hoc', 1.54, 3.9, 43, 0, TRUE),
    ('HV049', '638542', 'Hồ Hữu Giang', '2005-07-26', 'Tiền Giang', '238 Đường Hoàng Quốc Việt, Cầu Kho, Hoàng Mai, Tiền Giang', 'hohuugiang@pm2.edu.vn', '+84-47-681 2786', 'K64A', 'ATTT', 'ATTT', 'K63', 'dang_hoc', 3.02, 7.5, 91, 0, TRUE),
    ('HV050', '658318', 'Phạm Văn Minh', '1998-04-18', 'Bắc Ninh', '824 Đường Hoàng Quốc Việt, Tràng Tiền, Cầu Giấy, Bắc Ninh', 'phamvanminh@pm2.edu.vn', '+84-51-231880', 'K64C', 'ĐTVT', 'ĐTVT', 'K65', 'tot_nghiep', 2.5, 6.2, 70, 0, TRUE);

INSERT INTO mon_hoc (id, ma_mon, ten_mon, so_tin_chi, so_tiet, don_vi_ql_id, ten_don_vi_ql, active) VALUES
    ('MH001', 'IT101', 'Nhập môn Công nghệ thông tin', 3, 45, 'DV001', 'Khoa Công nghệ thông tin', TRUE),
    ('MH002', 'IT102', 'Lập trình cơ bản', 4, 60, 'DV001', 'Khoa Công nghệ thông tin', TRUE),
    ('MH003', 'IT201', 'Cấu trúc dữ liệu và giải thuật', 4, 60, 'DV001', 'Khoa Công nghệ thông tin', TRUE),
    ('MH004', 'IT202', 'Cơ sở dữ liệu', 3, 45, 'DV001', 'Khoa Công nghệ thông tin', TRUE),
    ('MH005', 'IT203', 'Mạng máy tính', 3, 45, 'DV001', 'Khoa Công nghệ thông tin', TRUE),
    ('MH006', 'IT301', 'Phát triển ứng dụng Web', 3, 45, 'DV001', 'Khoa Công nghệ thông tin', TRUE),
    ('MH007', 'IT302', 'Trí tuệ nhân tạo', 3, 45, 'DV001', 'Khoa Công nghệ thông tin', TRUE),
    ('MH008', 'IT303', 'Học máy', 3, 45, 'DV001', 'Khoa Công nghệ thông tin', TRUE),
    ('MH009', 'IT304', 'An toàn và bảo mật thông tin', 3, 45, 'DV001', 'Khoa Công nghệ thông tin', TRUE),
    ('MH010', 'KT101', 'Kinh tế vi mô', 3, 45, 'DV004', 'Khoa Kinh tế', TRUE),
    ('MH011', 'KT102', 'Kinh tế vĩ mô', 3, 45, 'DV004', 'Khoa Kinh tế', TRUE),
    ('MH012', 'KT201', 'Nguyên lý kế toán', 4, 60, 'DV004', 'Khoa Kinh tế', TRUE),
    ('MH013', 'KT202', 'Tài chính doanh nghiệp', 3, 45, 'DV004', 'Khoa Kinh tế', TRUE),
    ('MH014', 'KT301', 'Kinh tế lượng', 3, 45, 'DV004', 'Khoa Kinh tế', TRUE),
    ('MH015', 'NN101', 'Tiếng Anh cơ bản', 4, 60, 'DV005', 'Khoa Ngoại ngữ', TRUE),
    ('MH016', 'NN102', 'Tiếng Anh học thuật', 3, 45, 'DV005', 'Khoa Ngoại ngữ', TRUE),
    ('MH017', 'NN201', 'Tiếng Anh chuyên ngành', 3, 45, 'DV005', 'Khoa Ngoại ngữ', TRUE),
    ('MH018', 'NN202', 'Tiếng Trung cơ bản', 4, 60, 'DV005', 'Khoa Ngoại ngữ', TRUE),
    ('MH019', 'QS101', 'Giáo dục Quốc phòng', 2, 30, 'DV006', 'Khoa Quân sự', TRUE),
    ('MH020', 'QS102', 'Điều lệnh Quân đội', 2, 30, 'DV006', 'Khoa Quân sự', TRUE),
    ('MH021', 'QS201', 'Chiến thuật bộ binh', 3, 45, 'DV006', 'Khoa Quân sự', TRUE),
    ('MH022', 'QS202', 'Kỹ thuật quân sự', 3, 45, 'DV006', 'Khoa Quân sự', TRUE);

INSERT INTO lop_hoc_phan (id, ma_lhp, ten_lhp, mon_hoc_id, ma_mon, ten_mon, hoc_ky_id, ten_hoc_ky, giang_vien_id, ten_giang_vien, si_so_toi_da, phong, active) VALUES
    ('LHP001', 'KT301_HK32023-2024_1', 'Kinh tế lượng - Học kỳ hè Năm học 2023-2024 - Lớp 1', 'MH014', 'KT301', 'Kinh tế lượng', 'HK009', 'Học kỳ hè Năm học 2023-2024', 'GV007', 'Vũ Kim Giang', 59, 'P176', TRUE),
    ('LHP002', 'IT201_HK22022-2023_2', 'Cấu trúc dữ liệu và giải thuật - Học kỳ 2 Năm học 2022-2023 - Lớp 2', 'MH003', 'IT201', 'Cấu trúc dữ liệu và giải thuật', 'HK005', 'Học kỳ 2 Năm học 2022-2023', 'GV004', 'Dương Bảo Em', 40, 'P444', TRUE),
    ('LHP003', 'QS202_HK12025-2026_3', 'Kỹ thuật quân sự - Học kỳ 1 Năm học 2025-2026 - Lớp 3', 'MH022', 'QS202', 'Kỹ thuật quân sự', 'HK013', 'Học kỳ 1 Năm học 2025-2026', 'GV008', 'Dương Đức Anh', 69, 'P286', TRUE),
    ('LHP004', 'NN201_HK22025-2026_4', 'Tiếng Anh chuyên ngành - Học kỳ 2 Năm học 2025-2026 - Lớp 4', 'MH017', 'NN201', 'Tiếng Anh chuyên ngành', 'HK014', 'Học kỳ 2 Năm học 2025-2026', 'GV008', 'Dương Đức Anh', 55, 'P185', TRUE),
    ('LHP005', 'KT201_HK12025-2026_5', 'Nguyên lý kế toán - Học kỳ 1 Năm học 2025-2026 - Lớp 5', 'MH012', 'KT201', 'Nguyên lý kế toán', 'HK013', 'Học kỳ 1 Năm học 2025-2026', 'GV007', 'Vũ Kim Giang', 38, 'P297', TRUE),
    ('LHP006', 'QS202_HK32024-2025_6', 'Kỹ thuật quân sự - Học kỳ hè Năm học 2024-2025 - Lớp 6', 'MH022', 'QS202', 'Kỹ thuật quân sự', 'HK012', 'Học kỳ hè Năm học 2024-2025', 'GV003', 'Đỗ Tuấn Nguyệt', 41, 'P226', TRUE),
    ('LHP007', 'IT101_HK22022-2023_7', 'Nhập môn Công nghệ thông tin - Học kỳ 2 Năm học 2022-2023 - Lớp 7', 'MH001', 'IT101', 'Nhập môn Công nghệ thông tin', 'HK005', 'Học kỳ 2 Năm học 2022-2023', 'GV004', 'Dương Bảo Em', 74, 'P401', TRUE),
    ('LHP008', 'QS202_HK12024-2025_8', 'Kỹ thuật quân sự - Học kỳ 1 Năm học 2024-2025 - Lớp 8', 'MH022', 'QS202', 'Kỹ thuật quân sự', 'HK010', 'Học kỳ 1 Năm học 2024-2025', 'GV008', 'Dương Đức Anh', 61, 'P274', TRUE),
    ('LHP009', 'QS202_HK22024-2025_9', 'Kỹ thuật quân sự - Học kỳ 2 Năm học 2024-2025 - Lớp 9', 'MH022', 'QS202', 'Kỹ thuật quân sự', 'HK011', 'Học kỳ 2 Năm học 2024-2025', 'GV014', 'Lý Minh Hương', 43, 'P125', TRUE),
    ('LHP010', 'QS201_HK12021-2022_10', 'Chiến thuật bộ binh - Học kỳ 1 Năm học 2021-2022 - Lớp 10', 'MH021', 'QS201', 'Chiến thuật bộ binh', 'HK001', 'Học kỳ 1 Năm học 2021-2022', 'GV009', 'Vũ Bảo Hạnh', 43, 'P482', TRUE),
    ('LHP011', 'KT102_HK22023-2024_11', 'Kinh tế vĩ mô - Học kỳ 2 Năm học 2023-2024 - Lớp 11', 'MH011', 'KT102', 'Kinh tế vĩ mô', 'HK008', 'Học kỳ 2 Năm học 2023-2024', 'GV020', 'Phạm Quang Hoa', 80, 'P211', TRUE),
    ('LHP012', 'QS201_HK22025-2026_12', 'Chiến thuật bộ binh - Học kỳ 2 Năm học 2025-2026 - Lớp 12', 'MH021', 'QS201', 'Chiến thuật bộ binh', 'HK014', 'Học kỳ 2 Năm học 2025-2026', 'GV001', 'Lê Tuấn Hoa', 66, 'P218', TRUE),
    ('LHP013', 'IT201_HK32023-2024_13', 'Cấu trúc dữ liệu và giải thuật - Học kỳ hè Năm học 2023-2024 - Lớp 13', 'MH003', 'IT201', 'Cấu trúc dữ liệu và giải thuật', 'HK009', 'Học kỳ hè Năm học 2023-2024', 'GV008', 'Dương Đức Anh', 61, 'P229', TRUE),
    ('LHP014', 'NN102_HK32023-2024_14', 'Tiếng Anh học thuật - Học kỳ hè Năm học 2023-2024 - Lớp 14', 'MH016', 'NN102', 'Tiếng Anh học thuật', 'HK009', 'Học kỳ hè Năm học 2023-2024', 'GV006', 'Đặng Thanh Phương', 70, 'P367', TRUE),
    ('LHP015', 'KT201_HK12021-2022_15', 'Nguyên lý kế toán - Học kỳ 1 Năm học 2021-2022 - Lớp 15', 'MH012', 'KT201', 'Nguyên lý kế toán', 'HK001', 'Học kỳ 1 Năm học 2021-2022', 'GV018', 'Lý Tuấn Bình', 32, 'P330', TRUE),
    ('LHP016', 'QS201_HK12023-2024_16', 'Chiến thuật bộ binh - Học kỳ 1 Năm học 2023-2024 - Lớp 16', 'MH021', 'QS201', 'Chiến thuật bộ binh', 'HK007', 'Học kỳ 1 Năm học 2023-2024', 'GV011', 'Hồ Thanh Nguyệt', 57, 'P301', TRUE),
    ('LHP017', 'IT201_HK22021-2022_17', 'Cấu trúc dữ liệu và giải thuật - Học kỳ 2 Năm học 2021-2022 - Lớp 17', 'MH003', 'IT201', 'Cấu trúc dữ liệu và giải thuật', 'HK002', 'Học kỳ 2 Năm học 2021-2022', 'GV006', 'Đặng Thanh Phương', 50, 'P442', TRUE),
    ('LHP018', 'QS101_HK22022-2023_18', 'Giáo dục Quốc phòng - Học kỳ 2 Năm học 2022-2023 - Lớp 18', 'MH019', 'QS101', 'Giáo dục Quốc phòng', 'HK005', 'Học kỳ 2 Năm học 2022-2023', 'GV005', 'Lý Thanh Sơn', 72, 'P486', TRUE),
    ('LHP019', 'QS102_HK32024-2025_19', 'Điều lệnh Quân đội - Học kỳ hè Năm học 2024-2025 - Lớp 19', 'MH020', 'QS102', 'Điều lệnh Quân đội', 'HK012', 'Học kỳ hè Năm học 2024-2025', 'GV004', 'Dương Bảo Em', 65, 'P401', TRUE),
    ('LHP020', 'QS202_HK32025-2026_20', 'Kỹ thuật quân sự - Học kỳ hè Năm học 2025-2026 - Lớp 20', 'MH022', 'QS202', 'Kỹ thuật quân sự', 'HK015', 'Học kỳ hè Năm học 2025-2026', 'GV012', 'Phạm Kim Chiến', 61, 'P217', TRUE),
    ('LHP021', 'IT101_HK12023-2024_21', 'Nhập môn Công nghệ thông tin - Học kỳ 1 Năm học 2023-2024 - Lớp 21', 'MH001', 'IT101', 'Nhập môn Công nghệ thông tin', 'HK007', 'Học kỳ 1 Năm học 2023-2024', 'GV006', 'Đặng Thanh Phương', 73, 'P292', TRUE),
    ('LHP022', 'KT201_HK32021-2022_22', 'Nguyên lý kế toán - Học kỳ hè Năm học 2021-2022 - Lớp 22', 'MH012', 'KT201', 'Nguyên lý kế toán', 'HK003', 'Học kỳ hè Năm học 2021-2022', 'GV002', 'Đỗ Đức Việt', 54, 'P193', TRUE),
    ('LHP023', 'KT201_HK12024-2025_23', 'Nguyên lý kế toán - Học kỳ 1 Năm học 2024-2025 - Lớp 23', 'MH012', 'KT201', 'Nguyên lý kế toán', 'HK010', 'Học kỳ 1 Năm học 2024-2025', 'GV003', 'Đỗ Tuấn Nguyệt', 44, 'P221', TRUE),
    ('LHP024', 'QS202_HK32025-2026_24', 'Kỹ thuật quân sự - Học kỳ hè Năm học 2025-2026 - Lớp 24', 'MH022', 'QS202', 'Kỹ thuật quân sự', 'HK015', 'Học kỳ hè Năm học 2025-2026', 'GV009', 'Vũ Bảo Hạnh', 38, 'P256', TRUE),
    ('LHP025', 'IT101_HK22023-2024_25', 'Nhập môn Công nghệ thông tin - Học kỳ 2 Năm học 2023-2024 - Lớp 25', 'MH001', 'IT101', 'Nhập môn Công nghệ thông tin', 'HK008', 'Học kỳ 2 Năm học 2023-2024', 'GV012', 'Phạm Kim Chiến', 57, 'P315', TRUE),
    ('LHP026', 'KT201_HK12024-2025_26', 'Nguyên lý kế toán - Học kỳ 1 Năm học 2024-2025 - Lớp 26', 'MH012', 'KT201', 'Nguyên lý kế toán', 'HK010', 'Học kỳ 1 Năm học 2024-2025', 'GV002', 'Đỗ Đức Việt', 30, 'P242', TRUE),
    ('LHP027', 'IT102_HK22023-2024_27', 'Lập trình cơ bản - Học kỳ 2 Năm học 2023-2024 - Lớp 27', 'MH002', 'IT102', 'Lập trình cơ bản', 'HK008', 'Học kỳ 2 Năm học 2023-2024', 'GV002', 'Đỗ Đức Việt', 42, 'P365', TRUE),
    ('LHP028', 'IT302_HK12024-2025_28', 'Trí tuệ nhân tạo - Học kỳ 1 Năm học 2024-2025 - Lớp 28', 'MH007', 'IT302', 'Trí tuệ nhân tạo', 'HK010', 'Học kỳ 1 Năm học 2024-2025', 'GV008', 'Dương Đức Anh', 62, 'P342', TRUE),
    ('LHP029', 'IT301_HK12024-2025_29', 'Phát triển ứng dụng Web - Học kỳ 1 Năm học 2024-2025 - Lớp 29', 'MH006', 'IT301', 'Phát triển ứng dụng Web', 'HK010', 'Học kỳ 1 Năm học 2024-2025', 'GV017', 'Phạm Hải Quân', 30, 'P479', TRUE),
    ('LHP030', 'IT201_HK22021-2022_30', 'Cấu trúc dữ liệu và giải thuật - Học kỳ 2 Năm học 2021-2022 - Lớp 30', 'MH003', 'IT201', 'Cấu trúc dữ liệu và giải thuật', 'HK002', 'Học kỳ 2 Năm học 2021-2022', 'GV001', 'Lê Tuấn Hoa', 37, 'P350', TRUE),
    ('LHP031', 'IT102_HK12025-2026_31', 'Lập trình cơ bản - Học kỳ 1 Năm học 2025-2026 - Lớp 31', 'MH002', 'IT102', 'Lập trình cơ bản', 'HK013', 'Học kỳ 1 Năm học 2025-2026', 'GV020', 'Phạm Quang Hoa', 49, 'P496', TRUE),
    ('LHP032', 'KT101_HK12025-2026_32', 'Kinh tế vi mô - Học kỳ 1 Năm học 2025-2026 - Lớp 32', 'MH010', 'KT101', 'Kinh tế vi mô', 'HK013', 'Học kỳ 1 Năm học 2025-2026', 'GV013', 'Bùi Tuấn Hương', 68, 'P413', TRUE),
    ('LHP033', 'IT102_HK12025-2026_33', 'Lập trình cơ bản - Học kỳ 1 Năm học 2025-2026 - Lớp 33', 'MH002', 'IT102', 'Lập trình cơ bản', 'HK013', 'Học kỳ 1 Năm học 2025-2026', 'GV017', 'Phạm Hải Quân', 32, 'P375', TRUE),
    ('LHP034', 'IT202_HK12022-2023_34', 'Cơ sở dữ liệu - Học kỳ 1 Năm học 2022-2023 - Lớp 34', 'MH004', 'IT202', 'Cơ sở dữ liệu', 'HK004', 'Học kỳ 1 Năm học 2022-2023', 'GV019', 'Phạm Văn Xuân', 76, 'P308', TRUE),
    ('LHP035', 'IT201_HK12021-2022_35', 'Cấu trúc dữ liệu và giải thuật - Học kỳ 1 Năm học 2021-2022 - Lớp 35', 'MH003', 'IT201', 'Cấu trúc dữ liệu và giải thuật', 'HK001', 'Học kỳ 1 Năm học 2021-2022', 'GV003', 'Đỗ Tuấn Nguyệt', 51, 'P142', TRUE),
    ('LHP036', 'IT202_HK12021-2022_36', 'Cơ sở dữ liệu - Học kỳ 1 Năm học 2021-2022 - Lớp 36', 'MH004', 'IT202', 'Cơ sở dữ liệu', 'HK001', 'Học kỳ 1 Năm học 2021-2022', 'GV014', 'Lý Minh Hương', 46, 'P499', TRUE),
    ('LHP037', 'QS201_HK22021-2022_37', 'Chiến thuật bộ binh - Học kỳ 2 Năm học 2021-2022 - Lớp 37', 'MH021', 'QS201', 'Chiến thuật bộ binh', 'HK002', 'Học kỳ 2 Năm học 2021-2022', 'GV004', 'Dương Bảo Em', 66, 'P433', TRUE),
    ('LHP038', 'KT301_HK32023-2024_38', 'Kinh tế lượng - Học kỳ hè Năm học 2023-2024 - Lớp 38', 'MH014', 'KT301', 'Kinh tế lượng', 'HK009', 'Học kỳ hè Năm học 2023-2024', 'GV020', 'Phạm Quang Hoa', 32, 'P345', TRUE),
    ('LHP039', 'NN102_HK22023-2024_39', 'Tiếng Anh học thuật - Học kỳ 2 Năm học 2023-2024 - Lớp 39', 'MH016', 'NN102', 'Tiếng Anh học thuật', 'HK008', 'Học kỳ 2 Năm học 2023-2024', 'GV004', 'Dương Bảo Em', 54, 'P296', TRUE),
    ('LHP040', 'NN201_HK32021-2022_40', 'Tiếng Anh chuyên ngành - Học kỳ hè Năm học 2021-2022 - Lớp 40', 'MH017', 'NN201', 'Tiếng Anh chuyên ngành', 'HK003', 'Học kỳ hè Năm học 2021-2022', 'GV007', 'Vũ Kim Giang', 78, 'P294', TRUE),
    ('LHP041', 'IT301_HK22023-2024_41', 'Phát triển ứng dụng Web - Học kỳ 2 Năm học 2023-2024 - Lớp 41', 'MH006', 'IT301', 'Phát triển ứng dụng Web', 'HK008', 'Học kỳ 2 Năm học 2023-2024', 'GV019', 'Phạm Văn Xuân', 39, 'P203', TRUE),
    ('LHP042', 'IT302_HK12021-2022_42', 'Trí tuệ nhân tạo - Học kỳ 1 Năm học 2021-2022 - Lớp 42', 'MH007', 'IT302', 'Trí tuệ nhân tạo', 'HK001', 'Học kỳ 1 Năm học 2021-2022', 'GV010', 'Lê Đức Phương', 62, 'P252', TRUE),
    ('LHP043', 'KT202_HK32024-2025_43', 'Tài chính doanh nghiệp - Học kỳ hè Năm học 2024-2025 - Lớp 43', 'MH013', 'KT202', 'Tài chính doanh nghiệp', 'HK012', 'Học kỳ hè Năm học 2024-2025', 'GV001', 'Lê Tuấn Hoa', 58, 'P284', TRUE),
    ('LHP044', 'IT101_HK32025-2026_44', 'Nhập môn Công nghệ thông tin - Học kỳ hè Năm học 2025-2026 - Lớp 44', 'MH001', 'IT101', 'Nhập môn Công nghệ thông tin', 'HK015', 'Học kỳ hè Năm học 2025-2026', 'GV019', 'Phạm Văn Xuân', 68, 'P352', TRUE),
    ('LHP045', 'IT102_HK22025-2026_45', 'Lập trình cơ bản - Học kỳ 2 Năm học 2025-2026 - Lớp 45', 'MH002', 'IT102', 'Lập trình cơ bản', 'HK014', 'Học kỳ 2 Năm học 2025-2026', 'GV001', 'Lê Tuấn Hoa', 48, 'P265', TRUE),
    ('LHP046', 'IT203_HK32022-2023_46', 'Mạng máy tính - Học kỳ hè Năm học 2022-2023 - Lớp 46', 'MH005', 'IT203', 'Mạng máy tính', 'HK006', 'Học kỳ hè Năm học 2022-2023', 'GV007', 'Vũ Kim Giang', 58, 'P115', TRUE),
    ('LHP047', 'IT203_HK22022-2023_47', 'Mạng máy tính - Học kỳ 2 Năm học 2022-2023 - Lớp 47', 'MH005', 'IT203', 'Mạng máy tính', 'HK005', 'Học kỳ 2 Năm học 2022-2023', 'GV017', 'Phạm Hải Quân', 42, 'P414', TRUE),
    ('LHP048', 'KT202_HK22022-2023_48', 'Tài chính doanh nghiệp - Học kỳ 2 Năm học 2022-2023 - Lớp 48', 'MH013', 'KT202', 'Tài chính doanh nghiệp', 'HK005', 'Học kỳ 2 Năm học 2022-2023', 'GV007', 'Vũ Kim Giang', 77, 'P328', TRUE),
    ('LHP049', 'IT302_HK22025-2026_49', 'Trí tuệ nhân tạo - Học kỳ 2 Năm học 2025-2026 - Lớp 49', 'MH007', 'IT302', 'Trí tuệ nhân tạo', 'HK014', 'Học kỳ 2 Năm học 2025-2026', 'GV008', 'Dương Đức Anh', 61, 'P481', TRUE),
    ('LHP050', 'QS201_HK12021-2022_50', 'Chiến thuật bộ binh - Học kỳ 1 Năm học 2021-2022 - Lớp 50', 'MH021', 'QS201', 'Chiến thuật bộ binh', 'HK001', 'Học kỳ 1 Năm học 2021-2022', 'GV001', 'Lê Tuấn Hoa', 36, 'P302', TRUE),
    ('LHP051', 'QS102_HK32024-2025_51', 'Điều lệnh Quân đội - Học kỳ hè Năm học 2024-2025 - Lớp 51', 'MH020', 'QS102', 'Điều lệnh Quân đội', 'HK012', 'Học kỳ hè Năm học 2024-2025', 'GV002', 'Đỗ Đức Việt', 73, 'P103', TRUE),
    ('LHP052', 'KT301_HK12022-2023_52', 'Kinh tế lượng - Học kỳ 1 Năm học 2022-2023 - Lớp 52', 'MH014', 'KT301', 'Kinh tế lượng', 'HK004', 'Học kỳ 1 Năm học 2022-2023', 'GV006', 'Đặng Thanh Phương', 46, 'P319', TRUE),
    ('LHP053', 'QS102_HK22023-2024_53', 'Điều lệnh Quân đội - Học kỳ 2 Năm học 2023-2024 - Lớp 53', 'MH020', 'QS102', 'Điều lệnh Quân đội', 'HK008', 'Học kỳ 2 Năm học 2023-2024', 'GV014', 'Lý Minh Hương', 46, 'P126', TRUE),
    ('LHP054', 'NN101_HK12021-2022_54', 'Tiếng Anh cơ bản - Học kỳ 1 Năm học 2021-2022 - Lớp 54', 'MH015', 'NN101', 'Tiếng Anh cơ bản', 'HK001', 'Học kỳ 1 Năm học 2021-2022', 'GV006', 'Đặng Thanh Phương', 68, 'P389', TRUE),
    ('LHP055', 'QS102_HK22023-2024_55', 'Điều lệnh Quân đội - Học kỳ 2 Năm học 2023-2024 - Lớp 55', 'MH020', 'QS102', 'Điều lệnh Quân đội', 'HK008', 'Học kỳ 2 Năm học 2023-2024', 'GV012', 'Phạm Kim Chiến', 67, 'P154', TRUE),
    ('LHP056', 'NN102_HK12023-2024_56', 'Tiếng Anh học thuật - Học kỳ 1 Năm học 2023-2024 - Lớp 56', 'MH016', 'NN102', 'Tiếng Anh học thuật', 'HK007', 'Học kỳ 1 Năm học 2023-2024', 'GV007', 'Vũ Kim Giang', 79, 'P195', TRUE),
    ('LHP057', 'IT102_HK32025-2026_57', 'Lập trình cơ bản - Học kỳ hè Năm học 2025-2026 - Lớp 57', 'MH002', 'IT102', 'Lập trình cơ bản', 'HK015', 'Học kỳ hè Năm học 2025-2026', 'GV013', 'Bùi Tuấn Hương', 50, 'P137', TRUE),
    ('LHP058', 'KT102_HK32024-2025_58', 'Kinh tế vĩ mô - Học kỳ hè Năm học 2024-2025 - Lớp 58', 'MH011', 'KT102', 'Kinh tế vĩ mô', 'HK012', 'Học kỳ hè Năm học 2024-2025', 'GV018', 'Lý Tuấn Bình', 51, 'P318', TRUE),
    ('LHP059', 'KT101_HK12023-2024_59', 'Kinh tế vi mô - Học kỳ 1 Năm học 2023-2024 - Lớp 59', 'MH010', 'KT101', 'Kinh tế vi mô', 'HK007', 'Học kỳ 1 Năm học 2023-2024', 'GV020', 'Phạm Quang Hoa', 76, 'P155', TRUE),
    ('LHP060', 'KT101_HK32025-2026_60', 'Kinh tế vi mô - Học kỳ hè Năm học 2025-2026 - Lớp 60', 'MH010', 'KT101', 'Kinh tế vi mô', 'HK015', 'Học kỳ hè Năm học 2025-2026', 'GV016', 'Lê Kim Linh', 34, 'P279', TRUE),
    ('LHP061', 'KT301_HK22023-2024_61', 'Kinh tế lượng - Học kỳ 2 Năm học 2023-2024 - Lớp 61', 'MH014', 'KT301', 'Kinh tế lượng', 'HK008', 'Học kỳ 2 Năm học 2023-2024', 'GV003', 'Đỗ Tuấn Nguyệt', 48, 'P492', TRUE),
    ('LHP062', 'QS202_HK22023-2024_62', 'Kỹ thuật quân sự - Học kỳ 2 Năm học 2023-2024 - Lớp 62', 'MH022', 'QS202', 'Kỹ thuật quân sự', 'HK008', 'Học kỳ 2 Năm học 2023-2024', 'GV012', 'Phạm Kim Chiến', 55, 'P128', TRUE),
    ('LHP063', 'IT201_HK12021-2022_63', 'Cấu trúc dữ liệu và giải thuật - Học kỳ 1 Năm học 2021-2022 - Lớp 63', 'MH003', 'IT201', 'Cấu trúc dữ liệu và giải thuật', 'HK001', 'Học kỳ 1 Năm học 2021-2022', 'GV015', 'Ngô Ngọc Giang', 78, 'P412', TRUE),
    ('LHP064', 'KT201_HK22023-2024_64', 'Nguyên lý kế toán - Học kỳ 2 Năm học 2023-2024 - Lớp 64', 'MH012', 'KT201', 'Nguyên lý kế toán', 'HK008', 'Học kỳ 2 Năm học 2023-2024', 'GV007', 'Vũ Kim Giang', 30, 'P133', TRUE),
    ('LHP065', 'IT201_HK22021-2022_65', 'Cấu trúc dữ liệu và giải thuật - Học kỳ 2 Năm học 2021-2022 - Lớp 65', 'MH003', 'IT201', 'Cấu trúc dữ liệu và giải thuật', 'HK002', 'Học kỳ 2 Năm học 2021-2022', 'GV002', 'Đỗ Đức Việt', 52, 'P464', TRUE),
    ('LHP066', 'QS202_HK22025-2026_66', 'Kỹ thuật quân sự - Học kỳ 2 Năm học 2025-2026 - Lớp 66', 'MH022', 'QS202', 'Kỹ thuật quân sự', 'HK014', 'Học kỳ 2 Năm học 2025-2026', 'GV011', 'Hồ Thanh Nguyệt', 63, 'P439', TRUE),
    ('LHP067', 'QS201_HK12022-2023_67', 'Chiến thuật bộ binh - Học kỳ 1 Năm học 2022-2023 - Lớp 67', 'MH021', 'QS201', 'Chiến thuật bộ binh', 'HK004', 'Học kỳ 1 Năm học 2022-2023', 'GV004', 'Dương Bảo Em', 32, 'P101', TRUE),
    ('LHP068', 'IT201_HK32024-2025_68', 'Cấu trúc dữ liệu và giải thuật - Học kỳ hè Năm học 2024-2025 - Lớp 68', 'MH003', 'IT201', 'Cấu trúc dữ liệu và giải thuật', 'HK012', 'Học kỳ hè Năm học 2024-2025', 'GV003', 'Đỗ Tuấn Nguyệt', 36, 'P495', TRUE),
    ('LHP069', 'KT201_HK12021-2022_69', 'Nguyên lý kế toán - Học kỳ 1 Năm học 2021-2022 - Lớp 69', 'MH012', 'KT201', 'Nguyên lý kế toán', 'HK001', 'Học kỳ 1 Năm học 2021-2022', 'GV019', 'Phạm Văn Xuân', 33, 'P197', TRUE),
    ('LHP070', 'QS101_HK22022-2023_70', 'Giáo dục Quốc phòng - Học kỳ 2 Năm học 2022-2023 - Lớp 70', 'MH019', 'QS101', 'Giáo dục Quốc phòng', 'HK005', 'Học kỳ 2 Năm học 2022-2023', 'GV009', 'Vũ Bảo Hạnh', 30, 'P478', TRUE),
    ('LHP071', 'KT301_HK22023-2024_71', 'Kinh tế lượng - Học kỳ 2 Năm học 2023-2024 - Lớp 71', 'MH014', 'KT301', 'Kinh tế lượng', 'HK008', 'Học kỳ 2 Năm học 2023-2024', 'GV004', 'Dương Bảo Em', 72, 'P377', TRUE),
    ('LHP072', 'KT301_HK22023-2024_72', 'Kinh tế lượng - Học kỳ 2 Năm học 2023-2024 - Lớp 72', 'MH014', 'KT301', 'Kinh tế lượng', 'HK008', 'Học kỳ 2 Năm học 2023-2024', 'GV011', 'Hồ Thanh Nguyệt', 76, 'P287', TRUE),
    ('LHP073', 'IT303_HK22023-2024_73', 'Học máy - Học kỳ 2 Năm học 2023-2024 - Lớp 73', 'MH008', 'IT303', 'Học máy', 'HK008', 'Học kỳ 2 Năm học 2023-2024', 'GV014', 'Lý Minh Hương', 73, 'P149', TRUE),
    ('LHP074', 'NN101_HK22021-2022_74', 'Tiếng Anh cơ bản - Học kỳ 2 Năm học 2021-2022 - Lớp 74', 'MH015', 'NN101', 'Tiếng Anh cơ bản', 'HK002', 'Học kỳ 2 Năm học 2021-2022', 'GV002', 'Đỗ Đức Việt', 60, 'P156', TRUE),
    ('LHP075', 'NN101_HK12021-2022_75', 'Tiếng Anh cơ bản - Học kỳ 1 Năm học 2021-2022 - Lớp 75', 'MH015', 'NN101', 'Tiếng Anh cơ bản', 'HK001', 'Học kỳ 1 Năm học 2021-2022', 'GV006', 'Đặng Thanh Phương', 41, 'P445', TRUE),
    ('LHP076', 'QS202_HK32021-2022_76', 'Kỹ thuật quân sự - Học kỳ hè Năm học 2021-2022 - Lớp 76', 'MH022', 'QS202', 'Kỹ thuật quân sự', 'HK003', 'Học kỳ hè Năm học 2021-2022', 'GV006', 'Đặng Thanh Phương', 42, 'P141', TRUE),
    ('LHP077', 'KT201_HK12021-2022_77', 'Nguyên lý kế toán - Học kỳ 1 Năm học 2021-2022 - Lớp 77', 'MH012', 'KT201', 'Nguyên lý kế toán', 'HK001', 'Học kỳ 1 Năm học 2021-2022', 'GV008', 'Dương Đức Anh', 77, 'P295', TRUE),
    ('LHP078', 'IT101_HK22025-2026_78', 'Nhập môn Công nghệ thông tin - Học kỳ 2 Năm học 2025-2026 - Lớp 78', 'MH001', 'IT101', 'Nhập môn Công nghệ thông tin', 'HK014', 'Học kỳ 2 Năm học 2025-2026', 'GV004', 'Dương Bảo Em', 58, 'P484', TRUE),
    ('LHP079', 'IT101_HK12023-2024_79', 'Nhập môn Công nghệ thông tin - Học kỳ 1 Năm học 2023-2024 - Lớp 79', 'MH001', 'IT101', 'Nhập môn Công nghệ thông tin', 'HK007', 'Học kỳ 1 Năm học 2023-2024', 'GV002', 'Đỗ Đức Việt', 52, 'P287', TRUE),
    ('LHP080', 'KT301_HK22022-2023_80', 'Kinh tế lượng - Học kỳ 2 Năm học 2022-2023 - Lớp 80', 'MH014', 'KT301', 'Kinh tế lượng', 'HK005', 'Học kỳ 2 Năm học 2022-2023', 'GV012', 'Phạm Kim Chiến', 74, 'P211', TRUE),
    ('LHP081', 'NN102_HK22024-2025_81', 'Tiếng Anh học thuật - Học kỳ 2 Năm học 2024-2025 - Lớp 81', 'MH016', 'NN102', 'Tiếng Anh học thuật', 'HK011', 'Học kỳ 2 Năm học 2024-2025', 'GV014', 'Lý Minh Hương', 72, 'P176', TRUE),
    ('LHP082', 'IT101_HK12025-2026_82', 'Nhập môn Công nghệ thông tin - Học kỳ 1 Năm học 2025-2026 - Lớp 82', 'MH001', 'IT101', 'Nhập môn Công nghệ thông tin', 'HK013', 'Học kỳ 1 Năm học 2025-2026', 'GV005', 'Lý Thanh Sơn', 68, 'P253', TRUE),
    ('LHP083', 'NN201_HK22022-2023_83', 'Tiếng Anh chuyên ngành - Học kỳ 2 Năm học 2022-2023 - Lớp 83', 'MH017', 'NN201', 'Tiếng Anh chuyên ngành', 'HK005', 'Học kỳ 2 Năm học 2022-2023', 'GV012', 'Phạm Kim Chiến', 59, 'P462', TRUE),
    ('LHP084', 'NN201_HK32025-2026_84', 'Tiếng Anh chuyên ngành - Học kỳ hè Năm học 2025-2026 - Lớp 84', 'MH017', 'NN201', 'Tiếng Anh chuyên ngành', 'HK015', 'Học kỳ hè Năm học 2025-2026', 'GV014', 'Lý Minh Hương', 69, 'P457', TRUE),
    ('LHP085', 'NN201_HK12025-2026_85', 'Tiếng Anh chuyên ngành - Học kỳ 1 Năm học 2025-2026 - Lớp 85', 'MH017', 'NN201', 'Tiếng Anh chuyên ngành', 'HK013', 'Học kỳ 1 Năm học 2025-2026', 'GV009', 'Vũ Bảo Hạnh', 45, 'P441', TRUE),
    ('LHP086', 'IT301_HK22021-2022_86', 'Phát triển ứng dụng Web - Học kỳ 2 Năm học 2021-2022 - Lớp 86', 'MH006', 'IT301', 'Phát triển ứng dụng Web', 'HK002', 'Học kỳ 2 Năm học 2021-2022', 'GV017', 'Phạm Hải Quân', 54, 'P113', TRUE),
    ('LHP087', 'KT101_HK32023-2024_87', 'Kinh tế vi mô - Học kỳ hè Năm học 2023-2024 - Lớp 87', 'MH010', 'KT101', 'Kinh tế vi mô', 'HK009', 'Học kỳ hè Năm học 2023-2024', 'GV013', 'Bùi Tuấn Hương', 34, 'P156', TRUE),
    ('LHP088', 'KT101_HK22023-2024_88', 'Kinh tế vi mô - Học kỳ 2 Năm học 2023-2024 - Lớp 88', 'MH010', 'KT101', 'Kinh tế vi mô', 'HK008', 'Học kỳ 2 Năm học 2023-2024', 'GV002', 'Đỗ Đức Việt', 70, 'P306', TRUE),
    ('LHP089', 'QS101_HK32025-2026_89', 'Giáo dục Quốc phòng - Học kỳ hè Năm học 2025-2026 - Lớp 89', 'MH019', 'QS101', 'Giáo dục Quốc phòng', 'HK015', 'Học kỳ hè Năm học 2025-2026', 'GV020', 'Phạm Quang Hoa', 54, 'P264', TRUE),
    ('LHP090', 'IT203_HK22021-2022_90', 'Mạng máy tính - Học kỳ 2 Năm học 2021-2022 - Lớp 90', 'MH005', 'IT203', 'Mạng máy tính', 'HK002', 'Học kỳ 2 Năm học 2021-2022', 'GV010', 'Lê Đức Phương', 36, 'P223', TRUE),
    ('LHP091', 'NN101_HK12025-2026_91', 'Tiếng Anh cơ bản - Học kỳ 1 Năm học 2025-2026 - Lớp 91', 'MH015', 'NN101', 'Tiếng Anh cơ bản', 'HK013', 'Học kỳ 1 Năm học 2025-2026', 'GV002', 'Đỗ Đức Việt', 51, 'P471', TRUE),
    ('LHP092', 'NN202_HK32023-2024_92', 'Tiếng Trung cơ bản - Học kỳ hè Năm học 2023-2024 - Lớp 92', 'MH018', 'NN202', 'Tiếng Trung cơ bản', 'HK009', 'Học kỳ hè Năm học 2023-2024', 'GV020', 'Phạm Quang Hoa', 51, 'P329', TRUE),
    ('LHP093', 'KT301_HK32021-2022_93', 'Kinh tế lượng - Học kỳ hè Năm học 2021-2022 - Lớp 93', 'MH014', 'KT301', 'Kinh tế lượng', 'HK003', 'Học kỳ hè Năm học 2021-2022', 'GV012', 'Phạm Kim Chiến', 57, 'P414', TRUE),
    ('LHP094', 'KT202_HK12023-2024_94', 'Tài chính doanh nghiệp - Học kỳ 1 Năm học 2023-2024 - Lớp 94', 'MH013', 'KT202', 'Tài chính doanh nghiệp', 'HK007', 'Học kỳ 1 Năm học 2023-2024', 'GV015', 'Ngô Ngọc Giang', 79, 'P440', TRUE),
    ('LHP095', 'KT201_HK32025-2026_95', 'Nguyên lý kế toán - Học kỳ hè Năm học 2025-2026 - Lớp 95', 'MH012', 'KT201', 'Nguyên lý kế toán', 'HK015', 'Học kỳ hè Năm học 2025-2026', 'GV004', 'Dương Bảo Em', 76, 'P482', TRUE),
    ('LHP096', 'KT301_HK12022-2023_96', 'Kinh tế lượng - Học kỳ 1 Năm học 2022-2023 - Lớp 96', 'MH014', 'KT301', 'Kinh tế lượng', 'HK004', 'Học kỳ 1 Năm học 2022-2023', 'GV012', 'Phạm Kim Chiến', 42, 'P441', TRUE),
    ('LHP097', 'IT303_HK22025-2026_97', 'Học máy - Học kỳ 2 Năm học 2025-2026 - Lớp 97', 'MH008', 'IT303', 'Học máy', 'HK014', 'Học kỳ 2 Năm học 2025-2026', 'GV011', 'Hồ Thanh Nguyệt', 53, 'P209', TRUE),
    ('LHP098', 'IT203_HK32024-2025_98', 'Mạng máy tính - Học kỳ hè Năm học 2024-2025 - Lớp 98', 'MH005', 'IT203', 'Mạng máy tính', 'HK012', 'Học kỳ hè Năm học 2024-2025', 'GV019', 'Phạm Văn Xuân', 41, 'P479', TRUE),
    ('LHP099', 'NN102_HK32025-2026_99', 'Tiếng Anh học thuật - Học kỳ hè Năm học 2025-2026 - Lớp 99', 'MH016', 'NN102', 'Tiếng Anh học thuật', 'HK015', 'Học kỳ hè Năm học 2025-2026', 'GV008', 'Dương Đức Anh', 52, 'P291', TRUE),
    ('LHP100', 'IT203_HK22024-2025_100', 'Mạng máy tính - Học kỳ 2 Năm học 2024-2025 - Lớp 100', 'MH005', 'IT203', 'Mạng máy tính', 'HK011', 'Học kỳ 2 Năm học 2024-2025', 'GV001', 'Lê Tuấn Hoa', 59, 'P208', TRUE),
    ('LHP101', 'IT101_HK32022-2023_101', 'Nhập môn Công nghệ thông tin - Học kỳ hè Năm học 2022-2023 - Lớp 101', 'MH001', 'IT101', 'Nhập môn Công nghệ thông tin', 'HK006', 'Học kỳ hè Năm học 2022-2023', 'GV007', 'Vũ Kim Giang', 45, 'P317', TRUE),
    ('LHP102', 'KT102_HK32022-2023_102', 'Kinh tế vĩ mô - Học kỳ hè Năm học 2022-2023 - Lớp 102', 'MH011', 'KT102', 'Kinh tế vĩ mô', 'HK006', 'Học kỳ hè Năm học 2022-2023', 'GV002', 'Đỗ Đức Việt', 58, 'P351', TRUE),
    ('LHP103', 'NN202_HK32024-2025_103', 'Tiếng Trung cơ bản - Học kỳ hè Năm học 2024-2025 - Lớp 103', 'MH018', 'NN202', 'Tiếng Trung cơ bản', 'HK012', 'Học kỳ hè Năm học 2024-2025', 'GV015', 'Ngô Ngọc Giang', 55, 'P110', TRUE),
    ('LHP104', 'IT203_HK32025-2026_104', 'Mạng máy tính - Học kỳ hè Năm học 2025-2026 - Lớp 104', 'MH005', 'IT203', 'Mạng máy tính', 'HK015', 'Học kỳ hè Năm học 2025-2026', 'GV008', 'Dương Đức Anh', 75, 'P105', TRUE),
    ('LHP105', 'NN102_HK32022-2023_105', 'Tiếng Anh học thuật - Học kỳ hè Năm học 2022-2023 - Lớp 105', 'MH016', 'NN102', 'Tiếng Anh học thuật', 'HK006', 'Học kỳ hè Năm học 2022-2023', 'GV019', 'Phạm Văn Xuân', 41, 'P259', TRUE),
    ('LHP106', 'IT102_HK12024-2025_106', 'Lập trình cơ bản - Học kỳ 1 Năm học 2024-2025 - Lớp 106', 'MH002', 'IT102', 'Lập trình cơ bản', 'HK010', 'Học kỳ 1 Năm học 2024-2025', 'GV012', 'Phạm Kim Chiến', 74, 'P250', TRUE),
    ('LHP107', 'IT304_HK32021-2022_107', 'An toàn và bảo mật thông tin - Học kỳ hè Năm học 2021-2022 - Lớp 107', 'MH009', 'IT304', 'An toàn và bảo mật thông tin', 'HK003', 'Học kỳ hè Năm học 2021-2022', 'GV006', 'Đặng Thanh Phương', 50, 'P285', TRUE),
    ('LHP108', 'QS201_HK12022-2023_108', 'Chiến thuật bộ binh - Học kỳ 1 Năm học 2022-2023 - Lớp 108', 'MH021', 'QS201', 'Chiến thuật bộ binh', 'HK004', 'Học kỳ 1 Năm học 2022-2023', 'GV006', 'Đặng Thanh Phương', 60, 'P433', TRUE),
    ('LHP109', 'QS101_HK12021-2022_109', 'Giáo dục Quốc phòng - Học kỳ 1 Năm học 2021-2022 - Lớp 109', 'MH019', 'QS101', 'Giáo dục Quốc phòng', 'HK001', 'Học kỳ 1 Năm học 2021-2022', 'GV003', 'Đỗ Tuấn Nguyệt', 68, 'P152', TRUE),
    ('LHP110', 'IT201_HK22021-2022_110', 'Cấu trúc dữ liệu và giải thuật - Học kỳ 2 Năm học 2021-2022 - Lớp 110', 'MH003', 'IT201', 'Cấu trúc dữ liệu và giải thuật', 'HK002', 'Học kỳ 2 Năm học 2021-2022', 'GV012', 'Phạm Kim Chiến', 70, 'P271', TRUE),
    ('LHP111', 'NN101_HK22025-2026_111', 'Tiếng Anh cơ bản - Học kỳ 2 Năm học 2025-2026 - Lớp 111', 'MH015', 'NN101', 'Tiếng Anh cơ bản', 'HK014', 'Học kỳ 2 Năm học 2025-2026', 'GV015', 'Ngô Ngọc Giang', 37, 'P285', TRUE),
    ('LHP112', 'KT101_HK32021-2022_112', 'Kinh tế vi mô - Học kỳ hè Năm học 2021-2022 - Lớp 112', 'MH010', 'KT101', 'Kinh tế vi mô', 'HK003', 'Học kỳ hè Năm học 2021-2022', 'GV014', 'Lý Minh Hương', 57, 'P405', TRUE),
    ('LHP113', 'IT102_HK32021-2022_113', 'Lập trình cơ bản - Học kỳ hè Năm học 2021-2022 - Lớp 113', 'MH002', 'IT102', 'Lập trình cơ bản', 'HK003', 'Học kỳ hè Năm học 2021-2022', 'GV017', 'Phạm Hải Quân', 69, 'P406', TRUE),
    ('LHP114', 'QS102_HK22021-2022_114', 'Điều lệnh Quân đội - Học kỳ 2 Năm học 2021-2022 - Lớp 114', 'MH020', 'QS102', 'Điều lệnh Quân đội', 'HK002', 'Học kỳ 2 Năm học 2021-2022', 'GV019', 'Phạm Văn Xuân', 72, 'P272', TRUE),
    ('LHP115', 'NN202_HK32022-2023_115', 'Tiếng Trung cơ bản - Học kỳ hè Năm học 2022-2023 - Lớp 115', 'MH018', 'NN202', 'Tiếng Trung cơ bản', 'HK006', 'Học kỳ hè Năm học 2022-2023', 'GV001', 'Lê Tuấn Hoa', 43, 'P164', TRUE),
    ('LHP116', 'QS202_HK22025-2026_116', 'Kỹ thuật quân sự - Học kỳ 2 Năm học 2025-2026 - Lớp 116', 'MH022', 'QS202', 'Kỹ thuật quân sự', 'HK014', 'Học kỳ 2 Năm học 2025-2026', 'GV004', 'Dương Bảo Em', 35, 'P195', TRUE),
    ('LHP117', 'KT301_HK22021-2022_117', 'Kinh tế lượng - Học kỳ 2 Năm học 2021-2022 - Lớp 117', 'MH014', 'KT301', 'Kinh tế lượng', 'HK002', 'Học kỳ 2 Năm học 2021-2022', 'GV017', 'Phạm Hải Quân', 56, 'P492', TRUE),
    ('LHP118', 'QS202_HK12025-2026_118', 'Kỹ thuật quân sự - Học kỳ 1 Năm học 2025-2026 - Lớp 118', 'MH022', 'QS202', 'Kỹ thuật quân sự', 'HK013', 'Học kỳ 1 Năm học 2025-2026', 'GV010', 'Lê Đức Phương', 74, 'P124', TRUE),
    ('LHP119', 'IT202_HK22022-2023_119', 'Cơ sở dữ liệu - Học kỳ 2 Năm học 2022-2023 - Lớp 119', 'MH004', 'IT202', 'Cơ sở dữ liệu', 'HK005', 'Học kỳ 2 Năm học 2022-2023', 'GV003', 'Đỗ Tuấn Nguyệt', 45, 'P432', TRUE),
    ('LHP120', 'QS202_HK32022-2023_120', 'Kỹ thuật quân sự - Học kỳ hè Năm học 2022-2023 - Lớp 120', 'MH022', 'QS202', 'Kỹ thuật quân sự', 'HK006', 'Học kỳ hè Năm học 2022-2023', 'GV010', 'Lê Đức Phương', 70, 'P138', TRUE);

INSERT INTO diem (id, hoc_vien_id, ma_hv, ho_ten_hv, mon_hoc_id, ma_mon, ten_mon, so_tin_chi, hoc_ky_id, ten_hoc_ky, lop_hoc_phan_id, diem_chuyen_can, diem_thuong_xuyen, diem_thi, diem_tong_ket, diem_chu, diem_he4, dat) VALUES
    (1, 'HV024', '641915', 'Phạm Phương Xuân', 'MH010', 'KT101', 'Kinh tế vi mô', 3, 'HK009', 'Học kỳ hè Năm học 2023-2024', 'LHP087', 9.5, 7.25, 7.75, 7.83, 'B', 3.0, TRUE),
    (2, 'HV025', '669836', 'Ngô Tuấn Yến', 'MH017', 'NN201', 'Tiếng Anh chuyên ngành', 3, 'HK003', 'Học kỳ hè Năm học 2021-2022', 'LHP040', 7.5, 5.75, 6.75, 6.62, 'C+', 2.5, TRUE),
    (3, 'HV034', '671591', 'Hoàng Hải Anh', 'MH015', 'NN101', 'Tiếng Anh cơ bản', 4, 'HK001', 'Học kỳ 1 Năm học 2021-2022', 'LHP054', 7.5, 8.75, 9.5, 9.15, 'A+', 4.0, TRUE),
    (4, 'HV044', '674328', 'Dương Thị Tùng', 'MH010', 'KT101', 'Kinh tế vi mô', 3, 'HK013', 'Học kỳ 1 Năm học 2025-2026', 'LHP032', 10.0, 10.0, 9.0, 9.3, 'A+', 4.0, TRUE),
    (5, 'HV016', '642135', 'Lý Minh Xuân', 'MH011', 'KT102', 'Kinh tế vĩ mô', 3, 'HK006', 'Học kỳ hè Năm học 2022-2023', 'LHP102', 9.75, 9.0, 10.0, 9.78, 'A+', 4.0, TRUE),
    (6, 'HV034', '671591', 'Hoàng Hải Anh', 'MH001', 'IT101', 'Nhập môn Công nghệ thông tin', 3, 'HK013', 'Học kỳ 1 Năm học 2025-2026', 'LHP082', 7.75, 8.5, 7.75, 7.9, 'B', 3.0, TRUE),
    (7, 'HV039', '665288', 'Phạm Bảo Sơn', 'MH012', 'KT201', 'Nguyên lý kế toán', 4, 'HK013', 'Học kỳ 1 Năm học 2025-2026', 'LHP005', 7.5, 7.5, 7.0, 7.15, 'B', 3.0, TRUE),
    (8, 'HV027', '657798', 'Lê Thị Việt', 'MH022', 'QS202', 'Kỹ thuật quân sự', 3, 'HK003', 'Học kỳ hè Năm học 2021-2022', 'LHP076', 8.5, 9.0, 7.75, 8.07, 'B+', 3.5, TRUE),
    (9, 'HV027', '657798', 'Lê Thị Việt', 'MH012', 'KT201', 'Nguyên lý kế toán', 4, 'HK015', 'Học kỳ hè Năm học 2025-2026', 'LHP095', 10.0, 7.5, 8.0, 8.1, 'B+', 3.5, TRUE),
    (10, 'HV032', '675421', 'Trần Văn Hương', 'MH019', 'QS101', 'Giáo dục Quốc phòng', 2, 'HK001', 'Học kỳ 1 Năm học 2021-2022', 'LHP109', 5.5, 7.25, 7.5, 7.25, 'B', 3.0, TRUE),
    (11, 'HV002', '634405', 'Hoàng Văn Phúc', 'MH002', 'IT102', 'Lập trình cơ bản', 4, 'HK010', 'Học kỳ 1 Năm học 2024-2025', 'LHP106', 7.0, 7.75, 7.25, 7.32, 'B', 3.0, TRUE),
    (12, 'HV003', '657855', 'Bùi Hữu Việt', 'MH002', 'IT102', 'Lập trình cơ bản', 4, 'HK015', 'Học kỳ hè Năm học 2025-2026', 'LHP057', 7.75, 7.5, 7.25, 7.35, 'B', 3.0, TRUE),
    (13, 'HV022', '675392', 'Ngô Quang Phương', 'MH014', 'KT301', 'Kinh tế lượng', 3, 'HK005', 'Học kỳ 2 Năm học 2022-2023', 'LHP080', 8.75, 9.0, 8.25, 8.45, 'B+', 3.5, TRUE),
    (14, 'HV002', '634405', 'Hoàng Văn Phúc', 'MH016', 'NN102', 'Tiếng Anh học thuật', 3, 'HK007', 'Học kỳ 1 Năm học 2023-2024', 'LHP056', 6.5, 8.25, 6.5, 6.85, 'C+', 2.5, TRUE),
    (15, 'HV024', '641915', 'Phạm Phương Xuân', 'MH012', 'KT201', 'Nguyên lý kế toán', 4, 'HK001', 'Học kỳ 1 Năm học 2021-2022', 'LHP069', 10.0, 9.75, 6.75, 7.67, 'B', 3.0, TRUE),
    (16, 'HV021', '655647', 'Nguyễn Quang Em', 'MH003', 'IT201', 'Cấu trúc dữ liệu và giải thuật', 4, 'HK012', 'Học kỳ hè Năm học 2024-2025', 'LHP068', 8.25, 7.5, 6.5, 6.88, 'C+', 2.5, TRUE),
    (17, 'HV043', '676656', 'Hoàng Tuấn Phúc', 'MH002', 'IT102', 'Lập trình cơ bản', 4, 'HK008', 'Học kỳ 2 Năm học 2023-2024', 'LHP027', 8.75, 8.75, 9.5, 9.27, 'A+', 4.0, TRUE),
    (18, 'HV002', '634405', 'Hoàng Văn Phúc', 'MH022', 'QS202', 'Kỹ thuật quân sự', 3, 'HK015', 'Học kỳ hè Năm học 2025-2026', 'LHP024', 7.75, 6.75, 6.5, 6.67, 'C+', 2.5, TRUE),
    (19, 'HV020', '647942', 'Dương Phương Giang', 'MH021', 'QS201', 'Chiến thuật bộ binh', 3, 'HK002', 'Học kỳ 2 Năm học 2021-2022', 'LHP037', 7.25, 10.0, 9.0, 9.03, 'A+', 4.0, TRUE),
    (20, 'HV016', '642135', 'Lý Minh Xuân', 'MH007', 'IT302', 'Trí tuệ nhân tạo', 3, 'HK001', 'Học kỳ 1 Năm học 2021-2022', 'LHP042', 10.0, 9.5, 9.25, 9.38, 'A+', 4.0, TRUE),
    (21, 'HV029', '641724', 'Lý Quang Giang', 'MH006', 'IT301', 'Phát triển ứng dụng Web', 3, 'HK010', 'Học kỳ 1 Năm học 2024-2025', 'LHP029', 7.5, 7.0, 8.0, 7.75, 'B', 3.0, TRUE),
    (22, 'HV031', '679202', 'Lý Quang Hạnh', 'MH020', 'QS102', 'Điều lệnh Quân đội', 2, 'HK008', 'Học kỳ 2 Năm học 2023-2024', 'LHP055', 8.75, 10.0, 8.75, 9.0, 'A+', 4.0, TRUE),
    (23, 'HV033', '643785', 'Vũ Hữu Hương', 'MH002', 'IT102', 'Lập trình cơ bản', 4, 'HK008', 'Học kỳ 2 Năm học 2023-2024', 'LHP027', 7.75, 7.75, 8.5, 8.27, 'B+', 3.5, TRUE),
    (24, 'HV002', '634405', 'Hoàng Văn Phúc', 'MH007', 'IT302', 'Trí tuệ nhân tạo', 3, 'HK001', 'Học kỳ 1 Năm học 2021-2022', 'LHP042', 6.75, 5.5, 6.5, 6.33, 'C+', 2.5, TRUE),
    (25, 'HV035', '656508', 'Lê Hải Phương', 'MH015', 'NN101', 'Tiếng Anh cơ bản', 4, 'HK013', 'Học kỳ 1 Năm học 2025-2026', 'LHP091', 9.75, 9.75, 9.25, 9.4, 'A+', 4.0, TRUE),
    (26, 'HV046', '633567', 'Đỗ Bảo Yến', 'MH001', 'IT101', 'Nhập môn Công nghệ thông tin', 3, 'HK015', 'Học kỳ hè Năm học 2025-2026', 'LHP044', 8.0, 9.25, 9.25, 9.12, 'A+', 4.0, TRUE),
    (27, 'HV012', '648673', 'Lý Hải Phương', 'MH022', 'QS202', 'Kỹ thuật quân sự', 3, 'HK008', 'Học kỳ 2 Năm học 2023-2024', 'LHP062', 7.0, 8.25, 9.0, 8.65, 'A', 4.0, TRUE),
    (28, 'HV050', '658318', 'Phạm Văn Minh', 'MH002', 'IT102', 'Lập trình cơ bản', 4, 'HK010', 'Học kỳ 1 Năm học 2024-2025', 'LHP106', 7.5, 8.25, 6.75, 7.12, 'B', 3.0, TRUE),
    (29, 'HV035', '656508', 'Lê Hải Phương', 'MH018', 'NN202', 'Tiếng Trung cơ bản', 4, 'HK009', 'Học kỳ hè Năm học 2023-2024', 'LHP092', 10.0, 10.0, 9.75, 9.82, 'A+', 4.0, TRUE),
    (30, 'HV027', '657798', 'Lê Thị Việt', 'MH014', 'KT301', 'Kinh tế lượng', 3, 'HK002', 'Học kỳ 2 Năm học 2021-2022', 'LHP117', 8.75, 8.25, 9.25, 9.0, 'A+', 4.0, TRUE),
    (31, 'HV006', '652106', 'Đỗ Thanh Yến', 'MH012', 'KT201', 'Nguyên lý kế toán', 4, 'HK003', 'Học kỳ hè Năm học 2021-2022', 'LHP022', 8.25, 6.0, 7.25, 7.1, 'B', 3.0, TRUE),
    (32, 'HV029', '641724', 'Lý Quang Giang', 'MH016', 'NN102', 'Tiếng Anh học thuật', 3, 'HK007', 'Học kỳ 1 Năm học 2023-2024', 'LHP056', 4.25, 4.25, 6.75, 6.0, 'C+', 2.5, TRUE),
    (33, 'HV032', '675421', 'Trần Văn Hương', 'MH007', 'IT302', 'Trí tuệ nhân tạo', 3, 'HK010', 'Học kỳ 1 Năm học 2024-2025', 'LHP028', 5.75, 6.75, 5.5, 5.78, 'C', 2.0, TRUE),
    (34, 'HV015', '631537', 'Nguyễn Kim Quân', 'MH002', 'IT102', 'Lập trình cơ bản', 4, 'HK010', 'Học kỳ 1 Năm học 2024-2025', 'LHP106', 9.0, 8.0, 9.25, 8.97, 'A', 4.0, TRUE),
    (35, 'HV022', '675392', 'Ngô Quang Phương', 'MH005', 'IT203', 'Mạng máy tính', 3, 'HK005', 'Học kỳ 2 Năm học 2022-2023', 'LHP047', 7.75, 8.5, 6.75, 7.2, 'B', 3.0, TRUE),
    (36, 'HV003', '657855', 'Bùi Hữu Việt', 'MH010', 'KT101', 'Kinh tế vi mô', 3, 'HK013', 'Học kỳ 1 Năm học 2025-2026', 'LHP032', 7.75, 7.0, 7.5, 7.43, 'B', 3.0, TRUE),
    (37, 'HV004', '652953', 'Lê Đức Phúc', 'MH003', 'IT201', 'Cấu trúc dữ liệu và giải thuật', 4, 'HK001', 'Học kỳ 1 Năm học 2021-2022', 'LHP035', 6.75, 7.25, 6.25, 6.5, 'C+', 2.5, TRUE),
    (38, 'HV043', '676656', 'Hoàng Tuấn Phúc', 'MH003', 'IT201', 'Cấu trúc dữ liệu và giải thuật', 4, 'HK005', 'Học kỳ 2 Năm học 2022-2023', 'LHP002', 9.25, 8.25, 9.5, 9.22, 'A+', 4.0, TRUE),
    (39, 'HV016', '642135', 'Lý Minh Xuân', 'MH001', 'IT101', 'Nhập môn Công nghệ thông tin', 3, 'HK015', 'Học kỳ hè Năm học 2025-2026', 'LHP044', 9.25, 9.5, 8.25, 8.6, 'A', 4.0, TRUE),
    (40, 'HV009', '643611', 'Vũ Phương Hoa', 'MH020', 'QS102', 'Điều lệnh Quân đội', 2, 'HK012', 'Học kỳ hè Năm học 2024-2025', 'LHP051', 7.75, 8.75, 8.5, 8.47, 'B+', 3.5, TRUE),
    (41, 'HV039', '665288', 'Phạm Bảo Sơn', 'MH013', 'KT202', 'Tài chính doanh nghiệp', 3, 'HK012', 'Học kỳ hè Năm học 2024-2025', 'LHP043', 7.5, 7.0, 5.25, 5.83, 'C', 2.0, TRUE),
    (42, 'HV013', '642525', 'Nguyễn Minh Quân', 'MH001', 'IT101', 'Nhập môn Công nghệ thông tin', 3, 'HK005', 'Học kỳ 2 Năm học 2022-2023', 'LHP007', 8.75, 7.75, 7.0, 7.32, 'B', 3.0, TRUE),
    (43, 'HV031', '679202', 'Lý Quang Hạnh', 'MH007', 'IT302', 'Trí tuệ nhân tạo', 3, 'HK010', 'Học kỳ 1 Năm học 2024-2025', 'LHP028', 10.0, 9.25, 9.0, 9.15, 'A+', 4.0, TRUE),
    (44, 'HV041', '666283', 'Trần Kim Hạnh', 'MH012', 'KT201', 'Nguyên lý kế toán', 4, 'HK015', 'Học kỳ hè Năm học 2025-2026', 'LHP095', 9.25, 8.0, 10.0, 9.53, 'A+', 4.0, TRUE),
    (45, 'HV024', '641915', 'Phạm Phương Xuân', 'MH013', 'KT202', 'Tài chính doanh nghiệp', 3, 'HK012', 'Học kỳ hè Năm học 2024-2025', 'LHP043', 9.25, 8.5, 7.5, 7.88, 'B', 3.0, TRUE),
    (46, 'HV001', '676156', 'Lê Kim Dũng', 'MH011', 'KT102', 'Kinh tế vĩ mô', 3, 'HK012', 'Học kỳ hè Năm học 2024-2025', 'LHP058', 8.5, 7.75, 10.0, 9.4, 'A+', 4.0, TRUE),
    (47, 'HV026', '658439', 'Vũ Hữu Bình', 'MH011', 'KT102', 'Kinh tế vĩ mô', 3, 'HK012', 'Học kỳ hè Năm học 2024-2025', 'LHP058', 9.5, 8.75, 10.0, 9.7, 'A+', 4.0, TRUE),
    (48, 'HV008', '645479', 'Trần Thanh Sơn', 'MH020', 'QS102', 'Điều lệnh Quân đội', 2, 'HK002', 'Học kỳ 2 Năm học 2021-2022', 'LHP114', 8.25, 8.0, 9.25, 8.9, 'A', 4.0, TRUE),
    (49, 'HV010', '645051', 'Nguyễn Phương Dũng', 'MH010', 'KT101', 'Kinh tế vi mô', 3, 'HK003', 'Học kỳ hè Năm học 2021-2022', 'LHP112', 7.25, 7.0, 8.75, 8.25, 'B+', 3.5, TRUE),
    (50, 'HV050', '658318', 'Phạm Văn Minh', 'MH007', 'IT302', 'Trí tuệ nhân tạo', 3, 'HK010', 'Học kỳ 1 Năm học 2024-2025', 'LHP028', 7.25, 6.75, 8.75, 8.2, 'B+', 3.5, TRUE),
    (51, 'HV050', '658318', 'Phạm Văn Minh', 'MH010', 'KT101', 'Kinh tế vi mô', 3, 'HK013', 'Học kỳ 1 Năm học 2025-2026', 'LHP032', 6.75, 7.5, 8.75, 8.3, 'B+', 3.5, TRUE),
    (52, 'HV032', '675421', 'Trần Văn Hương', 'MH005', 'IT203', 'Mạng máy tính', 3, 'HK005', 'Học kỳ 2 Năm học 2022-2023', 'LHP047', 6.75, 5.75, 7.5, 7.08, 'B', 3.0, TRUE),
    (53, 'HV025', '669836', 'Ngô Tuấn Yến', 'MH008', 'IT303', 'Học máy', 3, 'HK014', 'Học kỳ 2 Năm học 2025-2026', 'LHP097', 7.25, 6.75, 5.25, 5.75, 'C', 2.0, TRUE),
    (54, 'HV047', '658219', 'Đặng Hữu Yến', 'MH011', 'KT102', 'Kinh tế vĩ mô', 3, 'HK008', 'Học kỳ 2 Năm học 2023-2024', 'LHP011', 8.5, 8.75, 7.25, 7.67, 'B', 3.0, TRUE),
    (55, 'HV006', '652106', 'Đỗ Thanh Yến', 'MH003', 'IT201', 'Cấu trúc dữ liệu và giải thuật', 4, 'HK009', 'Học kỳ hè Năm học 2023-2024', 'LHP013', 8.25, 7.0, 9.0, 8.53, 'A', 4.0, TRUE),
    (56, 'HV034', '671591', 'Hoàng Hải Anh', 'MH004', 'IT202', 'Cơ sở dữ liệu', 3, 'HK005', 'Học kỳ 2 Năm học 2022-2023', 'LHP119', 9.25, 8.25, 8.25, 8.35, 'B+', 3.5, TRUE),
    (57, 'HV001', '676156', 'Lê Kim Dũng', 'MH002', 'IT102', 'Lập trình cơ bản', 4, 'HK013', 'Học kỳ 1 Năm học 2025-2026', 'LHP031', 8.25, 9.0, 8.75, 8.75, 'A', 4.0, TRUE),
    (58, 'HV031', '679202', 'Lý Quang Hạnh', 'MH005', 'IT203', 'Mạng máy tính', 3, 'HK012', 'Học kỳ hè Năm học 2024-2025', 'LHP098', 10.0, 10.0, 9.75, 9.82, 'A+', 4.0, TRUE),
    (59, 'HV026', '658439', 'Vũ Hữu Bình', 'MH003', 'IT201', 'Cấu trúc dữ liệu và giải thuật', 4, 'HK012', 'Học kỳ hè Năm học 2024-2025', 'LHP068', 10.0, 8.75, 9.0, 9.05, 'A+', 4.0, TRUE),
    (60, 'HV037', '665362', 'Dương Đức Hương', 'MH001', 'IT101', 'Nhập môn Công nghệ thông tin', 3, 'HK005', 'Học kỳ 2 Năm học 2022-2023', 'LHP007', 9.25, 9.0, 9.5, 9.38, 'A+', 4.0, TRUE),
    (61, 'HV017', '643692', 'Trần Kim Linh', 'MH007', 'IT302', 'Trí tuệ nhân tạo', 3, 'HK010', 'Học kỳ 1 Năm học 2024-2025', 'LHP028', 9.75, 8.75, 7.25, 7.8, 'B', 3.0, TRUE),
    (62, 'HV018', '639962', 'Lê Tuấn Quân', 'MH010', 'KT101', 'Kinh tế vi mô', 3, 'HK009', 'Học kỳ hè Năm học 2023-2024', 'LHP087', 6.0, 7.0, 7.0, 6.9, 'C+', 2.5, TRUE),
    (63, 'HV047', '658219', 'Đặng Hữu Yến', 'MH021', 'QS201', 'Chiến thuật bộ binh', 3, 'HK004', 'Học kỳ 1 Năm học 2022-2023', 'LHP108', 8.0, 8.5, 7.0, 7.4, 'B', 3.0, TRUE),
    (64, 'HV007', '651610', 'Lê Văn Nguyệt', 'MH013', 'KT202', 'Tài chính doanh nghiệp', 3, 'HK007', 'Học kỳ 1 Năm học 2023-2024', 'LHP094', 6.0, 7.0, 7.0, 6.9, 'C+', 2.5, TRUE),
    (65, 'HV025', '669836', 'Ngô Tuấn Yến', 'MH022', 'QS202', 'Kỹ thuật quân sự', 3, 'HK012', 'Học kỳ hè Năm học 2024-2025', 'LHP006', 4.75, 6.25, 6.75, 6.45, 'C+', 2.5, TRUE),
    (66, 'HV024', '641915', 'Phạm Phương Xuân', 'MH016', 'NN102', 'Tiếng Anh học thuật', 3, 'HK007', 'Học kỳ 1 Năm học 2023-2024', 'LHP056', 9.75, 8.0, 8.0, 8.18, 'B+', 3.5, TRUE),
    (67, 'HV019', '653162', 'Phạm Văn Hạnh', 'MH018', 'NN202', 'Tiếng Trung cơ bản', 4, 'HK006', 'Học kỳ hè Năm học 2022-2023', 'LHP115', 7.5, 9.25, 9.75, 9.42, 'A+', 4.0, TRUE),
    (68, 'HV047', '658219', 'Đặng Hữu Yến', 'MH012', 'KT201', 'Nguyên lý kế toán', 4, 'HK015', 'Học kỳ hè Năm học 2025-2026', 'LHP095', 7.75, 8.75, 9.25, 9.0, 'A+', 4.0, TRUE),
    (69, 'HV029', '641724', 'Lý Quang Giang', 'MH007', 'IT302', 'Trí tuệ nhân tạo', 3, 'HK010', 'Học kỳ 1 Năm học 2024-2025', 'LHP028', 8.0, 6.5, 9.25, 8.57, 'A', 4.0, TRUE),
    (70, 'HV015', '631537', 'Nguyễn Kim Quân', 'MH012', 'KT201', 'Nguyên lý kế toán', 4, 'HK008', 'Học kỳ 2 Năm học 2023-2024', 'LHP064', 10.0, 9.5, 9.75, 9.72, 'A+', 4.0, TRUE),
    (71, 'HV026', '658439', 'Vũ Hữu Bình', 'MH012', 'KT201', 'Nguyên lý kế toán', 4, 'HK001', 'Học kỳ 1 Năm học 2021-2022', 'LHP069', 9.5, 10.0, 10.0, 9.95, 'A+', 4.0, TRUE),
    (72, 'HV029', '641724', 'Lý Quang Giang', 'MH003', 'IT201', 'Cấu trúc dữ liệu và giải thuật', 4, 'HK009', 'Học kỳ hè Năm học 2023-2024', 'LHP013', 7.25, 7.25, 8.0, 7.78, 'B', 3.0, TRUE),
    (73, 'HV050', '658318', 'Phạm Văn Minh', 'MH022', 'QS202', 'Kỹ thuật quân sự', 3, 'HK014', 'Học kỳ 2 Năm học 2025-2026', 'LHP066', 7.0, 7.0, 6.5, 6.65, 'C+', 2.5, TRUE),
    (74, 'HV005', '678070', 'Nguyễn Hải Hương', 'MH013', 'KT202', 'Tài chính doanh nghiệp', 3, 'HK005', 'Học kỳ 2 Năm học 2022-2023', 'LHP048', 8.25, 7.5, 7.5, 7.58, 'B', 3.0, TRUE),
    (75, 'HV018', '639962', 'Lê Tuấn Quân', 'MH006', 'IT301', 'Phát triển ứng dụng Web', 3, 'HK002', 'Học kỳ 2 Năm học 2021-2022', 'LHP086', 6.25, 6.0, 6.75, 6.55, 'C+', 2.5, TRUE),
    (76, 'HV017', '643692', 'Trần Kim Linh', 'MH008', 'IT303', 'Học máy', 3, 'HK014', 'Học kỳ 2 Năm học 2025-2026', 'LHP097', 8.0, 8.75, 9.0, 8.85, 'A', 4.0, TRUE),
    (77, 'HV030', '632151', 'Bùi Bảo Xuân', 'MH022', 'QS202', 'Kỹ thuật quân sự', 3, 'HK015', 'Học kỳ hè Năm học 2025-2026', 'LHP020', 7.75, 8.25, 7.0, 7.32, 'B', 3.0, TRUE),
    (78, 'HV011', '674738', 'Lý Minh Linh', 'MH012', 'KT201', 'Nguyên lý kế toán', 4, 'HK008', 'Học kỳ 2 Năm học 2023-2024', 'LHP064', 7.0, 7.0, 7.5, 7.35, 'B', 3.0, TRUE),
    (79, 'HV041', '666283', 'Trần Kim Hạnh', 'MH002', 'IT102', 'Lập trình cơ bản', 4, 'HK014', 'Học kỳ 2 Năm học 2025-2026', 'LHP045', 9.25, 8.0, 7.75, 7.95, 'B', 3.0, TRUE),
    (80, 'HV042', '649420', 'Vũ Kim Xuân', 'MH001', 'IT101', 'Nhập môn Công nghệ thông tin', 3, 'HK013', 'Học kỳ 1 Năm học 2025-2026', 'LHP082', 6.75, 6.25, 6.5, 6.47, 'C+', 2.5, TRUE),
    (81, 'HV049', '638542', 'Hồ Hữu Giang', 'MH016', 'NN102', 'Tiếng Anh học thuật', 3, 'HK006', 'Học kỳ hè Năm học 2022-2023', 'LHP105', 7.25, 8.5, 8.5, 8.38, 'B+', 3.5, TRUE),
    (82, 'HV011', '674738', 'Lý Minh Linh', 'MH017', 'NN201', 'Tiếng Anh chuyên ngành', 3, 'HK014', 'Học kỳ 2 Năm học 2025-2026', 'LHP004', 7.75, 8.5, 6.5, 7.03, 'B', 3.0, TRUE),
    (83, 'HV008', '645479', 'Trần Thanh Sơn', 'MH022', 'QS202', 'Kỹ thuật quân sự', 3, 'HK013', 'Học kỳ 1 Năm học 2025-2026', 'LHP118', 9.5, 8.5, 8.25, 8.43, 'B+', 3.5, TRUE),
    (84, 'HV005', '678070', 'Nguyễn Hải Hương', 'MH018', 'NN202', 'Tiếng Trung cơ bản', 4, 'HK009', 'Học kỳ hè Năm học 2023-2024', 'LHP092', 6.75, 7.25, 9.25, 8.6, 'A', 4.0, TRUE),
    (85, 'HV017', '643692', 'Trần Kim Linh', 'MH012', 'KT201', 'Nguyên lý kế toán', 4, 'HK001', 'Học kỳ 1 Năm học 2021-2022', 'LHP077', 8.75, 9.0, 8.0, 8.27, 'B+', 3.5, TRUE),
    (86, 'HV017', '643692', 'Trần Kim Linh', 'MH006', 'IT301', 'Phát triển ứng dụng Web', 3, 'HK002', 'Học kỳ 2 Năm học 2021-2022', 'LHP086', 9.0, 9.5, 8.0, 8.4, 'B+', 3.5, TRUE),
    (87, 'HV049', '638542', 'Hồ Hữu Giang', 'MH012', 'KT201', 'Nguyên lý kế toán', 4, 'HK001', 'Học kỳ 1 Năm học 2021-2022', 'LHP077', 7.25, 7.75, 9.0, 8.57, 'A', 4.0, TRUE),
    (88, 'HV047', '658219', 'Đặng Hữu Yến', 'MH014', 'KT301', 'Kinh tế lượng', 3, 'HK005', 'Học kỳ 2 Năm học 2022-2023', 'LHP080', 6.75, 8.25, 8.0, 7.92, 'B', 3.0, TRUE),
    (89, 'HV019', '653162', 'Phạm Văn Hạnh', 'MH007', 'IT302', 'Trí tuệ nhân tạo', 3, 'HK014', 'Học kỳ 2 Năm học 2025-2026', 'LHP049', 8.75, 9.25, 9.25, 9.2, 'A+', 4.0, TRUE),
    (90, 'HV022', '675392', 'Ngô Quang Phương', 'MH001', 'IT101', 'Nhập môn Công nghệ thông tin', 3, 'HK006', 'Học kỳ hè Năm học 2022-2023', 'LHP101', 6.75, 9.0, 8.25, 8.25, 'B+', 3.5, TRUE),
    (91, 'HV001', '676156', 'Lê Kim Dũng', 'MH015', 'NN101', 'Tiếng Anh cơ bản', 4, 'HK013', 'Học kỳ 1 Năm học 2025-2026', 'LHP091', 9.25, 10.0, 9.0, 9.22, 'A+', 4.0, TRUE),
    (92, 'HV013', '642525', 'Nguyễn Minh Quân', 'MH005', 'IT203', 'Mạng máy tính', 3, 'HK002', 'Học kỳ 2 Năm học 2021-2022', 'LHP090', 6.0, 9.25, 7.5, 7.7, 'B', 3.0, TRUE),
    (93, 'HV025', '669836', 'Ngô Tuấn Yến', 'MH005', 'IT203', 'Mạng máy tính', 3, 'HK012', 'Học kỳ hè Năm học 2024-2025', 'LHP098', 6.0, 7.5, 5.75, 6.12, 'C+', 2.5, TRUE),
    (94, 'HV028', '667779', 'Trần Thanh Hạnh', 'MH016', 'NN102', 'Tiếng Anh học thuật', 3, 'HK006', 'Học kỳ hè Năm học 2022-2023', 'LHP105', 8.75, 9.75, 8.0, 8.43, 'B+', 3.5, TRUE),
    (95, 'HV038', '645515', 'Ngô Tuấn Em', 'MH006', 'IT301', 'Phát triển ứng dụng Web', 3, 'HK010', 'Học kỳ 1 Năm học 2024-2025', 'LHP029', 9.25, 8.0, 7.5, 7.78, 'B', 3.0, TRUE),
    (96, 'HV043', '676656', 'Hoàng Tuấn Phúc', 'MH017', 'NN201', 'Tiếng Anh chuyên ngành', 3, 'HK015', 'Học kỳ hè Năm học 2025-2026', 'LHP084', 8.5, 8.5, 8.75, 8.68, 'A', 4.0, TRUE),
    (97, 'HV032', '675421', 'Trần Văn Hương', 'MH004', 'IT202', 'Cơ sở dữ liệu', 3, 'HK001', 'Học kỳ 1 Năm học 2021-2022', 'LHP036', 7.5, 7.5, 4.5, 5.4, 'D+', 1.5, TRUE),
    (98, 'HV035', '656508', 'Lê Hải Phương', 'MH022', 'QS202', 'Kỹ thuật quân sự', 3, 'HK003', 'Học kỳ hè Năm học 2021-2022', 'LHP076', 9.75, 10.0, 9.5, 9.62, 'A+', 4.0, TRUE),
    (99, 'HV023', '678860', 'Bùi Quang Nguyệt', 'MH005', 'IT203', 'Mạng máy tính', 3, 'HK002', 'Học kỳ 2 Năm học 2021-2022', 'LHP090', 8.75, 8.75, 7.5, 7.88, 'B', 3.0, TRUE),
    (100, 'HV003', '657855', 'Bùi Hữu Việt', 'MH001', 'IT101', 'Nhập môn Công nghệ thông tin', 3, 'HK013', 'Học kỳ 1 Năm học 2025-2026', 'LHP082', 7.0, 9.5, 7.5, 7.85, 'B', 3.0, TRUE),
    (101, 'HV027', '657798', 'Lê Thị Việt', 'MH016', 'NN102', 'Tiếng Anh học thuật', 3, 'HK006', 'Học kỳ hè Năm học 2022-2023', 'LHP105', 7.5, 7.5, 10.0, 9.25, 'A+', 4.0, TRUE),
    (102, 'HV021', '655647', 'Nguyễn Quang Em', 'MH022', 'QS202', 'Kỹ thuật quân sự', 3, 'HK011', 'Học kỳ 2 Năm học 2024-2025', 'LHP009', 7.25, 7.75, 6.25, 6.65, 'C+', 2.5, TRUE),
    (103, 'HV009', '643611', 'Vũ Phương Hoa', 'MH012', 'KT201', 'Nguyên lý kế toán', 4, 'HK010', 'Học kỳ 1 Năm học 2024-2025', 'LHP026', 8.25, 7.0, 6.75, 6.95, 'C+', 2.5, TRUE),
    (104, 'HV002', '634405', 'Hoàng Văn Phúc', 'MH011', 'KT102', 'Kinh tế vĩ mô', 3, 'HK006', 'Học kỳ hè Năm học 2022-2023', 'LHP102', 6.0, 7.5, 6.25, 6.47, 'C+', 2.5, TRUE),
    (105, 'HV038', '645515', 'Ngô Tuấn Em', 'MH011', 'KT102', 'Kinh tế vĩ mô', 3, 'HK012', 'Học kỳ hè Năm học 2024-2025', 'LHP058', 7.5, 7.0, 5.75, 6.17, 'C+', 2.5, TRUE),
    (106, 'HV010', '645051', 'Nguyễn Phương Dũng', 'MH001', 'IT101', 'Nhập môn Công nghệ thông tin', 3, 'HK007', 'Học kỳ 1 Năm học 2023-2024', 'LHP079', 8.0, 9.0, 8.25, 8.38, 'B+', 3.5, TRUE),
    (107, 'HV029', '641724', 'Lý Quang Giang', 'MH017', 'NN201', 'Tiếng Anh chuyên ngành', 3, 'HK005', 'Học kỳ 2 Năm học 2022-2023', 'LHP083', 7.25, 4.5, 6.75, 6.35, 'C+', 2.5, TRUE),
    (108, 'HV024', '641915', 'Phạm Phương Xuân', 'MH017', 'NN201', 'Tiếng Anh chuyên ngành', 3, 'HK005', 'Học kỳ 2 Năm học 2022-2023', 'LHP083', 8.75, 8.75, 8.5, 8.57, 'A', 4.0, TRUE),
    (109, 'HV028', '667779', 'Trần Thanh Hạnh', 'MH022', 'QS202', 'Kỹ thuật quân sự', 3, 'HK014', 'Học kỳ 2 Năm học 2025-2026', 'LHP066', 7.75, 9.5, 9.0, 8.97, 'A', 4.0, TRUE),
    (110, 'HV018', '639962', 'Lê Tuấn Quân', 'MH002', 'IT102', 'Lập trình cơ bản', 4, 'HK014', 'Học kỳ 2 Năm học 2025-2026', 'LHP045', 6.75, 7.0, 6.0, 6.27, 'C+', 2.5, TRUE),
    (111, 'HV045', '633511', 'Bùi Ngọc Xuân', 'MH011', 'KT102', 'Kinh tế vĩ mô', 3, 'HK006', 'Học kỳ hè Năm học 2022-2023', 'LHP102', 7.5, 8.25, 3.5, 4.85, 'D', 1.0, FALSE),
    (112, 'HV041', '666283', 'Trần Kim Hạnh', 'MH017', 'NN201', 'Tiếng Anh chuyên ngành', 3, 'HK013', 'Học kỳ 1 Năm học 2025-2026', 'LHP085', 8.75, 7.75, 8.25, 8.2, 'B+', 3.5, TRUE),
    (113, 'HV002', '634405', 'Hoàng Văn Phúc', 'MH001', 'IT101', 'Nhập môn Công nghệ thông tin', 3, 'HK014', 'Học kỳ 2 Năm học 2025-2026', 'LHP078', 7.75, 6.5, 7.5, 7.33, 'B', 3.0, TRUE),
    (114, 'HV015', '631537', 'Nguyễn Kim Quân', 'MH016', 'NN102', 'Tiếng Anh học thuật', 3, 'HK006', 'Học kỳ hè Năm học 2022-2023', 'LHP105', 9.75, 10.0, 10.0, 9.97, 'A+', 4.0, TRUE),
    (115, 'HV033', '643785', 'Vũ Hữu Hương', 'MH019', 'QS101', 'Giáo dục Quốc phòng', 2, 'HK005', 'Học kỳ 2 Năm học 2022-2023', 'LHP070', 9.25, 7.75, 7.75, 7.9, 'B', 3.0, TRUE),
    (116, 'HV015', '631537', 'Nguyễn Kim Quân', 'MH011', 'KT102', 'Kinh tế vĩ mô', 3, 'HK006', 'Học kỳ hè Năm học 2022-2023', 'LHP102', 9.75, 10.0, 9.75, 9.8, 'A+', 4.0, TRUE),
    (117, 'HV036', '638647', 'Lý Thị Tùng', 'MH006', 'IT301', 'Phát triển ứng dụng Web', 3, 'HK010', 'Học kỳ 1 Năm học 2024-2025', 'LHP029', 8.0, 9.0, 8.75, 8.72, 'A', 4.0, TRUE),
    (118, 'HV045', '633511', 'Bùi Ngọc Xuân', 'MH002', 'IT102', 'Lập trình cơ bản', 4, 'HK003', 'Học kỳ hè Năm học 2021-2022', 'LHP113', 6.25, 5.5, 7.0, 6.62, 'C+', 2.5, TRUE),
    (119, 'HV036', '638647', 'Lý Thị Tùng', 'MH016', 'NN102', 'Tiếng Anh học thuật', 3, 'HK015', 'Học kỳ hè Năm học 2025-2026', 'LHP099', 8.0, 7.75, 7.25, 7.42, 'B', 3.0, TRUE),
    (120, 'HV040', '633301', 'Vũ Thị Phương', 'MH016', 'NN102', 'Tiếng Anh học thuật', 3, 'HK015', 'Học kỳ hè Năm học 2025-2026', 'LHP099', 10.0, 9.25, 7.75, 8.28, 'B+', 3.5, TRUE),
    (121, 'HV037', '665362', 'Dương Đức Hương', 'MH014', 'KT301', 'Kinh tế lượng', 3, 'HK004', 'Học kỳ 1 Năm học 2022-2023', 'LHP096', 9.5, 9.5, 9.0, 9.15, 'A+', 4.0, TRUE),
    (122, 'HV013', '642525', 'Nguyễn Minh Quân', 'MH017', 'NN201', 'Tiếng Anh chuyên ngành', 3, 'HK014', 'Học kỳ 2 Năm học 2025-2026', 'LHP004', 7.5, 8.5, 6.75, 7.17, 'B', 3.0, TRUE),
    (123, 'HV018', '639962', 'Lê Tuấn Quân', 'MH019', 'QS101', 'Giáo dục Quốc phòng', 2, 'HK001', 'Học kỳ 1 Năm học 2021-2022', 'LHP109', 8.0, 8.25, 5.25, 6.12, 'C+', 2.5, TRUE),
    (124, 'HV014', '658860', 'Bùi Kim Linh', 'MH021', 'QS201', 'Chiến thuật bộ binh', 3, 'HK004', 'Học kỳ 1 Năm học 2022-2023', 'LHP108', 7.5, 9.25, 9.0, 8.9, 'A', 4.0, TRUE),
    (125, 'HV008', '645479', 'Trần Thanh Sơn', 'MH004', 'IT202', 'Cơ sở dữ liệu', 3, 'HK001', 'Học kỳ 1 Năm học 2021-2022', 'LHP036', 8.5, 7.5, 8.75, 8.47, 'B+', 3.5, TRUE),
    (126, 'HV036', '638647', 'Lý Thị Tùng', 'MH012', 'KT201', 'Nguyên lý kế toán', 4, 'HK013', 'Học kỳ 1 Năm học 2025-2026', 'LHP005', 7.5, 6.75, 9.0, 8.4, 'B+', 3.5, TRUE),
    (127, 'HV006', '652106', 'Đỗ Thanh Yến', 'MH022', 'QS202', 'Kỹ thuật quân sự', 3, 'HK014', 'Học kỳ 2 Năm học 2025-2026', 'LHP116', 8.25, 7.0, 8.75, 8.35, 'B+', 3.5, TRUE),
    (128, 'HV040', '633301', 'Vũ Thị Phương', 'MH022', 'QS202', 'Kỹ thuật quân sự', 3, 'HK014', 'Học kỳ 2 Năm học 2025-2026', 'LHP116', 8.0, 8.0, 8.75, 8.53, 'A', 4.0, TRUE),
    (129, 'HV030', '632151', 'Bùi Bảo Xuân', 'MH002', 'IT102', 'Lập trình cơ bản', 4, 'HK003', 'Học kỳ hè Năm học 2021-2022', 'LHP113', 9.5, 7.25, 9.25, 8.88, 'A', 4.0, TRUE),
    (130, 'HV009', '643611', 'Vũ Phương Hoa', 'MH002', 'IT102', 'Lập trình cơ bản', 4, 'HK013', 'Học kỳ 1 Năm học 2025-2026', 'LHP031', 6.75, 7.75, 7.75, 7.65, 'B', 3.0, TRUE),
    (131, 'HV040', '633301', 'Vũ Thị Phương', 'MH006', 'IT301', 'Phát triển ứng dụng Web', 3, 'HK008', 'Học kỳ 2 Năm học 2023-2024', 'LHP041', 9.0, 8.25, 8.5, 8.5, 'A', 4.0, TRUE),
    (132, 'HV040', '633301', 'Vũ Thị Phương', 'MH014', 'KT301', 'Kinh tế lượng', 3, 'HK004', 'Học kỳ 1 Năm học 2022-2023', 'LHP096', 7.5, 8.5, 9.25, 8.93, 'A', 4.0, TRUE),
    (133, 'HV050', '658318', 'Phạm Văn Minh', 'MH009', 'IT304', 'An toàn và bảo mật thông tin', 3, 'HK003', 'Học kỳ hè Năm học 2021-2022', 'LHP107', 7.0, 8.25, 6.75, 7.07, 'B', 3.0, TRUE),
    (134, 'HV031', '679202', 'Lý Quang Hạnh', 'MH003', 'IT201', 'Cấu trúc dữ liệu và giải thuật', 4, 'HK012', 'Học kỳ hè Năm học 2024-2025', 'LHP068', 8.25, 9.25, 10.0, 9.68, 'A+', 4.0, TRUE),
    (135, 'HV044', '674328', 'Dương Thị Tùng', 'MH006', 'IT301', 'Phát triển ứng dụng Web', 3, 'HK008', 'Học kỳ 2 Năm học 2023-2024', 'LHP041', 10.0, 8.0, 10.0, 9.6, 'A+', 4.0, TRUE),
    (136, 'HV031', '679202', 'Lý Quang Hạnh', 'MH002', 'IT102', 'Lập trình cơ bản', 4, 'HK010', 'Học kỳ 1 Năm học 2024-2025', 'LHP106', 9.75, 9.5, 8.75, 9.0, 'A+', 4.0, TRUE),
    (137, 'HV018', '639962', 'Lê Tuấn Quân', 'MH020', 'QS102', 'Điều lệnh Quân đội', 2, 'HK012', 'Học kỳ hè Năm học 2024-2025', 'LHP051', 6.25, 6.0, 6.25, 6.2, 'C+', 2.5, TRUE),
    (138, 'HV006', '652106', 'Đỗ Thanh Yến', 'MH018', 'NN202', 'Tiếng Trung cơ bản', 4, 'HK012', 'Học kỳ hè Năm học 2024-2025', 'LHP103', 10.0, 9.25, 7.0, 7.75, 'B', 3.0, TRUE),
    (139, 'HV019', '653162', 'Phạm Văn Hạnh', 'MH010', 'KT101', 'Kinh tế vi mô', 3, 'HK008', 'Học kỳ 2 Năm học 2023-2024', 'LHP088', 9.25, 9.0, 9.25, 9.2, 'A+', 4.0, TRUE),
    (140, 'HV040', '633301', 'Vũ Thị Phương', 'MH002', 'IT102', 'Lập trình cơ bản', 4, 'HK010', 'Học kỳ 1 Năm học 2024-2025', 'LHP106', 8.5, 8.75, 8.5, 8.55, 'A', 4.0, TRUE),
    (141, 'HV035', '656508', 'Lê Hải Phương', 'MH021', 'QS201', 'Chiến thuật bộ binh', 3, 'HK007', 'Học kỳ 1 Năm học 2023-2024', 'LHP016', 10.0, 9.75, 10.0, 9.95, 'A+', 4.0, TRUE),
    (142, 'HV020', '647942', 'Dương Phương Giang', 'MH012', 'KT201', 'Nguyên lý kế toán', 4, 'HK010', 'Học kỳ 1 Năm học 2024-2025', 'LHP023', 9.25, 9.25, 9.25, 9.25, 'A+', 4.0, TRUE),
    (143, 'HV007', '651610', 'Lê Văn Nguyệt', 'MH011', 'KT102', 'Kinh tế vĩ mô', 3, 'HK012', 'Học kỳ hè Năm học 2024-2025', 'LHP058', 6.0, 7.5, 5.25, 5.78, 'C', 2.0, TRUE),
    (144, 'HV005', '678070', 'Nguyễn Hải Hương', 'MH022', 'QS202', 'Kỹ thuật quân sự', 3, 'HK013', 'Học kỳ 1 Năm học 2025-2026', 'LHP118', 7.75, 6.75, 7.5, 7.38, 'B', 3.0, TRUE),
    (145, 'HV030', '632151', 'Bùi Bảo Xuân', 'MH014', 'KT301', 'Kinh tế lượng', 3, 'HK008', 'Học kỳ 2 Năm học 2023-2024', 'LHP061', 7.5, 8.0, 7.75, 7.78, 'B', 3.0, TRUE),
    (146, 'HV012', '648673', 'Lý Hải Phương', 'MH001', 'IT101', 'Nhập môn Công nghệ thông tin', 3, 'HK008', 'Học kỳ 2 Năm học 2023-2024', 'LHP025', 9.25, 7.0, 7.0, 7.22, 'B', 3.0, TRUE),
    (147, 'HV018', '639962', 'Lê Tuấn Quân', 'MH014', 'KT301', 'Kinh tế lượng', 3, 'HK005', 'Học kỳ 2 Năm học 2022-2023', 'LHP080', 6.25, 7.0, 6.25, 6.4, 'C+', 2.5, TRUE),
    (148, 'HV040', '633301', 'Vũ Thị Phương', 'MH020', 'QS102', 'Điều lệnh Quân đội', 2, 'HK002', 'Học kỳ 2 Năm học 2021-2022', 'LHP114', 10.0, 8.0, 7.5, 7.85, 'B', 3.0, TRUE),
    (149, 'HV009', '643611', 'Vũ Phương Hoa', 'MH006', 'IT301', 'Phát triển ứng dụng Web', 3, 'HK010', 'Học kỳ 1 Năm học 2024-2025', 'LHP029', 8.0, 7.75, 6.0, 6.55, 'C+', 2.5, TRUE),
    (150, 'HV038', '645515', 'Ngô Tuấn Em', 'MH018', 'NN202', 'Tiếng Trung cơ bản', 4, 'HK012', 'Học kỳ hè Năm học 2024-2025', 'LHP103', 8.25, 8.75, 8.25, 8.35, 'B+', 3.5, TRUE),
    (151, 'HV004', '652953', 'Lê Đức Phúc', 'MH017', 'NN201', 'Tiếng Anh chuyên ngành', 3, 'HK015', 'Học kỳ hè Năm học 2025-2026', 'LHP084', 6.5, 6.5, 6.25, 6.33, 'C+', 2.5, TRUE),
    (152, 'HV030', '632151', 'Bùi Bảo Xuân', 'MH016', 'NN102', 'Tiếng Anh học thuật', 3, 'HK007', 'Học kỳ 1 Năm học 2023-2024', 'LHP056', 8.75, 7.75, 9.5, 9.07, 'A+', 4.0, TRUE),
    (153, 'HV025', '669836', 'Ngô Tuấn Yến', 'MH014', 'KT301', 'Kinh tế lượng', 3, 'HK004', 'Học kỳ 1 Năm học 2022-2023', 'LHP096', 5.0, 6.75, 5.5, 5.7, 'C', 2.0, TRUE),
    (154, 'HV003', '657855', 'Bùi Hữu Việt', 'MH022', 'QS202', 'Kỹ thuật quân sự', 3, 'HK015', 'Học kỳ hè Năm học 2025-2026', 'LHP024', 8.75, 8.25, 7.75, 7.95, 'B', 3.0, TRUE),
    (155, 'HV021', '655647', 'Nguyễn Quang Em', 'MH009', 'IT304', 'An toàn và bảo mật thông tin', 3, 'HK003', 'Học kỳ hè Năm học 2021-2022', 'LHP107', 7.5, 8.0, 7.75, 7.78, 'B', 3.0, TRUE),
    (156, 'HV001', '676156', 'Lê Kim Dũng', 'MH020', 'QS102', 'Điều lệnh Quân đội', 2, 'HK012', 'Học kỳ hè Năm học 2024-2025', 'LHP051', 8.5, 9.75, 8.75, 8.93, 'A', 4.0, TRUE),
    (157, 'HV022', '675392', 'Ngô Quang Phương', 'MH021', 'QS201', 'Chiến thuật bộ binh', 3, 'HK004', 'Học kỳ 1 Năm học 2022-2023', 'LHP067', 8.25, 8.0, 8.75, 8.55, 'A', 4.0, TRUE),
    (158, 'HV045', '633511', 'Bùi Ngọc Xuân', 'MH013', 'KT202', 'Tài chính doanh nghiệp', 3, 'HK005', 'Học kỳ 2 Năm học 2022-2023', 'LHP048', 5.5, 8.75, 7.75, 7.72, 'B', 3.0, TRUE),
    (159, 'HV024', '641915', 'Phạm Phương Xuân', 'MH021', 'QS201', 'Chiến thuật bộ binh', 3, 'HK014', 'Học kỳ 2 Năm học 2025-2026', 'LHP012', 8.5, 8.5, 9.25, 9.03, 'A+', 4.0, TRUE),
    (160, 'HV034', '671591', 'Hoàng Hải Anh', 'MH022', 'QS202', 'Kỹ thuật quân sự', 3, 'HK006', 'Học kỳ hè Năm học 2022-2023', 'LHP120', 8.5, 7.5, 9.0, 8.65, 'A', 4.0, TRUE),
    (161, 'HV041', '666283', 'Trần Kim Hạnh', 'MH010', 'KT101', 'Kinh tế vi mô', 3, 'HK015', 'Học kỳ hè Năm học 2025-2026', 'LHP060', 7.0, 8.5, 8.75, 8.53, 'A', 4.0, TRUE),
    (162, 'HV008', '645479', 'Trần Thanh Sơn', 'MH006', 'IT301', 'Phát triển ứng dụng Web', 3, 'HK002', 'Học kỳ 2 Năm học 2021-2022', 'LHP086', 7.75, 7.75, 9.0, 8.62, 'A', 4.0, TRUE),
    (163, 'HV001', '676156', 'Lê Kim Dũng', 'MH006', 'IT301', 'Phát triển ứng dụng Web', 3, 'HK010', 'Học kỳ 1 Năm học 2024-2025', 'LHP029', 7.75, 9.0, 8.0, 8.18, 'B+', 3.5, TRUE),
    (164, 'HV001', '676156', 'Lê Kim Dũng', 'MH003', 'IT201', 'Cấu trúc dữ liệu và giải thuật', 4, 'HK005', 'Học kỳ 2 Năm học 2022-2023', 'LHP002', 8.5, 8.5, 9.0, 8.85, 'A', 4.0, TRUE),
    (165, 'HV012', '648673', 'Lý Hải Phương', 'MH002', 'IT102', 'Lập trình cơ bản', 4, 'HK014', 'Học kỳ 2 Năm học 2025-2026', 'LHP045', 8.25, 8.5, 7.75, 7.95, 'B', 3.0, TRUE),
    (166, 'HV003', '657855', 'Bùi Hữu Việt', 'MH007', 'IT302', 'Trí tuệ nhân tạo', 3, 'HK010', 'Học kỳ 1 Năm học 2024-2025', 'LHP028', 9.25, 8.0, 9.5, 9.18, 'A+', 4.0, TRUE),
    (167, 'HV001', '676156', 'Lê Kim Dũng', 'MH021', 'QS201', 'Chiến thuật bộ binh', 3, 'HK007', 'Học kỳ 1 Năm học 2023-2024', 'LHP016', 8.0, 8.0, 9.0, 8.7, 'A', 4.0, TRUE),
    (168, 'HV019', '653162', 'Phạm Văn Hạnh', 'MH022', 'QS202', 'Kỹ thuật quân sự', 3, 'HK015', 'Học kỳ hè Năm học 2025-2026', 'LHP024', 6.75, 8.0, 8.0, 7.88, 'B', 3.0, TRUE),
    (169, 'HV049', '638542', 'Hồ Hữu Giang', 'MH002', 'IT102', 'Lập trình cơ bản', 4, 'HK008', 'Học kỳ 2 Năm học 2023-2024', 'LHP027', 8.25, 8.25, 7.75, 7.9, 'B', 3.0, TRUE),
    (170, 'HV033', '643785', 'Vũ Hữu Hương', 'MH006', 'IT301', 'Phát triển ứng dụng Web', 3, 'HK002', 'Học kỳ 2 Năm học 2021-2022', 'LHP086', 8.25, 8.0, 7.75, 7.85, 'B', 3.0, TRUE),
    (171, 'HV009', '643611', 'Vũ Phương Hoa', 'MH016', 'NN102', 'Tiếng Anh học thuật', 3, 'HK009', 'Học kỳ hè Năm học 2023-2024', 'LHP014', 6.75, 8.25, 8.75, 8.45, 'B+', 3.5, TRUE),
    (172, 'HV026', '658439', 'Vũ Hữu Bình', 'MH007', 'IT302', 'Trí tuệ nhân tạo', 3, 'HK001', 'Học kỳ 1 Năm học 2021-2022', 'LHP042', 9.75, 10.0, 10.0, 9.97, 'A+', 4.0, TRUE),
    (173, 'HV036', '638647', 'Lý Thị Tùng', 'MH022', 'QS202', 'Kỹ thuật quân sự', 3, 'HK006', 'Học kỳ hè Năm học 2022-2023', 'LHP120', 8.25, 10.0, 8.0, 8.43, 'B+', 3.5, TRUE),
    (174, 'HV015', '631537', 'Nguyễn Kim Quân', 'MH010', 'KT101', 'Kinh tế vi mô', 3, 'HK015', 'Học kỳ hè Năm học 2025-2026', 'LHP060', 10.0, 9.0, 9.5, 9.45, 'A+', 4.0, TRUE),
    (175, 'HV017', '643692', 'Trần Kim Linh', 'MH013', 'KT202', 'Tài chính doanh nghiệp', 3, 'HK012', 'Học kỳ hè Năm học 2024-2025', 'LHP043', 8.5, 9.25, 9.25, 9.18, 'A+', 4.0, TRUE),
    (176, 'HV041', '666283', 'Trần Kim Hạnh', 'MH015', 'NN101', 'Tiếng Anh cơ bản', 4, 'HK013', 'Học kỳ 1 Năm học 2025-2026', 'LHP091', 6.75, 9.5, 9.0, 8.88, 'A', 4.0, TRUE),
    (177, 'HV042', '649420', 'Vũ Kim Xuân', 'MH022', 'QS202', 'Kỹ thuật quân sự', 3, 'HK012', 'Học kỳ hè Năm học 2024-2025', 'LHP006', 8.0, 7.5, 6.5, 6.85, 'C+', 2.5, TRUE),
    (178, 'HV038', '645515', 'Ngô Tuấn Em', 'MH014', 'KT301', 'Kinh tế lượng', 3, 'HK008', 'Học kỳ 2 Năm học 2023-2024', 'LHP061', 6.25, 7.75, 7.5, 7.42, 'B', 3.0, TRUE),
    (179, 'HV005', '678070', 'Nguyễn Hải Hương', 'MH005', 'IT203', 'Mạng máy tính', 3, 'HK011', 'Học kỳ 2 Năm học 2024-2025', 'LHP100', 8.25, 7.25, 9.25, 8.75, 'A', 4.0, TRUE),
    (180, 'HV048', '671744', 'Đặng Quang Chiến', 'MH012', 'KT201', 'Nguyên lý kế toán', 4, 'HK003', 'Học kỳ hè Năm học 2021-2022', 'LHP022', 6.75, 5.75, 7.25, 6.9, 'C+', 2.5, TRUE),
    (181, 'HV030', '632151', 'Bùi Bảo Xuân', 'MH020', 'QS102', 'Điều lệnh Quân đội', 2, 'HK002', 'Học kỳ 2 Năm học 2021-2022', 'LHP114', 7.25, 8.25, 7.75, 7.8, 'B', 3.0, TRUE),
    (182, 'HV036', '638647', 'Lý Thị Tùng', 'MH019', 'QS101', 'Giáo dục Quốc phòng', 2, 'HK015', 'Học kỳ hè Năm học 2025-2026', 'LHP089', 10.0, 9.0, 7.5, 8.05, 'B+', 3.5, TRUE),
    (183, 'HV009', '643611', 'Vũ Phương Hoa', 'MH021', 'QS201', 'Chiến thuật bộ binh', 3, 'HK004', 'Học kỳ 1 Năm học 2022-2023', 'LHP108', 8.75, 7.0, 8.0, 7.88, 'B', 3.0, TRUE),
    (184, 'HV020', '647942', 'Dương Phương Giang', 'MH018', 'NN202', 'Tiếng Trung cơ bản', 4, 'HK012', 'Học kỳ hè Năm học 2024-2025', 'LHP103', 9.25, 9.75, 8.25, 8.65, 'A', 4.0, TRUE),
    (185, 'HV025', '669836', 'Ngô Tuấn Yến', 'MH019', 'QS101', 'Giáo dục Quốc phòng', 2, 'HK015', 'Học kỳ hè Năm học 2025-2026', 'LHP089', 5.25, 6.75, 7.0, 6.77, 'C+', 2.5, TRUE),
    (186, 'HV047', '658219', 'Đặng Hữu Yến', 'MH019', 'QS101', 'Giáo dục Quốc phòng', 2, 'HK001', 'Học kỳ 1 Năm học 2021-2022', 'LHP109', 7.0, 8.25, 8.0, 7.95, 'B', 3.0, TRUE),
    (187, 'HV025', '669836', 'Ngô Tuấn Yến', 'MH013', 'KT202', 'Tài chính doanh nghiệp', 3, 'HK007', 'Học kỳ 1 Năm học 2023-2024', 'LHP094', 8.75, 6.25, 8.5, 8.07, 'B+', 3.5, TRUE),
    (188, 'HV048', '671744', 'Đặng Quang Chiến', 'MH003', 'IT201', 'Cấu trúc dữ liệu và giải thuật', 4, 'HK009', 'Học kỳ hè Năm học 2023-2024', 'LHP013', 4.5, 5.5, 6.0, 5.75, 'C', 2.0, TRUE),
    (189, 'HV031', '679202', 'Lý Quang Hạnh', 'MH008', 'IT303', 'Học máy', 3, 'HK014', 'Học kỳ 2 Năm học 2025-2026', 'LHP097', 10.0, 9.0, 9.5, 9.45, 'A+', 4.0, TRUE),
    (190, 'HV033', '643785', 'Vũ Hữu Hương', 'MH013', 'KT202', 'Tài chính doanh nghiệp', 3, 'HK012', 'Học kỳ hè Năm học 2024-2025', 'LHP043', 6.0, 7.75, 9.0, 8.45, 'B+', 3.5, TRUE),
    (191, 'HV010', '645051', 'Nguyễn Phương Dũng', 'MH002', 'IT102', 'Lập trình cơ bản', 4, 'HK003', 'Học kỳ hè Năm học 2021-2022', 'LHP113', 8.75, 7.5, 7.5, 7.62, 'B', 3.0, TRUE),
    (192, 'HV044', '674328', 'Dương Thị Tùng', 'MH005', 'IT203', 'Mạng máy tính', 3, 'HK015', 'Học kỳ hè Năm học 2025-2026', 'LHP104', 9.75, 10.0, 10.0, 9.97, 'A+', 4.0, TRUE),
    (193, 'HV018', '639962', 'Lê Tuấn Quân', 'MH013', 'KT202', 'Tài chính doanh nghiệp', 3, 'HK007', 'Học kỳ 1 Năm học 2023-2024', 'LHP094', 5.25, 6.25, 7.25, 6.85, 'C+', 2.5, TRUE),
    (194, 'HV025', '669836', 'Ngô Tuấn Yến', 'MH016', 'NN102', 'Tiếng Anh học thuật', 3, 'HK015', 'Học kỳ hè Năm học 2025-2026', 'LHP099', 5.75, 3.5, 8.25, 7.05, 'B', 3.0, TRUE),
    (195, 'HV015', '631537', 'Nguyễn Kim Quân', 'MH020', 'QS102', 'Điều lệnh Quân đội', 2, 'HK002', 'Học kỳ 2 Năm học 2021-2022', 'LHP114', 9.5, 10.0, 8.5, 8.9, 'A', 4.0, TRUE),
    (196, 'HV017', '643692', 'Trần Kim Linh', 'MH016', 'NN102', 'Tiếng Anh học thuật', 3, 'HK007', 'Học kỳ 1 Năm học 2023-2024', 'LHP056', 8.0, 7.25, 8.5, 8.2, 'B+', 3.5, TRUE),
    (197, 'HV027', '657798', 'Lê Thị Việt', 'MH005', 'IT203', 'Mạng máy tính', 3, 'HK011', 'Học kỳ 2 Năm học 2024-2025', 'LHP100', 9.75, 8.25, 9.0, 8.93, 'A', 4.0, TRUE),
    (198, 'HV046', '633567', 'Đỗ Bảo Yến', 'MH007', 'IT302', 'Trí tuệ nhân tạo', 3, 'HK001', 'Học kỳ 1 Năm học 2021-2022', 'LHP042', 8.5, 8.75, 8.0, 8.2, 'B+', 3.5, TRUE),
    (199, 'HV047', '658219', 'Đặng Hữu Yến', 'MH003', 'IT201', 'Cấu trúc dữ liệu và giải thuật', 4, 'HK012', 'Học kỳ hè Năm học 2024-2025', 'LHP068', 8.75, 9.0, 8.5, 8.62, 'A', 4.0, TRUE),
    (200, 'HV012', '648673', 'Lý Hải Phương', 'MH014', 'KT301', 'Kinh tế lượng', 3, 'HK005', 'Học kỳ 2 Năm học 2022-2023', 'LHP080', 8.75, 8.5, 8.5, 8.52, 'A', 4.0, TRUE),
    (201, 'HV022', '675392', 'Ngô Quang Phương', 'MH006', 'IT301', 'Phát triển ứng dụng Web', 3, 'HK010', 'Học kỳ 1 Năm học 2024-2025', 'LHP029', 9.0, 8.5, 7.5, 7.85, 'B', 3.0, TRUE),
    (202, 'HV015', '631537', 'Nguyễn Kim Quân', 'MH014', 'KT301', 'Kinh tế lượng', 3, 'HK008', 'Học kỳ 2 Năm học 2023-2024', 'LHP071', 8.25, 8.75, 9.5, 9.22, 'A+', 4.0, TRUE),
    (203, 'HV047', '658219', 'Đặng Hữu Yến', 'MH004', 'IT202', 'Cơ sở dữ liệu', 3, 'HK005', 'Học kỳ 2 Năm học 2022-2023', 'LHP119', 7.0, 7.5, 7.0, 7.1, 'B', 3.0, TRUE),
    (204, 'HV021', '655647', 'Nguyễn Quang Em', 'MH017', 'NN201', 'Tiếng Anh chuyên ngành', 3, 'HK015', 'Học kỳ hè Năm học 2025-2026', 'LHP084', 6.75, 7.75, 6.25, 6.6, 'C+', 2.5, TRUE),
    (205, 'HV031', '679202', 'Lý Quang Hạnh', 'MH001', 'IT101', 'Nhập môn Công nghệ thông tin', 3, 'HK013', 'Học kỳ 1 Năm học 2025-2026', 'LHP082', 10.0, 9.25, 9.25, 9.32, 'A+', 4.0, TRUE),
    (206, 'HV030', '632151', 'Bùi Bảo Xuân', 'MH012', 'KT201', 'Nguyên lý kế toán', 4, 'HK013', 'Học kỳ 1 Năm học 2025-2026', 'LHP005', 8.75, 8.25, 9.0, 8.82, 'A', 4.0, TRUE),
    (207, 'HV019', '653162', 'Phạm Văn Hạnh', 'MH002', 'IT102', 'Lập trình cơ bản', 4, 'HK014', 'Học kỳ 2 Năm học 2025-2026', 'LHP045', 7.75, 10.0, 7.75, 8.2, 'B+', 3.5, TRUE),
    (208, 'HV030', '632151', 'Bùi Bảo Xuân', 'MH018', 'NN202', 'Tiếng Trung cơ bản', 4, 'HK009', 'Học kỳ hè Năm học 2023-2024', 'LHP092', 7.25, 7.75, 9.0, 8.57, 'A', 4.0, TRUE),
    (209, 'HV030', '632151', 'Bùi Bảo Xuân', 'MH005', 'IT203', 'Mạng máy tính', 3, 'HK011', 'Học kỳ 2 Năm học 2024-2025', 'LHP100', 7.75, 6.0, 9.0, 8.28, 'B+', 3.5, TRUE),
    (210, 'HV014', '658860', 'Bùi Kim Linh', 'MH001', 'IT101', 'Nhập môn Công nghệ thông tin', 3, 'HK008', 'Học kỳ 2 Năm học 2023-2024', 'LHP025', 7.5, 7.5, 7.5, 7.5, 'B', 3.0, TRUE),
    (211, 'HV021', '655647', 'Nguyễn Quang Em', 'MH012', 'KT201', 'Nguyên lý kế toán', 4, 'HK003', 'Học kỳ hè Năm học 2021-2022', 'LHP022', 7.5, 8.5, 7.25, 7.52, 'B', 3.0, TRUE),
    (212, 'HV022', '675392', 'Ngô Quang Phương', 'MH022', 'QS202', 'Kỹ thuật quân sự', 3, 'HK013', 'Học kỳ 1 Năm học 2025-2026', 'LHP118', 8.25, 8.0, 9.0, 8.72, 'A', 4.0, TRUE),
    (213, 'HV002', '634405', 'Hoàng Văn Phúc', 'MH005', 'IT203', 'Mạng máy tính', 3, 'HK011', 'Học kỳ 2 Năm học 2024-2025', 'LHP100', 4.5, 4.25, 7.5, 6.55, 'C+', 2.5, TRUE),
    (214, 'HV026', '658439', 'Vũ Hữu Bình', 'MH004', 'IT202', 'Cơ sở dữ liệu', 3, 'HK005', 'Học kỳ 2 Năm học 2022-2023', 'LHP119', 10.0, 8.75, 10.0, 9.75, 'A+', 4.0, TRUE),
    (215, 'HV011', '674738', 'Lý Minh Linh', 'MH016', 'NN102', 'Tiếng Anh học thuật', 3, 'HK008', 'Học kỳ 2 Năm học 2023-2024', 'LHP039', 7.5, 8.75, 7.75, 7.92, 'B', 3.0, TRUE),
    (216, 'HV049', '638542', 'Hồ Hữu Giang', 'MH003', 'IT201', 'Cấu trúc dữ liệu và giải thuật', 4, 'HK001', 'Học kỳ 1 Năm học 2021-2022', 'LHP063', 8.75, 10.0, 8.0, 8.47, 'B+', 3.5, TRUE),
    (217, 'HV028', '667779', 'Trần Thanh Hạnh', 'MH010', 'KT101', 'Kinh tế vi mô', 3, 'HK003', 'Học kỳ hè Năm học 2021-2022', 'LHP112', 7.25, 8.0, 8.75, 8.45, 'B+', 3.5, TRUE),
    (218, 'HV046', '633567', 'Đỗ Bảo Yến', 'MH021', 'QS201', 'Chiến thuật bộ binh', 3, 'HK001', 'Học kỳ 1 Năm học 2021-2022', 'LHP050', 8.5, 8.5, 8.5, 8.5, 'A', 4.0, TRUE),
    (219, 'HV024', '641915', 'Phạm Phương Xuân', 'MH002', 'IT102', 'Lập trình cơ bản', 4, 'HK003', 'Học kỳ hè Năm học 2021-2022', 'LHP113', 9.5, 9.0, 7.0, 7.65, 'B', 3.0, TRUE),
    (220, 'HV050', '658318', 'Phạm Văn Minh', 'MH016', 'NN102', 'Tiếng Anh học thuật', 3, 'HK015', 'Học kỳ hè Năm học 2025-2026', 'LHP099', 7.25, 7.75, 9.25, 8.75, 'A', 4.0, TRUE),
    (221, 'HV044', '674328', 'Dương Thị Tùng', 'MH014', 'KT301', 'Kinh tế lượng', 3, 'HK004', 'Học kỳ 1 Năm học 2022-2023', 'LHP052', 9.25, 8.75, 9.75, 9.5, 'A+', 4.0, TRUE),
    (222, 'HV023', '678860', 'Bùi Quang Nguyệt', 'MH008', 'IT303', 'Học máy', 3, 'HK008', 'Học kỳ 2 Năm học 2023-2024', 'LHP073', 6.75, 9.25, 8.5, 8.47, 'B+', 3.5, TRUE),
    (223, 'HV022', '675392', 'Ngô Quang Phương', 'MH013', 'KT202', 'Tài chính doanh nghiệp', 3, 'HK005', 'Học kỳ 2 Năm học 2022-2023', 'LHP048', 10.0, 9.75, 9.25, 9.43, 'A+', 4.0, TRUE),
    (224, 'HV015', '631537', 'Nguyễn Kim Quân', 'MH022', 'QS202', 'Kỹ thuật quân sự', 3, 'HK010', 'Học kỳ 1 Năm học 2024-2025', 'LHP008', 9.0, 9.5, 10.0, 9.8, 'A+', 4.0, TRUE),
    (225, 'HV045', '633511', 'Bùi Ngọc Xuân', 'MH020', 'QS102', 'Điều lệnh Quân đội', 2, 'HK002', 'Học kỳ 2 Năm học 2021-2022', 'LHP114', 7.25, 6.5, 4.75, 5.35, 'D+', 1.5, TRUE),
    (226, 'HV016', '642135', 'Lý Minh Xuân', 'MH012', 'KT201', 'Nguyên lý kế toán', 4, 'HK003', 'Học kỳ hè Năm học 2021-2022', 'LHP022', 7.5, 10.0, 8.75, 8.88, 'A', 4.0, TRUE),
    (227, 'HV007', '651610', 'Lê Văn Nguyệt', 'MH015', 'NN101', 'Tiếng Anh cơ bản', 4, 'HK013', 'Học kỳ 1 Năm học 2025-2026', 'LHP091', 6.25, 5.25, 7.25, 6.75, 'C+', 2.5, TRUE),
    (228, 'HV039', '665288', 'Phạm Bảo Sơn', 'MH003', 'IT201', 'Cấu trúc dữ liệu và giải thuật', 4, 'HK005', 'Học kỳ 2 Năm học 2022-2023', 'LHP002', 5.0, 7.5, 7.5, 7.25, 'B', 3.0, TRUE),
    (229, 'HV012', '648673', 'Lý Hải Phương', 'MH007', 'IT302', 'Trí tuệ nhân tạo', 3, 'HK001', 'Học kỳ 1 Năm học 2021-2022', 'LHP042', 7.75, 8.25, 8.75, 8.55, 'A', 4.0, TRUE),
    (230, 'HV023', '678860', 'Bùi Quang Nguyệt', 'MH002', 'IT102', 'Lập trình cơ bản', 4, 'HK008', 'Học kỳ 2 Năm học 2023-2024', 'LHP027', 9.0, 8.5, 8.75, 8.72, 'A', 4.0, TRUE),
    (231, 'HV009', '643611', 'Vũ Phương Hoa', 'MH017', 'NN201', 'Tiếng Anh chuyên ngành', 3, 'HK013', 'Học kỳ 1 Năm học 2025-2026', 'LHP085', 7.25, 8.0, 6.75, 7.05, 'B', 3.0, TRUE),
    (232, 'HV009', '643611', 'Vũ Phương Hoa', 'MH022', 'QS202', 'Kỹ thuật quân sự', 3, 'HK011', 'Học kỳ 2 Năm học 2024-2025', 'LHP009', 7.25, 8.0, 7.5, 7.58, 'B', 3.0, TRUE),
    (233, 'HV046', '633567', 'Đỗ Bảo Yến', 'MH020', 'QS102', 'Điều lệnh Quân đội', 2, 'HK002', 'Học kỳ 2 Năm học 2021-2022', 'LHP114', 7.25, 7.75, 7.75, 7.7, 'B', 3.0, TRUE),
    (234, 'HV050', '658318', 'Phạm Văn Minh', 'MH014', 'KT301', 'Kinh tế lượng', 3, 'HK008', 'Học kỳ 2 Năm học 2023-2024', 'LHP072', 7.5, 7.0, 7.75, 7.58, 'B', 3.0, TRUE),
    (235, 'HV029', '641724', 'Lý Quang Giang', 'MH001', 'IT101', 'Nhập môn Công nghệ thông tin', 3, 'HK013', 'Học kỳ 1 Năm học 2025-2026', 'LHP082', 6.75, 7.0, 7.5, 7.33, 'B', 3.0, TRUE),
    (236, 'HV038', '645515', 'Ngô Tuấn Em', 'MH010', 'KT101', 'Kinh tế vi mô', 3, 'HK009', 'Học kỳ hè Năm học 2023-2024', 'LHP087', 7.5, 9.0, 8.75, 8.68, 'A', 4.0, TRUE),
    (237, 'HV040', '633301', 'Vũ Thị Phương', 'MH010', 'KT101', 'Kinh tế vi mô', 3, 'HK007', 'Học kỳ 1 Năm học 2023-2024', 'LHP059', 10.0, 9.25, 9.5, 9.5, 'A+', 4.0, TRUE),
    (238, 'HV049', '638542', 'Hồ Hữu Giang', 'MH008', 'IT303', 'Học máy', 3, 'HK014', 'Học kỳ 2 Năm học 2025-2026', 'LHP097', 9.75, 9.0, 8.25, 8.55, 'A', 4.0, TRUE),
    (239, 'HV044', '674328', 'Dương Thị Tùng', 'MH022', 'QS202', 'Kỹ thuật quân sự', 3, 'HK015', 'Học kỳ hè Năm học 2025-2026', 'LHP024', 10.0, 10.0, 10.0, 10.0, 'A+', 4.0, TRUE),
    (240, 'HV004', '652953', 'Lê Đức Phúc', 'MH002', 'IT102', 'Lập trình cơ bản', 4, 'HK010', 'Học kỳ 1 Năm học 2024-2025', 'LHP106', 7.25, 5.0, 5.5, 5.57, 'C', 2.0, TRUE),
    (241, 'HV009', '643611', 'Vũ Phương Hoa', 'MH003', 'IT201', 'Cấu trúc dữ liệu và giải thuật', 4, 'HK002', 'Học kỳ 2 Năm học 2021-2022', 'LHP030', 8.25, 7.0, 8.25, 8.0, 'B+', 3.5, TRUE),
    (242, 'HV022', '675392', 'Ngô Quang Phương', 'MH004', 'IT202', 'Cơ sở dữ liệu', 3, 'HK004', 'Học kỳ 1 Năm học 2022-2023', 'LHP034', 8.0, 7.75, 8.5, 8.3, 'B+', 3.5, TRUE),
    (243, 'HV040', '633301', 'Vũ Thị Phương', 'MH001', 'IT101', 'Nhập môn Công nghệ thông tin', 3, 'HK014', 'Học kỳ 2 Năm học 2025-2026', 'LHP078', 10.0, 10.0, 9.25, 9.47, 'A+', 4.0, TRUE),
    (244, 'HV035', '656508', 'Lê Hải Phương', 'MH003', 'IT201', 'Cấu trúc dữ liệu và giải thuật', 4, 'HK001', 'Học kỳ 1 Năm học 2021-2022', 'LHP035', 10.0, 9.75, 10.0, 9.95, 'A+', 4.0, TRUE),
    (245, 'HV013', '642525', 'Nguyễn Minh Quân', 'MH011', 'KT102', 'Kinh tế vĩ mô', 3, 'HK012', 'Học kỳ hè Năm học 2024-2025', 'LHP058', 8.0, 6.5, 8.25, 7.88, 'B', 3.0, TRUE),
    (246, 'HV012', '648673', 'Lý Hải Phương', 'MH012', 'KT201', 'Nguyên lý kế toán', 4, 'HK010', 'Học kỳ 1 Năm học 2024-2025', 'LHP026', 9.25, 8.25, 9.5, 9.22, 'A+', 4.0, TRUE),
    (247, 'HV027', '657798', 'Lê Thị Việt', 'MH006', 'IT301', 'Phát triển ứng dụng Web', 3, 'HK002', 'Học kỳ 2 Năm học 2021-2022', 'LHP086', 8.75, 9.75, 8.0, 8.43, 'B+', 3.5, TRUE),
    (248, 'HV030', '632151', 'Bùi Bảo Xuân', 'MH010', 'KT101', 'Kinh tế vi mô', 3, 'HK009', 'Học kỳ hè Năm học 2023-2024', 'LHP087', 9.5, 6.0, 8.0, 7.75, 'B', 3.0, TRUE),
    (249, 'HV035', '656508', 'Lê Hải Phương', 'MH020', 'QS102', 'Điều lệnh Quân đội', 2, 'HK012', 'Học kỳ hè Năm học 2024-2025', 'LHP019', 9.75, 10.0, 10.0, 9.97, 'A+', 4.0, TRUE),
    (250, 'HV019', '653162', 'Phạm Văn Hạnh', 'MH017', 'NN201', 'Tiếng Anh chuyên ngành', 3, 'HK005', 'Học kỳ 2 Năm học 2022-2023', 'LHP083', 8.0, 8.0, 7.5, 7.65, 'B', 3.0, TRUE),
    (251, 'HV019', '653162', 'Phạm Văn Hạnh', 'MH012', 'KT201', 'Nguyên lý kế toán', 4, 'HK008', 'Học kỳ 2 Năm học 2023-2024', 'LHP064', 8.25, 7.5, 8.0, 7.92, 'B', 3.0, TRUE),
    (252, 'HV033', '643785', 'Vũ Hữu Hương', 'MH008', 'IT303', 'Học máy', 3, 'HK014', 'Học kỳ 2 Năm học 2025-2026', 'LHP097', 7.75, 8.5, 7.75, 7.9, 'B', 3.0, TRUE),
    (253, 'HV015', '631537', 'Nguyễn Kim Quân', 'MH017', 'NN201', 'Tiếng Anh chuyên ngành', 3, 'HK005', 'Học kỳ 2 Năm học 2022-2023', 'LHP083', 9.75, 8.25, 9.5, 9.27, 'A+', 4.0, TRUE),
    (254, 'HV037', '665362', 'Dương Đức Hương', 'MH006', 'IT301', 'Phát triển ứng dụng Web', 3, 'HK008', 'Học kỳ 2 Năm học 2023-2024', 'LHP041', 9.5, 9.25, 9.75, 9.62, 'A+', 4.0, TRUE),
    (255, 'HV036', '638647', 'Lý Thị Tùng', 'MH002', 'IT102', 'Lập trình cơ bản', 4, 'HK015', 'Học kỳ hè Năm học 2025-2026', 'LHP057', 7.75, 8.0, 8.25, 8.15, 'B+', 3.5, TRUE),
    (256, 'HV014', '658860', 'Bùi Kim Linh', 'MH018', 'NN202', 'Tiếng Trung cơ bản', 4, 'HK006', 'Học kỳ hè Năm học 2022-2023', 'LHP115', 8.25, 9.0, 8.0, 8.22, 'B+', 3.5, TRUE),
    (257, 'HV044', '674328', 'Dương Thị Tùng', 'MH021', 'QS201', 'Chiến thuật bộ binh', 3, 'HK002', 'Học kỳ 2 Năm học 2021-2022', 'LHP037', 9.5, 10.0, 10.0, 9.95, 'A+', 4.0, TRUE),
    (258, 'HV026', '658439', 'Vũ Hữu Bình', 'MH017', 'NN201', 'Tiếng Anh chuyên ngành', 3, 'HK005', 'Học kỳ 2 Năm học 2022-2023', 'LHP083', 10.0, 9.75, 9.75, 9.77, 'A+', 4.0, TRUE),
    (259, 'HV023', '678860', 'Bùi Quang Nguyệt', 'MH001', 'IT101', 'Nhập môn Công nghệ thông tin', 3, 'HK015', 'Học kỳ hè Năm học 2025-2026', 'LHP044', 7.5, 8.25, 8.0, 8.0, 'B+', 3.5, TRUE),
    (260, 'HV020', '647942', 'Dương Phương Giang', 'MH004', 'IT202', 'Cơ sở dữ liệu', 3, 'HK001', 'Học kỳ 1 Năm học 2021-2022', 'LHP036', 9.25, 9.25, 9.5, 9.43, 'A+', 4.0, TRUE),
    (261, 'HV010', '645051', 'Nguyễn Phương Dũng', 'MH003', 'IT201', 'Cấu trúc dữ liệu và giải thuật', 4, 'HK001', 'Học kỳ 1 Năm học 2021-2022', 'LHP035', 7.25, 7.25, 7.75, 7.6, 'B', 3.0, TRUE),
    (262, 'HV050', '658318', 'Phạm Văn Minh', 'MH021', 'QS201', 'Chiến thuật bộ binh', 3, 'HK002', 'Học kỳ 2 Năm học 2021-2022', 'LHP037', 7.25, 7.0, 8.75, 8.25, 'B+', 3.5, TRUE),
    (263, 'HV042', '649420', 'Vũ Kim Xuân', 'MH018', 'NN202', 'Tiếng Trung cơ bản', 4, 'HK009', 'Học kỳ hè Năm học 2023-2024', 'LHP092', 7.5, 7.75, 6.5, 6.85, 'C+', 2.5, TRUE),
    (264, 'HV017', '643692', 'Trần Kim Linh', 'MH005', 'IT203', 'Mạng máy tính', 3, 'HK005', 'Học kỳ 2 Năm học 2022-2023', 'LHP047', 9.0, 8.25, 9.5, 9.2, 'A+', 4.0, TRUE),
    (265, 'HV013', '642525', 'Nguyễn Minh Quân', 'MH018', 'NN202', 'Tiếng Trung cơ bản', 4, 'HK006', 'Học kỳ hè Năm học 2022-2023', 'LHP115', 7.25, 8.25, 6.75, 7.1, 'B', 3.0, TRUE),
    (266, 'HV005', '678070', 'Nguyễn Hải Hương', 'MH010', 'KT101', 'Kinh tế vi mô', 3, 'HK008', 'Học kỳ 2 Năm học 2023-2024', 'LHP088', 9.25, 9.25, 7.75, 8.2, 'B+', 3.5, TRUE),
    (267, 'HV029', '641724', 'Lý Quang Giang', 'MH011', 'KT102', 'Kinh tế vĩ mô', 3, 'HK008', 'Học kỳ 2 Năm học 2023-2024', 'LHP011', 6.75, 8.0, 7.0, 7.17, 'B', 3.0, TRUE),
    (268, 'HV045', '633511', 'Bùi Ngọc Xuân', 'MH016', 'NN102', 'Tiếng Anh học thuật', 3, 'HK008', 'Học kỳ 2 Năm học 2023-2024', 'LHP039', 7.0, 5.5, 5.5, 5.65, 'C', 2.0, TRUE),
    (269, 'HV008', '645479', 'Trần Thanh Sơn', 'MH012', 'KT201', 'Nguyên lý kế toán', 4, 'HK010', 'Học kỳ 1 Năm học 2024-2025', 'LHP023', 8.25, 7.75, 8.5, 8.32, 'B+', 3.5, TRUE),
    (270, 'HV002', '634405', 'Hoàng Văn Phúc', 'MH003', 'IT201', 'Cấu trúc dữ liệu và giải thuật', 4, 'HK009', 'Học kỳ hè Năm học 2023-2024', 'LHP013', 7.5, 9.0, 7.25, 7.62, 'B', 3.0, TRUE),
    (271, 'HV019', '653162', 'Phạm Văn Hạnh', 'MH014', 'KT301', 'Kinh tế lượng', 3, 'HK004', 'Học kỳ 1 Năm học 2022-2023', 'LHP052', 9.75, 9.5, 9.0, 9.18, 'A+', 4.0, TRUE),
    (272, 'HV029', '641724', 'Lý Quang Giang', 'MH014', 'KT301', 'Kinh tế lượng', 3, 'HK005', 'Học kỳ 2 Năm học 2022-2023', 'LHP080', 6.25, 6.5, 7.0, 6.82, 'C+', 2.5, TRUE),
    (273, 'HV010', '645051', 'Nguyễn Phương Dũng', 'MH022', 'QS202', 'Kỹ thuật quân sự', 3, 'HK010', 'Học kỳ 1 Năm học 2024-2025', 'LHP008', 8.0, 7.25, 9.5, 8.9, 'A', 4.0, TRUE),
    (274, 'HV007', '651610', 'Lê Văn Nguyệt', 'MH012', 'KT201', 'Nguyên lý kế toán', 4, 'HK010', 'Học kỳ 1 Năm học 2024-2025', 'LHP023', 7.25, 5.25, 7.0, 6.67, 'C+', 2.5, TRUE),
    (275, 'HV013', '642525', 'Nguyễn Minh Quân', 'MH010', 'KT101', 'Kinh tế vi mô', 3, 'HK015', 'Học kỳ hè Năm học 2025-2026', 'LHP060', 6.75, 6.75, 7.5, 7.28, 'B', 3.0, TRUE),
    (276, 'HV003', '657855', 'Bùi Hữu Việt', 'MH013', 'KT202', 'Tài chính doanh nghiệp', 3, 'HK012', 'Học kỳ hè Năm học 2024-2025', 'LHP043', 8.0, 7.75, 7.25, 7.42, 'B', 3.0, TRUE),
    (277, 'HV045', '633511', 'Bùi Ngọc Xuân', 'MH010', 'KT101', 'Kinh tế vi mô', 3, 'HK007', 'Học kỳ 1 Năm học 2023-2024', 'LHP059', 8.5, 8.0, 5.0, 5.95, 'C', 2.0, TRUE),
    (278, 'HV023', '678860', 'Bùi Quang Nguyệt', 'MH022', 'QS202', 'Kỹ thuật quân sự', 3, 'HK014', 'Học kỳ 2 Năm học 2025-2026', 'LHP116', 8.0, 8.25, 7.75, 7.88, 'B', 3.0, TRUE),
    (279, 'HV014', '658860', 'Bùi Kim Linh', 'MH013', 'KT202', 'Tài chính doanh nghiệp', 3, 'HK012', 'Học kỳ hè Năm học 2024-2025', 'LHP043', 8.5, 8.5, 9.0, 8.85, 'A', 4.0, TRUE),
    (280, 'HV036', '638647', 'Lý Thị Tùng', 'MH015', 'NN101', 'Tiếng Anh cơ bản', 4, 'HK002', 'Học kỳ 2 Năm học 2021-2022', 'LHP074', 9.25, 9.5, 8.25, 8.6, 'A', 4.0, TRUE),
    (281, 'HV008', '645479', 'Trần Thanh Sơn', 'MH010', 'KT101', 'Kinh tế vi mô', 3, 'HK003', 'Học kỳ hè Năm học 2021-2022', 'LHP112', 10.0, 8.5, 10.0, 9.7, 'A+', 4.0, TRUE),
    (282, 'HV043', '676656', 'Hoàng Tuấn Phúc', 'MH022', 'QS202', 'Kỹ thuật quân sự', 3, 'HK011', 'Học kỳ 2 Năm học 2024-2025', 'LHP009', 9.25, 8.5, 7.0, 7.52, 'B', 3.0, TRUE),
    (283, 'HV006', '652106', 'Đỗ Thanh Yến', 'MH002', 'IT102', 'Lập trình cơ bản', 4, 'HK014', 'Học kỳ 2 Năm học 2025-2026', 'LHP045', 9.25, 6.5, 7.75, 7.65, 'B', 3.0, TRUE),
    (284, 'HV005', '678070', 'Nguyễn Hải Hương', 'MH014', 'KT301', 'Kinh tế lượng', 3, 'HK003', 'Học kỳ hè Năm học 2021-2022', 'LHP093', 7.0, 7.5, 8.25, 7.97, 'B', 3.0, TRUE),
    (285, 'HV003', '657855', 'Bùi Hữu Việt', 'MH017', 'NN201', 'Tiếng Anh chuyên ngành', 3, 'HK015', 'Học kỳ hè Năm học 2025-2026', 'LHP084', 6.5, 6.0, 8.5, 7.8, 'B', 3.0, TRUE),
    (286, 'HV005', '678070', 'Nguyễn Hải Hương', 'MH006', 'IT301', 'Phát triển ứng dụng Web', 3, 'HK008', 'Học kỳ 2 Năm học 2023-2024', 'LHP041', 8.5, 8.75, 9.0, 8.9, 'A', 4.0, TRUE),
    (287, 'HV041', '666283', 'Trần Kim Hạnh', 'MH018', 'NN202', 'Tiếng Trung cơ bản', 4, 'HK012', 'Học kỳ hè Năm học 2024-2025', 'LHP103', 8.75, 7.25, 9.75, 9.15, 'A+', 4.0, TRUE),
    (288, 'HV014', '658860', 'Bùi Kim Linh', 'MH020', 'QS102', 'Điều lệnh Quân đội', 2, 'HK008', 'Học kỳ 2 Năm học 2023-2024', 'LHP053', 9.5, 8.75, 8.5, 8.65, 'A', 4.0, TRUE),
    (289, 'HV049', '638542', 'Hồ Hữu Giang', 'MH005', 'IT203', 'Mạng máy tính', 3, 'HK006', 'Học kỳ hè Năm học 2022-2023', 'LHP046', 9.0, 8.25, 9.0, 8.85, 'A', 4.0, TRUE),
    (290, 'HV042', '649420', 'Vũ Kim Xuân', 'MH003', 'IT201', 'Cấu trúc dữ liệu và giải thuật', 4, 'HK005', 'Học kỳ 2 Năm học 2022-2023', 'LHP002', 7.75, 7.5, 8.25, 8.05, 'B+', 3.5, TRUE),
    (291, 'HV025', '669836', 'Ngô Tuấn Yến', 'MH003', 'IT201', 'Cấu trúc dữ liệu và giải thuật', 4, 'HK005', 'Học kỳ 2 Năm học 2022-2023', 'LHP002', 6.25, 7.5, 8.75, 8.25, 'B+', 3.5, TRUE),
    (292, 'HV017', '643692', 'Trần Kim Linh', 'MH003', 'IT201', 'Cấu trúc dữ liệu và giải thuật', 4, 'HK005', 'Học kỳ 2 Năm học 2022-2023', 'LHP002', 8.75, 8.0, 9.75, 9.3, 'A+', 4.0, TRUE),
    (293, 'HV024', '641915', 'Phạm Phương Xuân', 'MH005', 'IT203', 'Mạng máy tính', 3, 'HK005', 'Học kỳ 2 Năm học 2022-2023', 'LHP047', 9.0, 7.75, 7.5, 7.7, 'B', 3.0, TRUE),
    (294, 'HV037', '665362', 'Dương Đức Hương', 'MH010', 'KT101', 'Kinh tế vi mô', 3, 'HK015', 'Học kỳ hè Năm học 2025-2026', 'LHP060', 10.0, 9.5, 9.25, 9.38, 'A+', 4.0, TRUE),
    (295, 'HV025', '669836', 'Ngô Tuấn Yến', 'MH001', 'IT101', 'Nhập môn Công nghệ thông tin', 3, 'HK007', 'Học kỳ 1 Năm học 2023-2024', 'LHP079', 8.0, 7.5, 7.25, 7.37, 'B', 3.0, TRUE),
    (296, 'HV001', '676156', 'Lê Kim Dũng', 'MH004', 'IT202', 'Cơ sở dữ liệu', 3, 'HK004', 'Học kỳ 1 Năm học 2022-2023', 'LHP034', 8.5, 8.75, 9.25, 9.07, 'A+', 4.0, TRUE),
    (297, 'HV027', '657798', 'Lê Thị Việt', 'MH008', 'IT303', 'Học máy', 3, 'HK014', 'Học kỳ 2 Năm học 2025-2026', 'LHP097', 9.0, 10.0, 8.75, 9.03, 'A+', 4.0, TRUE),
    (298, 'HV037', '665362', 'Dương Đức Hương', 'MH017', 'NN201', 'Tiếng Anh chuyên ngành', 3, 'HK014', 'Học kỳ 2 Năm học 2025-2026', 'LHP004', 9.25, 10.0, 7.75, 8.35, 'B+', 3.5, TRUE),
    (299, 'HV046', '633567', 'Đỗ Bảo Yến', 'MH006', 'IT301', 'Phát triển ứng dụng Web', 3, 'HK002', 'Học kỳ 2 Năm học 2021-2022', 'LHP086', 7.0, 8.0, 9.5, 8.95, 'A', 4.0, TRUE),
    (300, 'HV034', '671591', 'Hoàng Hải Anh', 'MH014', 'KT301', 'Kinh tế lượng', 3, 'HK002', 'Học kỳ 2 Năm học 2021-2022', 'LHP117', 7.75, 9.75, 9.5, 9.38, 'A+', 4.0, TRUE),
    (301, 'HV035', '656508', 'Lê Hải Phương', 'MH014', 'KT301', 'Kinh tế lượng', 3, 'HK005', 'Học kỳ 2 Năm học 2022-2023', 'LHP080', 9.0, 10.0, 10.0, 9.9, 'A+', 4.0, TRUE),
    (302, 'HV020', '647942', 'Dương Phương Giang', 'MH016', 'NN102', 'Tiếng Anh học thuật', 3, 'HK015', 'Học kỳ hè Năm học 2025-2026', 'LHP099', 8.5, 9.25, 7.5, 7.95, 'B', 3.0, TRUE),
    (303, 'HV047', '658219', 'Đặng Hữu Yến', 'MH017', 'NN201', 'Tiếng Anh chuyên ngành', 3, 'HK003', 'Học kỳ hè Năm học 2021-2022', 'LHP040', 9.0, 7.0, 8.5, 8.25, 'B+', 3.5, TRUE),
    (304, 'HV046', '633567', 'Đỗ Bảo Yến', 'MH002', 'IT102', 'Lập trình cơ bản', 4, 'HK014', 'Học kỳ 2 Năm học 2025-2026', 'LHP045', 8.25, 8.5, 7.5, 7.78, 'B', 3.0, TRUE),
    (305, 'HV029', '641724', 'Lý Quang Giang', 'MH013', 'KT202', 'Tài chính doanh nghiệp', 3, 'HK007', 'Học kỳ 1 Năm học 2023-2024', 'LHP094', 6.5, 5.25, 7.0, 6.6, 'C+', 2.5, TRUE),
    (306, 'HV010', '645051', 'Nguyễn Phương Dũng', 'MH018', 'NN202', 'Tiếng Trung cơ bản', 4, 'HK006', 'Học kỳ hè Năm học 2022-2023', 'LHP115', 7.0, 6.75, 7.5, 7.3, 'B', 3.0, TRUE),
    (307, 'HV041', '666283', 'Trần Kim Hạnh', 'MH021', 'QS201', 'Chiến thuật bộ binh', 3, 'HK004', 'Học kỳ 1 Năm học 2022-2023', 'LHP067', 9.5, 7.5, 6.75, 7.17, 'B', 3.0, TRUE),
    (308, 'HV044', '674328', 'Dương Thị Tùng', 'MH003', 'IT201', 'Cấu trúc dữ liệu và giải thuật', 4, 'HK009', 'Học kỳ hè Năm học 2023-2024', 'LHP013', 9.25, 9.75, 8.5, 8.82, 'A', 4.0, TRUE),
    (309, 'HV007', '651610', 'Lê Văn Nguyệt', 'MH004', 'IT202', 'Cơ sở dữ liệu', 3, 'HK005', 'Học kỳ 2 Năm học 2022-2023', 'LHP119', 6.25, 6.75, 5.5, 5.82, 'C', 2.0, TRUE),
    (310, 'HV025', '669836', 'Ngô Tuấn Yến', 'MH015', 'NN101', 'Tiếng Anh cơ bản', 4, 'HK013', 'Học kỳ 1 Năm học 2025-2026', 'LHP091', 8.75, 6.5, 6.25, 6.55, 'C+', 2.5, TRUE),
    (311, 'HV025', '669836', 'Ngô Tuấn Yến', 'MH006', 'IT301', 'Phát triển ứng dụng Web', 3, 'HK008', 'Học kỳ 2 Năm học 2023-2024', 'LHP041', 5.0, 7.0, 6.25, 6.28, 'C+', 2.5, TRUE),
    (312, 'HV007', '651610', 'Lê Văn Nguyệt', 'MH010', 'KT101', 'Kinh tế vi mô', 3, 'HK003', 'Học kỳ hè Năm học 2021-2022', 'LHP112', 7.25, 7.0, 6.0, 6.32, 'C+', 2.5, TRUE),
    (313, 'HV011', '674738', 'Lý Minh Linh', 'MH009', 'IT304', 'An toàn và bảo mật thông tin', 3, 'HK003', 'Học kỳ hè Năm học 2021-2022', 'LHP107', 8.0, 6.25, 7.5, 7.3, 'B', 3.0, TRUE),
    (314, 'HV030', '632151', 'Bùi Bảo Xuân', 'MH001', 'IT101', 'Nhập môn Công nghệ thông tin', 3, 'HK014', 'Học kỳ 2 Năm học 2025-2026', 'LHP078', 8.0, 9.25, 8.5, 8.6, 'A', 4.0, TRUE),
    (315, 'HV047', '658219', 'Đặng Hữu Yến', 'MH013', 'KT202', 'Tài chính doanh nghiệp', 3, 'HK005', 'Học kỳ 2 Năm học 2022-2023', 'LHP048', 8.75, 7.75, 9.25, 8.9, 'A', 4.0, TRUE),
    (316, 'HV025', '669836', 'Ngô Tuấn Yến', 'MH011', 'KT102', 'Kinh tế vĩ mô', 3, 'HK012', 'Học kỳ hè Năm học 2024-2025', 'LHP058', 6.25, 7.0, 7.25, 7.1, 'B', 3.0, TRUE),
    (317, 'HV004', '652953', 'Lê Đức Phúc', 'MH013', 'KT202', 'Tài chính doanh nghiệp', 3, 'HK005', 'Học kỳ 2 Năm học 2022-2023', 'LHP048', 6.25, 4.75, 8.25, 7.35, 'B', 3.0, TRUE),
    (318, 'HV034', '671591', 'Hoàng Hải Anh', 'MH021', 'QS201', 'Chiến thuật bộ binh', 3, 'HK014', 'Học kỳ 2 Năm học 2025-2026', 'LHP012', 9.0, 9.75, 7.0, 7.75, 'B', 3.0, TRUE),
    (319, 'HV048', '671744', 'Đặng Quang Chiến', 'MH010', 'KT101', 'Kinh tế vi mô', 3, 'HK008', 'Học kỳ 2 Năm học 2023-2024', 'LHP088', 6.0, 5.75, 6.75, 6.47, 'C+', 2.5, TRUE),
    (320, 'HV026', '658439', 'Vũ Hữu Bình', 'MH006', 'IT301', 'Phát triển ứng dụng Web', 3, 'HK008', 'Học kỳ 2 Năm học 2023-2024', 'LHP041', 10.0, 9.5, 8.75, 9.03, 'A+', 4.0, TRUE),
    (321, 'HV022', '675392', 'Ngô Quang Phương', 'MH012', 'KT201', 'Nguyên lý kế toán', 4, 'HK010', 'Học kỳ 1 Năm học 2024-2025', 'LHP026', 9.25, 9.0, 8.75, 8.85, 'A', 4.0, TRUE),
    (322, 'HV017', '643692', 'Trần Kim Linh', 'MH002', 'IT102', 'Lập trình cơ bản', 4, 'HK008', 'Học kỳ 2 Năm học 2023-2024', 'LHP027', 7.5, 8.5, 7.25, 7.52, 'B', 3.0, TRUE),
    (323, 'HV033', '643785', 'Vũ Hữu Hương', 'MH011', 'KT102', 'Kinh tế vĩ mô', 3, 'HK008', 'Học kỳ 2 Năm học 2023-2024', 'LHP011', 9.0, 9.5, 8.25, 8.57, 'A', 4.0, TRUE),
    (324, 'HV036', '638647', 'Lý Thị Tùng', 'MH011', 'KT102', 'Kinh tế vĩ mô', 3, 'HK008', 'Học kỳ 2 Năm học 2023-2024', 'LHP011', 8.5, 7.5, 9.0, 8.65, 'A', 4.0, TRUE),
    (325, 'HV011', '674738', 'Lý Minh Linh', 'MH018', 'NN202', 'Tiếng Trung cơ bản', 4, 'HK009', 'Học kỳ hè Năm học 2023-2024', 'LHP092', 7.75, 7.5, 7.5, 7.53, 'B', 3.0, TRUE),
    (326, 'HV041', '666283', 'Trần Kim Hạnh', 'MH001', 'IT101', 'Nhập môn Công nghệ thông tin', 3, 'HK014', 'Học kỳ 2 Năm học 2025-2026', 'LHP078', 8.75, 8.75, 7.75, 8.05, 'B+', 3.5, TRUE),
    (327, 'HV046', '633567', 'Đỗ Bảo Yến', 'MH011', 'KT102', 'Kinh tế vĩ mô', 3, 'HK008', 'Học kỳ 2 Năm học 2023-2024', 'LHP011', 9.75, 9.25, 7.5, 8.07, 'B+', 3.5, TRUE),
    (328, 'HV004', '652953', 'Lê Đức Phúc', 'MH001', 'IT101', 'Nhập môn Công nghệ thông tin', 3, 'HK008', 'Học kỳ 2 Năm học 2023-2024', 'LHP025', 7.5, 6.0, 7.75, 7.38, 'B', 3.0, TRUE),
    (329, 'HV035', '656508', 'Lê Hải Phương', 'MH011', 'KT102', 'Kinh tế vĩ mô', 3, 'HK012', 'Học kỳ hè Năm học 2024-2025', 'LHP058', 9.5, 10.0, 9.75, 9.77, 'A+', 4.0, TRUE),
    (330, 'HV023', '678860', 'Bùi Quang Nguyệt', 'MH018', 'NN202', 'Tiếng Trung cơ bản', 4, 'HK012', 'Học kỳ hè Năm học 2024-2025', 'LHP103', 9.5, 9.5, 8.5, 8.8, 'A', 4.0, TRUE),
    (331, 'HV043', '676656', 'Hoàng Tuấn Phúc', 'MH001', 'IT101', 'Nhập môn Công nghệ thông tin', 3, 'HK005', 'Học kỳ 2 Năm học 2022-2023', 'LHP007', 8.0, 8.25, 9.75, 9.27, 'A+', 4.0, TRUE),
    (332, 'HV031', '679202', 'Lý Quang Hạnh', 'MH016', 'NN102', 'Tiếng Anh học thuật', 3, 'HK011', 'Học kỳ 2 Năm học 2024-2025', 'LHP081', 8.5, 7.5, 8.75, 8.47, 'B+', 3.5, TRUE),
    (333, 'HV027', '657798', 'Lê Thị Việt', 'MH001', 'IT101', 'Nhập môn Công nghệ thông tin', 3, 'HK014', 'Học kỳ 2 Năm học 2025-2026', 'LHP078', 9.5, 9.5, 8.75, 8.97, 'A', 4.0, TRUE),
    (334, 'HV040', '633301', 'Vũ Thị Phương', 'MH005', 'IT203', 'Mạng máy tính', 3, 'HK011', 'Học kỳ 2 Năm học 2024-2025', 'LHP100', 8.5, 9.0, 8.75, 8.78, 'A', 4.0, TRUE),
    (335, 'HV022', '675392', 'Ngô Quang Phương', 'MH009', 'IT304', 'An toàn và bảo mật thông tin', 3, 'HK003', 'Học kỳ hè Năm học 2021-2022', 'LHP107', 7.75, 10.0, 9.0, 9.07, 'A+', 4.0, TRUE),
    (336, 'HV037', '665362', 'Dương Đức Hương', 'MH022', 'QS202', 'Kỹ thuật quân sự', 3, 'HK015', 'Học kỳ hè Năm học 2025-2026', 'LHP024', 9.25, 10.0, 10.0, 9.93, 'A+', 4.0, TRUE),
    (337, 'HV016', '642135', 'Lý Minh Xuân', 'MH014', 'KT301', 'Kinh tế lượng', 3, 'HK002', 'Học kỳ 2 Năm học 2021-2022', 'LHP117', 10.0, 8.0, 9.75, 9.42, 'A+', 4.0, TRUE),
    (338, 'HV026', '658439', 'Vũ Hữu Bình', 'MH018', 'NN202', 'Tiếng Trung cơ bản', 4, 'HK012', 'Học kỳ hè Năm học 2024-2025', 'LHP103', 8.75, 9.5, 10.0, 9.78, 'A+', 4.0, TRUE),
    (339, 'HV010', '645051', 'Nguyễn Phương Dũng', 'MH012', 'KT201', 'Nguyên lý kế toán', 4, 'HK013', 'Học kỳ 1 Năm học 2025-2026', 'LHP005', 7.75, 7.5, 7.5, 7.53, 'B', 3.0, TRUE),
    (340, 'HV042', '649420', 'Vũ Kim Xuân', 'MH014', 'KT301', 'Kinh tế lượng', 3, 'HK008', 'Học kỳ 2 Năm học 2023-2024', 'LHP072', 6.25, 6.75, 6.75, 6.7, 'C+', 2.5, TRUE),
    (341, 'HV006', '652106', 'Đỗ Thanh Yến', 'MH010', 'KT101', 'Kinh tế vi mô', 3, 'HK003', 'Học kỳ hè Năm học 2021-2022', 'LHP112', 7.75, 7.75, 8.5, 8.27, 'B+', 3.5, TRUE),
    (342, 'HV043', '676656', 'Hoàng Tuấn Phúc', 'MH007', 'IT302', 'Trí tuệ nhân tạo', 3, 'HK001', 'Học kỳ 1 Năm học 2021-2022', 'LHP042', 8.5, 9.5, 8.0, 8.35, 'B+', 3.5, TRUE),
    (343, 'HV034', '671591', 'Hoàng Hải Anh', 'MH018', 'NN202', 'Tiếng Trung cơ bản', 4, 'HK012', 'Học kỳ hè Năm học 2024-2025', 'LHP103', 8.5, 9.25, 9.0, 9.0, 'A+', 4.0, TRUE),
    (344, 'HV034', '671591', 'Hoàng Hải Anh', 'MH007', 'IT302', 'Trí tuệ nhân tạo', 3, 'HK010', 'Học kỳ 1 Năm học 2024-2025', 'LHP028', 8.75, 8.25, 9.75, 9.35, 'A+', 4.0, TRUE),
    (345, 'HV001', '676156', 'Lê Kim Dũng', 'MH022', 'QS202', 'Kỹ thuật quân sự', 3, 'HK013', 'Học kỳ 1 Năm học 2025-2026', 'LHP118', 10.0, 9.0, 9.75, 9.62, 'A+', 4.0, TRUE),
    (346, 'HV036', '638647', 'Lý Thị Tùng', 'MH013', 'KT202', 'Tài chính doanh nghiệp', 3, 'HK005', 'Học kỳ 2 Năm học 2022-2023', 'LHP048', 7.5, 6.5, 7.75, 7.47, 'B', 3.0, TRUE),
    (347, 'HV002', '634405', 'Hoàng Văn Phúc', 'MH015', 'NN101', 'Tiếng Anh cơ bản', 4, 'HK001', 'Học kỳ 1 Năm học 2021-2022', 'LHP054', 5.75, 7.25, 7.0, 6.92, 'C+', 2.5, TRUE),
    (348, 'HV013', '642525', 'Nguyễn Minh Quân', 'MH014', 'KT301', 'Kinh tế lượng', 3, 'HK008', 'Học kỳ 2 Năm học 2023-2024', 'LHP071', 6.75, 7.25, 6.75, 6.85, 'C+', 2.5, TRUE),
    (349, 'HV015', '631537', 'Nguyễn Kim Quân', 'MH005', 'IT203', 'Mạng máy tính', 3, 'HK002', 'Học kỳ 2 Năm học 2021-2022', 'LHP090', 10.0, 8.75, 8.75, 8.88, 'A', 4.0, TRUE),
    (350, 'HV015', '631537', 'Nguyễn Kim Quân', 'MH003', 'IT201', 'Cấu trúc dữ liệu và giải thuật', 4, 'HK009', 'Học kỳ hè Năm học 2023-2024', 'LHP013', 9.5, 10.0, 10.0, 9.95, 'A+', 4.0, TRUE),
    (351, 'HV026', '658439', 'Vũ Hữu Bình', 'MH016', 'NN102', 'Tiếng Anh học thuật', 3, 'HK015', 'Học kỳ hè Năm học 2025-2026', 'LHP099', 9.5, 9.75, 8.75, 9.03, 'A+', 4.0, TRUE),
    (352, 'HV005', '678070', 'Nguyễn Hải Hương', 'MH015', 'NN101', 'Tiếng Anh cơ bản', 4, 'HK013', 'Học kỳ 1 Năm học 2025-2026', 'LHP091', 8.0, 7.5, 9.25, 8.77, 'A', 4.0, TRUE),
    (353, 'HV008', '645479', 'Trần Thanh Sơn', 'MH003', 'IT201', 'Cấu trúc dữ liệu và giải thuật', 4, 'HK001', 'Học kỳ 1 Năm học 2021-2022', 'LHP035', 7.25, 7.5, 6.75, 6.95, 'C+', 2.5, TRUE),
    (354, 'HV022', '675392', 'Ngô Quang Phương', 'MH002', 'IT102', 'Lập trình cơ bản', 4, 'HK013', 'Học kỳ 1 Năm học 2025-2026', 'LHP033', 8.25, 7.25, 8.75, 8.4, 'B+', 3.5, TRUE),
    (355, 'HV003', '657855', 'Bùi Hữu Việt', 'MH014', 'KT301', 'Kinh tế lượng', 3, 'HK009', 'Học kỳ hè Năm học 2023-2024', 'LHP001', 7.75, 8.75, 7.75, 7.95, 'B', 3.0, TRUE),
    (356, 'HV045', '633511', 'Bùi Ngọc Xuân', 'MH001', 'IT101', 'Nhập môn Công nghệ thông tin', 3, 'HK013', 'Học kỳ 1 Năm học 2025-2026', 'LHP082', 6.5, 8.0, 7.0, 7.15, 'B', 3.0, TRUE),
    (357, 'HV042', '649420', 'Vũ Kim Xuân', 'MH010', 'KT101', 'Kinh tế vi mô', 3, 'HK015', 'Học kỳ hè Năm học 2025-2026', 'LHP060', 7.0, 6.75, 7.0, 6.95, 'C+', 2.5, TRUE),
    (358, 'HV022', '675392', 'Ngô Quang Phương', 'MH010', 'KT101', 'Kinh tế vi mô', 3, 'HK007', 'Học kỳ 1 Năm học 2023-2024', 'LHP059', 8.25, 8.25, 7.0, 7.38, 'B', 3.0, TRUE),
    (359, 'HV050', '658318', 'Phạm Văn Minh', 'MH001', 'IT101', 'Nhập môn Công nghệ thông tin', 3, 'HK008', 'Học kỳ 2 Năm học 2023-2024', 'LHP025', 8.5, 8.5, 7.75, 7.97, 'B', 3.0, TRUE),
    (360, 'HV017', '643692', 'Trần Kim Linh', 'MH018', 'NN202', 'Tiếng Trung cơ bản', 4, 'HK006', 'Học kỳ hè Năm học 2022-2023', 'LHP115', 10.0, 8.5, 7.25, 7.77, 'B', 3.0, TRUE),
    (361, 'HV001', '676156', 'Lê Kim Dũng', 'MH008', 'IT303', 'Học máy', 3, 'HK008', 'Học kỳ 2 Năm học 2023-2024', 'LHP073', 8.25, 10.0, 8.0, 8.43, 'B+', 3.5, TRUE),
    (362, 'HV045', '633511', 'Bùi Ngọc Xuân', 'MH003', 'IT201', 'Cấu trúc dữ liệu và giải thuật', 4, 'HK009', 'Học kỳ hè Năm học 2023-2024', 'LHP013', 5.75, 6.0, 7.25, 6.85, 'C+', 2.5, TRUE),
    (363, 'HV009', '643611', 'Vũ Phương Hoa', 'MH007', 'IT302', 'Trí tuệ nhân tạo', 3, 'HK010', 'Học kỳ 1 Năm học 2024-2025', 'LHP028', 8.25, 7.0, 9.25, 8.7, 'A', 4.0, TRUE),
    (364, 'HV042', '649420', 'Vũ Kim Xuân', 'MH002', 'IT102', 'Lập trình cơ bản', 4, 'HK013', 'Học kỳ 1 Năm học 2025-2026', 'LHP031', 9.5, 6.75, 8.0, 7.9, 'B', 3.0, TRUE),
    (365, 'HV038', '645515', 'Ngô Tuấn Em', 'MH015', 'NN101', 'Tiếng Anh cơ bản', 4, 'HK002', 'Học kỳ 2 Năm học 2021-2022', 'LHP074', 7.5, 8.5, 6.75, 7.17, 'B', 3.0, TRUE),
    (366, 'HV023', '678860', 'Bùi Quang Nguyệt', 'MH010', 'KT101', 'Kinh tế vi mô', 3, 'HK013', 'Học kỳ 1 Năm học 2025-2026', 'LHP032', 9.0, 8.0, 8.25, 8.27, 'B+', 3.5, TRUE),
    (367, 'HV033', '643785', 'Vũ Hữu Hương', 'MH005', 'IT203', 'Mạng máy tính', 3, 'HK006', 'Học kỳ hè Năm học 2022-2023', 'LHP046', 8.0, 8.75, 8.25, 8.32, 'B+', 3.5, TRUE),
    (368, 'HV018', '639962', 'Lê Tuấn Quân', 'MH016', 'NN102', 'Tiếng Anh học thuật', 3, 'HK009', 'Học kỳ hè Năm học 2023-2024', 'LHP014', 7.75, 6.25, 7.5, 7.28, 'B', 3.0, TRUE),
    (369, 'HV010', '645051', 'Nguyễn Phương Dũng', 'MH017', 'NN201', 'Tiếng Anh chuyên ngành', 3, 'HK015', 'Học kỳ hè Năm học 2025-2026', 'LHP084', 8.0, 8.25, 8.25, 8.22, 'B+', 3.5, TRUE),
    (370, 'HV033', '643785', 'Vũ Hữu Hương', 'MH022', 'QS202', 'Kỹ thuật quân sự', 3, 'HK015', 'Học kỳ hè Năm học 2025-2026', 'LHP020', 8.75, 8.75, 9.0, 8.93, 'A', 4.0, TRUE),
    (371, 'HV016', '642135', 'Lý Minh Xuân', 'MH022', 'QS202', 'Kỹ thuật quân sự', 3, 'HK015', 'Học kỳ hè Năm học 2025-2026', 'LHP024', 9.5, 8.5, 10.0, 9.65, 'A+', 4.0, TRUE),
    (372, 'HV008', '645479', 'Trần Thanh Sơn', 'MH021', 'QS201', 'Chiến thuật bộ binh', 3, 'HK001', 'Học kỳ 1 Năm học 2021-2022', 'LHP050', 8.0, 7.25, 7.25, 7.32, 'B', 3.0, TRUE),
    (373, 'HV032', '675421', 'Trần Văn Hương', 'MH008', 'IT303', 'Học máy', 3, 'HK008', 'Học kỳ 2 Năm học 2023-2024', 'LHP073', 7.0, 6.25, 6.25, 6.33, 'C+', 2.5, TRUE),
    (374, 'HV034', '671591', 'Hoàng Hải Anh', 'MH017', 'NN201', 'Tiếng Anh chuyên ngành', 3, 'HK003', 'Học kỳ hè Năm học 2021-2022', 'LHP040', 8.5, 7.75, 8.25, 8.18, 'B+', 3.5, TRUE),
    (375, 'HV038', '645515', 'Ngô Tuấn Em', 'MH019', 'QS101', 'Giáo dục Quốc phòng', 2, 'HK005', 'Học kỳ 2 Năm học 2022-2023', 'LHP070', 8.25, 8.25, 8.25, 8.25, 'B+', 3.5, TRUE),
    (376, 'HV049', '638542', 'Hồ Hữu Giang', 'MH001', 'IT101', 'Nhập môn Công nghệ thông tin', 3, 'HK006', 'Học kỳ hè Năm học 2022-2023', 'LHP101', 9.25, 9.25, 8.75, 8.9, 'A', 4.0, TRUE),
    (377, 'HV044', '674328', 'Dương Thị Tùng', 'MH001', 'IT101', 'Nhập môn Công nghệ thông tin', 3, 'HK006', 'Học kỳ hè Năm học 2022-2023', 'LHP101', 9.5, 10.0, 10.0, 9.95, 'A+', 4.0, TRUE),
    (378, 'HV022', '675392', 'Ngô Quang Phương', 'MH020', 'QS102', 'Điều lệnh Quân đội', 2, 'HK002', 'Học kỳ 2 Năm học 2021-2022', 'LHP114', 7.0, 9.5, 8.25, 8.38, 'B+', 3.5, TRUE),
    (379, 'HV010', '645051', 'Nguyễn Phương Dũng', 'MH016', 'NN102', 'Tiếng Anh học thuật', 3, 'HK007', 'Học kỳ 1 Năm học 2023-2024', 'LHP056', 7.0, 8.25, 8.5, 8.3, 'B+', 3.5, TRUE),
    (380, 'HV020', '647942', 'Dương Phương Giang', 'MH008', 'IT303', 'Học máy', 3, 'HK014', 'Học kỳ 2 Năm học 2025-2026', 'LHP097', 8.5, 9.5, 8.75, 8.88, 'A', 4.0, TRUE),
    (381, 'HV048', '671744', 'Đặng Quang Chiến', 'MH021', 'QS201', 'Chiến thuật bộ binh', 3, 'HK002', 'Học kỳ 2 Năm học 2021-2022', 'LHP037', 6.75, 8.0, 7.25, 7.35, 'B', 3.0, TRUE),
    (382, 'HV046', '633567', 'Đỗ Bảo Yến', 'MH010', 'KT101', 'Kinh tế vi mô', 3, 'HK015', 'Học kỳ hè Năm học 2025-2026', 'LHP060', 8.0, 8.25, 8.5, 8.4, 'B+', 3.5, TRUE),
    (383, 'HV039', '665288', 'Phạm Bảo Sơn', 'MH017', 'NN201', 'Tiếng Anh chuyên ngành', 3, 'HK015', 'Học kỳ hè Năm học 2025-2026', 'LHP084', 7.0, 8.0, 7.25, 7.38, 'B', 3.0, TRUE),
    (384, 'HV023', '678860', 'Bùi Quang Nguyệt', 'MH006', 'IT301', 'Phát triển ứng dụng Web', 3, 'HK008', 'Học kỳ 2 Năm học 2023-2024', 'LHP041', 7.75, 8.25, 7.75, 7.85, 'B', 3.0, TRUE),
    (385, 'HV002', '634405', 'Hoàng Văn Phúc', 'MH012', 'KT201', 'Nguyên lý kế toán', 4, 'HK003', 'Học kỳ hè Năm học 2021-2022', 'LHP022', 7.5, 6.0, 4.75, 5.28, 'D+', 1.5, TRUE),
    (386, 'HV014', '658860', 'Bùi Kim Linh', 'MH002', 'IT102', 'Lập trình cơ bản', 4, 'HK010', 'Học kỳ 1 Năm học 2024-2025', 'LHP106', 9.0, 8.0, 7.75, 7.92, 'B', 3.0, TRUE),
    (387, 'HV027', '657798', 'Lê Thị Việt', 'MH002', 'IT102', 'Lập trình cơ bản', 4, 'HK014', 'Học kỳ 2 Năm học 2025-2026', 'LHP045', 9.0, 9.25, 8.0, 8.35, 'B+', 3.5, TRUE),
    (388, 'HV008', '645479', 'Trần Thanh Sơn', 'MH015', 'NN101', 'Tiếng Anh cơ bản', 4, 'HK002', 'Học kỳ 2 Năm học 2021-2022', 'LHP074', 9.0, 8.25, 8.75, 8.68, 'A', 4.0, TRUE),
    (389, 'HV047', '658219', 'Đặng Hữu Yến', 'MH010', 'KT101', 'Kinh tế vi mô', 3, 'HK015', 'Học kỳ hè Năm học 2025-2026', 'LHP060', 7.5, 8.0, 8.5, 8.3, 'B+', 3.5, TRUE),
    (390, 'HV021', '655647', 'Nguyễn Quang Em', 'MH014', 'KT301', 'Kinh tế lượng', 3, 'HK009', 'Học kỳ hè Năm học 2023-2024', 'LHP001', 9.0, 7.0, 6.75, 7.03, 'B', 3.0, TRUE),
    (391, 'HV040', '633301', 'Vũ Thị Phương', 'MH009', 'IT304', 'An toàn và bảo mật thông tin', 3, 'HK003', 'Học kỳ hè Năm học 2021-2022', 'LHP107', 9.0, 8.25, 9.5, 9.2, 'A+', 4.0, TRUE),
    (392, 'HV004', '652953', 'Lê Đức Phúc', 'MH010', 'KT101', 'Kinh tế vi mô', 3, 'HK015', 'Học kỳ hè Năm học 2025-2026', 'LHP060', 5.25, 8.0, 5.75, 6.15, 'C+', 2.5, TRUE),
    (393, 'HV027', '657798', 'Lê Thị Việt', 'MH021', 'QS201', 'Chiến thuật bộ binh', 3, 'HK001', 'Học kỳ 1 Năm học 2021-2022', 'LHP010', 9.0, 8.5, 10.0, 9.6, 'A+', 4.0, TRUE),
    (394, 'HV036', '638647', 'Lý Thị Tùng', 'MH001', 'IT101', 'Nhập môn Công nghệ thông tin', 3, 'HK013', 'Học kỳ 1 Năm học 2025-2026', 'LHP082', 10.0, 7.5, 8.5, 8.45, 'B+', 3.5, TRUE),
    (395, 'HV016', '642135', 'Lý Minh Xuân', 'MH020', 'QS102', 'Điều lệnh Quân đội', 2, 'HK008', 'Học kỳ 2 Năm học 2023-2024', 'LHP053', 8.25, 9.25, 7.75, 8.1, 'B+', 3.5, TRUE),
    (396, 'HV040', '633301', 'Vũ Thị Phương', 'MH007', 'IT302', 'Trí tuệ nhân tạo', 3, 'HK010', 'Học kỳ 1 Năm học 2024-2025', 'LHP028', 10.0, 8.0, 9.25, 9.07, 'A+', 4.0, TRUE),
    (397, 'HV012', '648673', 'Lý Hải Phương', 'MH016', 'NN102', 'Tiếng Anh học thuật', 3, 'HK015', 'Học kỳ hè Năm học 2025-2026', 'LHP099', 7.5, 8.75, 9.0, 8.8, 'A', 4.0, TRUE),
    (398, 'HV041', '666283', 'Trần Kim Hạnh', 'MH014', 'KT301', 'Kinh tế lượng', 3, 'HK004', 'Học kỳ 1 Năm học 2022-2023', 'LHP096', 8.0, 7.75, 7.5, 7.6, 'B', 3.0, TRUE),
    (399, 'HV038', '645515', 'Ngô Tuấn Em', 'MH001', 'IT101', 'Nhập môn Công nghệ thông tin', 3, 'HK013', 'Học kỳ 1 Năm học 2025-2026', 'LHP082', 6.5, 7.25, 7.5, 7.35, 'B', 3.0, TRUE),
    (400, 'HV003', '657855', 'Bùi Hữu Việt', 'MH021', 'QS201', 'Chiến thuật bộ binh', 3, 'HK014', 'Học kỳ 2 Năm học 2025-2026', 'LHP012', 8.25, 9.0, 7.25, 7.7, 'B', 3.0, TRUE),
    (401, 'HV036', '638647', 'Lý Thị Tùng', 'MH008', 'IT303', 'Học máy', 3, 'HK008', 'Học kỳ 2 Năm học 2023-2024', 'LHP073', 6.75, 7.75, 9.5, 8.88, 'A', 4.0, TRUE),
    (402, 'HV032', '675421', 'Trần Văn Hương', 'MH001', 'IT101', 'Nhập môn Công nghệ thông tin', 3, 'HK015', 'Học kỳ hè Năm học 2025-2026', 'LHP044', 6.0, 6.5, 5.0, 5.4, 'D+', 1.5, TRUE),
    (403, 'HV023', '678860', 'Bùi Quang Nguyệt', 'MH003', 'IT201', 'Cấu trúc dữ liệu và giải thuật', 4, 'HK009', 'Học kỳ hè Năm học 2023-2024', 'LHP013', 9.75, 9.25, 10.0, 9.82, 'A+', 4.0, TRUE),
    (404, 'HV013', '642525', 'Nguyễn Minh Quân', 'MH007', 'IT302', 'Trí tuệ nhân tạo', 3, 'HK001', 'Học kỳ 1 Năm học 2021-2022', 'LHP042', 6.75, 7.0, 8.5, 8.02, 'B+', 3.5, TRUE),
    (405, 'HV016', '642135', 'Lý Minh Xuân', 'MH017', 'NN201', 'Tiếng Anh chuyên ngành', 3, 'HK003', 'Học kỳ hè Năm học 2021-2022', 'LHP040', 8.75, 10.0, 8.5, 8.82, 'A', 4.0, TRUE),
    (406, 'HV036', '638647', 'Lý Thị Tùng', 'MH021', 'QS201', 'Chiến thuật bộ binh', 3, 'HK001', 'Học kỳ 1 Năm học 2021-2022', 'LHP050', 7.25, 8.25, 7.75, 7.8, 'B', 3.0, TRUE),
    (407, 'HV034', '671591', 'Hoàng Hải Anh', 'MH011', 'KT102', 'Kinh tế vĩ mô', 3, 'HK012', 'Học kỳ hè Năm học 2024-2025', 'LHP058', 9.0, 9.0, 7.0, 7.6, 'B', 3.0, TRUE),
    (408, 'HV035', '656508', 'Lê Hải Phương', 'MH013', 'KT202', 'Tài chính doanh nghiệp', 3, 'HK007', 'Học kỳ 1 Năm học 2023-2024', 'LHP094', 10.0, 10.0, 9.75, 9.82, 'A+', 4.0, TRUE),
    (409, 'HV011', '674738', 'Lý Minh Linh', 'MH005', 'IT203', 'Mạng máy tính', 3, 'HK012', 'Học kỳ hè Năm học 2024-2025', 'LHP098', 7.75, 7.5, 7.75, 7.7, 'B', 3.0, TRUE),
    (410, 'HV014', '658860', 'Bùi Kim Linh', 'MH011', 'KT102', 'Kinh tế vĩ mô', 3, 'HK008', 'Học kỳ 2 Năm học 2023-2024', 'LHP011', 8.25, 7.75, 8.5, 8.32, 'B+', 3.5, TRUE),
    (411, 'HV039', '665288', 'Phạm Bảo Sơn', 'MH004', 'IT202', 'Cơ sở dữ liệu', 3, 'HK005', 'Học kỳ 2 Năm học 2022-2023', 'LHP119', 7.5, 7.5, 7.75, 7.67, 'B', 3.0, TRUE),
    (412, 'HV045', '633511', 'Bùi Ngọc Xuân', 'MH021', 'QS201', 'Chiến thuật bộ binh', 3, 'HK007', 'Học kỳ 1 Năm học 2023-2024', 'LHP016', 6.5, 6.5, 8.25, 7.72, 'B', 3.0, TRUE),
    (413, 'HV017', '643692', 'Trần Kim Linh', 'MH014', 'KT301', 'Kinh tế lượng', 3, 'HK005', 'Học kỳ 2 Năm học 2022-2023', 'LHP080', 9.0, 7.75, 9.25, 8.93, 'A', 4.0, TRUE),
    (414, 'HV035', '656508', 'Lê Hải Phương', 'MH006', 'IT301', 'Phát triển ứng dụng Web', 3, 'HK008', 'Học kỳ 2 Năm học 2023-2024', 'LHP041', 10.0, 9.25, 9.75, 9.67, 'A+', 4.0, TRUE),
    (415, 'HV005', '678070', 'Nguyễn Hải Hương', 'MH003', 'IT201', 'Cấu trúc dữ liệu và giải thuật', 4, 'HK005', 'Học kỳ 2 Năm học 2022-2023', 'LHP002', 8.25, 8.75, 7.25, 7.65, 'B', 3.0, TRUE),
    (416, 'HV027', '657798', 'Lê Thị Việt', 'MH004', 'IT202', 'Cơ sở dữ liệu', 3, 'HK004', 'Học kỳ 1 Năm học 2022-2023', 'LHP034', 8.0, 10.0, 9.25, 9.27, 'A+', 4.0, TRUE),
    (417, 'HV041', '666283', 'Trần Kim Hạnh', 'MH006', 'IT301', 'Phát triển ứng dụng Web', 3, 'HK008', 'Học kỳ 2 Năm học 2023-2024', 'LHP041', 8.0, 6.75, 7.25, 7.22, 'B', 3.0, TRUE),
    (418, 'HV037', '665362', 'Dương Đức Hương', 'MH018', 'NN202', 'Tiếng Trung cơ bản', 4, 'HK012', 'Học kỳ hè Năm học 2024-2025', 'LHP103', 7.75, 9.25, 9.75, 9.45, 'A+', 4.0, TRUE),
    (419, 'HV037', '665362', 'Dương Đức Hương', 'MH012', 'KT201', 'Nguyên lý kế toán', 4, 'HK003', 'Học kỳ hè Năm học 2021-2022', 'LHP022', 9.25, 9.75, 9.25, 9.35, 'A+', 4.0, TRUE),
    (420, 'HV015', '631537', 'Nguyễn Kim Quân', 'MH015', 'NN101', 'Tiếng Anh cơ bản', 4, 'HK014', 'Học kỳ 2 Năm học 2025-2026', 'LHP111', 9.5, 10.0, 9.5, 9.6, 'A+', 4.0, TRUE),
    (421, 'HV015', '631537', 'Nguyễn Kim Quân', 'MH021', 'QS201', 'Chiến thuật bộ binh', 3, 'HK007', 'Học kỳ 1 Năm học 2023-2024', 'LHP016', 9.75, 9.5, 7.5, 8.12, 'B+', 3.5, TRUE),
    (422, 'HV001', '676156', 'Lê Kim Dũng', 'MH005', 'IT203', 'Mạng máy tính', 3, 'HK015', 'Học kỳ hè Năm học 2025-2026', 'LHP104', 7.5, 7.5, 9.5, 8.9, 'A', 4.0, TRUE),
    (423, 'HV046', '633567', 'Đỗ Bảo Yến', 'MH004', 'IT202', 'Cơ sở dữ liệu', 3, 'HK001', 'Học kỳ 1 Năm học 2021-2022', 'LHP036', 8.25, 8.5, 7.75, 7.95, 'B', 3.0, TRUE),
    (424, 'HV003', '657855', 'Bùi Hữu Việt', 'MH011', 'KT102', 'Kinh tế vĩ mô', 3, 'HK006', 'Học kỳ hè Năm học 2022-2023', 'LHP102', 8.75, 7.5, 8.25, 8.15, 'B+', 3.5, TRUE),
    (425, 'HV018', '639962', 'Lê Tuấn Quân', 'MH012', 'KT201', 'Nguyên lý kế toán', 4, 'HK003', 'Học kỳ hè Năm học 2021-2022', 'LHP022', 7.75, 5.75, 6.25, 6.3, 'C+', 2.5, TRUE),
    (426, 'HV016', '642135', 'Lý Minh Xuân', 'MH003', 'IT201', 'Cấu trúc dữ liệu và giải thuật', 4, 'HK002', 'Học kỳ 2 Năm học 2021-2022', 'LHP110', 8.75, 10.0, 10.0, 9.88, 'A+', 4.0, TRUE),
    (427, 'HV026', '658439', 'Vũ Hữu Bình', 'MH001', 'IT101', 'Nhập môn Công nghệ thông tin', 3, 'HK005', 'Học kỳ 2 Năm học 2022-2023', 'LHP007', 10.0, 10.0, 9.0, 9.3, 'A+', 4.0, TRUE),
    (428, 'HV004', '652953', 'Lê Đức Phúc', 'MH005', 'IT203', 'Mạng máy tính', 3, 'HK002', 'Học kỳ 2 Năm học 2021-2022', 'LHP090', 4.25, 4.5, 5.75, 5.35, 'D+', 1.5, TRUE),
    (429, 'HV036', '638647', 'Lý Thị Tùng', 'MH010', 'KT101', 'Kinh tế vi mô', 3, 'HK003', 'Học kỳ hè Năm học 2021-2022', 'LHP112', 6.75, 9.5, 10.0, 9.57, 'A+', 4.0, TRUE),
    (430, 'HV028', '667779', 'Trần Thanh Hạnh', 'MH011', 'KT102', 'Kinh tế vĩ mô', 3, 'HK006', 'Học kỳ hè Năm học 2022-2023', 'LHP102', 7.75, 9.75, 8.25, 8.5, 'A', 4.0, TRUE),
    (431, 'HV049', '638542', 'Hồ Hữu Giang', 'MH019', 'QS101', 'Giáo dục Quốc phòng', 2, 'HK001', 'Học kỳ 1 Năm học 2021-2022', 'LHP109', 8.75, 9.0, 8.5, 8.62, 'A', 4.0, TRUE),
    (432, 'HV021', '655647', 'Nguyễn Quang Em', 'MH021', 'QS201', 'Chiến thuật bộ binh', 3, 'HK014', 'Học kỳ 2 Năm học 2025-2026', 'LHP012', 8.0, 5.75, 8.5, 7.9, 'B', 3.0, TRUE),
    (433, 'HV023', '678860', 'Bùi Quang Nguyệt', 'MH017', 'NN201', 'Tiếng Anh chuyên ngành', 3, 'HK013', 'Học kỳ 1 Năm học 2025-2026', 'LHP085', 9.0, 7.0, 8.5, 8.25, 'B+', 3.5, TRUE),
    (434, 'HV048', '671744', 'Đặng Quang Chiến', 'MH019', 'QS101', 'Giáo dục Quốc phòng', 2, 'HK005', 'Học kỳ 2 Năm học 2022-2023', 'LHP070', 6.5, 5.5, 6.0, 5.95, 'C', 2.0, TRUE),
    (435, 'HV019', '653162', 'Phạm Văn Hạnh', 'MH001', 'IT101', 'Nhập môn Công nghệ thông tin', 3, 'HK006', 'Học kỳ hè Năm học 2022-2023', 'LHP101', 9.75, 8.25, 7.25, 7.7, 'B', 3.0, TRUE),
    (436, 'HV006', '652106', 'Đỗ Thanh Yến', 'MH001', 'IT101', 'Nhập môn Công nghệ thông tin', 3, 'HK005', 'Học kỳ 2 Năm học 2022-2023', 'LHP007', 8.5, 7.5, 7.5, 7.6, 'B', 3.0, TRUE),
    (437, 'HV028', '667779', 'Trần Thanh Hạnh', 'MH018', 'NN202', 'Tiếng Trung cơ bản', 4, 'HK006', 'Học kỳ hè Năm học 2022-2023', 'LHP115', 8.5, 10.0, 8.25, 8.62, 'A', 4.0, TRUE),
    (438, 'HV040', '633301', 'Vũ Thị Phương', 'MH004', 'IT202', 'Cơ sở dữ liệu', 3, 'HK004', 'Học kỳ 1 Năm học 2022-2023', 'LHP034', 8.5, 8.0, 9.75, 9.27, 'A+', 4.0, TRUE),
    (439, 'HV034', '671591', 'Hoàng Hải Anh', 'MH019', 'QS101', 'Giáo dục Quốc phòng', 2, 'HK001', 'Học kỳ 1 Năm học 2021-2022', 'LHP109', 7.25, 8.75, 8.5, 8.42, 'B+', 3.5, TRUE),
    (440, 'HV043', '676656', 'Hoàng Tuấn Phúc', 'MH004', 'IT202', 'Cơ sở dữ liệu', 3, 'HK001', 'Học kỳ 1 Năm học 2021-2022', 'LHP036', 8.0, 8.0, 8.25, 8.18, 'B+', 3.5, TRUE),
    (441, 'HV040', '633301', 'Vũ Thị Phương', 'MH021', 'QS201', 'Chiến thuật bộ binh', 3, 'HK002', 'Học kỳ 2 Năm học 2021-2022', 'LHP037', 9.25, 9.0, 9.0, 9.03, 'A+', 4.0, TRUE),
    (442, 'HV021', '655647', 'Nguyễn Quang Em', 'MH005', 'IT203', 'Mạng máy tính', 3, 'HK002', 'Học kỳ 2 Năm học 2021-2022', 'LHP090', 7.75, 8.0, 8.5, 8.32, 'B+', 3.5, TRUE),
    (443, 'HV015', '631537', 'Nguyễn Kim Quân', 'MH006', 'IT301', 'Phát triển ứng dụng Web', 3, 'HK008', 'Học kỳ 2 Năm học 2023-2024', 'LHP041', 9.5, 10.0, 9.5, 9.6, 'A+', 4.0, TRUE),
    (444, 'HV007', '651610', 'Lê Văn Nguyệt', 'MH022', 'QS202', 'Kỹ thuật quân sự', 3, 'HK015', 'Học kỳ hè Năm học 2025-2026', 'LHP024', 7.5, 7.75, 7.0, 7.2, 'B', 3.0, TRUE),
    (445, 'HV035', '656508', 'Lê Hải Phương', 'MH007', 'IT302', 'Trí tuệ nhân tạo', 3, 'HK010', 'Học kỳ 1 Năm học 2024-2025', 'LHP028', 10.0, 9.25, 9.0, 9.15, 'A+', 4.0, TRUE),
    (446, 'HV039', '665288', 'Phạm Bảo Sơn', 'MH006', 'IT301', 'Phát triển ứng dụng Web', 3, 'HK008', 'Học kỳ 2 Năm học 2023-2024', 'LHP041', 7.0, 7.5, 5.75, 6.22, 'C+', 2.5, TRUE),
    (447, 'HV003', '657855', 'Bùi Hữu Việt', 'MH005', 'IT203', 'Mạng máy tính', 3, 'HK005', 'Học kỳ 2 Năm học 2022-2023', 'LHP047', 8.25, 7.25, 7.5, 7.53, 'B', 3.0, TRUE),
    (448, 'HV021', '655647', 'Nguyễn Quang Em', 'MH018', 'NN202', 'Tiếng Trung cơ bản', 4, 'HK006', 'Học kỳ hè Năm học 2022-2023', 'LHP115', 6.75, 6.25, 7.5, 7.17, 'B', 3.0, TRUE),
    (449, 'HV047', '658219', 'Đặng Hữu Yến', 'MH016', 'NN102', 'Tiếng Anh học thuật', 3, 'HK011', 'Học kỳ 2 Năm học 2024-2025', 'LHP081', 8.0, 9.25, 8.0, 8.25, 'B+', 3.5, TRUE),
    (450, 'HV003', '657855', 'Bùi Hữu Việt', 'MH015', 'NN101', 'Tiếng Anh cơ bản', 4, 'HK002', 'Học kỳ 2 Năm học 2021-2022', 'LHP074', 8.75, 8.5, 8.5, 8.52, 'A', 4.0, TRUE),
    (451, 'HV011', '674738', 'Lý Minh Linh', 'MH001', 'IT101', 'Nhập môn Công nghệ thông tin', 3, 'HK005', 'Học kỳ 2 Năm học 2022-2023', 'LHP007', 8.5, 7.75, 8.5, 8.35, 'B+', 3.5, TRUE),
    (452, 'HV046', '633567', 'Đỗ Bảo Yến', 'MH018', 'NN202', 'Tiếng Trung cơ bản', 4, 'HK009', 'Học kỳ hè Năm học 2023-2024', 'LHP092', 7.75, 9.75, 8.25, 8.5, 'A', 4.0, TRUE),
    (453, 'HV036', '638647', 'Lý Thị Tùng', 'MH005', 'IT203', 'Mạng máy tính', 3, 'HK005', 'Học kỳ 2 Năm học 2022-2023', 'LHP047', 7.75, 7.25, 7.75, 7.65, 'B', 3.0, TRUE),
    (454, 'HV011', '674738', 'Lý Minh Linh', 'MH020', 'QS102', 'Điều lệnh Quân đội', 2, 'HK002', 'Học kỳ 2 Năm học 2021-2022', 'LHP114', 9.5, 7.75, 7.75, 7.92, 'B', 3.0, TRUE),
    (455, 'HV018', '639962', 'Lê Tuấn Quân', 'MH022', 'QS202', 'Kỹ thuật quân sự', 3, 'HK013', 'Học kỳ 1 Năm học 2025-2026', 'LHP118', 7.5, 5.25, 5.5, 5.65, 'C', 2.0, TRUE),
    (456, 'HV031', '679202', 'Lý Quang Hạnh', 'MH017', 'NN201', 'Tiếng Anh chuyên ngành', 3, 'HK003', 'Học kỳ hè Năm học 2021-2022', 'LHP040', 10.0, 9.5, 10.0, 9.9, 'A+', 4.0, TRUE),
    (457, 'HV007', '651610', 'Lê Văn Nguyệt', 'MH002', 'IT102', 'Lập trình cơ bản', 4, 'HK003', 'Học kỳ hè Năm học 2021-2022', 'LHP113', 7.0, 6.75, 6.25, 6.43, 'C+', 2.5, TRUE),
    (458, 'HV048', '671744', 'Đặng Quang Chiến', 'MH020', 'QS102', 'Điều lệnh Quân đội', 2, 'HK002', 'Học kỳ 2 Năm học 2021-2022', 'LHP114', 7.0, 9.0, 4.5, 5.65, 'C', 2.0, TRUE),
    (459, 'HV032', '675421', 'Trần Văn Hương', 'MH012', 'KT201', 'Nguyên lý kế toán', 4, 'HK003', 'Học kỳ hè Năm học 2021-2022', 'LHP022', 6.75, 5.75, 6.75, 6.55, 'C+', 2.5, TRUE),
    (460, 'HV020', '647942', 'Dương Phương Giang', 'MH019', 'QS101', 'Giáo dục Quốc phòng', 2, 'HK015', 'Học kỳ hè Năm học 2025-2026', 'LHP089', 8.25, 8.25, 8.75, 8.6, 'A', 4.0, TRUE),
    (461, 'HV032', '675421', 'Trần Văn Hương', 'MH021', 'QS201', 'Chiến thuật bộ binh', 3, 'HK007', 'Học kỳ 1 Năm học 2023-2024', 'LHP016', 7.0, 6.25, 6.0, 6.15, 'C+', 2.5, TRUE),
    (462, 'HV042', '649420', 'Vũ Kim Xuân', 'MH005', 'IT203', 'Mạng máy tính', 3, 'HK006', 'Học kỳ hè Năm học 2022-2023', 'LHP046', 5.25, 9.5, 6.0, 6.62, 'C+', 2.5, TRUE),
    (463, 'HV003', '657855', 'Bùi Hữu Việt', 'MH016', 'NN102', 'Tiếng Anh học thuật', 3, 'HK009', 'Học kỳ hè Năm học 2023-2024', 'LHP014', 9.0, 7.25, 7.5, 7.6, 'B', 3.0, TRUE),
    (464, 'HV006', '652106', 'Đỗ Thanh Yến', 'MH006', 'IT301', 'Phát triển ứng dụng Web', 3, 'HK008', 'Học kỳ 2 Năm học 2023-2024', 'LHP041', 8.5, 9.25, 7.75, 8.12, 'B+', 3.5, TRUE),
    (465, 'HV011', '674738', 'Lý Minh Linh', 'MH003', 'IT201', 'Cấu trúc dữ liệu và giải thuật', 4, 'HK005', 'Học kỳ 2 Năm học 2022-2023', 'LHP002', 7.25, 8.5, 8.25, 8.2, 'B+', 3.5, TRUE),
    (466, 'HV039', '665288', 'Phạm Bảo Sơn', 'MH002', 'IT102', 'Lập trình cơ bản', 4, 'HK003', 'Học kỳ hè Năm học 2021-2022', 'LHP113', 7.5, 7.75, 8.0, 7.9, 'B', 3.0, TRUE),
    (467, 'HV037', '665362', 'Dương Đức Hương', 'MH015', 'NN101', 'Tiếng Anh cơ bản', 4, 'HK002', 'Học kỳ 2 Năm học 2021-2022', 'LHP074', 9.25, 9.75, 8.75, 9.0, 'A+', 4.0, TRUE),
    (468, 'HV028', '667779', 'Trần Thanh Hạnh', 'MH019', 'QS101', 'Giáo dục Quốc phòng', 2, 'HK005', 'Học kỳ 2 Năm học 2022-2023', 'LHP070', 7.5, 8.5, 9.0, 8.75, 'A', 4.0, TRUE),
    (469, 'HV014', '658860', 'Bùi Kim Linh', 'MH012', 'KT201', 'Nguyên lý kế toán', 4, 'HK008', 'Học kỳ 2 Năm học 2023-2024', 'LHP064', 8.25, 8.75, 9.25, 9.05, 'A+', 4.0, TRUE),
    (470, 'HV013', '642525', 'Nguyễn Minh Quân', 'MH019', 'QS101', 'Giáo dục Quốc phòng', 2, 'HK015', 'Học kỳ hè Năm học 2025-2026', 'LHP089', 5.5, 8.25, 7.75, 7.62, 'B', 3.0, TRUE),
    (471, 'HV019', '653162', 'Phạm Văn Hạnh', 'MH016', 'NN102', 'Tiếng Anh học thuật', 3, 'HK007', 'Học kỳ 1 Năm học 2023-2024', 'LHP056', 8.0, 9.25, 8.75, 8.78, 'A', 4.0, TRUE),
    (472, 'HV032', '675421', 'Trần Văn Hương', 'MH002', 'IT102', 'Lập trình cơ bản', 4, 'HK013', 'Học kỳ 1 Năm học 2025-2026', 'LHP031', 7.0, 7.0, 6.25, 6.47, 'C+', 2.5, TRUE),
    (473, 'HV036', '638647', 'Lý Thị Tùng', 'MH014', 'KT301', 'Kinh tế lượng', 3, 'HK005', 'Học kỳ 2 Năm học 2022-2023', 'LHP080', 10.0, 8.75, 8.0, 8.35, 'B+', 3.5, TRUE),
    (474, 'HV041', '666283', 'Trần Kim Hạnh', 'MH022', 'QS202', 'Kỹ thuật quân sự', 3, 'HK015', 'Học kỳ hè Năm học 2025-2026', 'LHP024', 8.25, 9.0, 7.75, 8.05, 'B+', 3.5, TRUE),
    (475, 'HV010', '645051', 'Nguyễn Phương Dũng', 'MH015', 'NN101', 'Tiếng Anh cơ bản', 4, 'HK013', 'Học kỳ 1 Năm học 2025-2026', 'LHP091', 8.75, 8.25, 8.0, 8.12, 'B+', 3.5, TRUE),
    (476, 'HV035', '656508', 'Lê Hải Phương', 'MH002', 'IT102', 'Lập trình cơ bản', 4, 'HK010', 'Học kỳ 1 Năm học 2024-2025', 'LHP106', 10.0, 9.5, 10.0, 9.9, 'A+', 4.0, TRUE),
    (477, 'HV020', '647942', 'Dương Phương Giang', 'MH010', 'KT101', 'Kinh tế vi mô', 3, 'HK013', 'Học kỳ 1 Năm học 2025-2026', 'LHP032', 8.5, 7.75, 9.75, 9.22, 'A+', 4.0, TRUE),
    (478, 'HV029', '641724', 'Lý Quang Giang', 'MH018', 'NN202', 'Tiếng Trung cơ bản', 4, 'HK009', 'Học kỳ hè Năm học 2023-2024', 'LHP092', 7.25, 7.25, 7.0, 7.07, 'B', 3.0, TRUE),
    (479, 'HV001', '676156', 'Lê Kim Dũng', 'MH012', 'KT201', 'Nguyên lý kế toán', 4, 'HK010', 'Học kỳ 1 Năm học 2024-2025', 'LHP023', 9.75, 9.75, 9.25, 9.4, 'A+', 4.0, TRUE),
    (480, 'HV042', '649420', 'Vũ Kim Xuân', 'MH019', 'QS101', 'Giáo dục Quốc phòng', 2, 'HK001', 'Học kỳ 1 Năm học 2021-2022', 'LHP109', 6.75, 5.75, 6.0, 6.02, 'C+', 2.5, TRUE),
    (481, 'HV030', '632151', 'Bùi Bảo Xuân', 'MH021', 'QS201', 'Chiến thuật bộ binh', 3, 'HK002', 'Học kỳ 2 Năm học 2021-2022', 'LHP037', 7.25, 9.5, 8.75, 8.75, 'A', 4.0, TRUE),
    (482, 'HV021', '655647', 'Nguyễn Quang Em', 'MH001', 'IT101', 'Nhập môn Công nghệ thông tin', 3, 'HK014', 'Học kỳ 2 Năm học 2025-2026', 'LHP078', 7.25, 7.0, 7.0, 7.02, 'B', 3.0, TRUE),
    (483, 'HV017', '643692', 'Trần Kim Linh', 'MH015', 'NN101', 'Tiếng Anh cơ bản', 4, 'HK013', 'Học kỳ 1 Năm học 2025-2026', 'LHP091', 9.25, 7.0, 8.75, 8.45, 'B+', 3.5, TRUE),
    (484, 'HV013', '642525', 'Nguyễn Minh Quân', 'MH013', 'KT202', 'Tài chính doanh nghiệp', 3, 'HK005', 'Học kỳ 2 Năm học 2022-2023', 'LHP048', 7.25, 8.0, 9.25, 8.8, 'A', 4.0, TRUE),
    (485, 'HV040', '633301', 'Vũ Thị Phương', 'MH015', 'NN101', 'Tiếng Anh cơ bản', 4, 'HK014', 'Học kỳ 2 Năm học 2025-2026', 'LHP111', 9.5, 10.0, 9.0, 9.25, 'A+', 4.0, TRUE),
    (486, 'HV012', '648673', 'Lý Hải Phương', 'MH010', 'KT101', 'Kinh tế vi mô', 3, 'HK007', 'Học kỳ 1 Năm học 2023-2024', 'LHP059', 8.0, 7.75, 7.75, 7.78, 'B', 3.0, TRUE),
    (487, 'HV010', '645051', 'Nguyễn Phương Dũng', 'MH006', 'IT301', 'Phát triển ứng dụng Web', 3, 'HK008', 'Học kỳ 2 Năm học 2023-2024', 'LHP041', 9.0, 7.0, 7.75, 7.72, 'B', 3.0, TRUE),
    (488, 'HV023', '678860', 'Bùi Quang Nguyệt', 'MH007', 'IT302', 'Trí tuệ nhân tạo', 3, 'HK001', 'Học kỳ 1 Năm học 2021-2022', 'LHP042', 9.0, 9.25, 8.25, 8.52, 'A', 4.0, TRUE),
    (489, 'HV024', '641915', 'Phạm Phương Xuân', 'MH015', 'NN101', 'Tiếng Anh cơ bản', 4, 'HK013', 'Học kỳ 1 Năm học 2025-2026', 'LHP091', 10.0, 8.75, 9.0, 9.05, 'A+', 4.0, TRUE),
    (490, 'HV037', '665362', 'Dương Đức Hương', 'MH013', 'KT202', 'Tài chính doanh nghiệp', 3, 'HK005', 'Học kỳ 2 Năm học 2022-2023', 'LHP048', 10.0, 9.75, 9.0, 9.25, 'A+', 4.0, TRUE),
    (491, 'HV009', '643611', 'Vũ Phương Hoa', 'MH008', 'IT303', 'Học máy', 3, 'HK014', 'Học kỳ 2 Năm học 2025-2026', 'LHP097', 8.25, 9.5, 7.5, 7.97, 'B', 3.0, TRUE),
    (492, 'HV047', '658219', 'Đặng Hữu Yến', 'MH001', 'IT101', 'Nhập môn Công nghệ thông tin', 3, 'HK008', 'Học kỳ 2 Năm học 2023-2024', 'LHP025', 8.25, 8.75, 7.75, 8.0, 'B+', 3.5, TRUE),
    (493, 'HV012', '648673', 'Lý Hải Phương', 'MH019', 'QS101', 'Giáo dục Quốc phòng', 2, 'HK005', 'Học kỳ 2 Năm học 2022-2023', 'LHP018', 9.5, 8.0, 9.0, 8.85, 'A', 4.0, TRUE),
    (494, 'HV049', '638542', 'Hồ Hữu Giang', 'MH011', 'KT102', 'Kinh tế vĩ mô', 3, 'HK008', 'Học kỳ 2 Năm học 2023-2024', 'LHP011', 9.0, 7.5, 8.25, 8.17, 'B+', 3.5, TRUE),
    (495, 'HV046', '633567', 'Đỗ Bảo Yến', 'MH016', 'NN102', 'Tiếng Anh học thuật', 3, 'HK007', 'Học kỳ 1 Năm học 2023-2024', 'LHP056', 8.5, 7.5, 8.5, 8.3, 'B+', 3.5, TRUE),
    (496, 'HV020', '647942', 'Dương Phương Giang', 'MH014', 'KT301', 'Kinh tế lượng', 3, 'HK004', 'Học kỳ 1 Năm học 2022-2023', 'LHP096', 9.5, 9.0, 9.25, 9.22, 'A+', 4.0, TRUE),
    (497, 'HV048', '671744', 'Đặng Quang Chiến', 'MH013', 'KT202', 'Tài chính doanh nghiệp', 3, 'HK012', 'Học kỳ hè Năm học 2024-2025', 'LHP043', 6.0, 7.5, 5.5, 5.95, 'C', 2.0, TRUE),
    (498, 'HV015', '631537', 'Nguyễn Kim Quân', 'MH019', 'QS101', 'Giáo dục Quốc phòng', 2, 'HK005', 'Học kỳ 2 Năm học 2022-2023', 'LHP018', 9.0, 9.5, 9.75, 9.62, 'A+', 4.0, TRUE),
    (499, 'HV004', '652953', 'Lê Đức Phúc', 'MH022', 'QS202', 'Kỹ thuật quân sự', 3, 'HK003', 'Học kỳ hè Năm học 2021-2022', 'LHP076', 6.0, 7.75, 7.0, 7.05, 'B', 3.0, TRUE),
    (500, 'HV040', '633301', 'Vũ Thị Phương', 'MH012', 'KT201', 'Nguyên lý kế toán', 4, 'HK015', 'Học kỳ hè Năm học 2025-2026', 'LHP095', 8.5, 9.25, 10.0, 9.7, 'A+', 4.0, TRUE);

INSERT INTO diem (id, hoc_vien_id, ma_hv, ho_ten_hv, mon_hoc_id, ma_mon, ten_mon, so_tin_chi, hoc_ky_id, ten_hoc_ky, lop_hoc_phan_id, diem_chuyen_can, diem_thuong_xuyen, diem_thi, diem_tong_ket, diem_chu, diem_he4, dat) VALUES
    (501, 'HV024', '641915', 'Phạm Phương Xuân', 'MH003', 'IT201', 'Cấu trúc dữ liệu và giải thuật', 4, 'HK002', 'Học kỳ 2 Năm học 2021-2022', 'LHP030', 7.5, 9.0, 8.0, 8.15, 'B+', 3.5, TRUE),
    (502, 'HV044', '674328', 'Dương Thị Tùng', 'MH018', 'NN202', 'Tiếng Trung cơ bản', 4, 'HK012', 'Học kỳ hè Năm học 2024-2025', 'LHP103', 9.25, 10.0, 10.0, 9.93, 'A+', 4.0, TRUE),
    (503, 'HV026', '658439', 'Vũ Hữu Bình', 'MH013', 'KT202', 'Tài chính doanh nghiệp', 3, 'HK012', 'Học kỳ hè Năm học 2024-2025', 'LHP043', 10.0, 10.0, 9.75, 9.82, 'A+', 4.0, TRUE),
    (504, 'HV022', '675392', 'Ngô Quang Phương', 'MH016', 'NN102', 'Tiếng Anh học thuật', 3, 'HK015', 'Học kỳ hè Năm học 2025-2026', 'LHP099', 8.5, 8.25, 8.5, 8.45, 'B+', 3.5, TRUE),
    (505, 'HV018', '639962', 'Lê Tuấn Quân', 'MH005', 'IT203', 'Mạng máy tính', 3, 'HK002', 'Học kỳ 2 Năm học 2021-2022', 'LHP090', 5.75, 6.25, 5.5, 5.67, 'C', 2.0, TRUE),
    (506, 'HV032', '675421', 'Trần Văn Hương', 'MH022', 'QS202', 'Kỹ thuật quân sự', 3, 'HK006', 'Học kỳ hè Năm học 2022-2023', 'LHP120', 7.0, 6.75, 7.0, 6.95, 'C+', 2.5, TRUE),
    (507, 'HV049', '638542', 'Hồ Hữu Giang', 'MH013', 'KT202', 'Tài chính doanh nghiệp', 3, 'HK007', 'Học kỳ 1 Năm học 2023-2024', 'LHP094', 8.75, 9.5, 7.5, 8.03, 'B+', 3.5, TRUE),
    (508, 'HV028', '667779', 'Trần Thanh Hạnh', 'MH012', 'KT201', 'Nguyên lý kế toán', 4, 'HK015', 'Học kỳ hè Năm học 2025-2026', 'LHP095', 8.75, 8.75, 8.75, 8.75, 'A', 4.0, TRUE),
    (509, 'HV019', '653162', 'Phạm Văn Hạnh', 'MH015', 'NN101', 'Tiếng Anh cơ bản', 4, 'HK001', 'Học kỳ 1 Năm học 2021-2022', 'LHP075', 10.0, 8.75, 9.75, 9.57, 'A+', 4.0, TRUE),
    (510, 'HV033', '643785', 'Vũ Hữu Hương', 'MH014', 'KT301', 'Kinh tế lượng', 3, 'HK009', 'Học kỳ hè Năm học 2023-2024', 'LHP001', 8.75, 8.75, 8.25, 8.4, 'B+', 3.5, TRUE),
    (511, 'HV040', '633301', 'Vũ Thị Phương', 'MH017', 'NN201', 'Tiếng Anh chuyên ngành', 3, 'HK013', 'Học kỳ 1 Năm học 2025-2026', 'LHP085', 8.0, 9.25, 9.25, 9.12, 'A+', 4.0, TRUE),
    (512, 'HV045', '633511', 'Bùi Ngọc Xuân', 'MH019', 'QS101', 'Giáo dục Quốc phòng', 2, 'HK015', 'Học kỳ hè Năm học 2025-2026', 'LHP089', 6.5, 5.75, 6.25, 6.18, 'C+', 2.5, TRUE),
    (513, 'HV023', '678860', 'Bùi Quang Nguyệt', 'MH009', 'IT304', 'An toàn và bảo mật thông tin', 3, 'HK003', 'Học kỳ hè Năm học 2021-2022', 'LHP107', 9.0, 8.5, 8.0, 8.2, 'B+', 3.5, TRUE),
    (514, 'HV046', '633567', 'Đỗ Bảo Yến', 'MH022', 'QS202', 'Kỹ thuật quân sự', 3, 'HK013', 'Học kỳ 1 Năm học 2025-2026', 'LHP003', 7.75, 7.25, 8.5, 8.17, 'B+', 3.5, TRUE),
    (515, 'HV037', '665362', 'Dương Đức Hương', 'MH020', 'QS102', 'Điều lệnh Quân đội', 2, 'HK012', 'Học kỳ hè Năm học 2024-2025', 'LHP019', 10.0, 8.75, 10.0, 9.75, 'A+', 4.0, TRUE),
    (516, 'HV046', '633567', 'Đỗ Bảo Yến', 'MH019', 'QS101', 'Giáo dục Quốc phòng', 2, 'HK001', 'Học kỳ 1 Năm học 2021-2022', 'LHP109', 7.25, 7.0, 8.25, 7.9, 'B', 3.0, TRUE),
    (517, 'HV004', '652953', 'Lê Đức Phúc', 'MH014', 'KT301', 'Kinh tế lượng', 3, 'HK009', 'Học kỳ hè Năm học 2023-2024', 'LHP001', 7.25, 6.0, 7.0, 6.82, 'C+', 2.5, TRUE),
    (518, 'HV028', '667779', 'Trần Thanh Hạnh', 'MH020', 'QS102', 'Điều lệnh Quân đội', 2, 'HK002', 'Học kỳ 2 Năm học 2021-2022', 'LHP114', 9.25, 8.25, 8.5, 8.52, 'A', 4.0, TRUE),
    (519, 'HV049', '638542', 'Hồ Hữu Giang', 'MH015', 'NN101', 'Tiếng Anh cơ bản', 4, 'HK002', 'Học kỳ 2 Năm học 2021-2022', 'LHP074', 7.0, 8.5, 8.0, 8.0, 'B+', 3.5, TRUE),
    (520, 'HV008', '645479', 'Trần Thanh Sơn', 'MH005', 'IT203', 'Mạng máy tính', 3, 'HK005', 'Học kỳ 2 Năm học 2022-2023', 'LHP047', 8.75, 8.25, 7.0, 7.42, 'B', 3.0, TRUE),
    (521, 'HV023', '678860', 'Bùi Quang Nguyệt', 'MH014', 'KT301', 'Kinh tế lượng', 3, 'HK005', 'Học kỳ 2 Năm học 2022-2023', 'LHP080', 8.75, 8.25, 8.5, 8.47, 'B+', 3.5, TRUE),
    (522, 'HV007', '651610', 'Lê Văn Nguyệt', 'MH021', 'QS201', 'Chiến thuật bộ binh', 3, 'HK014', 'Học kỳ 2 Năm học 2025-2026', 'LHP012', 7.0, 7.25, 7.25, 7.22, 'B', 3.0, TRUE),
    (523, 'HV039', '665288', 'Phạm Bảo Sơn', 'MH016', 'NN102', 'Tiếng Anh học thuật', 3, 'HK009', 'Học kỳ hè Năm học 2023-2024', 'LHP014', 6.75, 7.75, 8.25, 8.0, 'B+', 3.5, TRUE),
    (524, 'HV029', '641724', 'Lý Quang Giang', 'MH005', 'IT203', 'Mạng máy tính', 3, 'HK002', 'Học kỳ 2 Năm học 2021-2022', 'LHP090', 7.0, 7.5, 6.75, 6.92, 'C+', 2.5, TRUE),
    (525, 'HV002', '634405', 'Hoàng Văn Phúc', 'MH021', 'QS201', 'Chiến thuật bộ binh', 3, 'HK007', 'Học kỳ 1 Năm học 2023-2024', 'LHP016', 5.0, 7.0, 9.25, 8.38, 'B+', 3.5, TRUE),
    (526, 'HV045', '633511', 'Bùi Ngọc Xuân', 'MH015', 'NN101', 'Tiếng Anh cơ bản', 4, 'HK002', 'Học kỳ 2 Năm học 2021-2022', 'LHP074', 5.75, 8.5, 5.25, 5.95, 'C', 2.0, TRUE),
    (527, 'HV043', '676656', 'Hoàng Tuấn Phúc', 'MH019', 'QS101', 'Giáo dục Quốc phòng', 2, 'HK001', 'Học kỳ 1 Năm học 2021-2022', 'LHP109', 9.5, 8.5, 8.25, 8.43, 'B+', 3.5, TRUE),
    (528, 'HV044', '674328', 'Dương Thị Tùng', 'MH004', 'IT202', 'Cơ sở dữ liệu', 3, 'HK001', 'Học kỳ 1 Năm học 2021-2022', 'LHP036', 10.0, 10.0, 10.0, 10.0, 'A+', 4.0, TRUE),
    (529, 'HV048', '671744', 'Đặng Quang Chiến', 'MH017', 'NN201', 'Tiếng Anh chuyên ngành', 3, 'HK003', 'Học kỳ hè Năm học 2021-2022', 'LHP040', 5.5, 4.25, 5.25, 5.08, 'D+', 1.5, TRUE),
    (530, 'HV023', '678860', 'Bùi Quang Nguyệt', 'MH016', 'NN102', 'Tiếng Anh học thuật', 3, 'HK006', 'Học kỳ hè Năm học 2022-2023', 'LHP105', 8.0, 8.5, 10.0, 9.5, 'A+', 4.0, TRUE),
    (531, 'HV010', '645051', 'Nguyễn Phương Dũng', 'MH019', 'QS101', 'Giáo dục Quốc phòng', 2, 'HK015', 'Học kỳ hè Năm học 2025-2026', 'LHP089', 8.5, 8.25, 8.0, 8.1, 'B+', 3.5, TRUE),
    (532, 'HV047', '658219', 'Đặng Hữu Yến', 'MH022', 'QS202', 'Kỹ thuật quân sự', 3, 'HK012', 'Học kỳ hè Năm học 2024-2025', 'LHP006', 9.5, 7.5, 9.75, 9.27, 'A+', 4.0, TRUE),
    (533, 'HV026', '658439', 'Vũ Hữu Bình', 'MH019', 'QS101', 'Giáo dục Quốc phòng', 2, 'HK015', 'Học kỳ hè Năm học 2025-2026', 'LHP089', 10.0, 9.0, 10.0, 9.8, 'A+', 4.0, TRUE),
    (534, 'HV018', '639962', 'Lê Tuấn Quân', 'MH021', 'QS201', 'Chiến thuật bộ binh', 3, 'HK001', 'Học kỳ 1 Năm học 2021-2022', 'LHP050', 6.25, 6.0, 5.75, 5.85, 'C', 2.0, TRUE),
    (535, 'HV038', '645515', 'Ngô Tuấn Em', 'MH020', 'QS102', 'Điều lệnh Quân đội', 2, 'HK002', 'Học kỳ 2 Năm học 2021-2022', 'LHP114', 7.25, 6.0, 8.0, 7.53, 'B', 3.0, TRUE),
    (536, 'HV031', '679202', 'Lý Quang Hạnh', 'MH014', 'KT301', 'Kinh tế lượng', 3, 'HK004', 'Học kỳ 1 Năm học 2022-2023', 'LHP096', 10.0, 10.0, 9.5, 9.65, 'A+', 4.0, TRUE),
    (537, 'HV014', '658860', 'Bùi Kim Linh', 'MH003', 'IT201', 'Cấu trúc dữ liệu và giải thuật', 4, 'HK005', 'Học kỳ 2 Năm học 2022-2023', 'LHP002', 8.25, 8.75, 6.25, 6.95, 'C+', 2.5, TRUE),
    (538, 'HV028', '667779', 'Trần Thanh Hạnh', 'MH015', 'NN101', 'Tiếng Anh cơ bản', 4, 'HK013', 'Học kỳ 1 Năm học 2025-2026', 'LHP091', 8.0, 6.5, 8.5, 8.05, 'B+', 3.5, TRUE),
    (539, 'HV039', '665288', 'Phạm Bảo Sơn', 'MH010', 'KT101', 'Kinh tế vi mô', 3, 'HK013', 'Học kỳ 1 Năm học 2025-2026', 'LHP032', 7.5, 7.25, 6.25, 6.58, 'C+', 2.5, TRUE),
    (540, 'HV024', '641915', 'Phạm Phương Xuân', 'MH022', 'QS202', 'Kỹ thuật quân sự', 3, 'HK014', 'Học kỳ 2 Năm học 2025-2026', 'LHP116', 9.75, 7.75, 8.0, 8.12, 'B+', 3.5, TRUE),
    (541, 'HV029', '641724', 'Lý Quang Giang', 'MH021', 'QS201', 'Chiến thuật bộ binh', 3, 'HK014', 'Học kỳ 2 Năm học 2025-2026', 'LHP012', 5.75, 7.5, 6.5, 6.62, 'C+', 2.5, TRUE),
    (542, 'HV036', '638647', 'Lý Thị Tùng', 'MH018', 'NN202', 'Tiếng Trung cơ bản', 4, 'HK006', 'Học kỳ hè Năm học 2022-2023', 'LHP115', 9.5, 6.75, 8.25, 8.07, 'B+', 3.5, TRUE),
    (543, 'HV015', '631537', 'Nguyễn Kim Quân', 'MH001', 'IT101', 'Nhập môn Công nghệ thông tin', 3, 'HK014', 'Học kỳ 2 Năm học 2025-2026', 'LHP078', 9.25, 8.25, 8.75, 8.7, 'A', 4.0, TRUE),
    (544, 'HV012', '648673', 'Lý Hải Phương', 'MH021', 'QS201', 'Chiến thuật bộ binh', 3, 'HK001', 'Học kỳ 1 Năm học 2021-2022', 'LHP050', 7.25, 8.5, 7.75, 7.85, 'B', 3.0, TRUE),
    (545, 'HV026', '658439', 'Vũ Hữu Bình', 'MH009', 'IT304', 'An toàn và bảo mật thông tin', 3, 'HK003', 'Học kỳ hè Năm học 2021-2022', 'LHP107', 10.0, 10.0, 9.25, 9.47, 'A+', 4.0, TRUE),
    (546, 'HV036', '638647', 'Lý Thị Tùng', 'MH007', 'IT302', 'Trí tuệ nhân tạo', 3, 'HK010', 'Học kỳ 1 Năm học 2024-2025', 'LHP028', 8.75, 7.75, 9.0, 8.72, 'A', 4.0, TRUE),
    (547, 'HV043', '676656', 'Hoàng Tuấn Phúc', 'MH006', 'IT301', 'Phát triển ứng dụng Web', 3, 'HK002', 'Học kỳ 2 Năm học 2021-2022', 'LHP086', 9.25, 8.75, 8.5, 8.62, 'A', 4.0, TRUE),
    (548, 'HV004', '652953', 'Lê Đức Phúc', 'MH016', 'NN102', 'Tiếng Anh học thuật', 3, 'HK009', 'Học kỳ hè Năm học 2023-2024', 'LHP014', 8.0, 7.0, 6.25, 6.58, 'C+', 2.5, TRUE),
    (549, 'HV026', '658439', 'Vũ Hữu Bình', 'MH010', 'KT101', 'Kinh tế vi mô', 3, 'HK015', 'Học kỳ hè Năm học 2025-2026', 'LHP060', 10.0, 10.0, 10.0, 10.0, 'A+', 4.0, TRUE),
    (550, 'HV048', '671744', 'Đặng Quang Chiến', 'MH002', 'IT102', 'Lập trình cơ bản', 4, 'HK010', 'Học kỳ 1 Năm học 2024-2025', 'LHP106', 6.75, 6.0, 5.75, 5.9, 'C', 2.0, TRUE),
    (551, 'HV020', '647942', 'Dương Phương Giang', 'MH005', 'IT203', 'Mạng máy tính', 3, 'HK006', 'Học kỳ hè Năm học 2022-2023', 'LHP046', 9.25, 8.75, 9.0, 8.97, 'A', 4.0, TRUE),
    (552, 'HV044', '674328', 'Dương Thị Tùng', 'MH012', 'KT201', 'Nguyên lý kế toán', 4, 'HK008', 'Học kỳ 2 Năm học 2023-2024', 'LHP064', 8.25, 9.5, 9.75, 9.55, 'A+', 4.0, TRUE),
    (553, 'HV031', '679202', 'Lý Quang Hạnh', 'MH018', 'NN202', 'Tiếng Trung cơ bản', 4, 'HK009', 'Học kỳ hè Năm học 2023-2024', 'LHP092', 9.25, 10.0, 9.25, 9.4, 'A+', 4.0, TRUE),
    (554, 'HV018', '639962', 'Lê Tuấn Quân', 'MH017', 'NN201', 'Tiếng Anh chuyên ngành', 3, 'HK003', 'Học kỳ hè Năm học 2021-2022', 'LHP040', 8.0, 7.5, 6.5, 6.85, 'C+', 2.5, TRUE),
    (555, 'HV043', '676656', 'Hoàng Tuấn Phúc', 'MH010', 'KT101', 'Kinh tế vi mô', 3, 'HK003', 'Học kỳ hè Năm học 2021-2022', 'LHP112', 8.5, 8.25, 8.0, 8.1, 'B+', 3.5, TRUE),
    (556, 'HV006', '652106', 'Đỗ Thanh Yến', 'MH016', 'NN102', 'Tiếng Anh học thuật', 3, 'HK008', 'Học kỳ 2 Năm học 2023-2024', 'LHP039', 8.75, 8.25, 9.25, 9.0, 'A+', 4.0, TRUE),
    (557, 'HV027', '657798', 'Lê Thị Việt', 'MH010', 'KT101', 'Kinh tế vi mô', 3, 'HK007', 'Học kỳ 1 Năm học 2023-2024', 'LHP059', 8.25, 8.0, 9.0, 8.72, 'A', 4.0, TRUE),
    (558, 'HV040', '633301', 'Vũ Thị Phương', 'MH018', 'NN202', 'Tiếng Trung cơ bản', 4, 'HK012', 'Học kỳ hè Năm học 2024-2025', 'LHP103', 10.0, 9.5, 10.0, 9.9, 'A+', 4.0, TRUE),
    (559, 'HV046', '633567', 'Đỗ Bảo Yến', 'MH015', 'NN101', 'Tiếng Anh cơ bản', 4, 'HK013', 'Học kỳ 1 Năm học 2025-2026', 'LHP091', 8.25, 9.75, 7.5, 8.03, 'B+', 3.5, TRUE),
    (560, 'HV020', '647942', 'Dương Phương Giang', 'MH003', 'IT201', 'Cấu trúc dữ liệu và giải thuật', 4, 'HK005', 'Học kỳ 2 Năm học 2022-2023', 'LHP002', 9.75, 8.25, 8.5, 8.57, 'A', 4.0, TRUE),
    (561, 'HV016', '642135', 'Lý Minh Xuân', 'MH021', 'QS201', 'Chiến thuật bộ binh', 3, 'HK014', 'Học kỳ 2 Năm học 2025-2026', 'LHP012', 8.25, 9.0, 8.25, 8.4, 'B+', 3.5, TRUE),
    (562, 'HV039', '665288', 'Phạm Bảo Sơn', 'MH018', 'NN202', 'Tiếng Trung cơ bản', 4, 'HK012', 'Học kỳ hè Năm học 2024-2025', 'LHP103', 7.0, 6.75, 7.25, 7.12, 'B', 3.0, TRUE),
    (563, 'HV016', '642135', 'Lý Minh Xuân', 'MH005', 'IT203', 'Mạng máy tính', 3, 'HK011', 'Học kỳ 2 Năm học 2024-2025', 'LHP100', 8.5, 9.25, 8.75, 8.82, 'A', 4.0, TRUE),
    (564, 'HV029', '641724', 'Lý Quang Giang', 'MH015', 'NN101', 'Tiếng Anh cơ bản', 4, 'HK001', 'Học kỳ 1 Năm học 2021-2022', 'LHP075', 5.5, 7.5, 6.0, 6.25, 'C+', 2.5, TRUE),
    (565, 'HV002', '634405', 'Hoàng Văn Phúc', 'MH020', 'QS102', 'Điều lệnh Quân đội', 2, 'HK008', 'Học kỳ 2 Năm học 2023-2024', 'LHP053', 7.75, 8.25, 6.5, 6.97, 'C+', 2.5, TRUE),
    (566, 'HV049', '638542', 'Hồ Hữu Giang', 'MH017', 'NN201', 'Tiếng Anh chuyên ngành', 3, 'HK014', 'Học kỳ 2 Năm học 2025-2026', 'LHP004', 9.0, 9.25, 9.5, 9.4, 'A+', 4.0, TRUE),
    (567, 'HV003', '657855', 'Bùi Hữu Việt', 'MH018', 'NN202', 'Tiếng Trung cơ bản', 4, 'HK012', 'Học kỳ hè Năm học 2024-2025', 'LHP103', 7.0, 7.75, 8.0, 7.85, 'B', 3.0, TRUE),
    (568, 'HV038', '645515', 'Ngô Tuấn Em', 'MH022', 'QS202', 'Kỹ thuật quân sự', 3, 'HK015', 'Học kỳ hè Năm học 2025-2026', 'LHP020', 9.75, 6.5, 6.75, 7.0, 'B', 3.0, TRUE),
    (569, 'HV011', '674738', 'Lý Minh Linh', 'MH011', 'KT102', 'Kinh tế vĩ mô', 3, 'HK012', 'Học kỳ hè Năm học 2024-2025', 'LHP058', 8.25, 6.75, 7.25, 7.25, 'B', 3.0, TRUE),
    (570, 'HV023', '678860', 'Bùi Quang Nguyệt', 'MH015', 'NN101', 'Tiếng Anh cơ bản', 4, 'HK013', 'Học kỳ 1 Năm học 2025-2026', 'LHP091', 8.75, 10.0, 8.5, 8.82, 'A', 4.0, TRUE),
    (571, 'HV011', '674738', 'Lý Minh Linh', 'MH019', 'QS101', 'Giáo dục Quốc phòng', 2, 'HK015', 'Học kỳ hè Năm học 2025-2026', 'LHP089', 7.25, 7.75, 8.0, 7.88, 'B', 3.0, TRUE),
    (572, 'HV005', '678070', 'Nguyễn Hải Hương', 'MH016', 'NN102', 'Tiếng Anh học thuật', 3, 'HK009', 'Học kỳ hè Năm học 2023-2024', 'LHP014', 9.25, 8.0, 8.25, 8.3, 'B+', 3.5, TRUE),
    (573, 'HV014', '658860', 'Bùi Kim Linh', 'MH022', 'QS202', 'Kỹ thuật quân sự', 3, 'HK008', 'Học kỳ 2 Năm học 2023-2024', 'LHP062', 7.75, 8.5, 8.0, 8.07, 'B+', 3.5, TRUE),
    (574, 'HV016', '642135', 'Lý Minh Xuân', 'MH019', 'QS101', 'Giáo dục Quốc phòng', 2, 'HK015', 'Học kỳ hè Năm học 2025-2026', 'LHP089', 8.25, 9.0, 9.0, 8.93, 'A', 4.0, TRUE),
    (575, 'HV023', '678860', 'Bùi Quang Nguyệt', 'MH012', 'KT201', 'Nguyên lý kế toán', 4, 'HK013', 'Học kỳ 1 Năm học 2025-2026', 'LHP005', 8.75, 7.75, 9.0, 8.72, 'A', 4.0, TRUE),
    (576, 'HV037', '665362', 'Dương Đức Hương', 'MH008', 'IT303', 'Học máy', 3, 'HK014', 'Học kỳ 2 Năm học 2025-2026', 'LHP097', 8.25, 9.0, 8.5, 8.57, 'A', 4.0, TRUE),
    (577, 'HV006', '652106', 'Đỗ Thanh Yến', 'MH005', 'IT203', 'Mạng máy tính', 3, 'HK002', 'Học kỳ 2 Năm học 2021-2022', 'LHP090', 7.25, 7.25, 8.75, 8.3, 'B+', 3.5, TRUE),
    (578, 'HV005', '678070', 'Nguyễn Hải Hương', 'MH012', 'KT201', 'Nguyên lý kế toán', 4, 'HK001', 'Học kỳ 1 Năm học 2021-2022', 'LHP069', 8.75, 9.75, 9.25, 9.3, 'A+', 4.0, TRUE),
    (579, 'HV020', '647942', 'Dương Phương Giang', 'MH022', 'QS202', 'Kỹ thuật quân sự', 3, 'HK012', 'Học kỳ hè Năm học 2024-2025', 'LHP006', 7.75, 9.25, 8.75, 8.75, 'A', 4.0, TRUE),
    (580, 'HV045', '633511', 'Bùi Ngọc Xuân', 'MH005', 'IT203', 'Mạng máy tính', 3, 'HK012', 'Học kỳ hè Năm học 2024-2025', 'LHP098', 6.5, 6.5, 6.5, 6.5, 'C+', 2.5, TRUE),
    (581, 'HV040', '633301', 'Vũ Thị Phương', 'MH019', 'QS101', 'Giáo dục Quốc phòng', 2, 'HK005', 'Học kỳ 2 Năm học 2022-2023', 'LHP070', 9.25, 8.5, 9.75, 9.45, 'A+', 4.0, TRUE),
    (582, 'HV016', '642135', 'Lý Minh Xuân', 'MH013', 'KT202', 'Tài chính doanh nghiệp', 3, 'HK007', 'Học kỳ 1 Năm học 2023-2024', 'LHP094', 9.0, 8.5, 8.75, 8.72, 'A', 4.0, TRUE),
    (583, 'HV038', '645515', 'Ngô Tuấn Em', 'MH013', 'KT202', 'Tài chính doanh nghiệp', 3, 'HK012', 'Học kỳ hè Năm học 2024-2025', 'LHP043', 6.75, 8.25, 8.5, 8.27, 'B+', 3.5, TRUE),
    (584, 'HV019', '653162', 'Phạm Văn Hạnh', 'MH004', 'IT202', 'Cơ sở dữ liệu', 3, 'HK005', 'Học kỳ 2 Năm học 2022-2023', 'LHP119', 9.25, 8.5, 8.25, 8.4, 'B+', 3.5, TRUE),
    (585, 'HV033', '643785', 'Vũ Hữu Hương', 'MH015', 'NN101', 'Tiếng Anh cơ bản', 4, 'HK002', 'Học kỳ 2 Năm học 2021-2022', 'LHP074', 7.0, 7.5, 8.25, 7.97, 'B', 3.0, TRUE),
    (586, 'HV010', '645051', 'Nguyễn Phương Dũng', 'MH008', 'IT303', 'Học máy', 3, 'HK008', 'Học kỳ 2 Năm học 2023-2024', 'LHP073', 7.5, 8.0, 8.0, 7.95, 'B', 3.0, TRUE),
    (587, 'HV037', '665362', 'Dương Đức Hương', 'MH016', 'NN102', 'Tiếng Anh học thuật', 3, 'HK006', 'Học kỳ hè Năm học 2022-2023', 'LHP105', 9.5, 8.5, 9.75, 9.47, 'A+', 4.0, TRUE),
    (588, 'HV021', '655647', 'Nguyễn Quang Em', 'MH015', 'NN101', 'Tiếng Anh cơ bản', 4, 'HK001', 'Học kỳ 1 Năm học 2021-2022', 'LHP054', 6.5, 6.5, 6.5, 6.5, 'C+', 2.5, TRUE),
    (589, 'HV047', '658219', 'Đặng Hữu Yến', 'MH005', 'IT203', 'Mạng máy tính', 3, 'HK002', 'Học kỳ 2 Năm học 2021-2022', 'LHP090', 8.0, 9.5, 7.5, 7.95, 'B', 3.0, TRUE),
    (590, 'HV032', '675421', 'Trần Văn Hương', 'MH017', 'NN201', 'Tiếng Anh chuyên ngành', 3, 'HK014', 'Học kỳ 2 Năm học 2025-2026', 'LHP004', 7.0, 7.0, 5.5, 5.95, 'C', 2.0, TRUE),
    (591, 'HV014', '658860', 'Bùi Kim Linh', 'MH005', 'IT203', 'Mạng máy tính', 3, 'HK015', 'Học kỳ hè Năm học 2025-2026', 'LHP104', 8.5, 8.5, 9.25, 9.03, 'A+', 4.0, TRUE),
    (592, 'HV037', '665362', 'Dương Đức Hương', 'MH002', 'IT102', 'Lập trình cơ bản', 4, 'HK013', 'Học kỳ 1 Năm học 2025-2026', 'LHP031', 10.0, 9.25, 10.0, 9.85, 'A+', 4.0, TRUE),
    (593, 'HV039', '665288', 'Phạm Bảo Sơn', 'MH022', 'QS202', 'Kỹ thuật quân sự', 3, 'HK003', 'Học kỳ hè Năm học 2021-2022', 'LHP076', 6.75, 8.25, 8.5, 8.27, 'B+', 3.5, TRUE),
    (594, 'HV050', '658318', 'Phạm Văn Minh', 'MH020', 'QS102', 'Điều lệnh Quân đội', 2, 'HK002', 'Học kỳ 2 Năm học 2021-2022', 'LHP114', 7.5, 9.25, 7.5, 7.85, 'B', 3.0, TRUE),
    (595, 'HV048', '671744', 'Đặng Quang Chiến', 'MH005', 'IT203', 'Mạng máy tính', 3, 'HK011', 'Học kỳ 2 Năm học 2024-2025', 'LHP100', 7.5, 6.25, 6.25, 6.38, 'C+', 2.5, TRUE),
    (596, 'HV016', '642135', 'Lý Minh Xuân', 'MH004', 'IT202', 'Cơ sở dữ liệu', 3, 'HK005', 'Học kỳ 2 Năm học 2022-2023', 'LHP119', 10.0, 10.0, 10.0, 10.0, 'A+', 4.0, TRUE),
    (597, 'HV005', '678070', 'Nguyễn Hải Hương', 'MH001', 'IT101', 'Nhập môn Công nghệ thông tin', 3, 'HK013', 'Học kỳ 1 Năm học 2025-2026', 'LHP082', 8.0, 9.25, 7.5, 7.9, 'B', 3.0, TRUE),
    (598, 'HV007', '651610', 'Lê Văn Nguyệt', 'MH014', 'KT301', 'Kinh tế lượng', 3, 'HK009', 'Học kỳ hè Năm học 2023-2024', 'LHP001', 5.5, 7.5, 7.0, 6.95, 'C+', 2.5, TRUE),
    (599, 'HV044', '674328', 'Dương Thị Tùng', 'MH002', 'IT102', 'Lập trình cơ bản', 4, 'HK008', 'Học kỳ 2 Năm học 2023-2024', 'LHP027', 10.0, 9.75, 8.25, 8.72, 'A', 4.0, TRUE),
    (600, 'HV031', '679202', 'Lý Quang Hạnh', 'MH012', 'KT201', 'Nguyên lý kế toán', 4, 'HK008', 'Học kỳ 2 Năm học 2023-2024', 'LHP064', 9.5, 10.0, 9.5, 9.6, 'A+', 4.0, TRUE);

INSERT INTO ket_qua_hoc_ky (id, hoc_vien_id, ma_hv, ho_ten_hv, hoc_ky_id, ten_hoc_ky, gpa_hoc_ky_he4, gpa_tich_luy_he4, gpa_hoc_ky_he10, so_tc_dang_ky, so_tc_dat, so_tc_tich_luy, xep_loai, diem_ren_luyen, muc_canh_bao) VALUES
    ('KQ001', 'HV046', '633567', 'Đỗ Bảo Yến', 'HK002', 'Học kỳ 2 Năm học 2021-2022', 4.0, 2.91, 10.0, 12, 2, 62, 'Xuất sắc', 97, 1),
    ('KQ002', 'HV047', '658219', 'Đặng Hữu Yến', 'HK015', 'Học kỳ hè Năm học 2025-2026', 2.59, 3.06, 6.5, 18, 17, 127, 'Khá', 92, 2),
    ('KQ003', 'HV048', '671744', 'Đặng Quang Chiến', 'HK011', 'Học kỳ 2 Năm học 2024-2025', 2.36, 1.54, 5.9, 14, 11, 43, 'Trung bình', 77, 2),
    ('KQ004', 'HV008', '645479', 'Trần Thanh Sơn', 'HK003', 'Học kỳ hè Năm học 2021-2022', 2.55, 2.82, 6.4, 13, 10, 45, 'Khá', 83, 3),
    ('KQ005', 'HV027', '657798', 'Lê Thị Việt', 'HK003', 'Học kỳ hè Năm học 2021-2022', 2.64, 3.3, 6.6, 15, 13, 61, 'Khá', 86, 2),
    ('KQ006', 'HV029', '641724', 'Lý Quang Giang', 'HK012', 'Học kỳ hè Năm học 2024-2025', 2.67, 1.59, 6.7, 18, 14, 119, 'Khá', 68, 0),
    ('KQ007', 'HV026', '658439', 'Vũ Hữu Bình', 'HK015', 'Học kỳ hè Năm học 2025-2026', 3.28, 4.0, 8.2, 25, 18, 36, 'Giỏi', 98, 1),
    ('KQ008', 'HV031', '679202', 'Lý Quang Hạnh', 'HK009', 'Học kỳ hè Năm học 2023-2024', 1.82, 3.69, 4.5, 13, 13, 62, 'Yếu', 98, 3),
    ('KQ009', 'HV015', '631537', 'Nguyễn Kim Quân', 'HK001', 'Học kỳ 1 Năm học 2021-2022', 4.0, 3.69, 10.0, 22, 5, 111, 'Xuất sắc', 90, 1),
    ('KQ010', 'HV021', '655647', 'Nguyễn Quang Em', 'HK002', 'Học kỳ 2 Năm học 2021-2022', 2.53, 2.16, 6.3, 13, 1, 79, 'Khá', 88, 0),
    ('KQ011', 'HV045', '633511', 'Bùi Ngọc Xuân', 'HK015', 'Học kỳ hè Năm học 2025-2026', 3.01, 1.78, 7.5, 21, 1, 40, 'Khá', 98, 1),
    ('KQ012', 'HV022', '675392', 'Ngô Quang Phương', 'HK001', 'Học kỳ 1 Năm học 2021-2022', 2.79, 2.96, 7.0, 17, 4, 53, 'Khá', 52, 1),
    ('KQ013', 'HV020', '647942', 'Dương Phương Giang', 'HK012', 'Học kỳ hè Năm học 2024-2025', 3.32, 3.28, 8.3, 18, 6, 83, 'Giỏi', 87, 3),
    ('KQ014', 'HV017', '643692', 'Trần Kim Linh', 'HK008', 'Học kỳ 2 Năm học 2023-2024', 1.59, 3.02, 4.0, 25, 2, 113, 'Yếu', 100, 0),
    ('KQ015', 'HV032', '675421', 'Trần Văn Hương', 'HK011', 'Học kỳ 2 Năm học 2024-2025', 3.19, 1.73, 8.0, 10, 4, 43, 'Khá', 95, 1),
    ('KQ016', 'HV044', '674328', 'Dương Thị Tùng', 'HK014', 'Học kỳ 2 Năm học 2025-2026', 3.99, 3.83, 10.0, 16, 4, 66, 'Xuất sắc', 82, 0),
    ('KQ017', 'HV005', '678070', 'Nguyễn Hải Hương', 'HK001', 'Học kỳ 1 Năm học 2021-2022', 3.43, 2.68, 8.6, 13, 8, 31, 'Giỏi', 95, 0),
    ('KQ018', 'HV050', '658318', 'Phạm Văn Minh', 'HK005', 'Học kỳ 2 Năm học 2022-2023', 2.4, 2.5, 6.0, 16, 11, 70, 'Trung bình', 70, 0),
    ('KQ019', 'HV042', '649420', 'Vũ Kim Xuân', 'HK015', 'Học kỳ hè Năm học 2025-2026', 3.87, 1.79, 9.7, 15, 1, 35, 'Xuất sắc', 58, 3),
    ('KQ020', 'HV041', '666283', 'Trần Kim Hạnh', 'HK015', 'Học kỳ hè Năm học 2025-2026', 2.73, 2.61, 6.8, 21, 1, 103, 'Khá', 96, 2),
    ('KQ021', 'HV011', '674738', 'Lý Minh Linh', 'HK001', 'Học kỳ 1 Năm học 2021-2022', 2.04, 2.43, 5.1, 22, 21, 135, 'Trung bình', 70, 2),
    ('KQ022', 'HV001', '676156', 'Lê Kim Dũng', 'HK004', 'Học kỳ 1 Năm học 2022-2023', 2.69, 3.22, 6.7, 19, 11, 45, 'Khá', 60, 3),
    ('KQ023', 'HV009', '643611', 'Vũ Phương Hoa', 'HK004', 'Học kỳ 1 Năm học 2022-2023', 2.96, 2.45, 7.4, 10, 1, 59, 'Khá', 53, 0),
    ('KQ024', 'HV026', '658439', 'Vũ Hữu Bình', 'HK001', 'Học kỳ 1 Năm học 2021-2022', 2.95, 4.0, 7.4, 12, 4, 36, 'Khá', 98, 3),
    ('KQ025', 'HV042', '649420', 'Vũ Kim Xuân', 'HK007', 'Học kỳ 1 Năm học 2023-2024', 1.37, 1.79, 3.4, 13, 5, 35, 'Yếu', 96, 1),
    ('KQ026', 'HV030', '632151', 'Bùi Bảo Xuân', 'HK002', 'Học kỳ 2 Năm học 2021-2022', 2.37, 2.74, 5.9, 22, 6, 143, 'Trung bình', 73, 1),
    ('KQ027', 'HV019', '653162', 'Phạm Văn Hạnh', 'HK014', 'Học kỳ 2 Năm học 2025-2026', 1.65, 3.2, 4.1, 12, 4, 84, 'Yếu', 89, 0),
    ('KQ028', 'HV030', '632151', 'Bùi Bảo Xuân', 'HK005', 'Học kỳ 2 Năm học 2022-2023', 3.06, 2.74, 7.7, 15, 2, 143, 'Khá', 89, 2),
    ('KQ029', 'HV035', '656508', 'Lê Hải Phương', 'HK010', 'Học kỳ 1 Năm học 2024-2025', 2.22, 4.0, 5.6, 21, 4, 105, 'Trung bình', 61, 1),
    ('KQ030', 'HV047', '658219', 'Đặng Hữu Yến', 'HK001', 'Học kỳ 1 Năm học 2021-2022', 2.16, 3.06, 5.4, 19, 10, 127, 'Trung bình', 57, 2),
    ('KQ031', 'HV042', '649420', 'Vũ Kim Xuân', 'HK002', 'Học kỳ 2 Năm học 2021-2022', 3.04, 1.79, 7.6, 25, 2, 35, 'Khá', 95, 2),
    ('KQ032', 'HV022', '675392', 'Ngô Quang Phương', 'HK002', 'Học kỳ 2 Năm học 2021-2022', 2.27, 2.96, 5.7, 14, 3, 53, 'Trung bình', 64, 2),
    ('KQ033', 'HV034', '671591', 'Hoàng Hải Anh', 'HK001', 'Học kỳ 1 Năm học 2021-2022', 2.62, 3.11, 6.6, 16, 2, 128, 'Khá', 73, 3),
    ('KQ034', 'HV020', '647942', 'Dương Phương Giang', 'HK011', 'Học kỳ 2 Năm học 2024-2025', 3.69, 3.28, 9.2, 16, 14, 83, 'Xuất sắc', 85, 2),
    ('KQ035', 'HV045', '633511', 'Bùi Ngọc Xuân', 'HK010', 'Học kỳ 1 Năm học 2024-2025', 2.79, 1.78, 7.0, 23, 20, 40, 'Khá', 82, 2),
    ('KQ036', 'HV016', '642135', 'Lý Minh Xuân', 'HK001', 'Học kỳ 1 Năm học 2021-2022', 4.0, 3.45, 10.0, 16, 15, 45, 'Xuất sắc', 96, 3),
    ('KQ037', 'HV007', '651610', 'Lê Văn Nguyệt', 'HK013', 'Học kỳ 1 Năm học 2025-2026', 2.88, 2.04, 7.2, 16, 6, 45, 'Khá', 96, 1),
    ('KQ038', 'HV017', '643692', 'Trần Kim Linh', 'HK013', 'Học kỳ 1 Năm học 2025-2026', 4.0, 3.02, 10.0, 22, 18, 113, 'Xuất sắc', 85, 0),
    ('KQ039', 'HV024', '641915', 'Phạm Phương Xuân', 'HK014', 'Học kỳ 2 Năm học 2025-2026', 1.9, 3.11, 4.8, 20, 15, 57, 'Yếu', 93, 3),
    ('KQ040', 'HV033', '643785', 'Vũ Hữu Hương', 'HK009', 'Học kỳ hè Năm học 2023-2024', 3.65, 2.75, 9.1, 20, 20, 76, 'Xuất sắc', 62, 1),
    ('KQ041', 'HV041', '666283', 'Trần Kim Hạnh', 'HK002', 'Học kỳ 2 Năm học 2021-2022', 2.61, 2.61, 6.5, 15, 7, 103, 'Khá', 60, 1),
    ('KQ042', 'HV024', '641915', 'Phạm Phương Xuân', 'HK010', 'Học kỳ 1 Năm học 2024-2025', 3.79, 3.11, 9.5, 15, 10, 57, 'Xuất sắc', 88, 3),
    ('KQ043', 'HV018', '639962', 'Lê Tuấn Quân', 'HK012', 'Học kỳ hè Năm học 2024-2025', 3.11, 1.76, 7.8, 13, 10, 126, 'Khá', 60, 0),
    ('KQ044', 'HV026', '658439', 'Vũ Hữu Bình', 'HK013', 'Học kỳ 1 Năm học 2025-2026', 1.82, 4.0, 4.5, 21, 11, 36, 'Yếu', 72, 2),
    ('KQ045', 'HV026', '658439', 'Vũ Hữu Bình', 'HK004', 'Học kỳ 1 Năm học 2022-2023', 2.36, 4.0, 5.9, 10, 6, 36, 'Trung bình', 63, 3),
    ('KQ046', 'HV034', '671591', 'Hoàng Hải Anh', 'HK002', 'Học kỳ 2 Năm học 2021-2022', 3.37, 3.11, 8.4, 11, 7, 128, 'Giỏi', 93, 0),
    ('KQ047', 'HV036', '638647', 'Lý Thị Tùng', 'HK002', 'Học kỳ 2 Năm học 2021-2022', 2.52, 2.83, 6.3, 10, 0, 142, 'Khá', 98, 1),
    ('KQ048', 'HV045', '633511', 'Bùi Ngọc Xuân', 'HK001', 'Học kỳ 1 Năm học 2021-2022', 2.22, 1.78, 5.6, 18, 4, 40, 'Trung bình', 66, 2),
    ('KQ049', 'HV016', '642135', 'Lý Minh Xuân', 'HK014', 'Học kỳ 2 Năm học 2025-2026', 2.86, 3.45, 7.1, 16, 5, 45, 'Khá', 89, 2),
    ('KQ050', 'HV030', '632151', 'Bùi Bảo Xuân', 'HK001', 'Học kỳ 1 Năm học 2021-2022', 2.8, 2.74, 7.0, 17, 8, 143, 'Khá', 79, 0),
    ('KQ051', 'HV041', '666283', 'Trần Kim Hạnh', 'HK004', 'Học kỳ 1 Năm học 2022-2023', 1.58, 2.61, 4.0, 13, 2, 103, 'Yếu', 88, 0),
    ('KQ052', 'HV017', '643692', 'Trần Kim Linh', 'HK007', 'Học kỳ 1 Năm học 2023-2024', 2.54, 3.02, 6.3, 19, 9, 113, 'Khá', 55, 0),
    ('KQ053', 'HV032', '675421', 'Trần Văn Hương', 'HK013', 'Học kỳ 1 Năm học 2025-2026', 1.5, 1.73, 3.8, 18, 12, 43, 'Yếu', 93, 1),
    ('KQ054', 'HV040', '633301', 'Vũ Thị Phương', 'HK010', 'Học kỳ 1 Năm học 2024-2025', 4.0, 3.37, 10.0, 18, 17, 88, 'Xuất sắc', 71, 2),
    ('KQ055', 'HV028', '667779', 'Trần Thanh Hạnh', 'HK014', 'Học kỳ 2 Năm học 2025-2026', 4.0, 2.98, 10.0, 12, 3, 110, 'Xuất sắc', 71, 2),
    ('KQ056', 'HV017', '643692', 'Trần Kim Linh', 'HK002', 'Học kỳ 2 Năm học 2021-2022', 3.3, 3.02, 8.2, 11, 0, 113, 'Giỏi', 70, 3),
    ('KQ057', 'HV028', '667779', 'Trần Thanh Hạnh', 'HK004', 'Học kỳ 1 Năm học 2022-2023', 1.43, 2.98, 3.6, 16, 16, 110, 'Yếu', 78, 1),
    ('KQ058', 'HV009', '643611', 'Vũ Phương Hoa', 'HK011', 'Học kỳ 2 Năm học 2024-2025', 2.24, 2.45, 5.6, 22, 21, 59, 'Trung bình', 100, 3),
    ('KQ059', 'HV040', '633301', 'Vũ Thị Phương', 'HK015', 'Học kỳ hè Năm học 2025-2026', 2.41, 3.37, 6.0, 21, 11, 88, 'Trung bình', 96, 2),
    ('KQ060', 'HV029', '641724', 'Lý Quang Giang', 'HK013', 'Học kỳ 1 Năm học 2025-2026', 2.69, 1.59, 6.7, 15, 15, 119, 'Khá', 83, 3),
    ('KQ061', 'HV005', '678070', 'Nguyễn Hải Hương', 'HK012', 'Học kỳ hè Năm học 2024-2025', 3.69, 2.68, 9.2, 14, 11, 31, 'Xuất sắc', 95, 3),
    ('KQ062', 'HV048', '671744', 'Đặng Quang Chiến', 'HK015', 'Học kỳ hè Năm học 2025-2026', 2.44, 1.54, 6.1, 24, 13, 43, 'Trung bình', 66, 0),
    ('KQ063', 'HV034', '671591', 'Hoàng Hải Anh', 'HK014', 'Học kỳ 2 Năm học 2025-2026', 2.79, 3.11, 7.0, 18, 10, 128, 'Khá', 59, 2),
    ('KQ064', 'HV045', '633511', 'Bùi Ngọc Xuân', 'HK011', 'Học kỳ 2 Năm học 2024-2025', 3.2, 1.78, 8.0, 14, 5, 40, 'Giỏi', 59, 2),
    ('KQ065', 'HV039', '665288', 'Phạm Bảo Sơn', 'HK014', 'Học kỳ 2 Năm học 2025-2026', 1.56, 2.15, 3.9, 11, 9, 48, 'Yếu', 72, 2),
    ('KQ066', 'HV033', '643785', 'Vũ Hữu Hương', 'HK005', 'Học kỳ 2 Năm học 2022-2023', 1.63, 2.75, 4.1, 11, 3, 76, 'Yếu', 83, 1),
    ('KQ067', 'HV007', '651610', 'Lê Văn Nguyệt', 'HK001', 'Học kỳ 1 Năm học 2021-2022', 2.66, 2.04, 6.7, 10, 5, 45, 'Khá', 78, 2),
    ('KQ068', 'HV002', '634405', 'Hoàng Văn Phúc', 'HK002', 'Học kỳ 2 Năm học 2021-2022', 2.51, 1.79, 6.3, 22, 13, 54, 'Khá', 91, 3),
    ('KQ069', 'HV040', '633301', 'Vũ Thị Phương', 'HK005', 'Học kỳ 2 Năm học 2022-2023', 3.99, 3.37, 10.0, 22, 1, 88, 'Xuất sắc', 57, 1),
    ('KQ070', 'HV016', '642135', 'Lý Minh Xuân', 'HK008', 'Học kỳ 2 Năm học 2023-2024', 3.77, 3.45, 9.4, 15, 3, 45, 'Xuất sắc', 67, 3),
    ('KQ071', 'HV044', '674328', 'Dương Thị Tùng', 'HK012', 'Học kỳ hè Năm học 2024-2025', 1.6, 3.83, 4.0, 15, 0, 66, 'Yếu', 90, 2),
    ('KQ072', 'HV005', '678070', 'Nguyễn Hải Hương', 'HK002', 'Học kỳ 2 Năm học 2021-2022', 1.95, 2.68, 4.9, 20, 20, 31, 'Yếu', 89, 2),
    ('KQ073', 'HV047', '658219', 'Đặng Hữu Yến', 'HK003', 'Học kỳ hè Năm học 2021-2022', 3.01, 3.06, 7.5, 25, 14, 127, 'Khá', 70, 1),
    ('KQ074', 'HV004', '652953', 'Lê Đức Phúc', 'HK001', 'Học kỳ 1 Năm học 2021-2022', 2.5, 1.67, 6.2, 16, 4, 116, 'Khá', 84, 2),
    ('KQ075', 'HV038', '645515', 'Ngô Tuấn Em', 'HK006', 'Học kỳ hè Năm học 2022-2023', 2.04, 2.48, 5.1, 13, 2, 116, 'Trung bình', 95, 2),
    ('KQ076', 'HV030', '632151', 'Bùi Bảo Xuân', 'HK015', 'Học kỳ hè Năm học 2025-2026', 3.59, 2.74, 9.0, 20, 16, 143, 'Giỏi', 72, 2),
    ('KQ077', 'HV029', '641724', 'Lý Quang Giang', 'HK011', 'Học kỳ 2 Năm học 2024-2025', 3.34, 1.59, 8.3, 19, 11, 119, 'Giỏi', 87, 1),
    ('KQ078', 'HV010', '645051', 'Nguyễn Phương Dũng', 'HK013', 'Học kỳ 1 Năm học 2025-2026', 2.09, 2.64, 5.2, 15, 15, 147, 'Trung bình', 73, 1),
    ('KQ079', 'HV013', '642525', 'Nguyễn Minh Quân', 'HK006', 'Học kỳ hè Năm học 2022-2023', 1.54, 2.43, 3.9, 20, 10, 58, 'Yếu', 79, 3),
    ('KQ080', 'HV025', '669836', 'Ngô Tuấn Yến', 'HK013', 'Học kỳ 1 Năm học 2025-2026', 2.99, 1.77, 7.5, 10, 8, 74, 'Khá', 93, 2),
    ('KQ081', 'HV015', '631537', 'Nguyễn Kim Quân', 'HK006', 'Học kỳ hè Năm học 2022-2023', 2.76, 3.69, 6.9, 15, 11, 111, 'Khá', 98, 2),
    ('KQ082', 'HV037', '665362', 'Dương Đức Hương', 'HK001', 'Học kỳ 1 Năm học 2021-2022', 2.78, 3.8, 6.9, 13, 6, 135, 'Khá', 96, 3),
    ('KQ083', 'HV003', '657855', 'Bùi Hữu Việt', 'HK015', 'Học kỳ hè Năm học 2025-2026', 3.04, 2.68, 7.6, 24, 24, 119, 'Khá', 56, 3),
    ('KQ084', 'HV001', '676156', 'Lê Kim Dũng', 'HK009', 'Học kỳ hè Năm học 2023-2024', 2.9, 3.22, 7.2, 19, 3, 45, 'Khá', 65, 1),
    ('KQ085', 'HV008', '645479', 'Trần Thanh Sơn', 'HK004', 'Học kỳ 1 Năm học 2022-2023', 3.2, 2.82, 8.0, 18, 15, 45, 'Giỏi', 50, 3),
    ('KQ086', 'HV023', '678860', 'Bùi Quang Nguyệt', 'HK001', 'Học kỳ 1 Năm học 2021-2022', 3.35, 3.05, 8.4, 12, 6, 150, 'Giỏi', 61, 1),
    ('KQ087', 'HV031', '679202', 'Lý Quang Hạnh', 'HK002', 'Học kỳ 2 Năm học 2021-2022', 2.25, 3.69, 5.6, 18, 3, 62, 'Trung bình', 69, 2),
    ('KQ088', 'HV015', '631537', 'Nguyễn Kim Quân', 'HK004', 'Học kỳ 1 Năm học 2022-2023', 3.43, 3.69, 8.6, 12, 7, 111, 'Giỏi', 89, 0),
    ('KQ089', 'HV012', '648673', 'Lý Hải Phương', 'HK010', 'Học kỳ 1 Năm học 2024-2025', 2.0, 2.92, 5.0, 14, 3, 99, 'Trung bình', 97, 2),
    ('KQ090', 'HV032', '675421', 'Trần Văn Hương', 'HK001', 'Học kỳ 1 Năm học 2021-2022', 3.21, 1.73, 8.0, 23, 6, 43, 'Giỏi', 62, 0),
    ('KQ091', 'HV036', '638647', 'Lý Thị Tùng', 'HK009', 'Học kỳ hè Năm học 2023-2024', 3.57, 2.83, 8.9, 13, 11, 142, 'Giỏi', 74, 3),
    ('KQ092', 'HV022', '675392', 'Ngô Quang Phương', 'HK011', 'Học kỳ 2 Năm học 2024-2025', 3.2, 2.96, 8.0, 15, 15, 53, 'Giỏi', 75, 2),
    ('KQ093', 'HV036', '638647', 'Lý Thị Tùng', 'HK003', 'Học kỳ hè Năm học 2021-2022', 2.74, 2.83, 6.9, 11, 7, 142, 'Khá', 77, 3),
    ('KQ094', 'HV019', '653162', 'Phạm Văn Hạnh', 'HK013', 'Học kỳ 1 Năm học 2025-2026', 1.29, 3.2, 3.2, 16, 0, 84, 'Yếu', 74, 2),
    ('KQ095', 'HV047', '658219', 'Đặng Hữu Yến', 'HK008', 'Học kỳ 2 Năm học 2023-2024', 2.46, 3.06, 6.2, 21, 21, 127, 'Trung bình', 58, 3),
    ('KQ096', 'HV034', '671591', 'Hoàng Hải Anh', 'HK003', 'Học kỳ hè Năm học 2021-2022', 2.58, 3.11, 6.5, 11, 11, 128, 'Khá', 80, 0),
    ('KQ097', 'HV035', '656508', 'Lê Hải Phương', 'HK002', 'Học kỳ 2 Năm học 2021-2022', 2.0, 4.0, 5.0, 10, 3, 105, 'Trung bình', 91, 2),
    ('KQ098', 'HV013', '642525', 'Nguyễn Minh Quân', 'HK001', 'Học kỳ 1 Năm học 2021-2022', 2.76, 2.43, 6.9, 15, 3, 58, 'Khá', 90, 0),
    ('KQ099', 'HV007', '651610', 'Lê Văn Nguyệt', 'HK007', 'Học kỳ 1 Năm học 2023-2024', 2.73, 2.04, 6.8, 10, 6, 45, 'Khá', 58, 0),
    ('KQ100', 'HV048', '671744', 'Đặng Quang Chiến', 'HK005', 'Học kỳ 2 Năm học 2022-2023', 1.81, 1.54, 4.5, 15, 5, 43, 'Yếu', 80, 1),
    ('KQ101', 'HV010', '645051', 'Nguyễn Phương Dũng', 'HK006', 'Học kỳ hè Năm học 2022-2023', 1.14, 2.64, 2.8, 19, 14, 147, 'Yếu', 68, 2),
    ('KQ102', 'HV001', '676156', 'Lê Kim Dũng', 'HK015', 'Học kỳ hè Năm học 2025-2026', 3.6, 3.22, 9.0, 11, 5, 45, 'Xuất sắc', 92, 2),
    ('KQ103', 'HV038', '645515', 'Ngô Tuấn Em', 'HK001', 'Học kỳ 1 Năm học 2021-2022', 2.14, 2.48, 5.4, 12, 2, 116, 'Trung bình', 73, 1),
    ('KQ104', 'HV011', '674738', 'Lý Minh Linh', 'HK005', 'Học kỳ 2 Năm học 2022-2023', 3.75, 2.43, 9.4, 24, 19, 135, 'Xuất sắc', 72, 0),
    ('KQ105', 'HV021', '655647', 'Nguyễn Quang Em', 'HK012', 'Học kỳ hè Năm học 2024-2025', 2.42, 2.16, 6.0, 17, 3, 79, 'Trung bình', 67, 2),
    ('KQ106', 'HV040', '633301', 'Vũ Thị Phương', 'HK008', 'Học kỳ 2 Năm học 2023-2024', 2.98, 3.37, 7.5, 18, 11, 88, 'Khá', 71, 2),
    ('KQ107', 'HV040', '633301', 'Vũ Thị Phương', 'HK002', 'Học kỳ 2 Năm học 2021-2022', 2.39, 3.37, 6.0, 16, 3, 88, 'Trung bình', 95, 0),
    ('KQ108', 'HV038', '645515', 'Ngô Tuấn Em', 'HK014', 'Học kỳ 2 Năm học 2025-2026', 3.1, 2.48, 7.8, 14, 9, 116, 'Khá', 75, 2),
    ('KQ109', 'HV048', '671744', 'Đặng Quang Chiến', 'HK009', 'Học kỳ hè Năm học 2023-2024', 2.1, 1.54, 5.2, 22, 19, 43, 'Trung bình', 94, 3),
    ('KQ110', 'HV027', '657798', 'Lê Thị Việt', 'HK005', 'Học kỳ 2 Năm học 2022-2023', 2.9, 3.3, 7.2, 25, 22, 61, 'Khá', 55, 1),
    ('KQ111', 'HV012', '648673', 'Lý Hải Phương', 'HK002', 'Học kỳ 2 Năm học 2021-2022', 2.14, 2.92, 5.4, 14, 1, 99, 'Trung bình', 99, 1),
    ('KQ112', 'HV014', '658860', 'Bùi Kim Linh', 'HK010', 'Học kỳ 1 Năm học 2024-2025', 1.94, 3.02, 4.8, 19, 5, 76, 'Yếu', 83, 0),
    ('KQ113', 'HV030', '632151', 'Bùi Bảo Xuân', 'HK014', 'Học kỳ 2 Năm học 2025-2026', 3.04, 2.74, 7.6, 21, 8, 143, 'Khá', 96, 1),
    ('KQ114', 'HV005', '678070', 'Nguyễn Hải Hương', 'HK008', 'Học kỳ 2 Năm học 2023-2024', 4.0, 2.68, 10.0, 24, 17, 31, 'Xuất sắc', 81, 1),
    ('KQ115', 'HV014', '658860', 'Bùi Kim Linh', 'HK006', 'Học kỳ hè Năm học 2022-2023', 3.5, 3.02, 8.8, 24, 2, 76, 'Giỏi', 63, 1),
    ('KQ116', 'HV026', '658439', 'Vũ Hữu Bình', 'HK010', 'Học kỳ 1 Năm học 2024-2025', 3.89, 4.0, 9.7, 20, 20, 36, 'Xuất sắc', 55, 2),
    ('KQ117', 'HV046', '633567', 'Đỗ Bảo Yến', 'HK012', 'Học kỳ hè Năm học 2024-2025', 2.87, 2.91, 7.2, 25, 16, 62, 'Khá', 100, 2),
    ('KQ118', 'HV033', '643785', 'Vũ Hữu Hương', 'HK003', 'Học kỳ hè Năm học 2021-2022', 3.32, 2.75, 8.3, 14, 7, 76, 'Giỏi', 77, 1),
    ('KQ119', 'HV034', '671591', 'Hoàng Hải Anh', 'HK011', 'Học kỳ 2 Năm học 2024-2025', 1.59, 3.11, 4.0, 18, 5, 128, 'Yếu', 93, 2),
    ('KQ120', 'HV024', '641915', 'Phạm Phương Xuân', 'HK012', 'Học kỳ hè Năm học 2024-2025', 2.77, 3.11, 6.9, 12, 2, 57, 'Khá', 51, 0),
    ('KQ121', 'HV022', '675392', 'Ngô Quang Phương', 'HK008', 'Học kỳ 2 Năm học 2023-2024', 2.09, 2.96, 5.2, 21, 21, 53, 'Trung bình', 56, 3),
    ('KQ122', 'HV050', '658318', 'Phạm Văn Minh', 'HK009', 'Học kỳ hè Năm học 2023-2024', 2.42, 2.5, 6.0, 14, 0, 70, 'Trung bình', 91, 2),
    ('KQ123', 'HV029', '641724', 'Lý Quang Giang', 'HK007', 'Học kỳ 1 Năm học 2023-2024', 3.97, 1.59, 9.9, 10, 5, 119, 'Xuất sắc', 63, 0),
    ('KQ124', 'HV035', '656508', 'Lê Hải Phương', 'HK013', 'Học kỳ 1 Năm học 2025-2026', 2.57, 4.0, 6.4, 15, 8, 105, 'Khá', 86, 3),
    ('KQ125', 'HV001', '676156', 'Lê Kim Dũng', 'HK007', 'Học kỳ 1 Năm học 2023-2024', 1.97, 3.22, 4.9, 16, 6, 45, 'Yếu', 92, 3),
    ('KQ126', 'HV004', '652953', 'Lê Đức Phúc', 'HK013', 'Học kỳ 1 Năm học 2025-2026', 2.6, 1.67, 6.5, 20, 15, 116, 'Khá', 70, 3),
    ('KQ127', 'HV004', '652953', 'Lê Đức Phúc', 'HK003', 'Học kỳ hè Năm học 2021-2022', 1.24, 1.67, 3.1, 16, 9, 116, 'Yếu', 74, 1),
    ('KQ128', 'HV033', '643785', 'Vũ Hữu Hương', 'HK002', 'Học kỳ 2 Năm học 2021-2022', 4.0, 2.75, 10.0, 10, 6, 76, 'Xuất sắc', 60, 3),
    ('KQ129', 'HV017', '643692', 'Trần Kim Linh', 'HK005', 'Học kỳ 2 Năm học 2022-2023', 1.85, 3.02, 4.6, 11, 6, 113, 'Yếu', 71, 3),
    ('KQ130', 'HV036', '638647', 'Lý Thị Tùng', 'HK008', 'Học kỳ 2 Năm học 2023-2024', 1.64, 2.83, 4.1, 21, 0, 142, 'Yếu', 94, 1),
    ('KQ131', 'HV027', '657798', 'Lê Thị Việt', 'HK007', 'Học kỳ 1 Năm học 2023-2024', 3.01, 3.3, 7.5, 22, 18, 61, 'Khá', 99, 2),
    ('KQ132', 'HV032', '675421', 'Trần Văn Hương', 'HK009', 'Học kỳ hè Năm học 2023-2024', 2.47, 1.73, 6.2, 22, 3, 43, 'Trung bình', 65, 3),
    ('KQ133', 'HV042', '649420', 'Vũ Kim Xuân', 'HK004', 'Học kỳ 1 Năm học 2022-2023', 2.13, 1.79, 5.3, 16, 8, 35, 'Trung bình', 64, 0),
    ('KQ134', 'HV023', '678860', 'Bùi Quang Nguyệt', 'HK007', 'Học kỳ 1 Năm học 2023-2024', 4.0, 3.05, 10.0, 21, 3, 150, 'Xuất sắc', 74, 2),
    ('KQ135', 'HV005', '678070', 'Nguyễn Hải Hương', 'HK005', 'Học kỳ 2 Năm học 2022-2023', 2.18, 2.68, 5.5, 20, 2, 31, 'Trung bình', 81, 1),
    ('KQ136', 'HV006', '652106', 'Đỗ Thanh Yến', 'HK013', 'Học kỳ 1 Năm học 2025-2026', 3.11, 2.61, 7.8, 12, 2, 47, 'Khá', 84, 2),
    ('KQ137', 'HV042', '649420', 'Vũ Kim Xuân', 'HK009', 'Học kỳ hè Năm học 2023-2024', 2.22, 1.79, 5.6, 25, 15, 35, 'Trung bình', 93, 2),
    ('KQ138', 'HV025', '669836', 'Ngô Tuấn Yến', 'HK002', 'Học kỳ 2 Năm học 2021-2022', 3.07, 1.77, 7.7, 23, 23, 74, 'Khá', 89, 0),
    ('KQ139', 'HV029', '641724', 'Lý Quang Giang', 'HK005', 'Học kỳ 2 Năm học 2022-2023', 2.41, 1.59, 6.0, 10, 1, 119, 'Trung bình', 73, 3),
    ('KQ140', 'HV025', '669836', 'Ngô Tuấn Yến', 'HK007', 'Học kỳ 1 Năm học 2023-2024', 3.22, 1.77, 8.1, 18, 2, 74, 'Giỏi', 58, 2),
    ('KQ141', 'HV035', '656508', 'Lê Hải Phương', 'HK006', 'Học kỳ hè Năm học 2022-2023', 3.09, 4.0, 7.7, 12, 4, 105, 'Khá', 54, 2),
    ('KQ142', 'HV001', '676156', 'Lê Kim Dũng', 'HK013', 'Học kỳ 1 Năm học 2025-2026', 2.86, 3.22, 7.1, 10, 1, 45, 'Khá', 94, 0),
    ('KQ143', 'HV046', '633567', 'Đỗ Bảo Yến', 'HK010', 'Học kỳ 1 Năm học 2024-2025', 1.99, 2.91, 5.0, 25, 9, 62, 'Yếu', 64, 2),
    ('KQ144', 'HV019', '653162', 'Phạm Văn Hạnh', 'HK007', 'Học kỳ 1 Năm học 2023-2024', 3.33, 3.2, 8.3, 23, 1, 84, 'Giỏi', 90, 2),
    ('KQ145', 'HV014', '658860', 'Bùi Kim Linh', 'HK009', 'Học kỳ hè Năm học 2023-2024', 3.02, 3.02, 7.5, 14, 3, 76, 'Khá', 78, 0),
    ('KQ146', 'HV043', '676656', 'Hoàng Tuấn Phúc', 'HK011', 'Học kỳ 2 Năm học 2024-2025', 2.73, 2.93, 6.8, 19, 12, 146, 'Khá', 56, 2),
    ('KQ147', 'HV005', '678070', 'Nguyễn Hải Hương', 'HK014', 'Học kỳ 2 Năm học 2025-2026', 3.4, 2.68, 8.5, 24, 17, 31, 'Giỏi', 79, 2),
    ('KQ148', 'HV025', '669836', 'Ngô Tuấn Yến', 'HK001', 'Học kỳ 1 Năm học 2021-2022', 1.72, 1.77, 4.3, 17, 4, 74, 'Yếu', 97, 3),
    ('KQ149', 'HV046', '633567', 'Đỗ Bảo Yến', 'HK006', 'Học kỳ hè Năm học 2022-2023', 2.24, 2.91, 5.6, 19, 12, 62, 'Trung bình', 64, 1),
    ('KQ150', 'HV017', '643692', 'Trần Kim Linh', 'HK006', 'Học kỳ hè Năm học 2022-2023', 2.42, 3.02, 6.0, 21, 16, 113, 'Trung bình', 68, 2),
    ('KQ151', 'HV003', '657855', 'Bùi Hữu Việt', 'HK011', 'Học kỳ 2 Năm học 2024-2025', 2.71, 2.68, 6.8, 16, 3, 119, 'Khá', 55, 2),
    ('KQ152', 'HV017', '643692', 'Trần Kim Linh', 'HK015', 'Học kỳ hè Năm học 2025-2026', 4.0, 3.02, 10.0, 12, 9, 113, 'Xuất sắc', 67, 3),
    ('KQ153', 'HV034', '671591', 'Hoàng Hải Anh', 'HK013', 'Học kỳ 1 Năm học 2025-2026', 2.56, 3.11, 6.4, 21, 0, 128, 'Khá', 94, 0),
    ('KQ154', 'HV005', '678070', 'Nguyễn Hải Hương', 'HK003', 'Học kỳ hè Năm học 2021-2022', 3.53, 2.68, 8.8, 15, 0, 31, 'Giỏi', 99, 0),
    ('KQ155', 'HV046', '633567', 'Đỗ Bảo Yến', 'HK008', 'Học kỳ 2 Năm học 2023-2024', 2.42, 2.91, 6.0, 11, 5, 62, 'Trung bình', 68, 2),
    ('KQ156', 'HV012', '648673', 'Lý Hải Phương', 'HK001', 'Học kỳ 1 Năm học 2021-2022', 3.11, 2.92, 7.8, 23, 8, 99, 'Khá', 60, 1),
    ('KQ157', 'HV032', '675421', 'Trần Văn Hương', 'HK005', 'Học kỳ 2 Năm học 2022-2023', 2.59, 1.73, 6.5, 10, 4, 43, 'Khá', 96, 2),
    ('KQ158', 'HV011', '674738', 'Lý Minh Linh', 'HK015', 'Học kỳ hè Năm học 2025-2026', 3.69, 2.43, 9.2, 14, 6, 135, 'Xuất sắc', 72, 0),
    ('KQ159', 'HV038', '645515', 'Ngô Tuấn Em', 'HK013', 'Học kỳ 1 Năm học 2025-2026', 2.96, 2.48, 7.4, 14, 10, 116, 'Khá', 81, 1),
    ('KQ160', 'HV034', '671591', 'Hoàng Hải Anh', 'HK004', 'Học kỳ 1 Năm học 2022-2023', 2.32, 3.11, 5.8, 21, 15, 128, 'Trung bình', 56, 2),
    ('KQ161', 'HV012', '648673', 'Lý Hải Phương', 'HK014', 'Học kỳ 2 Năm học 2025-2026', 2.79, 2.92, 7.0, 21, 17, 99, 'Khá', 86, 2),
    ('KQ162', 'HV022', '675392', 'Ngô Quang Phương', 'HK010', 'Học kỳ 1 Năm học 2024-2025', 3.52, 2.96, 8.8, 20, 10, 53, 'Giỏi', 99, 0),
    ('KQ163', 'HV047', '658219', 'Đặng Hữu Yến', 'HK013', 'Học kỳ 1 Năm học 2025-2026', 4.0, 3.06, 10.0, 11, 9, 127, 'Xuất sắc', 93, 1),
    ('KQ164', 'HV050', '658318', 'Phạm Văn Minh', 'HK011', 'Học kỳ 2 Năm học 2024-2025', 2.13, 2.5, 5.3, 11, 4, 70, 'Trung bình', 81, 0),
    ('KQ165', 'HV030', '632151', 'Bùi Bảo Xuân', 'HK008', 'Học kỳ 2 Năm học 2023-2024', 1.81, 2.74, 4.5, 13, 6, 143, 'Yếu', 74, 3),
    ('KQ166', 'HV043', '676656', 'Hoàng Tuấn Phúc', 'HK012', 'Học kỳ hè Năm học 2024-2025', 3.1, 2.93, 7.8, 20, 3, 146, 'Khá', 60, 3),
    ('KQ167', 'HV026', '658439', 'Vũ Hữu Bình', 'HK011', 'Học kỳ 2 Năm học 2024-2025', 3.62, 4.0, 9.1, 21, 20, 36, 'Xuất sắc', 67, 2),
    ('KQ168', 'HV007', '651610', 'Lê Văn Nguyệt', 'HK006', 'Học kỳ hè Năm học 2022-2023', 2.3, 2.04, 5.8, 25, 23, 45, 'Trung bình', 56, 1),
    ('KQ169', 'HV049', '638542', 'Hồ Hữu Giang', 'HK007', 'Học kỳ 1 Năm học 2023-2024', 2.89, 3.02, 7.2, 20, 10, 91, 'Khá', 99, 0),
    ('KQ170', 'HV014', '658860', 'Bùi Kim Linh', 'HK013', 'Học kỳ 1 Năm học 2025-2026', 3.58, 3.02, 8.9, 12, 3, 76, 'Giỏi', 67, 0),
    ('KQ171', 'HV028', '667779', 'Trần Thanh Hạnh', 'HK015', 'Học kỳ hè Năm học 2025-2026', 3.75, 2.98, 9.4, 19, 8, 110, 'Xuất sắc', 86, 2),
    ('KQ172', 'HV026', '658439', 'Vũ Hữu Bình', 'HK007', 'Học kỳ 1 Năm học 2023-2024', 3.18, 4.0, 8.0, 20, 4, 36, 'Khá', 76, 1),
    ('KQ173', 'HV002', '634405', 'Hoàng Văn Phúc', 'HK004', 'Học kỳ 1 Năm học 2022-2023', 2.88, 1.79, 7.2, 19, 11, 54, 'Khá', 63, 3),
    ('KQ174', 'HV015', '631537', 'Nguyễn Kim Quân', 'HK014', 'Học kỳ 2 Năm học 2025-2026', 3.67, 3.69, 9.2, 14, 10, 111, 'Xuất sắc', 56, 1),
    ('KQ175', 'HV039', '665288', 'Phạm Bảo Sơn', 'HK011', 'Học kỳ 2 Năm học 2024-2025', 3.56, 2.15, 8.9, 22, 13, 48, 'Giỏi', 79, 3),
    ('KQ176', 'HV025', '669836', 'Ngô Tuấn Yến', 'HK003', 'Học kỳ hè Năm học 2021-2022', 1.77, 1.77, 4.4, 25, 10, 74, 'Yếu', 83, 1),
    ('KQ177', 'HV046', '633567', 'Đỗ Bảo Yến', 'HK005', 'Học kỳ 2 Năm học 2022-2023', 2.61, 2.91, 6.5, 17, 16, 62, 'Khá', 87, 2),
    ('KQ178', 'HV043', '676656', 'Hoàng Tuấn Phúc', 'HK009', 'Học kỳ hè Năm học 2023-2024', 3.69, 2.93, 9.2, 15, 11, 146, 'Xuất sắc', 67, 3),
    ('KQ179', 'HV027', '657798', 'Lê Thị Việt', 'HK014', 'Học kỳ 2 Năm học 2025-2026', 2.03, 3.3, 5.1, 10, 8, 61, 'Trung bình', 72, 2),
    ('KQ180', 'HV009', '643611', 'Vũ Phương Hoa', 'HK003', 'Học kỳ hè Năm học 2021-2022', 4.0, 2.45, 10.0, 15, 5, 59, 'Xuất sắc', 87, 0),
    ('KQ181', 'HV045', '633511', 'Bùi Ngọc Xuân', 'HK008', 'Học kỳ 2 Năm học 2023-2024', 3.59, 1.78, 9.0, 13, 7, 40, 'Giỏi', 88, 1),
    ('KQ182', 'HV022', '675392', 'Ngô Quang Phương', 'HK014', 'Học kỳ 2 Năm học 2025-2026', 2.78, 2.96, 6.9, 20, 0, 53, 'Khá', 61, 0),
    ('KQ183', 'HV048', '671744', 'Đặng Quang Chiến', 'HK007', 'Học kỳ 1 Năm học 2023-2024', 2.65, 1.54, 6.6, 23, 20, 43, 'Khá', 59, 3),
    ('KQ184', 'HV002', '634405', 'Hoàng Văn Phúc', 'HK007', 'Học kỳ 1 Năm học 2023-2024', 0.71, 1.79, 1.8, 23, 8, 54, 'Yếu', 93, 0),
    ('KQ185', 'HV020', '647942', 'Dương Phương Giang', 'HK015', 'Học kỳ hè Năm học 2025-2026', 3.63, 3.28, 9.1, 15, 8, 83, 'Xuất sắc', 74, 3),
    ('KQ186', 'HV009', '643611', 'Vũ Phương Hoa', 'HK006', 'Học kỳ hè Năm học 2022-2023', 2.31, 2.45, 5.8, 18, 10, 59, 'Trung bình', 53, 1),
    ('KQ187', 'HV031', '679202', 'Lý Quang Hạnh', 'HK001', 'Học kỳ 1 Năm học 2021-2022', 2.68, 3.69, 6.7, 21, 18, 62, 'Khá', 66, 2),
    ('KQ188', 'HV032', '675421', 'Trần Văn Hương', 'HK010', 'Học kỳ 1 Năm học 2024-2025', 2.19, 1.73, 5.5, 14, 14, 43, 'Trung bình', 61, 1),
    ('KQ189', 'HV042', '649420', 'Vũ Kim Xuân', 'HK001', 'Học kỳ 1 Năm học 2021-2022', 2.52, 1.79, 6.3, 17, 7, 35, 'Khá', 69, 3),
    ('KQ190', 'HV028', '667779', 'Trần Thanh Hạnh', 'HK005', 'Học kỳ 2 Năm học 2022-2023', 2.43, 2.98, 6.1, 25, 6, 110, 'Trung bình', 80, 1),
    ('KQ191', 'HV032', '675421', 'Trần Văn Hương', 'HK007', 'Học kỳ 1 Năm học 2023-2024', 2.64, 1.73, 6.6, 10, 1, 43, 'Khá', 64, 1),
    ('KQ192', 'HV035', '656508', 'Lê Hải Phương', 'HK011', 'Học kỳ 2 Năm học 2024-2025', 3.35, 4.0, 8.4, 14, 1, 105, 'Giỏi', 75, 2),
    ('KQ193', 'HV044', '674328', 'Dương Thị Tùng', 'HK004', 'Học kỳ 1 Năm học 2022-2023', 1.98, 3.83, 5.0, 21, 3, 66, 'Yếu', 67, 3),
    ('KQ194', 'HV048', '671744', 'Đặng Quang Chiến', 'HK001', 'Học kỳ 1 Năm học 2021-2022', 2.55, 1.54, 6.4, 14, 14, 43, 'Khá', 97, 2),
    ('KQ195', 'HV046', '633567', 'Đỗ Bảo Yến', 'HK011', 'Học kỳ 2 Năm học 2024-2025', 1.93, 2.91, 4.8, 22, 22, 62, 'Yếu', 96, 1),
    ('KQ196', 'HV029', '641724', 'Lý Quang Giang', 'HK010', 'Học kỳ 1 Năm học 2024-2025', 3.37, 1.59, 8.4, 12, 2, 119, 'Giỏi', 61, 1),
    ('KQ197', 'HV013', '642525', 'Nguyễn Minh Quân', 'HK013', 'Học kỳ 1 Năm học 2025-2026', 1.68, 2.43, 4.2, 25, 19, 58, 'Yếu', 85, 0),
    ('KQ198', 'HV023', '678860', 'Bùi Quang Nguyệt', 'HK010', 'Học kỳ 1 Năm học 2024-2025', 3.63, 3.05, 9.1, 17, 17, 150, 'Xuất sắc', 74, 2),
    ('KQ199', 'HV047', '658219', 'Đặng Hữu Yến', 'HK009', 'Học kỳ hè Năm học 2023-2024', 3.39, 3.06, 8.5, 13, 10, 127, 'Giỏi', 84, 0),
    ('KQ200', 'HV007', '651610', 'Lê Văn Nguyệt', 'HK003', 'Học kỳ hè Năm học 2021-2022', 2.42, 2.04, 6.0, 20, 20, 45, 'Trung bình', 71, 1),
    ('KQ201', 'HV037', '665362', 'Dương Đức Hương', 'HK003', 'Học kỳ hè Năm học 2021-2022', 3.86, 3.8, 9.7, 21, 10, 135, 'Xuất sắc', 82, 1),
    ('KQ202', 'HV002', '634405', 'Hoàng Văn Phúc', 'HK015', 'Học kỳ hè Năm học 2025-2026', 2.0, 1.79, 5.0, 14, 2, 54, 'Trung bình', 72, 1),
    ('KQ203', 'HV028', '667779', 'Trần Thanh Hạnh', 'HK012', 'Học kỳ hè Năm học 2024-2025', 3.15, 2.98, 7.9, 20, 19, 110, 'Khá', 79, 1),
    ('KQ204', 'HV048', '671744', 'Đặng Quang Chiến', 'HK006', 'Học kỳ hè Năm học 2022-2023', 2.02, 1.54, 5.0, 21, 9, 43, 'Trung bình', 64, 0),
    ('KQ205', 'HV025', '669836', 'Ngô Tuấn Yến', 'HK010', 'Học kỳ 1 Năm học 2024-2025', 3.42, 1.77, 8.6, 13, 3, 74, 'Giỏi', 94, 1),
    ('KQ206', 'HV021', '655647', 'Nguyễn Quang Em', 'HK003', 'Học kỳ hè Năm học 2021-2022', 1.91, 2.16, 4.8, 15, 15, 79, 'Yếu', 92, 0),
    ('KQ207', 'HV009', '643611', 'Vũ Phương Hoa', 'HK013', 'Học kỳ 1 Năm học 2025-2026', 3.01, 2.45, 7.5, 16, 6, 59, 'Khá', 52, 1),
    ('KQ208', 'HV034', '671591', 'Hoàng Hải Anh', 'HK007', 'Học kỳ 1 Năm học 2023-2024', 2.9, 3.11, 7.2, 19, 17, 128, 'Khá', 88, 3),
    ('KQ209', 'HV047', '658219', 'Đặng Hữu Yến', 'HK010', 'Học kỳ 1 Năm học 2024-2025', 2.88, 3.06, 7.2, 23, 4, 127, 'Khá', 64, 3),
    ('KQ210', 'HV037', '665362', 'Dương Đức Hương', 'HK008', 'Học kỳ 2 Năm học 2023-2024', 2.78, 3.8, 6.9, 19, 3, 135, 'Khá', 67, 1),
    ('KQ211', 'HV046', '633567', 'Đỗ Bảo Yến', 'HK014', 'Học kỳ 2 Năm học 2025-2026', 3.61, 2.91, 9.0, 22, 8, 62, 'Xuất sắc', 81, 3),
    ('KQ212', 'HV037', '665362', 'Dương Đức Hương', 'HK006', 'Học kỳ hè Năm học 2022-2023', 3.65, 3.8, 9.1, 17, 3, 135, 'Xuất sắc', 82, 2),
    ('KQ213', 'HV020', '647942', 'Dương Phương Giang', 'HK006', 'Học kỳ hè Năm học 2022-2023', 1.89, 3.28, 4.7, 12, 10, 83, 'Yếu', 57, 1),
    ('KQ214', 'HV035', '656508', 'Lê Hải Phương', 'HK007', 'Học kỳ 1 Năm học 2023-2024', 2.89, 4.0, 7.2, 17, 3, 105, 'Khá', 90, 1),
    ('KQ215', 'HV020', '647942', 'Dương Phương Giang', 'HK005', 'Học kỳ 2 Năm học 2022-2023', 3.45, 3.28, 8.6, 15, 4, 83, 'Giỏi', 61, 0),
    ('KQ216', 'HV011', '674738', 'Lý Minh Linh', 'HK006', 'Học kỳ hè Năm học 2022-2023', 2.74, 2.43, 6.9, 10, 10, 135, 'Khá', 100, 3),
    ('KQ217', 'HV019', '653162', 'Phạm Văn Hạnh', 'HK010', 'Học kỳ 1 Năm học 2024-2025', 3.77, 3.2, 9.4, 24, 4, 84, 'Xuất sắc', 84, 0),
    ('KQ218', 'HV050', '658318', 'Phạm Văn Minh', 'HK003', 'Học kỳ hè Năm học 2021-2022', 1.95, 2.5, 4.9, 16, 5, 70, 'Yếu', 75, 2),
    ('KQ219', 'HV012', '648673', 'Lý Hải Phương', 'HK004', 'Học kỳ 1 Năm học 2022-2023', 4.0, 2.92, 10.0, 10, 9, 99, 'Xuất sắc', 67, 0),
    ('KQ220', 'HV031', '679202', 'Lý Quang Hạnh', 'HK007', 'Học kỳ 1 Năm học 2023-2024', 2.59, 3.69, 6.5, 21, 18, 62, 'Khá', 79, 3),
    ('KQ221', 'HV001', '676156', 'Lê Kim Dũng', 'HK003', 'Học kỳ hè Năm học 2021-2022', 2.01, 3.22, 5.0, 18, 12, 45, 'Trung bình', 60, 2),
    ('KQ222', 'HV020', '647942', 'Dương Phương Giang', 'HK009', 'Học kỳ hè Năm học 2023-2024', 3.51, 3.28, 8.8, 22, 1, 83, 'Giỏi', 88, 0),
    ('KQ223', 'HV016', '642135', 'Lý Minh Xuân', 'HK009', 'Học kỳ hè Năm học 2023-2024', 2.23, 3.45, 5.6, 16, 10, 45, 'Trung bình', 86, 2),
    ('KQ224', 'HV022', '675392', 'Ngô Quang Phương', 'HK004', 'Học kỳ 1 Năm học 2022-2023', 2.76, 2.96, 6.9, 23, 20, 53, 'Khá', 53, 2),
    ('KQ225', 'HV043', '676656', 'Hoàng Tuấn Phúc', 'HK002', 'Học kỳ 2 Năm học 2021-2022', 3.33, 2.93, 8.3, 20, 15, 146, 'Giỏi', 70, 0),
    ('KQ226', 'HV049', '638542', 'Hồ Hữu Giang', 'HK012', 'Học kỳ hè Năm học 2024-2025', 3.61, 3.02, 9.0, 12, 2, 91, 'Xuất sắc', 72, 2),
    ('KQ227', 'HV010', '645051', 'Nguyễn Phương Dũng', 'HK014', 'Học kỳ 2 Năm học 2025-2026', 2.72, 2.64, 6.8, 10, 9, 147, 'Khá', 54, 3),
    ('KQ228', 'HV032', '675421', 'Trần Văn Hương', 'HK012', 'Học kỳ hè Năm học 2024-2025', 1.98, 1.73, 5.0, 10, 7, 43, 'Yếu', 67, 0),
    ('KQ229', 'HV028', '667779', 'Trần Thanh Hạnh', 'HK006', 'Học kỳ hè Năm học 2022-2023', 3.16, 2.98, 7.9, 18, 6, 110, 'Khá', 97, 3),
    ('KQ230', 'HV032', '675421', 'Trần Văn Hương', 'HK006', 'Học kỳ hè Năm học 2022-2023', 3.17, 1.73, 7.9, 17, 7, 43, 'Khá', 85, 3),
    ('KQ231', 'HV039', '665288', 'Phạm Bảo Sơn', 'HK008', 'Học kỳ 2 Năm học 2023-2024', 2.23, 2.15, 5.6, 11, 11, 48, 'Trung bình', 78, 3),
    ('KQ232', 'HV019', '653162', 'Phạm Văn Hạnh', 'HK005', 'Học kỳ 2 Năm học 2022-2023', 2.59, 3.2, 6.5, 14, 2, 84, 'Khá', 79, 3),
    ('KQ233', 'HV038', '645515', 'Ngô Tuấn Em', 'HK007', 'Học kỳ 1 Năm học 2023-2024', 3.15, 2.48, 7.9, 19, 10, 116, 'Khá', 52, 2),
    ('KQ234', 'HV042', '649420', 'Vũ Kim Xuân', 'HK010', 'Học kỳ 1 Năm học 2024-2025', 2.31, 1.79, 5.8, 11, 9, 35, 'Trung bình', 79, 1),
    ('KQ235', 'HV007', '651610', 'Lê Văn Nguyệt', 'HK005', 'Học kỳ 2 Năm học 2022-2023', 2.87, 2.04, 7.2, 23, 15, 45, 'Khá', 87, 3),
    ('KQ236', 'HV021', '655647', 'Nguyễn Quang Em', 'HK015', 'Học kỳ hè Năm học 2025-2026', 3.24, 2.16, 8.1, 23, 8, 79, 'Giỏi', 68, 0),
    ('KQ237', 'HV020', '647942', 'Dương Phương Giang', 'HK002', 'Học kỳ 2 Năm học 2021-2022', 3.48, 3.28, 8.7, 11, 11, 83, 'Giỏi', 72, 2),
    ('KQ238', 'HV009', '643611', 'Vũ Phương Hoa', 'HK001', 'Học kỳ 1 Năm học 2021-2022', 3.61, 2.45, 9.0, 17, 16, 59, 'Xuất sắc', 72, 1),
    ('KQ239', 'HV047', '658219', 'Đặng Hữu Yến', 'HK011', 'Học kỳ 2 Năm học 2024-2025', 2.38, 3.06, 5.9, 20, 18, 127, 'Trung bình', 91, 3),
    ('KQ240', 'HV050', '658318', 'Phạm Văn Minh', 'HK014', 'Học kỳ 2 Năm học 2025-2026', 2.46, 2.5, 6.2, 21, 20, 70, 'Trung bình', 73, 3),
    ('KQ241', 'HV034', '671591', 'Hoàng Hải Anh', 'HK008', 'Học kỳ 2 Năm học 2023-2024', 1.46, 3.11, 3.6, 18, 12, 128, 'Yếu', 70, 3),
    ('KQ242', 'HV007', '651610', 'Lê Văn Nguyệt', 'HK011', 'Học kỳ 2 Năm học 2024-2025', 3.58, 2.04, 8.9, 21, 14, 45, 'Giỏi', 86, 2),
    ('KQ243', 'HV010', '645051', 'Nguyễn Phương Dũng', 'HK001', 'Học kỳ 1 Năm học 2021-2022', 2.43, 2.64, 6.1, 23, 21, 147, 'Trung bình', 57, 1),
    ('KQ244', 'HV008', '645479', 'Trần Thanh Sơn', 'HK002', 'Học kỳ 2 Năm học 2021-2022', 2.27, 2.82, 5.7, 12, 9, 45, 'Trung bình', 65, 3),
    ('KQ245', 'HV028', '667779', 'Trần Thanh Hạnh', 'HK009', 'Học kỳ hè Năm học 2023-2024', 2.94, 2.98, 7.3, 18, 4, 110, 'Khá', 63, 0),
    ('KQ246', 'HV020', '647942', 'Dương Phương Giang', 'HK004', 'Học kỳ 1 Năm học 2022-2023', 3.6, 3.28, 9.0, 11, 8, 83, 'Xuất sắc', 64, 1),
    ('KQ247', 'HV027', '657798', 'Lê Thị Việt', 'HK013', 'Học kỳ 1 Năm học 2025-2026', 3.92, 3.3, 9.8, 20, 0, 61, 'Xuất sắc', 52, 0),
    ('KQ248', 'HV008', '645479', 'Trần Thanh Sơn', 'HK012', 'Học kỳ hè Năm học 2024-2025', 2.47, 2.82, 6.2, 18, 13, 45, 'Trung bình', 79, 1),
    ('KQ249', 'HV033', '643785', 'Vũ Hữu Hương', 'HK004', 'Học kỳ 1 Năm học 2022-2023', 4.0, 2.75, 10.0, 17, 13, 76, 'Xuất sắc', 97, 0),
    ('KQ250', 'HV046', '633567', 'Đỗ Bảo Yến', 'HK015', 'Học kỳ hè Năm học 2025-2026', 2.63, 2.91, 6.6, 13, 12, 62, 'Khá', 93, 1),
    ('KQ251', 'HV003', '657855', 'Bùi Hữu Việt', 'HK014', 'Học kỳ 2 Năm học 2025-2026', 2.44, 2.68, 6.1, 20, 5, 119, 'Trung bình', 63, 0),
    ('KQ252', 'HV001', '676156', 'Lê Kim Dũng', 'HK014', 'Học kỳ 2 Năm học 2025-2026', 2.53, 3.22, 6.3, 20, 5, 45, 'Khá', 66, 2),
    ('KQ253', 'HV024', '641915', 'Phạm Phương Xuân', 'HK004', 'Học kỳ 1 Năm học 2022-2023', 3.68, 3.11, 9.2, 15, 7, 57, 'Xuất sắc', 55, 2),
    ('KQ254', 'HV049', '638542', 'Hồ Hữu Giang', 'HK006', 'Học kỳ hè Năm học 2022-2023', 3.63, 3.02, 9.1, 23, 6, 91, 'Xuất sắc', 61, 0),
    ('KQ255', 'HV048', '671744', 'Đặng Quang Chiến', 'HK008', 'Học kỳ 2 Năm học 2023-2024', 1.56, 1.54, 3.9, 20, 15, 43, 'Yếu', 75, 1),
    ('KQ256', 'HV043', '676656', 'Hoàng Tuấn Phúc', 'HK007', 'Học kỳ 1 Năm học 2023-2024', 2.58, 2.93, 6.5, 23, 23, 146, 'Khá', 98, 3),
    ('KQ257', 'HV015', '631537', 'Nguyễn Kim Quân', 'HK003', 'Học kỳ hè Năm học 2021-2022', 1.62, 3.69, 4.1, 22, 9, 111, 'Yếu', 68, 2),
    ('KQ258', 'HV036', '638647', 'Lý Thị Tùng', 'HK004', 'Học kỳ 1 Năm học 2022-2023', 1.59, 2.83, 4.0, 25, 2, 142, 'Yếu', 50, 3),
    ('KQ259', 'HV043', '676656', 'Hoàng Tuấn Phúc', 'HK005', 'Học kỳ 2 Năm học 2022-2023', 2.77, 2.93, 6.9, 24, 21, 146, 'Khá', 63, 1),
    ('KQ260', 'HV049', '638542', 'Hồ Hữu Giang', 'HK015', 'Học kỳ hè Năm học 2025-2026', 3.13, 3.02, 7.8, 13, 2, 91, 'Khá', 57, 3),
    ('KQ261', 'HV016', '642135', 'Lý Minh Xuân', 'HK003', 'Học kỳ hè Năm học 2021-2022', 3.52, 3.45, 8.8, 19, 17, 45, 'Giỏi', 66, 2),
    ('KQ262', 'HV044', '674328', 'Dương Thị Tùng', 'HK015', 'Học kỳ hè Năm học 2025-2026', 2.8, 3.83, 7.0, 25, 8, 66, 'Khá', 77, 3),
    ('KQ263', 'HV019', '653162', 'Phạm Văn Hạnh', 'HK003', 'Học kỳ hè Năm học 2021-2022', 3.6, 3.2, 9.0, 25, 0, 84, 'Xuất sắc', 99, 1),
    ('KQ264', 'HV006', '652106', 'Đỗ Thanh Yến', 'HK004', 'Học kỳ 1 Năm học 2022-2023', 2.24, 2.61, 5.6, 16, 15, 47, 'Trung bình', 68, 3),
    ('KQ265', 'HV002', '634405', 'Hoàng Văn Phúc', 'HK014', 'Học kỳ 2 Năm học 2025-2026', 2.11, 1.79, 5.3, 24, 4, 54, 'Trung bình', 100, 2),
    ('KQ266', 'HV050', '658318', 'Phạm Văn Minh', 'HK002', 'Học kỳ 2 Năm học 2021-2022', 3.25, 2.5, 8.1, 20, 0, 70, 'Giỏi', 85, 0),
    ('KQ267', 'HV034', '671591', 'Hoàng Hải Anh', 'HK009', 'Học kỳ hè Năm học 2023-2024', 2.51, 3.11, 6.3, 13, 13, 128, 'Khá', 75, 0),
    ('KQ268', 'HV026', '658439', 'Vũ Hữu Bình', 'HK002', 'Học kỳ 2 Năm học 2021-2022', 2.49, 4.0, 6.2, 24, 8, 36, 'Trung bình', 82, 2),
    ('KQ269', 'HV029', '641724', 'Lý Quang Giang', 'HK004', 'Học kỳ 1 Năm học 2022-2023', 2.57, 1.59, 6.4, 21, 11, 119, 'Khá', 66, 2),
    ('KQ270', 'HV013', '642525', 'Nguyễn Minh Quân', 'HK002', 'Học kỳ 2 Năm học 2021-2022', 2.06, 2.43, 5.2, 18, 3, 58, 'Trung bình', 89, 3),
    ('KQ271', 'HV029', '641724', 'Lý Quang Giang', 'HK003', 'Học kỳ hè Năm học 2021-2022', 3.55, 1.59, 8.9, 24, 15, 119, 'Giỏi', 95, 2),
    ('KQ272', 'HV018', '639962', 'Lê Tuấn Quân', 'HK009', 'Học kỳ hè Năm học 2023-2024', 3.89, 1.76, 9.7, 17, 12, 126, 'Xuất sắc', 82, 0),
    ('KQ273', 'HV021', '655647', 'Nguyễn Quang Em', 'HK004', 'Học kỳ 1 Năm học 2022-2023', 3.57, 2.16, 8.9, 12, 6, 79, 'Giỏi', 61, 3),
    ('KQ274', 'HV050', '658318', 'Phạm Văn Minh', 'HK012', 'Học kỳ hè Năm học 2024-2025', 2.75, 2.5, 6.9, 11, 3, 70, 'Khá', 75, 0),
    ('KQ275', 'HV026', '658439', 'Vũ Hữu Bình', 'HK005', 'Học kỳ 2 Năm học 2022-2023', 1.6, 4.0, 4.0, 22, 18, 36, 'Yếu', 89, 2),
    ('KQ276', 'HV042', '649420', 'Vũ Kim Xuân', 'HK014', 'Học kỳ 2 Năm học 2025-2026', 2.08, 1.79, 5.2, 16, 5, 35, 'Trung bình', 55, 1),
    ('KQ277', 'HV009', '643611', 'Vũ Phương Hoa', 'HK014', 'Học kỳ 2 Năm học 2025-2026', 2.58, 2.45, 6.5, 25, 7, 59, 'Khá', 76, 0),
    ('KQ278', 'HV015', '631537', 'Nguyễn Kim Quân', 'HK012', 'Học kỳ hè Năm học 2024-2025', 1.58, 3.69, 4.0, 17, 9, 111, 'Yếu', 54, 2),
    ('KQ279', 'HV001', '676156', 'Lê Kim Dũng', 'HK012', 'Học kỳ hè Năm học 2024-2025', 3.01, 3.22, 7.5, 11, 2, 45, 'Khá', 56, 1),
    ('KQ280', 'HV004', '652953', 'Lê Đức Phúc', 'HK007', 'Học kỳ 1 Năm học 2023-2024', 2.83, 1.67, 7.1, 20, 18, 116, 'Khá', 70, 0),
    ('KQ281', 'HV022', '675392', 'Ngô Quang Phương', 'HK007', 'Học kỳ 1 Năm học 2023-2024', 3.57, 2.96, 8.9, 24, 7, 53, 'Giỏi', 84, 0),
    ('KQ282', 'HV050', '658318', 'Phạm Văn Minh', 'HK008', 'Học kỳ 2 Năm học 2023-2024', 3.25, 2.5, 8.1, 10, 3, 70, 'Giỏi', 79, 0),
    ('KQ283', 'HV040', '633301', 'Vũ Thị Phương', 'HK014', 'Học kỳ 2 Năm học 2025-2026', 1.79, 3.37, 4.5, 14, 4, 88, 'Yếu', 69, 0),
    ('KQ284', 'HV006', '652106', 'Đỗ Thanh Yến', 'HK008', 'Học kỳ 2 Năm học 2023-2024', 2.55, 2.61, 6.4, 24, 14, 47, 'Khá', 60, 0),
    ('KQ285', 'HV012', '648673', 'Lý Hải Phương', 'HK003', 'Học kỳ hè Năm học 2021-2022', 3.3, 2.92, 8.2, 17, 7, 99, 'Giỏi', 83, 3),
    ('KQ286', 'HV014', '658860', 'Bùi Kim Linh', 'HK015', 'Học kỳ hè Năm học 2025-2026', 3.03, 3.02, 7.6, 21, 14, 76, 'Khá', 66, 3),
    ('KQ287', 'HV018', '639962', 'Lê Tuấn Quân', 'HK004', 'Học kỳ 1 Năm học 2022-2023', 2.34, 1.76, 5.8, 19, 4, 126, 'Trung bình', 68, 2),
    ('KQ288', 'HV031', '679202', 'Lý Quang Hạnh', 'HK006', 'Học kỳ hè Năm học 2022-2023', 3.06, 3.69, 7.7, 20, 2, 62, 'Khá', 56, 3),
    ('KQ289', 'HV008', '645479', 'Trần Thanh Sơn', 'HK001', 'Học kỳ 1 Năm học 2021-2022', 1.82, 2.82, 4.5, 20, 4, 45, 'Yếu', 64, 2),
    ('KQ290', 'HV014', '658860', 'Bùi Kim Linh', 'HK003', 'Học kỳ hè Năm học 2021-2022', 1.47, 3.02, 3.7, 23, 6, 76, 'Yếu', 93, 1),
    ('KQ291', 'HV016', '642135', 'Lý Minh Xuân', 'HK013', 'Học kỳ 1 Năm học 2025-2026', 3.29, 3.45, 8.2, 21, 16, 45, 'Giỏi', 88, 3),
    ('KQ292', 'HV028', '667779', 'Trần Thanh Hạnh', 'HK007', 'Học kỳ 1 Năm học 2023-2024', 2.92, 2.98, 7.3, 19, 10, 110, 'Khá', 94, 1),
    ('KQ293', 'HV015', '631537', 'Nguyễn Kim Quân', 'HK015', 'Học kỳ hè Năm học 2025-2026', 2.68, 3.69, 6.7, 12, 0, 111, 'Khá', 66, 3),
    ('KQ294', 'HV024', '641915', 'Phạm Phương Xuân', 'HK013', 'Học kỳ 1 Năm học 2025-2026', 3.5, 3.11, 8.8, 11, 2, 57, 'Giỏi', 74, 2),
    ('KQ295', 'HV010', '645051', 'Nguyễn Phương Dũng', 'HK004', 'Học kỳ 1 Năm học 2022-2023', 1.31, 2.64, 3.3, 11, 3, 147, 'Yếu', 57, 0),
    ('KQ296', 'HV049', '638542', 'Hồ Hữu Giang', 'HK002', 'Học kỳ 2 Năm học 2021-2022', 3.89, 3.02, 9.7, 25, 20, 91, 'Xuất sắc', 88, 1),
    ('KQ297', 'HV001', '676156', 'Lê Kim Dũng', 'HK002', 'Học kỳ 2 Năm học 2021-2022', 2.5, 3.22, 6.2, 18, 4, 45, 'Khá', 76, 3),
    ('KQ298', 'HV017', '643692', 'Trần Kim Linh', 'HK004', 'Học kỳ 1 Năm học 2022-2023', 3.19, 3.02, 8.0, 15, 9, 113, 'Khá', 84, 2),
    ('KQ299', 'HV043', '676656', 'Hoàng Tuấn Phúc', 'HK013', 'Học kỳ 1 Năm học 2025-2026', 1.86, 2.93, 4.7, 11, 2, 146, 'Yếu', 55, 2),
    ('KQ300', 'HV002', '634405', 'Hoàng Văn Phúc', 'HK001', 'Học kỳ 1 Năm học 2021-2022', 2.63, 1.79, 6.6, 20, 4, 54, 'Khá', 58, 2);

SET session_replication_role = 'origin';
ANALYZE;
