-- ============================================
-- SEED DATA FOR PM2 POSTGRESQL DATABASE
-- Includes Training Module + Khao Thi Module
-- Generated by generate_seed.py using Faker vi_VN
-- Generated at: 2026-06-15 12:06:58.216650
-- ============================================

SET session_replication_role = 'replica';

-- ============================================
-- KHAO THI SEED
-- ============================================

INSERT INTO exam_frameworks (id, code, name, description, time_minutes, mon_hoc_id, active, created_at, updated_at, created_by) VALUES
    ('EF001', 'KD001', 'Khung đề MH044 số 1', 'Khung đề kiểm tra cho môn MH044', 90, 'MH044', TRUE, '2026-06-12 15:45:00', '2026-06-12 15:45:00', NULL),
    ('EF002', 'KD002', 'Khung đề MH046 số 2', 'Khung đề kiểm tra cho môn MH046', 60, 'MH046', TRUE, '2026-06-12 15:45:00', '2026-06-12 15:45:00', NULL),
    ('EF003', 'KD003', 'Khung đề MH063 số 3', 'Khung đề kiểm tra cho môn MH063', 75, 'MH063', TRUE, '2026-06-12 15:45:00', '2026-06-12 15:45:00', NULL),
    ('EF004', 'KD004', 'Khung đề MH022 số 4', 'Khung đề kiểm tra cho môn MH022', 60, 'MH022', TRUE, '2026-06-12 15:45:00', '2026-06-12 15:45:00', NULL),
    ('EF005', 'KD005', 'Khung đề MH070 số 5', 'Khung đề kiểm tra cho môn MH070', 45, 'MH070', TRUE, '2026-06-12 15:45:00', '2026-06-12 15:45:00', NULL),
    ('EF006', 'KD006', 'Khung đề MH065 số 6', 'Khung đề kiểm tra cho môn MH065', 120, 'MH065', TRUE, '2026-06-12 15:45:00', '2026-06-12 15:45:00', NULL),
    ('EF007', 'KD007', 'Khung đề MH026 số 7', 'Khung đề kiểm tra cho môn MH026', 60, 'MH026', TRUE, '2026-06-12 15:45:00', '2026-06-12 15:45:00', NULL),
    ('EF008', 'KD008', 'Khung đề MH036 số 8', 'Khung đề kiểm tra cho môn MH036', 45, 'MH036', TRUE, '2026-06-12 15:45:00', '2026-06-12 15:45:00', NULL),
    ('EF009', 'KD009', 'Khung đề MH059 số 9', 'Khung đề kiểm tra cho môn MH059', 60, 'MH059', TRUE, '2026-06-12 15:45:00', '2026-06-12 15:45:00', NULL),
    ('EF010', 'KD010', 'Khung đề MH014 số 10', 'Khung đề kiểm tra cho môn MH014', 60, 'MH014', TRUE, '2026-06-12 15:45:00', '2026-06-12 15:45:00', NULL),
    ('EF011', 'KD011', 'Khung đề MH052 số 11', 'Khung đề kiểm tra cho môn MH052', 90, 'MH052', TRUE, '2026-06-12 15:45:00', '2026-06-12 15:45:00', NULL),
    ('EF012', 'KD012', 'Khung đề MH015 số 12', 'Khung đề kiểm tra cho môn MH015', 45, 'MH015', TRUE, '2026-06-12 15:45:00', '2026-06-12 15:45:00', NULL),
    ('EF013', 'KD013', 'Khung đề MH020 số 13', 'Khung đề kiểm tra cho môn MH020', 75, 'MH020', TRUE, '2026-06-12 15:45:00', '2026-06-12 15:45:00', NULL),
    ('EF014', 'KD014', 'Khung đề MH079 số 14', 'Khung đề kiểm tra cho môn MH079', 75, 'MH079', TRUE, '2026-06-12 15:45:00', '2026-06-12 15:45:00', NULL),
    ('EF015', 'KD015', 'Khung đề MH065 số 15', 'Khung đề kiểm tra cho môn MH065', 75, 'MH065', TRUE, '2026-06-12 15:45:00', '2026-06-12 15:45:00', NULL),
    ('EF016', 'KD016', 'Khung đề MH076 số 16', 'Khung đề kiểm tra cho môn MH076', 45, 'MH076', TRUE, '2026-06-12 15:45:00', '2026-06-12 15:45:00', NULL),
    ('EF017', 'KD017', 'Khung đề MH022 số 17', 'Khung đề kiểm tra cho môn MH022', 45, 'MH022', TRUE, '2026-06-12 15:45:00', '2026-06-12 15:45:00', NULL),
    ('EF018', 'KD018', 'Khung đề MH012 số 18', 'Khung đề kiểm tra cho môn MH012', 90, 'MH012', TRUE, '2026-06-12 15:45:00', '2026-06-12 15:45:00', NULL),
    ('EF019', 'KD019', 'Khung đề MH030 số 19', 'Khung đề kiểm tra cho môn MH030', 45, 'MH030', TRUE, '2026-06-12 15:45:00', '2026-06-12 15:45:00', NULL),
    ('EF020', 'KD020', 'Khung đề MH029 số 20', 'Khung đề kiểm tra cho môn MH029', 75, 'MH029', TRUE, '2026-06-12 15:45:00', '2026-06-12 15:45:00', NULL);

INSERT INTO exam_matrices (id, code, name, description, is_default, exam_framework_id, active, created_at, updated_at, created_by) VALUES
    ('EM001', 'MT001', 'Ma trận đề 1', 'Phân bổ câu hỏi theo khối kiến thức và mức độ khó', TRUE, 'EF012', TRUE, '2026-06-12 15:45:00', '2026-06-12 15:45:00', NULL),
    ('EM002', 'MT002', 'Ma trận đề 2', 'Phân bổ câu hỏi theo khối kiến thức và mức độ khó', TRUE, 'EF012', TRUE, '2026-06-12 15:45:00', '2026-06-12 15:45:00', NULL),
    ('EM003', 'MT003', 'Ma trận đề 3', 'Phân bổ câu hỏi theo khối kiến thức và mức độ khó', TRUE, 'EF019', TRUE, '2026-06-12 15:45:00', '2026-06-12 15:45:00', NULL),
    ('EM004', 'MT004', 'Ma trận đề 4', 'Phân bổ câu hỏi theo khối kiến thức và mức độ khó', TRUE, 'EF015', TRUE, '2026-06-12 15:45:00', '2026-06-12 15:45:00', NULL),
    ('EM005', 'MT005', 'Ma trận đề 5', 'Phân bổ câu hỏi theo khối kiến thức và mức độ khó', TRUE, 'EF015', TRUE, '2026-06-12 15:45:00', '2026-06-12 15:45:00', NULL),
    ('EM006', 'MT006', 'Ma trận đề 6', 'Phân bổ câu hỏi theo khối kiến thức và mức độ khó', FALSE, 'EF012', TRUE, '2026-06-12 15:45:00', '2026-06-12 15:45:00', NULL),
    ('EM007', 'MT007', 'Ma trận đề 7', 'Phân bổ câu hỏi theo khối kiến thức và mức độ khó', FALSE, 'EF018', TRUE, '2026-06-12 15:45:00', '2026-06-12 15:45:00', NULL),
    ('EM008', 'MT008', 'Ma trận đề 8', 'Phân bổ câu hỏi theo khối kiến thức và mức độ khó', FALSE, 'EF017', TRUE, '2026-06-12 15:45:00', '2026-06-12 15:45:00', NULL),
    ('EM009', 'MT009', 'Ma trận đề 9', 'Phân bổ câu hỏi theo khối kiến thức và mức độ khó', FALSE, 'EF004', TRUE, '2026-06-12 15:45:00', '2026-06-12 15:45:00', NULL),
    ('EM010', 'MT010', 'Ma trận đề 10', 'Phân bổ câu hỏi theo khối kiến thức và mức độ khó', FALSE, 'EF007', TRUE, '2026-06-12 15:45:00', '2026-06-12 15:45:00', NULL),
    ('EM011', 'MT011', 'Ma trận đề 11', 'Phân bổ câu hỏi theo khối kiến thức và mức độ khó', FALSE, 'EF017', TRUE, '2026-06-12 15:45:00', '2026-06-12 15:45:00', NULL),
    ('EM012', 'MT012', 'Ma trận đề 12', 'Phân bổ câu hỏi theo khối kiến thức và mức độ khó', FALSE, 'EF015', TRUE, '2026-06-12 15:45:00', '2026-06-12 15:45:00', NULL),
    ('EM013', 'MT013', 'Ma trận đề 13', 'Phân bổ câu hỏi theo khối kiến thức và mức độ khó', FALSE, 'EF005', TRUE, '2026-06-12 15:45:00', '2026-06-12 15:45:00', NULL),
    ('EM014', 'MT014', 'Ma trận đề 14', 'Phân bổ câu hỏi theo khối kiến thức và mức độ khó', FALSE, 'EF019', TRUE, '2026-06-12 15:45:00', '2026-06-12 15:45:00', NULL),
    ('EM015', 'MT015', 'Ma trận đề 15', 'Phân bổ câu hỏi theo khối kiến thức và mức độ khó', FALSE, 'EF012', TRUE, '2026-06-12 15:45:00', '2026-06-12 15:45:00', NULL),
    ('EM016', 'MT016', 'Ma trận đề 16', 'Phân bổ câu hỏi theo khối kiến thức và mức độ khó', FALSE, 'EF001', TRUE, '2026-06-12 15:45:00', '2026-06-12 15:45:00', NULL),
    ('EM017', 'MT017', 'Ma trận đề 17', 'Phân bổ câu hỏi theo khối kiến thức và mức độ khó', FALSE, 'EF011', TRUE, '2026-06-12 15:45:00', '2026-06-12 15:45:00', NULL),
    ('EM018', 'MT018', 'Ma trận đề 18', 'Phân bổ câu hỏi theo khối kiến thức và mức độ khó', FALSE, 'EF018', TRUE, '2026-06-12 15:45:00', '2026-06-12 15:45:00', NULL),
    ('EM019', 'MT019', 'Ma trận đề 19', 'Phân bổ câu hỏi theo khối kiến thức và mức độ khó', FALSE, 'EF017', TRUE, '2026-06-12 15:45:00', '2026-06-12 15:45:00', NULL),
    ('EM020', 'MT020', 'Ma trận đề 20', 'Phân bổ câu hỏi theo khối kiến thức và mức độ khó', FALSE, 'EF007', TRUE, '2026-06-12 15:45:00', '2026-06-12 15:45:00', NULL),
    ('EM021', 'MT021', 'Ma trận đề 21', 'Phân bổ câu hỏi theo khối kiến thức và mức độ khó', FALSE, 'EF014', TRUE, '2026-06-12 15:45:00', '2026-06-12 15:45:00', NULL),
    ('EM022', 'MT022', 'Ma trận đề 22', 'Phân bổ câu hỏi theo khối kiến thức và mức độ khó', FALSE, 'EF001', TRUE, '2026-06-12 15:45:00', '2026-06-12 15:45:00', NULL),
    ('EM023', 'MT023', 'Ma trận đề 23', 'Phân bổ câu hỏi theo khối kiến thức và mức độ khó', FALSE, 'EF018', TRUE, '2026-06-12 15:45:00', '2026-06-12 15:45:00', NULL),
    ('EM024', 'MT024', 'Ma trận đề 24', 'Phân bổ câu hỏi theo khối kiến thức và mức độ khó', FALSE, 'EF006', TRUE, '2026-06-12 15:45:00', '2026-06-12 15:45:00', NULL),
    ('EM025', 'MT025', 'Ma trận đề 25', 'Phân bổ câu hỏi theo khối kiến thức và mức độ khó', FALSE, 'EF004', TRUE, '2026-06-12 15:45:00', '2026-06-12 15:45:00', NULL),
    ('EM026', 'MT026', 'Ma trận đề 26', 'Phân bổ câu hỏi theo khối kiến thức và mức độ khó', FALSE, 'EF006', TRUE, '2026-06-12 15:45:00', '2026-06-12 15:45:00', NULL),
    ('EM027', 'MT027', 'Ma trận đề 27', 'Phân bổ câu hỏi theo khối kiến thức và mức độ khó', FALSE, 'EF016', TRUE, '2026-06-12 15:45:00', '2026-06-12 15:45:00', NULL),
    ('EM028', 'MT028', 'Ma trận đề 28', 'Phân bổ câu hỏi theo khối kiến thức và mức độ khó', FALSE, 'EF013', TRUE, '2026-06-12 15:45:00', '2026-06-12 15:45:00', NULL),
    ('EM029', 'MT029', 'Ma trận đề 29', 'Phân bổ câu hỏi theo khối kiến thức và mức độ khó', FALSE, 'EF005', TRUE, '2026-06-12 15:45:00', '2026-06-12 15:45:00', NULL),
    ('EM030', 'MT030', 'Ma trận đề 30', 'Phân bổ câu hỏi theo khối kiến thức và mức độ khó', FALSE, 'EF006', TRUE, '2026-06-12 15:45:00', '2026-06-12 15:45:00', NULL);

INSERT INTO knowledge_blocks (id, code, name, description, mon_hoc_id, active, created_at, updated_at, created_by) VALUES
    ('KB001', 'KKT001', 'Chương 7 - Của', 'Khối kiến thức phục vụ sinh câu hỏi', 'MH008', TRUE, '2026-06-12 15:45:00', '2026-06-12 15:45:00', NULL),
    ('KB002', 'KKT002', 'Chương 2 - Đúng', 'Khối kiến thức phục vụ sinh câu hỏi', 'MH041', TRUE, '2026-06-12 15:45:00', '2026-06-12 15:45:00', NULL),
    ('KB003', 'KKT003', 'Chương 8 - Để', 'Khối kiến thức phục vụ sinh câu hỏi', 'MH016', TRUE, '2026-06-12 15:45:00', '2026-06-12 15:45:00', NULL),
    ('KB004', 'KKT004', 'Chương 2 - Đang', 'Khối kiến thức phục vụ sinh câu hỏi', 'MH027', TRUE, '2026-06-12 15:45:00', '2026-06-12 15:45:00', NULL),
    ('KB005', 'KKT005', 'Chương 8 - Để', 'Khối kiến thức phục vụ sinh câu hỏi', 'MH046', TRUE, '2026-06-12 15:45:00', '2026-06-12 15:45:00', NULL),
    ('KB006', 'KKT006', 'Chương 2 - Hơn', 'Khối kiến thức phục vụ sinh câu hỏi', 'MH018', TRUE, '2026-06-12 15:45:00', '2026-06-12 15:45:00', NULL),
    ('KB007', 'KKT007', 'Chương 1 - Một', 'Khối kiến thức phục vụ sinh câu hỏi', 'MH074', TRUE, '2026-06-12 15:45:00', '2026-06-12 15:45:00', NULL),
    ('KB008', 'KKT008', 'Chương 2 - Các', 'Khối kiến thức phục vụ sinh câu hỏi', 'MH048', TRUE, '2026-06-12 15:45:00', '2026-06-12 15:45:00', NULL),
    ('KB009', 'KKT009', 'Chương 7 - Có', 'Khối kiến thức phục vụ sinh câu hỏi', 'MH063', TRUE, '2026-06-12 15:45:00', '2026-06-12 15:45:00', NULL),
    ('KB010', 'KKT010', 'Chương 2 - Khiến', 'Khối kiến thức phục vụ sinh câu hỏi', 'MH008', TRUE, '2026-06-12 15:45:00', '2026-06-12 15:45:00', NULL),
    ('KB011', 'KKT011', 'Chương 8 - Vậy', 'Khối kiến thức phục vụ sinh câu hỏi', 'MH069', TRUE, '2026-06-12 15:45:00', '2026-06-12 15:45:00', NULL),
    ('KB012', 'KKT012', 'Chương 5 - Giữa', 'Khối kiến thức phục vụ sinh câu hỏi', 'MH030', TRUE, '2026-06-12 15:45:00', '2026-06-12 15:45:00', NULL),
    ('KB013', 'KKT013', 'Chương 2 - Chỉ', 'Khối kiến thức phục vụ sinh câu hỏi', 'MH029', TRUE, '2026-06-12 15:45:00', '2026-06-12 15:45:00', NULL),
    ('KB014', 'KKT014', 'Chương 6 - Đi', 'Khối kiến thức phục vụ sinh câu hỏi', 'MH033', TRUE, '2026-06-12 15:45:00', '2026-06-12 15:45:00', NULL),
    ('KB015', 'KKT015', 'Chương 8 - Cũng', 'Khối kiến thức phục vụ sinh câu hỏi', 'MH018', TRUE, '2026-06-12 15:45:00', '2026-06-12 15:45:00', NULL),
    ('KB016', 'KKT016', 'Chương 8 - Cho', 'Khối kiến thức phục vụ sinh câu hỏi', 'MH001', TRUE, '2026-06-12 15:45:00', '2026-06-12 15:45:00', NULL),
    ('KB017', 'KKT017', 'Chương 8 - Đang', 'Khối kiến thức phục vụ sinh câu hỏi', 'MH069', TRUE, '2026-06-12 15:45:00', '2026-06-12 15:45:00', NULL),
    ('KB018', 'KKT018', 'Chương 6 - Giữa', 'Khối kiến thức phục vụ sinh câu hỏi', 'MH068', TRUE, '2026-06-12 15:45:00', '2026-06-12 15:45:00', NULL),
    ('KB019', 'KKT019', 'Chương 1 - Tự', 'Khối kiến thức phục vụ sinh câu hỏi', 'MH008', TRUE, '2026-06-12 15:45:00', '2026-06-12 15:45:00', NULL),
    ('KB020', 'KKT020', 'Chương 5 - Nhưng', 'Khối kiến thức phục vụ sinh câu hỏi', 'MH078', TRUE, '2026-06-12 15:45:00', '2026-06-12 15:45:00', NULL),
    ('KB021', 'KKT021', 'Chương 5 - Sẽ', 'Khối kiến thức phục vụ sinh câu hỏi', 'MH044', TRUE, '2026-06-12 15:45:00', '2026-06-12 15:45:00', NULL),
    ('KB022', 'KKT022', 'Chương 8 - Từ', 'Khối kiến thức phục vụ sinh câu hỏi', 'MH023', TRUE, '2026-06-12 15:45:00', '2026-06-12 15:45:00', NULL),
    ('KB023', 'KKT023', 'Chương 1 - Tôi', 'Khối kiến thức phục vụ sinh câu hỏi', 'MH050', TRUE, '2026-06-12 15:45:00', '2026-06-12 15:45:00', NULL),
    ('KB024', 'KKT024', 'Chương 7 - Các', 'Khối kiến thức phục vụ sinh câu hỏi', 'MH031', TRUE, '2026-06-12 15:45:00', '2026-06-12 15:45:00', NULL),
    ('KB025', 'KKT025', 'Chương 1 - Nhiều', 'Khối kiến thức phục vụ sinh câu hỏi', 'MH048', TRUE, '2026-06-12 15:45:00', '2026-06-12 15:45:00', NULL),
    ('KB026', 'KKT026', 'Chương 5 - Hơn', 'Khối kiến thức phục vụ sinh câu hỏi', 'MH041', TRUE, '2026-06-12 15:45:00', '2026-06-12 15:45:00', NULL),
    ('KB027', 'KKT027', 'Chương 3 - Mỗi', 'Khối kiến thức phục vụ sinh câu hỏi', 'MH033', TRUE, '2026-06-12 15:45:00', '2026-06-12 15:45:00', NULL),
    ('KB028', 'KKT028', 'Chương 2 - Mà', 'Khối kiến thức phục vụ sinh câu hỏi', 'MH042', TRUE, '2026-06-12 15:45:00', '2026-06-12 15:45:00', NULL),
    ('KB029', 'KKT029', 'Chương 8 - Là', 'Khối kiến thức phục vụ sinh câu hỏi', 'MH048', TRUE, '2026-06-12 15:45:00', '2026-06-12 15:45:00', NULL),
    ('KB030', 'KKT030', 'Chương 8 - Vẫn', 'Khối kiến thức phục vụ sinh câu hỏi', 'MH072', TRUE, '2026-06-12 15:45:00', '2026-06-12 15:45:00', NULL),
    ('KB031', 'KKT031', 'Chương 5 - Nếu', 'Khối kiến thức phục vụ sinh câu hỏi', 'MH049', TRUE, '2026-06-12 15:45:00', '2026-06-12 15:45:00', NULL),
    ('KB032', 'KKT032', 'Chương 4 - Vẫn', 'Khối kiến thức phục vụ sinh câu hỏi', 'MH074', TRUE, '2026-06-12 15:45:00', '2026-06-12 15:45:00', NULL),
    ('KB033', 'KKT033', 'Chương 3 - Hơn', 'Khối kiến thức phục vụ sinh câu hỏi', 'MH080', TRUE, '2026-06-12 15:45:00', '2026-06-12 15:45:00', NULL),
    ('KB034', 'KKT034', 'Chương 7 - Đã', 'Khối kiến thức phục vụ sinh câu hỏi', 'MH032', TRUE, '2026-06-12 15:45:00', '2026-06-12 15:45:00', NULL),
    ('KB035', 'KKT035', 'Chương 3 - Để', 'Khối kiến thức phục vụ sinh câu hỏi', 'MH015', TRUE, '2026-06-12 15:45:00', '2026-06-12 15:45:00', NULL),
    ('KB036', 'KKT036', 'Chương 8 - Dưới', 'Khối kiến thức phục vụ sinh câu hỏi', 'MH052', TRUE, '2026-06-12 15:45:00', '2026-06-12 15:45:00', NULL),
    ('KB037', 'KKT037', 'Chương 1 - Nếu', 'Khối kiến thức phục vụ sinh câu hỏi', 'MH001', TRUE, '2026-06-12 15:45:00', '2026-06-12 15:45:00', NULL),
    ('KB038', 'KKT038', 'Chương 2 - Vài', 'Khối kiến thức phục vụ sinh câu hỏi', 'MH007', TRUE, '2026-06-12 15:45:00', '2026-06-12 15:45:00', NULL),
    ('KB039', 'KKT039', 'Chương 8 - Gần', 'Khối kiến thức phục vụ sinh câu hỏi', 'MH058', TRUE, '2026-06-12 15:45:00', '2026-06-12 15:45:00', NULL),
    ('KB040', 'KKT040', 'Chương 1 - Cho', 'Khối kiến thức phục vụ sinh câu hỏi', 'MH001', TRUE, '2026-06-12 15:45:00', '2026-06-12 15:45:00', NULL),
    ('KB041', 'KKT041', 'Chương 5 - Về', 'Khối kiến thức phục vụ sinh câu hỏi', 'MH023', TRUE, '2026-06-12 15:45:00', '2026-06-12 15:45:00', NULL),
    ('KB042', 'KKT042', 'Chương 7 - Cũng', 'Khối kiến thức phục vụ sinh câu hỏi', 'MH004', TRUE, '2026-06-12 15:45:00', '2026-06-12 15:45:00', NULL),
    ('KB043', 'KKT043', 'Chương 4 - Rất', 'Khối kiến thức phục vụ sinh câu hỏi', 'MH042', TRUE, '2026-06-12 15:45:00', '2026-06-12 15:45:00', NULL),
    ('KB044', 'KKT044', 'Chương 7 - Đã', 'Khối kiến thức phục vụ sinh câu hỏi', 'MH046', TRUE, '2026-06-12 15:45:00', '2026-06-12 15:45:00', NULL),
    ('KB045', 'KKT045', 'Chương 6 - Để', 'Khối kiến thức phục vụ sinh câu hỏi', 'MH013', TRUE, '2026-06-12 15:45:00', '2026-06-12 15:45:00', NULL),
    ('KB046', 'KKT046', 'Chương 6 - Cái', 'Khối kiến thức phục vụ sinh câu hỏi', 'MH038', TRUE, '2026-06-12 15:45:00', '2026-06-12 15:45:00', NULL),
    ('KB047', 'KKT047', 'Chương 3 - Đúng', 'Khối kiến thức phục vụ sinh câu hỏi', 'MH010', TRUE, '2026-06-12 15:45:00', '2026-06-12 15:45:00', NULL),
    ('KB048', 'KKT048', 'Chương 7 - Hơn', 'Khối kiến thức phục vụ sinh câu hỏi', 'MH035', TRUE, '2026-06-12 15:45:00', '2026-06-12 15:45:00', NULL),
    ('KB049', 'KKT049', 'Chương 1 - Chỉ', 'Khối kiến thức phục vụ sinh câu hỏi', 'MH029', TRUE, '2026-06-12 15:45:00', '2026-06-12 15:45:00', NULL),
    ('KB050', 'KKT050', 'Chương 3 - Điều', 'Khối kiến thức phục vụ sinh câu hỏi', 'MH046', TRUE, '2026-06-12 15:45:00', '2026-06-12 15:45:00', NULL),
    ('KB051', 'KKT051', 'Chương 2 - Có', 'Khối kiến thức phục vụ sinh câu hỏi', 'MH046', TRUE, '2026-06-12 15:45:00', '2026-06-12 15:45:00', NULL),
    ('KB052', 'KKT052', 'Chương 6 - Một', 'Khối kiến thức phục vụ sinh câu hỏi', 'MH030', TRUE, '2026-06-12 15:45:00', '2026-06-12 15:45:00', NULL),
    ('KB053', 'KKT053', 'Chương 6 - Đó', 'Khối kiến thức phục vụ sinh câu hỏi', 'MH064', TRUE, '2026-06-12 15:45:00', '2026-06-12 15:45:00', NULL),
    ('KB054', 'KKT054', 'Chương 4 - Rất', 'Khối kiến thức phục vụ sinh câu hỏi', 'MH031', TRUE, '2026-06-12 15:45:00', '2026-06-12 15:45:00', NULL),
    ('KB055', 'KKT055', 'Chương 7 - Như', 'Khối kiến thức phục vụ sinh câu hỏi', 'MH055', TRUE, '2026-06-12 15:45:00', '2026-06-12 15:45:00', NULL),
    ('KB056', 'KKT056', 'Chương 7 - Của', 'Khối kiến thức phục vụ sinh câu hỏi', 'MH056', TRUE, '2026-06-12 15:45:00', '2026-06-12 15:45:00', NULL),
    ('KB057', 'KKT057', 'Chương 4 - Một', 'Khối kiến thức phục vụ sinh câu hỏi', 'MH005', TRUE, '2026-06-12 15:45:00', '2026-06-12 15:45:00', NULL),
    ('KB058', 'KKT058', 'Chương 1 - Bạn', 'Khối kiến thức phục vụ sinh câu hỏi', 'MH015', TRUE, '2026-06-12 15:45:00', '2026-06-12 15:45:00', NULL),
    ('KB059', 'KKT059', 'Chương 2 - Để', 'Khối kiến thức phục vụ sinh câu hỏi', 'MH031', TRUE, '2026-06-12 15:45:00', '2026-06-12 15:45:00', NULL),
    ('KB060', 'KKT060', 'Chương 2 - Bạn', 'Khối kiến thức phục vụ sinh câu hỏi', 'MH046', TRUE, '2026-06-12 15:45:00', '2026-06-12 15:45:00', NULL);

INSERT INTO question_banks (id, code, name, description, mon_hoc_id, active, created_at, updated_at, created_by) VALUES
    ('QB001', 'NHCH001', 'Ngân hàng câu hỏi MH056', 'Câu hỏi dùng cho kiểm tra/thi môn MH056', 'MH056', TRUE, '2026-06-12 15:45:00', '2026-06-12 15:45:00', NULL),
    ('QB002', 'NHCH002', 'Ngân hàng câu hỏi MH040', 'Câu hỏi dùng cho kiểm tra/thi môn MH040', 'MH040', TRUE, '2026-06-12 15:45:00', '2026-06-12 15:45:00', NULL),
    ('QB003', 'NHCH003', 'Ngân hàng câu hỏi MH001', 'Câu hỏi dùng cho kiểm tra/thi môn MH001', 'MH001', TRUE, '2026-06-12 15:45:00', '2026-06-12 15:45:00', NULL),
    ('QB004', 'NHCH004', 'Ngân hàng câu hỏi MH062', 'Câu hỏi dùng cho kiểm tra/thi môn MH062', 'MH062', TRUE, '2026-06-12 15:45:00', '2026-06-12 15:45:00', NULL),
    ('QB005', 'NHCH005', 'Ngân hàng câu hỏi MH025', 'Câu hỏi dùng cho kiểm tra/thi môn MH025', 'MH025', TRUE, '2026-06-12 15:45:00', '2026-06-12 15:45:00', NULL),
    ('QB006', 'NHCH006', 'Ngân hàng câu hỏi MH047', 'Câu hỏi dùng cho kiểm tra/thi môn MH047', 'MH047', TRUE, '2026-06-12 15:45:00', '2026-06-12 15:45:00', NULL),
    ('QB007', 'NHCH007', 'Ngân hàng câu hỏi MH063', 'Câu hỏi dùng cho kiểm tra/thi môn MH063', 'MH063', TRUE, '2026-06-12 15:45:00', '2026-06-12 15:45:00', NULL),
    ('QB008', 'NHCH008', 'Ngân hàng câu hỏi MH033', 'Câu hỏi dùng cho kiểm tra/thi môn MH033', 'MH033', TRUE, '2026-06-12 15:45:00', '2026-06-12 15:45:00', NULL),
    ('QB009', 'NHCH009', 'Ngân hàng câu hỏi MH069', 'Câu hỏi dùng cho kiểm tra/thi môn MH069', 'MH069', TRUE, '2026-06-12 15:45:00', '2026-06-12 15:45:00', NULL),
    ('QB010', 'NHCH010', 'Ngân hàng câu hỏi MH047', 'Câu hỏi dùng cho kiểm tra/thi môn MH047', 'MH047', TRUE, '2026-06-12 15:45:00', '2026-06-12 15:45:00', NULL),
    ('QB011', 'NHCH011', 'Ngân hàng câu hỏi MH018', 'Câu hỏi dùng cho kiểm tra/thi môn MH018', 'MH018', TRUE, '2026-06-12 15:45:00', '2026-06-12 15:45:00', NULL),
    ('QB012', 'NHCH012', 'Ngân hàng câu hỏi MH033', 'Câu hỏi dùng cho kiểm tra/thi môn MH033', 'MH033', TRUE, '2026-06-12 15:45:00', '2026-06-12 15:45:00', NULL),
    ('QB013', 'NHCH013', 'Ngân hàng câu hỏi MH038', 'Câu hỏi dùng cho kiểm tra/thi môn MH038', 'MH038', TRUE, '2026-06-12 15:45:00', '2026-06-12 15:45:00', NULL),
    ('QB014', 'NHCH014', 'Ngân hàng câu hỏi MH074', 'Câu hỏi dùng cho kiểm tra/thi môn MH074', 'MH074', TRUE, '2026-06-12 15:45:00', '2026-06-12 15:45:00', NULL),
    ('QB015', 'NHCH015', 'Ngân hàng câu hỏi MH021', 'Câu hỏi dùng cho kiểm tra/thi môn MH021', 'MH021', TRUE, '2026-06-12 15:45:00', '2026-06-12 15:45:00', NULL),
    ('QB016', 'NHCH016', 'Ngân hàng câu hỏi MH003', 'Câu hỏi dùng cho kiểm tra/thi môn MH003', 'MH003', TRUE, '2026-06-12 15:45:00', '2026-06-12 15:45:00', NULL),
    ('QB017', 'NHCH017', 'Ngân hàng câu hỏi MH061', 'Câu hỏi dùng cho kiểm tra/thi môn MH061', 'MH061', TRUE, '2026-06-12 15:45:00', '2026-06-12 15:45:00', NULL),
    ('QB018', 'NHCH018', 'Ngân hàng câu hỏi MH074', 'Câu hỏi dùng cho kiểm tra/thi môn MH074', 'MH074', TRUE, '2026-06-12 15:45:00', '2026-06-12 15:45:00', NULL),
    ('QB019', 'NHCH019', 'Ngân hàng câu hỏi MH074', 'Câu hỏi dùng cho kiểm tra/thi môn MH074', 'MH074', TRUE, '2026-06-12 15:45:00', '2026-06-12 15:45:00', NULL),
    ('QB020', 'NHCH020', 'Ngân hàng câu hỏi MH063', 'Câu hỏi dùng cho kiểm tra/thi môn MH063', 'MH063', TRUE, '2026-06-12 15:45:00', '2026-06-12 15:45:00', NULL),
    ('QB021', 'NHCH021', 'Ngân hàng câu hỏi MH041', 'Câu hỏi dùng cho kiểm tra/thi môn MH041', 'MH041', TRUE, '2026-06-12 15:45:00', '2026-06-12 15:45:00', NULL),
    ('QB022', 'NHCH022', 'Ngân hàng câu hỏi MH007', 'Câu hỏi dùng cho kiểm tra/thi môn MH007', 'MH007', TRUE, '2026-06-12 15:45:00', '2026-06-12 15:45:00', NULL),
    ('QB023', 'NHCH023', 'Ngân hàng câu hỏi MH024', 'Câu hỏi dùng cho kiểm tra/thi môn MH024', 'MH024', TRUE, '2026-06-12 15:45:00', '2026-06-12 15:45:00', NULL),
    ('QB024', 'NHCH024', 'Ngân hàng câu hỏi MH031', 'Câu hỏi dùng cho kiểm tra/thi môn MH031', 'MH031', TRUE, '2026-06-12 15:45:00', '2026-06-12 15:45:00', NULL),
    ('QB025', 'NHCH025', 'Ngân hàng câu hỏi MH077', 'Câu hỏi dùng cho kiểm tra/thi môn MH077', 'MH077', TRUE, '2026-06-12 15:45:00', '2026-06-12 15:45:00', NULL);

INSERT INTO questions (id, code, content, type, difficult, explanation, question_bank_id, knowledge_block_id, active, created_at, updated_at, created_by) VALUES
    ('Q0001', 'CH0001', 'Bạn có góp ý gì để cải thiện học phần/dịch vụ? (Này tại có để đó để để cũng.)', 'fill_blank', 'medium', 'Đáp án dựa trên chuẩn đầu ra của học phần.', 'QB005', 'KB012', TRUE, '2026-06-12 15:45:00', '2026-06-12 15:45:00', NULL),
    ('Q0002', 'CH0002', 'Bạn hài lòng với trải nghiệm học tập của học phần này? (Của chưa trong.)', 'single_choice', 'medium', 'Đáp án dựa trên chuẩn đầu ra của học phần.', 'QB009', 'KB047', TRUE, '2026-06-12 15:45:00', '2026-06-12 15:45:00', NULL),
    ('Q0003', 'CH0003', 'Lịch thi được thông báo kịp thời và rõ ràng? (Nếu tự cũng.)', 'multiple_choice', 'easy', 'Đáp án dựa trên chuẩn đầu ra của học phần.', 'QB024', 'KB011', TRUE, '2026-06-12 15:45:00', '2026-06-12 15:45:00', NULL),
    ('Q0004', 'CH0004', 'Hình thức kiểm tra đánh giá phản ánh đúng năng lực người học? (Này theo vài đúng làm của.)', 'single_choice', 'hard', 'Đáp án dựa trên chuẩn đầu ra của học phần.', 'QB018', 'KB032', TRUE, '2026-06-12 15:45:00', '2026-06-12 15:45:00', NULL),
    ('Q0005', 'CH0005', 'Bạn có góp ý gì để cải thiện học phần/dịch vụ? (Khi có là rất hơn tại sẽ.)', 'multiple_choice', 'hard', 'Đáp án dựa trên chuẩn đầu ra của học phần.', 'QB010', 'KB008', TRUE, '2026-06-12 15:45:00', '2026-06-12 15:45:00', NULL),
    ('Q0006', 'CH0006', 'Lịch thi được thông báo kịp thời và rõ ràng? (Vì của vậy người.)', 'essay', 'hard', 'Đáp án dựa trên chuẩn đầu ra của học phần.', 'QB017', 'KB004', TRUE, '2026-06-12 15:45:00', '2026-06-12 15:45:00', NULL),
    ('Q0007', 'CH0007', 'Quy trình coi thi được tổ chức nghiêm túc? (Người thì này như.)', 'multiple_choice', 'easy', 'Đáp án dựa trên chuẩn đầu ra của học phần.', 'QB017', 'KB022', TRUE, '2026-06-12 15:45:00', '2026-06-12 15:45:00', NULL),
    ('Q0008', 'CH0008', 'Giảng viên trình bày bài học rõ ràng và dễ hiểu? (Số rất và nào.)', 'multiple_choice', 'hard', 'Đáp án dựa trên chuẩn đầu ra của học phần.', 'QB007', 'KB014', TRUE, '2026-06-12 15:45:00', '2026-06-12 15:45:00', NULL),
    ('Q0009', 'CH0009', 'Quy trình coi thi được tổ chức nghiêm túc? (Tại từ thì.)', 'single_choice', 'hard', 'Đáp án dựa trên chuẩn đầu ra của học phần.', 'QB015', 'KB035', TRUE, '2026-06-12 15:45:00', '2026-06-12 15:45:00', NULL),
    ('Q0010', 'CH0010', 'Lịch thi được thông báo kịp thời và rõ ràng? (Vài và để vài một vậy.)', 'essay', 'easy', 'Đáp án dựa trên chuẩn đầu ra của học phần.', 'QB024', 'KB009', TRUE, '2026-06-12 15:45:00', '2026-06-12 15:45:00', NULL),
    ('Q0011', 'CH0011', 'Phòng học và thiết bị hỗ trợ học tập đáp ứng nhu cầu? (Hoặc bạn đó với để để.)', 'multiple_choice', 'hard', 'Đáp án dựa trên chuẩn đầu ra của học phần.', 'QB019', 'KB041', TRUE, '2026-06-12 15:45:00', '2026-06-12 15:45:00', NULL),
    ('Q0012', 'CH0012', 'Phòng học và thiết bị hỗ trợ học tập đáp ứng nhu cầu? (Hoặc theo với khi mỗi điều dưới bên.)', 'single_choice', 'medium', 'Đáp án dựa trên chuẩn đầu ra của học phần.', 'QB018', 'KB032', TRUE, '2026-06-12 15:45:00', '2026-06-12 15:45:00', NULL),
    ('Q0013', 'CH0013', 'Quy trình coi thi được tổ chức nghiêm túc? (Từng vẫn rất từ.)', 'true_false', 'medium', 'Đáp án dựa trên chuẩn đầu ra của học phần.', 'QB022', 'KB042', TRUE, '2026-06-12 15:45:00', '2026-06-12 15:45:00', NULL),
    ('Q0014', 'CH0014', 'Tài liệu học tập được cung cấp đầy đủ? (Dưới từ chỉ cái chỉ như.)', 'multiple_choice', 'medium', 'Đáp án dựa trên chuẩn đầu ra của học phần.', 'QB016', 'KB018', TRUE, '2026-06-12 15:45:00', '2026-06-12 15:45:00', NULL),
    ('Q0015', 'CH0015', 'Hình thức kiểm tra đánh giá phản ánh đúng năng lực người học? (Dưới trong như lớn dưới.)', 'essay', 'easy', 'Đáp án dựa trên chuẩn đầu ra của học phần.', 'QB024', 'KB005', TRUE, '2026-06-12 15:45:00', '2026-06-12 15:45:00', NULL),
    ('Q0016', 'CH0016', 'Tài liệu học tập được cung cấp đầy đủ? (Như nhưng hơn làm của tự nào.)', 'single_choice', 'hard', 'Đáp án dựa trên chuẩn đầu ra của học phần.', 'QB015', 'KB025', TRUE, '2026-06-12 15:45:00', '2026-06-12 15:45:00', NULL),
    ('Q0017', 'CH0017', 'Lịch thi được thông báo kịp thời và rõ ràng? (Đó từ của.)', 'single_choice', 'medium', 'Đáp án dựa trên chuẩn đầu ra của học phần.', 'QB008', 'KB022', TRUE, '2026-06-12 15:45:00', '2026-06-12 15:45:00', NULL),
    ('Q0018', 'CH0018', 'Tài liệu học tập được cung cấp đầy đủ? (Sẽ theo trong đó.)', 'fill_blank', 'medium', 'Đáp án dựa trên chuẩn đầu ra của học phần.', 'QB020', 'KB056', TRUE, '2026-06-12 15:45:00', '2026-06-12 15:45:00', NULL),
    ('Q0019', 'CH0019', 'Đề thi có độ khó phù hợp với nội dung đã học? (Thế như nhiều.)', 'single_choice', 'easy', 'Đáp án dựa trên chuẩn đầu ra của học phần.', 'QB024', 'KB022', TRUE, '2026-06-12 15:45:00', '2026-06-12 15:45:00', NULL),
    ('Q0020', 'CH0020', 'Bạn hài lòng với trải nghiệm học tập của học phần này? (Cách lớn dưới sẽ và.)', 'essay', 'medium', 'Đáp án dựa trên chuẩn đầu ra của học phần.', 'QB002', 'KB012', TRUE, '2026-06-12 15:45:00', '2026-06-12 15:45:00', NULL),
    ('Q0021', 'CH0021', 'Giảng viên trình bày bài học rõ ràng và dễ hiểu? (Các cũng nhiều hơn hơn để người.)', 'fill_blank', 'hard', 'Đáp án dựa trên chuẩn đầu ra của học phần.', 'QB003', 'KB033', TRUE, '2026-06-12 15:45:00', '2026-06-12 15:45:00', NULL),
    ('Q0022', 'CH0022', 'Hình thức kiểm tra đánh giá phản ánh đúng năng lực người học? (Giữa tôi nơi.)', 'single_choice', 'hard', 'Đáp án dựa trên chuẩn đầu ra của học phần.', 'QB004', 'KB033', TRUE, '2026-06-12 15:45:00', '2026-06-12 15:45:00', NULL),
    ('Q0023', 'CH0023', 'Phòng học và thiết bị hỗ trợ học tập đáp ứng nhu cầu? (Của tự đúng với.)', 'fill_blank', 'medium', 'Đáp án dựa trên chuẩn đầu ra của học phần.', 'QB022', 'KB039', TRUE, '2026-06-12 15:45:00', '2026-06-12 15:45:00', NULL),
    ('Q0024', 'CH0024', 'Phòng học và thiết bị hỗ trợ học tập đáp ứng nhu cầu? (Sẽ giữa tại của lớn nhiều để đi.)', 'multiple_choice', 'hard', 'Đáp án dựa trên chuẩn đầu ra của học phần.', 'QB017', 'KB007', TRUE, '2026-06-12 15:45:00', '2026-06-12 15:45:00', NULL),
    ('Q0025', 'CH0025', 'Giảng viên trình bày bài học rõ ràng và dễ hiểu? (Vẫn tự và nơi.)', 'fill_blank', 'easy', 'Đáp án dựa trên chuẩn đầu ra của học phần.', 'QB018', 'KB052', TRUE, '2026-06-12 15:45:00', '2026-06-12 15:45:00', NULL),
    ('Q0026', 'CH0026', 'Quy trình coi thi được tổ chức nghiêm túc? (Nơi hoặc điều nhưng như nhưng.)', 'single_choice', 'medium', 'Đáp án dựa trên chuẩn đầu ra của học phần.', 'QB011', 'KB032', TRUE, '2026-06-12 15:45:00', '2026-06-12 15:45:00', NULL),
    ('Q0027', 'CH0027', 'Giảng viên trình bày bài học rõ ràng và dễ hiểu? (Chưa được để.)', 'single_choice', 'medium', 'Đáp án dựa trên chuẩn đầu ra của học phần.', 'QB012', 'KB028', TRUE, '2026-06-12 15:45:00', '2026-06-12 15:45:00', NULL),
    ('Q0028', 'CH0028', 'Lịch thi được thông báo kịp thời và rõ ràng? (Tự như được nào có giống.)', 'fill_blank', 'hard', 'Đáp án dựa trên chuẩn đầu ra của học phần.', 'QB017', 'KB013', TRUE, '2026-06-12 15:45:00', '2026-06-12 15:45:00', NULL),
    ('Q0029', 'CH0029', 'Phòng học và thiết bị hỗ trợ học tập đáp ứng nhu cầu? (Theo thế gần chỉ.)', 'multiple_choice', 'easy', 'Đáp án dựa trên chuẩn đầu ra của học phần.', 'QB008', 'KB051', TRUE, '2026-06-12 15:45:00', '2026-06-12 15:45:00', NULL),
    ('Q0030', 'CH0030', 'Lịch thi được thông báo kịp thời và rõ ràng? (Như tại đi giống với.)', 'single_choice', 'medium', 'Đáp án dựa trên chuẩn đầu ra của học phần.', 'QB014', 'KB055', TRUE, '2026-06-12 15:45:00', '2026-06-12 15:45:00', NULL),
    ('Q0031', 'CH0031', 'Lịch thi được thông báo kịp thời và rõ ràng? (Cũng để bên đúng nhiều khi.)', 'essay', 'easy', 'Đáp án dựa trên chuẩn đầu ra của học phần.', 'QB005', 'KB057', TRUE, '2026-06-12 15:45:00', '2026-06-12 15:45:00', NULL),
    ('Q0032', 'CH0032', 'Lịch thi được thông báo kịp thời và rõ ràng? (Nhưng đang từ số trong nào có sẽ.)', 'single_choice', 'hard', 'Đáp án dựa trên chuẩn đầu ra của học phần.', 'QB002', 'KB052', TRUE, '2026-06-12 15:45:00', '2026-06-12 15:45:00', NULL),
    ('Q0033', 'CH0033', 'Mức độ phù hợp của nội dung học phần với mục tiêu đào tạo? (Tại từ khi cũng từ.)', 'essay', 'medium', 'Đáp án dựa trên chuẩn đầu ra của học phần.', 'QB022', 'KB024', TRUE, '2026-06-12 15:45:00', '2026-06-12 15:45:00', NULL),
    ('Q0034', 'CH0034', 'Hình thức kiểm tra đánh giá phản ánh đúng năng lực người học? (Nào như lớn để.)', 'fill_blank', 'easy', 'Đáp án dựa trên chuẩn đầu ra của học phần.', 'QB017', 'KB010', TRUE, '2026-06-12 15:45:00', '2026-06-12 15:45:00', NULL),
    ('Q0035', 'CH0035', 'Tài liệu học tập được cung cấp đầy đủ? (Như thì như vài vì để.)', 'single_choice', 'medium', 'Đáp án dựa trên chuẩn đầu ra của học phần.', 'QB013', 'KB022', TRUE, '2026-06-12 15:45:00', '2026-06-12 15:45:00', NULL),
    ('Q0036', 'CH0036', 'Mức độ phù hợp của nội dung học phần với mục tiêu đào tạo? (Về có hơn trong như.)', 'true_false', 'hard', 'Đáp án dựa trên chuẩn đầu ra của học phần.', 'QB007', 'KB021', TRUE, '2026-06-12 15:45:00', '2026-06-12 15:45:00', NULL),
    ('Q0037', 'CH0037', 'Lịch thi được thông báo kịp thời và rõ ràng? (Như của để vài theo vẫn đang.)', 'fill_blank', 'medium', 'Đáp án dựa trên chuẩn đầu ra của học phần.', 'QB002', 'KB008', TRUE, '2026-06-12 15:45:00', '2026-06-12 15:45:00', NULL),
    ('Q0038', 'CH0038', 'Phòng học và thiết bị hỗ trợ học tập đáp ứng nhu cầu? (Thế của tự vài vẫn.)', 'true_false', 'hard', 'Đáp án dựa trên chuẩn đầu ra của học phần.', 'QB016', 'KB004', TRUE, '2026-06-12 15:45:00', '2026-06-12 15:45:00', NULL),
    ('Q0039', 'CH0039', 'Bạn có góp ý gì để cải thiện học phần/dịch vụ? (Số sau nhưng mỗi nhiều về lớn.)', 'true_false', 'easy', 'Đáp án dựa trên chuẩn đầu ra của học phần.', 'QB014', 'KB032', TRUE, '2026-06-12 15:45:00', '2026-06-12 15:45:00', NULL),
    ('Q0040', 'CH0040', 'Phòng học và thiết bị hỗ trợ học tập đáp ứng nhu cầu? (Cái sẽ này từ bên điều về nơi.)', 'multiple_choice', 'hard', 'Đáp án dựa trên chuẩn đầu ra của học phần.', 'QB021', 'KB030', TRUE, '2026-06-12 15:45:00', '2026-06-12 15:45:00', NULL),
    ('Q0041', 'CH0041', 'Giảng viên trình bày bài học rõ ràng và dễ hiểu? (Thay sẽ sẽ sau tôi.)', 'true_false', 'medium', 'Đáp án dựa trên chuẩn đầu ra của học phần.', 'QB008', 'KB046', TRUE, '2026-06-12 15:45:00', '2026-06-12 15:45:00', NULL),
    ('Q0042', 'CH0042', 'Đề thi có độ khó phù hợp với nội dung đã học? (Mỗi cũng để người của được.)', 'fill_blank', 'hard', 'Đáp án dựa trên chuẩn đầu ra của học phần.', 'QB012', 'KB029', TRUE, '2026-06-12 15:45:00', '2026-06-12 15:45:00', NULL),
    ('Q0043', 'CH0043', 'Lịch thi được thông báo kịp thời và rõ ràng? (Người các số vài vẫn tại.)', 'multiple_choice', 'hard', 'Đáp án dựa trên chuẩn đầu ra của học phần.', 'QB013', 'KB007', TRUE, '2026-06-12 15:45:00', '2026-06-12 15:45:00', NULL),
    ('Q0044', 'CH0044', 'Phòng học và thiết bị hỗ trợ học tập đáp ứng nhu cầu? (Số nơi bên sau này.)', 'fill_blank', 'hard', 'Đáp án dựa trên chuẩn đầu ra của học phần.', 'QB013', 'KB048', TRUE, '2026-06-12 15:45:00', '2026-06-12 15:45:00', NULL),
    ('Q0045', 'CH0045', 'Tài liệu học tập được cung cấp đầy đủ? (Chỉ vài bên.)', 'true_false', 'hard', 'Đáp án dựa trên chuẩn đầu ra của học phần.', 'QB018', 'KB009', TRUE, '2026-06-12 15:45:00', '2026-06-12 15:45:00', NULL),
    ('Q0046', 'CH0046', 'Lịch thi được thông báo kịp thời và rõ ràng? (Mà đúng như lớn sẽ.)', 'multiple_choice', 'hard', 'Đáp án dựa trên chuẩn đầu ra của học phần.', 'QB013', 'KB046', TRUE, '2026-06-12 15:45:00', '2026-06-12 15:45:00', NULL),
    ('Q0047', 'CH0047', 'Phòng học và thiết bị hỗ trợ học tập đáp ứng nhu cầu? (Thì và mà từ về.)', 'essay', 'easy', 'Đáp án dựa trên chuẩn đầu ra của học phần.', 'QB020', 'KB018', TRUE, '2026-06-12 15:45:00', '2026-06-12 15:45:00', NULL),
    ('Q0048', 'CH0048', 'Tài liệu học tập được cung cấp đầy đủ? (Như như của.)', 'true_false', 'hard', 'Đáp án dựa trên chuẩn đầu ra của học phần.', 'QB021', 'KB023', TRUE, '2026-06-12 15:45:00', '2026-06-12 15:45:00', NULL),
    ('Q0049', 'CH0049', 'Tài liệu học tập được cung cấp đầy đủ? (Trong hoặc với này hoặc người.)', 'fill_blank', 'hard', 'Đáp án dựa trên chuẩn đầu ra của học phần.', 'QB003', 'KB039', TRUE, '2026-06-12 15:45:00', '2026-06-12 15:45:00', NULL),
    ('Q0050', 'CH0050', 'Phòng học và thiết bị hỗ trợ học tập đáp ứng nhu cầu? (Bên nhưng tôi vậy.)', 'single_choice', 'hard', 'Đáp án dựa trên chuẩn đầu ra của học phần.', 'QB012', 'KB006', TRUE, '2026-06-12 15:45:00', '2026-06-12 15:45:00', NULL),
    ('Q0051', 'CH0051', 'Giảng viên trình bày bài học rõ ràng và dễ hiểu? (Khi với cái đã này để từ.)', 'true_false', 'easy', 'Đáp án dựa trên chuẩn đầu ra của học phần.', 'QB024', 'KB043', TRUE, '2026-06-12 15:45:00', '2026-06-12 15:45:00', NULL),
    ('Q0052', 'CH0052', 'Đề thi có độ khó phù hợp với nội dung đã học? (Với từng nào từ chỉ để.)', 'multiple_choice', 'hard', 'Đáp án dựa trên chuẩn đầu ra của học phần.', 'QB021', 'KB055', TRUE, '2026-06-12 15:45:00', '2026-06-12 15:45:00', NULL),
    ('Q0053', 'CH0053', 'Đề thi có độ khó phù hợp với nội dung đã học? (Như đã không sau dưới này số.)', 'true_false', 'easy', 'Đáp án dựa trên chuẩn đầu ra của học phần.', 'QB006', 'KB031', TRUE, '2026-06-12 15:45:00', '2026-06-12 15:45:00', NULL),
    ('Q0054', 'CH0054', 'Bạn hài lòng với trải nghiệm học tập của học phần này? (Như hơn nhưng nào tại.)', 'single_choice', 'hard', 'Đáp án dựa trên chuẩn đầu ra của học phần.', 'QB023', 'KB006', TRUE, '2026-06-12 15:45:00', '2026-06-12 15:45:00', NULL),
    ('Q0055', 'CH0055', 'Lịch thi được thông báo kịp thời và rõ ràng? (Để nếu như không.)', 'essay', 'medium', 'Đáp án dựa trên chuẩn đầu ra của học phần.', 'QB012', 'KB014', TRUE, '2026-06-12 15:45:00', '2026-06-12 15:45:00', NULL),
    ('Q0056', 'CH0056', 'Bạn hài lòng với trải nghiệm học tập của học phần này? (Và đi thì được từ với đã.)', 'single_choice', 'easy', 'Đáp án dựa trên chuẩn đầu ra của học phần.', 'QB009', 'KB054', TRUE, '2026-06-12 15:45:00', '2026-06-12 15:45:00', NULL),
    ('Q0057', 'CH0057', 'Bạn có góp ý gì để cải thiện học phần/dịch vụ? (Các của vẫn như cũng khiến nhiều.)', 'essay', 'hard', 'Đáp án dựa trên chuẩn đầu ra của học phần.', 'QB020', 'KB047', TRUE, '2026-06-12 15:45:00', '2026-06-12 15:45:00', NULL),
    ('Q0058', 'CH0058', 'Lịch thi được thông báo kịp thời và rõ ràng? (Giữa cái có vậy bạn.)', 'essay', 'medium', 'Đáp án dựa trên chuẩn đầu ra của học phần.', 'QB017', 'KB006', TRUE, '2026-06-12 15:45:00', '2026-06-12 15:45:00', NULL),
    ('Q0059', 'CH0059', 'Quy trình coi thi được tổ chức nghiêm túc? (Để đó cách tại các từ cách.)', 'true_false', 'medium', 'Đáp án dựa trên chuẩn đầu ra của học phần.', 'QB007', 'KB037', TRUE, '2026-06-12 15:45:00', '2026-06-12 15:45:00', NULL),
    ('Q0060', 'CH0060', 'Phòng học và thiết bị hỗ trợ học tập đáp ứng nhu cầu? (Đến hơn tại từng sau hơn là trong.)', 'multiple_choice', 'hard', 'Đáp án dựa trên chuẩn đầu ra của học phần.', 'QB010', 'KB011', TRUE, '2026-06-12 15:45:00', '2026-06-12 15:45:00', NULL),
    ('Q0061', 'CH0061', 'Phòng học và thiết bị hỗ trợ học tập đáp ứng nhu cầu? (Tại tôi cho nếu không.)', 'fill_blank', 'hard', 'Đáp án dựa trên chuẩn đầu ra của học phần.', 'QB002', 'KB015', TRUE, '2026-06-12 15:45:00', '2026-06-12 15:45:00', NULL),
    ('Q0062', 'CH0062', 'Bạn hài lòng với trải nghiệm học tập của học phần này? (Cách nào đúng với đang điều.)', 'true_false', 'hard', 'Đáp án dựa trên chuẩn đầu ra của học phần.', 'QB009', 'KB010', TRUE, '2026-06-12 15:45:00', '2026-06-12 15:45:00', NULL),
    ('Q0063', 'CH0063', 'Tài liệu học tập được cung cấp đầy đủ? (Dưới trong tại.)', 'fill_blank', 'hard', 'Đáp án dựa trên chuẩn đầu ra của học phần.', 'QB021', 'KB047', TRUE, '2026-06-12 15:45:00', '2026-06-12 15:45:00', NULL),
    ('Q0064', 'CH0064', 'Đề thi có độ khó phù hợp với nội dung đã học? (Với bạn gần.)', 'true_false', 'easy', 'Đáp án dựa trên chuẩn đầu ra của học phần.', 'QB025', 'KB013', TRUE, '2026-06-12 15:45:00', '2026-06-12 15:45:00', NULL),
    ('Q0065', 'CH0065', 'Đề thi có độ khó phù hợp với nội dung đã học? (Đi tự theo đó nhiều.)', 'fill_blank', 'hard', 'Đáp án dựa trên chuẩn đầu ra của học phần.', 'QB020', 'KB002', TRUE, '2026-06-12 15:45:00', '2026-06-12 15:45:00', NULL),
    ('Q0066', 'CH0066', 'Tài liệu học tập được cung cấp đầy đủ? (Đúng giống để thay thì.)', 'true_false', 'medium', 'Đáp án dựa trên chuẩn đầu ra của học phần.', 'QB019', 'KB057', TRUE, '2026-06-12 15:45:00', '2026-06-12 15:45:00', NULL),
    ('Q0067', 'CH0067', 'Phòng học và thiết bị hỗ trợ học tập đáp ứng nhu cầu? (Của đó của rất các là mỗi.)', 'essay', 'hard', 'Đáp án dựa trên chuẩn đầu ra của học phần.', 'QB022', 'KB005', TRUE, '2026-06-12 15:45:00', '2026-06-12 15:45:00', NULL),
    ('Q0068', 'CH0068', 'Đề thi có độ khó phù hợp với nội dung đã học? (Người cách với.)', 'essay', 'hard', 'Đáp án dựa trên chuẩn đầu ra của học phần.', 'QB017', 'KB027', TRUE, '2026-06-12 15:45:00', '2026-06-12 15:45:00', NULL),
    ('Q0069', 'CH0069', 'Lịch thi được thông báo kịp thời và rõ ràng? (Giữa đúng mà có dưới để.)', 'multiple_choice', 'hard', 'Đáp án dựa trên chuẩn đầu ra của học phần.', 'QB008', 'KB003', TRUE, '2026-06-12 15:45:00', '2026-06-12 15:45:00', NULL),
    ('Q0070', 'CH0070', 'Bạn có góp ý gì để cải thiện học phần/dịch vụ? (Tự chỉ đi là.)', 'true_false', 'hard', 'Đáp án dựa trên chuẩn đầu ra của học phần.', 'QB009', 'KB029', TRUE, '2026-06-12 15:45:00', '2026-06-12 15:45:00', NULL),
    ('Q0071', 'CH0071', 'Giảng viên trình bày bài học rõ ràng và dễ hiểu? (Rất tôi đi và sẽ hoặc.)', 'multiple_choice', 'hard', 'Đáp án dựa trên chuẩn đầu ra của học phần.', 'QB011', 'KB022', TRUE, '2026-06-12 15:45:00', '2026-06-12 15:45:00', NULL),
    ('Q0072', 'CH0072', 'Đề thi có độ khó phù hợp với nội dung đã học? (Đi số cho thay sẽ mỗi.)', 'single_choice', 'easy', 'Đáp án dựa trên chuẩn đầu ra của học phần.', 'QB018', 'KB001', TRUE, '2026-06-12 15:45:00', '2026-06-12 15:45:00', NULL),
    ('Q0073', 'CH0073', 'Đề thi có độ khó phù hợp với nội dung đã học? (Cũng từng đó được.)', 'single_choice', 'hard', 'Đáp án dựa trên chuẩn đầu ra của học phần.', 'QB011', 'KB003', TRUE, '2026-06-12 15:45:00', '2026-06-12 15:45:00', NULL),
    ('Q0074', 'CH0074', 'Đề thi có độ khó phù hợp với nội dung đã học? (Thay chưa của bên.)', 'true_false', 'medium', 'Đáp án dựa trên chuẩn đầu ra của học phần.', 'QB024', 'KB030', TRUE, '2026-06-12 15:45:00', '2026-06-12 15:45:00', NULL),
    ('Q0075', 'CH0075', 'Mức độ phù hợp của nội dung học phần với mục tiêu đào tạo? (Theo tại số cũng rất có thế.)', 'multiple_choice', 'easy', 'Đáp án dựa trên chuẩn đầu ra của học phần.', 'QB003', 'KB050', TRUE, '2026-06-12 15:45:00', '2026-06-12 15:45:00', NULL),
    ('Q0076', 'CH0076', 'Quy trình coi thi được tổ chức nghiêm túc? (Từng cho này mà một.)', 'fill_blank', 'easy', 'Đáp án dựa trên chuẩn đầu ra của học phần.', 'QB001', 'KB003', TRUE, '2026-06-12 15:45:00', '2026-06-12 15:45:00', NULL),
    ('Q0077', 'CH0077', 'Giảng viên trình bày bài học rõ ràng và dễ hiểu? (Tự nào theo theo.)', 'essay', 'hard', 'Đáp án dựa trên chuẩn đầu ra của học phần.', 'QB014', 'KB022', TRUE, '2026-06-12 15:45:00', '2026-06-12 15:45:00', NULL),
    ('Q0078', 'CH0078', 'Bạn hài lòng với trải nghiệm học tập của học phần này? (Cho nơi hơn đó các không.)', 'multiple_choice', 'easy', 'Đáp án dựa trên chuẩn đầu ra của học phần.', 'QB002', 'KB039', TRUE, '2026-06-12 15:45:00', '2026-06-12 15:45:00', NULL),
    ('Q0079', 'CH0079', 'Tài liệu học tập được cung cấp đầy đủ? (Vì dưới đó đã.)', 'true_false', 'hard', 'Đáp án dựa trên chuẩn đầu ra của học phần.', 'QB019', 'KB013', TRUE, '2026-06-12 15:45:00', '2026-06-12 15:45:00', NULL),
    ('Q0080', 'CH0080', 'Hình thức kiểm tra đánh giá phản ánh đúng năng lực người học? (Khiến bạn từ của.)', 'single_choice', 'medium', 'Đáp án dựa trên chuẩn đầu ra của học phần.', 'QB006', 'KB026', TRUE, '2026-06-12 15:45:00', '2026-06-12 15:45:00', NULL),
    ('Q0081', 'CH0081', 'Tài liệu học tập được cung cấp đầy đủ? (Và và của từ.)', 'true_false', 'medium', 'Đáp án dựa trên chuẩn đầu ra của học phần.', 'QB018', 'KB030', TRUE, '2026-06-12 15:45:00', '2026-06-12 15:45:00', NULL),
    ('Q0082', 'CH0082', 'Mức độ phù hợp của nội dung học phần với mục tiêu đào tạo? (Của từ này nhưng.)', 'multiple_choice', 'hard', 'Đáp án dựa trên chuẩn đầu ra của học phần.', 'QB012', 'KB017', TRUE, '2026-06-12 15:45:00', '2026-06-12 15:45:00', NULL),
    ('Q0083', 'CH0083', 'Đề thi có độ khó phù hợp với nội dung đã học? (Chỉ cũng cách từ giữa.)', 'single_choice', 'medium', 'Đáp án dựa trên chuẩn đầu ra của học phần.', 'QB002', 'KB040', TRUE, '2026-06-12 15:45:00', '2026-06-12 15:45:00', NULL),
    ('Q0084', 'CH0084', 'Lịch thi được thông báo kịp thời và rõ ràng? (Gần như cho trong vì với.)', 'single_choice', 'hard', 'Đáp án dựa trên chuẩn đầu ra của học phần.', 'QB006', 'KB051', TRUE, '2026-06-12 15:45:00', '2026-06-12 15:45:00', NULL),
    ('Q0085', 'CH0085', 'Quy trình coi thi được tổ chức nghiêm túc? (Dưới sau điều tôi đến tự.)', 'fill_blank', 'medium', 'Đáp án dựa trên chuẩn đầu ra của học phần.', 'QB008', 'KB018', TRUE, '2026-06-12 15:45:00', '2026-06-12 15:45:00', NULL),
    ('Q0086', 'CH0086', 'Giảng viên trình bày bài học rõ ràng và dễ hiểu? (Trong tại sẽ đi tại đến.)', 'essay', 'medium', 'Đáp án dựa trên chuẩn đầu ra của học phần.', 'QB011', 'KB017', TRUE, '2026-06-12 15:45:00', '2026-06-12 15:45:00', NULL),
    ('Q0087', 'CH0087', 'Lịch thi được thông báo kịp thời và rõ ràng? (Trong đã vẫn từ cũng cho điều.)', 'fill_blank', 'medium', 'Đáp án dựa trên chuẩn đầu ra của học phần.', 'QB015', 'KB035', TRUE, '2026-06-12 15:45:00', '2026-06-12 15:45:00', NULL),
    ('Q0088', 'CH0088', 'Giảng viên trình bày bài học rõ ràng và dễ hiểu? (Tại thay mà một.)', 'single_choice', 'hard', 'Đáp án dựa trên chuẩn đầu ra của học phần.', 'QB019', 'KB052', TRUE, '2026-06-12 15:45:00', '2026-06-12 15:45:00', NULL),
    ('Q0089', 'CH0089', 'Tài liệu học tập được cung cấp đầy đủ? (Điều từ từ.)', 'fill_blank', 'easy', 'Đáp án dựa trên chuẩn đầu ra của học phần.', 'QB016', 'KB040', TRUE, '2026-06-12 15:45:00', '2026-06-12 15:45:00', NULL),
    ('Q0090', 'CH0090', 'Phòng học và thiết bị hỗ trợ học tập đáp ứng nhu cầu? (Từng để trong chỉ cái hơn khi cũng.)', 'true_false', 'medium', 'Đáp án dựa trên chuẩn đầu ra của học phần.', 'QB009', 'KB038', TRUE, '2026-06-12 15:45:00', '2026-06-12 15:45:00', NULL),
    ('Q0091', 'CH0091', 'Bạn hài lòng với trải nghiệm học tập của học phần này? (Đó một nhưng bạn nơi.)', 'single_choice', 'medium', 'Đáp án dựa trên chuẩn đầu ra của học phần.', 'QB014', 'KB037', TRUE, '2026-06-12 15:45:00', '2026-06-12 15:45:00', NULL),
    ('Q0092', 'CH0092', 'Quy trình coi thi được tổ chức nghiêm túc? (Cách làm từ vì mỗi chỉ từ lớn.)', 'essay', 'easy', 'Đáp án dựa trên chuẩn đầu ra của học phần.', 'QB007', 'KB039', TRUE, '2026-06-12 15:45:00', '2026-06-12 15:45:00', NULL),
    ('Q0093', 'CH0093', 'Mức độ phù hợp của nội dung học phần với mục tiêu đào tạo? (Vài nào giữa nhưng tại.)', 'single_choice', 'medium', 'Đáp án dựa trên chuẩn đầu ra của học phần.', 'QB024', 'KB011', TRUE, '2026-06-12 15:45:00', '2026-06-12 15:45:00', NULL),
    ('Q0094', 'CH0094', 'Đề thi có độ khó phù hợp với nội dung đã học? (Cho thay cũng khiến bên không.)', 'single_choice', 'medium', 'Đáp án dựa trên chuẩn đầu ra của học phần.', 'QB001', 'KB020', TRUE, '2026-06-12 15:45:00', '2026-06-12 15:45:00', NULL),
    ('Q0095', 'CH0095', 'Giảng viên trình bày bài học rõ ràng và dễ hiểu? (Cho đến một từng theo với cho hơn.)', 'single_choice', 'medium', 'Đáp án dựa trên chuẩn đầu ra của học phần.', 'QB019', 'KB007', TRUE, '2026-06-12 15:45:00', '2026-06-12 15:45:00', NULL),
    ('Q0096', 'CH0096', 'Đề thi có độ khó phù hợp với nội dung đã học? (Hơn để thế số.)', 'single_choice', 'hard', 'Đáp án dựa trên chuẩn đầu ra của học phần.', 'QB021', 'KB040', TRUE, '2026-06-12 15:45:00', '2026-06-12 15:45:00', NULL),
    ('Q0097', 'CH0097', 'Bạn hài lòng với trải nghiệm học tập của học phần này? (Vẫn như tôi thay.)', 'multiple_choice', 'easy', 'Đáp án dựa trên chuẩn đầu ra của học phần.', 'QB023', 'KB024', TRUE, '2026-06-12 15:45:00', '2026-06-12 15:45:00', NULL),
    ('Q0098', 'CH0098', 'Đề thi có độ khó phù hợp với nội dung đã học? (Từng trong giống.)', 'fill_blank', 'hard', 'Đáp án dựa trên chuẩn đầu ra của học phần.', 'QB020', 'KB034', TRUE, '2026-06-12 15:45:00', '2026-06-12 15:45:00', NULL),
    ('Q0099', 'CH0099', 'Bạn có góp ý gì để cải thiện học phần/dịch vụ? (Thế điều từ vậy sẽ cũng đi.)', 'fill_blank', 'hard', 'Đáp án dựa trên chuẩn đầu ra của học phần.', 'QB001', 'KB035', TRUE, '2026-06-12 15:45:00', '2026-06-12 15:45:00', NULL),
    ('Q0100', 'CH0100', 'Giảng viên trình bày bài học rõ ràng và dễ hiểu? (Sau gần trong mỗi để.)', 'fill_blank', 'easy', 'Đáp án dựa trên chuẩn đầu ra của học phần.', 'QB010', 'KB043', TRUE, '2026-06-12 15:45:00', '2026-06-12 15:45:00', NULL);

INSERT INTO question_options (id, question_id, option_label, content, is_correct, created_at) VALUES
    ('QO0002A', 'Q0002', 'A', 'Hơn thay sau để là với lớn như.', FALSE, '2026-06-12 15:45:00'),
    ('QO0002B', 'Q0002', 'B', 'Có khi một là theo.', FALSE, '2026-06-12 15:45:00'),
    ('QO0002C', 'Q0002', 'C', 'Một cũng bên như nhưng đúng sau trong gần và tại.', TRUE, '2026-06-12 15:45:00'),
    ('QO0002D', 'Q0002', 'D', 'Cũng mà trong sau của dưới giống trong các.', FALSE, '2026-06-12 15:45:00'),
    ('QO0003A', 'Q0003', 'A', 'Chưa về là từ.', TRUE, '2026-06-12 15:45:00'),
    ('QO0003B', 'Q0003', 'B', 'Bên có từ số thay được cho sẽ là.', FALSE, '2026-06-12 15:45:00'),
    ('QO0003C', 'Q0003', 'C', 'Hoặc giữa không cũng sẽ giống sẽ.', FALSE, '2026-06-12 15:45:00'),
    ('QO0003D', 'Q0003', 'D', 'Tại dưới giống cái cũng chỉ điều.', FALSE, '2026-06-12 15:45:00'),
    ('QO0004A', 'Q0004', 'A', 'Và của lớn tại thì cũng từ không người.', FALSE, '2026-06-12 15:45:00'),
    ('QO0004B', 'Q0004', 'B', 'Như các cũng như gần.', FALSE, '2026-06-12 15:45:00'),
    ('QO0004C', 'Q0004', 'C', 'Được nhưng hoặc nào dưới hơn của cũng sau như.', FALSE, '2026-06-12 15:45:00'),
    ('QO0004D', 'Q0004', 'D', 'Gần thì nhưng để sau.', TRUE, '2026-06-12 15:45:00'),
    ('QO0005A', 'Q0005', 'A', 'Một là chỉ đến khi.', FALSE, '2026-06-12 15:45:00'),
    ('QO0005B', 'Q0005', 'B', 'Cũng mỗi các khiến cũng mà lớn.', TRUE, '2026-06-12 15:45:00'),
    ('QO0005C', 'Q0005', 'C', 'Vài từng nơi khiến tại thay.', FALSE, '2026-06-12 15:45:00'),
    ('QO0005D', 'Q0005', 'D', 'Nhưng bạn đúng này thay điều để một dưới tại.', FALSE, '2026-06-12 15:45:00'),
    ('QO0007A', 'Q0007', 'A', 'Cái hơn vì là có về làm hoặc.', FALSE, '2026-06-12 15:45:00'),
    ('QO0007B', 'Q0007', 'B', 'Đi đến trong của đến cho các nhiều giữa.', FALSE, '2026-06-12 15:45:00'),
    ('QO0007C', 'Q0007', 'C', 'Tại chỉ các vẫn điều sau theo đến.', FALSE, '2026-06-12 15:45:00'),
    ('QO0007D', 'Q0007', 'D', 'Với là đang với từng.', TRUE, '2026-06-12 15:45:00'),
    ('QO0008A', 'Q0008', 'A', 'Mà từng trong nếu để rất và hơn từ chỉ khi.', FALSE, '2026-06-12 15:45:00'),
    ('QO0008B', 'Q0008', 'B', 'Nhưng mỗi gần nhưng hơn mà trong thì bên.', FALSE, '2026-06-12 15:45:00'),
    ('QO0008C', 'Q0008', 'C', 'Sẽ hoặc như thì đến bên về sẽ giống.', TRUE, '2026-06-12 15:45:00'),
    ('QO0008D', 'Q0008', 'D', 'Khiến các đã để trong giống.', FALSE, '2026-06-12 15:45:00'),
    ('QO0009A', 'Q0009', 'A', 'Nhưng được rất cách hoặc cũng trong.', FALSE, '2026-06-12 15:45:00'),
    ('QO0009B', 'Q0009', 'B', 'Từ cái về người có khi hoặc.', TRUE, '2026-06-12 15:45:00'),
    ('QO0009C', 'Q0009', 'C', 'Của bạn dưới hoặc đúng tôi tại.', FALSE, '2026-06-12 15:45:00'),
    ('QO0009D', 'Q0009', 'D', 'Là hơn một về khi bên giống với về trong.', FALSE, '2026-06-12 15:45:00'),
    ('QO0011A', 'Q0011', 'A', 'Với của đến bạn như cũng tự này đi.', FALSE, '2026-06-12 15:45:00'),
    ('QO0011B', 'Q0011', 'B', 'Hoặc trong dưới dưới một cũng vậy đang.', FALSE, '2026-06-12 15:45:00'),
    ('QO0011C', 'Q0011', 'C', 'Cho giữa hơn người để.', TRUE, '2026-06-12 15:45:00'),
    ('QO0011D', 'Q0011', 'D', 'Trong này trong như nếu đến đi giống.', FALSE, '2026-06-12 15:45:00'),
    ('QO0012A', 'Q0012', 'A', 'Tại để giống đúng vậy.', FALSE, '2026-06-12 15:45:00'),
    ('QO0012B', 'Q0012', 'B', 'Dưới và cũng tại làm nào.', FALSE, '2026-06-12 15:45:00'),
    ('QO0012C', 'Q0012', 'C', 'Lớn thì từng trong tự giữa.', TRUE, '2026-06-12 15:45:00'),
    ('QO0012D', 'Q0012', 'D', 'Vẫn của đó mỗi với hoặc điều.', FALSE, '2026-06-12 15:45:00'),
    ('QO0013A', 'Q0013', 'A', 'Đúng', FALSE, '2026-06-12 15:45:00'),
    ('QO0013B', 'Q0013', 'B', 'Để khi làm và từ không.', TRUE, '2026-06-12 15:45:00'),
    ('QO0014A', 'Q0014', 'A', 'Thì tại trong theo sau trong không.', TRUE, '2026-06-12 15:45:00'),
    ('QO0014B', 'Q0014', 'B', 'Đến vì mỗi trong cũng đã sau để.', FALSE, '2026-06-12 15:45:00'),
    ('QO0014C', 'Q0014', 'C', 'Đã tôi dưới để tại nơi.', FALSE, '2026-06-12 15:45:00'),
    ('QO0014D', 'Q0014', 'D', 'Sẽ này từng hơn không đến như mỗi.', FALSE, '2026-06-12 15:45:00'),
    ('QO0016A', 'Q0016', 'A', 'Có không như đang được.', FALSE, '2026-06-12 15:45:00'),
    ('QO0016B', 'Q0016', 'B', 'Chưa được người gần trong.', FALSE, '2026-06-12 15:45:00'),
    ('QO0016C', 'Q0016', 'C', 'Vậy nhiều này theo dưới của làm nếu.', FALSE, '2026-06-12 15:45:00'),
    ('QO0016D', 'Q0016', 'D', 'Như vì đi để các.', TRUE, '2026-06-12 15:45:00'),
    ('QO0017A', 'Q0017', 'A', 'Vài khiến có cái đúng.', TRUE, '2026-06-12 15:45:00'),
    ('QO0017B', 'Q0017', 'B', 'Để đúng để như đến một nơi.', FALSE, '2026-06-12 15:45:00'),
    ('QO0017C', 'Q0017', 'C', 'Vì như cũng hơn cách chưa.', FALSE, '2026-06-12 15:45:00'),
    ('QO0017D', 'Q0017', 'D', 'Về rất đi cách nhiều để vì mỗi chỉ từ.', FALSE, '2026-06-12 15:45:00'),
    ('QO0019A', 'Q0019', 'A', 'Cũng tự tôi về cái vẫn.', FALSE, '2026-06-12 15:45:00'),
    ('QO0019B', 'Q0019', 'B', 'Người vài cách với trong có dưới như gần.', TRUE, '2026-06-12 15:45:00'),
    ('QO0019C', 'Q0019', 'C', 'Nơi giống một chỉ mà mỗi với như như.', FALSE, '2026-06-12 15:45:00'),
    ('QO0019D', 'Q0019', 'D', 'Đã chưa giống mà để.', FALSE, '2026-06-12 15:45:00'),
    ('QO0022A', 'Q0022', 'A', 'Trong hoặc đã vài chỉ để để của lớn.', FALSE, '2026-06-12 15:45:00'),
    ('QO0022B', 'Q0022', 'B', 'Khiến giống của của.', FALSE, '2026-06-12 15:45:00'),
    ('QO0022C', 'Q0022', 'C', 'Nhưng đi cho gần tại.', TRUE, '2026-06-12 15:45:00'),
    ('QO0022D', 'Q0022', 'D', 'Không của đang với chỉ gần khiến khi thay nhưng tại.', FALSE, '2026-06-12 15:45:00'),
    ('QO0024A', 'Q0024', 'A', 'Có trong tôi này như của có cho.', FALSE, '2026-06-12 15:45:00'),
    ('QO0024B', 'Q0024', 'B', 'Của mà khi sẽ vậy.', FALSE, '2026-06-12 15:45:00'),
    ('QO0024C', 'Q0024', 'C', 'Điều nếu một sau từ.', TRUE, '2026-06-12 15:45:00'),
    ('QO0024D', 'Q0024', 'D', 'Từ nào và tại nhiều hoặc giống người như hơn.', FALSE, '2026-06-12 15:45:00'),
    ('QO0026A', 'Q0026', 'A', 'Bên như giữa hơn vẫn giữa của với.', FALSE, '2026-06-12 15:45:00'),
    ('QO0026B', 'Q0026', 'B', 'Tự để chưa tại giữa làm như.', FALSE, '2026-06-12 15:45:00'),
    ('QO0026C', 'Q0026', 'C', 'Sau với dưới từ từ cái bên.', TRUE, '2026-06-12 15:45:00'),
    ('QO0026D', 'Q0026', 'D', 'Đến đến người đang để nhưng của.', FALSE, '2026-06-12 15:45:00'),
    ('QO0027A', 'Q0027', 'A', 'Từng không đi các như cái lớn dưới của với.', FALSE, '2026-06-12 15:45:00'),
    ('QO0027B', 'Q0027', 'B', 'Thì này giữa khi.', TRUE, '2026-06-12 15:45:00'),
    ('QO0027C', 'Q0027', 'C', 'Tại trong đã tại chưa là mà người tôi của.', FALSE, '2026-06-12 15:45:00'),
    ('QO0027D', 'Q0027', 'D', 'Từng như như thế dưới vì đó là.', FALSE, '2026-06-12 15:45:00'),
    ('QO0029A', 'Q0029', 'A', 'Không có trong chỉ hoặc mỗi từ đúng nào.', TRUE, '2026-06-12 15:45:00'),
    ('QO0029B', 'Q0029', 'B', 'Khiến cái có làm hoặc của các nào cho điều.', FALSE, '2026-06-12 15:45:00'),
    ('QO0029C', 'Q0029', 'C', 'Thay của lớn như và với với lớn nếu.', FALSE, '2026-06-12 15:45:00'),
    ('QO0029D', 'Q0029', 'D', 'Này vẫn vẫn cái nhưng để rất khiến.', FALSE, '2026-06-12 15:45:00'),
    ('QO0030A', 'Q0030', 'A', 'Rất mà với gần một tại được để người.', FALSE, '2026-06-12 15:45:00'),
    ('QO0030B', 'Q0030', 'B', 'Cũng như có lớn nơi tôi của.', TRUE, '2026-06-12 15:45:00'),
    ('QO0030C', 'Q0030', 'C', 'Này vậy đi sau cách với đi bạn.', FALSE, '2026-06-12 15:45:00'),
    ('QO0030D', 'Q0030', 'D', 'Tự hoặc nơi không chỉ từng cách.', FALSE, '2026-06-12 15:45:00'),
    ('QO0032A', 'Q0032', 'A', 'Để thế có đó giữa mỗi tại có của gần hoặc.', FALSE, '2026-06-12 15:45:00'),
    ('QO0032B', 'Q0032', 'B', 'Vì lớn mỗi đã từng vì như để đi.', FALSE, '2026-06-12 15:45:00'),
    ('QO0032C', 'Q0032', 'C', 'Tôi vì để đang từng cũng vài này.', FALSE, '2026-06-12 15:45:00'),
    ('QO0032D', 'Q0032', 'D', 'Như như hơn với nào.', TRUE, '2026-06-12 15:45:00'),
    ('QO0035A', 'Q0035', 'A', 'Bên nhiều được cái cho rất.', TRUE, '2026-06-12 15:45:00'),
    ('QO0035B', 'Q0035', 'B', 'Từ đúng gần thế vài mà vẫn.', FALSE, '2026-06-12 15:45:00'),
    ('QO0035C', 'Q0035', 'C', 'Này đến với khiến tự vài vậy tôi chưa như.', FALSE, '2026-06-12 15:45:00'),
    ('QO0035D', 'Q0035', 'D', 'Từ của không trong với là để.', FALSE, '2026-06-12 15:45:00'),
    ('QO0036A', 'Q0036', 'A', 'Đúng', TRUE, '2026-06-12 15:45:00'),
    ('QO0036B', 'Q0036', 'B', 'Đã tôi giữa đã trong.', FALSE, '2026-06-12 15:45:00'),
    ('QO0038A', 'Q0038', 'A', 'Đúng', TRUE, '2026-06-12 15:45:00'),
    ('QO0038B', 'Q0038', 'B', 'Nhiều thay được và đi đã cũng như tự.', FALSE, '2026-06-12 15:45:00'),
    ('QO0039A', 'Q0039', 'A', 'Đúng', FALSE, '2026-06-12 15:45:00'),
    ('QO0039B', 'Q0039', 'B', 'Từ thay tại như vài tôi chỉ giữa hơn rất là.', TRUE, '2026-06-12 15:45:00'),
    ('QO0040A', 'Q0040', 'A', 'Trong và như sẽ số.', FALSE, '2026-06-12 15:45:00'),
    ('QO0040B', 'Q0040', 'B', 'Khi vì sẽ bên rất giống.', FALSE, '2026-06-12 15:45:00'),
    ('QO0040C', 'Q0040', 'C', 'Bạn và thì như của khi số tại giống.', FALSE, '2026-06-12 15:45:00'),
    ('QO0040D', 'Q0040', 'D', 'Của với hoặc các bên đã thế thì.', TRUE, '2026-06-12 15:45:00'),
    ('QO0041A', 'Q0041', 'A', 'Đúng', TRUE, '2026-06-12 15:45:00'),
    ('QO0041B', 'Q0041', 'B', 'Của không sau vì đến thì giữa và như.', FALSE, '2026-06-12 15:45:00'),
    ('QO0043A', 'Q0043', 'A', 'Người là như sẽ cái đó về hơn như.', TRUE, '2026-06-12 15:45:00'),
    ('QO0043B', 'Q0043', 'B', 'Tự sẽ bạn một nhưng.', FALSE, '2026-06-12 15:45:00'),
    ('QO0043C', 'Q0043', 'C', 'Của bên tại từng thế cho cách.', FALSE, '2026-06-12 15:45:00'),
    ('QO0043D', 'Q0043', 'D', 'Này cho sau người của vẫn hơn.', FALSE, '2026-06-12 15:45:00'),
    ('QO0045A', 'Q0045', 'A', 'Đúng', TRUE, '2026-06-12 15:45:00'),
    ('QO0045B', 'Q0045', 'B', 'Đã người cho giữa.', FALSE, '2026-06-12 15:45:00'),
    ('QO0046A', 'Q0046', 'A', 'Tự chỉ như từ nhưng như các nhưng nhiều mỗi.', FALSE, '2026-06-12 15:45:00'),
    ('QO0046B', 'Q0046', 'B', 'Là để để vẫn để từ để như gần.', TRUE, '2026-06-12 15:45:00'),
    ('QO0046C', 'Q0046', 'C', 'Gần sẽ từng cách và.', FALSE, '2026-06-12 15:45:00'),
    ('QO0046D', 'Q0046', 'D', 'Hơn được cũng giống chưa chỉ hơn vài.', FALSE, '2026-06-12 15:45:00'),
    ('QO0048A', 'Q0048', 'A', 'Đúng', FALSE, '2026-06-12 15:45:00'),
    ('QO0048B', 'Q0048', 'B', 'Với cũng nhưng thay.', TRUE, '2026-06-12 15:45:00'),
    ('QO0050A', 'Q0050', 'A', 'Đang để với điều với theo với trong giống cách.', FALSE, '2026-06-12 15:45:00'),
    ('QO0050B', 'Q0050', 'B', 'Tại trong thì nhưng các có bên cho sau vẫn và.', FALSE, '2026-06-12 15:45:00'),
    ('QO0050C', 'Q0050', 'C', 'Như các nhiều số thì của hoặc là này.', FALSE, '2026-06-12 15:45:00'),
    ('QO0050D', 'Q0050', 'D', 'Như chỉ vẫn vậy sau.', TRUE, '2026-06-12 15:45:00'),
    ('QO0051A', 'Q0051', 'A', 'Đúng', TRUE, '2026-06-12 15:45:00'),
    ('QO0051B', 'Q0051', 'B', 'Được trong để của đã một như nếu của.', FALSE, '2026-06-12 15:45:00'),
    ('QO0052A', 'Q0052', 'A', 'Có các cái giữa điều.', FALSE, '2026-06-12 15:45:00'),
    ('QO0052B', 'Q0052', 'B', 'Cho đúng với mỗi theo số của.', FALSE, '2026-06-12 15:45:00'),
    ('QO0052C', 'Q0052', 'C', 'Dưới làm tự khiến nhưng.', FALSE, '2026-06-12 15:45:00'),
    ('QO0052D', 'Q0052', 'D', 'Bạn vẫn để đang nhiều thay này đang.', TRUE, '2026-06-12 15:45:00'),
    ('QO0053A', 'Q0053', 'A', 'Đúng', TRUE, '2026-06-12 15:45:00'),
    ('QO0053B', 'Q0053', 'B', 'Từng này với như thay đã.', FALSE, '2026-06-12 15:45:00'),
    ('QO0054A', 'Q0054', 'A', 'Cho về thì mà của sẽ có sau.', FALSE, '2026-06-12 15:45:00'),
    ('QO0054B', 'Q0054', 'B', 'Dưới để khi bên có.', TRUE, '2026-06-12 15:45:00'),
    ('QO0054C', 'Q0054', 'C', 'Nếu của một hơn được đến cho tại từ đi.', FALSE, '2026-06-12 15:45:00'),
    ('QO0054D', 'Q0054', 'D', 'Khi thay này nơi thì.', FALSE, '2026-06-12 15:45:00'),
    ('QO0056A', 'Q0056', 'A', 'Rất đúng tại hoặc các này thế đang.', TRUE, '2026-06-12 15:45:00'),
    ('QO0056B', 'Q0056', 'B', 'Với theo dưới nhiều sẽ.', FALSE, '2026-06-12 15:45:00'),
    ('QO0056C', 'Q0056', 'C', 'Cách trong khi tự như từng.', FALSE, '2026-06-12 15:45:00'),
    ('QO0056D', 'Q0056', 'D', 'Như tại nào dưới khiến chỉ và.', FALSE, '2026-06-12 15:45:00'),
    ('QO0059A', 'Q0059', 'A', 'Đúng', TRUE, '2026-06-12 15:45:00'),
    ('QO0059B', 'Q0059', 'B', 'Các khiến hoặc cũng vậy.', FALSE, '2026-06-12 15:45:00'),
    ('QO0060A', 'Q0060', 'A', 'Là trong của thay trong người cũng thay.', TRUE, '2026-06-12 15:45:00'),
    ('QO0060B', 'Q0060', 'B', 'Để từng nào làm.', FALSE, '2026-06-12 15:45:00'),
    ('QO0060C', 'Q0060', 'C', 'Một cũng nào giống cho trong được nếu.', FALSE, '2026-06-12 15:45:00'),
    ('QO0060D', 'Q0060', 'D', 'Bên không cho đi thay tự với.', FALSE, '2026-06-12 15:45:00'),
    ('QO0062A', 'Q0062', 'A', 'Đúng', TRUE, '2026-06-12 15:45:00'),
    ('QO0062B', 'Q0062', 'B', 'Tại cái chỉ giữa tôi thế từng một thế đến.', FALSE, '2026-06-12 15:45:00'),
    ('QO0064A', 'Q0064', 'A', 'Đúng', TRUE, '2026-06-12 15:45:00'),
    ('QO0064B', 'Q0064', 'B', 'Của nhiều khi từ bạn dưới từ tôi vẫn của.', FALSE, '2026-06-12 15:45:00'),
    ('QO0066A', 'Q0066', 'A', 'Đúng', FALSE, '2026-06-12 15:45:00'),
    ('QO0066B', 'Q0066', 'B', 'Người chưa như của nào.', TRUE, '2026-06-12 15:45:00'),
    ('QO0069A', 'Q0069', 'A', 'Như tại gần theo thay tự các đã của.', TRUE, '2026-06-12 15:45:00'),
    ('QO0069B', 'Q0069', 'B', 'Điều mỗi khiến đó dưới bên và dưới giữa nhiều.', FALSE, '2026-06-12 15:45:00'),
    ('QO0069C', 'Q0069', 'C', 'Như bạn hơn để đã từng.', FALSE, '2026-06-12 15:45:00'),
    ('QO0069D', 'Q0069', 'D', 'Gần đi hơn của đúng nhiều nào cách trong nếu.', FALSE, '2026-06-12 15:45:00'),
    ('QO0070A', 'Q0070', 'A', 'Đúng', FALSE, '2026-06-12 15:45:00'),
    ('QO0070B', 'Q0070', 'B', 'Thì để nhiều gần cũng tại mà có.', TRUE, '2026-06-12 15:45:00'),
    ('QO0071A', 'Q0071', 'A', 'Nơi này nơi cũng nơi được.', FALSE, '2026-06-12 15:45:00'),
    ('QO0071B', 'Q0071', 'B', 'Với từ số được khi các chỉ như thì.', FALSE, '2026-06-12 15:45:00'),
    ('QO0071C', 'Q0071', 'C', 'Tôi này với nếu đó đi để nơi của lớn.', TRUE, '2026-06-12 15:45:00'),
    ('QO0071D', 'Q0071', 'D', 'Vẫn có nào khi hơn bên thay như hơn dưới.', FALSE, '2026-06-12 15:45:00'),
    ('QO0072A', 'Q0072', 'A', 'Điều với giống có đúng thế sau giữa.', FALSE, '2026-06-12 15:45:00'),
    ('QO0072B', 'Q0072', 'B', 'Không nhiều vì sau của hơn như từ sẽ.', TRUE, '2026-06-12 15:45:00'),
    ('QO0072C', 'Q0072', 'C', 'Của chưa chưa nơi nào đang.', FALSE, '2026-06-12 15:45:00'),
    ('QO0072D', 'Q0072', 'D', 'Cách thế không có bên tại cũng được.', FALSE, '2026-06-12 15:45:00'),
    ('QO0073A', 'Q0073', 'A', 'Từ sau có cũng của từng.', FALSE, '2026-06-12 15:45:00'),
    ('QO0073B', 'Q0073', 'B', 'Điều vậy từ của của đã để đó.', FALSE, '2026-06-12 15:45:00'),
    ('QO0073C', 'Q0073', 'C', 'Và nếu nhưng với của và.', TRUE, '2026-06-12 15:45:00'),
    ('QO0073D', 'Q0073', 'D', 'Cho cách hoặc mỗi người bạn cũng.', FALSE, '2026-06-12 15:45:00'),
    ('QO0074A', 'Q0074', 'A', 'Đúng', TRUE, '2026-06-12 15:45:00'),
    ('QO0074B', 'Q0074', 'B', 'Cho từ một để dưới là để.', FALSE, '2026-06-12 15:45:00'),
    ('QO0075A', 'Q0075', 'A', 'Nhiều rất rất từ không trong.', FALSE, '2026-06-12 15:45:00'),
    ('QO0075B', 'Q0075', 'B', 'Thay với sau cách nơi.', TRUE, '2026-06-12 15:45:00'),
    ('QO0075C', 'Q0075', 'C', 'Khi được sẽ nếu đến lớn đã.', FALSE, '2026-06-12 15:45:00'),
    ('QO0075D', 'Q0075', 'D', 'Thế lớn nhiều hơn về lớn có từng là vẫn.', FALSE, '2026-06-12 15:45:00'),
    ('QO0078A', 'Q0078', 'A', 'Bên thay để vậy về.', FALSE, '2026-06-12 15:45:00'),
    ('QO0078B', 'Q0078', 'B', 'Của của mà vậy đúng trong chưa đã điều về nhiều.', FALSE, '2026-06-12 15:45:00'),
    ('QO0078C', 'Q0078', 'C', 'Cách tự chưa vậy hơn để.', TRUE, '2026-06-12 15:45:00'),
    ('QO0078D', 'Q0078', 'D', 'Lớn sau làm nhiều như của rất vài có khi.', FALSE, '2026-06-12 15:45:00'),
    ('QO0079A', 'Q0079', 'A', 'Đúng', FALSE, '2026-06-12 15:45:00'),
    ('QO0079B', 'Q0079', 'B', 'Đó điều trong nơi như.', TRUE, '2026-06-12 15:45:00'),
    ('QO0080A', 'Q0080', 'A', 'Sẽ hoặc với tại để về.', FALSE, '2026-06-12 15:45:00'),
    ('QO0080B', 'Q0080', 'B', 'Cũng bên đúng bên vẫn tại.', TRUE, '2026-06-12 15:45:00'),
    ('QO0080C', 'Q0080', 'C', 'Số theo hoặc đi của.', FALSE, '2026-06-12 15:45:00'),
    ('QO0080D', 'Q0080', 'D', 'Nào người từ chưa tại được.', FALSE, '2026-06-12 15:45:00'),
    ('QO0081A', 'Q0081', 'A', 'Đúng', FALSE, '2026-06-12 15:45:00'),
    ('QO0081B', 'Q0081', 'B', 'Tại đúng cho hơn hoặc là nhưng vẫn với với.', TRUE, '2026-06-12 15:45:00'),
    ('QO0082A', 'Q0082', 'A', 'Theo các hoặc để đang làm người được vẫn.', FALSE, '2026-06-12 15:45:00'),
    ('QO0082B', 'Q0082', 'B', 'Lớn hoặc này chỉ từng khiến này để thế.', FALSE, '2026-06-12 15:45:00'),
    ('QO0082C', 'Q0082', 'C', 'Thế vẫn mỗi về không được đi là từ hơn.', TRUE, '2026-06-12 15:45:00'),
    ('QO0082D', 'Q0082', 'D', 'Nơi chưa mà để hơn đến.', FALSE, '2026-06-12 15:45:00'),
    ('QO0083A', 'Q0083', 'A', 'Khiến đến theo để cái của đang nào của nếu.', FALSE, '2026-06-12 15:45:00'),
    ('QO0083B', 'Q0083', 'B', 'Lớn nhiều có đúng để tại hơn để giữa.', FALSE, '2026-06-12 15:45:00'),
    ('QO0083C', 'Q0083', 'C', 'Nếu để đến vì sẽ từng cũng từ đúng.', TRUE, '2026-06-12 15:45:00'),
    ('QO0083D', 'Q0083', 'D', 'Như từ của được giữa như và giữa trong.', FALSE, '2026-06-12 15:45:00'),
    ('QO0084A', 'Q0084', 'A', 'Đi thì khiến rất cũng từ điều.', FALSE, '2026-06-12 15:45:00'),
    ('QO0084B', 'Q0084', 'B', 'Chỉ hoặc có trong và đến.', TRUE, '2026-06-12 15:45:00'),
    ('QO0084C', 'Q0084', 'C', 'Dưới chưa người lớn.', FALSE, '2026-06-12 15:45:00'),
    ('QO0084D', 'Q0084', 'D', 'Theo thế người làm thay hơn cái chưa cũng cái mà.', FALSE, '2026-06-12 15:45:00'),
    ('QO0088A', 'Q0088', 'A', 'Vậy tại mà hơn để tại bạn khi không thì.', FALSE, '2026-06-12 15:45:00'),
    ('QO0088B', 'Q0088', 'B', 'Điều có trong điều với cho.', TRUE, '2026-06-12 15:45:00'),
    ('QO0088C', 'Q0088', 'C', 'Để như có nào cái của gần.', FALSE, '2026-06-12 15:45:00'),
    ('QO0088D', 'Q0088', 'D', 'Đã giống đến có của như giống.', FALSE, '2026-06-12 15:45:00'),
    ('QO0090A', 'Q0090', 'A', 'Đúng', FALSE, '2026-06-12 15:45:00'),
    ('QO0090B', 'Q0090', 'B', 'Sẽ trong đó của nơi đến theo như có vì.', TRUE, '2026-06-12 15:45:00'),
    ('QO0091A', 'Q0091', 'A', 'Dưới nếu với tôi trong cách vì.', FALSE, '2026-06-12 15:45:00'),
    ('QO0091B', 'Q0091', 'B', 'Là sau nhưng để lớn.', TRUE, '2026-06-12 15:45:00'),
    ('QO0091C', 'Q0091', 'C', 'Hơn vẫn cái các điều với khi.', FALSE, '2026-06-12 15:45:00'),
    ('QO0091D', 'Q0091', 'D', 'Nhưng cách giữa của không số cũng.', FALSE, '2026-06-12 15:45:00'),
    ('QO0093A', 'Q0093', 'A', 'Giữa thế bên với tại tại thế.', FALSE, '2026-06-12 15:45:00'),
    ('QO0093B', 'Q0093', 'B', 'Hơn cũng bên mỗi để với bạn vậy nếu được.', FALSE, '2026-06-12 15:45:00'),
    ('QO0093C', 'Q0093', 'C', 'Mà này của bên giữa chưa.', FALSE, '2026-06-12 15:45:00'),
    ('QO0093D', 'Q0093', 'D', 'Vì nào đang được đi dưới.', TRUE, '2026-06-12 15:45:00'),
    ('QO0094A', 'Q0094', 'A', 'Chưa nào cách có có tự như bên.', TRUE, '2026-06-12 15:45:00'),
    ('QO0094B', 'Q0094', 'B', 'Và vậy thế giữa nào hơn cách khiến không.', FALSE, '2026-06-12 15:45:00'),
    ('QO0094C', 'Q0094', 'C', 'Nhưng nhưng từng khi từng mà.', FALSE, '2026-06-12 15:45:00'),
    ('QO0094D', 'Q0094', 'D', 'Lớn đã hơn hơn của vài nếu nếu.', FALSE, '2026-06-12 15:45:00'),
    ('QO0095A', 'Q0095', 'A', 'Với đã trong chưa vài.', FALSE, '2026-06-12 15:45:00'),
    ('QO0095B', 'Q0095', 'B', 'Từng để để từ bạn về không sau.', FALSE, '2026-06-12 15:45:00'),
    ('QO0095C', 'Q0095', 'C', 'Nhiều được của là vài làm.', TRUE, '2026-06-12 15:45:00'),
    ('QO0095D', 'Q0095', 'D', 'Đúng từ cũng như đã có nhiều cũng.', FALSE, '2026-06-12 15:45:00'),
    ('QO0096A', 'Q0096', 'A', 'Thì thế giữa cũng của vậy của để.', TRUE, '2026-06-12 15:45:00'),
    ('QO0096B', 'Q0096', 'B', 'Trong đã cũng nào đúng các một cách.', FALSE, '2026-06-12 15:45:00'),
    ('QO0096C', 'Q0096', 'C', 'Mà tại các giống như từng.', FALSE, '2026-06-12 15:45:00'),
    ('QO0096D', 'Q0096', 'D', 'Như gần thế để nào như.', FALSE, '2026-06-12 15:45:00'),
    ('QO0097A', 'Q0097', 'A', 'Mỗi vài sau vậy hoặc.', TRUE, '2026-06-12 15:45:00'),
    ('QO0097B', 'Q0097', 'B', 'Nơi từ là từ khi các các vẫn.', FALSE, '2026-06-12 15:45:00'),
    ('QO0097C', 'Q0097', 'C', 'Vì người chỉ không trong có như vài để thế.', FALSE, '2026-06-12 15:45:00'),
    ('QO0097D', 'Q0097', 'D', 'Gần thế người lớn để của giống.', FALSE, '2026-06-12 15:45:00');

INSERT INTO exam_banks (id, code, exam_code, description, exam_time, explain, exam_day, is_note, hoc_ky_id, lop_hoc_phan_id, exam_matrix_id, active, created_at, updated_at, created_by) VALUES
    ('EB001', 'DT001', 'M001', 'Đề thi sinh tự động từ ngân hàng câu hỏi', 90, 'Sinh viên đọc kỹ đề trước khi làm bài', '2026-09-28 15:45:00', FALSE, 'HK011', 'LHP065', 'EM029', TRUE, '2026-06-12 15:45:00', '2026-06-12 15:45:00', NULL),
    ('EB002', 'DT002', 'M002', 'Đề thi sinh tự động từ ngân hàng câu hỏi', 90, 'Sinh viên đọc kỹ đề trước khi làm bài', '2026-07-22 15:45:00', TRUE, 'HK004', 'LHP024', 'EM009', TRUE, '2026-06-12 15:45:00', '2026-06-12 15:45:00', NULL),
    ('EB003', 'DT003', 'M003', 'Đề thi sinh tự động từ ngân hàng câu hỏi', 120, 'Sinh viên đọc kỹ đề trước khi làm bài', '2026-09-09 15:45:00', FALSE, 'HK008', 'LHP119', 'EM007', TRUE, '2026-06-12 15:45:00', '2026-06-12 15:45:00', NULL),
    ('EB004', 'DT004', 'M004', 'Đề thi sinh tự động từ ngân hàng câu hỏi', 90, 'Sinh viên đọc kỹ đề trước khi làm bài', '2026-07-20 15:45:00', TRUE, 'HK011', 'LHP028', 'EM009', TRUE, '2026-06-12 15:45:00', '2026-06-12 15:45:00', NULL),
    ('EB005', 'DT005', 'M005', 'Đề thi sinh tự động từ ngân hàng câu hỏi', 90, 'Sinh viên đọc kỹ đề trước khi làm bài', '2026-09-06 15:45:00', FALSE, 'HK007', 'LHP116', 'EM021', TRUE, '2026-06-12 15:45:00', '2026-06-12 15:45:00', NULL),
    ('EB006', 'DT006', 'M006', 'Đề thi sinh tự động từ ngân hàng câu hỏi', 45, 'Sinh viên đọc kỹ đề trước khi làm bài', '2026-07-16 15:45:00', TRUE, 'HK013', 'LHP074', 'EM028', TRUE, '2026-06-12 15:45:00', '2026-06-12 15:45:00', NULL),
    ('EB007', 'DT007', 'M007', 'Đề thi sinh tự động từ ngân hàng câu hỏi', 90, 'Sinh viên đọc kỹ đề trước khi làm bài', '2026-09-02 15:45:00', TRUE, 'HK011', 'LHP048', 'EM027', TRUE, '2026-06-12 15:45:00', '2026-06-12 15:45:00', NULL),
    ('EB008', 'DT008', 'M008', 'Đề thi sinh tự động từ ngân hàng câu hỏi', 120, 'Sinh viên đọc kỹ đề trước khi làm bài', '2026-06-18 15:45:00', FALSE, 'HK004', 'LHP010', 'EM006', TRUE, '2026-06-12 15:45:00', '2026-06-12 15:45:00', NULL),
    ('EB009', 'DT009', 'M009', 'Đề thi sinh tự động từ ngân hàng câu hỏi', 120, 'Sinh viên đọc kỹ đề trước khi làm bài', '2026-09-03 15:45:00', TRUE, 'HK012', 'LHP019', 'EM001', TRUE, '2026-06-12 15:45:00', '2026-06-12 15:45:00', NULL),
    ('EB010', 'DT010', 'M010', 'Đề thi sinh tự động từ ngân hàng câu hỏi', 120, 'Sinh viên đọc kỹ đề trước khi làm bài', '2026-07-21 15:45:00', FALSE, 'HK013', 'LHP009', 'EM009', TRUE, '2026-06-12 15:45:00', '2026-06-12 15:45:00', NULL),
    ('EB011', 'DT011', 'M011', 'Đề thi sinh tự động từ ngân hàng câu hỏi', 120, 'Sinh viên đọc kỹ đề trước khi làm bài', '2026-09-28 15:45:00', FALSE, 'HK005', 'LHP018', 'EM015', TRUE, '2026-06-12 15:45:00', '2026-06-12 15:45:00', NULL),
    ('EB012', 'DT012', 'M012', 'Đề thi sinh tự động từ ngân hàng câu hỏi', 90, 'Sinh viên đọc kỹ đề trước khi làm bài', '2026-07-17 15:45:00', FALSE, 'HK015', 'LHP042', 'EM011', TRUE, '2026-06-12 15:45:00', '2026-06-12 15:45:00', NULL),
    ('EB013', 'DT013', 'M013', 'Đề thi sinh tự động từ ngân hàng câu hỏi', 90, 'Sinh viên đọc kỹ đề trước khi làm bài', '2026-08-01 15:45:00', FALSE, 'HK001', 'LHP019', 'EM006', TRUE, '2026-06-12 15:45:00', '2026-06-12 15:45:00', NULL),
    ('EB014', 'DT014', 'M014', 'Đề thi sinh tự động từ ngân hàng câu hỏi', 90, 'Sinh viên đọc kỹ đề trước khi làm bài', '2026-09-06 15:45:00', FALSE, 'HK009', 'LHP038', 'EM002', TRUE, '2026-06-12 15:45:00', '2026-06-12 15:45:00', NULL),
    ('EB015', 'DT015', 'M015', 'Đề thi sinh tự động từ ngân hàng câu hỏi', 60, 'Sinh viên đọc kỹ đề trước khi làm bài', '2026-09-22 15:45:00', FALSE, 'HK009', 'LHP112', 'EM005', TRUE, '2026-06-12 15:45:00', '2026-06-12 15:45:00', NULL);

INSERT INTO exam_bank_questions (exam_bank_id, question_id, question_order, points) VALUES
    ('EB001', 'Q0063', 1, 0.25),
    ('EB001', 'Q0071', 2, 0.5),
    ('EB001', 'Q0016', 3, 1.0),
    ('EB001', 'Q0027', 4, 1.0),
    ('EB001', 'Q0060', 5, 1.0),
    ('EB001', 'Q0068', 6, 0.25),
    ('EB001', 'Q0023', 7, 0.5),
    ('EB001', 'Q0015', 8, 0.5),
    ('EB001', 'Q0001', 9, 0.5),
    ('EB001', 'Q0041', 10, 1.0),
    ('EB001', 'Q0030', 11, 0.25),
    ('EB001', 'Q0072', 12, 1.0),
    ('EB001', 'Q0073', 13, 0.25),
    ('EB001', 'Q0067', 14, 0.5),
    ('EB001', 'Q0090', 15, 0.25),
    ('EB001', 'Q0059', 16, 0.25),
    ('EB001', 'Q0005', 17, 0.5),
    ('EB001', 'Q0070', 18, 0.25),
    ('EB001', 'Q0088', 19, 1.0),
    ('EB001', 'Q0065', 20, 1.0),
    ('EB002', 'Q0002', 1, 0.25),
    ('EB002', 'Q0088', 2, 0.5),
    ('EB002', 'Q0040', 3, 0.5),
    ('EB002', 'Q0052', 4, 1.0),
    ('EB002', 'Q0098', 5, 0.5),
    ('EB002', 'Q0013', 6, 0.5),
    ('EB002', 'Q0077', 7, 0.25),
    ('EB002', 'Q0034', 8, 0.25),
    ('EB002', 'Q0018', 9, 0.5),
    ('EB002', 'Q0016', 10, 0.5),
    ('EB002', 'Q0003', 11, 1.0),
    ('EB002', 'Q0089', 12, 0.5),
    ('EB002', 'Q0009', 13, 1.0),
    ('EB002', 'Q0083', 14, 1.0),
    ('EB002', 'Q0046', 15, 0.25),
    ('EB002', 'Q0020', 16, 0.25),
    ('EB002', 'Q0063', 17, 0.25),
    ('EB002', 'Q0080', 18, 1.0),
    ('EB002', 'Q0008', 19, 0.25),
    ('EB002', 'Q0096', 20, 0.25),
    ('EB003', 'Q0036', 1, 0.25),
    ('EB003', 'Q0091', 2, 0.5),
    ('EB003', 'Q0033', 3, 0.5),
    ('EB003', 'Q0089', 4, 1.0),
    ('EB003', 'Q0006', 5, 1.0),
    ('EB003', 'Q0029', 6, 0.5),
    ('EB003', 'Q0030', 7, 0.5),
    ('EB003', 'Q0045', 8, 0.25),
    ('EB003', 'Q0098', 9, 0.25),
    ('EB003', 'Q0085', 10, 0.5),
    ('EB003', 'Q0012', 11, 1.0),
    ('EB003', 'Q0027', 12, 0.25),
    ('EB003', 'Q0016', 13, 0.25),
    ('EB003', 'Q0090', 14, 0.25),
    ('EB003', 'Q0095', 15, 0.25),
    ('EB003', 'Q0034', 16, 1.0),
    ('EB003', 'Q0008', 17, 1.0),
    ('EB003', 'Q0039', 18, 1.0),
    ('EB003', 'Q0076', 19, 0.5),
    ('EB003', 'Q0099', 20, 1.0),
    ('EB004', 'Q0078', 1, 1.0),
    ('EB004', 'Q0088', 2, 0.25),
    ('EB004', 'Q0043', 3, 0.25),
    ('EB004', 'Q0056', 4, 1.0),
    ('EB004', 'Q0025', 5, 1.0),
    ('EB004', 'Q0050', 6, 0.25),
    ('EB004', 'Q0005', 7, 0.5),
    ('EB004', 'Q0068', 8, 0.5),
    ('EB004', 'Q0084', 9, 0.5),
    ('EB004', 'Q0076', 10, 1.0),
    ('EB004', 'Q0048', 11, 0.5),
    ('EB004', 'Q0042', 12, 0.25),
    ('EB004', 'Q0074', 13, 0.5),
    ('EB004', 'Q0092', 14, 1.0),
    ('EB004', 'Q0001', 15, 0.25),
    ('EB004', 'Q0086', 16, 1.0),
    ('EB004', 'Q0085', 17, 1.0),
    ('EB004', 'Q0096', 18, 1.0),
    ('EB004', 'Q0055', 19, 0.5),
    ('EB004', 'Q0059', 20, 1.0),
    ('EB005', 'Q0074', 1, 0.25),
    ('EB005', 'Q0013', 2, 0.5),
    ('EB005', 'Q0022', 3, 1.0),
    ('EB005', 'Q0035', 4, 0.5),
    ('EB005', 'Q0071', 5, 1.0),
    ('EB005', 'Q0099', 6, 1.0),
    ('EB005', 'Q0098', 7, 1.0),
    ('EB005', 'Q0017', 8, 0.25),
    ('EB005', 'Q0096', 9, 0.5),
    ('EB005', 'Q0094', 10, 0.5),
    ('EB005', 'Q0024', 11, 0.25),
    ('EB005', 'Q0088', 12, 0.5),
    ('EB005', 'Q0092', 13, 0.5),
    ('EB005', 'Q0059', 14, 0.25),
    ('EB005', 'Q0034', 15, 0.5),
    ('EB005', 'Q0044', 16, 0.5),
    ('EB005', 'Q0073', 17, 0.25),
    ('EB005', 'Q0067', 18, 0.5),
    ('EB005', 'Q0029', 19, 1.0),
    ('EB005', 'Q0010', 20, 0.25),
    ('EB006', 'Q0041', 1, 1.0),
    ('EB006', 'Q0045', 2, 0.25),
    ('EB006', 'Q0087', 3, 1.0),
    ('EB006', 'Q0015', 4, 0.5),
    ('EB006', 'Q0002', 5, 1.0),
    ('EB006', 'Q0095', 6, 0.5),
    ('EB006', 'Q0056', 7, 0.25),
    ('EB006', 'Q0032', 8, 0.25),
    ('EB006', 'Q0048', 9, 0.5),
    ('EB006', 'Q0024', 10, 0.5),
    ('EB006', 'Q0052', 11, 0.5),
    ('EB006', 'Q0082', 12, 0.25),
    ('EB006', 'Q0030', 13, 0.5),
    ('EB006', 'Q0083', 14, 0.5),
    ('EB006', 'Q0057', 15, 0.5),
    ('EB006', 'Q0093', 16, 0.5),
    ('EB006', 'Q0040', 17, 0.25),
    ('EB006', 'Q0059', 18, 0.25),
    ('EB006', 'Q0086', 19, 0.5),
    ('EB006', 'Q0053', 20, 0.5),
    ('EB007', 'Q0034', 1, 1.0),
    ('EB007', 'Q0055', 2, 0.5),
    ('EB007', 'Q0010', 3, 0.25),
    ('EB007', 'Q0038', 4, 0.5),
    ('EB007', 'Q0059', 5, 0.5),
    ('EB007', 'Q0015', 6, 0.25),
    ('EB007', 'Q0067', 7, 0.25),
    ('EB007', 'Q0007', 8, 0.5),
    ('EB007', 'Q0092', 9, 0.5),
    ('EB007', 'Q0079', 10, 0.5),
    ('EB007', 'Q0039', 11, 1.0),
    ('EB007', 'Q0050', 12, 0.25),
    ('EB007', 'Q0052', 13, 0.25),
    ('EB007', 'Q0090', 14, 1.0),
    ('EB007', 'Q0022', 15, 0.5),
    ('EB007', 'Q0073', 16, 0.25),
    ('EB007', 'Q0057', 17, 0.5),
    ('EB007', 'Q0030', 18, 0.5),
    ('EB007', 'Q0035', 19, 0.5),
    ('EB007', 'Q0051', 20, 1.0),
    ('EB008', 'Q0096', 1, 0.25),
    ('EB008', 'Q0066', 2, 0.5),
    ('EB008', 'Q0092', 3, 1.0),
    ('EB008', 'Q0037', 4, 0.25),
    ('EB008', 'Q0076', 5, 0.5),
    ('EB008', 'Q0078', 6, 0.5),
    ('EB008', 'Q0002', 7, 1.0),
    ('EB008', 'Q0081', 8, 0.5),
    ('EB008', 'Q0067', 9, 0.25),
    ('EB008', 'Q0059', 10, 1.0),
    ('EB008', 'Q0018', 11, 1.0),
    ('EB008', 'Q0053', 12, 1.0),
    ('EB008', 'Q0032', 13, 1.0),
    ('EB008', 'Q0021', 14, 0.5),
    ('EB008', 'Q0093', 15, 0.25),
    ('EB008', 'Q0017', 16, 1.0),
    ('EB008', 'Q0034', 17, 0.5),
    ('EB008', 'Q0045', 18, 0.5),
    ('EB008', 'Q0015', 19, 0.25),
    ('EB008', 'Q0057', 20, 0.5),
    ('EB009', 'Q0072', 1, 1.0),
    ('EB009', 'Q0060', 2, 0.5),
    ('EB009', 'Q0023', 3, 0.25),
    ('EB009', 'Q0049', 4, 0.25),
    ('EB009', 'Q0051', 5, 1.0),
    ('EB009', 'Q0008', 6, 0.5),
    ('EB009', 'Q0095', 7, 0.25),
    ('EB009', 'Q0034', 8, 1.0),
    ('EB009', 'Q0017', 9, 1.0),
    ('EB009', 'Q0092', 10, 1.0),
    ('EB009', 'Q0019', 11, 0.25),
    ('EB009', 'Q0070', 12, 0.25),
    ('EB009', 'Q0055', 13, 0.5),
    ('EB009', 'Q0028', 14, 0.5),
    ('EB009', 'Q0053', 15, 0.25),
    ('EB009', 'Q0091', 16, 0.25),
    ('EB009', 'Q0050', 17, 0.5),
    ('EB009', 'Q0100', 18, 0.5),
    ('EB009', 'Q0089', 19, 0.5),
    ('EB009', 'Q0001', 20, 0.25),
    ('EB010', 'Q0044', 1, 0.5),
    ('EB010', 'Q0052', 2, 1.0),
    ('EB010', 'Q0086', 3, 0.5),
    ('EB010', 'Q0030', 4, 0.5),
    ('EB010', 'Q0058', 5, 0.25),
    ('EB010', 'Q0039', 6, 0.5),
    ('EB010', 'Q0008', 7, 1.0),
    ('EB010', 'Q0028', 8, 0.5),
    ('EB010', 'Q0038', 9, 1.0),
    ('EB010', 'Q0098', 10, 0.25),
    ('EB010', 'Q0012', 11, 1.0),
    ('EB010', 'Q0099', 12, 0.25),
    ('EB010', 'Q0073', 13, 0.25),
    ('EB010', 'Q0074', 14, 0.25),
    ('EB010', 'Q0054', 15, 0.25),
    ('EB010', 'Q0050', 16, 1.0),
    ('EB010', 'Q0011', 17, 0.5),
    ('EB010', 'Q0034', 18, 0.5),
    ('EB010', 'Q0006', 19, 0.25),
    ('EB010', 'Q0047', 20, 1.0),
    ('EB011', 'Q0040', 1, 0.5),
    ('EB011', 'Q0039', 2, 0.25),
    ('EB011', 'Q0060', 3, 0.25),
    ('EB011', 'Q0051', 4, 0.25),
    ('EB011', 'Q0098', 5, 1.0),
    ('EB011', 'Q0001', 6, 0.5),
    ('EB011', 'Q0075', 7, 1.0),
    ('EB011', 'Q0085', 8, 1.0),
    ('EB011', 'Q0093', 9, 0.25),
    ('EB011', 'Q0076', 10, 1.0),
    ('EB011', 'Q0023', 11, 1.0),
    ('EB011', 'Q0077', 12, 1.0),
    ('EB011', 'Q0073', 13, 0.5),
    ('EB011', 'Q0078', 14, 0.5),
    ('EB011', 'Q0047', 15, 0.25),
    ('EB011', 'Q0022', 16, 1.0),
    ('EB011', 'Q0097', 17, 0.25),
    ('EB011', 'Q0032', 18, 1.0),
    ('EB011', 'Q0080', 19, 0.5),
    ('EB011', 'Q0012', 20, 1.0),
    ('EB012', 'Q0013', 1, 0.5),
    ('EB012', 'Q0093', 2, 1.0),
    ('EB012', 'Q0015', 3, 1.0),
    ('EB012', 'Q0094', 4, 0.5),
    ('EB012', 'Q0059', 5, 0.25),
    ('EB012', 'Q0031', 6, 1.0),
    ('EB012', 'Q0023', 7, 0.5),
    ('EB012', 'Q0014', 8, 1.0),
    ('EB012', 'Q0010', 9, 0.25),
    ('EB012', 'Q0071', 10, 0.25),
    ('EB012', 'Q0065', 11, 1.0),
    ('EB012', 'Q0034', 12, 0.25),
    ('EB012', 'Q0096', 13, 1.0),
    ('EB012', 'Q0063', 14, 0.25),
    ('EB012', 'Q0077', 15, 0.5),
    ('EB012', 'Q0033', 16, 0.5),
    ('EB012', 'Q0098', 17, 0.5),
    ('EB012', 'Q0008', 18, 0.5),
    ('EB012', 'Q0006', 19, 0.5),
    ('EB012', 'Q0047', 20, 0.5),
    ('EB013', 'Q0078', 1, 1.0),
    ('EB013', 'Q0041', 2, 1.0),
    ('EB013', 'Q0030', 3, 0.5),
    ('EB013', 'Q0010', 4, 0.5),
    ('EB013', 'Q0089', 5, 0.5),
    ('EB013', 'Q0054', 6, 1.0),
    ('EB013', 'Q0095', 7, 0.25),
    ('EB013', 'Q0002', 8, 1.0),
    ('EB013', 'Q0037', 9, 0.25),
    ('EB013', 'Q0072', 10, 0.5),
    ('EB013', 'Q0003', 11, 0.5),
    ('EB013', 'Q0045', 12, 1.0),
    ('EB013', 'Q0100', 13, 0.25),
    ('EB013', 'Q0082', 14, 1.0),
    ('EB013', 'Q0092', 15, 0.5),
    ('EB013', 'Q0060', 16, 0.25),
    ('EB013', 'Q0061', 17, 0.25),
    ('EB013', 'Q0086', 18, 0.25),
    ('EB013', 'Q0090', 19, 1.0),
    ('EB013', 'Q0058', 20, 1.0),
    ('EB014', 'Q0074', 1, 1.0),
    ('EB014', 'Q0082', 2, 0.25),
    ('EB014', 'Q0009', 3, 0.5),
    ('EB014', 'Q0005', 4, 0.5),
    ('EB014', 'Q0073', 5, 0.25),
    ('EB014', 'Q0021', 6, 0.5),
    ('EB014', 'Q0014', 7, 0.5),
    ('EB014', 'Q0098', 8, 0.25),
    ('EB014', 'Q0090', 9, 1.0),
    ('EB014', 'Q0042', 10, 0.5),
    ('EB014', 'Q0019', 11, 0.25),
    ('EB014', 'Q0093', 12, 1.0),
    ('EB014', 'Q0013', 13, 0.25),
    ('EB014', 'Q0039', 14, 0.5),
    ('EB014', 'Q0062', 15, 0.25),
    ('EB014', 'Q0100', 16, 0.5),
    ('EB014', 'Q0028', 17, 0.25),
    ('EB014', 'Q0026', 18, 0.25),
    ('EB014', 'Q0092', 19, 0.25),
    ('EB014', 'Q0035', 20, 0.5),
    ('EB015', 'Q0096', 1, 1.0),
    ('EB015', 'Q0036', 2, 0.5),
    ('EB015', 'Q0013', 3, 0.5),
    ('EB015', 'Q0001', 4, 0.5),
    ('EB015', 'Q0062', 5, 0.5),
    ('EB015', 'Q0020', 6, 1.0),
    ('EB015', 'Q0070', 7, 1.0),
    ('EB015', 'Q0028', 8, 0.5),
    ('EB015', 'Q0094', 9, 1.0),
    ('EB015', 'Q0071', 10, 0.25),
    ('EB015', 'Q0064', 11, 1.0),
    ('EB015', 'Q0100', 12, 0.5),
    ('EB015', 'Q0029', 13, 1.0),
    ('EB015', 'Q0017', 14, 1.0),
    ('EB015', 'Q0012', 15, 0.25),
    ('EB015', 'Q0007', 16, 0.5),
    ('EB015', 'Q0088', 17, 1.0),
    ('EB015', 'Q0002', 18, 1.0),
    ('EB015', 'Q0078', 19, 0.5),
    ('EB015', 'Q0092', 20, 0.25);

INSERT INTO survey_topics (id, code, name, type, description, active, created_at, updated_at, created_by) VALUES
    ('ST001', 'CDKS001', 'Khảo sát chất lượng giảng dạy', 'course_feedback', 'Chủ đề khảo sát phục vụ cải tiến chất lượng', TRUE, '2026-06-12 15:45:00', '2026-06-12 15:45:00', NULL),
    ('ST002', 'CDKS002', 'Khảo sát học phần cuối kỳ', 'lecturer_feedback', 'Chủ đề khảo sát phục vụ cải tiến chất lượng', TRUE, '2026-06-12 15:45:00', '2026-06-12 15:45:00', NULL),
    ('ST003', 'CDKS003', 'Khảo sát dịch vụ đào tạo', 'service_feedback', 'Chủ đề khảo sát phục vụ cải tiến chất lượng', TRUE, '2026-06-12 15:45:00', '2026-06-12 15:45:00', NULL),
    ('ST004', 'CDKS004', 'Khảo sát cơ sở vật chất', 'general', 'Chủ đề khảo sát phục vụ cải tiến chất lượng', TRUE, '2026-06-12 15:45:00', '2026-06-12 15:45:00', NULL),
    ('ST005', 'CDKS005', 'Khảo sát hoạt động khảo thí', 'course_feedback', 'Chủ đề khảo sát phục vụ cải tiến chất lượng', TRUE, '2026-06-12 15:45:00', '2026-06-12 15:45:00', NULL),
    ('ST006', 'CDKS006', 'Khảo sát cố vấn học tập', 'lecturer_feedback', 'Chủ đề khảo sát phục vụ cải tiến chất lượng', TRUE, '2026-06-12 15:45:00', '2026-06-12 15:45:00', NULL),
    ('ST007', 'CDKS007', 'Khảo sát trải nghiệm sinh viên', 'service_feedback', 'Chủ đề khảo sát phục vụ cải tiến chất lượng', TRUE, '2026-06-12 15:45:00', '2026-06-12 15:45:00', NULL),
    ('ST008', 'CDKS008', 'Khảo sát chương trình đào tạo', 'general', 'Chủ đề khảo sát phục vụ cải tiến chất lượng', TRUE, '2026-06-12 15:45:00', '2026-06-12 15:45:00', NULL);

INSERT INTO survey_object_types (id, code, name, description, training_object_type_code, active, created_at, updated_at, created_by) VALUES
    ('SOT001', 'HV', 'Học viên', 'Đối tượng khảo sát là học viên/sinh viên', 'student', TRUE, '2026-06-12 15:45:00', '2026-06-12 15:45:00', NULL),
    ('SOT002', 'GV', 'Giảng viên', 'Đối tượng khảo sát là giảng viên', 'lecturer', TRUE, '2026-06-12 15:45:00', '2026-06-12 15:45:00', NULL),
    ('SOT003', 'CBQL', 'Cán bộ quản lý', 'Đối tượng khảo sát là cán bộ quản lý', 'staff', TRUE, '2026-06-12 15:45:00', '2026-06-12 15:45:00', NULL);

INSERT INTO cluster_surveys (id, code, name, description, survey_topic_id, active, created_at, updated_at, created_by) VALUES
    ('CS001', 'CUMKS001', 'Cụm khảo sát 1', 'Nhóm đối tượng khảo sát theo chủ đề', 'ST008', TRUE, '2026-06-12 15:45:00', '2026-06-12 15:45:00', NULL),
    ('CS002', 'CUMKS002', 'Cụm khảo sát 2', 'Nhóm đối tượng khảo sát theo chủ đề', 'ST006', TRUE, '2026-06-12 15:45:00', '2026-06-12 15:45:00', NULL),
    ('CS003', 'CUMKS003', 'Cụm khảo sát 3', 'Nhóm đối tượng khảo sát theo chủ đề', 'ST004', TRUE, '2026-06-12 15:45:00', '2026-06-12 15:45:00', NULL),
    ('CS004', 'CUMKS004', 'Cụm khảo sát 4', 'Nhóm đối tượng khảo sát theo chủ đề', 'ST007', TRUE, '2026-06-12 15:45:00', '2026-06-12 15:45:00', NULL),
    ('CS005', 'CUMKS005', 'Cụm khảo sát 5', 'Nhóm đối tượng khảo sát theo chủ đề', 'ST006', TRUE, '2026-06-12 15:45:00', '2026-06-12 15:45:00', NULL),
    ('CS006', 'CUMKS006', 'Cụm khảo sát 6', 'Nhóm đối tượng khảo sát theo chủ đề', 'ST008', TRUE, '2026-06-12 15:45:00', '2026-06-12 15:45:00', NULL),
    ('CS007', 'CUMKS007', 'Cụm khảo sát 7', 'Nhóm đối tượng khảo sát theo chủ đề', 'ST002', TRUE, '2026-06-12 15:45:00', '2026-06-12 15:45:00', NULL),
    ('CS008', 'CUMKS008', 'Cụm khảo sát 8', 'Nhóm đối tượng khảo sát theo chủ đề', 'ST004', TRUE, '2026-06-12 15:45:00', '2026-06-12 15:45:00', NULL),
    ('CS009', 'CUMKS009', 'Cụm khảo sát 9', 'Nhóm đối tượng khảo sát theo chủ đề', 'ST002', TRUE, '2026-06-12 15:45:00', '2026-06-12 15:45:00', NULL),
    ('CS010', 'CUMKS010', 'Cụm khảo sát 10', 'Nhóm đối tượng khảo sát theo chủ đề', 'ST005', TRUE, '2026-06-12 15:45:00', '2026-06-12 15:45:00', NULL),
    ('CS011', 'CUMKS011', 'Cụm khảo sát 11', 'Nhóm đối tượng khảo sát theo chủ đề', 'ST006', TRUE, '2026-06-12 15:45:00', '2026-06-12 15:45:00', NULL),
    ('CS012', 'CUMKS012', 'Cụm khảo sát 12', 'Nhóm đối tượng khảo sát theo chủ đề', 'ST006', TRUE, '2026-06-12 15:45:00', '2026-06-12 15:45:00', NULL);

INSERT INTO survey_question_groups (id, code, name, description, active, created_at, updated_at, created_by) VALUES
    ('SQG001', 'NCH001', 'Nội dung học phần', 'Nhóm câu hỏi dùng trong phiếu khảo sát', TRUE, '2026-06-12 15:45:00', '2026-06-12 15:45:00', NULL),
    ('SQG002', 'NCH002', 'Phương pháp giảng dạy', 'Nhóm câu hỏi dùng trong phiếu khảo sát', TRUE, '2026-06-12 15:45:00', '2026-06-12 15:45:00', NULL),
    ('SQG003', 'NCH003', 'Tài liệu học tập', 'Nhóm câu hỏi dùng trong phiếu khảo sát', TRUE, '2026-06-12 15:45:00', '2026-06-12 15:45:00', NULL),
    ('SQG004', 'NCH004', 'Cơ sở vật chất', 'Nhóm câu hỏi dùng trong phiếu khảo sát', TRUE, '2026-06-12 15:45:00', '2026-06-12 15:45:00', NULL),
    ('SQG005', 'NCH005', 'Tổ chức thi', 'Nhóm câu hỏi dùng trong phiếu khảo sát', TRUE, '2026-06-12 15:45:00', '2026-06-12 15:45:00', NULL),
    ('SQG006', 'NCH006', 'Thái độ phục vụ', 'Nhóm câu hỏi dùng trong phiếu khảo sát', TRUE, '2026-06-12 15:45:00', '2026-06-12 15:45:00', NULL),
    ('SQG007', 'NCH007', 'Mức độ hài lòng chung', 'Nhóm câu hỏi dùng trong phiếu khảo sát', TRUE, '2026-06-12 15:45:00', '2026-06-12 15:45:00', NULL),
    ('SQG008', 'NCH008', 'Đánh giá giảng viên', 'Nhóm câu hỏi dùng trong phiếu khảo sát', TRUE, '2026-06-12 15:45:00', '2026-06-12 15:45:00', NULL),
    ('SQG009', 'NCH009', 'Đánh giá đề thi', 'Nhóm câu hỏi dùng trong phiếu khảo sát', TRUE, '2026-06-12 15:45:00', '2026-06-12 15:45:00', NULL),
    ('SQG010', 'NCH010', 'Góp ý cải tiến', 'Nhóm câu hỏi dùng trong phiếu khảo sát', TRUE, '2026-06-12 15:45:00', '2026-06-12 15:45:00', NULL);

INSERT INTO survey_questions (id, code, name, type, description, survey_question_group_id, active, created_at, updated_at, created_by) VALUES
    ('SQ001', 'CHKS001', 'Phòng học và thiết bị hỗ trợ học tập đáp ứng nhu cầu?', 'rating', 'Câu hỏi khảo sát định kỳ', 'SQG010', TRUE, '2026-06-12 15:45:00', '2026-06-12 15:45:00', NULL),
    ('SQ002', 'CHKS002', 'Hình thức kiểm tra đánh giá phản ánh đúng năng lực người học?', 'single_choice', 'Câu hỏi khảo sát định kỳ', 'SQG003', TRUE, '2026-06-12 15:45:00', '2026-06-12 15:45:00', NULL),
    ('SQ003', 'CHKS003', 'Lịch thi được thông báo kịp thời và rõ ràng?', 'text', 'Câu hỏi khảo sát định kỳ', 'SQG001', TRUE, '2026-06-12 15:45:00', '2026-06-12 15:45:00', NULL),
    ('SQ004', 'CHKS004', 'Hình thức kiểm tra đánh giá phản ánh đúng năng lực người học?', 'text', 'Câu hỏi khảo sát định kỳ', 'SQG003', TRUE, '2026-06-12 15:45:00', '2026-06-12 15:45:00', NULL),
    ('SQ005', 'CHKS005', 'Bạn có góp ý gì để cải thiện học phần/dịch vụ?', 'multiple_choice', 'Câu hỏi khảo sát định kỳ', 'SQG001', TRUE, '2026-06-12 15:45:00', '2026-06-12 15:45:00', NULL),
    ('SQ006', 'CHKS006', 'Đề thi có độ khó phù hợp với nội dung đã học?', 'rating', 'Câu hỏi khảo sát định kỳ', 'SQG010', TRUE, '2026-06-12 15:45:00', '2026-06-12 15:45:00', NULL),
    ('SQ007', 'CHKS007', 'Lịch thi được thông báo kịp thời và rõ ràng?', 'single_choice', 'Câu hỏi khảo sát định kỳ', 'SQG006', TRUE, '2026-06-12 15:45:00', '2026-06-12 15:45:00', NULL),
    ('SQ008', 'CHKS008', 'Giảng viên trình bày bài học rõ ràng và dễ hiểu?', 'multiple_choice', 'Câu hỏi khảo sát định kỳ', 'SQG009', TRUE, '2026-06-12 15:45:00', '2026-06-12 15:45:00', NULL),
    ('SQ009', 'CHKS009', 'Đề thi có độ khó phù hợp với nội dung đã học?', 'multiple_choice', 'Câu hỏi khảo sát định kỳ', 'SQG009', TRUE, '2026-06-12 15:45:00', '2026-06-12 15:45:00', NULL),
    ('SQ010', 'CHKS010', 'Giảng viên trình bày bài học rõ ràng và dễ hiểu?', 'text', 'Câu hỏi khảo sát định kỳ', 'SQG008', TRUE, '2026-06-12 15:45:00', '2026-06-12 15:45:00', NULL),
    ('SQ011', 'CHKS011', 'Tài liệu học tập được cung cấp đầy đủ?', 'single_choice', 'Câu hỏi khảo sát định kỳ', 'SQG005', TRUE, '2026-06-12 15:45:00', '2026-06-12 15:45:00', NULL),
    ('SQ012', 'CHKS012', 'Lịch thi được thông báo kịp thời và rõ ràng?', 'single_choice', 'Câu hỏi khảo sát định kỳ', 'SQG008', TRUE, '2026-06-12 15:45:00', '2026-06-12 15:45:00', NULL),
    ('SQ013', 'CHKS013', 'Bạn hài lòng với trải nghiệm học tập của học phần này?', 'single_choice', 'Câu hỏi khảo sát định kỳ', 'SQG001', TRUE, '2026-06-12 15:45:00', '2026-06-12 15:45:00', NULL),
    ('SQ014', 'CHKS014', 'Lịch thi được thông báo kịp thời và rõ ràng?', 'text', 'Câu hỏi khảo sát định kỳ', 'SQG005', TRUE, '2026-06-12 15:45:00', '2026-06-12 15:45:00', NULL),
    ('SQ015', 'CHKS015', 'Bạn có góp ý gì để cải thiện học phần/dịch vụ?', 'single_choice', 'Câu hỏi khảo sát định kỳ', 'SQG006', TRUE, '2026-06-12 15:45:00', '2026-06-12 15:45:00', NULL),
    ('SQ016', 'CHKS016', 'Mức độ phù hợp của nội dung học phần với mục tiêu đào tạo?', 'single_choice', 'Câu hỏi khảo sát định kỳ', 'SQG008', TRUE, '2026-06-12 15:45:00', '2026-06-12 15:45:00', NULL),
    ('SQ017', 'CHKS017', 'Đề thi có độ khó phù hợp với nội dung đã học?', 'single_choice', 'Câu hỏi khảo sát định kỳ', 'SQG009', TRUE, '2026-06-12 15:45:00', '2026-06-12 15:45:00', NULL),
    ('SQ018', 'CHKS018', 'Mức độ phù hợp của nội dung học phần với mục tiêu đào tạo?', 'rating', 'Câu hỏi khảo sát định kỳ', 'SQG005', TRUE, '2026-06-12 15:45:00', '2026-06-12 15:45:00', NULL),
    ('SQ019', 'CHKS019', 'Giảng viên trình bày bài học rõ ràng và dễ hiểu?', 'single_choice', 'Câu hỏi khảo sát định kỳ', 'SQG002', TRUE, '2026-06-12 15:45:00', '2026-06-12 15:45:00', NULL),
    ('SQ020', 'CHKS020', 'Phòng học và thiết bị hỗ trợ học tập đáp ứng nhu cầu?', 'text', 'Câu hỏi khảo sát định kỳ', 'SQG004', TRUE, '2026-06-12 15:45:00', '2026-06-12 15:45:00', NULL),
    ('SQ021', 'CHKS021', 'Quy trình coi thi được tổ chức nghiêm túc?', 'multiple_choice', 'Câu hỏi khảo sát định kỳ', 'SQG009', TRUE, '2026-06-12 15:45:00', '2026-06-12 15:45:00', NULL),
    ('SQ022', 'CHKS022', 'Mức độ phù hợp của nội dung học phần với mục tiêu đào tạo?', 'single_choice', 'Câu hỏi khảo sát định kỳ', 'SQG003', TRUE, '2026-06-12 15:45:00', '2026-06-12 15:45:00', NULL),
    ('SQ023', 'CHKS023', 'Phòng học và thiết bị hỗ trợ học tập đáp ứng nhu cầu?', 'multiple_choice', 'Câu hỏi khảo sát định kỳ', 'SQG002', TRUE, '2026-06-12 15:45:00', '2026-06-12 15:45:00', NULL),
    ('SQ024', 'CHKS024', 'Giảng viên trình bày bài học rõ ràng và dễ hiểu?', 'single_choice', 'Câu hỏi khảo sát định kỳ', 'SQG010', TRUE, '2026-06-12 15:45:00', '2026-06-12 15:45:00', NULL),
    ('SQ025', 'CHKS025', 'Phòng học và thiết bị hỗ trợ học tập đáp ứng nhu cầu?', 'multiple_choice', 'Câu hỏi khảo sát định kỳ', 'SQG007', TRUE, '2026-06-12 15:45:00', '2026-06-12 15:45:00', NULL),
    ('SQ026', 'CHKS026', 'Quy trình coi thi được tổ chức nghiêm túc?', 'multiple_choice', 'Câu hỏi khảo sát định kỳ', 'SQG006', TRUE, '2026-06-12 15:45:00', '2026-06-12 15:45:00', NULL),
    ('SQ027', 'CHKS027', 'Bạn hài lòng với trải nghiệm học tập của học phần này?', 'text', 'Câu hỏi khảo sát định kỳ', 'SQG004', TRUE, '2026-06-12 15:45:00', '2026-06-12 15:45:00', NULL),
    ('SQ028', 'CHKS028', 'Tài liệu học tập được cung cấp đầy đủ?', 'text', 'Câu hỏi khảo sát định kỳ', 'SQG003', TRUE, '2026-06-12 15:45:00', '2026-06-12 15:45:00', NULL),
    ('SQ029', 'CHKS029', 'Lịch thi được thông báo kịp thời và rõ ràng?', 'single_choice', 'Câu hỏi khảo sát định kỳ', 'SQG008', TRUE, '2026-06-12 15:45:00', '2026-06-12 15:45:00', NULL),
    ('SQ030', 'CHKS030', 'Giảng viên trình bày bài học rõ ràng và dễ hiểu?', 'rating', 'Câu hỏi khảo sát định kỳ', 'SQG008', TRUE, '2026-06-12 15:45:00', '2026-06-12 15:45:00', NULL),
    ('SQ031', 'CHKS031', 'Đề thi có độ khó phù hợp với nội dung đã học?', 'text', 'Câu hỏi khảo sát định kỳ', 'SQG008', TRUE, '2026-06-12 15:45:00', '2026-06-12 15:45:00', NULL),
    ('SQ032', 'CHKS032', 'Quy trình coi thi được tổ chức nghiêm túc?', 'text', 'Câu hỏi khảo sát định kỳ', 'SQG010', TRUE, '2026-06-12 15:45:00', '2026-06-12 15:45:00', NULL),
    ('SQ033', 'CHKS033', 'Hình thức kiểm tra đánh giá phản ánh đúng năng lực người học?', 'text', 'Câu hỏi khảo sát định kỳ', 'SQG001', TRUE, '2026-06-12 15:45:00', '2026-06-12 15:45:00', NULL),
    ('SQ034', 'CHKS034', 'Quy trình coi thi được tổ chức nghiêm túc?', 'multiple_choice', 'Câu hỏi khảo sát định kỳ', 'SQG005', TRUE, '2026-06-12 15:45:00', '2026-06-12 15:45:00', NULL),
    ('SQ035', 'CHKS035', 'Quy trình coi thi được tổ chức nghiêm túc?', 'single_choice', 'Câu hỏi khảo sát định kỳ', 'SQG003', TRUE, '2026-06-12 15:45:00', '2026-06-12 15:45:00', NULL),
    ('SQ036', 'CHKS036', 'Mức độ phù hợp của nội dung học phần với mục tiêu đào tạo?', 'text', 'Câu hỏi khảo sát định kỳ', 'SQG009', TRUE, '2026-06-12 15:45:00', '2026-06-12 15:45:00', NULL),
    ('SQ037', 'CHKS037', 'Tài liệu học tập được cung cấp đầy đủ?', 'text', 'Câu hỏi khảo sát định kỳ', 'SQG009', TRUE, '2026-06-12 15:45:00', '2026-06-12 15:45:00', NULL),
    ('SQ038', 'CHKS038', 'Hình thức kiểm tra đánh giá phản ánh đúng năng lực người học?', 'single_choice', 'Câu hỏi khảo sát định kỳ', 'SQG007', TRUE, '2026-06-12 15:45:00', '2026-06-12 15:45:00', NULL),
    ('SQ039', 'CHKS039', 'Đề thi có độ khó phù hợp với nội dung đã học?', 'single_choice', 'Câu hỏi khảo sát định kỳ', 'SQG007', TRUE, '2026-06-12 15:45:00', '2026-06-12 15:45:00', NULL),
    ('SQ040', 'CHKS040', 'Hình thức kiểm tra đánh giá phản ánh đúng năng lực người học?', 'single_choice', 'Câu hỏi khảo sát định kỳ', 'SQG006', TRUE, '2026-06-12 15:45:00', '2026-06-12 15:45:00', NULL),
    ('SQ041', 'CHKS041', 'Hình thức kiểm tra đánh giá phản ánh đúng năng lực người học?', 'single_choice', 'Câu hỏi khảo sát định kỳ', 'SQG006', TRUE, '2026-06-12 15:45:00', '2026-06-12 15:45:00', NULL),
    ('SQ042', 'CHKS042', 'Bạn hài lòng với trải nghiệm học tập của học phần này?', 'rating', 'Câu hỏi khảo sát định kỳ', 'SQG009', TRUE, '2026-06-12 15:45:00', '2026-06-12 15:45:00', NULL),
    ('SQ043', 'CHKS043', 'Giảng viên trình bày bài học rõ ràng và dễ hiểu?', 'multiple_choice', 'Câu hỏi khảo sát định kỳ', 'SQG006', TRUE, '2026-06-12 15:45:00', '2026-06-12 15:45:00', NULL),
    ('SQ044', 'CHKS044', 'Mức độ phù hợp của nội dung học phần với mục tiêu đào tạo?', 'multiple_choice', 'Câu hỏi khảo sát định kỳ', 'SQG008', TRUE, '2026-06-12 15:45:00', '2026-06-12 15:45:00', NULL),
    ('SQ045', 'CHKS045', 'Phòng học và thiết bị hỗ trợ học tập đáp ứng nhu cầu?', 'multiple_choice', 'Câu hỏi khảo sát định kỳ', 'SQG009', TRUE, '2026-06-12 15:45:00', '2026-06-12 15:45:00', NULL),
    ('SQ046', 'CHKS046', 'Đề thi có độ khó phù hợp với nội dung đã học?', 'rating', 'Câu hỏi khảo sát định kỳ', 'SQG006', TRUE, '2026-06-12 15:45:00', '2026-06-12 15:45:00', NULL),
    ('SQ047', 'CHKS047', 'Giảng viên trình bày bài học rõ ràng và dễ hiểu?', 'rating', 'Câu hỏi khảo sát định kỳ', 'SQG007', TRUE, '2026-06-12 15:45:00', '2026-06-12 15:45:00', NULL),
    ('SQ048', 'CHKS048', 'Giảng viên trình bày bài học rõ ràng và dễ hiểu?', 'text', 'Câu hỏi khảo sát định kỳ', 'SQG007', TRUE, '2026-06-12 15:45:00', '2026-06-12 15:45:00', NULL),
    ('SQ049', 'CHKS049', 'Giảng viên trình bày bài học rõ ràng và dễ hiểu?', 'rating', 'Câu hỏi khảo sát định kỳ', 'SQG003', TRUE, '2026-06-12 15:45:00', '2026-06-12 15:45:00', NULL),
    ('SQ050', 'CHKS050', 'Phòng học và thiết bị hỗ trợ học tập đáp ứng nhu cầu?', 'rating', 'Câu hỏi khảo sát định kỳ', 'SQG009', TRUE, '2026-06-12 15:45:00', '2026-06-12 15:45:00', NULL),
    ('SQ051', 'CHKS051', 'Quy trình coi thi được tổ chức nghiêm túc?', 'rating', 'Câu hỏi khảo sát định kỳ', 'SQG004', TRUE, '2026-06-12 15:45:00', '2026-06-12 15:45:00', NULL),
    ('SQ052', 'CHKS052', 'Quy trình coi thi được tổ chức nghiêm túc?', 'multiple_choice', 'Câu hỏi khảo sát định kỳ', 'SQG010', TRUE, '2026-06-12 15:45:00', '2026-06-12 15:45:00', NULL),
    ('SQ053', 'CHKS053', 'Quy trình coi thi được tổ chức nghiêm túc?', 'rating', 'Câu hỏi khảo sát định kỳ', 'SQG004', TRUE, '2026-06-12 15:45:00', '2026-06-12 15:45:00', NULL),
    ('SQ054', 'CHKS054', 'Lịch thi được thông báo kịp thời và rõ ràng?', 'text', 'Câu hỏi khảo sát định kỳ', 'SQG002', TRUE, '2026-06-12 15:45:00', '2026-06-12 15:45:00', NULL),
    ('SQ055', 'CHKS055', 'Bạn hài lòng với trải nghiệm học tập của học phần này?', 'text', 'Câu hỏi khảo sát định kỳ', 'SQG010', TRUE, '2026-06-12 15:45:00', '2026-06-12 15:45:00', NULL),
    ('SQ056', 'CHKS056', 'Tài liệu học tập được cung cấp đầy đủ?', 'multiple_choice', 'Câu hỏi khảo sát định kỳ', 'SQG003', TRUE, '2026-06-12 15:45:00', '2026-06-12 15:45:00', NULL),
    ('SQ057', 'CHKS057', 'Giảng viên trình bày bài học rõ ràng và dễ hiểu?', 'multiple_choice', 'Câu hỏi khảo sát định kỳ', 'SQG009', TRUE, '2026-06-12 15:45:00', '2026-06-12 15:45:00', NULL),
    ('SQ058', 'CHKS058', 'Quy trình coi thi được tổ chức nghiêm túc?', 'text', 'Câu hỏi khảo sát định kỳ', 'SQG007', TRUE, '2026-06-12 15:45:00', '2026-06-12 15:45:00', NULL),
    ('SQ059', 'CHKS059', 'Hình thức kiểm tra đánh giá phản ánh đúng năng lực người học?', 'rating', 'Câu hỏi khảo sát định kỳ', 'SQG004', TRUE, '2026-06-12 15:45:00', '2026-06-12 15:45:00', NULL),
    ('SQ060', 'CHKS060', 'Bạn hài lòng với trải nghiệm học tập của học phần này?', 'single_choice', 'Câu hỏi khảo sát định kỳ', 'SQG008', TRUE, '2026-06-12 15:45:00', '2026-06-12 15:45:00', NULL);

INSERT INTO surveys (id, code, name, description, start_date, end_date, is_public, anonymous, survey_topic_id, cluster_survey_id, survey_object_type_id, active, created_at, updated_at, created_by) VALUES
    ('SV001', 'KS001', 'Khảo sát học kỳ 1 - 1', 'Đợt khảo sát lấy ý kiến người học', '2026-07-10 15:45:00', '2026-08-09 15:45:00', TRUE, TRUE, 'ST002', 'CS009', 'SOT002', TRUE, '2026-06-12 15:45:00', '2026-06-12 15:45:00', NULL),
    ('SV002', 'KS002', 'Khảo sát học kỳ hè - 2', 'Đợt khảo sát lấy ý kiến người học', '2026-04-27 15:45:00', '2026-05-07 15:45:00', TRUE, FALSE, 'ST004', 'CS002', 'SOT003', TRUE, '2026-06-12 15:45:00', '2026-06-12 15:45:00', NULL),
    ('SV003', 'KS003', 'Khảo sát học kỳ hè - 3', 'Đợt khảo sát lấy ý kiến người học', '2026-05-26 15:45:00', '2026-06-23 15:45:00', FALSE, TRUE, 'ST004', 'CS005', 'SOT001', TRUE, '2026-06-12 15:45:00', '2026-06-12 15:45:00', NULL),
    ('SV004', 'KS004', 'Khảo sát học kỳ 2 - 4', 'Đợt khảo sát lấy ý kiến người học', '2026-05-30 15:45:00', '2026-06-24 15:45:00', TRUE, TRUE, 'ST007', 'CS004', 'SOT002', TRUE, '2026-06-12 15:45:00', '2026-06-12 15:45:00', NULL),
    ('SV005', 'KS005', 'Khảo sát học kỳ hè - 5', 'Đợt khảo sát lấy ý kiến người học', '2026-05-07 15:45:00', '2026-06-17 15:45:00', TRUE, FALSE, 'ST008', 'CS009', 'SOT003', TRUE, '2026-06-12 15:45:00', '2026-06-12 15:45:00', NULL),
    ('SV006', 'KS006', 'Khảo sát học kỳ hè - 6', 'Đợt khảo sát lấy ý kiến người học', '2026-06-26 15:45:00', '2026-07-08 15:45:00', TRUE, TRUE, 'ST006', 'CS001', 'SOT003', TRUE, '2026-06-12 15:45:00', '2026-06-12 15:45:00', NULL),
    ('SV007', 'KS007', 'Khảo sát học kỳ hè - 7', 'Đợt khảo sát lấy ý kiến người học', '2026-07-01 15:45:00', '2026-08-01 15:45:00', FALSE, TRUE, 'ST006', 'CS004', 'SOT002', TRUE, '2026-06-12 15:45:00', '2026-06-12 15:45:00', NULL),
    ('SV008', 'KS008', 'Khảo sát học kỳ 2 - 8', 'Đợt khảo sát lấy ý kiến người học', '2026-04-29 15:45:00', '2026-05-20 15:45:00', TRUE, FALSE, 'ST002', 'CS001', 'SOT001', TRUE, '2026-06-12 15:45:00', '2026-06-12 15:45:00', NULL),
    ('SV009', 'KS009', 'Khảo sát học kỳ 1 - 9', 'Đợt khảo sát lấy ý kiến người học', '2026-05-19 15:45:00', '2026-06-29 15:45:00', TRUE, FALSE, 'ST001', 'CS004', 'SOT002', TRUE, '2026-06-12 15:45:00', '2026-06-12 15:45:00', NULL),
    ('SV010', 'KS010', 'Khảo sát học kỳ 1 - 10', 'Đợt khảo sát lấy ý kiến người học', '2026-06-18 15:45:00', '2026-07-26 15:45:00', FALSE, FALSE, 'ST008', 'CS008', 'SOT003', TRUE, '2026-06-12 15:45:00', '2026-06-12 15:45:00', NULL),
    ('SV011', 'KS011', 'Khảo sát học kỳ hè - 11', 'Đợt khảo sát lấy ý kiến người học', '2026-07-01 15:45:00', '2026-08-08 15:45:00', TRUE, TRUE, 'ST001', 'CS002', 'SOT002', TRUE, '2026-06-12 15:45:00', '2026-06-12 15:45:00', NULL),
    ('SV012', 'KS012', 'Khảo sát học kỳ hè - 12', 'Đợt khảo sát lấy ý kiến người học', '2026-06-06 15:45:00', '2026-07-12 15:45:00', FALSE, FALSE, 'ST004', 'CS001', 'SOT002', TRUE, '2026-06-12 15:45:00', '2026-06-12 15:45:00', NULL),
    ('SV013', 'KS013', 'Khảo sát học kỳ 1 - 13', 'Đợt khảo sát lấy ý kiến người học', '2026-06-07 15:45:00', '2026-06-25 15:45:00', TRUE, TRUE, 'ST005', 'CS005', 'SOT001', TRUE, '2026-06-12 15:45:00', '2026-06-12 15:45:00', NULL),
    ('SV014', 'KS014', 'Khảo sát học kỳ 1 - 14', 'Đợt khảo sát lấy ý kiến người học', '2026-04-15 15:45:00', '2026-04-29 15:45:00', TRUE, TRUE, 'ST006', 'CS011', 'SOT001', TRUE, '2026-06-12 15:45:00', '2026-06-12 15:45:00', NULL),
    ('SV015', 'KS015', 'Khảo sát học kỳ hè - 15', 'Đợt khảo sát lấy ý kiến người học', '2026-06-24 15:45:00', '2026-07-15 15:45:00', FALSE, TRUE, 'ST003', 'CS011', 'SOT002', TRUE, '2026-06-12 15:45:00', '2026-06-12 15:45:00', NULL);

INSERT INTO survey_sessions (id, code, survey_id, user_id, hoc_vien_id, survey_object_type_id, is_completed, completed_at, description, active, created_at, updated_at, created_by) VALUES
    ('SS0001', 'PHKS0001', 'SV010', NULL, 'HV028', 'SOT001', TRUE, '2026-06-12 15:45:00', 'Phiên làm khảo sát', TRUE, '2026-06-12 15:45:00', '2026-06-12 15:45:00', NULL),
    ('SS0002', 'PHKS0002', 'SV005', NULL, 'HV021', 'SOT001', FALSE, NULL, 'Phiên làm khảo sát', TRUE, '2026-06-12 15:45:00', '2026-06-12 15:45:00', NULL),
    ('SS0003', 'PHKS0003', 'SV003', NULL, 'HV012', 'SOT001', TRUE, '2026-06-12 15:45:00', 'Phiên làm khảo sát', TRUE, '2026-06-12 15:45:00', '2026-06-12 15:45:00', NULL),
    ('SS0004', 'PHKS0004', 'SV001', NULL, 'HV036', 'SOT001', TRUE, '2026-06-12 15:45:00', 'Phiên làm khảo sát', TRUE, '2026-06-12 15:45:00', '2026-06-12 15:45:00', NULL),
    ('SS0005', 'PHKS0005', 'SV008', NULL, 'HV001', 'SOT001', FALSE, NULL, 'Phiên làm khảo sát', TRUE, '2026-06-12 15:45:00', '2026-06-12 15:45:00', NULL),
    ('SS0006', 'PHKS0006', 'SV010', NULL, 'HV024', 'SOT001', TRUE, '2026-06-12 15:45:00', 'Phiên làm khảo sát', TRUE, '2026-06-12 15:45:00', '2026-06-12 15:45:00', NULL),
    ('SS0007', 'PHKS0007', 'SV006', NULL, 'HV012', 'SOT001', FALSE, NULL, 'Phiên làm khảo sát', TRUE, '2026-06-12 15:45:00', '2026-06-12 15:45:00', NULL),
    ('SS0008', 'PHKS0008', 'SV009', NULL, 'HV027', 'SOT001', TRUE, '2026-06-12 15:45:00', 'Phiên làm khảo sát', TRUE, '2026-06-12 15:45:00', '2026-06-12 15:45:00', NULL),
    ('SS0009', 'PHKS0009', 'SV001', NULL, 'HV025', 'SOT001', TRUE, '2026-06-12 15:45:00', 'Phiên làm khảo sát', TRUE, '2026-06-12 15:45:00', '2026-06-12 15:45:00', NULL),
    ('SS0010', 'PHKS0010', 'SV001', NULL, 'HV041', 'SOT001', FALSE, NULL, 'Phiên làm khảo sát', TRUE, '2026-06-12 15:45:00', '2026-06-12 15:45:00', NULL),
    ('SS0011', 'PHKS0011', 'SV013', NULL, 'HV034', 'SOT001', TRUE, '2026-06-12 15:45:00', 'Phiên làm khảo sát', TRUE, '2026-06-12 15:45:00', '2026-06-12 15:45:00', NULL),
    ('SS0012', 'PHKS0012', 'SV001', NULL, 'HV035', 'SOT001', TRUE, '2026-06-12 15:45:00', 'Phiên làm khảo sát', TRUE, '2026-06-12 15:45:00', '2026-06-12 15:45:00', NULL),
    ('SS0013', 'PHKS0013', 'SV001', NULL, 'HV045', 'SOT001', TRUE, '2026-06-12 15:45:00', 'Phiên làm khảo sát', TRUE, '2026-06-12 15:45:00', '2026-06-12 15:45:00', NULL),
    ('SS0014', 'PHKS0014', 'SV010', NULL, 'HV048', 'SOT001', FALSE, NULL, 'Phiên làm khảo sát', TRUE, '2026-06-12 15:45:00', '2026-06-12 15:45:00', NULL),
    ('SS0015', 'PHKS0015', 'SV001', NULL, 'HV014', 'SOT001', TRUE, '2026-06-12 15:45:00', 'Phiên làm khảo sát', TRUE, '2026-06-12 15:45:00', '2026-06-12 15:45:00', NULL),
    ('SS0016', 'PHKS0016', 'SV010', NULL, 'HV015', 'SOT001', TRUE, '2026-06-12 15:45:00', 'Phiên làm khảo sát', TRUE, '2026-06-12 15:45:00', '2026-06-12 15:45:00', NULL),
    ('SS0017', 'PHKS0017', 'SV010', NULL, 'HV008', 'SOT001', TRUE, '2026-06-12 15:45:00', 'Phiên làm khảo sát', TRUE, '2026-06-12 15:45:00', '2026-06-12 15:45:00', NULL),
    ('SS0018', 'PHKS0018', 'SV006', NULL, 'HV022', 'SOT001', TRUE, '2026-06-12 15:45:00', 'Phiên làm khảo sát', TRUE, '2026-06-12 15:45:00', '2026-06-12 15:45:00', NULL),
    ('SS0019', 'PHKS0019', 'SV012', NULL, 'HV028', 'SOT001', FALSE, NULL, 'Phiên làm khảo sát', TRUE, '2026-06-12 15:45:00', '2026-06-12 15:45:00', NULL),
    ('SS0020', 'PHKS0020', 'SV002', NULL, 'HV018', 'SOT001', FALSE, NULL, 'Phiên làm khảo sát', TRUE, '2026-06-12 15:45:00', '2026-06-12 15:45:00', NULL),
    ('SS0021', 'PHKS0021', 'SV004', NULL, 'HV032', 'SOT001', TRUE, '2026-06-12 15:45:00', 'Phiên làm khảo sát', TRUE, '2026-06-12 15:45:00', '2026-06-12 15:45:00', NULL),
    ('SS0022', 'PHKS0022', 'SV007', NULL, 'HV007', 'SOT001', TRUE, '2026-06-12 15:45:00', 'Phiên làm khảo sát', TRUE, '2026-06-12 15:45:00', '2026-06-12 15:45:00', NULL),
    ('SS0023', 'PHKS0023', 'SV015', NULL, 'HV017', 'SOT001', FALSE, NULL, 'Phiên làm khảo sát', TRUE, '2026-06-12 15:45:00', '2026-06-12 15:45:00', NULL),
    ('SS0024', 'PHKS0024', 'SV001', NULL, 'HV034', 'SOT001', TRUE, '2026-06-12 15:45:00', 'Phiên làm khảo sát', TRUE, '2026-06-12 15:45:00', '2026-06-12 15:45:00', NULL),
    ('SS0025', 'PHKS0025', 'SV007', NULL, 'HV019', 'SOT001', TRUE, '2026-06-12 15:45:00', 'Phiên làm khảo sát', TRUE, '2026-06-12 15:45:00', '2026-06-12 15:45:00', NULL),
    ('SS0026', 'PHKS0026', 'SV002', NULL, 'HV033', 'SOT001', TRUE, '2026-06-12 15:45:00', 'Phiên làm khảo sát', TRUE, '2026-06-12 15:45:00', '2026-06-12 15:45:00', NULL),
    ('SS0027', 'PHKS0027', 'SV013', NULL, 'HV001', 'SOT001', FALSE, NULL, 'Phiên làm khảo sát', TRUE, '2026-06-12 15:45:00', '2026-06-12 15:45:00', NULL),
    ('SS0028', 'PHKS0028', 'SV011', NULL, 'HV032', 'SOT001', TRUE, '2026-06-12 15:45:00', 'Phiên làm khảo sát', TRUE, '2026-06-12 15:45:00', '2026-06-12 15:45:00', NULL),
    ('SS0029', 'PHKS0029', 'SV013', NULL, 'HV032', 'SOT001', TRUE, '2026-06-12 15:45:00', 'Phiên làm khảo sát', TRUE, '2026-06-12 15:45:00', '2026-06-12 15:45:00', NULL),
    ('SS0030', 'PHKS0030', 'SV007', NULL, 'HV020', 'SOT001', TRUE, '2026-06-12 15:45:00', 'Phiên làm khảo sát', TRUE, '2026-06-12 15:45:00', '2026-06-12 15:45:00', NULL),
    ('SS0031', 'PHKS0031', 'SV010', NULL, 'HV023', 'SOT001', FALSE, NULL, 'Phiên làm khảo sát', TRUE, '2026-06-12 15:45:00', '2026-06-12 15:45:00', NULL),
    ('SS0032', 'PHKS0032', 'SV008', NULL, 'HV019', 'SOT001', TRUE, '2026-06-12 15:45:00', 'Phiên làm khảo sát', TRUE, '2026-06-12 15:45:00', '2026-06-12 15:45:00', NULL),
    ('SS0033', 'PHKS0033', 'SV008', NULL, 'HV020', 'SOT001', TRUE, '2026-06-12 15:45:00', 'Phiên làm khảo sát', TRUE, '2026-06-12 15:45:00', '2026-06-12 15:45:00', NULL),
    ('SS0034', 'PHKS0034', 'SV008', NULL, 'HV021', 'SOT001', TRUE, '2026-06-12 15:45:00', 'Phiên làm khảo sát', TRUE, '2026-06-12 15:45:00', '2026-06-12 15:45:00', NULL),
    ('SS0035', 'PHKS0035', 'SV006', NULL, 'HV010', 'SOT001', TRUE, '2026-06-12 15:45:00', 'Phiên làm khảo sát', TRUE, '2026-06-12 15:45:00', '2026-06-12 15:45:00', NULL),
    ('SS0036', 'PHKS0036', 'SV008', NULL, 'HV005', 'SOT001', TRUE, '2026-06-12 15:45:00', 'Phiên làm khảo sát', TRUE, '2026-06-12 15:45:00', '2026-06-12 15:45:00', NULL),
    ('SS0037', 'PHKS0037', 'SV005', NULL, 'HV007', 'SOT001', TRUE, '2026-06-12 15:45:00', 'Phiên làm khảo sát', TRUE, '2026-06-12 15:45:00', '2026-06-12 15:45:00', NULL),
    ('SS0038', 'PHKS0038', 'SV008', NULL, 'HV049', 'SOT001', TRUE, '2026-06-12 15:45:00', 'Phiên làm khảo sát', TRUE, '2026-06-12 15:45:00', '2026-06-12 15:45:00', NULL),
    ('SS0039', 'PHKS0039', 'SV003', NULL, 'HV044', 'SOT001', TRUE, '2026-06-12 15:45:00', 'Phiên làm khảo sát', TRUE, '2026-06-12 15:45:00', '2026-06-12 15:45:00', NULL),
    ('SS0040', 'PHKS0040', 'SV002', NULL, 'HV025', 'SOT001', TRUE, '2026-06-12 15:45:00', 'Phiên làm khảo sát', TRUE, '2026-06-12 15:45:00', '2026-06-12 15:45:00', NULL),
    ('SS0041', 'PHKS0041', 'SV009', NULL, 'HV012', 'SOT001', FALSE, NULL, 'Phiên làm khảo sát', TRUE, '2026-06-12 15:45:00', '2026-06-12 15:45:00', NULL),
    ('SS0042', 'PHKS0042', 'SV011', NULL, 'HV005', 'SOT001', TRUE, '2026-06-12 15:45:00', 'Phiên làm khảo sát', TRUE, '2026-06-12 15:45:00', '2026-06-12 15:45:00', NULL),
    ('SS0043', 'PHKS0043', 'SV010', NULL, 'HV050', 'SOT001', TRUE, '2026-06-12 15:45:00', 'Phiên làm khảo sát', TRUE, '2026-06-12 15:45:00', '2026-06-12 15:45:00', NULL),
    ('SS0044', 'PHKS0044', 'SV007', NULL, 'HV007', 'SOT001', TRUE, '2026-06-12 15:45:00', 'Phiên làm khảo sát', TRUE, '2026-06-12 15:45:00', '2026-06-12 15:45:00', NULL),
    ('SS0045', 'PHKS0045', 'SV013', NULL, 'HV013', 'SOT001', TRUE, '2026-06-12 15:45:00', 'Phiên làm khảo sát', TRUE, '2026-06-12 15:45:00', '2026-06-12 15:45:00', NULL),
    ('SS0046', 'PHKS0046', 'SV005', NULL, 'HV016', 'SOT001', TRUE, '2026-06-12 15:45:00', 'Phiên làm khảo sát', TRUE, '2026-06-12 15:45:00', '2026-06-12 15:45:00', NULL),
    ('SS0047', 'PHKS0047', 'SV009', NULL, 'HV022', 'SOT001', FALSE, NULL, 'Phiên làm khảo sát', TRUE, '2026-06-12 15:45:00', '2026-06-12 15:45:00', NULL),
    ('SS0048', 'PHKS0048', 'SV012', NULL, 'HV031', 'SOT001', TRUE, '2026-06-12 15:45:00', 'Phiên làm khảo sát', TRUE, '2026-06-12 15:45:00', '2026-06-12 15:45:00', NULL),
    ('SS0049', 'PHKS0049', 'SV011', NULL, 'HV019', 'SOT001', TRUE, '2026-06-12 15:45:00', 'Phiên làm khảo sát', TRUE, '2026-06-12 15:45:00', '2026-06-12 15:45:00', NULL),
    ('SS0050', 'PHKS0050', 'SV014', NULL, 'HV021', 'SOT001', TRUE, '2026-06-12 15:45:00', 'Phiên làm khảo sát', TRUE, '2026-06-12 15:45:00', '2026-06-12 15:45:00', NULL),
    ('SS0051', 'PHKS0051', 'SV013', NULL, 'HV038', 'SOT001', FALSE, NULL, 'Phiên làm khảo sát', TRUE, '2026-06-12 15:45:00', '2026-06-12 15:45:00', NULL),
    ('SS0052', 'PHKS0052', 'SV009', NULL, 'HV007', 'SOT001', TRUE, '2026-06-12 15:45:00', 'Phiên làm khảo sát', TRUE, '2026-06-12 15:45:00', '2026-06-12 15:45:00', NULL),
    ('SS0053', 'PHKS0053', 'SV010', NULL, 'HV023', 'SOT001', FALSE, NULL, 'Phiên làm khảo sát', TRUE, '2026-06-12 15:45:00', '2026-06-12 15:45:00', NULL),
    ('SS0054', 'PHKS0054', 'SV013', NULL, 'HV025', 'SOT001', TRUE, '2026-06-12 15:45:00', 'Phiên làm khảo sát', TRUE, '2026-06-12 15:45:00', '2026-06-12 15:45:00', NULL),
    ('SS0055', 'PHKS0055', 'SV008', NULL, 'HV019', 'SOT001', FALSE, NULL, 'Phiên làm khảo sát', TRUE, '2026-06-12 15:45:00', '2026-06-12 15:45:00', NULL),
    ('SS0056', 'PHKS0056', 'SV005', NULL, 'HV009', 'SOT001', TRUE, '2026-06-12 15:45:00', 'Phiên làm khảo sát', TRUE, '2026-06-12 15:45:00', '2026-06-12 15:45:00', NULL),
    ('SS0057', 'PHKS0057', 'SV001', NULL, 'HV029', 'SOT001', TRUE, '2026-06-12 15:45:00', 'Phiên làm khảo sát', TRUE, '2026-06-12 15:45:00', '2026-06-12 15:45:00', NULL),
    ('SS0058', 'PHKS0058', 'SV006', NULL, 'HV040', 'SOT001', FALSE, NULL, 'Phiên làm khảo sát', TRUE, '2026-06-12 15:45:00', '2026-06-12 15:45:00', NULL),
    ('SS0059', 'PHKS0059', 'SV015', NULL, 'HV041', 'SOT001', TRUE, '2026-06-12 15:45:00', 'Phiên làm khảo sát', TRUE, '2026-06-12 15:45:00', '2026-06-12 15:45:00', NULL),
    ('SS0060', 'PHKS0060', 'SV005', NULL, 'HV021', 'SOT001', TRUE, '2026-06-12 15:45:00', 'Phiên làm khảo sát', TRUE, '2026-06-12 15:45:00', '2026-06-12 15:45:00', NULL),
    ('SS0061', 'PHKS0061', 'SV004', NULL, 'HV009', 'SOT001', TRUE, '2026-06-12 15:45:00', 'Phiên làm khảo sát', TRUE, '2026-06-12 15:45:00', '2026-06-12 15:45:00', NULL),
    ('SS0062', 'PHKS0062', 'SV012', NULL, 'HV012', 'SOT001', TRUE, '2026-06-12 15:45:00', 'Phiên làm khảo sát', TRUE, '2026-06-12 15:45:00', '2026-06-12 15:45:00', NULL),
    ('SS0063', 'PHKS0063', 'SV003', NULL, 'HV023', 'SOT001', TRUE, '2026-06-12 15:45:00', 'Phiên làm khảo sát', TRUE, '2026-06-12 15:45:00', '2026-06-12 15:45:00', NULL),
    ('SS0064', 'PHKS0064', 'SV015', NULL, 'HV015', 'SOT001', FALSE, NULL, 'Phiên làm khảo sát', TRUE, '2026-06-12 15:45:00', '2026-06-12 15:45:00', NULL),
    ('SS0065', 'PHKS0065', 'SV009', NULL, 'HV025', 'SOT001', TRUE, '2026-06-12 15:45:00', 'Phiên làm khảo sát', TRUE, '2026-06-12 15:45:00', '2026-06-12 15:45:00', NULL),
    ('SS0066', 'PHKS0066', 'SV015', NULL, 'HV040', 'SOT001', TRUE, '2026-06-12 15:45:00', 'Phiên làm khảo sát', TRUE, '2026-06-12 15:45:00', '2026-06-12 15:45:00', NULL),
    ('SS0067', 'PHKS0067', 'SV003', NULL, 'HV033', 'SOT001', TRUE, '2026-06-12 15:45:00', 'Phiên làm khảo sát', TRUE, '2026-06-12 15:45:00', '2026-06-12 15:45:00', NULL),
    ('SS0068', 'PHKS0068', 'SV006', NULL, 'HV033', 'SOT001', TRUE, '2026-06-12 15:45:00', 'Phiên làm khảo sát', TRUE, '2026-06-12 15:45:00', '2026-06-12 15:45:00', NULL),
    ('SS0069', 'PHKS0069', 'SV006', NULL, 'HV019', 'SOT001', TRUE, '2026-06-12 15:45:00', 'Phiên làm khảo sát', TRUE, '2026-06-12 15:45:00', '2026-06-12 15:45:00', NULL),
    ('SS0070', 'PHKS0070', 'SV006', NULL, 'HV007', 'SOT001', TRUE, '2026-06-12 15:45:00', 'Phiên làm khảo sát', TRUE, '2026-06-12 15:45:00', '2026-06-12 15:45:00', NULL),
    ('SS0071', 'PHKS0071', 'SV002', NULL, 'HV023', 'SOT001', TRUE, '2026-06-12 15:45:00', 'Phiên làm khảo sát', TRUE, '2026-06-12 15:45:00', '2026-06-12 15:45:00', NULL),
    ('SS0072', 'PHKS0072', 'SV004', NULL, 'HV003', 'SOT001', TRUE, '2026-06-12 15:45:00', 'Phiên làm khảo sát', TRUE, '2026-06-12 15:45:00', '2026-06-12 15:45:00', NULL),
    ('SS0073', 'PHKS0073', 'SV008', NULL, 'HV022', 'SOT001', TRUE, '2026-06-12 15:45:00', 'Phiên làm khảo sát', TRUE, '2026-06-12 15:45:00', '2026-06-12 15:45:00', NULL),
    ('SS0074', 'PHKS0074', 'SV009', NULL, 'HV017', 'SOT001', TRUE, '2026-06-12 15:45:00', 'Phiên làm khảo sát', TRUE, '2026-06-12 15:45:00', '2026-06-12 15:45:00', NULL),
    ('SS0075', 'PHKS0075', 'SV015', NULL, 'HV035', 'SOT001', TRUE, '2026-06-12 15:45:00', 'Phiên làm khảo sát', TRUE, '2026-06-12 15:45:00', '2026-06-12 15:45:00', NULL),
    ('SS0076', 'PHKS0076', 'SV015', NULL, 'HV031', 'SOT001', FALSE, NULL, 'Phiên làm khảo sát', TRUE, '2026-06-12 15:45:00', '2026-06-12 15:45:00', NULL),
    ('SS0077', 'PHKS0077', 'SV013', NULL, 'HV012', 'SOT001', TRUE, '2026-06-12 15:45:00', 'Phiên làm khảo sát', TRUE, '2026-06-12 15:45:00', '2026-06-12 15:45:00', NULL),
    ('SS0078', 'PHKS0078', 'SV009', NULL, 'HV026', 'SOT001', TRUE, '2026-06-12 15:45:00', 'Phiên làm khảo sát', TRUE, '2026-06-12 15:45:00', '2026-06-12 15:45:00', NULL),
    ('SS0079', 'PHKS0079', 'SV011', NULL, 'HV036', 'SOT001', TRUE, '2026-06-12 15:45:00', 'Phiên làm khảo sát', TRUE, '2026-06-12 15:45:00', '2026-06-12 15:45:00', NULL),
    ('SS0080', 'PHKS0080', 'SV013', NULL, 'HV009', 'SOT001', TRUE, '2026-06-12 15:45:00', 'Phiên làm khảo sát', TRUE, '2026-06-12 15:45:00', '2026-06-12 15:45:00', NULL),
    ('SS0081', 'PHKS0081', 'SV008', NULL, 'HV031', 'SOT001', TRUE, '2026-06-12 15:45:00', 'Phiên làm khảo sát', TRUE, '2026-06-12 15:45:00', '2026-06-12 15:45:00', NULL),
    ('SS0082', 'PHKS0082', 'SV013', NULL, 'HV021', 'SOT001', TRUE, '2026-06-12 15:45:00', 'Phiên làm khảo sát', TRUE, '2026-06-12 15:45:00', '2026-06-12 15:45:00', NULL),
    ('SS0083', 'PHKS0083', 'SV005', NULL, 'HV038', 'SOT001', FALSE, NULL, 'Phiên làm khảo sát', TRUE, '2026-06-12 15:45:00', '2026-06-12 15:45:00', NULL),
    ('SS0084', 'PHKS0084', 'SV007', NULL, 'HV050', 'SOT001', TRUE, '2026-06-12 15:45:00', 'Phiên làm khảo sát', TRUE, '2026-06-12 15:45:00', '2026-06-12 15:45:00', NULL),
    ('SS0085', 'PHKS0085', 'SV009', NULL, 'HV003', 'SOT001', TRUE, '2026-06-12 15:45:00', 'Phiên làm khảo sát', TRUE, '2026-06-12 15:45:00', '2026-06-12 15:45:00', NULL),
    ('SS0086', 'PHKS0086', 'SV013', NULL, 'HV049', 'SOT001', FALSE, NULL, 'Phiên làm khảo sát', TRUE, '2026-06-12 15:45:00', '2026-06-12 15:45:00', NULL),
    ('SS0087', 'PHKS0087', 'SV014', NULL, 'HV018', 'SOT001', FALSE, NULL, 'Phiên làm khảo sát', TRUE, '2026-06-12 15:45:00', '2026-06-12 15:45:00', NULL),
    ('SS0088', 'PHKS0088', 'SV005', NULL, 'HV017', 'SOT001', FALSE, NULL, 'Phiên làm khảo sát', TRUE, '2026-06-12 15:45:00', '2026-06-12 15:45:00', NULL),
    ('SS0089', 'PHKS0089', 'SV004', NULL, 'HV033', 'SOT001', FALSE, NULL, 'Phiên làm khảo sát', TRUE, '2026-06-12 15:45:00', '2026-06-12 15:45:00', NULL),
    ('SS0090', 'PHKS0090', 'SV005', NULL, 'HV043', 'SOT001', TRUE, '2026-06-12 15:45:00', 'Phiên làm khảo sát', TRUE, '2026-06-12 15:45:00', '2026-06-12 15:45:00', NULL),
    ('SS0091', 'PHKS0091', 'SV003', NULL, 'HV048', 'SOT001', TRUE, '2026-06-12 15:45:00', 'Phiên làm khảo sát', TRUE, '2026-06-12 15:45:00', '2026-06-12 15:45:00', NULL),
    ('SS0092', 'PHKS0092', 'SV011', NULL, 'HV001', 'SOT001', TRUE, '2026-06-12 15:45:00', 'Phiên làm khảo sát', TRUE, '2026-06-12 15:45:00', '2026-06-12 15:45:00', NULL),
    ('SS0093', 'PHKS0093', 'SV005', NULL, 'HV028', 'SOT001', FALSE, NULL, 'Phiên làm khảo sát', TRUE, '2026-06-12 15:45:00', '2026-06-12 15:45:00', NULL),
    ('SS0094', 'PHKS0094', 'SV011', NULL, 'HV004', 'SOT001', TRUE, '2026-06-12 15:45:00', 'Phiên làm khảo sát', TRUE, '2026-06-12 15:45:00', '2026-06-12 15:45:00', NULL),
    ('SS0095', 'PHKS0095', 'SV007', NULL, 'HV001', 'SOT001', FALSE, NULL, 'Phiên làm khảo sát', TRUE, '2026-06-12 15:45:00', '2026-06-12 15:45:00', NULL),
    ('SS0096', 'PHKS0096', 'SV004', NULL, 'HV023', 'SOT001', TRUE, '2026-06-12 15:45:00', 'Phiên làm khảo sát', TRUE, '2026-06-12 15:45:00', '2026-06-12 15:45:00', NULL),
    ('SS0097', 'PHKS0097', 'SV015', NULL, 'HV019', 'SOT001', TRUE, '2026-06-12 15:45:00', 'Phiên làm khảo sát', TRUE, '2026-06-12 15:45:00', '2026-06-12 15:45:00', NULL),
    ('SS0098', 'PHKS0098', 'SV001', NULL, 'HV028', 'SOT001', TRUE, '2026-06-12 15:45:00', 'Phiên làm khảo sát', TRUE, '2026-06-12 15:45:00', '2026-06-12 15:45:00', NULL),
    ('SS0099', 'PHKS0099', 'SV013', NULL, 'HV017', 'SOT001', FALSE, NULL, 'Phiên làm khảo sát', TRUE, '2026-06-12 15:45:00', '2026-06-12 15:45:00', NULL),
    ('SS0100', 'PHKS0100', 'SV012', NULL, 'HV012', 'SOT001', TRUE, '2026-06-12 15:45:00', 'Phiên làm khảo sát', TRUE, '2026-06-12 15:45:00', '2026-06-12 15:45:00', NULL),
    ('SS0101', 'PHKS0101', 'SV009', NULL, 'HV037', 'SOT001', TRUE, '2026-06-12 15:45:00', 'Phiên làm khảo sát', TRUE, '2026-06-12 15:45:00', '2026-06-12 15:45:00', NULL),
    ('SS0102', 'PHKS0102', 'SV013', NULL, 'HV031', 'SOT001', TRUE, '2026-06-12 15:45:00', 'Phiên làm khảo sát', TRUE, '2026-06-12 15:45:00', '2026-06-12 15:45:00', NULL),
    ('SS0103', 'PHKS0103', 'SV012', NULL, 'HV019', 'SOT001', TRUE, '2026-06-12 15:45:00', 'Phiên làm khảo sát', TRUE, '2026-06-12 15:45:00', '2026-06-12 15:45:00', NULL),
    ('SS0104', 'PHKS0104', 'SV013', NULL, 'HV017', 'SOT001', FALSE, NULL, 'Phiên làm khảo sát', TRUE, '2026-06-12 15:45:00', '2026-06-12 15:45:00', NULL),
    ('SS0105', 'PHKS0105', 'SV013', NULL, 'HV026', 'SOT001', FALSE, NULL, 'Phiên làm khảo sát', TRUE, '2026-06-12 15:45:00', '2026-06-12 15:45:00', NULL),
    ('SS0106', 'PHKS0106', 'SV012', NULL, 'HV018', 'SOT001', FALSE, NULL, 'Phiên làm khảo sát', TRUE, '2026-06-12 15:45:00', '2026-06-12 15:45:00', NULL),
    ('SS0107', 'PHKS0107', 'SV005', NULL, 'HV042', 'SOT001', FALSE, NULL, 'Phiên làm khảo sát', TRUE, '2026-06-12 15:45:00', '2026-06-12 15:45:00', NULL),
    ('SS0108', 'PHKS0108', 'SV012', NULL, 'HV008', 'SOT001', FALSE, NULL, 'Phiên làm khảo sát', TRUE, '2026-06-12 15:45:00', '2026-06-12 15:45:00', NULL),
    ('SS0109', 'PHKS0109', 'SV014', NULL, 'HV029', 'SOT001', TRUE, '2026-06-12 15:45:00', 'Phiên làm khảo sát', TRUE, '2026-06-12 15:45:00', '2026-06-12 15:45:00', NULL),
    ('SS0110', 'PHKS0110', 'SV004', NULL, 'HV006', 'SOT001', TRUE, '2026-06-12 15:45:00', 'Phiên làm khảo sát', TRUE, '2026-06-12 15:45:00', '2026-06-12 15:45:00', NULL),
    ('SS0111', 'PHKS0111', 'SV007', NULL, 'HV033', 'SOT001', TRUE, '2026-06-12 15:45:00', 'Phiên làm khảo sát', TRUE, '2026-06-12 15:45:00', '2026-06-12 15:45:00', NULL),
    ('SS0112', 'PHKS0112', 'SV004', NULL, 'HV004', 'SOT001', FALSE, NULL, 'Phiên làm khảo sát', TRUE, '2026-06-12 15:45:00', '2026-06-12 15:45:00', NULL),
    ('SS0113', 'PHKS0113', 'SV013', NULL, 'HV040', 'SOT001', TRUE, '2026-06-12 15:45:00', 'Phiên làm khảo sát', TRUE, '2026-06-12 15:45:00', '2026-06-12 15:45:00', NULL),
    ('SS0114', 'PHKS0114', 'SV015', NULL, 'HV020', 'SOT001', TRUE, '2026-06-12 15:45:00', 'Phiên làm khảo sát', TRUE, '2026-06-12 15:45:00', '2026-06-12 15:45:00', NULL),
    ('SS0115', 'PHKS0115', 'SV013', NULL, 'HV036', 'SOT001', FALSE, NULL, 'Phiên làm khảo sát', TRUE, '2026-06-12 15:45:00', '2026-06-12 15:45:00', NULL),
    ('SS0116', 'PHKS0116', 'SV010', NULL, 'HV048', 'SOT001', TRUE, '2026-06-12 15:45:00', 'Phiên làm khảo sát', TRUE, '2026-06-12 15:45:00', '2026-06-12 15:45:00', NULL),
    ('SS0117', 'PHKS0117', 'SV004', NULL, 'HV015', 'SOT001', TRUE, '2026-06-12 15:45:00', 'Phiên làm khảo sát', TRUE, '2026-06-12 15:45:00', '2026-06-12 15:45:00', NULL),
    ('SS0118', 'PHKS0118', 'SV001', NULL, 'HV043', 'SOT001', TRUE, '2026-06-12 15:45:00', 'Phiên làm khảo sát', TRUE, '2026-06-12 15:45:00', '2026-06-12 15:45:00', NULL),
    ('SS0119', 'PHKS0119', 'SV008', NULL, 'HV044', 'SOT001', FALSE, NULL, 'Phiên làm khảo sát', TRUE, '2026-06-12 15:45:00', '2026-06-12 15:45:00', NULL),
    ('SS0120', 'PHKS0120', 'SV008', NULL, 'HV048', 'SOT001', FALSE, NULL, 'Phiên làm khảo sát', TRUE, '2026-06-12 15:45:00', '2026-06-12 15:45:00', NULL);

INSERT INTO survey_answers (id, survey_session_id, survey_question_id, rating_value, choice_value, text_value, created_at) VALUES
    (1, 'SS0001', 'SQ052', NULL, 'A', NULL, '2026-06-12 15:45:00'),
    (2, 'SS0001', 'SQ039', NULL, 'D', NULL, '2026-06-12 15:45:00'),
    (3, 'SS0001', 'SQ048', NULL, NULL, 'Từ điều cũng tự như bạn theo nếu hoặc như.', '2026-06-12 15:45:00'),
    (4, 'SS0001', 'SQ058', NULL, NULL, 'Thì điều được đang một số với mỗi của.', '2026-06-12 15:45:00'),
    (5, 'SS0001', 'SQ009', NULL, 'D', NULL, '2026-06-12 15:45:00'),
    (6, 'SS0001', 'SQ031', NULL, NULL, 'Làm có tự không vẫn điều vẫn lớn nhưng giữa của.', '2026-06-12 15:45:00'),
    (7, 'SS0001', 'SQ017', NULL, 'B', NULL, '2026-06-12 15:45:00'),
    (8, 'SS0001', 'SQ002', NULL, 'B', NULL, '2026-06-12 15:45:00'),
    (9, 'SS0002', 'SQ059', 4, NULL, NULL, '2026-06-12 15:45:00'),
    (10, 'SS0002', 'SQ017', NULL, 'C', NULL, '2026-06-12 15:45:00'),
    (11, 'SS0002', 'SQ010', NULL, NULL, 'Của hoặc rất cái đi bạn nơi thế bạn giống cách mà đã.', '2026-06-12 15:45:00'),
    (12, 'SS0002', 'SQ013', NULL, 'D', NULL, '2026-06-12 15:45:00'),
    (13, 'SS0002', 'SQ038', NULL, 'B', NULL, '2026-06-12 15:45:00'),
    (14, 'SS0002', 'SQ053', 5, NULL, NULL, '2026-06-12 15:45:00'),
    (15, 'SS0002', 'SQ052', NULL, 'C', NULL, '2026-06-12 15:45:00'),
    (16, 'SS0002', 'SQ047', 2, NULL, NULL, '2026-06-12 15:45:00'),
    (17, 'SS0002', 'SQ026', NULL, 'B', NULL, '2026-06-12 15:45:00'),
    (18, 'SS0002', 'SQ058', NULL, NULL, 'Theo bạn để cách được vẫn từ bên dưới để.', '2026-06-12 15:45:00'),
    (19, 'SS0002', 'SQ019', NULL, 'D', NULL, '2026-06-12 15:45:00'),
    (20, 'SS0002', 'SQ060', NULL, 'A', NULL, '2026-06-12 15:45:00'),
    (21, 'SS0002', 'SQ037', NULL, NULL, 'Đó tôi số chưa tại hơn của đến.', '2026-06-12 15:45:00'),
    (22, 'SS0003', 'SQ014', NULL, NULL, 'Tự giống người thay nhưng như tại thế như đi một cũng.', '2026-06-12 15:45:00'),
    (23, 'SS0003', 'SQ019', NULL, 'D', NULL, '2026-06-12 15:45:00'),
    (24, 'SS0003', 'SQ056', NULL, 'A', NULL, '2026-06-12 15:45:00'),
    (25, 'SS0003', 'SQ039', NULL, 'B', NULL, '2026-06-12 15:45:00'),
    (26, 'SS0003', 'SQ034', NULL, 'D', NULL, '2026-06-12 15:45:00'),
    (27, 'SS0003', 'SQ041', NULL, 'A', NULL, '2026-06-12 15:45:00'),
    (28, 'SS0003', 'SQ016', NULL, 'C', NULL, '2026-06-12 15:45:00'),
    (29, 'SS0003', 'SQ058', NULL, NULL, 'Bên như thế nhiều trong vài nơi này nhiều và chưa nếu.', '2026-06-12 15:45:00'),
    (30, 'SS0003', 'SQ046', 5, NULL, NULL, '2026-06-12 15:45:00'),
    (31, 'SS0004', 'SQ043', NULL, 'C', NULL, '2026-06-12 15:45:00'),
    (32, 'SS0004', 'SQ013', NULL, 'B', NULL, '2026-06-12 15:45:00'),
    (33, 'SS0004', 'SQ036', NULL, NULL, 'Theo nhiều rất lớn thay thì của đúng.', '2026-06-12 15:45:00'),
    (34, 'SS0004', 'SQ027', NULL, NULL, 'Với đến trong rất mà từ của thì như.', '2026-06-12 15:45:00'),
    (35, 'SS0004', 'SQ048', NULL, NULL, 'Tại tự các từ đúng để sau với là.', '2026-06-12 15:45:00'),
    (36, 'SS0004', 'SQ018', 1, NULL, NULL, '2026-06-12 15:45:00'),
    (37, 'SS0004', 'SQ007', NULL, 'A', NULL, '2026-06-12 15:45:00'),
    (38, 'SS0004', 'SQ019', NULL, 'D', NULL, '2026-06-12 15:45:00'),
    (39, 'SS0004', 'SQ021', NULL, 'B', NULL, '2026-06-12 15:45:00'),
    (40, 'SS0004', 'SQ026', NULL, 'B', NULL, '2026-06-12 15:45:00'),
    (41, 'SS0004', 'SQ017', NULL, 'B', NULL, '2026-06-12 15:45:00'),
    (42, 'SS0004', 'SQ001', 2, NULL, NULL, '2026-06-12 15:45:00'),
    (43, 'SS0004', 'SQ016', NULL, 'D', NULL, '2026-06-12 15:45:00'),
    (44, 'SS0004', 'SQ053', 1, NULL, NULL, '2026-06-12 15:45:00'),
    (45, 'SS0004', 'SQ012', NULL, 'A', NULL, '2026-06-12 15:45:00'),
    (46, 'SS0005', 'SQ037', NULL, NULL, 'Làm lớn trong các như thay đến như của cũng.', '2026-06-12 15:45:00'),
    (47, 'SS0005', 'SQ045', NULL, 'B', NULL, '2026-06-12 15:45:00'),
    (48, 'SS0005', 'SQ002', NULL, 'A', NULL, '2026-06-12 15:45:00'),
    (49, 'SS0005', 'SQ038', NULL, 'A', NULL, '2026-06-12 15:45:00'),
    (50, 'SS0005', 'SQ046', 3, NULL, NULL, '2026-06-12 15:45:00'),
    (51, 'SS0005', 'SQ043', NULL, 'B', NULL, '2026-06-12 15:45:00'),
    (52, 'SS0005', 'SQ059', 4, NULL, NULL, '2026-06-12 15:45:00'),
    (53, 'SS0005', 'SQ058', NULL, NULL, 'Chưa tại có của thế mà có.', '2026-06-12 15:45:00'),
    (54, 'SS0005', 'SQ006', 3, NULL, NULL, '2026-06-12 15:45:00'),
    (55, 'SS0005', 'SQ024', NULL, 'C', NULL, '2026-06-12 15:45:00'),
    (56, 'SS0005', 'SQ015', NULL, 'C', NULL, '2026-06-12 15:45:00'),
    (57, 'SS0005', 'SQ012', NULL, 'D', NULL, '2026-06-12 15:45:00'),
    (58, 'SS0005', 'SQ007', NULL, 'B', NULL, '2026-06-12 15:45:00'),
    (59, 'SS0005', 'SQ042', 4, NULL, NULL, '2026-06-12 15:45:00'),
    (60, 'SS0005', 'SQ049', 3, NULL, NULL, '2026-06-12 15:45:00'),
    (61, 'SS0006', 'SQ020', NULL, NULL, 'Vậy gần trong tự và của của nào bên được chỉ như sau.', '2026-06-12 15:45:00'),
    (62, 'SS0006', 'SQ024', NULL, 'C', NULL, '2026-06-12 15:45:00'),
    (63, 'SS0006', 'SQ048', NULL, NULL, 'Lớn thì như từng tại để khiến đúng trong nhiều.', '2026-06-12 15:45:00'),
    (64, 'SS0006', 'SQ004', NULL, NULL, 'Vậy đang trong giống chỉ không chỉ giống đã mà từ.', '2026-06-12 15:45:00'),
    (65, 'SS0006', 'SQ017', NULL, 'D', NULL, '2026-06-12 15:45:00'),
    (66, 'SS0006', 'SQ056', NULL, 'D', NULL, '2026-06-12 15:45:00'),
    (67, 'SS0006', 'SQ045', NULL, 'D', NULL, '2026-06-12 15:45:00'),
    (68, 'SS0006', 'SQ041', NULL, 'A', NULL, '2026-06-12 15:45:00'),
    (69, 'SS0006', 'SQ031', NULL, NULL, 'Hơn lớn dưới theo chỉ hơn cũng hoặc cũng vài điều bên.', '2026-06-12 15:45:00'),
    (70, 'SS0006', 'SQ055', NULL, NULL, 'Thế không để giữa giống nơi chỉ vì đến nếu một.', '2026-06-12 15:45:00'),
    (71, 'SS0006', 'SQ011', NULL, 'C', NULL, '2026-06-12 15:45:00'),
    (72, 'SS0006', 'SQ002', NULL, 'A', NULL, '2026-06-12 15:45:00'),
    (73, 'SS0006', 'SQ034', NULL, 'D', NULL, '2026-06-12 15:45:00'),
    (74, 'SS0006', 'SQ010', NULL, NULL, 'Chỉ đi thay từ hoặc thì từng với hoặc làm đến có cũng vẫn.', '2026-06-12 15:45:00'),
    (75, 'SS0007', 'SQ057', NULL, 'A', NULL, '2026-06-12 15:45:00'),
    (76, 'SS0007', 'SQ029', NULL, 'B', NULL, '2026-06-12 15:45:00'),
    (77, 'SS0007', 'SQ031', NULL, NULL, 'Cho chưa khi không khi được để có của bạn cái tại đúng.', '2026-06-12 15:45:00'),
    (78, 'SS0007', 'SQ019', NULL, 'D', NULL, '2026-06-12 15:45:00'),
    (79, 'SS0007', 'SQ038', NULL, 'C', NULL, '2026-06-12 15:45:00'),
    (80, 'SS0007', 'SQ024', NULL, 'B', NULL, '2026-06-12 15:45:00'),
    (81, 'SS0007', 'SQ013', NULL, 'B', NULL, '2026-06-12 15:45:00'),
    (82, 'SS0007', 'SQ020', NULL, NULL, 'Như dưới nơi tôi như sẽ như vì của về vẫn giống mỗi một.', '2026-06-12 15:45:00'),
    (83, 'SS0008', 'SQ012', NULL, 'A', NULL, '2026-06-12 15:45:00'),
    (84, 'SS0008', 'SQ028', NULL, NULL, 'Không hơn khiến sau chưa đúng đi rất này tại để bạn.', '2026-06-12 15:45:00'),
    (85, 'SS0008', 'SQ019', NULL, 'B', NULL, '2026-06-12 15:45:00'),
    (86, 'SS0008', 'SQ010', NULL, NULL, 'Gần giữa lớn này đúng từ cái được.', '2026-06-12 15:45:00'),
    (87, 'SS0008', 'SQ032', NULL, NULL, 'Để đang nếu và không vậy với tự mỗi vậy cũng tại.', '2026-06-12 15:45:00'),
    (88, 'SS0008', 'SQ047', 1, NULL, NULL, '2026-06-12 15:45:00'),
    (89, 'SS0008', 'SQ048', NULL, NULL, 'Như điều cho theo đi bên để có và trong thế giữa các như.', '2026-06-12 15:45:00'),
    (90, 'SS0008', 'SQ036', NULL, NULL, 'Mỗi như hoặc mỗi với đó chưa để người với như điều được với mỗi như.', '2026-06-12 15:45:00'),
    (91, 'SS0008', 'SQ026', NULL, 'B', NULL, '2026-06-12 15:45:00'),
    (92, 'SS0009', 'SQ008', NULL, 'C', NULL, '2026-06-12 15:45:00'),
    (93, 'SS0009', 'SQ051', 5, NULL, NULL, '2026-06-12 15:45:00'),
    (94, 'SS0009', 'SQ058', NULL, NULL, 'Của một có tôi của là cái tôi nhiều có cho bạn.', '2026-06-12 15:45:00'),
    (95, 'SS0009', 'SQ044', NULL, 'B', NULL, '2026-06-12 15:45:00'),
    (96, 'SS0009', 'SQ043', NULL, 'D', NULL, '2026-06-12 15:45:00'),
    (97, 'SS0009', 'SQ028', NULL, NULL, 'Chưa gần đang thay đến và nhiều để vì hơn khi cũng không thay của.', '2026-06-12 15:45:00'),
    (98, 'SS0009', 'SQ015', NULL, 'A', NULL, '2026-06-12 15:45:00'),
    (99, 'SS0009', 'SQ010', NULL, NULL, 'Tại như và một có mỗi thay từng vì vì nào vì hoặc tự cái bạn.', '2026-06-12 15:45:00'),
    (100, 'SS0010', 'SQ029', NULL, 'D', NULL, '2026-06-12 15:45:00'),
    (101, 'SS0010', 'SQ037', NULL, NULL, 'Hoặc trong cách này theo theo đi là đã của về lớn làm hơn bạn chưa.', '2026-06-12 15:45:00'),
    (102, 'SS0010', 'SQ039', NULL, 'D', NULL, '2026-06-12 15:45:00'),
    (103, 'SS0010', 'SQ042', 4, NULL, NULL, '2026-06-12 15:45:00'),
    (104, 'SS0010', 'SQ028', NULL, NULL, 'Có nhiều có như này để làm gần rất chỉ cái như đi với làm từ.', '2026-06-12 15:45:00'),
    (105, 'SS0010', 'SQ026', NULL, 'A', NULL, '2026-06-12 15:45:00'),
    (106, 'SS0010', 'SQ058', NULL, NULL, 'Vì cũng thế từng có để theo nào.', '2026-06-12 15:45:00'),
    (107, 'SS0010', 'SQ036', NULL, NULL, 'Nhưng được sau để đến nhiều đi cách chỉ như.', '2026-06-12 15:45:00'),
    (108, 'SS0010', 'SQ049', 4, NULL, NULL, '2026-06-12 15:45:00'),
    (109, 'SS0011', 'SQ051', 5, NULL, NULL, '2026-06-12 15:45:00'),
    (110, 'SS0011', 'SQ021', NULL, 'C', NULL, '2026-06-12 15:45:00'),
    (111, 'SS0011', 'SQ050', 2, NULL, NULL, '2026-06-12 15:45:00'),
    (112, 'SS0011', 'SQ008', NULL, 'C', NULL, '2026-06-12 15:45:00'),
    (113, 'SS0011', 'SQ034', NULL, 'D', NULL, '2026-06-12 15:45:00'),
    (114, 'SS0011', 'SQ038', NULL, 'A', NULL, '2026-06-12 15:45:00'),
    (115, 'SS0011', 'SQ016', NULL, 'B', NULL, '2026-06-12 15:45:00'),
    (116, 'SS0011', 'SQ026', NULL, 'A', NULL, '2026-06-12 15:45:00'),
    (117, 'SS0011', 'SQ002', NULL, 'B', NULL, '2026-06-12 15:45:00'),
    (118, 'SS0011', 'SQ041', NULL, 'A', NULL, '2026-06-12 15:45:00'),
    (119, 'SS0011', 'SQ032', NULL, NULL, 'Tự để nơi nhiều mà nào nếu của thì giữa cũng bên là cái.', '2026-06-12 15:45:00'),
    (120, 'SS0011', 'SQ005', NULL, 'C', NULL, '2026-06-12 15:45:00'),
    (121, 'SS0011', 'SQ011', NULL, 'B', NULL, '2026-06-12 15:45:00'),
    (122, 'SS0012', 'SQ053', 5, NULL, NULL, '2026-06-12 15:45:00'),
    (123, 'SS0012', 'SQ033', NULL, NULL, 'Với nào đi tự một từ một mỗi theo đến đã tại có lớn thì.', '2026-06-12 15:45:00'),
    (124, 'SS0012', 'SQ058', NULL, NULL, 'Sau các từ và như như và các đã về như gần từng cái làm.', '2026-06-12 15:45:00'),
    (125, 'SS0012', 'SQ031', NULL, NULL, 'Từng chưa chỉ bạn của nào từ như.', '2026-06-12 15:45:00'),
    (126, 'SS0012', 'SQ010', NULL, NULL, 'Có hơn vài trong sẽ vài lớn mà đang giữa từng hoặc bạn vài.', '2026-06-12 15:45:00'),
    (127, 'SS0012', 'SQ013', NULL, 'D', NULL, '2026-06-12 15:45:00'),
    (128, 'SS0012', 'SQ023', NULL, 'C', NULL, '2026-06-12 15:45:00'),
    (129, 'SS0012', 'SQ006', 2, NULL, NULL, '2026-06-12 15:45:00'),
    (130, 'SS0012', 'SQ048', NULL, NULL, 'Nào vì thế và của làm đi cũng nào cái cũng bạn của cách người.', '2026-06-12 15:45:00'),
    (131, 'SS0012', 'SQ016', NULL, 'C', NULL, '2026-06-12 15:45:00'),
    (132, 'SS0012', 'SQ040', NULL, 'C', NULL, '2026-06-12 15:45:00'),
    (133, 'SS0013', 'SQ007', NULL, 'B', NULL, '2026-06-12 15:45:00'),
    (134, 'SS0013', 'SQ044', NULL, 'D', NULL, '2026-06-12 15:45:00'),
    (135, 'SS0013', 'SQ057', NULL, 'B', NULL, '2026-06-12 15:45:00'),
    (136, 'SS0013', 'SQ060', NULL, 'C', NULL, '2026-06-12 15:45:00'),
    (137, 'SS0013', 'SQ005', NULL, 'D', NULL, '2026-06-12 15:45:00'),
    (138, 'SS0013', 'SQ055', NULL, NULL, 'Và khiến hơn thì thay nếu đã có bên lớn nơi đúng.', '2026-06-12 15:45:00'),
    (139, 'SS0013', 'SQ020', NULL, NULL, 'Với làm đến nơi chưa được mà bên sau nhưng vẫn tại của về.', '2026-06-12 15:45:00'),
    (140, 'SS0013', 'SQ021', NULL, 'C', NULL, '2026-06-12 15:45:00'),
    (141, 'SS0013', 'SQ026', NULL, 'C', NULL, '2026-06-12 15:45:00'),
    (142, 'SS0013', 'SQ037', NULL, NULL, 'Số với bên hơn một các như nào của một như thì về nếu đi vì.', '2026-06-12 15:45:00'),
    (143, 'SS0013', 'SQ012', NULL, 'B', NULL, '2026-06-12 15:45:00'),
    (144, 'SS0013', 'SQ038', NULL, 'B', NULL, '2026-06-12 15:45:00'),
    (145, 'SS0014', 'SQ033', NULL, NULL, 'Thì cũng vẫn với không thay rất và đúng vài tại người này hơn nơi.', '2026-06-12 15:45:00'),
    (146, 'SS0014', 'SQ050', 2, NULL, NULL, '2026-06-12 15:45:00'),
    (147, 'SS0014', 'SQ055', NULL, NULL, 'Như của khiến dưới bên rất theo giống này của tại vẫn.', '2026-06-12 15:45:00'),
    (148, 'SS0014', 'SQ053', 3, NULL, NULL, '2026-06-12 15:45:00'),
    (149, 'SS0014', 'SQ042', 2, NULL, NULL, '2026-06-12 15:45:00'),
    (150, 'SS0014', 'SQ039', NULL, 'A', NULL, '2026-06-12 15:45:00'),
    (151, 'SS0014', 'SQ054', NULL, NULL, 'Nơi đang đó chưa nhưng thì cũng.', '2026-06-12 15:45:00'),
    (152, 'SS0014', 'SQ021', NULL, 'D', NULL, '2026-06-12 15:45:00'),
    (153, 'SS0014', 'SQ013', NULL, 'C', NULL, '2026-06-12 15:45:00'),
    (154, 'SS0014', 'SQ011', NULL, 'D', NULL, '2026-06-12 15:45:00'),
    (155, 'SS0014', 'SQ038', NULL, 'A', NULL, '2026-06-12 15:45:00'),
    (156, 'SS0014', 'SQ006', 3, NULL, NULL, '2026-06-12 15:45:00'),
    (157, 'SS0014', 'SQ017', NULL, 'B', NULL, '2026-06-12 15:45:00'),
    (158, 'SS0014', 'SQ012', NULL, 'A', NULL, '2026-06-12 15:45:00'),
    (159, 'SS0014', 'SQ037', NULL, NULL, 'Cách hơn sau của có bạn như cách cho của.', '2026-06-12 15:45:00'),
    (160, 'SS0015', 'SQ009', NULL, 'A', NULL, '2026-06-12 15:45:00'),
    (161, 'SS0015', 'SQ057', NULL, 'C', NULL, '2026-06-12 15:45:00'),
    (162, 'SS0015', 'SQ058', NULL, NULL, 'Sau hơn trong khiến khi để lớn sẽ mỗi.', '2026-06-12 15:45:00'),
    (163, 'SS0015', 'SQ050', 5, NULL, NULL, '2026-06-12 15:45:00'),
    (164, 'SS0015', 'SQ032', NULL, NULL, 'Thế vẫn từ tôi của điều đó chỉ sau để vì tại điều.', '2026-06-12 15:45:00'),
    (165, 'SS0015', 'SQ048', NULL, NULL, 'Làm sẽ đã theo chưa dưới cách khiến nếu sau mà nào số nào nơi.', '2026-06-12 15:45:00'),
    (166, 'SS0015', 'SQ004', NULL, NULL, 'Chỉ mỗi đó từ nếu mà để hơn được mà giống.', '2026-06-12 15:45:00'),
    (167, 'SS0015', 'SQ035', NULL, 'C', NULL, '2026-06-12 15:45:00'),
    (168, 'SS0015', 'SQ014', NULL, NULL, 'Trong để vì có nhưng và một hơn trong các để tôi này từ khiến không.', '2026-06-12 15:45:00'),
    (169, 'SS0015', 'SQ052', NULL, 'D', NULL, '2026-06-12 15:45:00'),
    (170, 'SS0015', 'SQ010', NULL, NULL, 'Vài thay đi lớn như tự hơn sau đúng cái như để mỗi.', '2026-06-12 15:45:00'),
    (171, 'SS0015', 'SQ020', NULL, NULL, 'Lớn của như không theo được có thì khiến.', '2026-06-12 15:45:00'),
    (172, 'SS0015', 'SQ005', NULL, 'B', NULL, '2026-06-12 15:45:00'),
    (173, 'SS0015', 'SQ042', 3, NULL, NULL, '2026-06-12 15:45:00'),
    (174, 'SS0015', 'SQ056', NULL, 'D', NULL, '2026-06-12 15:45:00'),
    (175, 'SS0016', 'SQ033', NULL, NULL, 'Đã tại vẫn gần thế chưa hoặc làm của mỗi.', '2026-06-12 15:45:00'),
    (176, 'SS0016', 'SQ038', NULL, 'B', NULL, '2026-06-12 15:45:00'),
    (177, 'SS0016', 'SQ014', NULL, NULL, 'Từ sau sau từng đến chưa đi mỗi như và làm rất dưới đó.', '2026-06-12 15:45:00'),
    (178, 'SS0016', 'SQ008', NULL, 'D', NULL, '2026-06-12 15:45:00'),
    (179, 'SS0016', 'SQ009', NULL, 'D', NULL, '2026-06-12 15:45:00'),
    (180, 'SS0016', 'SQ012', NULL, 'D', NULL, '2026-06-12 15:45:00'),
    (181, 'SS0016', 'SQ026', NULL, 'D', NULL, '2026-06-12 15:45:00'),
    (182, 'SS0016', 'SQ043', NULL, 'C', NULL, '2026-06-12 15:45:00'),
    (183, 'SS0016', 'SQ049', 4, NULL, NULL, '2026-06-12 15:45:00'),
    (184, 'SS0017', 'SQ011', NULL, 'D', NULL, '2026-06-12 15:45:00'),
    (185, 'SS0017', 'SQ038', NULL, 'B', NULL, '2026-06-12 15:45:00'),
    (186, 'SS0017', 'SQ021', NULL, 'B', NULL, '2026-06-12 15:45:00'),
    (187, 'SS0017', 'SQ010', NULL, NULL, 'Hoặc với vài bạn cho thì từ điều.', '2026-06-12 15:45:00'),
    (188, 'SS0017', 'SQ015', NULL, 'C', NULL, '2026-06-12 15:45:00'),
    (189, 'SS0017', 'SQ024', NULL, 'C', NULL, '2026-06-12 15:45:00'),
    (190, 'SS0017', 'SQ034', NULL, 'D', NULL, '2026-06-12 15:45:00'),
    (191, 'SS0017', 'SQ004', NULL, NULL, 'Thì chỉ như như nếu đang về sẽ theo để nào mà thay trong có.', '2026-06-12 15:45:00'),
    (192, 'SS0017', 'SQ026', NULL, 'A', NULL, '2026-06-12 15:45:00'),
    (193, 'SS0017', 'SQ016', NULL, 'A', NULL, '2026-06-12 15:45:00'),
    (194, 'SS0017', 'SQ059', 1, NULL, NULL, '2026-06-12 15:45:00'),
    (195, 'SS0017', 'SQ043', NULL, 'A', NULL, '2026-06-12 15:45:00'),
    (196, 'SS0017', 'SQ020', NULL, NULL, 'Từ thay để là chỉ nơi như.', '2026-06-12 15:45:00'),
    (197, 'SS0017', 'SQ041', NULL, 'B', NULL, '2026-06-12 15:45:00'),
    (198, 'SS0017', 'SQ042', 2, NULL, NULL, '2026-06-12 15:45:00'),
    (199, 'SS0018', 'SQ010', NULL, NULL, 'Đã với cách vẫn tại tại sau không một mỗi lớn có về tôi.', '2026-06-12 15:45:00'),
    (200, 'SS0018', 'SQ003', NULL, NULL, 'Đến vẫn để với từng dưới khi được đến đã của hoặc hơn như sau.', '2026-06-12 15:45:00'),
    (201, 'SS0018', 'SQ050', 1, NULL, NULL, '2026-06-12 15:45:00'),
    (202, 'SS0018', 'SQ016', NULL, 'C', NULL, '2026-06-12 15:45:00'),
    (203, 'SS0018', 'SQ037', NULL, NULL, 'Vài đã của tôi từ từ trong với với nào của.', '2026-06-12 15:45:00'),
    (204, 'SS0018', 'SQ054', NULL, NULL, 'Để được vài có đó từng theo số.', '2026-06-12 15:45:00'),
    (205, 'SS0018', 'SQ012', NULL, 'A', NULL, '2026-06-12 15:45:00'),
    (206, 'SS0018', 'SQ046', 4, NULL, NULL, '2026-06-12 15:45:00'),
    (207, 'SS0018', 'SQ026', NULL, 'A', NULL, '2026-06-12 15:45:00'),
    (208, 'SS0018', 'SQ014', NULL, NULL, 'Mà được với nhưng vài như như dưới.', '2026-06-12 15:45:00'),
    (209, 'SS0019', 'SQ005', NULL, 'D', NULL, '2026-06-12 15:45:00'),
    (210, 'SS0019', 'SQ012', NULL, 'B', NULL, '2026-06-12 15:45:00'),
    (211, 'SS0019', 'SQ046', 3, NULL, NULL, '2026-06-12 15:45:00'),
    (212, 'SS0019', 'SQ010', NULL, NULL, 'Về tự dưới để của hơn của hơn rất không.', '2026-06-12 15:45:00'),
    (213, 'SS0019', 'SQ029', NULL, 'C', NULL, '2026-06-12 15:45:00'),
    (214, 'SS0019', 'SQ036', NULL, NULL, 'Thì bên này thế chỉ như với đang của số tự như.', '2026-06-12 15:45:00'),
    (215, 'SS0019', 'SQ022', NULL, 'A', NULL, '2026-06-12 15:45:00'),
    (216, 'SS0019', 'SQ031', NULL, NULL, 'Với vậy từ số như được cách cho như trong từ có.', '2026-06-12 15:45:00'),
    (217, 'SS0020', 'SQ021', NULL, 'C', NULL, '2026-06-12 15:45:00'),
    (218, 'SS0020', 'SQ033', NULL, NULL, 'Như nào bên lớn nào sau cũng của sau người để mỗi từ.', '2026-06-12 15:45:00'),
    (219, 'SS0020', 'SQ007', NULL, 'C', NULL, '2026-06-12 15:45:00'),
    (220, 'SS0020', 'SQ006', 2, NULL, NULL, '2026-06-12 15:45:00'),
    (221, 'SS0020', 'SQ060', NULL, 'D', NULL, '2026-06-12 15:45:00'),
    (222, 'SS0020', 'SQ041', NULL, 'D', NULL, '2026-06-12 15:45:00'),
    (223, 'SS0020', 'SQ027', NULL, NULL, 'Là các thì vẫn đi hơn như bên được sẽ theo như tôi cái gần.', '2026-06-12 15:45:00'),
    (224, 'SS0020', 'SQ037', NULL, NULL, 'Của cái của trong người của hơn hoặc nhiều sẽ.', '2026-06-12 15:45:00'),
    (225, 'SS0020', 'SQ015', NULL, 'C', NULL, '2026-06-12 15:45:00'),
    (226, 'SS0021', 'SQ030', 2, NULL, NULL, '2026-06-12 15:45:00'),
    (227, 'SS0021', 'SQ032', NULL, NULL, 'Vài này chưa nhưng đã mà thì làm rất khi tôi có.', '2026-06-12 15:45:00'),
    (228, 'SS0021', 'SQ021', NULL, 'C', NULL, '2026-06-12 15:45:00'),
    (229, 'SS0021', 'SQ044', NULL, 'C', NULL, '2026-06-12 15:45:00'),
    (230, 'SS0021', 'SQ019', NULL, 'C', NULL, '2026-06-12 15:45:00'),
    (231, 'SS0021', 'SQ052', NULL, 'C', NULL, '2026-06-12 15:45:00'),
    (232, 'SS0021', 'SQ049', 2, NULL, NULL, '2026-06-12 15:45:00'),
    (233, 'SS0021', 'SQ057', NULL, 'D', NULL, '2026-06-12 15:45:00'),
    (234, 'SS0021', 'SQ015', NULL, 'C', NULL, '2026-06-12 15:45:00'),
    (235, 'SS0021', 'SQ023', NULL, 'A', NULL, '2026-06-12 15:45:00'),
    (236, 'SS0021', 'SQ010', NULL, NULL, 'Hoặc người thế được như của như hoặc cũng này như chỉ để hơn giữa.', '2026-06-12 15:45:00'),
    (237, 'SS0021', 'SQ046', 4, NULL, NULL, '2026-06-12 15:45:00'),
    (238, 'SS0021', 'SQ041', NULL, 'B', NULL, '2026-06-12 15:45:00'),
    (239, 'SS0022', 'SQ022', NULL, 'D', NULL, '2026-06-12 15:45:00'),
    (240, 'SS0022', 'SQ033', NULL, NULL, 'Như nhiều khiến vài mà vài hơn từng cũng trong người.', '2026-06-12 15:45:00'),
    (241, 'SS0022', 'SQ060', NULL, 'C', NULL, '2026-06-12 15:45:00'),
    (242, 'SS0022', 'SQ051', 2, NULL, NULL, '2026-06-12 15:45:00'),
    (243, 'SS0022', 'SQ055', NULL, NULL, 'Của vì thì hơn đó để rất đó từng cũng điều chỉ là hơn.', '2026-06-12 15:45:00'),
    (244, 'SS0022', 'SQ009', NULL, 'B', NULL, '2026-06-12 15:45:00'),
    (245, 'SS0022', 'SQ021', NULL, 'C', NULL, '2026-06-12 15:45:00'),
    (246, 'SS0022', 'SQ011', NULL, 'C', NULL, '2026-06-12 15:45:00'),
    (247, 'SS0023', 'SQ036', NULL, NULL, 'Cũng đã vì và đang người nhưng đến nhưng cái vài này là.', '2026-06-12 15:45:00'),
    (248, 'SS0023', 'SQ055', NULL, NULL, 'Vẫn hoặc cái hơn để lớn khi đúng với.', '2026-06-12 15:45:00'),
    (249, 'SS0023', 'SQ012', NULL, 'D', NULL, '2026-06-12 15:45:00'),
    (250, 'SS0023', 'SQ002', NULL, 'C', NULL, '2026-06-12 15:45:00'),
    (251, 'SS0023', 'SQ023', NULL, 'C', NULL, '2026-06-12 15:45:00'),
    (252, 'SS0023', 'SQ010', NULL, NULL, 'Nào vài được đúng tại khiến bên có chỉ là.', '2026-06-12 15:45:00'),
    (253, 'SS0023', 'SQ007', NULL, 'D', NULL, '2026-06-12 15:45:00'),
    (254, 'SS0023', 'SQ047', 3, NULL, NULL, '2026-06-12 15:45:00'),
    (255, 'SS0023', 'SQ021', NULL, 'D', NULL, '2026-06-12 15:45:00'),
    (256, 'SS0023', 'SQ038', NULL, 'D', NULL, '2026-06-12 15:45:00'),
    (257, 'SS0023', 'SQ059', 1, NULL, NULL, '2026-06-12 15:45:00'),
    (258, 'SS0023', 'SQ006', 2, NULL, NULL, '2026-06-12 15:45:00'),
    (259, 'SS0024', 'SQ017', NULL, 'B', NULL, '2026-06-12 15:45:00'),
    (260, 'SS0024', 'SQ042', 3, NULL, NULL, '2026-06-12 15:45:00'),
    (261, 'SS0024', 'SQ059', 3, NULL, NULL, '2026-06-12 15:45:00'),
    (262, 'SS0024', 'SQ018', 2, NULL, NULL, '2026-06-12 15:45:00'),
    (263, 'SS0024', 'SQ051', 5, NULL, NULL, '2026-06-12 15:45:00'),
    (264, 'SS0024', 'SQ006', 2, NULL, NULL, '2026-06-12 15:45:00'),
    (265, 'SS0024', 'SQ027', NULL, NULL, 'Hơn tại này theo dưới chỉ cũng một.', '2026-06-12 15:45:00'),
    (266, 'SS0024', 'SQ021', NULL, 'A', NULL, '2026-06-12 15:45:00'),
    (267, 'SS0024', 'SQ008', NULL, 'A', NULL, '2026-06-12 15:45:00'),
    (268, 'SS0025', 'SQ006', 3, NULL, NULL, '2026-06-12 15:45:00'),
    (269, 'SS0025', 'SQ028', NULL, NULL, 'Này tự tự làm cách khi giữa vẫn.', '2026-06-12 15:45:00'),
    (270, 'SS0025', 'SQ048', NULL, NULL, 'Điều theo người cho bạn một theo đã với như hoặc.', '2026-06-12 15:45:00'),
    (271, 'SS0025', 'SQ022', NULL, 'D', NULL, '2026-06-12 15:45:00'),
    (272, 'SS0025', 'SQ002', NULL, 'D', NULL, '2026-06-12 15:45:00'),
    (273, 'SS0025', 'SQ005', NULL, 'B', NULL, '2026-06-12 15:45:00'),
    (274, 'SS0025', 'SQ040', NULL, 'B', NULL, '2026-06-12 15:45:00'),
    (275, 'SS0025', 'SQ047', 4, NULL, NULL, '2026-06-12 15:45:00'),
    (276, 'SS0026', 'SQ007', NULL, 'C', NULL, '2026-06-12 15:45:00'),
    (277, 'SS0026', 'SQ046', 3, NULL, NULL, '2026-06-12 15:45:00'),
    (278, 'SS0026', 'SQ001', 1, NULL, NULL, '2026-06-12 15:45:00'),
    (279, 'SS0026', 'SQ009', NULL, 'B', NULL, '2026-06-12 15:45:00'),
    (280, 'SS0026', 'SQ057', NULL, 'B', NULL, '2026-06-12 15:45:00'),
    (281, 'SS0026', 'SQ037', NULL, NULL, 'Tự giống trong khiến với để là sẽ này thì từng về đến để.', '2026-06-12 15:45:00'),
    (282, 'SS0026', 'SQ008', NULL, 'C', NULL, '2026-06-12 15:45:00'),
    (283, 'SS0026', 'SQ055', NULL, NULL, 'Khiến của sau cũng này từng mà.', '2026-06-12 15:45:00'),
    (284, 'SS0026', 'SQ006', 5, NULL, NULL, '2026-06-12 15:45:00'),
    (285, 'SS0026', 'SQ044', NULL, 'B', NULL, '2026-06-12 15:45:00'),
    (286, 'SS0026', 'SQ027', NULL, NULL, 'Và của theo với mà đến giống như đến như khi.', '2026-06-12 15:45:00'),
    (287, 'SS0026', 'SQ023', NULL, 'C', NULL, '2026-06-12 15:45:00'),
    (288, 'SS0026', 'SQ015', NULL, 'C', NULL, '2026-06-12 15:45:00'),
    (289, 'SS0026', 'SQ018', 2, NULL, NULL, '2026-06-12 15:45:00'),
    (290, 'SS0026', 'SQ050', 1, NULL, NULL, '2026-06-12 15:45:00'),
    (291, 'SS0027', 'SQ006', 1, NULL, NULL, '2026-06-12 15:45:00'),
    (292, 'SS0027', 'SQ007', NULL, 'D', NULL, '2026-06-12 15:45:00'),
    (293, 'SS0027', 'SQ055', NULL, NULL, 'Với hoặc sau hơn về hơn số nếu để giữa của.', '2026-06-12 15:45:00'),
    (294, 'SS0027', 'SQ011', NULL, 'B', NULL, '2026-06-12 15:45:00'),
    (295, 'SS0027', 'SQ023', NULL, 'B', NULL, '2026-06-12 15:45:00'),
    (296, 'SS0027', 'SQ049', 5, NULL, NULL, '2026-06-12 15:45:00'),
    (297, 'SS0027', 'SQ053', 2, NULL, NULL, '2026-06-12 15:45:00'),
    (298, 'SS0027', 'SQ013', NULL, 'B', NULL, '2026-06-12 15:45:00'),
    (299, 'SS0027', 'SQ025', NULL, 'D', NULL, '2026-06-12 15:45:00'),
    (300, 'SS0027', 'SQ015', NULL, 'C', NULL, '2026-06-12 15:45:00'),
    (301, 'SS0027', 'SQ059', 4, NULL, NULL, '2026-06-12 15:45:00'),
    (302, 'SS0027', 'SQ040', NULL, 'C', NULL, '2026-06-12 15:45:00'),
    (303, 'SS0027', 'SQ005', NULL, 'B', NULL, '2026-06-12 15:45:00'),
    (304, 'SS0028', 'SQ046', 4, NULL, NULL, '2026-06-12 15:45:00'),
    (305, 'SS0028', 'SQ044', NULL, 'B', NULL, '2026-06-12 15:45:00'),
    (306, 'SS0028', 'SQ053', 5, NULL, NULL, '2026-06-12 15:45:00'),
    (307, 'SS0028', 'SQ012', NULL, 'C', NULL, '2026-06-12 15:45:00'),
    (308, 'SS0028', 'SQ049', 4, NULL, NULL, '2026-06-12 15:45:00'),
    (309, 'SS0028', 'SQ016', NULL, 'C', NULL, '2026-06-12 15:45:00'),
    (310, 'SS0028', 'SQ026', NULL, 'C', NULL, '2026-06-12 15:45:00'),
    (311, 'SS0028', 'SQ005', NULL, 'B', NULL, '2026-06-12 15:45:00'),
    (312, 'SS0029', 'SQ036', NULL, NULL, 'Đúng cách có cũng như dưới cách theo đã hơn.', '2026-06-12 15:45:00'),
    (313, 'SS0029', 'SQ040', NULL, 'D', NULL, '2026-06-12 15:45:00'),
    (314, 'SS0029', 'SQ002', NULL, 'B', NULL, '2026-06-12 15:45:00'),
    (315, 'SS0029', 'SQ052', NULL, 'D', NULL, '2026-06-12 15:45:00'),
    (316, 'SS0029', 'SQ007', NULL, 'A', NULL, '2026-06-12 15:45:00'),
    (317, 'SS0029', 'SQ029', NULL, 'B', NULL, '2026-06-12 15:45:00'),
    (318, 'SS0029', 'SQ037', NULL, NULL, 'Sẽ người bên một đó như vì khi vì một như cũng hơn.', '2026-06-12 15:45:00'),
    (319, 'SS0029', 'SQ057', NULL, 'A', NULL, '2026-06-12 15:45:00'),
    (320, 'SS0029', 'SQ033', NULL, NULL, 'Dưới thay vì này như sẽ về đến.', '2026-06-12 15:45:00'),
    (321, 'SS0029', 'SQ024', NULL, 'B', NULL, '2026-06-12 15:45:00'),
    (322, 'SS0029', 'SQ016', NULL, 'B', NULL, '2026-06-12 15:45:00'),
    (323, 'SS0029', 'SQ026', NULL, 'C', NULL, '2026-06-12 15:45:00'),
    (324, 'SS0029', 'SQ059', 5, NULL, NULL, '2026-06-12 15:45:00'),
    (325, 'SS0029', 'SQ023', NULL, 'A', NULL, '2026-06-12 15:45:00'),
    (326, 'SS0029', 'SQ034', NULL, 'C', NULL, '2026-06-12 15:45:00'),
    (327, 'SS0030', 'SQ032', NULL, NULL, 'Làm các thế thế như như như đúng đến rất để đã từ thế như.', '2026-06-12 15:45:00'),
    (328, 'SS0030', 'SQ044', NULL, 'D', NULL, '2026-06-12 15:45:00'),
    (329, 'SS0030', 'SQ057', NULL, 'C', NULL, '2026-06-12 15:45:00'),
    (330, 'SS0030', 'SQ028', NULL, NULL, 'Như hơn đúng để đang người lớn điều sau để hoặc.', '2026-06-12 15:45:00'),
    (331, 'SS0030', 'SQ006', 5, NULL, NULL, '2026-06-12 15:45:00'),
    (332, 'SS0030', 'SQ031', NULL, NULL, 'Gần hoặc sẽ như nếu thì bên thay vẫn các về cũng vài đúng điều nhưng.', '2026-06-12 15:45:00'),
    (333, 'SS0030', 'SQ051', 3, NULL, NULL, '2026-06-12 15:45:00'),
    (334, 'SS0030', 'SQ027', NULL, NULL, 'Với thế nơi để thay khiến với như từng đến tại cũng như.', '2026-06-12 15:45:00'),
    (335, 'SS0030', 'SQ003', NULL, NULL, 'Khi như đã nhưng bên để người như tại của.', '2026-06-12 15:45:00'),
    (336, 'SS0031', 'SQ025', NULL, 'C', NULL, '2026-06-12 15:45:00'),
    (337, 'SS0031', 'SQ044', NULL, 'A', NULL, '2026-06-12 15:45:00'),
    (338, 'SS0031', 'SQ005', NULL, 'B', NULL, '2026-06-12 15:45:00'),
    (339, 'SS0031', 'SQ034', NULL, 'D', NULL, '2026-06-12 15:45:00'),
    (340, 'SS0031', 'SQ041', NULL, 'A', NULL, '2026-06-12 15:45:00'),
    (341, 'SS0031', 'SQ049', 2, NULL, NULL, '2026-06-12 15:45:00'),
    (342, 'SS0031', 'SQ027', NULL, NULL, 'Tự nhiều nhưng như từ sẽ khi nơi một.', '2026-06-12 15:45:00'),
    (343, 'SS0031', 'SQ047', 4, NULL, NULL, '2026-06-12 15:45:00'),
    (344, 'SS0031', 'SQ008', NULL, 'A', NULL, '2026-06-12 15:45:00'),
    (345, 'SS0031', 'SQ050', 2, NULL, NULL, '2026-06-12 15:45:00'),
    (346, 'SS0031', 'SQ058', NULL, NULL, 'Trong với mà số tôi là của tại tự về nào.', '2026-06-12 15:45:00'),
    (347, 'SS0031', 'SQ056', NULL, 'D', NULL, '2026-06-12 15:45:00'),
    (348, 'SS0031', 'SQ048', NULL, NULL, 'Cho của cái như vẫn này tại rất không rất chưa.', '2026-06-12 15:45:00'),
    (349, 'SS0031', 'SQ012', NULL, 'B', NULL, '2026-06-12 15:45:00'),
    (350, 'SS0032', 'SQ003', NULL, NULL, 'Cái không đó không nếu đến tự tự cũng cũng cách trong như vậy.', '2026-06-12 15:45:00'),
    (351, 'SS0032', 'SQ034', NULL, 'A', NULL, '2026-06-12 15:45:00'),
    (352, 'SS0032', 'SQ025', NULL, 'B', NULL, '2026-06-12 15:45:00'),
    (353, 'SS0032', 'SQ060', NULL, 'C', NULL, '2026-06-12 15:45:00'),
    (354, 'SS0032', 'SQ047', 3, NULL, NULL, '2026-06-12 15:45:00'),
    (355, 'SS0032', 'SQ008', NULL, 'C', NULL, '2026-06-12 15:45:00'),
    (356, 'SS0032', 'SQ039', NULL, 'D', NULL, '2026-06-12 15:45:00'),
    (357, 'SS0032', 'SQ057', NULL, 'D', NULL, '2026-06-12 15:45:00'),
    (358, 'SS0032', 'SQ022', NULL, 'A', NULL, '2026-06-12 15:45:00'),
    (359, 'SS0032', 'SQ050', 1, NULL, NULL, '2026-06-12 15:45:00'),
    (360, 'SS0032', 'SQ059', 2, NULL, NULL, '2026-06-12 15:45:00'),
    (361, 'SS0032', 'SQ032', NULL, NULL, 'Khi được với để tự như trong theo thì vẫn vài từng mà và.', '2026-06-12 15:45:00'),
    (362, 'SS0032', 'SQ043', NULL, 'B', NULL, '2026-06-12 15:45:00'),
    (363, 'SS0033', 'SQ040', NULL, 'B', NULL, '2026-06-12 15:45:00'),
    (364, 'SS0033', 'SQ004', NULL, NULL, 'Mỗi cũng đến cũng để như theo đến.', '2026-06-12 15:45:00'),
    (365, 'SS0033', 'SQ016', NULL, 'C', NULL, '2026-06-12 15:45:00'),
    (366, 'SS0033', 'SQ049', 2, NULL, NULL, '2026-06-12 15:45:00'),
    (367, 'SS0033', 'SQ010', NULL, NULL, 'Của đúng đúng mỗi giống của tại lớn.', '2026-06-12 15:45:00'),
    (368, 'SS0033', 'SQ053', 4, NULL, NULL, '2026-06-12 15:45:00'),
    (369, 'SS0033', 'SQ038', NULL, 'C', NULL, '2026-06-12 15:45:00'),
    (370, 'SS0033', 'SQ041', NULL, 'D', NULL, '2026-06-12 15:45:00'),
    (371, 'SS0033', 'SQ001', 2, NULL, NULL, '2026-06-12 15:45:00'),
    (372, 'SS0033', 'SQ015', NULL, 'B', NULL, '2026-06-12 15:45:00'),
    (373, 'SS0033', 'SQ055', NULL, NULL, 'Như một thế sẽ để vẫn giữa khi của cũng khi hoặc nơi.', '2026-06-12 15:45:00'),
    (374, 'SS0033', 'SQ044', NULL, 'C', NULL, '2026-06-12 15:45:00'),
    (375, 'SS0034', 'SQ054', NULL, NULL, 'Thay người người về trong chưa là khi các theo cách sẽ từ và về chưa.', '2026-06-12 15:45:00'),
    (376, 'SS0034', 'SQ028', NULL, NULL, 'Nơi để sau người nhiều thì cái.', '2026-06-12 15:45:00'),
    (377, 'SS0034', 'SQ059', 5, NULL, NULL, '2026-06-12 15:45:00'),
    (378, 'SS0034', 'SQ034', NULL, 'C', NULL, '2026-06-12 15:45:00'),
    (379, 'SS0034', 'SQ057', NULL, 'A', NULL, '2026-06-12 15:45:00'),
    (380, 'SS0034', 'SQ012', NULL, 'D', NULL, '2026-06-12 15:45:00'),
    (381, 'SS0034', 'SQ051', 3, NULL, NULL, '2026-06-12 15:45:00'),
    (382, 'SS0034', 'SQ045', NULL, 'B', NULL, '2026-06-12 15:45:00'),
    (383, 'SS0034', 'SQ017', NULL, 'D', NULL, '2026-06-12 15:45:00'),
    (384, 'SS0034', 'SQ049', 3, NULL, NULL, '2026-06-12 15:45:00'),
    (385, 'SS0034', 'SQ014', NULL, NULL, 'Với đến đúng của khiến về tại nào mà số cái có với gần cho theo.', '2026-06-12 15:45:00'),
    (386, 'SS0034', 'SQ010', NULL, NULL, 'Tự vậy hơn thế làm cách là tự có như có với là.', '2026-06-12 15:45:00'),
    (387, 'SS0034', 'SQ024', NULL, 'B', NULL, '2026-06-12 15:45:00'),
    (388, 'SS0035', 'SQ057', NULL, 'B', NULL, '2026-06-12 15:45:00'),
    (389, 'SS0035', 'SQ039', NULL, 'B', NULL, '2026-06-12 15:45:00'),
    (390, 'SS0035', 'SQ007', NULL, 'B', NULL, '2026-06-12 15:45:00'),
    (391, 'SS0035', 'SQ019', NULL, 'A', NULL, '2026-06-12 15:45:00'),
    (392, 'SS0035', 'SQ031', NULL, NULL, 'Là vậy trong vài hoặc nơi nơi từ sẽ.', '2026-06-12 15:45:00'),
    (393, 'SS0035', 'SQ055', NULL, NULL, 'Gần của nào rất tại của giống về đang sau bên khiến.', '2026-06-12 15:45:00'),
    (394, 'SS0035', 'SQ033', NULL, NULL, 'Cho nhiều từ được đã mỗi là nếu đang.', '2026-06-12 15:45:00'),
    (395, 'SS0035', 'SQ003', NULL, NULL, 'Sau làm của sau hoặc thế trong cho chưa đúng vậy bên tự.', '2026-06-12 15:45:00'),
    (396, 'SS0035', 'SQ024', NULL, 'D', NULL, '2026-06-12 15:45:00'),
    (397, 'SS0036', 'SQ004', NULL, NULL, 'Tự có tại có của tôi có trong là nơi nhiều được nhưng cho vì.', '2026-06-12 15:45:00'),
    (398, 'SS0036', 'SQ012', NULL, 'C', NULL, '2026-06-12 15:45:00'),
    (399, 'SS0036', 'SQ039', NULL, 'A', NULL, '2026-06-12 15:45:00'),
    (400, 'SS0036', 'SQ034', NULL, 'A', NULL, '2026-06-12 15:45:00'),
    (401, 'SS0036', 'SQ051', 3, NULL, NULL, '2026-06-12 15:45:00'),
    (402, 'SS0036', 'SQ024', NULL, 'D', NULL, '2026-06-12 15:45:00'),
    (403, 'SS0036', 'SQ028', NULL, NULL, 'Được bạn đang người vẫn nào như cũng của.', '2026-06-12 15:45:00'),
    (404, 'SS0036', 'SQ053', 1, NULL, NULL, '2026-06-12 15:45:00'),
    (405, 'SS0036', 'SQ009', NULL, 'B', NULL, '2026-06-12 15:45:00'),
    (406, 'SS0036', 'SQ019', NULL, 'B', NULL, '2026-06-12 15:45:00'),
    (407, 'SS0036', 'SQ013', NULL, 'D', NULL, '2026-06-12 15:45:00'),
    (408, 'SS0036', 'SQ015', NULL, 'A', NULL, '2026-06-12 15:45:00'),
    (409, 'SS0036', 'SQ045', NULL, 'B', NULL, '2026-06-12 15:45:00'),
    (410, 'SS0037', 'SQ015', NULL, 'B', NULL, '2026-06-12 15:45:00'),
    (411, 'SS0037', 'SQ032', NULL, NULL, 'Sẽ bạn với của tại từ đang người chưa mỗi giữa có cũng của.', '2026-06-12 15:45:00'),
    (412, 'SS0037', 'SQ023', NULL, 'A', NULL, '2026-06-12 15:45:00'),
    (413, 'SS0037', 'SQ043', NULL, 'C', NULL, '2026-06-12 15:45:00'),
    (414, 'SS0037', 'SQ060', NULL, 'A', NULL, '2026-06-12 15:45:00'),
    (415, 'SS0037', 'SQ016', NULL, 'B', NULL, '2026-06-12 15:45:00'),
    (416, 'SS0037', 'SQ029', NULL, 'B', NULL, '2026-06-12 15:45:00'),
    (417, 'SS0037', 'SQ024', NULL, 'C', NULL, '2026-06-12 15:45:00'),
    (418, 'SS0037', 'SQ030', 4, NULL, NULL, '2026-06-12 15:45:00'),
    (419, 'SS0037', 'SQ021', NULL, 'A', NULL, '2026-06-12 15:45:00'),
    (420, 'SS0037', 'SQ019', NULL, 'B', NULL, '2026-06-12 15:45:00'),
    (421, 'SS0037', 'SQ050', 2, NULL, NULL, '2026-06-12 15:45:00'),
    (422, 'SS0037', 'SQ013', NULL, 'B', NULL, '2026-06-12 15:45:00'),
    (423, 'SS0037', 'SQ031', NULL, NULL, 'Thì vậy gần đúng như đến đúng hoặc hơn.', '2026-06-12 15:45:00'),
    (424, 'SS0038', 'SQ044', NULL, 'D', NULL, '2026-06-12 15:45:00'),
    (425, 'SS0038', 'SQ032', NULL, NULL, 'Từ bạn điều thế sau tự để vì không giống chỉ đã mỗi của vì.', '2026-06-12 15:45:00'),
    (426, 'SS0038', 'SQ026', NULL, 'B', NULL, '2026-06-12 15:45:00'),
    (427, 'SS0038', 'SQ016', NULL, 'B', NULL, '2026-06-12 15:45:00'),
    (428, 'SS0038', 'SQ011', NULL, 'B', NULL, '2026-06-12 15:45:00'),
    (429, 'SS0038', 'SQ050', 1, NULL, NULL, '2026-06-12 15:45:00'),
    (430, 'SS0038', 'SQ031', NULL, NULL, 'Nhưng như cái để tự hơn tại là cho nào hoặc cái đó nhiều khiến.', '2026-06-12 15:45:00'),
    (431, 'SS0038', 'SQ025', NULL, 'D', NULL, '2026-06-12 15:45:00'),
    (432, 'SS0038', 'SQ056', NULL, 'A', NULL, '2026-06-12 15:45:00'),
    (433, 'SS0038', 'SQ053', 2, NULL, NULL, '2026-06-12 15:45:00'),
    (434, 'SS0038', 'SQ037', NULL, NULL, 'Tại gần được thế nếu các nhưng làm lớn tại này khi tôi chỉ cho nhiều.', '2026-06-12 15:45:00'),
    (435, 'SS0039', 'SQ008', NULL, 'D', NULL, '2026-06-12 15:45:00'),
    (436, 'SS0039', 'SQ014', NULL, NULL, 'Thay đã thế làm để nhưng để có là chưa như.', '2026-06-12 15:45:00'),
    (437, 'SS0039', 'SQ057', NULL, 'D', NULL, '2026-06-12 15:45:00'),
    (438, 'SS0039', 'SQ040', NULL, 'D', NULL, '2026-06-12 15:45:00'),
    (439, 'SS0039', 'SQ020', NULL, NULL, 'Sau của để này một tại bên như.', '2026-06-12 15:45:00'),
    (440, 'SS0039', 'SQ048', NULL, NULL, 'Bên sẽ số để đi vài với hoặc đã đó chưa.', '2026-06-12 15:45:00'),
    (441, 'SS0039', 'SQ021', NULL, 'C', NULL, '2026-06-12 15:45:00'),
    (442, 'SS0039', 'SQ055', NULL, NULL, 'Giữa tự về của tự như đúng như làm số.', '2026-06-12 15:45:00'),
    (443, 'SS0040', 'SQ053', 5, NULL, NULL, '2026-06-12 15:45:00'),
    (444, 'SS0040', 'SQ021', NULL, 'C', NULL, '2026-06-12 15:45:00'),
    (445, 'SS0040', 'SQ034', NULL, 'C', NULL, '2026-06-12 15:45:00'),
    (446, 'SS0040', 'SQ057', NULL, 'D', NULL, '2026-06-12 15:45:00'),
    (447, 'SS0040', 'SQ035', NULL, 'C', NULL, '2026-06-12 15:45:00'),
    (448, 'SS0040', 'SQ054', NULL, NULL, 'Số khiến sau tự đang nhiều thì sẽ.', '2026-06-12 15:45:00'),
    (449, 'SS0040', 'SQ003', NULL, NULL, 'Với về và nhưng khi tại như tại đi.', '2026-06-12 15:45:00'),
    (450, 'SS0040', 'SQ018', 5, NULL, NULL, '2026-06-12 15:45:00'),
    (451, 'SS0040', 'SQ058', NULL, NULL, 'Người của khiến thì cũng như rất bên vậy từ này.', '2026-06-12 15:45:00'),
    (452, 'SS0041', 'SQ039', NULL, 'B', NULL, '2026-06-12 15:45:00'),
    (453, 'SS0041', 'SQ038', NULL, 'B', NULL, '2026-06-12 15:45:00'),
    (454, 'SS0041', 'SQ043', NULL, 'D', NULL, '2026-06-12 15:45:00'),
    (455, 'SS0041', 'SQ017', NULL, 'B', NULL, '2026-06-12 15:45:00'),
    (456, 'SS0041', 'SQ010', NULL, NULL, 'Chưa cách các thay cho không dưới cái khiến đang thì nhưng đi đang mà và.', '2026-06-12 15:45:00'),
    (457, 'SS0041', 'SQ034', NULL, 'A', NULL, '2026-06-12 15:45:00'),
    (458, 'SS0041', 'SQ011', NULL, 'B', NULL, '2026-06-12 15:45:00'),
    (459, 'SS0041', 'SQ048', NULL, NULL, 'Cho đó không có hoặc tại để đúng hoặc.', '2026-06-12 15:45:00'),
    (460, 'SS0041', 'SQ058', NULL, NULL, 'Cho theo đến người sẽ sau khi như có để.', '2026-06-12 15:45:00'),
    (461, 'SS0041', 'SQ014', NULL, NULL, 'Trong đang thế mà điều như cách giữa tôi.', '2026-06-12 15:45:00'),
    (462, 'SS0041', 'SQ057', NULL, 'A', NULL, '2026-06-12 15:45:00'),
    (463, 'SS0041', 'SQ049', 2, NULL, NULL, '2026-06-12 15:45:00'),
    (464, 'SS0041', 'SQ045', NULL, 'C', NULL, '2026-06-12 15:45:00'),
    (465, 'SS0042', 'SQ051', 5, NULL, NULL, '2026-06-12 15:45:00'),
    (466, 'SS0042', 'SQ047', 1, NULL, NULL, '2026-06-12 15:45:00'),
    (467, 'SS0042', 'SQ053', 1, NULL, NULL, '2026-06-12 15:45:00'),
    (468, 'SS0042', 'SQ054', NULL, NULL, 'Làm theo và tại giống chỉ từ khi cái có trong để giữa đi để như.', '2026-06-12 15:45:00'),
    (469, 'SS0042', 'SQ027', NULL, NULL, 'Người từ cái trong như như đang đi giống như với trong vậy từng.', '2026-06-12 15:45:00'),
    (470, 'SS0042', 'SQ003', NULL, NULL, 'Các cái bên nếu tự để cũng vài từ hoặc được chỉ của của.', '2026-06-12 15:45:00'),
    (471, 'SS0042', 'SQ006', 5, NULL, NULL, '2026-06-12 15:45:00'),
    (472, 'SS0042', 'SQ017', NULL, 'D', NULL, '2026-06-12 15:45:00'),
    (473, 'SS0042', 'SQ057', NULL, 'D', NULL, '2026-06-12 15:45:00'),
    (474, 'SS0042', 'SQ042', 1, NULL, NULL, '2026-06-12 15:45:00'),
    (475, 'SS0042', 'SQ046', 4, NULL, NULL, '2026-06-12 15:45:00'),
    (476, 'SS0043', 'SQ060', NULL, 'D', NULL, '2026-06-12 15:45:00'),
    (477, 'SS0043', 'SQ025', NULL, 'A', NULL, '2026-06-12 15:45:00'),
    (478, 'SS0043', 'SQ005', NULL, 'D', NULL, '2026-06-12 15:45:00'),
    (479, 'SS0043', 'SQ041', NULL, 'C', NULL, '2026-06-12 15:45:00'),
    (480, 'SS0043', 'SQ008', NULL, 'A', NULL, '2026-06-12 15:45:00'),
    (481, 'SS0043', 'SQ020', NULL, NULL, 'Sẽ để với khiến nơi gần được tại cho tại đó người.', '2026-06-12 15:45:00'),
    (482, 'SS0043', 'SQ047', 4, NULL, NULL, '2026-06-12 15:45:00'),
    (483, 'SS0043', 'SQ033', NULL, NULL, 'Của đi cái mà này bên từ.', '2026-06-12 15:45:00'),
    (484, 'SS0043', 'SQ027', NULL, NULL, 'Tôi trong tại một số của tự một để tại này được sau theo tự làm.', '2026-06-12 15:45:00'),
    (485, 'SS0043', 'SQ036', NULL, NULL, 'Vẫn sau là nơi đang cái của từ để theo để cái có.', '2026-06-12 15:45:00'),
    (486, 'SS0043', 'SQ026', NULL, 'C', NULL, '2026-06-12 15:45:00'),
    (487, 'SS0043', 'SQ012', NULL, 'B', NULL, '2026-06-12 15:45:00'),
    (488, 'SS0044', 'SQ043', NULL, 'C', NULL, '2026-06-12 15:45:00'),
    (489, 'SS0044', 'SQ014', NULL, NULL, 'Mà nơi được bên khiến lớn vì tại đang đó theo sẽ không số tôi về.', '2026-06-12 15:45:00'),
    (490, 'SS0044', 'SQ030', 1, NULL, NULL, '2026-06-12 15:45:00'),
    (491, 'SS0044', 'SQ059', 4, NULL, NULL, '2026-06-12 15:45:00'),
    (492, 'SS0044', 'SQ048', NULL, NULL, 'Như cũng có hơn như trong khiến rất rất.', '2026-06-12 15:45:00'),
    (493, 'SS0044', 'SQ036', NULL, NULL, 'Cho đi người sau giống vẫn các này đã bạn bên để gần.', '2026-06-12 15:45:00'),
    (494, 'SS0044', 'SQ008', NULL, 'C', NULL, '2026-06-12 15:45:00'),
    (495, 'SS0044', 'SQ019', NULL, 'D', NULL, '2026-06-12 15:45:00'),
    (496, 'SS0044', 'SQ022', NULL, 'D', NULL, '2026-06-12 15:45:00'),
    (497, 'SS0044', 'SQ033', NULL, NULL, 'Trong vì mà cho một từ tại.', '2026-06-12 15:45:00'),
    (498, 'SS0044', 'SQ013', NULL, 'A', NULL, '2026-06-12 15:45:00'),
    (499, 'SS0044', 'SQ054', NULL, NULL, 'Đang sau cho này đến đó đúng gần hoặc đang cho nơi của.', '2026-06-12 15:45:00'),
    (500, 'SS0045', 'SQ026', NULL, 'B', NULL, '2026-06-12 15:45:00');

INSERT INTO survey_answers (id, survey_session_id, survey_question_id, rating_value, choice_value, text_value, created_at) VALUES
    (501, 'SS0045', 'SQ041', NULL, 'D', NULL, '2026-06-12 15:45:00'),
    (502, 'SS0045', 'SQ060', NULL, 'A', NULL, '2026-06-12 15:45:00'),
    (503, 'SS0045', 'SQ028', NULL, NULL, 'Như được lớn cho của cũng mỗi nơi vài.', '2026-06-12 15:45:00'),
    (504, 'SS0045', 'SQ016', NULL, 'B', NULL, '2026-06-12 15:45:00'),
    (505, 'SS0045', 'SQ040', NULL, 'C', NULL, '2026-06-12 15:45:00'),
    (506, 'SS0045', 'SQ015', NULL, 'C', NULL, '2026-06-12 15:45:00'),
    (507, 'SS0045', 'SQ045', NULL, 'B', NULL, '2026-06-12 15:45:00'),
    (508, 'SS0046', 'SQ004', NULL, NULL, 'Đến sẽ cho thế vì thì là một nhiều như với các như làm của.', '2026-06-12 15:45:00'),
    (509, 'SS0046', 'SQ032', NULL, NULL, 'Rất số mỗi như cho tôi mỗi từ vài của để từ một của với.', '2026-06-12 15:45:00'),
    (510, 'SS0046', 'SQ012', NULL, 'B', NULL, '2026-06-12 15:45:00'),
    (511, 'SS0046', 'SQ022', NULL, 'D', NULL, '2026-06-12 15:45:00'),
    (512, 'SS0046', 'SQ042', 3, NULL, NULL, '2026-06-12 15:45:00'),
    (513, 'SS0046', 'SQ023', NULL, 'C', NULL, '2026-06-12 15:45:00'),
    (514, 'SS0046', 'SQ001', 3, NULL, NULL, '2026-06-12 15:45:00'),
    (515, 'SS0046', 'SQ020', NULL, NULL, 'Để của số này của điều mỗi.', '2026-06-12 15:45:00'),
    (516, 'SS0046', 'SQ006', 4, NULL, NULL, '2026-06-12 15:45:00'),
    (517, 'SS0046', 'SQ005', NULL, 'B', NULL, '2026-06-12 15:45:00'),
    (518, 'SS0046', 'SQ058', NULL, NULL, 'Không rất cũng để đó vài của.', '2026-06-12 15:45:00'),
    (519, 'SS0047', 'SQ033', NULL, NULL, 'Làm sau có từ tại như lớn đó cách tại nào với để.', '2026-06-12 15:45:00'),
    (520, 'SS0047', 'SQ017', NULL, 'D', NULL, '2026-06-12 15:45:00'),
    (521, 'SS0047', 'SQ022', NULL, 'B', NULL, '2026-06-12 15:45:00'),
    (522, 'SS0047', 'SQ042', 4, NULL, NULL, '2026-06-12 15:45:00'),
    (523, 'SS0047', 'SQ012', NULL, 'C', NULL, '2026-06-12 15:45:00'),
    (524, 'SS0047', 'SQ041', NULL, 'B', NULL, '2026-06-12 15:45:00'),
    (525, 'SS0047', 'SQ003', NULL, NULL, 'Bên cách như như tại làm với như bạn hoặc khiến của theo nơi để cũng.', '2026-06-12 15:45:00'),
    (526, 'SS0047', 'SQ053', 5, NULL, NULL, '2026-06-12 15:45:00'),
    (527, 'SS0047', 'SQ014', NULL, NULL, 'Số không lớn vậy khi lớn cũng của để có người và thế khiến là rất.', '2026-06-12 15:45:00'),
    (528, 'SS0047', 'SQ043', NULL, 'D', NULL, '2026-06-12 15:45:00'),
    (529, 'SS0048', 'SQ017', NULL, 'D', NULL, '2026-06-12 15:45:00'),
    (530, 'SS0048', 'SQ001', 4, NULL, NULL, '2026-06-12 15:45:00'),
    (531, 'SS0048', 'SQ030', 4, NULL, NULL, '2026-06-12 15:45:00'),
    (532, 'SS0048', 'SQ046', 1, NULL, NULL, '2026-06-12 15:45:00'),
    (533, 'SS0048', 'SQ045', NULL, 'B', NULL, '2026-06-12 15:45:00'),
    (534, 'SS0048', 'SQ026', NULL, 'D', NULL, '2026-06-12 15:45:00'),
    (535, 'SS0048', 'SQ034', NULL, 'C', NULL, '2026-06-12 15:45:00'),
    (536, 'SS0048', 'SQ010', NULL, NULL, 'Từng bên được đúng và chưa người mà nơi là này vậy tại từ.', '2026-06-12 15:45:00'),
    (537, 'SS0048', 'SQ039', NULL, 'D', NULL, '2026-06-12 15:45:00'),
    (538, 'SS0048', 'SQ002', NULL, 'B', NULL, '2026-06-12 15:45:00'),
    (539, 'SS0049', 'SQ015', NULL, 'C', NULL, '2026-06-12 15:45:00'),
    (540, 'SS0049', 'SQ018', 1, NULL, NULL, '2026-06-12 15:45:00'),
    (541, 'SS0049', 'SQ023', NULL, 'A', NULL, '2026-06-12 15:45:00'),
    (542, 'SS0049', 'SQ002', NULL, 'B', NULL, '2026-06-12 15:45:00'),
    (543, 'SS0049', 'SQ005', NULL, 'B', NULL, '2026-06-12 15:45:00'),
    (544, 'SS0049', 'SQ007', NULL, 'C', NULL, '2026-06-12 15:45:00'),
    (545, 'SS0049', 'SQ053', 5, NULL, NULL, '2026-06-12 15:45:00'),
    (546, 'SS0049', 'SQ014', NULL, NULL, 'Cách vẫn có chỉ trong như là tại được về với theo như nhiều.', '2026-06-12 15:45:00'),
    (547, 'SS0049', 'SQ010', NULL, NULL, 'Và mỗi vì vậy cách lớn đó lớn với của người làm.', '2026-06-12 15:45:00'),
    (548, 'SS0049', 'SQ003', NULL, NULL, 'Từng trong thế vậy để để từng.', '2026-06-12 15:45:00'),
    (549, 'SS0049', 'SQ030', 2, NULL, NULL, '2026-06-12 15:45:00'),
    (550, 'SS0049', 'SQ004', NULL, NULL, 'Đúng tại như vậy khiến vẫn bạn chưa tại được đang nào.', '2026-06-12 15:45:00'),
    (551, 'SS0049', 'SQ008', NULL, 'B', NULL, '2026-06-12 15:45:00'),
    (552, 'SS0049', 'SQ047', 1, NULL, NULL, '2026-06-12 15:45:00'),
    (553, 'SS0049', 'SQ057', NULL, 'D', NULL, '2026-06-12 15:45:00'),
    (554, 'SS0050', 'SQ013', NULL, 'D', NULL, '2026-06-12 15:45:00'),
    (555, 'SS0050', 'SQ059', 3, NULL, NULL, '2026-06-12 15:45:00'),
    (556, 'SS0050', 'SQ033', NULL, NULL, 'Một tôi trong thay các lớn với từ cách mà như và.', '2026-06-12 15:45:00'),
    (557, 'SS0050', 'SQ011', NULL, 'D', NULL, '2026-06-12 15:45:00'),
    (558, 'SS0050', 'SQ015', NULL, 'C', NULL, '2026-06-12 15:45:00'),
    (559, 'SS0050', 'SQ048', NULL, NULL, 'Lớn hơn bạn sau có để nơi vài số có.', '2026-06-12 15:45:00'),
    (560, 'SS0050', 'SQ028', NULL, NULL, 'Đó thì vì cho vì trong gần dưới.', '2026-06-12 15:45:00'),
    (561, 'SS0050', 'SQ058', NULL, NULL, 'Sau vì khiến như khiến giống này bạn như có đó chỉ như từ.', '2026-06-12 15:45:00'),
    (562, 'SS0050', 'SQ055', NULL, NULL, 'Nếu một vì với nhiều nơi của người đúng đã như giống.', '2026-06-12 15:45:00'),
    (563, 'SS0050', 'SQ021', NULL, 'C', NULL, '2026-06-12 15:45:00'),
    (564, 'SS0050', 'SQ031', NULL, NULL, 'Vẫn mà đúng đi nơi giống của nhưng rất như.', '2026-06-12 15:45:00'),
    (565, 'SS0050', 'SQ035', NULL, 'D', NULL, '2026-06-12 15:45:00'),
    (566, 'SS0050', 'SQ029', NULL, 'C', NULL, '2026-06-12 15:45:00'),
    (567, 'SS0050', 'SQ050', 2, NULL, NULL, '2026-06-12 15:45:00'),
    (568, 'SS0050', 'SQ057', NULL, 'A', NULL, '2026-06-12 15:45:00'),
    (569, 'SS0051', 'SQ003', NULL, NULL, 'Với là làm làm với đã làm của bên vậy để đã vì khiến.', '2026-06-12 15:45:00'),
    (570, 'SS0051', 'SQ041', NULL, 'C', NULL, '2026-06-12 15:45:00'),
    (571, 'SS0051', 'SQ050', 2, NULL, NULL, '2026-06-12 15:45:00'),
    (572, 'SS0051', 'SQ039', NULL, 'A', NULL, '2026-06-12 15:45:00'),
    (573, 'SS0051', 'SQ021', NULL, 'B', NULL, '2026-06-12 15:45:00'),
    (574, 'SS0051', 'SQ028', NULL, NULL, 'Gần các vì chưa chưa đúng lớn là trong sau hơn với như vài người.', '2026-06-12 15:45:00'),
    (575, 'SS0051', 'SQ043', NULL, 'B', NULL, '2026-06-12 15:45:00'),
    (576, 'SS0051', 'SQ034', NULL, 'A', NULL, '2026-06-12 15:45:00'),
    (577, 'SS0051', 'SQ037', NULL, NULL, 'Các như của tự vẫn đến của rất vì cũng đang.', '2026-06-12 15:45:00'),
    (578, 'SS0052', 'SQ027', NULL, NULL, 'Đang đã như số hoặc là khi nơi vài không mỗi sau như chưa dưới.', '2026-06-12 15:45:00'),
    (579, 'SS0052', 'SQ015', NULL, 'A', NULL, '2026-06-12 15:45:00'),
    (580, 'SS0052', 'SQ014', NULL, NULL, 'Từ chưa được đang nếu chỉ với như không và một đó.', '2026-06-12 15:45:00'),
    (581, 'SS0052', 'SQ023', NULL, 'C', NULL, '2026-06-12 15:45:00'),
    (582, 'SS0052', 'SQ016', NULL, 'A', NULL, '2026-06-12 15:45:00'),
    (583, 'SS0052', 'SQ022', NULL, 'A', NULL, '2026-06-12 15:45:00'),
    (584, 'SS0052', 'SQ001', 4, NULL, NULL, '2026-06-12 15:45:00'),
    (585, 'SS0052', 'SQ052', NULL, 'B', NULL, '2026-06-12 15:45:00'),
    (586, 'SS0052', 'SQ012', NULL, 'A', NULL, '2026-06-12 15:45:00'),
    (587, 'SS0052', 'SQ042', 1, NULL, NULL, '2026-06-12 15:45:00'),
    (588, 'SS0052', 'SQ020', NULL, NULL, 'Nhưng đó hoặc của là nào có nhiều với hơn với thay như.', '2026-06-12 15:45:00'),
    (589, 'SS0052', 'SQ019', NULL, 'C', NULL, '2026-06-12 15:45:00'),
    (590, 'SS0052', 'SQ050', 3, NULL, NULL, '2026-06-12 15:45:00'),
    (591, 'SS0053', 'SQ057', NULL, 'B', NULL, '2026-06-12 15:45:00'),
    (592, 'SS0053', 'SQ035', NULL, 'A', NULL, '2026-06-12 15:45:00'),
    (593, 'SS0053', 'SQ032', NULL, NULL, 'Chưa này vậy để cho điều cũng thay.', '2026-06-12 15:45:00'),
    (594, 'SS0053', 'SQ015', NULL, 'C', NULL, '2026-06-12 15:45:00'),
    (595, 'SS0053', 'SQ012', NULL, 'B', NULL, '2026-06-12 15:45:00'),
    (596, 'SS0053', 'SQ039', NULL, 'A', NULL, '2026-06-12 15:45:00'),
    (597, 'SS0053', 'SQ025', NULL, 'B', NULL, '2026-06-12 15:45:00'),
    (598, 'SS0053', 'SQ043', NULL, 'A', NULL, '2026-06-12 15:45:00'),
    (599, 'SS0053', 'SQ060', NULL, 'B', NULL, '2026-06-12 15:45:00'),
    (600, 'SS0053', 'SQ046', 2, NULL, NULL, '2026-06-12 15:45:00'),
    (601, 'SS0053', 'SQ045', NULL, 'A', NULL, '2026-06-12 15:45:00'),
    (602, 'SS0054', 'SQ051', 3, NULL, NULL, '2026-06-12 15:45:00'),
    (603, 'SS0054', 'SQ059', 3, NULL, NULL, '2026-06-12 15:45:00'),
    (604, 'SS0054', 'SQ058', NULL, NULL, 'Từng bên điều dưới nhiều cái có người làm vì.', '2026-06-12 15:45:00'),
    (605, 'SS0054', 'SQ042', 3, NULL, NULL, '2026-06-12 15:45:00'),
    (606, 'SS0054', 'SQ009', NULL, 'C', NULL, '2026-06-12 15:45:00'),
    (607, 'SS0054', 'SQ027', NULL, NULL, 'Tại đó chỉ thay cái vài các về giống vậy được để số đi điều.', '2026-06-12 15:45:00'),
    (608, 'SS0054', 'SQ025', NULL, 'B', NULL, '2026-06-12 15:45:00'),
    (609, 'SS0054', 'SQ039', NULL, 'A', NULL, '2026-06-12 15:45:00'),
    (610, 'SS0054', 'SQ044', NULL, 'D', NULL, '2026-06-12 15:45:00'),
    (611, 'SS0054', 'SQ028', NULL, NULL, 'Các về như đang như như để và cái như để như có từng người.', '2026-06-12 15:45:00'),
    (612, 'SS0054', 'SQ002', NULL, 'D', NULL, '2026-06-12 15:45:00'),
    (613, 'SS0054', 'SQ046', 1, NULL, NULL, '2026-06-12 15:45:00'),
    (614, 'SS0054', 'SQ034', NULL, 'B', NULL, '2026-06-12 15:45:00'),
    (615, 'SS0054', 'SQ020', NULL, NULL, 'Không tôi tự và của đúng vì từ từng từ thì tôi nhưng được.', '2026-06-12 15:45:00'),
    (616, 'SS0054', 'SQ003', NULL, NULL, 'Sau từ của có bên đúng được để.', '2026-06-12 15:45:00'),
    (617, 'SS0055', 'SQ001', 4, NULL, NULL, '2026-06-12 15:45:00'),
    (618, 'SS0055', 'SQ004', NULL, NULL, 'Thì với một vậy tôi về cách như của.', '2026-06-12 15:45:00'),
    (619, 'SS0055', 'SQ044', NULL, 'B', NULL, '2026-06-12 15:45:00'),
    (620, 'SS0055', 'SQ008', NULL, 'C', NULL, '2026-06-12 15:45:00'),
    (621, 'SS0055', 'SQ060', NULL, 'B', NULL, '2026-06-12 15:45:00'),
    (622, 'SS0055', 'SQ033', NULL, NULL, 'Khi vẫn rất hoặc sẽ khi các đang khiến hoặc như đi khi làm gần.', '2026-06-12 15:45:00'),
    (623, 'SS0055', 'SQ026', NULL, 'D', NULL, '2026-06-12 15:45:00'),
    (624, 'SS0055', 'SQ016', NULL, 'D', NULL, '2026-06-12 15:45:00'),
    (625, 'SS0055', 'SQ035', NULL, 'C', NULL, '2026-06-12 15:45:00'),
    (626, 'SS0055', 'SQ003', NULL, NULL, 'Thế gần như vậy cũng tự cũng đó dưới như nào hơn.', '2026-06-12 15:45:00'),
    (627, 'SS0055', 'SQ041', NULL, 'D', NULL, '2026-06-12 15:45:00'),
    (628, 'SS0055', 'SQ021', NULL, 'A', NULL, '2026-06-12 15:45:00'),
    (629, 'SS0056', 'SQ005', NULL, 'B', NULL, '2026-06-12 15:45:00'),
    (630, 'SS0056', 'SQ004', NULL, NULL, 'Mỗi nếu để giữa người cũng nơi khiến mỗi vì để trong giữa.', '2026-06-12 15:45:00'),
    (631, 'SS0056', 'SQ027', NULL, NULL, 'Đến từ đi rất tại tôi đi đến để cái số khiến sau tại chỉ thay.', '2026-06-12 15:45:00'),
    (632, 'SS0056', 'SQ014', NULL, NULL, 'Của theo như giống đi của rất dưới như đi tự nơi vì nào.', '2026-06-12 15:45:00'),
    (633, 'SS0056', 'SQ021', NULL, 'D', NULL, '2026-06-12 15:45:00'),
    (634, 'SS0056', 'SQ024', NULL, 'A', NULL, '2026-06-12 15:45:00'),
    (635, 'SS0056', 'SQ051', 1, NULL, NULL, '2026-06-12 15:45:00'),
    (636, 'SS0056', 'SQ018', 1, NULL, NULL, '2026-06-12 15:45:00'),
    (637, 'SS0056', 'SQ053', 2, NULL, NULL, '2026-06-12 15:45:00'),
    (638, 'SS0057', 'SQ015', NULL, 'C', NULL, '2026-06-12 15:45:00'),
    (639, 'SS0057', 'SQ026', NULL, 'C', NULL, '2026-06-12 15:45:00'),
    (640, 'SS0057', 'SQ039', NULL, 'D', NULL, '2026-06-12 15:45:00'),
    (641, 'SS0057', 'SQ019', NULL, 'A', NULL, '2026-06-12 15:45:00'),
    (642, 'SS0057', 'SQ027', NULL, NULL, 'Là khi thì lớn dưới nếu với tự sau khiến.', '2026-06-12 15:45:00'),
    (643, 'SS0057', 'SQ057', NULL, 'A', NULL, '2026-06-12 15:45:00'),
    (644, 'SS0057', 'SQ058', NULL, NULL, 'Các thay gần là hoặc của như như có thay như.', '2026-06-12 15:45:00'),
    (645, 'SS0057', 'SQ023', NULL, 'B', NULL, '2026-06-12 15:45:00'),
    (646, 'SS0057', 'SQ042', 3, NULL, NULL, '2026-06-12 15:45:00'),
    (647, 'SS0057', 'SQ056', NULL, 'A', NULL, '2026-06-12 15:45:00'),
    (648, 'SS0057', 'SQ041', NULL, 'D', NULL, '2026-06-12 15:45:00'),
    (649, 'SS0057', 'SQ017', NULL, 'B', NULL, '2026-06-12 15:45:00'),
    (650, 'SS0057', 'SQ045', NULL, 'C', NULL, '2026-06-12 15:45:00'),
    (651, 'SS0057', 'SQ053', 5, NULL, NULL, '2026-06-12 15:45:00'),
    (652, 'SS0057', 'SQ054', NULL, NULL, 'Của theo để này như đã vì từ với tự.', '2026-06-12 15:45:00'),
    (653, 'SS0058', 'SQ033', NULL, NULL, 'Lớn đúng gần với làm được tại rất như tự nhưng sau cái.', '2026-06-12 15:45:00'),
    (654, 'SS0058', 'SQ024', NULL, 'D', NULL, '2026-06-12 15:45:00'),
    (655, 'SS0058', 'SQ049', 1, NULL, NULL, '2026-06-12 15:45:00'),
    (656, 'SS0058', 'SQ046', 4, NULL, NULL, '2026-06-12 15:45:00'),
    (657, 'SS0058', 'SQ019', NULL, 'A', NULL, '2026-06-12 15:45:00'),
    (658, 'SS0058', 'SQ020', NULL, NULL, 'Vài của cũng giống có để vậy như.', '2026-06-12 15:45:00'),
    (659, 'SS0058', 'SQ006', 3, NULL, NULL, '2026-06-12 15:45:00'),
    (660, 'SS0058', 'SQ048', NULL, NULL, 'Để mà với chưa thế không một thay cho.', '2026-06-12 15:45:00'),
    (661, 'SS0058', 'SQ031', NULL, NULL, 'Đã vài hơn như tại hoặc mà đến của trong nhiều.', '2026-06-12 15:45:00'),
    (662, 'SS0058', 'SQ026', NULL, 'A', NULL, '2026-06-12 15:45:00'),
    (663, 'SS0058', 'SQ050', 3, NULL, NULL, '2026-06-12 15:45:00'),
    (664, 'SS0058', 'SQ025', NULL, 'C', NULL, '2026-06-12 15:45:00'),
    (665, 'SS0058', 'SQ027', NULL, NULL, 'Không đang các không từng nơi được và từ chỉ một của thế vì.', '2026-06-12 15:45:00'),
    (666, 'SS0058', 'SQ041', NULL, 'C', NULL, '2026-06-12 15:45:00'),
    (667, 'SS0058', 'SQ030', 4, NULL, NULL, '2026-06-12 15:45:00'),
    (668, 'SS0059', 'SQ002', NULL, 'D', NULL, '2026-06-12 15:45:00'),
    (669, 'SS0059', 'SQ033', NULL, NULL, 'Số để đang mà tại thì gần rất đi.', '2026-06-12 15:45:00'),
    (670, 'SS0059', 'SQ015', NULL, 'A', NULL, '2026-06-12 15:45:00'),
    (671, 'SS0059', 'SQ018', 5, NULL, NULL, '2026-06-12 15:45:00'),
    (672, 'SS0059', 'SQ014', NULL, NULL, 'Của giữa các để có của người tại hơn cách thế.', '2026-06-12 15:45:00'),
    (673, 'SS0059', 'SQ007', NULL, 'B', NULL, '2026-06-12 15:45:00'),
    (674, 'SS0059', 'SQ058', NULL, NULL, 'Nhưng một như tại là bạn khiến khiến theo đúng khi có.', '2026-06-12 15:45:00'),
    (675, 'SS0059', 'SQ012', NULL, 'C', NULL, '2026-06-12 15:45:00'),
    (676, 'SS0059', 'SQ029', NULL, 'B', NULL, '2026-06-12 15:45:00'),
    (677, 'SS0059', 'SQ025', NULL, 'D', NULL, '2026-06-12 15:45:00'),
    (678, 'SS0059', 'SQ031', NULL, NULL, 'Sau nhiều mà nơi cho của vẫn không.', '2026-06-12 15:45:00'),
    (679, 'SS0059', 'SQ023', NULL, 'B', NULL, '2026-06-12 15:45:00'),
    (680, 'SS0059', 'SQ004', NULL, NULL, 'Giữa dưới có từ vậy một tôi với thế được bạn đó theo với.', '2026-06-12 15:45:00'),
    (681, 'SS0059', 'SQ008', NULL, 'B', NULL, '2026-06-12 15:45:00'),
    (682, 'SS0059', 'SQ055', NULL, NULL, 'Nếu nhưng nào bạn khi đã nơi để trong thay để tự với làm.', '2026-06-12 15:45:00'),
    (683, 'SS0060', 'SQ015', NULL, 'A', NULL, '2026-06-12 15:45:00'),
    (684, 'SS0060', 'SQ021', NULL, 'B', NULL, '2026-06-12 15:45:00'),
    (685, 'SS0060', 'SQ038', NULL, 'B', NULL, '2026-06-12 15:45:00'),
    (686, 'SS0060', 'SQ053', 3, NULL, NULL, '2026-06-12 15:45:00'),
    (687, 'SS0060', 'SQ002', NULL, 'D', NULL, '2026-06-12 15:45:00'),
    (688, 'SS0060', 'SQ049', 2, NULL, NULL, '2026-06-12 15:45:00'),
    (689, 'SS0060', 'SQ030', 1, NULL, NULL, '2026-06-12 15:45:00'),
    (690, 'SS0060', 'SQ025', NULL, 'C', NULL, '2026-06-12 15:45:00'),
    (691, 'SS0060', 'SQ044', NULL, 'C', NULL, '2026-06-12 15:45:00'),
    (692, 'SS0060', 'SQ001', 3, NULL, NULL, '2026-06-12 15:45:00'),
    (693, 'SS0061', 'SQ060', NULL, 'D', NULL, '2026-06-12 15:45:00'),
    (694, 'SS0061', 'SQ005', NULL, 'B', NULL, '2026-06-12 15:45:00'),
    (695, 'SS0061', 'SQ003', NULL, NULL, 'Hơn bên là của không với với thay chưa nơi thì vì.', '2026-06-12 15:45:00'),
    (696, 'SS0061', 'SQ025', NULL, 'B', NULL, '2026-06-12 15:45:00'),
    (697, 'SS0061', 'SQ048', NULL, NULL, 'Tại nhưng nơi số bạn nhưng về theo vậy có làm tự số.', '2026-06-12 15:45:00'),
    (698, 'SS0061', 'SQ050', 2, NULL, NULL, '2026-06-12 15:45:00'),
    (699, 'SS0061', 'SQ017', NULL, 'C', NULL, '2026-06-12 15:45:00'),
    (700, 'SS0061', 'SQ031', NULL, NULL, 'Giữa nào là tại thế dưới sau chưa là bạn các nhiều các chưa.', '2026-06-12 15:45:00'),
    (701, 'SS0061', 'SQ007', NULL, 'C', NULL, '2026-06-12 15:45:00'),
    (702, 'SS0061', 'SQ046', 4, NULL, NULL, '2026-06-12 15:45:00'),
    (703, 'SS0061', 'SQ013', NULL, 'B', NULL, '2026-06-12 15:45:00'),
    (704, 'SS0061', 'SQ024', NULL, 'C', NULL, '2026-06-12 15:45:00'),
    (705, 'SS0061', 'SQ006', 5, NULL, NULL, '2026-06-12 15:45:00'),
    (706, 'SS0062', 'SQ032', NULL, NULL, 'Người như trong thay thì giống nhiều vì hơn nào các cũng thế của không thế.', '2026-06-12 15:45:00'),
    (707, 'SS0062', 'SQ026', NULL, 'D', NULL, '2026-06-12 15:45:00'),
    (708, 'SS0062', 'SQ040', NULL, 'A', NULL, '2026-06-12 15:45:00'),
    (709, 'SS0062', 'SQ035', NULL, 'B', NULL, '2026-06-12 15:45:00'),
    (710, 'SS0062', 'SQ019', NULL, 'D', NULL, '2026-06-12 15:45:00'),
    (711, 'SS0062', 'SQ009', NULL, 'A', NULL, '2026-06-12 15:45:00'),
    (712, 'SS0062', 'SQ020', NULL, NULL, 'Từ vẫn để để mà cách hoặc đang đã có.', '2026-06-12 15:45:00'),
    (713, 'SS0062', 'SQ010', NULL, NULL, 'Thay thế khiến thế đang nhiều thế nơi thay theo chưa của không như được có.', '2026-06-12 15:45:00'),
    (714, 'SS0063', 'SQ034', NULL, 'B', NULL, '2026-06-12 15:45:00'),
    (715, 'SS0063', 'SQ015', NULL, 'B', NULL, '2026-06-12 15:45:00'),
    (716, 'SS0063', 'SQ046', 3, NULL, NULL, '2026-06-12 15:45:00'),
    (717, 'SS0063', 'SQ047', 4, NULL, NULL, '2026-06-12 15:45:00'),
    (718, 'SS0063', 'SQ011', NULL, 'B', NULL, '2026-06-12 15:45:00'),
    (719, 'SS0063', 'SQ026', NULL, 'D', NULL, '2026-06-12 15:45:00'),
    (720, 'SS0063', 'SQ010', NULL, NULL, 'Như có đúng từ đó tại với người chưa.', '2026-06-12 15:45:00'),
    (721, 'SS0063', 'SQ037', NULL, NULL, 'Lớn tại một mà với nếu bạn mỗi cách điều từng vài khi được hơn.', '2026-06-12 15:45:00'),
    (722, 'SS0063', 'SQ039', NULL, 'D', NULL, '2026-06-12 15:45:00'),
    (723, 'SS0063', 'SQ023', NULL, 'D', NULL, '2026-06-12 15:45:00'),
    (724, 'SS0063', 'SQ054', NULL, NULL, 'Này nhưng trong làm đi được cách có từng bạn lớn đi chỉ nhiều.', '2026-06-12 15:45:00'),
    (725, 'SS0063', 'SQ040', NULL, 'A', NULL, '2026-06-12 15:45:00'),
    (726, 'SS0064', 'SQ039', NULL, 'C', NULL, '2026-06-12 15:45:00'),
    (727, 'SS0064', 'SQ035', NULL, 'C', NULL, '2026-06-12 15:45:00'),
    (728, 'SS0064', 'SQ027', NULL, NULL, 'Vẫn bên để khi giống bạn mỗi bạn.', '2026-06-12 15:45:00'),
    (729, 'SS0064', 'SQ054', NULL, NULL, 'Được hơn dưới từ trong cách đó thì của dưới rất nào chỉ.', '2026-06-12 15:45:00'),
    (730, 'SS0064', 'SQ015', NULL, 'B', NULL, '2026-06-12 15:45:00'),
    (731, 'SS0064', 'SQ036', NULL, NULL, 'Cái nếu nếu hoặc cách giống cho.', '2026-06-12 15:45:00'),
    (732, 'SS0064', 'SQ044', NULL, 'A', NULL, '2026-06-12 15:45:00'),
    (733, 'SS0064', 'SQ052', NULL, 'D', NULL, '2026-06-12 15:45:00'),
    (734, 'SS0064', 'SQ023', NULL, 'D', NULL, '2026-06-12 15:45:00'),
    (735, 'SS0064', 'SQ001', 3, NULL, NULL, '2026-06-12 15:45:00'),
    (736, 'SS0064', 'SQ029', NULL, 'C', NULL, '2026-06-12 15:45:00'),
    (737, 'SS0064', 'SQ014', NULL, NULL, 'Từng cũng có mỗi lớn giữa có từ.', '2026-06-12 15:45:00'),
    (738, 'SS0064', 'SQ010', NULL, NULL, 'Cho như không cũng cách với từng để theo như từng khi nhưng bạn và.', '2026-06-12 15:45:00'),
    (739, 'SS0064', 'SQ008', NULL, 'B', NULL, '2026-06-12 15:45:00'),
    (740, 'SS0065', 'SQ006', 2, NULL, NULL, '2026-06-12 15:45:00'),
    (741, 'SS0065', 'SQ005', NULL, 'D', NULL, '2026-06-12 15:45:00'),
    (742, 'SS0065', 'SQ033', NULL, NULL, 'Dưới như đang tôi điều cũng lớn khi thay của số sau là để tại.', '2026-06-12 15:45:00'),
    (743, 'SS0065', 'SQ038', NULL, 'C', NULL, '2026-06-12 15:45:00'),
    (744, 'SS0065', 'SQ048', NULL, NULL, 'Gần chỉ với với được là thế hơn người cho như nhưng mà này.', '2026-06-12 15:45:00'),
    (745, 'SS0065', 'SQ017', NULL, 'C', NULL, '2026-06-12 15:45:00'),
    (746, 'SS0065', 'SQ030', 1, NULL, NULL, '2026-06-12 15:45:00'),
    (747, 'SS0065', 'SQ043', NULL, 'C', NULL, '2026-06-12 15:45:00'),
    (748, 'SS0066', 'SQ041', NULL, 'B', NULL, '2026-06-12 15:45:00'),
    (749, 'SS0066', 'SQ018', 3, NULL, NULL, '2026-06-12 15:45:00'),
    (750, 'SS0066', 'SQ013', NULL, 'C', NULL, '2026-06-12 15:45:00'),
    (751, 'SS0066', 'SQ007', NULL, 'C', NULL, '2026-06-12 15:45:00'),
    (752, 'SS0066', 'SQ053', 3, NULL, NULL, '2026-06-12 15:45:00'),
    (753, 'SS0066', 'SQ010', NULL, NULL, 'Này như và làm gần lớn chỉ lớn theo từ nơi một tôi nếu gần.', '2026-06-12 15:45:00'),
    (754, 'SS0066', 'SQ023', NULL, 'B', NULL, '2026-06-12 15:45:00'),
    (755, 'SS0066', 'SQ021', NULL, 'C', NULL, '2026-06-12 15:45:00'),
    (756, 'SS0066', 'SQ036', NULL, NULL, 'Để giống tôi này như và từ không chỉ như như theo lớn với.', '2026-06-12 15:45:00'),
    (757, 'SS0067', 'SQ057', NULL, 'B', NULL, '2026-06-12 15:45:00'),
    (758, 'SS0067', 'SQ030', 5, NULL, NULL, '2026-06-12 15:45:00'),
    (759, 'SS0067', 'SQ006', 2, NULL, NULL, '2026-06-12 15:45:00'),
    (760, 'SS0067', 'SQ005', NULL, 'C', NULL, '2026-06-12 15:45:00'),
    (761, 'SS0067', 'SQ042', 5, NULL, NULL, '2026-06-12 15:45:00'),
    (762, 'SS0067', 'SQ022', NULL, 'B', NULL, '2026-06-12 15:45:00'),
    (763, 'SS0067', 'SQ010', NULL, NULL, 'Làm mà thế hơn đúng khiến trong hơn như có.', '2026-06-12 15:45:00'),
    (764, 'SS0067', 'SQ017', NULL, 'B', NULL, '2026-06-12 15:45:00'),
    (765, 'SS0067', 'SQ008', NULL, 'A', NULL, '2026-06-12 15:45:00'),
    (766, 'SS0067', 'SQ031', NULL, NULL, 'Cũng một giống cho như đã nhưng cách về với thay mỗi vẫn cho lớn.', '2026-06-12 15:45:00'),
    (767, 'SS0067', 'SQ052', NULL, 'C', NULL, '2026-06-12 15:45:00'),
    (768, 'SS0067', 'SQ027', NULL, NULL, 'Làm từ tại để khi vì đi để nhiều người dưới của có nơi.', '2026-06-12 15:45:00'),
    (769, 'SS0068', 'SQ059', 5, NULL, NULL, '2026-06-12 15:45:00'),
    (770, 'SS0068', 'SQ003', NULL, NULL, 'Tại của vẫn điều đúng lớn tại với thế cách rất điều đi nơi điều.', '2026-06-12 15:45:00'),
    (771, 'SS0068', 'SQ046', 5, NULL, NULL, '2026-06-12 15:45:00'),
    (772, 'SS0068', 'SQ017', NULL, 'C', NULL, '2026-06-12 15:45:00'),
    (773, 'SS0068', 'SQ044', NULL, 'A', NULL, '2026-06-12 15:45:00'),
    (774, 'SS0068', 'SQ001', 2, NULL, NULL, '2026-06-12 15:45:00'),
    (775, 'SS0068', 'SQ057', NULL, 'B', NULL, '2026-06-12 15:45:00'),
    (776, 'SS0068', 'SQ040', NULL, 'D', NULL, '2026-06-12 15:45:00'),
    (777, 'SS0068', 'SQ002', NULL, 'B', NULL, '2026-06-12 15:45:00'),
    (778, 'SS0068', 'SQ038', NULL, 'B', NULL, '2026-06-12 15:45:00'),
    (779, 'SS0068', 'SQ015', NULL, 'C', NULL, '2026-06-12 15:45:00'),
    (780, 'SS0069', 'SQ030', 4, NULL, NULL, '2026-06-12 15:45:00'),
    (781, 'SS0069', 'SQ036', NULL, NULL, 'Tại đã này đến hoặc từ không đó sau nhưng.', '2026-06-12 15:45:00'),
    (782, 'SS0069', 'SQ019', NULL, 'D', NULL, '2026-06-12 15:45:00'),
    (783, 'SS0069', 'SQ048', NULL, NULL, 'Khi cũng từ chưa trong rất là nhiều.', '2026-06-12 15:45:00'),
    (784, 'SS0069', 'SQ011', NULL, 'B', NULL, '2026-06-12 15:45:00'),
    (785, 'SS0069', 'SQ026', NULL, 'A', NULL, '2026-06-12 15:45:00'),
    (786, 'SS0069', 'SQ006', 1, NULL, NULL, '2026-06-12 15:45:00'),
    (787, 'SS0069', 'SQ016', NULL, 'B', NULL, '2026-06-12 15:45:00'),
    (788, 'SS0069', 'SQ034', NULL, 'C', NULL, '2026-06-12 15:45:00'),
    (789, 'SS0069', 'SQ033', NULL, NULL, 'Từ chưa mỗi trong không khi của đã cách đến thế số khi vậy hơn.', '2026-06-12 15:45:00'),
    (790, 'SS0069', 'SQ042', 4, NULL, NULL, '2026-06-12 15:45:00'),
    (791, 'SS0069', 'SQ059', 5, NULL, NULL, '2026-06-12 15:45:00'),
    (792, 'SS0070', 'SQ007', NULL, 'B', NULL, '2026-06-12 15:45:00'),
    (793, 'SS0070', 'SQ048', NULL, NULL, 'Mỗi cho từ làm đã vẫn như cho thay được đang khi của chưa.', '2026-06-12 15:45:00'),
    (794, 'SS0070', 'SQ045', NULL, 'B', NULL, '2026-06-12 15:45:00'),
    (795, 'SS0070', 'SQ058', NULL, NULL, 'Chưa đã sau như cho như dưới giống không.', '2026-06-12 15:45:00'),
    (796, 'SS0070', 'SQ055', NULL, NULL, 'Lớn hơn người là từng từ với đến.', '2026-06-12 15:45:00'),
    (797, 'SS0070', 'SQ005', NULL, 'B', NULL, '2026-06-12 15:45:00'),
    (798, 'SS0070', 'SQ049', 1, NULL, NULL, '2026-06-12 15:45:00'),
    (799, 'SS0070', 'SQ031', NULL, NULL, 'Đó tại thay sẽ trong khi là mỗi dưới mỗi để các cũng của.', '2026-06-12 15:45:00'),
    (800, 'SS0070', 'SQ041', NULL, 'A', NULL, '2026-06-12 15:45:00'),
    (801, 'SS0070', 'SQ036', NULL, NULL, 'Mà cái như chỉ khi như này đang nhưng đến tại vậy của giữa gần gần.', '2026-06-12 15:45:00'),
    (802, 'SS0070', 'SQ054', NULL, NULL, 'Hơn cái không đến trong trong cách được hơn của.', '2026-06-12 15:45:00'),
    (803, 'SS0070', 'SQ022', NULL, 'B', NULL, '2026-06-12 15:45:00'),
    (804, 'SS0070', 'SQ002', NULL, 'A', NULL, '2026-06-12 15:45:00'),
    (805, 'SS0071', 'SQ056', NULL, 'A', NULL, '2026-06-12 15:45:00'),
    (806, 'SS0071', 'SQ059', 3, NULL, NULL, '2026-06-12 15:45:00'),
    (807, 'SS0071', 'SQ001', 5, NULL, NULL, '2026-06-12 15:45:00'),
    (808, 'SS0071', 'SQ008', NULL, 'B', NULL, '2026-06-12 15:45:00'),
    (809, 'SS0071', 'SQ057', NULL, 'A', NULL, '2026-06-12 15:45:00'),
    (810, 'SS0071', 'SQ036', NULL, NULL, 'Số hoặc giống trong thay chưa từng khiến để mà trong đi đi từ với làm.', '2026-06-12 15:45:00'),
    (811, 'SS0071', 'SQ051', 3, NULL, NULL, '2026-06-12 15:45:00'),
    (812, 'SS0071', 'SQ015', NULL, 'A', NULL, '2026-06-12 15:45:00'),
    (813, 'SS0071', 'SQ046', 5, NULL, NULL, '2026-06-12 15:45:00'),
    (814, 'SS0071', 'SQ012', NULL, 'A', NULL, '2026-06-12 15:45:00'),
    (815, 'SS0071', 'SQ047', 2, NULL, NULL, '2026-06-12 15:45:00'),
    (816, 'SS0071', 'SQ017', NULL, 'C', NULL, '2026-06-12 15:45:00'),
    (817, 'SS0071', 'SQ024', NULL, 'C', NULL, '2026-06-12 15:45:00'),
    (818, 'SS0072', 'SQ057', NULL, 'C', NULL, '2026-06-12 15:45:00'),
    (819, 'SS0072', 'SQ037', NULL, NULL, 'Cho đến chưa như dưới một từng từng.', '2026-06-12 15:45:00'),
    (820, 'SS0072', 'SQ036', NULL, NULL, 'Gần như không của vì từng người.', '2026-06-12 15:45:00'),
    (821, 'SS0072', 'SQ043', NULL, 'B', NULL, '2026-06-12 15:45:00'),
    (822, 'SS0072', 'SQ035', NULL, 'A', NULL, '2026-06-12 15:45:00'),
    (823, 'SS0072', 'SQ010', NULL, NULL, 'Bạn nếu là thay rất đã cách đúng có vì.', '2026-06-12 15:45:00'),
    (824, 'SS0072', 'SQ009', NULL, 'D', NULL, '2026-06-12 15:45:00'),
    (825, 'SS0072', 'SQ054', NULL, NULL, 'Tự điều cho trong một đi tự làm.', '2026-06-12 15:45:00'),
    (826, 'SS0072', 'SQ019', NULL, 'D', NULL, '2026-06-12 15:45:00'),
    (827, 'SS0072', 'SQ023', NULL, 'A', NULL, '2026-06-12 15:45:00'),
    (828, 'SS0072', 'SQ029', NULL, 'D', NULL, '2026-06-12 15:45:00'),
    (829, 'SS0072', 'SQ022', NULL, 'B', NULL, '2026-06-12 15:45:00'),
    (830, 'SS0072', 'SQ001', 1, NULL, NULL, '2026-06-12 15:45:00'),
    (831, 'SS0073', 'SQ040', NULL, 'A', NULL, '2026-06-12 15:45:00'),
    (832, 'SS0073', 'SQ028', NULL, NULL, 'Đang một tại cái thì như hơn.', '2026-06-12 15:45:00'),
    (833, 'SS0073', 'SQ023', NULL, 'B', NULL, '2026-06-12 15:45:00'),
    (834, 'SS0073', 'SQ044', NULL, 'C', NULL, '2026-06-12 15:45:00'),
    (835, 'SS0073', 'SQ060', NULL, 'C', NULL, '2026-06-12 15:45:00'),
    (836, 'SS0073', 'SQ046', 4, NULL, NULL, '2026-06-12 15:45:00'),
    (837, 'SS0073', 'SQ033', NULL, NULL, 'Như nhiều số từ giống thay sau hơn.', '2026-06-12 15:45:00'),
    (838, 'SS0073', 'SQ029', NULL, 'B', NULL, '2026-06-12 15:45:00'),
    (839, 'SS0073', 'SQ055', NULL, NULL, 'Cũng sau từ rất từ trong để với đúng mỗi đến của để trong.', '2026-06-12 15:45:00'),
    (840, 'SS0074', 'SQ059', 2, NULL, NULL, '2026-06-12 15:45:00'),
    (841, 'SS0074', 'SQ024', NULL, 'B', NULL, '2026-06-12 15:45:00'),
    (842, 'SS0074', 'SQ027', NULL, NULL, 'Đến sau mà để trong không từng.', '2026-06-12 15:45:00'),
    (843, 'SS0074', 'SQ026', NULL, 'D', NULL, '2026-06-12 15:45:00'),
    (844, 'SS0074', 'SQ058', NULL, NULL, 'Hơn vẫn dưới cách giống một sau cách khi giữa sẽ các như giống như từ.', '2026-06-12 15:45:00'),
    (845, 'SS0074', 'SQ053', 3, NULL, NULL, '2026-06-12 15:45:00'),
    (846, 'SS0074', 'SQ030', 1, NULL, NULL, '2026-06-12 15:45:00'),
    (847, 'SS0074', 'SQ019', NULL, 'D', NULL, '2026-06-12 15:45:00'),
    (848, 'SS0074', 'SQ043', NULL, 'B', NULL, '2026-06-12 15:45:00'),
    (849, 'SS0074', 'SQ017', NULL, 'A', NULL, '2026-06-12 15:45:00'),
    (850, 'SS0074', 'SQ049', 2, NULL, NULL, '2026-06-12 15:45:00'),
    (851, 'SS0074', 'SQ022', NULL, 'C', NULL, '2026-06-12 15:45:00'),
    (852, 'SS0075', 'SQ045', NULL, 'D', NULL, '2026-06-12 15:45:00'),
    (853, 'SS0075', 'SQ006', 1, NULL, NULL, '2026-06-12 15:45:00'),
    (854, 'SS0075', 'SQ018', 3, NULL, NULL, '2026-06-12 15:45:00'),
    (855, 'SS0075', 'SQ043', NULL, 'A', NULL, '2026-06-12 15:45:00'),
    (856, 'SS0075', 'SQ012', NULL, 'A', NULL, '2026-06-12 15:45:00'),
    (857, 'SS0075', 'SQ049', 3, NULL, NULL, '2026-06-12 15:45:00'),
    (858, 'SS0075', 'SQ009', NULL, 'A', NULL, '2026-06-12 15:45:00'),
    (859, 'SS0075', 'SQ046', 3, NULL, NULL, '2026-06-12 15:45:00'),
    (860, 'SS0075', 'SQ008', NULL, 'C', NULL, '2026-06-12 15:45:00'),
    (861, 'SS0075', 'SQ024', NULL, 'D', NULL, '2026-06-12 15:45:00'),
    (862, 'SS0075', 'SQ040', NULL, 'A', NULL, '2026-06-12 15:45:00'),
    (863, 'SS0075', 'SQ007', NULL, 'A', NULL, '2026-06-12 15:45:00'),
    (864, 'SS0075', 'SQ060', NULL, 'D', NULL, '2026-06-12 15:45:00'),
    (865, 'SS0075', 'SQ016', NULL, 'A', NULL, '2026-06-12 15:45:00'),
    (866, 'SS0076', 'SQ052', NULL, 'B', NULL, '2026-06-12 15:45:00'),
    (867, 'SS0076', 'SQ008', NULL, 'A', NULL, '2026-06-12 15:45:00'),
    (868, 'SS0076', 'SQ031', NULL, NULL, 'Sẽ này hoặc gần đi dưới một cho tại vậy có cũng không để.', '2026-06-12 15:45:00'),
    (869, 'SS0076', 'SQ055', NULL, NULL, 'Cái đang như của bên rất về đúng các.', '2026-06-12 15:45:00'),
    (870, 'SS0076', 'SQ018', 5, NULL, NULL, '2026-06-12 15:45:00'),
    (871, 'SS0076', 'SQ005', NULL, 'C', NULL, '2026-06-12 15:45:00'),
    (872, 'SS0076', 'SQ002', NULL, 'B', NULL, '2026-06-12 15:45:00'),
    (873, 'SS0076', 'SQ043', NULL, 'D', NULL, '2026-06-12 15:45:00'),
    (874, 'SS0076', 'SQ053', 3, NULL, NULL, '2026-06-12 15:45:00'),
    (875, 'SS0076', 'SQ058', NULL, NULL, 'Trong rất tự nơi tại đang đến hơn.', '2026-06-12 15:45:00'),
    (876, 'SS0076', 'SQ039', NULL, 'B', NULL, '2026-06-12 15:45:00'),
    (877, 'SS0076', 'SQ006', 3, NULL, NULL, '2026-06-12 15:45:00'),
    (878, 'SS0076', 'SQ034', NULL, 'C', NULL, '2026-06-12 15:45:00'),
    (879, 'SS0077', 'SQ029', NULL, 'D', NULL, '2026-06-12 15:45:00'),
    (880, 'SS0077', 'SQ055', NULL, NULL, 'Và của của như đã từng rất từ đến.', '2026-06-12 15:45:00'),
    (881, 'SS0077', 'SQ026', NULL, 'D', NULL, '2026-06-12 15:45:00'),
    (882, 'SS0077', 'SQ006', 1, NULL, NULL, '2026-06-12 15:45:00'),
    (883, 'SS0077', 'SQ044', NULL, 'A', NULL, '2026-06-12 15:45:00'),
    (884, 'SS0077', 'SQ053', 3, NULL, NULL, '2026-06-12 15:45:00'),
    (885, 'SS0077', 'SQ017', NULL, 'D', NULL, '2026-06-12 15:45:00'),
    (886, 'SS0077', 'SQ037', NULL, NULL, 'Giữa sau từng vẫn điều của nếu với để làm một.', '2026-06-12 15:45:00'),
    (887, 'SS0077', 'SQ024', NULL, 'C', NULL, '2026-06-12 15:45:00'),
    (888, 'SS0077', 'SQ013', NULL, 'C', NULL, '2026-06-12 15:45:00'),
    (889, 'SS0077', 'SQ047', 5, NULL, NULL, '2026-06-12 15:45:00'),
    (890, 'SS0077', 'SQ022', NULL, 'B', NULL, '2026-06-12 15:45:00'),
    (891, 'SS0077', 'SQ045', NULL, 'B', NULL, '2026-06-12 15:45:00'),
    (892, 'SS0077', 'SQ025', NULL, 'C', NULL, '2026-06-12 15:45:00'),
    (893, 'SS0078', 'SQ018', 3, NULL, NULL, '2026-06-12 15:45:00'),
    (894, 'SS0078', 'SQ016', NULL, 'C', NULL, '2026-06-12 15:45:00'),
    (895, 'SS0078', 'SQ054', NULL, NULL, 'Giống giống cũng vậy hơn nào để về dưới dưới theo tại.', '2026-06-12 15:45:00'),
    (896, 'SS0078', 'SQ030', 2, NULL, NULL, '2026-06-12 15:45:00'),
    (897, 'SS0078', 'SQ011', NULL, 'B', NULL, '2026-06-12 15:45:00'),
    (898, 'SS0078', 'SQ028', NULL, NULL, 'Của giống từ tại sẽ các với làm cho bạn từ.', '2026-06-12 15:45:00'),
    (899, 'SS0078', 'SQ025', NULL, 'B', NULL, '2026-06-12 15:45:00'),
    (900, 'SS0078', 'SQ042', 5, NULL, NULL, '2026-06-12 15:45:00'),
    (901, 'SS0079', 'SQ048', NULL, NULL, 'Tại này đang giữa cũng đến này hơn.', '2026-06-12 15:45:00'),
    (902, 'SS0079', 'SQ039', NULL, 'C', NULL, '2026-06-12 15:45:00'),
    (903, 'SS0079', 'SQ044', NULL, 'C', NULL, '2026-06-12 15:45:00'),
    (904, 'SS0079', 'SQ053', 1, NULL, NULL, '2026-06-12 15:45:00'),
    (905, 'SS0079', 'SQ049', 2, NULL, NULL, '2026-06-12 15:45:00'),
    (906, 'SS0079', 'SQ057', NULL, 'A', NULL, '2026-06-12 15:45:00'),
    (907, 'SS0079', 'SQ040', NULL, 'B', NULL, '2026-06-12 15:45:00'),
    (908, 'SS0079', 'SQ027', NULL, NULL, 'Để một như để từ khiến tại cái.', '2026-06-12 15:45:00'),
    (909, 'SS0079', 'SQ051', 4, NULL, NULL, '2026-06-12 15:45:00'),
    (910, 'SS0080', 'SQ024', NULL, 'B', NULL, '2026-06-12 15:45:00'),
    (911, 'SS0080', 'SQ046', 1, NULL, NULL, '2026-06-12 15:45:00'),
    (912, 'SS0080', 'SQ050', 1, NULL, NULL, '2026-06-12 15:45:00'),
    (913, 'SS0080', 'SQ059', 5, NULL, NULL, '2026-06-12 15:45:00'),
    (914, 'SS0080', 'SQ035', NULL, 'B', NULL, '2026-06-12 15:45:00'),
    (915, 'SS0080', 'SQ001', 5, NULL, NULL, '2026-06-12 15:45:00'),
    (916, 'SS0080', 'SQ052', NULL, 'C', NULL, '2026-06-12 15:45:00'),
    (917, 'SS0080', 'SQ042', 1, NULL, NULL, '2026-06-12 15:45:00'),
    (918, 'SS0080', 'SQ025', NULL, 'A', NULL, '2026-06-12 15:45:00'),
    (919, 'SS0080', 'SQ008', NULL, 'A', NULL, '2026-06-12 15:45:00'),
    (920, 'SS0080', 'SQ021', NULL, 'A', NULL, '2026-06-12 15:45:00'),
    (921, 'SS0081', 'SQ054', NULL, NULL, 'Giống theo để chỉ thế bên đến là về rất chỉ nào từng không bạn nhiều.', '2026-06-12 15:45:00'),
    (922, 'SS0081', 'SQ024', NULL, 'B', NULL, '2026-06-12 15:45:00'),
    (923, 'SS0081', 'SQ017', NULL, 'C', NULL, '2026-06-12 15:45:00'),
    (924, 'SS0081', 'SQ031', NULL, NULL, 'Các mỗi hoặc tự nào sẽ được gần bạn đó mà chưa cái để.', '2026-06-12 15:45:00'),
    (925, 'SS0081', 'SQ032', NULL, NULL, 'Cái và theo nơi vì có có thế đúng một giống nhưng các hơn.', '2026-06-12 15:45:00'),
    (926, 'SS0081', 'SQ009', NULL, 'B', NULL, '2026-06-12 15:45:00'),
    (927, 'SS0081', 'SQ004', NULL, NULL, 'Đến từng cái chỉ trong vẫn nhưng.', '2026-06-12 15:45:00'),
    (928, 'SS0081', 'SQ005', NULL, 'B', NULL, '2026-06-12 15:45:00'),
    (929, 'SS0081', 'SQ058', NULL, NULL, 'Hoặc nào nhưng của để cũng là đang đã thì khi bạn một không điều dưới.', '2026-06-12 15:45:00'),
    (930, 'SS0081', 'SQ055', NULL, NULL, 'Để cũng thay như được giống tôi giống có đến theo tại điều là về.', '2026-06-12 15:45:00'),
    (931, 'SS0081', 'SQ006', 2, NULL, NULL, '2026-06-12 15:45:00'),
    (932, 'SS0081', 'SQ002', NULL, 'B', NULL, '2026-06-12 15:45:00'),
    (933, 'SS0082', 'SQ003', NULL, NULL, 'Từ có cách đó lớn rất các vài rất một khiến.', '2026-06-12 15:45:00'),
    (934, 'SS0082', 'SQ007', NULL, 'C', NULL, '2026-06-12 15:45:00'),
    (935, 'SS0082', 'SQ017', NULL, 'C', NULL, '2026-06-12 15:45:00'),
    (936, 'SS0082', 'SQ011', NULL, 'D', NULL, '2026-06-12 15:45:00'),
    (937, 'SS0082', 'SQ047', 2, NULL, NULL, '2026-06-12 15:45:00'),
    (938, 'SS0082', 'SQ040', NULL, 'D', NULL, '2026-06-12 15:45:00'),
    (939, 'SS0082', 'SQ031', NULL, NULL, 'Cũng vài này đúng cách giống đúng đã của để của.', '2026-06-12 15:45:00'),
    (940, 'SS0082', 'SQ041', NULL, 'D', NULL, '2026-06-12 15:45:00'),
    (941, 'SS0082', 'SQ035', NULL, 'D', NULL, '2026-06-12 15:45:00'),
    (942, 'SS0083', 'SQ041', NULL, 'B', NULL, '2026-06-12 15:45:00'),
    (943, 'SS0083', 'SQ056', NULL, 'D', NULL, '2026-06-12 15:45:00'),
    (944, 'SS0083', 'SQ044', NULL, 'A', NULL, '2026-06-12 15:45:00'),
    (945, 'SS0083', 'SQ054', NULL, NULL, 'Cũng thì chưa chưa từ tôi từ với như theo của dưới.', '2026-06-12 15:45:00'),
    (946, 'SS0083', 'SQ032', NULL, NULL, 'Vài sẽ thế cho có mà đến nơi không theo nhưng.', '2026-06-12 15:45:00'),
    (947, 'SS0083', 'SQ005', NULL, 'A', NULL, '2026-06-12 15:45:00'),
    (948, 'SS0083', 'SQ019', NULL, 'B', NULL, '2026-06-12 15:45:00'),
    (949, 'SS0083', 'SQ024', NULL, 'B', NULL, '2026-06-12 15:45:00'),
    (950, 'SS0083', 'SQ058', NULL, NULL, 'Vậy nếu bạn nhưng từng số đi đang như có này cách mỗi về gần.', '2026-06-12 15:45:00'),
    (951, 'SS0083', 'SQ047', 5, NULL, NULL, '2026-06-12 15:45:00'),
    (952, 'SS0084', 'SQ033', NULL, NULL, 'Nào dưới cho như như vẫn một số từ giữa với đang để từng.', '2026-06-12 15:45:00'),
    (953, 'SS0084', 'SQ006', 5, NULL, NULL, '2026-06-12 15:45:00'),
    (954, 'SS0084', 'SQ051', 5, NULL, NULL, '2026-06-12 15:45:00'),
    (955, 'SS0084', 'SQ042', 2, NULL, NULL, '2026-06-12 15:45:00'),
    (956, 'SS0084', 'SQ008', NULL, 'A', NULL, '2026-06-12 15:45:00'),
    (957, 'SS0084', 'SQ045', NULL, 'D', NULL, '2026-06-12 15:45:00'),
    (958, 'SS0084', 'SQ052', NULL, 'C', NULL, '2026-06-12 15:45:00'),
    (959, 'SS0084', 'SQ036', NULL, NULL, 'Khi như bạn người được từng tôi không gần đến tự vì tại như.', '2026-06-12 15:45:00'),
    (960, 'SS0084', 'SQ022', NULL, 'B', NULL, '2026-06-12 15:45:00'),
    (961, 'SS0084', 'SQ044', NULL, 'A', NULL, '2026-06-12 15:45:00'),
    (962, 'SS0084', 'SQ010', NULL, NULL, 'Hoặc số của nhiều có sẽ trong tự tại để làm và.', '2026-06-12 15:45:00'),
    (963, 'SS0084', 'SQ028', NULL, NULL, 'Để làm rất khiến về vài vậy nhưng cái như về rất số đi rất để.', '2026-06-12 15:45:00'),
    (964, 'SS0084', 'SQ059', 1, NULL, NULL, '2026-06-12 15:45:00'),
    (965, 'SS0084', 'SQ038', NULL, 'B', NULL, '2026-06-12 15:45:00'),
    (966, 'SS0085', 'SQ040', NULL, 'A', NULL, '2026-06-12 15:45:00'),
    (967, 'SS0085', 'SQ021', NULL, 'A', NULL, '2026-06-12 15:45:00'),
    (968, 'SS0085', 'SQ008', NULL, 'C', NULL, '2026-06-12 15:45:00'),
    (969, 'SS0085', 'SQ016', NULL, 'C', NULL, '2026-06-12 15:45:00'),
    (970, 'SS0085', 'SQ041', NULL, 'B', NULL, '2026-06-12 15:45:00'),
    (971, 'SS0085', 'SQ058', NULL, NULL, 'Nếu mỗi nếu của theo làm cũng như vài nếu.', '2026-06-12 15:45:00'),
    (972, 'SS0085', 'SQ057', NULL, 'A', NULL, '2026-06-12 15:45:00'),
    (973, 'SS0085', 'SQ028', NULL, NULL, 'Để đi người vì tự sẽ để vẫn các khiến không từ vẫn các chưa vì.', '2026-06-12 15:45:00'),
    (974, 'SS0085', 'SQ054', NULL, NULL, 'Sau thế nào nào thay vậy là nhưng hơn nhưng để là về nhiều.', '2026-06-12 15:45:00'),
    (975, 'SS0086', 'SQ054', NULL, NULL, 'Đi cho hơn hơn từ khiến mà một người tại hơn.', '2026-06-12 15:45:00'),
    (976, 'SS0086', 'SQ052', NULL, 'C', NULL, '2026-06-12 15:45:00'),
    (977, 'SS0086', 'SQ040', NULL, 'A', NULL, '2026-06-12 15:45:00'),
    (978, 'SS0086', 'SQ050', 1, NULL, NULL, '2026-06-12 15:45:00'),
    (979, 'SS0086', 'SQ038', NULL, 'D', NULL, '2026-06-12 15:45:00'),
    (980, 'SS0086', 'SQ018', 2, NULL, NULL, '2026-06-12 15:45:00'),
    (981, 'SS0086', 'SQ039', NULL, 'C', NULL, '2026-06-12 15:45:00'),
    (982, 'SS0086', 'SQ037', NULL, NULL, 'Từ bên số của tự hơn vậy dưới một đúng như như.', '2026-06-12 15:45:00'),
    (983, 'SS0086', 'SQ020', NULL, NULL, 'Khi dưới sẽ cũng chỉ nơi vài khiến cũng.', '2026-06-12 15:45:00'),
    (984, 'SS0086', 'SQ042', 2, NULL, NULL, '2026-06-12 15:45:00'),
    (985, 'SS0087', 'SQ008', NULL, 'A', NULL, '2026-06-12 15:45:00'),
    (986, 'SS0087', 'SQ040', NULL, 'C', NULL, '2026-06-12 15:45:00'),
    (987, 'SS0087', 'SQ058', NULL, NULL, 'Với tôi vì thay bạn có để tôi với hơn hoặc với giữa của.', '2026-06-12 15:45:00'),
    (988, 'SS0087', 'SQ003', NULL, NULL, 'Trong của tự không cho của để bên.', '2026-06-12 15:45:00'),
    (989, 'SS0087', 'SQ022', NULL, 'D', NULL, '2026-06-12 15:45:00'),
    (990, 'SS0087', 'SQ027', NULL, NULL, 'Không là tại cách nhưng nhưng nếu đúng với khiến có vẫn trong đang.', '2026-06-12 15:45:00'),
    (991, 'SS0087', 'SQ020', NULL, NULL, 'Đi chỉ nhiều tự gần bên tại tôi được.', '2026-06-12 15:45:00'),
    (992, 'SS0087', 'SQ030', 1, NULL, NULL, '2026-06-12 15:45:00'),
    (993, 'SS0088', 'SQ015', NULL, 'B', NULL, '2026-06-12 15:45:00'),
    (994, 'SS0088', 'SQ058', NULL, NULL, 'Của tại để các từ số với là có vài từ.', '2026-06-12 15:45:00'),
    (995, 'SS0088', 'SQ002', NULL, 'D', NULL, '2026-06-12 15:45:00'),
    (996, 'SS0088', 'SQ050', 2, NULL, NULL, '2026-06-12 15:45:00'),
    (997, 'SS0088', 'SQ041', NULL, 'A', NULL, '2026-06-12 15:45:00'),
    (998, 'SS0088', 'SQ018', 2, NULL, NULL, '2026-06-12 15:45:00'),
    (999, 'SS0088', 'SQ056', NULL, 'B', NULL, '2026-06-12 15:45:00'),
    (1000, 'SS0088', 'SQ053', 3, NULL, NULL, '2026-06-12 15:45:00');

INSERT INTO survey_answers (id, survey_session_id, survey_question_id, rating_value, choice_value, text_value, created_at) VALUES
    (1001, 'SS0088', 'SQ023', NULL, 'B', NULL, '2026-06-12 15:45:00'),
    (1002, 'SS0088', 'SQ019', NULL, 'A', NULL, '2026-06-12 15:45:00'),
    (1003, 'SS0088', 'SQ060', NULL, 'A', NULL, '2026-06-12 15:45:00'),
    (1004, 'SS0088', 'SQ022', NULL, 'A', NULL, '2026-06-12 15:45:00'),
    (1005, 'SS0088', 'SQ039', NULL, 'D', NULL, '2026-06-12 15:45:00'),
    (1006, 'SS0088', 'SQ034', NULL, 'A', NULL, '2026-06-12 15:45:00'),
    (1007, 'SS0088', 'SQ030', 2, NULL, NULL, '2026-06-12 15:45:00'),
    (1008, 'SS0089', 'SQ018', 3, NULL, NULL, '2026-06-12 15:45:00'),
    (1009, 'SS0089', 'SQ041', NULL, 'C', NULL, '2026-06-12 15:45:00'),
    (1010, 'SS0089', 'SQ048', NULL, NULL, 'Nhưng như có bạn là thì cách được một.', '2026-06-12 15:45:00'),
    (1011, 'SS0089', 'SQ039', NULL, 'A', NULL, '2026-06-12 15:45:00'),
    (1012, 'SS0089', 'SQ046', 3, NULL, NULL, '2026-06-12 15:45:00'),
    (1013, 'SS0089', 'SQ029', NULL, 'B', NULL, '2026-06-12 15:45:00'),
    (1014, 'SS0089', 'SQ058', NULL, NULL, 'Tại như như bên sẽ thế thế khi cho đúng vậy số và của.', '2026-06-12 15:45:00'),
    (1015, 'SS0089', 'SQ024', NULL, 'B', NULL, '2026-06-12 15:45:00'),
    (1016, 'SS0089', 'SQ038', NULL, 'B', NULL, '2026-06-12 15:45:00'),
    (1017, 'SS0089', 'SQ057', NULL, 'B', NULL, '2026-06-12 15:45:00'),
    (1018, 'SS0089', 'SQ019', NULL, 'B', NULL, '2026-06-12 15:45:00'),
    (1019, 'SS0089', 'SQ025', NULL, 'C', NULL, '2026-06-12 15:45:00'),
    (1020, 'SS0089', 'SQ030', 2, NULL, NULL, '2026-06-12 15:45:00'),
    (1021, 'SS0089', 'SQ056', NULL, 'A', NULL, '2026-06-12 15:45:00'),
    (1022, 'SS0090', 'SQ020', NULL, NULL, 'Dưới mà số số từng nơi tôi hơn trong.', '2026-06-12 15:45:00'),
    (1023, 'SS0090', 'SQ003', NULL, NULL, 'Giống từ cũng đúng cũng nhiều dưới khi giống cách.', '2026-06-12 15:45:00'),
    (1024, 'SS0090', 'SQ038', NULL, 'D', NULL, '2026-06-12 15:45:00'),
    (1025, 'SS0090', 'SQ024', NULL, 'B', NULL, '2026-06-12 15:45:00'),
    (1026, 'SS0090', 'SQ012', NULL, 'C', NULL, '2026-06-12 15:45:00'),
    (1027, 'SS0090', 'SQ009', NULL, 'C', NULL, '2026-06-12 15:45:00'),
    (1028, 'SS0090', 'SQ036', NULL, NULL, 'Lớn từ nếu khiến tự vài vì.', '2026-06-12 15:45:00'),
    (1029, 'SS0090', 'SQ025', NULL, 'B', NULL, '2026-06-12 15:45:00'),
    (1030, 'SS0090', 'SQ014', NULL, NULL, 'Người trong vài làm của hơn nếu giữa trong.', '2026-06-12 15:45:00'),
    (1031, 'SS0091', 'SQ040', NULL, 'B', NULL, '2026-06-12 15:45:00'),
    (1032, 'SS0091', 'SQ046', 5, NULL, NULL, '2026-06-12 15:45:00'),
    (1033, 'SS0091', 'SQ036', NULL, NULL, 'Đi trong mà nhưng số đã người để hơn cũng từng là và này sẽ như.', '2026-06-12 15:45:00'),
    (1034, 'SS0091', 'SQ020', NULL, NULL, 'Mỗi số vậy cái thay giống cách số bạn cho.', '2026-06-12 15:45:00'),
    (1035, 'SS0091', 'SQ053', 2, NULL, NULL, '2026-06-12 15:45:00'),
    (1036, 'SS0091', 'SQ060', NULL, 'B', NULL, '2026-06-12 15:45:00'),
    (1037, 'SS0091', 'SQ045', NULL, 'B', NULL, '2026-06-12 15:45:00'),
    (1038, 'SS0091', 'SQ010', NULL, NULL, 'Mỗi rất giữa tại đúng cách để tôi này chưa đúng.', '2026-06-12 15:45:00'),
    (1039, 'SS0091', 'SQ019', NULL, 'A', NULL, '2026-06-12 15:45:00'),
    (1040, 'SS0091', 'SQ012', NULL, 'B', NULL, '2026-06-12 15:45:00'),
    (1041, 'SS0091', 'SQ013', NULL, 'D', NULL, '2026-06-12 15:45:00'),
    (1042, 'SS0092', 'SQ022', NULL, 'A', NULL, '2026-06-12 15:45:00'),
    (1043, 'SS0092', 'SQ053', 2, NULL, NULL, '2026-06-12 15:45:00'),
    (1044, 'SS0092', 'SQ024', NULL, 'C', NULL, '2026-06-12 15:45:00'),
    (1045, 'SS0092', 'SQ043', NULL, 'D', NULL, '2026-06-12 15:45:00'),
    (1046, 'SS0092', 'SQ038', NULL, 'B', NULL, '2026-06-12 15:45:00'),
    (1047, 'SS0092', 'SQ028', NULL, NULL, 'Hơn đúng thế tại tại đi trong tôi bạn thay số và giống.', '2026-06-12 15:45:00'),
    (1048, 'SS0092', 'SQ021', NULL, 'B', NULL, '2026-06-12 15:45:00'),
    (1049, 'SS0092', 'SQ018', 5, NULL, NULL, '2026-06-12 15:45:00'),
    (1050, 'SS0092', 'SQ050', 5, NULL, NULL, '2026-06-12 15:45:00'),
    (1051, 'SS0092', 'SQ030', 1, NULL, NULL, '2026-06-12 15:45:00'),
    (1052, 'SS0092', 'SQ045', NULL, 'D', NULL, '2026-06-12 15:45:00'),
    (1053, 'SS0092', 'SQ025', NULL, 'B', NULL, '2026-06-12 15:45:00'),
    (1054, 'SS0092', 'SQ048', NULL, NULL, 'Là thế như đến của nhiều đó.', '2026-06-12 15:45:00'),
    (1055, 'SS0092', 'SQ027', NULL, NULL, 'Dưới đang từng từ một đó hơn.', '2026-06-12 15:45:00'),
    (1056, 'SS0092', 'SQ016', NULL, 'D', NULL, '2026-06-12 15:45:00'),
    (1057, 'SS0093', 'SQ013', NULL, 'A', NULL, '2026-06-12 15:45:00'),
    (1058, 'SS0093', 'SQ022', NULL, 'C', NULL, '2026-06-12 15:45:00'),
    (1059, 'SS0093', 'SQ054', NULL, NULL, 'Mà đi điều theo đang người với được để.', '2026-06-12 15:45:00'),
    (1060, 'SS0093', 'SQ002', NULL, 'D', NULL, '2026-06-12 15:45:00'),
    (1061, 'SS0093', 'SQ030', 1, NULL, NULL, '2026-06-12 15:45:00'),
    (1062, 'SS0093', 'SQ052', NULL, 'D', NULL, '2026-06-12 15:45:00'),
    (1063, 'SS0093', 'SQ038', NULL, 'A', NULL, '2026-06-12 15:45:00'),
    (1064, 'SS0093', 'SQ009', NULL, 'A', NULL, '2026-06-12 15:45:00'),
    (1065, 'SS0093', 'SQ040', NULL, 'B', NULL, '2026-06-12 15:45:00'),
    (1066, 'SS0094', 'SQ036', NULL, NULL, 'Thế thay sau đến này từ cho dưới nếu để cách được với được khiến như.', '2026-06-12 15:45:00'),
    (1067, 'SS0094', 'SQ029', NULL, 'B', NULL, '2026-06-12 15:45:00'),
    (1068, 'SS0094', 'SQ006', 3, NULL, NULL, '2026-06-12 15:45:00'),
    (1069, 'SS0094', 'SQ021', NULL, 'B', NULL, '2026-06-12 15:45:00'),
    (1070, 'SS0094', 'SQ010', NULL, NULL, 'Của mà tôi bên thay vậy khi.', '2026-06-12 15:45:00'),
    (1071, 'SS0094', 'SQ046', 2, NULL, NULL, '2026-06-12 15:45:00'),
    (1072, 'SS0094', 'SQ004', NULL, NULL, 'Trong từ điều mỗi đến được hơn và làm tôi một trong.', '2026-06-12 15:45:00'),
    (1073, 'SS0094', 'SQ055', NULL, NULL, 'Vì với vẫn hơn đúng vì cũng tôi.', '2026-06-12 15:45:00'),
    (1074, 'SS0094', 'SQ009', NULL, 'C', NULL, '2026-06-12 15:45:00'),
    (1075, 'SS0094', 'SQ007', NULL, 'C', NULL, '2026-06-12 15:45:00'),
    (1076, 'SS0094', 'SQ044', NULL, 'A', NULL, '2026-06-12 15:45:00'),
    (1077, 'SS0094', 'SQ013', NULL, 'D', NULL, '2026-06-12 15:45:00'),
    (1078, 'SS0095', 'SQ021', NULL, 'D', NULL, '2026-06-12 15:45:00'),
    (1079, 'SS0095', 'SQ044', NULL, 'D', NULL, '2026-06-12 15:45:00'),
    (1080, 'SS0095', 'SQ052', NULL, 'A', NULL, '2026-06-12 15:45:00'),
    (1081, 'SS0095', 'SQ041', NULL, 'B', NULL, '2026-06-12 15:45:00'),
    (1082, 'SS0095', 'SQ014', NULL, NULL, 'Cũng tôi đúng gần như là bạn vài tự.', '2026-06-12 15:45:00'),
    (1083, 'SS0095', 'SQ043', NULL, 'C', NULL, '2026-06-12 15:45:00'),
    (1084, 'SS0095', 'SQ056', NULL, 'B', NULL, '2026-06-12 15:45:00'),
    (1085, 'SS0095', 'SQ029', NULL, 'C', NULL, '2026-06-12 15:45:00'),
    (1086, 'SS0095', 'SQ055', NULL, NULL, 'Rất gần đang với thay các trong số từ và nhiều bạn một mà cũng sẽ.', '2026-06-12 15:45:00'),
    (1087, 'SS0095', 'SQ012', NULL, 'C', NULL, '2026-06-12 15:45:00'),
    (1088, 'SS0095', 'SQ050', 3, NULL, NULL, '2026-06-12 15:45:00'),
    (1089, 'SS0096', 'SQ054', NULL, NULL, 'Tự từng trong có để làm cho.', '2026-06-12 15:45:00'),
    (1090, 'SS0096', 'SQ043', NULL, 'A', NULL, '2026-06-12 15:45:00'),
    (1091, 'SS0096', 'SQ057', NULL, 'B', NULL, '2026-06-12 15:45:00'),
    (1092, 'SS0096', 'SQ036', NULL, NULL, 'Chỉ cũng vài có chưa để được cách như cho khiến là người gần bạn.', '2026-06-12 15:45:00'),
    (1093, 'SS0096', 'SQ015', NULL, 'C', NULL, '2026-06-12 15:45:00'),
    (1094, 'SS0096', 'SQ013', NULL, 'C', NULL, '2026-06-12 15:45:00'),
    (1095, 'SS0096', 'SQ037', NULL, NULL, 'Của số có khi như là khi cho tại từng lớn nhiều là.', '2026-06-12 15:45:00'),
    (1096, 'SS0096', 'SQ001', 4, NULL, NULL, '2026-06-12 15:45:00'),
    (1097, 'SS0096', 'SQ060', NULL, 'A', NULL, '2026-06-12 15:45:00'),
    (1098, 'SS0097', 'SQ012', NULL, 'D', NULL, '2026-06-12 15:45:00'),
    (1099, 'SS0097', 'SQ010', NULL, NULL, 'Của sẽ tự bạn để về tôi với.', '2026-06-12 15:45:00'),
    (1100, 'SS0097', 'SQ035', NULL, 'A', NULL, '2026-06-12 15:45:00'),
    (1101, 'SS0097', 'SQ036', NULL, NULL, 'Của các có sẽ bên không thay sau được trong.', '2026-06-12 15:45:00'),
    (1102, 'SS0097', 'SQ045', NULL, 'D', NULL, '2026-06-12 15:45:00'),
    (1103, 'SS0097', 'SQ006', 2, NULL, NULL, '2026-06-12 15:45:00'),
    (1104, 'SS0097', 'SQ026', NULL, 'A', NULL, '2026-06-12 15:45:00'),
    (1105, 'SS0097', 'SQ049', 4, NULL, NULL, '2026-06-12 15:45:00'),
    (1106, 'SS0097', 'SQ059', 3, NULL, NULL, '2026-06-12 15:45:00'),
    (1107, 'SS0097', 'SQ056', NULL, 'B', NULL, '2026-06-12 15:45:00'),
    (1108, 'SS0097', 'SQ027', NULL, NULL, 'Như được nhưng chưa cũng này đi về số như sẽ các đến.', '2026-06-12 15:45:00'),
    (1109, 'SS0098', 'SQ041', NULL, 'A', NULL, '2026-06-12 15:45:00'),
    (1110, 'SS0098', 'SQ022', NULL, 'D', NULL, '2026-06-12 15:45:00'),
    (1111, 'SS0098', 'SQ014', NULL, NULL, 'Đó thì từng số tự hơn một tự tự.', '2026-06-12 15:45:00'),
    (1112, 'SS0098', 'SQ017', NULL, 'D', NULL, '2026-06-12 15:45:00'),
    (1113, 'SS0098', 'SQ058', NULL, NULL, 'Cũng bên cách từ nếu nào thế đúng như làm như.', '2026-06-12 15:45:00'),
    (1114, 'SS0098', 'SQ016', NULL, 'D', NULL, '2026-06-12 15:45:00'),
    (1115, 'SS0098', 'SQ010', NULL, NULL, 'Nếu với vẫn vì như đã đã trong đang rất thì nơi.', '2026-06-12 15:45:00'),
    (1116, 'SS0098', 'SQ047', 1, NULL, NULL, '2026-06-12 15:45:00'),
    (1117, 'SS0098', 'SQ012', NULL, 'B', NULL, '2026-06-12 15:45:00'),
    (1118, 'SS0098', 'SQ009', NULL, 'B', NULL, '2026-06-12 15:45:00'),
    (1119, 'SS0098', 'SQ036', NULL, NULL, 'Này chưa trong tại vẫn vẫn thì.', '2026-06-12 15:45:00'),
    (1120, 'SS0099', 'SQ056', NULL, 'C', NULL, '2026-06-12 15:45:00'),
    (1121, 'SS0099', 'SQ054', NULL, NULL, 'Trong vì để hơn từ và rất có thế mà sau từ.', '2026-06-12 15:45:00'),
    (1122, 'SS0099', 'SQ012', NULL, 'A', NULL, '2026-06-12 15:45:00'),
    (1123, 'SS0099', 'SQ022', NULL, 'A', NULL, '2026-06-12 15:45:00'),
    (1124, 'SS0099', 'SQ024', NULL, 'C', NULL, '2026-06-12 15:45:00'),
    (1125, 'SS0099', 'SQ014', NULL, NULL, 'Từng dưới có người có đến điều nếu sẽ từ với đã.', '2026-06-12 15:45:00'),
    (1126, 'SS0099', 'SQ037', NULL, NULL, 'Vài khi vì đang đúng từ cũng từng cái.', '2026-06-12 15:45:00'),
    (1127, 'SS0099', 'SQ032', NULL, NULL, 'Để thay rất với như một với mỗi với cũng trong chỉ.', '2026-06-12 15:45:00'),
    (1128, 'SS0099', 'SQ047', 1, NULL, NULL, '2026-06-12 15:45:00'),
    (1129, 'SS0100', 'SQ013', NULL, 'B', NULL, '2026-06-12 15:45:00'),
    (1130, 'SS0100', 'SQ016', NULL, 'C', NULL, '2026-06-12 15:45:00'),
    (1131, 'SS0100', 'SQ033', NULL, NULL, 'Thế tại cách đã đúng lớn vài thay để chỉ cái vì các.', '2026-06-12 15:45:00'),
    (1132, 'SS0100', 'SQ053', 2, NULL, NULL, '2026-06-12 15:45:00'),
    (1133, 'SS0100', 'SQ060', NULL, 'B', NULL, '2026-06-12 15:45:00'),
    (1134, 'SS0100', 'SQ048', NULL, NULL, 'Nhưng rất vậy làm để mỗi về nào về sau vậy bên.', '2026-06-12 15:45:00'),
    (1135, 'SS0100', 'SQ057', NULL, 'A', NULL, '2026-06-12 15:45:00'),
    (1136, 'SS0100', 'SQ029', NULL, 'D', NULL, '2026-06-12 15:45:00'),
    (1137, 'SS0101', 'SQ059', 2, NULL, NULL, '2026-06-12 15:45:00'),
    (1138, 'SS0101', 'SQ055', NULL, NULL, 'Đúng một đi hoặc như đó như này rất.', '2026-06-12 15:45:00'),
    (1139, 'SS0101', 'SQ027', NULL, NULL, 'Như hơn cũng có đi giống sau tại khiến số.', '2026-06-12 15:45:00'),
    (1140, 'SS0101', 'SQ029', NULL, 'C', NULL, '2026-06-12 15:45:00'),
    (1141, 'SS0101', 'SQ008', NULL, 'A', NULL, '2026-06-12 15:45:00'),
    (1142, 'SS0101', 'SQ043', NULL, 'A', NULL, '2026-06-12 15:45:00'),
    (1143, 'SS0101', 'SQ038', NULL, 'B', NULL, '2026-06-12 15:45:00'),
    (1144, 'SS0101', 'SQ023', NULL, 'D', NULL, '2026-06-12 15:45:00'),
    (1145, 'SS0101', 'SQ047', 5, NULL, NULL, '2026-06-12 15:45:00'),
    (1146, 'SS0102', 'SQ017', NULL, 'A', NULL, '2026-06-12 15:45:00'),
    (1147, 'SS0102', 'SQ021', NULL, 'B', NULL, '2026-06-12 15:45:00'),
    (1148, 'SS0102', 'SQ013', NULL, 'A', NULL, '2026-06-12 15:45:00'),
    (1149, 'SS0102', 'SQ036', NULL, NULL, 'Cái cách bên lớn đó hơn về để một mỗi chỉ một cho này gần.', '2026-06-12 15:45:00'),
    (1150, 'SS0102', 'SQ004', NULL, NULL, 'Làm tự tự từ một thì này thế.', '2026-06-12 15:45:00'),
    (1151, 'SS0102', 'SQ002', NULL, 'B', NULL, '2026-06-12 15:45:00'),
    (1152, 'SS0102', 'SQ011', NULL, 'B', NULL, '2026-06-12 15:45:00'),
    (1153, 'SS0102', 'SQ054', NULL, NULL, 'Đang của từ như các mỗi có của đi của điều hoặc như không nhưng.', '2026-06-12 15:45:00'),
    (1154, 'SS0102', 'SQ012', NULL, 'C', NULL, '2026-06-12 15:45:00'),
    (1155, 'SS0102', 'SQ016', NULL, 'B', NULL, '2026-06-12 15:45:00'),
    (1156, 'SS0102', 'SQ040', NULL, 'A', NULL, '2026-06-12 15:45:00'),
    (1157, 'SS0102', 'SQ026', NULL, 'C', NULL, '2026-06-12 15:45:00'),
    (1158, 'SS0102', 'SQ052', NULL, 'B', NULL, '2026-06-12 15:45:00'),
    (1159, 'SS0102', 'SQ005', NULL, 'B', NULL, '2026-06-12 15:45:00'),
    (1160, 'SS0103', 'SQ016', NULL, 'C', NULL, '2026-06-12 15:45:00'),
    (1161, 'SS0103', 'SQ031', NULL, NULL, 'Từ cách vì không hoặc như điều thế nhiều vì là vẫn sau.', '2026-06-12 15:45:00'),
    (1162, 'SS0103', 'SQ017', NULL, 'C', NULL, '2026-06-12 15:45:00'),
    (1163, 'SS0103', 'SQ042', 3, NULL, NULL, '2026-06-12 15:45:00'),
    (1164, 'SS0103', 'SQ036', NULL, NULL, 'Hơn nơi cho như khi có này.', '2026-06-12 15:45:00'),
    (1165, 'SS0103', 'SQ011', NULL, 'A', NULL, '2026-06-12 15:45:00'),
    (1166, 'SS0103', 'SQ041', NULL, 'B', NULL, '2026-06-12 15:45:00'),
    (1167, 'SS0103', 'SQ022', NULL, 'A', NULL, '2026-06-12 15:45:00'),
    (1168, 'SS0103', 'SQ040', NULL, 'C', NULL, '2026-06-12 15:45:00'),
    (1169, 'SS0103', 'SQ051', 1, NULL, NULL, '2026-06-12 15:45:00'),
    (1170, 'SS0103', 'SQ049', 1, NULL, NULL, '2026-06-12 15:45:00'),
    (1171, 'SS0104', 'SQ058', NULL, NULL, 'Tự để chưa gần chỉ chỉ đến mỗi từ của sẽ đã giống với.', '2026-06-12 15:45:00'),
    (1172, 'SS0104', 'SQ007', NULL, 'A', NULL, '2026-06-12 15:45:00'),
    (1173, 'SS0104', 'SQ050', 1, NULL, NULL, '2026-06-12 15:45:00'),
    (1174, 'SS0104', 'SQ022', NULL, 'D', NULL, '2026-06-12 15:45:00'),
    (1175, 'SS0104', 'SQ036', NULL, NULL, 'Rất làm với vài và với này dưới thế để.', '2026-06-12 15:45:00'),
    (1176, 'SS0104', 'SQ041', NULL, 'D', NULL, '2026-06-12 15:45:00'),
    (1177, 'SS0104', 'SQ033', NULL, NULL, 'Nếu một đang tôi chưa hoặc của tôi mà tôi hơn.', '2026-06-12 15:45:00'),
    (1178, 'SS0104', 'SQ002', NULL, 'B', NULL, '2026-06-12 15:45:00'),
    (1179, 'SS0104', 'SQ008', NULL, 'B', NULL, '2026-06-12 15:45:00'),
    (1180, 'SS0104', 'SQ043', NULL, 'D', NULL, '2026-06-12 15:45:00'),
    (1181, 'SS0104', 'SQ057', NULL, 'B', NULL, '2026-06-12 15:45:00'),
    (1182, 'SS0104', 'SQ035', NULL, 'D', NULL, '2026-06-12 15:45:00'),
    (1183, 'SS0104', 'SQ032', NULL, NULL, 'Cách như nếu theo thì làm đến từ được đang người nếu nhưng.', '2026-06-12 15:45:00'),
    (1184, 'SS0104', 'SQ044', NULL, 'B', NULL, '2026-06-12 15:45:00'),
    (1185, 'SS0104', 'SQ018', 5, NULL, NULL, '2026-06-12 15:45:00'),
    (1186, 'SS0105', 'SQ041', NULL, 'A', NULL, '2026-06-12 15:45:00'),
    (1187, 'SS0105', 'SQ058', NULL, NULL, 'Từ không đúng giống thay tự cũng đi nơi cũng như với như như vậy.', '2026-06-12 15:45:00'),
    (1188, 'SS0105', 'SQ020', NULL, NULL, 'Làm của mà chỉ để lớn của các điều cách vì cách từ vẫn.', '2026-06-12 15:45:00'),
    (1189, 'SS0105', 'SQ029', NULL, 'B', NULL, '2026-06-12 15:45:00'),
    (1190, 'SS0105', 'SQ060', NULL, 'B', NULL, '2026-06-12 15:45:00'),
    (1191, 'SS0105', 'SQ059', 3, NULL, NULL, '2026-06-12 15:45:00'),
    (1192, 'SS0105', 'SQ005', NULL, 'D', NULL, '2026-06-12 15:45:00'),
    (1193, 'SS0105', 'SQ030', 2, NULL, NULL, '2026-06-12 15:45:00'),
    (1194, 'SS0106', 'SQ026', NULL, 'A', NULL, '2026-06-12 15:45:00'),
    (1195, 'SS0106', 'SQ008', NULL, 'C', NULL, '2026-06-12 15:45:00'),
    (1196, 'SS0106', 'SQ012', NULL, 'C', NULL, '2026-06-12 15:45:00'),
    (1197, 'SS0106', 'SQ040', NULL, 'A', NULL, '2026-06-12 15:45:00'),
    (1198, 'SS0106', 'SQ044', NULL, 'C', NULL, '2026-06-12 15:45:00'),
    (1199, 'SS0106', 'SQ058', NULL, NULL, 'Giữa sẽ về chưa với để giống khi được tại tôi như khi trong.', '2026-06-12 15:45:00'),
    (1200, 'SS0106', 'SQ013', NULL, 'D', NULL, '2026-06-12 15:45:00'),
    (1201, 'SS0106', 'SQ054', NULL, NULL, 'Của chỉ tôi được cho đó thì vài mỗi khi mà để.', '2026-06-12 15:45:00'),
    (1202, 'SS0106', 'SQ022', NULL, 'B', NULL, '2026-06-12 15:45:00'),
    (1203, 'SS0106', 'SQ041', NULL, 'D', NULL, '2026-06-12 15:45:00'),
    (1204, 'SS0106', 'SQ032', NULL, NULL, 'Một nếu theo về trong cái này vài tại cái thế cho đi đang lớn về.', '2026-06-12 15:45:00'),
    (1205, 'SS0106', 'SQ004', NULL, NULL, 'Hơn cho điều khi của nhưng đúng mỗi người gần.', '2026-06-12 15:45:00'),
    (1206, 'SS0107', 'SQ058', NULL, NULL, 'Dưới với cho đi tại sau tự rất vậy đi.', '2026-06-12 15:45:00'),
    (1207, 'SS0107', 'SQ052', NULL, 'A', NULL, '2026-06-12 15:45:00'),
    (1208, 'SS0107', 'SQ032', NULL, NULL, 'Giống người để nơi mỗi sẽ số.', '2026-06-12 15:45:00'),
    (1209, 'SS0107', 'SQ007', NULL, 'C', NULL, '2026-06-12 15:45:00'),
    (1210, 'SS0107', 'SQ009', NULL, 'B', NULL, '2026-06-12 15:45:00'),
    (1211, 'SS0107', 'SQ019', NULL, 'B', NULL, '2026-06-12 15:45:00'),
    (1212, 'SS0107', 'SQ051', 4, NULL, NULL, '2026-06-12 15:45:00'),
    (1213, 'SS0107', 'SQ025', NULL, 'D', NULL, '2026-06-12 15:45:00'),
    (1214, 'SS0107', 'SQ059', 2, NULL, NULL, '2026-06-12 15:45:00'),
    (1215, 'SS0108', 'SQ025', NULL, 'A', NULL, '2026-06-12 15:45:00'),
    (1216, 'SS0108', 'SQ032', NULL, NULL, 'Từ hơn nào với tại của từng của điều này mỗi có của.', '2026-06-12 15:45:00'),
    (1217, 'SS0108', 'SQ040', NULL, 'C', NULL, '2026-06-12 15:45:00'),
    (1218, 'SS0108', 'SQ035', NULL, 'C', NULL, '2026-06-12 15:45:00'),
    (1219, 'SS0108', 'SQ005', NULL, 'D', NULL, '2026-06-12 15:45:00'),
    (1220, 'SS0108', 'SQ009', NULL, 'D', NULL, '2026-06-12 15:45:00'),
    (1221, 'SS0108', 'SQ052', NULL, 'A', NULL, '2026-06-12 15:45:00'),
    (1222, 'SS0108', 'SQ037', NULL, NULL, 'Với dưới khi cái từ mà theo.', '2026-06-12 15:45:00'),
    (1223, 'SS0108', 'SQ055', NULL, NULL, 'Số vài lớn và trong như cũng về của cách trong khi vì.', '2026-06-12 15:45:00'),
    (1224, 'SS0108', 'SQ051', 3, NULL, NULL, '2026-06-12 15:45:00'),
    (1225, 'SS0108', 'SQ059', 1, NULL, NULL, '2026-06-12 15:45:00'),
    (1226, 'SS0108', 'SQ029', NULL, 'A', NULL, '2026-06-12 15:45:00'),
    (1227, 'SS0108', 'SQ020', NULL, NULL, 'Này nhưng này có tự cách trong không từ chưa sau cái.', '2026-06-12 15:45:00'),
    (1228, 'SS0109', 'SQ006', 5, NULL, NULL, '2026-06-12 15:45:00'),
    (1229, 'SS0109', 'SQ044', NULL, 'D', NULL, '2026-06-12 15:45:00'),
    (1230, 'SS0109', 'SQ001', 5, NULL, NULL, '2026-06-12 15:45:00'),
    (1231, 'SS0109', 'SQ015', NULL, 'C', NULL, '2026-06-12 15:45:00'),
    (1232, 'SS0109', 'SQ011', NULL, 'B', NULL, '2026-06-12 15:45:00'),
    (1233, 'SS0109', 'SQ002', NULL, 'C', NULL, '2026-06-12 15:45:00'),
    (1234, 'SS0109', 'SQ023', NULL, 'B', NULL, '2026-06-12 15:45:00'),
    (1235, 'SS0109', 'SQ057', NULL, 'C', NULL, '2026-06-12 15:45:00'),
    (1236, 'SS0109', 'SQ025', NULL, 'A', NULL, '2026-06-12 15:45:00'),
    (1237, 'SS0109', 'SQ013', NULL, 'A', NULL, '2026-06-12 15:45:00'),
    (1238, 'SS0109', 'SQ060', NULL, 'B', NULL, '2026-06-12 15:45:00'),
    (1239, 'SS0110', 'SQ039', NULL, 'C', NULL, '2026-06-12 15:45:00'),
    (1240, 'SS0110', 'SQ046', 5, NULL, NULL, '2026-06-12 15:45:00'),
    (1241, 'SS0110', 'SQ009', NULL, 'A', NULL, '2026-06-12 15:45:00'),
    (1242, 'SS0110', 'SQ020', NULL, NULL, 'Từng này chỉ tôi như rất có trong người như từ tôi tại nhưng.', '2026-06-12 15:45:00'),
    (1243, 'SS0110', 'SQ052', NULL, 'A', NULL, '2026-06-12 15:45:00'),
    (1244, 'SS0110', 'SQ042', 5, NULL, NULL, '2026-06-12 15:45:00'),
    (1245, 'SS0110', 'SQ002', NULL, 'A', NULL, '2026-06-12 15:45:00'),
    (1246, 'SS0110', 'SQ004', NULL, NULL, 'Để mỗi sẽ lớn cái giữa gần.', '2026-06-12 15:45:00'),
    (1247, 'SS0110', 'SQ031', NULL, NULL, 'Từ gần hơn như thì cũng của như như hơn các dưới để chỉ giữa.', '2026-06-12 15:45:00'),
    (1248, 'SS0111', 'SQ024', NULL, 'D', NULL, '2026-06-12 15:45:00'),
    (1249, 'SS0111', 'SQ049', 2, NULL, NULL, '2026-06-12 15:45:00'),
    (1250, 'SS0111', 'SQ050', 5, NULL, NULL, '2026-06-12 15:45:00'),
    (1251, 'SS0111', 'SQ021', NULL, 'B', NULL, '2026-06-12 15:45:00'),
    (1252, 'SS0111', 'SQ004', NULL, NULL, 'Nếu rất được từ số chỉ như khiến như.', '2026-06-12 15:45:00'),
    (1253, 'SS0111', 'SQ044', NULL, 'A', NULL, '2026-06-12 15:45:00'),
    (1254, 'SS0111', 'SQ010', NULL, NULL, 'Rất dưới của tôi cũng nếu cho có khi.', '2026-06-12 15:45:00'),
    (1255, 'SS0111', 'SQ013', NULL, 'C', NULL, '2026-06-12 15:45:00'),
    (1256, 'SS0111', 'SQ037', NULL, NULL, 'Có các khi cũng tự không có như lớn là nào như với dưới lớn số.', '2026-06-12 15:45:00'),
    (1257, 'SS0111', 'SQ052', NULL, 'B', NULL, '2026-06-12 15:45:00'),
    (1258, 'SS0112', 'SQ002', NULL, 'D', NULL, '2026-06-12 15:45:00'),
    (1259, 'SS0112', 'SQ009', NULL, 'C', NULL, '2026-06-12 15:45:00'),
    (1260, 'SS0112', 'SQ029', NULL, 'A', NULL, '2026-06-12 15:45:00'),
    (1261, 'SS0112', 'SQ035', NULL, 'A', NULL, '2026-06-12 15:45:00'),
    (1262, 'SS0112', 'SQ006', 4, NULL, NULL, '2026-06-12 15:45:00'),
    (1263, 'SS0112', 'SQ049', 2, NULL, NULL, '2026-06-12 15:45:00'),
    (1264, 'SS0112', 'SQ022', NULL, 'D', NULL, '2026-06-12 15:45:00'),
    (1265, 'SS0112', 'SQ044', NULL, 'D', NULL, '2026-06-12 15:45:00'),
    (1266, 'SS0112', 'SQ015', NULL, 'D', NULL, '2026-06-12 15:45:00'),
    (1267, 'SS0112', 'SQ020', NULL, NULL, 'Tôi hơn gần nhiều thế có và bạn được như.', '2026-06-12 15:45:00'),
    (1268, 'SS0112', 'SQ027', NULL, NULL, 'Để một nếu và nhưng như nhiều cách hơn đang của như thay giống trong.', '2026-06-12 15:45:00'),
    (1269, 'SS0112', 'SQ028', NULL, NULL, 'Dưới cũng có được cái theo như được người với tôi mà đi từ với.', '2026-06-12 15:45:00'),
    (1270, 'SS0113', 'SQ055', NULL, NULL, 'Số cái gần hơn vẫn gần giống trong.', '2026-06-12 15:45:00'),
    (1271, 'SS0113', 'SQ040', NULL, 'A', NULL, '2026-06-12 15:45:00'),
    (1272, 'SS0113', 'SQ001', 1, NULL, NULL, '2026-06-12 15:45:00'),
    (1273, 'SS0113', 'SQ033', NULL, NULL, 'Đó thì chỉ từng với nào điều mà.', '2026-06-12 15:45:00'),
    (1274, 'SS0113', 'SQ045', NULL, 'C', NULL, '2026-06-12 15:45:00'),
    (1275, 'SS0113', 'SQ002', NULL, 'D', NULL, '2026-06-12 15:45:00'),
    (1276, 'SS0113', 'SQ044', NULL, 'D', NULL, '2026-06-12 15:45:00'),
    (1277, 'SS0113', 'SQ014', NULL, NULL, 'Theo các cái giống được tự từ.', '2026-06-12 15:45:00'),
    (1278, 'SS0113', 'SQ037', NULL, NULL, 'Hơn giống dưới với thay đến sẽ bên.', '2026-06-12 15:45:00'),
    (1279, 'SS0113', 'SQ018', 1, NULL, NULL, '2026-06-12 15:45:00'),
    (1280, 'SS0113', 'SQ006', 2, NULL, NULL, '2026-06-12 15:45:00'),
    (1281, 'SS0113', 'SQ054', NULL, NULL, 'Cho bên về vậy vì chỉ các thế khiến vẫn người.', '2026-06-12 15:45:00'),
    (1282, 'SS0113', 'SQ025', NULL, 'D', NULL, '2026-06-12 15:45:00'),
    (1283, 'SS0114', 'SQ027', NULL, NULL, 'Của tại một hơn giữa và cái tự khiến.', '2026-06-12 15:45:00'),
    (1284, 'SS0114', 'SQ049', 1, NULL, NULL, '2026-06-12 15:45:00'),
    (1285, 'SS0114', 'SQ060', NULL, 'C', NULL, '2026-06-12 15:45:00'),
    (1286, 'SS0114', 'SQ006', 2, NULL, NULL, '2026-06-12 15:45:00'),
    (1287, 'SS0114', 'SQ058', NULL, NULL, 'Hơn cũng rất dưới giống hơn của hơn các.', '2026-06-12 15:45:00'),
    (1288, 'SS0114', 'SQ028', NULL, NULL, 'Thay cũng và hơn nơi cũng như cách đúng để.', '2026-06-12 15:45:00'),
    (1289, 'SS0114', 'SQ019', NULL, 'B', NULL, '2026-06-12 15:45:00'),
    (1290, 'SS0114', 'SQ008', NULL, 'D', NULL, '2026-06-12 15:45:00'),
    (1291, 'SS0114', 'SQ002', NULL, 'D', NULL, '2026-06-12 15:45:00'),
    (1292, 'SS0114', 'SQ029', NULL, 'A', NULL, '2026-06-12 15:45:00'),
    (1293, 'SS0114', 'SQ033', NULL, NULL, 'Lớn về vài thay chỉ rất giữa như một được điều hơn của.', '2026-06-12 15:45:00'),
    (1294, 'SS0114', 'SQ056', NULL, 'A', NULL, '2026-06-12 15:45:00'),
    (1295, 'SS0114', 'SQ043', NULL, 'B', NULL, '2026-06-12 15:45:00'),
    (1296, 'SS0114', 'SQ022', NULL, 'C', NULL, '2026-06-12 15:45:00'),
    (1297, 'SS0114', 'SQ020', NULL, NULL, 'Gần như tự một tự cho của.', '2026-06-12 15:45:00'),
    (1298, 'SS0115', 'SQ034', NULL, 'D', NULL, '2026-06-12 15:45:00'),
    (1299, 'SS0115', 'SQ013', NULL, 'D', NULL, '2026-06-12 15:45:00'),
    (1300, 'SS0115', 'SQ002', NULL, 'C', NULL, '2026-06-12 15:45:00'),
    (1301, 'SS0115', 'SQ050', 1, NULL, NULL, '2026-06-12 15:45:00'),
    (1302, 'SS0115', 'SQ041', NULL, 'D', NULL, '2026-06-12 15:45:00'),
    (1303, 'SS0115', 'SQ010', NULL, NULL, 'Của cũng đó khi khi và nếu thế đã.', '2026-06-12 15:45:00'),
    (1304, 'SS0115', 'SQ036', NULL, NULL, 'Và vậy có như tôi và bạn bên cũng.', '2026-06-12 15:45:00'),
    (1305, 'SS0115', 'SQ057', NULL, 'D', NULL, '2026-06-12 15:45:00'),
    (1306, 'SS0115', 'SQ044', NULL, 'C', NULL, '2026-06-12 15:45:00'),
    (1307, 'SS0115', 'SQ049', 4, NULL, NULL, '2026-06-12 15:45:00'),
    (1308, 'SS0115', 'SQ017', NULL, 'D', NULL, '2026-06-12 15:45:00'),
    (1309, 'SS0115', 'SQ015', NULL, 'C', NULL, '2026-06-12 15:45:00'),
    (1310, 'SS0115', 'SQ011', NULL, 'B', NULL, '2026-06-12 15:45:00'),
    (1311, 'SS0115', 'SQ014', NULL, NULL, 'Hơn có sau như có hơn bạn về từ khiến tại.', '2026-06-12 15:45:00'),
    (1312, 'SS0115', 'SQ022', NULL, 'C', NULL, '2026-06-12 15:45:00'),
    (1313, 'SS0116', 'SQ010', NULL, NULL, 'Sau cũng không trong sau từ để nào đúng đến cũng giữa để cái.', '2026-06-12 15:45:00'),
    (1314, 'SS0116', 'SQ027', NULL, NULL, 'Trong cho bạn của đi về số đã thì như vậy có thay.', '2026-06-12 15:45:00'),
    (1315, 'SS0116', 'SQ024', NULL, 'D', NULL, '2026-06-12 15:45:00'),
    (1316, 'SS0116', 'SQ004', NULL, NULL, 'Như để cũng từ về đúng vì như rất như.', '2026-06-12 15:45:00'),
    (1317, 'SS0116', 'SQ060', NULL, 'C', NULL, '2026-06-12 15:45:00'),
    (1318, 'SS0116', 'SQ033', NULL, NULL, 'Các khi rất như sẽ mà thay.', '2026-06-12 15:45:00'),
    (1319, 'SS0116', 'SQ022', NULL, 'D', NULL, '2026-06-12 15:45:00'),
    (1320, 'SS0116', 'SQ018', 3, NULL, NULL, '2026-06-12 15:45:00'),
    (1321, 'SS0117', 'SQ001', 4, NULL, NULL, '2026-06-12 15:45:00'),
    (1322, 'SS0117', 'SQ020', NULL, NULL, 'Nếu khi của không dưới sau tự cách về nhiều dưới sau.', '2026-06-12 15:45:00'),
    (1323, 'SS0117', 'SQ030', 3, NULL, NULL, '2026-06-12 15:45:00'),
    (1324, 'SS0117', 'SQ034', NULL, 'C', NULL, '2026-06-12 15:45:00'),
    (1325, 'SS0117', 'SQ004', NULL, NULL, 'Đi số giống đang khiến vài số làm đang này.', '2026-06-12 15:45:00'),
    (1326, 'SS0117', 'SQ048', NULL, NULL, 'Khi bên chưa nhưng có lớn có của vài chưa dưới vậy.', '2026-06-12 15:45:00'),
    (1327, 'SS0117', 'SQ023', NULL, 'A', NULL, '2026-06-12 15:45:00'),
    (1328, 'SS0117', 'SQ054', NULL, NULL, 'Giữa và mỗi trong đang thế số điều trong hoặc hơn nhưng không cách.', '2026-06-12 15:45:00'),
    (1329, 'SS0117', 'SQ019', NULL, 'B', NULL, '2026-06-12 15:45:00'),
    (1330, 'SS0118', 'SQ011', NULL, 'B', NULL, '2026-06-12 15:45:00'),
    (1331, 'SS0118', 'SQ036', NULL, NULL, 'Sau làm không nếu trong vài giữa.', '2026-06-12 15:45:00'),
    (1332, 'SS0118', 'SQ038', NULL, 'C', NULL, '2026-06-12 15:45:00'),
    (1333, 'SS0118', 'SQ028', NULL, NULL, 'Gần cho là nào nơi hơn dưới.', '2026-06-12 15:45:00'),
    (1334, 'SS0118', 'SQ040', NULL, 'C', NULL, '2026-06-12 15:45:00'),
    (1335, 'SS0118', 'SQ020', NULL, NULL, 'Là vậy tại và đến về hơn khiến tại cũng một trong.', '2026-06-12 15:45:00'),
    (1336, 'SS0118', 'SQ035', NULL, 'B', NULL, '2026-06-12 15:45:00'),
    (1337, 'SS0118', 'SQ058', NULL, NULL, 'Được như các đến khiến để đó nhưng làm nhưng làm giữa với.', '2026-06-12 15:45:00'),
    (1338, 'SS0118', 'SQ060', NULL, 'A', NULL, '2026-06-12 15:45:00'),
    (1339, 'SS0118', 'SQ027', NULL, NULL, 'Thì điều mà nếu có dưới vậy bạn gần trong cho đã dưới cũng đó và.', '2026-06-12 15:45:00'),
    (1340, 'SS0118', 'SQ045', NULL, 'C', NULL, '2026-06-12 15:45:00'),
    (1341, 'SS0118', 'SQ057', NULL, 'C', NULL, '2026-06-12 15:45:00'),
    (1342, 'SS0119', 'SQ048', NULL, NULL, 'Rất của của cũng vậy tại để đó để.', '2026-06-12 15:45:00'),
    (1343, 'SS0119', 'SQ060', NULL, 'C', NULL, '2026-06-12 15:45:00'),
    (1344, 'SS0119', 'SQ016', NULL, 'C', NULL, '2026-06-12 15:45:00'),
    (1345, 'SS0119', 'SQ023', NULL, 'D', NULL, '2026-06-12 15:45:00'),
    (1346, 'SS0119', 'SQ007', NULL, 'B', NULL, '2026-06-12 15:45:00'),
    (1347, 'SS0119', 'SQ055', NULL, NULL, 'Có các như khiến nếu điều bên trong tại như nhưng này giữa.', '2026-06-12 15:45:00'),
    (1348, 'SS0119', 'SQ011', NULL, 'D', NULL, '2026-06-12 15:45:00'),
    (1349, 'SS0119', 'SQ003', NULL, NULL, 'Không để trong chỉ từng khiến thay như không tại điều vẫn chỉ có từng.', '2026-06-12 15:45:00'),
    (1350, 'SS0119', 'SQ020', NULL, NULL, 'Lớn chỉ đã để giữa như như cũng.', '2026-06-12 15:45:00'),
    (1351, 'SS0119', 'SQ049', 5, NULL, NULL, '2026-06-12 15:45:00'),
    (1352, 'SS0119', 'SQ022', NULL, 'D', NULL, '2026-06-12 15:45:00'),
    (1353, 'SS0119', 'SQ042', 4, NULL, NULL, '2026-06-12 15:45:00'),
    (1354, 'SS0120', 'SQ024', NULL, 'A', NULL, '2026-06-12 15:45:00'),
    (1355, 'SS0120', 'SQ005', NULL, 'D', NULL, '2026-06-12 15:45:00'),
    (1356, 'SS0120', 'SQ029', NULL, 'D', NULL, '2026-06-12 15:45:00'),
    (1357, 'SS0120', 'SQ019', NULL, 'C', NULL, '2026-06-12 15:45:00'),
    (1358, 'SS0120', 'SQ026', NULL, 'B', NULL, '2026-06-12 15:45:00'),
    (1359, 'SS0120', 'SQ046', 5, NULL, NULL, '2026-06-12 15:45:00'),
    (1360, 'SS0120', 'SQ032', NULL, NULL, 'Cũng vài có trong và để sau vài.', '2026-06-12 15:45:00'),
    (1361, 'SS0120', 'SQ054', NULL, NULL, 'Và làm vài về từng tôi tự thế như.', '2026-06-12 15:45:00');

SET session_replication_role = 'origin';
ANALYZE;
