-- ============================================
-- SEED DATA FOR PM2 POSTGRESQL DATABASE
-- Includes Training Module + Khao Thi Module
-- Generated by generate_seed.py using Faker vi_VN
-- Generated at: 2026-06-22 13:58:13.609821
-- ============================================

SET session_replication_role = 'replica';

-- ============================================
-- KHAO THI SEED
-- ============================================

INSERT INTO exam_frameworks (id, code, name, description, time_minutes, mon_hoc_id, active, created_at, updated_at, created_by) VALUES
    ('EF001', 'KD001', 'Khung đề MH008 số 1', 'Khung đề kiểm tra cho môn MH008', 45, 'MH008', TRUE, '2026-06-12 15:45:00', '2026-06-12 15:45:00', NULL),
    ('EF002', 'KD002', 'Khung đề MH005 số 2', 'Khung đề kiểm tra cho môn MH005', 75, 'MH005', TRUE, '2026-06-12 15:45:00', '2026-06-12 15:45:00', NULL),
    ('EF003', 'KD003', 'Khung đề MH018 số 3', 'Khung đề kiểm tra cho môn MH018', 90, 'MH018', TRUE, '2026-06-12 15:45:00', '2026-06-12 15:45:00', NULL),
    ('EF004', 'KD004', 'Khung đề MH014 số 4', 'Khung đề kiểm tra cho môn MH014', 75, 'MH014', TRUE, '2026-06-12 15:45:00', '2026-06-12 15:45:00', NULL),
    ('EF005', 'KD005', 'Khung đề MH013 số 5', 'Khung đề kiểm tra cho môn MH013', 60, 'MH013', TRUE, '2026-06-12 15:45:00', '2026-06-12 15:45:00', NULL),
    ('EF006', 'KD006', 'Khung đề MH014 số 6', 'Khung đề kiểm tra cho môn MH014', 60, 'MH014', TRUE, '2026-06-12 15:45:00', '2026-06-12 15:45:00', NULL),
    ('EF007', 'KD007', 'Khung đề MH015 số 7', 'Khung đề kiểm tra cho môn MH015', 120, 'MH015', TRUE, '2026-06-12 15:45:00', '2026-06-12 15:45:00', NULL),
    ('EF008', 'KD008', 'Khung đề MH014 số 8', 'Khung đề kiểm tra cho môn MH014', 90, 'MH014', TRUE, '2026-06-12 15:45:00', '2026-06-12 15:45:00', NULL),
    ('EF009', 'KD009', 'Khung đề MH002 số 9', 'Khung đề kiểm tra cho môn MH002', 75, 'MH002', TRUE, '2026-06-12 15:45:00', '2026-06-12 15:45:00', NULL),
    ('EF010', 'KD010', 'Khung đề MH014 số 10', 'Khung đề kiểm tra cho môn MH014', 45, 'MH014', TRUE, '2026-06-12 15:45:00', '2026-06-12 15:45:00', NULL),
    ('EF011', 'KD011', 'Khung đề MH005 số 11', 'Khung đề kiểm tra cho môn MH005', 60, 'MH005', TRUE, '2026-06-12 15:45:00', '2026-06-12 15:45:00', NULL),
    ('EF012', 'KD012', 'Khung đề MH007 số 12', 'Khung đề kiểm tra cho môn MH007', 75, 'MH007', TRUE, '2026-06-12 15:45:00', '2026-06-12 15:45:00', NULL),
    ('EF013', 'KD013', 'Khung đề MH005 số 13', 'Khung đề kiểm tra cho môn MH005', 45, 'MH005', TRUE, '2026-06-12 15:45:00', '2026-06-12 15:45:00', NULL),
    ('EF014', 'KD014', 'Khung đề MH015 số 14', 'Khung đề kiểm tra cho môn MH015', 90, 'MH015', TRUE, '2026-06-12 15:45:00', '2026-06-12 15:45:00', NULL),
    ('EF015', 'KD015', 'Khung đề MH018 số 15', 'Khung đề kiểm tra cho môn MH018', 75, 'MH018', TRUE, '2026-06-12 15:45:00', '2026-06-12 15:45:00', NULL),
    ('EF016', 'KD016', 'Khung đề MH018 số 16', 'Khung đề kiểm tra cho môn MH018', 120, 'MH018', TRUE, '2026-06-12 15:45:00', '2026-06-12 15:45:00', NULL),
    ('EF017', 'KD017', 'Khung đề MH008 số 17', 'Khung đề kiểm tra cho môn MH008', 120, 'MH008', TRUE, '2026-06-12 15:45:00', '2026-06-12 15:45:00', NULL),
    ('EF018', 'KD018', 'Khung đề MH005 số 18', 'Khung đề kiểm tra cho môn MH005', 120, 'MH005', TRUE, '2026-06-12 15:45:00', '2026-06-12 15:45:00', NULL),
    ('EF019', 'KD019', 'Khung đề MH014 số 19', 'Khung đề kiểm tra cho môn MH014', 90, 'MH014', TRUE, '2026-06-12 15:45:00', '2026-06-12 15:45:00', NULL),
    ('EF020', 'KD020', 'Khung đề MH019 số 20', 'Khung đề kiểm tra cho môn MH019', 120, 'MH019', TRUE, '2026-06-12 15:45:00', '2026-06-12 15:45:00', NULL);

INSERT INTO exam_matrices (id, code, name, description, is_default, exam_framework_id, active, created_at, updated_at, created_by) VALUES
    ('EM001', 'MT001', 'Ma trận đề 1', 'Phân bổ câu hỏi theo khối kiến thức và mức độ khó', TRUE, 'EF012', TRUE, '2026-06-12 15:45:00', '2026-06-12 15:45:00', NULL),
    ('EM002', 'MT002', 'Ma trận đề 2', 'Phân bổ câu hỏi theo khối kiến thức và mức độ khó', TRUE, 'EF006', TRUE, '2026-06-12 15:45:00', '2026-06-12 15:45:00', NULL),
    ('EM003', 'MT003', 'Ma trận đề 3', 'Phân bổ câu hỏi theo khối kiến thức và mức độ khó', TRUE, 'EF001', TRUE, '2026-06-12 15:45:00', '2026-06-12 15:45:00', NULL),
    ('EM004', 'MT004', 'Ma trận đề 4', 'Phân bổ câu hỏi theo khối kiến thức và mức độ khó', TRUE, 'EF005', TRUE, '2026-06-12 15:45:00', '2026-06-12 15:45:00', NULL),
    ('EM005', 'MT005', 'Ma trận đề 5', 'Phân bổ câu hỏi theo khối kiến thức và mức độ khó', TRUE, 'EF003', TRUE, '2026-06-12 15:45:00', '2026-06-12 15:45:00', NULL),
    ('EM006', 'MT006', 'Ma trận đề 6', 'Phân bổ câu hỏi theo khối kiến thức và mức độ khó', FALSE, 'EF019', TRUE, '2026-06-12 15:45:00', '2026-06-12 15:45:00', NULL),
    ('EM007', 'MT007', 'Ma trận đề 7', 'Phân bổ câu hỏi theo khối kiến thức và mức độ khó', FALSE, 'EF015', TRUE, '2026-06-12 15:45:00', '2026-06-12 15:45:00', NULL),
    ('EM008', 'MT008', 'Ma trận đề 8', 'Phân bổ câu hỏi theo khối kiến thức và mức độ khó', FALSE, 'EF008', TRUE, '2026-06-12 15:45:00', '2026-06-12 15:45:00', NULL),
    ('EM009', 'MT009', 'Ma trận đề 9', 'Phân bổ câu hỏi theo khối kiến thức và mức độ khó', FALSE, 'EF006', TRUE, '2026-06-12 15:45:00', '2026-06-12 15:45:00', NULL),
    ('EM010', 'MT010', 'Ma trận đề 10', 'Phân bổ câu hỏi theo khối kiến thức và mức độ khó', FALSE, 'EF005', TRUE, '2026-06-12 15:45:00', '2026-06-12 15:45:00', NULL),
    ('EM011', 'MT011', 'Ma trận đề 11', 'Phân bổ câu hỏi theo khối kiến thức và mức độ khó', FALSE, 'EF008', TRUE, '2026-06-12 15:45:00', '2026-06-12 15:45:00', NULL),
    ('EM012', 'MT012', 'Ma trận đề 12', 'Phân bổ câu hỏi theo khối kiến thức và mức độ khó', FALSE, 'EF006', TRUE, '2026-06-12 15:45:00', '2026-06-12 15:45:00', NULL),
    ('EM013', 'MT013', 'Ma trận đề 13', 'Phân bổ câu hỏi theo khối kiến thức và mức độ khó', FALSE, 'EF011', TRUE, '2026-06-12 15:45:00', '2026-06-12 15:45:00', NULL),
    ('EM014', 'MT014', 'Ma trận đề 14', 'Phân bổ câu hỏi theo khối kiến thức và mức độ khó', FALSE, 'EF002', TRUE, '2026-06-12 15:45:00', '2026-06-12 15:45:00', NULL),
    ('EM015', 'MT015', 'Ma trận đề 15', 'Phân bổ câu hỏi theo khối kiến thức và mức độ khó', FALSE, 'EF009', TRUE, '2026-06-12 15:45:00', '2026-06-12 15:45:00', NULL),
    ('EM016', 'MT016', 'Ma trận đề 16', 'Phân bổ câu hỏi theo khối kiến thức và mức độ khó', FALSE, 'EF012', TRUE, '2026-06-12 15:45:00', '2026-06-12 15:45:00', NULL),
    ('EM017', 'MT017', 'Ma trận đề 17', 'Phân bổ câu hỏi theo khối kiến thức và mức độ khó', FALSE, 'EF013', TRUE, '2026-06-12 15:45:00', '2026-06-12 15:45:00', NULL),
    ('EM018', 'MT018', 'Ma trận đề 18', 'Phân bổ câu hỏi theo khối kiến thức và mức độ khó', FALSE, 'EF003', TRUE, '2026-06-12 15:45:00', '2026-06-12 15:45:00', NULL),
    ('EM019', 'MT019', 'Ma trận đề 19', 'Phân bổ câu hỏi theo khối kiến thức và mức độ khó', FALSE, 'EF006', TRUE, '2026-06-12 15:45:00', '2026-06-12 15:45:00', NULL),
    ('EM020', 'MT020', 'Ma trận đề 20', 'Phân bổ câu hỏi theo khối kiến thức và mức độ khó', FALSE, 'EF010', TRUE, '2026-06-12 15:45:00', '2026-06-12 15:45:00', NULL),
    ('EM021', 'MT021', 'Ma trận đề 21', 'Phân bổ câu hỏi theo khối kiến thức và mức độ khó', FALSE, 'EF003', TRUE, '2026-06-12 15:45:00', '2026-06-12 15:45:00', NULL),
    ('EM022', 'MT022', 'Ma trận đề 22', 'Phân bổ câu hỏi theo khối kiến thức và mức độ khó', FALSE, 'EF014', TRUE, '2026-06-12 15:45:00', '2026-06-12 15:45:00', NULL),
    ('EM023', 'MT023', 'Ma trận đề 23', 'Phân bổ câu hỏi theo khối kiến thức và mức độ khó', FALSE, 'EF006', TRUE, '2026-06-12 15:45:00', '2026-06-12 15:45:00', NULL),
    ('EM024', 'MT024', 'Ma trận đề 24', 'Phân bổ câu hỏi theo khối kiến thức và mức độ khó', FALSE, 'EF009', TRUE, '2026-06-12 15:45:00', '2026-06-12 15:45:00', NULL),
    ('EM025', 'MT025', 'Ma trận đề 25', 'Phân bổ câu hỏi theo khối kiến thức và mức độ khó', FALSE, 'EF011', TRUE, '2026-06-12 15:45:00', '2026-06-12 15:45:00', NULL),
    ('EM026', 'MT026', 'Ma trận đề 26', 'Phân bổ câu hỏi theo khối kiến thức và mức độ khó', FALSE, 'EF011', TRUE, '2026-06-12 15:45:00', '2026-06-12 15:45:00', NULL),
    ('EM027', 'MT027', 'Ma trận đề 27', 'Phân bổ câu hỏi theo khối kiến thức và mức độ khó', FALSE, 'EF001', TRUE, '2026-06-12 15:45:00', '2026-06-12 15:45:00', NULL),
    ('EM028', 'MT028', 'Ma trận đề 28', 'Phân bổ câu hỏi theo khối kiến thức và mức độ khó', FALSE, 'EF009', TRUE, '2026-06-12 15:45:00', '2026-06-12 15:45:00', NULL),
    ('EM029', 'MT029', 'Ma trận đề 29', 'Phân bổ câu hỏi theo khối kiến thức và mức độ khó', FALSE, 'EF019', TRUE, '2026-06-12 15:45:00', '2026-06-12 15:45:00', NULL),
    ('EM030', 'MT030', 'Ma trận đề 30', 'Phân bổ câu hỏi theo khối kiến thức và mức độ khó', FALSE, 'EF008', TRUE, '2026-06-12 15:45:00', '2026-06-12 15:45:00', NULL);

INSERT INTO knowledge_blocks (id, code, name, description, mon_hoc_id, active, created_at, updated_at, created_by) VALUES
    ('KB001', 'KKT001', 'Chương 2 - Là', 'Khối kiến thức phục vụ sinh câu hỏi', 'MH009', TRUE, '2026-06-12 15:45:00', '2026-06-12 15:45:00', NULL),
    ('KB002', 'KKT002', 'Chương 6 - Được', 'Khối kiến thức phục vụ sinh câu hỏi', 'MH021', TRUE, '2026-06-12 15:45:00', '2026-06-12 15:45:00', NULL),
    ('KB003', 'KKT003', 'Chương 5 - Trong', 'Khối kiến thức phục vụ sinh câu hỏi', 'MH010', TRUE, '2026-06-12 15:45:00', '2026-06-12 15:45:00', NULL),
    ('KB004', 'KKT004', 'Chương 4 - Khi', 'Khối kiến thức phục vụ sinh câu hỏi', 'MH009', TRUE, '2026-06-12 15:45:00', '2026-06-12 15:45:00', NULL),
    ('KB005', 'KKT005', 'Chương 5 - Tại', 'Khối kiến thức phục vụ sinh câu hỏi', 'MH013', TRUE, '2026-06-12 15:45:00', '2026-06-12 15:45:00', NULL),
    ('KB006', 'KKT006', 'Chương 7 - Hơn', 'Khối kiến thức phục vụ sinh câu hỏi', 'MH015', TRUE, '2026-06-12 15:45:00', '2026-06-12 15:45:00', NULL),
    ('KB007', 'KKT007', 'Chương 4 - Hoặc', 'Khối kiến thức phục vụ sinh câu hỏi', 'MH022', TRUE, '2026-06-12 15:45:00', '2026-06-12 15:45:00', NULL),
    ('KB008', 'KKT008', 'Chương 3 - Bên', 'Khối kiến thức phục vụ sinh câu hỏi', 'MH012', TRUE, '2026-06-12 15:45:00', '2026-06-12 15:45:00', NULL),
    ('KB009', 'KKT009', 'Chương 7 - Cho', 'Khối kiến thức phục vụ sinh câu hỏi', 'MH015', TRUE, '2026-06-12 15:45:00', '2026-06-12 15:45:00', NULL),
    ('KB010', 'KKT010', 'Chương 3 - Này', 'Khối kiến thức phục vụ sinh câu hỏi', 'MH010', TRUE, '2026-06-12 15:45:00', '2026-06-12 15:45:00', NULL),
    ('KB011', 'KKT011', 'Chương 1 - Đúng', 'Khối kiến thức phục vụ sinh câu hỏi', 'MH004', TRUE, '2026-06-12 15:45:00', '2026-06-12 15:45:00', NULL),
    ('KB012', 'KKT012', 'Chương 8 - Các', 'Khối kiến thức phục vụ sinh câu hỏi', 'MH021', TRUE, '2026-06-12 15:45:00', '2026-06-12 15:45:00', NULL),
    ('KB013', 'KKT013', 'Chương 8 - Điều', 'Khối kiến thức phục vụ sinh câu hỏi', 'MH014', TRUE, '2026-06-12 15:45:00', '2026-06-12 15:45:00', NULL),
    ('KB014', 'KKT014', 'Chương 4 - Thế', 'Khối kiến thức phục vụ sinh câu hỏi', 'MH011', TRUE, '2026-06-12 15:45:00', '2026-06-12 15:45:00', NULL),
    ('KB015', 'KKT015', 'Chương 1 - Vì', 'Khối kiến thức phục vụ sinh câu hỏi', 'MH019', TRUE, '2026-06-12 15:45:00', '2026-06-12 15:45:00', NULL),
    ('KB016', 'KKT016', 'Chương 4 - Như', 'Khối kiến thức phục vụ sinh câu hỏi', 'MH008', TRUE, '2026-06-12 15:45:00', '2026-06-12 15:45:00', NULL),
    ('KB017', 'KKT017', 'Chương 7 - Từ', 'Khối kiến thức phục vụ sinh câu hỏi', 'MH003', TRUE, '2026-06-12 15:45:00', '2026-06-12 15:45:00', NULL),
    ('KB018', 'KKT018', 'Chương 6 - Trong', 'Khối kiến thức phục vụ sinh câu hỏi', 'MH001', TRUE, '2026-06-12 15:45:00', '2026-06-12 15:45:00', NULL),
    ('KB019', 'KKT019', 'Chương 6 - Theo', 'Khối kiến thức phục vụ sinh câu hỏi', 'MH001', TRUE, '2026-06-12 15:45:00', '2026-06-12 15:45:00', NULL),
    ('KB020', 'KKT020', 'Chương 4 - Bạn', 'Khối kiến thức phục vụ sinh câu hỏi', 'MH010', TRUE, '2026-06-12 15:45:00', '2026-06-12 15:45:00', NULL),
    ('KB021', 'KKT021', 'Chương 5 - Cho', 'Khối kiến thức phục vụ sinh câu hỏi', 'MH019', TRUE, '2026-06-12 15:45:00', '2026-06-12 15:45:00', NULL),
    ('KB022', 'KKT022', 'Chương 2 - Thay', 'Khối kiến thức phục vụ sinh câu hỏi', 'MH011', TRUE, '2026-06-12 15:45:00', '2026-06-12 15:45:00', NULL),
    ('KB023', 'KKT023', 'Chương 3 - Như', 'Khối kiến thức phục vụ sinh câu hỏi', 'MH006', TRUE, '2026-06-12 15:45:00', '2026-06-12 15:45:00', NULL),
    ('KB024', 'KKT024', 'Chương 1 - Có', 'Khối kiến thức phục vụ sinh câu hỏi', 'MH017', TRUE, '2026-06-12 15:45:00', '2026-06-12 15:45:00', NULL),
    ('KB025', 'KKT025', 'Chương 3 - Nhiều', 'Khối kiến thức phục vụ sinh câu hỏi', 'MH011', TRUE, '2026-06-12 15:45:00', '2026-06-12 15:45:00', NULL),
    ('KB026', 'KKT026', 'Chương 2 - Mỗi', 'Khối kiến thức phục vụ sinh câu hỏi', 'MH010', TRUE, '2026-06-12 15:45:00', '2026-06-12 15:45:00', NULL),
    ('KB027', 'KKT027', 'Chương 3 - Thì', 'Khối kiến thức phục vụ sinh câu hỏi', 'MH018', TRUE, '2026-06-12 15:45:00', '2026-06-12 15:45:00', NULL),
    ('KB028', 'KKT028', 'Chương 1 - Làm', 'Khối kiến thức phục vụ sinh câu hỏi', 'MH015', TRUE, '2026-06-12 15:45:00', '2026-06-12 15:45:00', NULL),
    ('KB029', 'KKT029', 'Chương 8 - Làm', 'Khối kiến thức phục vụ sinh câu hỏi', 'MH018', TRUE, '2026-06-12 15:45:00', '2026-06-12 15:45:00', NULL),
    ('KB030', 'KKT030', 'Chương 3 - Cho', 'Khối kiến thức phục vụ sinh câu hỏi', 'MH019', TRUE, '2026-06-12 15:45:00', '2026-06-12 15:45:00', NULL),
    ('KB031', 'KKT031', 'Chương 4 - Của', 'Khối kiến thức phục vụ sinh câu hỏi', 'MH006', TRUE, '2026-06-12 15:45:00', '2026-06-12 15:45:00', NULL),
    ('KB032', 'KKT032', 'Chương 8 - Đến', 'Khối kiến thức phục vụ sinh câu hỏi', 'MH003', TRUE, '2026-06-12 15:45:00', '2026-06-12 15:45:00', NULL),
    ('KB033', 'KKT033', 'Chương 1 - Theo', 'Khối kiến thức phục vụ sinh câu hỏi', 'MH016', TRUE, '2026-06-12 15:45:00', '2026-06-12 15:45:00', NULL),
    ('KB034', 'KKT034', 'Chương 4 - Như', 'Khối kiến thức phục vụ sinh câu hỏi', 'MH007', TRUE, '2026-06-12 15:45:00', '2026-06-12 15:45:00', NULL),
    ('KB035', 'KKT035', 'Chương 2 - Với', 'Khối kiến thức phục vụ sinh câu hỏi', 'MH002', TRUE, '2026-06-12 15:45:00', '2026-06-12 15:45:00', NULL),
    ('KB036', 'KKT036', 'Chương 3 - Để', 'Khối kiến thức phục vụ sinh câu hỏi', 'MH004', TRUE, '2026-06-12 15:45:00', '2026-06-12 15:45:00', NULL),
    ('KB037', 'KKT037', 'Chương 6 - Với', 'Khối kiến thức phục vụ sinh câu hỏi', 'MH012', TRUE, '2026-06-12 15:45:00', '2026-06-12 15:45:00', NULL),
    ('KB038', 'KKT038', 'Chương 4 - Từ', 'Khối kiến thức phục vụ sinh câu hỏi', 'MH006', TRUE, '2026-06-12 15:45:00', '2026-06-12 15:45:00', NULL),
    ('KB039', 'KKT039', 'Chương 3 - Của', 'Khối kiến thức phục vụ sinh câu hỏi', 'MH012', TRUE, '2026-06-12 15:45:00', '2026-06-12 15:45:00', NULL),
    ('KB040', 'KKT040', 'Chương 1 - Nếu', 'Khối kiến thức phục vụ sinh câu hỏi', 'MH012', TRUE, '2026-06-12 15:45:00', '2026-06-12 15:45:00', NULL),
    ('KB041', 'KKT041', 'Chương 3 - Hơn', 'Khối kiến thức phục vụ sinh câu hỏi', 'MH011', TRUE, '2026-06-12 15:45:00', '2026-06-12 15:45:00', NULL),
    ('KB042', 'KKT042', 'Chương 7 - Cũng', 'Khối kiến thức phục vụ sinh câu hỏi', 'MH009', TRUE, '2026-06-12 15:45:00', '2026-06-12 15:45:00', NULL),
    ('KB043', 'KKT043', 'Chương 2 - Dưới', 'Khối kiến thức phục vụ sinh câu hỏi', 'MH016', TRUE, '2026-06-12 15:45:00', '2026-06-12 15:45:00', NULL),
    ('KB044', 'KKT044', 'Chương 7 - Khiến', 'Khối kiến thức phục vụ sinh câu hỏi', 'MH013', TRUE, '2026-06-12 15:45:00', '2026-06-12 15:45:00', NULL),
    ('KB045', 'KKT045', 'Chương 8 - Cho', 'Khối kiến thức phục vụ sinh câu hỏi', 'MH002', TRUE, '2026-06-12 15:45:00', '2026-06-12 15:45:00', NULL),
    ('KB046', 'KKT046', 'Chương 2 - Bên', 'Khối kiến thức phục vụ sinh câu hỏi', 'MH006', TRUE, '2026-06-12 15:45:00', '2026-06-12 15:45:00', NULL),
    ('KB047', 'KKT047', 'Chương 2 - Như', 'Khối kiến thức phục vụ sinh câu hỏi', 'MH011', TRUE, '2026-06-12 15:45:00', '2026-06-12 15:45:00', NULL),
    ('KB048', 'KKT048', 'Chương 4 - Có', 'Khối kiến thức phục vụ sinh câu hỏi', 'MH014', TRUE, '2026-06-12 15:45:00', '2026-06-12 15:45:00', NULL),
    ('KB049', 'KKT049', 'Chương 8 - Điều', 'Khối kiến thức phục vụ sinh câu hỏi', 'MH011', TRUE, '2026-06-12 15:45:00', '2026-06-12 15:45:00', NULL),
    ('KB050', 'KKT050', 'Chương 2 - Tại', 'Khối kiến thức phục vụ sinh câu hỏi', 'MH005', TRUE, '2026-06-12 15:45:00', '2026-06-12 15:45:00', NULL),
    ('KB051', 'KKT051', 'Chương 8 - Nơi', 'Khối kiến thức phục vụ sinh câu hỏi', 'MH019', TRUE, '2026-06-12 15:45:00', '2026-06-12 15:45:00', NULL),
    ('KB052', 'KKT052', 'Chương 5 - Khi', 'Khối kiến thức phục vụ sinh câu hỏi', 'MH008', TRUE, '2026-06-12 15:45:00', '2026-06-12 15:45:00', NULL),
    ('KB053', 'KKT053', 'Chương 5 - Như', 'Khối kiến thức phục vụ sinh câu hỏi', 'MH003', TRUE, '2026-06-12 15:45:00', '2026-06-12 15:45:00', NULL),
    ('KB054', 'KKT054', 'Chương 7 - Của', 'Khối kiến thức phục vụ sinh câu hỏi', 'MH005', TRUE, '2026-06-12 15:45:00', '2026-06-12 15:45:00', NULL),
    ('KB055', 'KKT055', 'Chương 8 - Nhiều', 'Khối kiến thức phục vụ sinh câu hỏi', 'MH011', TRUE, '2026-06-12 15:45:00', '2026-06-12 15:45:00', NULL),
    ('KB056', 'KKT056', 'Chương 8 - Đã', 'Khối kiến thức phục vụ sinh câu hỏi', 'MH017', TRUE, '2026-06-12 15:45:00', '2026-06-12 15:45:00', NULL),
    ('KB057', 'KKT057', 'Chương 6 - Khi', 'Khối kiến thức phục vụ sinh câu hỏi', 'MH007', TRUE, '2026-06-12 15:45:00', '2026-06-12 15:45:00', NULL),
    ('KB058', 'KKT058', 'Chương 4 - Cho', 'Khối kiến thức phục vụ sinh câu hỏi', 'MH015', TRUE, '2026-06-12 15:45:00', '2026-06-12 15:45:00', NULL),
    ('KB059', 'KKT059', 'Chương 4 - Nếu', 'Khối kiến thức phục vụ sinh câu hỏi', 'MH010', TRUE, '2026-06-12 15:45:00', '2026-06-12 15:45:00', NULL),
    ('KB060', 'KKT060', 'Chương 5 - Không', 'Khối kiến thức phục vụ sinh câu hỏi', 'MH007', TRUE, '2026-06-12 15:45:00', '2026-06-12 15:45:00', NULL);

INSERT INTO question_banks (id, code, name, description, mon_hoc_id, active, created_at, updated_at, created_by) VALUES
    ('QB001', 'NHCH001', 'Ngân hàng câu hỏi MH002', 'Câu hỏi dùng cho kiểm tra/thi môn MH002', 'MH002', TRUE, '2026-06-12 15:45:00', '2026-06-12 15:45:00', NULL),
    ('QB002', 'NHCH002', 'Ngân hàng câu hỏi MH002', 'Câu hỏi dùng cho kiểm tra/thi môn MH002', 'MH002', TRUE, '2026-06-12 15:45:00', '2026-06-12 15:45:00', NULL),
    ('QB003', 'NHCH003', 'Ngân hàng câu hỏi MH016', 'Câu hỏi dùng cho kiểm tra/thi môn MH016', 'MH016', TRUE, '2026-06-12 15:45:00', '2026-06-12 15:45:00', NULL),
    ('QB004', 'NHCH004', 'Ngân hàng câu hỏi MH006', 'Câu hỏi dùng cho kiểm tra/thi môn MH006', 'MH006', TRUE, '2026-06-12 15:45:00', '2026-06-12 15:45:00', NULL),
    ('QB005', 'NHCH005', 'Ngân hàng câu hỏi MH019', 'Câu hỏi dùng cho kiểm tra/thi môn MH019', 'MH019', TRUE, '2026-06-12 15:45:00', '2026-06-12 15:45:00', NULL),
    ('QB006', 'NHCH006', 'Ngân hàng câu hỏi MH019', 'Câu hỏi dùng cho kiểm tra/thi môn MH019', 'MH019', TRUE, '2026-06-12 15:45:00', '2026-06-12 15:45:00', NULL),
    ('QB007', 'NHCH007', 'Ngân hàng câu hỏi MH010', 'Câu hỏi dùng cho kiểm tra/thi môn MH010', 'MH010', TRUE, '2026-06-12 15:45:00', '2026-06-12 15:45:00', NULL),
    ('QB008', 'NHCH008', 'Ngân hàng câu hỏi MH006', 'Câu hỏi dùng cho kiểm tra/thi môn MH006', 'MH006', TRUE, '2026-06-12 15:45:00', '2026-06-12 15:45:00', NULL),
    ('QB009', 'NHCH009', 'Ngân hàng câu hỏi MH004', 'Câu hỏi dùng cho kiểm tra/thi môn MH004', 'MH004', TRUE, '2026-06-12 15:45:00', '2026-06-12 15:45:00', NULL),
    ('QB010', 'NHCH010', 'Ngân hàng câu hỏi MH008', 'Câu hỏi dùng cho kiểm tra/thi môn MH008', 'MH008', TRUE, '2026-06-12 15:45:00', '2026-06-12 15:45:00', NULL),
    ('QB011', 'NHCH011', 'Ngân hàng câu hỏi MH010', 'Câu hỏi dùng cho kiểm tra/thi môn MH010', 'MH010', TRUE, '2026-06-12 15:45:00', '2026-06-12 15:45:00', NULL),
    ('QB012', 'NHCH012', 'Ngân hàng câu hỏi MH012', 'Câu hỏi dùng cho kiểm tra/thi môn MH012', 'MH012', TRUE, '2026-06-12 15:45:00', '2026-06-12 15:45:00', NULL),
    ('QB013', 'NHCH013', 'Ngân hàng câu hỏi MH015', 'Câu hỏi dùng cho kiểm tra/thi môn MH015', 'MH015', TRUE, '2026-06-12 15:45:00', '2026-06-12 15:45:00', NULL),
    ('QB014', 'NHCH014', 'Ngân hàng câu hỏi MH009', 'Câu hỏi dùng cho kiểm tra/thi môn MH009', 'MH009', TRUE, '2026-06-12 15:45:00', '2026-06-12 15:45:00', NULL),
    ('QB015', 'NHCH015', 'Ngân hàng câu hỏi MH002', 'Câu hỏi dùng cho kiểm tra/thi môn MH002', 'MH002', TRUE, '2026-06-12 15:45:00', '2026-06-12 15:45:00', NULL),
    ('QB016', 'NHCH016', 'Ngân hàng câu hỏi MH021', 'Câu hỏi dùng cho kiểm tra/thi môn MH021', 'MH021', TRUE, '2026-06-12 15:45:00', '2026-06-12 15:45:00', NULL),
    ('QB017', 'NHCH017', 'Ngân hàng câu hỏi MH014', 'Câu hỏi dùng cho kiểm tra/thi môn MH014', 'MH014', TRUE, '2026-06-12 15:45:00', '2026-06-12 15:45:00', NULL),
    ('QB018', 'NHCH018', 'Ngân hàng câu hỏi MH010', 'Câu hỏi dùng cho kiểm tra/thi môn MH010', 'MH010', TRUE, '2026-06-12 15:45:00', '2026-06-12 15:45:00', NULL),
    ('QB019', 'NHCH019', 'Ngân hàng câu hỏi MH004', 'Câu hỏi dùng cho kiểm tra/thi môn MH004', 'MH004', TRUE, '2026-06-12 15:45:00', '2026-06-12 15:45:00', NULL),
    ('QB020', 'NHCH020', 'Ngân hàng câu hỏi MH015', 'Câu hỏi dùng cho kiểm tra/thi môn MH015', 'MH015', TRUE, '2026-06-12 15:45:00', '2026-06-12 15:45:00', NULL),
    ('QB021', 'NHCH021', 'Ngân hàng câu hỏi MH002', 'Câu hỏi dùng cho kiểm tra/thi môn MH002', 'MH002', TRUE, '2026-06-12 15:45:00', '2026-06-12 15:45:00', NULL),
    ('QB022', 'NHCH022', 'Ngân hàng câu hỏi MH012', 'Câu hỏi dùng cho kiểm tra/thi môn MH012', 'MH012', TRUE, '2026-06-12 15:45:00', '2026-06-12 15:45:00', NULL),
    ('QB023', 'NHCH023', 'Ngân hàng câu hỏi MH013', 'Câu hỏi dùng cho kiểm tra/thi môn MH013', 'MH013', TRUE, '2026-06-12 15:45:00', '2026-06-12 15:45:00', NULL),
    ('QB024', 'NHCH024', 'Ngân hàng câu hỏi MH017', 'Câu hỏi dùng cho kiểm tra/thi môn MH017', 'MH017', TRUE, '2026-06-12 15:45:00', '2026-06-12 15:45:00', NULL),
    ('QB025', 'NHCH025', 'Ngân hàng câu hỏi MH009', 'Câu hỏi dùng cho kiểm tra/thi môn MH009', 'MH009', TRUE, '2026-06-12 15:45:00', '2026-06-12 15:45:00', NULL);

INSERT INTO questions (id, code, content, type, difficult, explanation, question_bank_id, knowledge_block_id, active, created_at, updated_at, created_by) VALUES
    ('Q0001', 'CH0001', 'Đề thi có độ khó phù hợp với nội dung đã học? (Khi hơn từ gần.)', 'fill_blank', 'easy', 'Đáp án dựa trên chuẩn đầu ra của học phần.', 'QB001', 'KB053', TRUE, '2026-06-12 15:45:00', '2026-06-12 15:45:00', NULL),
    ('Q0002', 'CH0002', 'Bạn hài lòng với trải nghiệm học tập của học phần này? (Hơn rất tại cái khiến bên cũng từ.)', 'true_false', 'easy', 'Đáp án dựa trên chuẩn đầu ra của học phần.', 'QB021', 'KB029', TRUE, '2026-06-12 15:45:00', '2026-06-12 15:45:00', NULL),
    ('Q0003', 'CH0003', 'Phòng học và thiết bị hỗ trợ học tập đáp ứng nhu cầu? (Nào cách từ trong đang bên.)', 'true_false', 'medium', 'Đáp án dựa trên chuẩn đầu ra của học phần.', 'QB006', 'KB059', TRUE, '2026-06-12 15:45:00', '2026-06-12 15:45:00', NULL),
    ('Q0004', 'CH0004', 'Lịch thi được thông báo kịp thời và rõ ràng? (Nào chưa giống cho vậy.)', 'multiple_choice', 'hard', 'Đáp án dựa trên chuẩn đầu ra của học phần.', 'QB001', 'KB020', TRUE, '2026-06-12 15:45:00', '2026-06-12 15:45:00', NULL),
    ('Q0005', 'CH0005', 'Giảng viên trình bày bài học rõ ràng và dễ hiểu? (Làm như cho vậy hơn để có.)', 'single_choice', 'easy', 'Đáp án dựa trên chuẩn đầu ra của học phần.', 'QB009', 'KB029', TRUE, '2026-06-12 15:45:00', '2026-06-12 15:45:00', NULL),
    ('Q0006', 'CH0006', 'Bạn có góp ý gì để cải thiện học phần/dịch vụ? (Người chưa thay khiến như đó thế.)', 'true_false', 'easy', 'Đáp án dựa trên chuẩn đầu ra của học phần.', 'QB010', 'KB058', TRUE, '2026-06-12 15:45:00', '2026-06-12 15:45:00', NULL),
    ('Q0007', 'CH0007', 'Bạn có góp ý gì để cải thiện học phần/dịch vụ? (Sau để là với.)', 'true_false', 'hard', 'Đáp án dựa trên chuẩn đầu ra của học phần.', 'QB009', 'KB059', TRUE, '2026-06-12 15:45:00', '2026-06-12 15:45:00', NULL),
    ('Q0008', 'CH0008', 'Hình thức kiểm tra đánh giá phản ánh đúng năng lực người học? (Như nhưng đúng sau trong gần và.)', 'multiple_choice', 'medium', 'Đáp án dựa trên chuẩn đầu ra của học phần.', 'QB025', 'KB034', TRUE, '2026-06-12 15:45:00', '2026-06-12 15:45:00', NULL),
    ('Q0009', 'CH0009', 'Bạn có góp ý gì để cải thiện học phần/dịch vụ? (Tự vì chưa đã giống.)', 'multiple_choice', 'hard', 'Đáp án dựa trên chuẩn đầu ra của học phần.', 'QB020', 'KB059', TRUE, '2026-06-12 15:45:00', '2026-06-12 15:45:00', NULL),
    ('Q0010', 'CH0010', 'Quy trình coi thi được tổ chức nghiêm túc? (Tự bạn tại gần.)', 'multiple_choice', 'medium', 'Đáp án dựa trên chuẩn đầu ra của học phần.', 'QB007', 'KB044', TRUE, '2026-06-12 15:45:00', '2026-06-12 15:45:00', NULL),
    ('Q0011', 'CH0011', 'Bạn hài lòng với trải nghiệm học tập của học phần này? (Này thay điều để một dưới.)', 'true_false', 'easy', 'Đáp án dựa trên chuẩn đầu ra của học phần.', 'QB011', 'KB030', TRUE, '2026-06-12 15:45:00', '2026-06-12 15:45:00', NULL),
    ('Q0012', 'CH0012', 'Mức độ phù hợp của nội dung học phần với mục tiêu đào tạo? (Cái hơn vì là có về.)', 'essay', 'medium', 'Đáp án dựa trên chuẩn đầu ra của học phần.', 'QB018', 'KB042', TRUE, '2026-06-12 15:45:00', '2026-06-12 15:45:00', NULL),
    ('Q0013', 'CH0013', 'Quy trình coi thi được tổ chức nghiêm túc? (Về đã đi đến trong.)', 'multiple_choice', 'easy', 'Đáp án dựa trên chuẩn đầu ra của học phần.', 'QB010', 'KB050', TRUE, '2026-06-12 15:45:00', '2026-06-12 15:45:00', NULL),
    ('Q0014', 'CH0014', 'Giảng viên trình bày bài học rõ ràng và dễ hiểu? (Chỉ khi vì trong về như số.)', 'essay', 'easy', 'Đáp án dựa trên chuẩn đầu ra của học phần.', 'QB013', 'KB053', TRUE, '2026-06-12 15:45:00', '2026-06-12 15:45:00', NULL),
    ('Q0015', 'CH0015', 'Hình thức kiểm tra đánh giá phản ánh đúng năng lực người học? (Mà trong thì bên hơn nhưng.)', 'single_choice', 'easy', 'Đáp án dựa trên chuẩn đầu ra của học phần.', 'QB021', 'KB052', TRUE, '2026-06-12 15:45:00', '2026-06-12 15:45:00', NULL),
    ('Q0016', 'CH0016', 'Đề thi có độ khó phù hợp với nội dung đã học? (Của bạn dưới hoặc đúng.)', 'fill_blank', 'medium', 'Đáp án dựa trên chuẩn đầu ra của học phần.', 'QB022', 'KB059', TRUE, '2026-06-12 15:45:00', '2026-06-12 15:45:00', NULL),
    ('Q0017', 'CH0017', 'Bạn có góp ý gì để cải thiện học phần/dịch vụ? (Thay đi có một.)', 'essay', 'easy', 'Đáp án dựa trên chuẩn đầu ra của học phần.', 'QB010', 'KB041', TRUE, '2026-06-12 15:45:00', '2026-06-12 15:45:00', NULL),
    ('Q0018', 'CH0018', 'Bạn hài lòng với trải nghiệm học tập của học phần này? (Một về khi bên.)', 'multiple_choice', 'medium', 'Đáp án dựa trên chuẩn đầu ra của học phần.', 'QB008', 'KB059', TRUE, '2026-06-12 15:45:00', '2026-06-12 15:45:00', NULL),
    ('Q0019', 'CH0019', 'Bạn có góp ý gì để cải thiện học phần/dịch vụ? (Giữa hơn người để.)', 'multiple_choice', 'hard', 'Đáp án dựa trên chuẩn đầu ra của học phần.', 'QB005', 'KB029', TRUE, '2026-06-12 15:45:00', '2026-06-12 15:45:00', NULL),
    ('Q0020', 'CH0020', 'Giảng viên trình bày bài học rõ ràng và dễ hiểu? (Của đó mỗi với hoặc điều với nhưng.)', 'multiple_choice', 'medium', 'Đáp án dựa trên chuẩn đầu ra của học phần.', 'QB005', 'KB045', TRUE, '2026-06-12 15:45:00', '2026-06-12 15:45:00', NULL),
    ('Q0021', 'CH0021', 'Phòng học và thiết bị hỗ trợ học tập đáp ứng nhu cầu? (Để người mà.)', 'fill_blank', 'easy', 'Đáp án dựa trên chuẩn đầu ra của học phần.', 'QB019', 'KB027', TRUE, '2026-06-12 15:45:00', '2026-06-12 15:45:00', NULL),
    ('Q0022', 'CH0022', 'Phòng học và thiết bị hỗ trợ học tập đáp ứng nhu cầu? (Để tại nơi từ sẽ.)', 'true_false', 'hard', 'Đáp án dựa trên chuẩn đầu ra của học phần.', 'QB001', 'KB031', TRUE, '2026-06-12 15:45:00', '2026-06-12 15:45:00', NULL),
    ('Q0023', 'CH0023', 'Tài liệu học tập được cung cấp đầy đủ? (Trong như lớn dưới tại các bên.)', 'multiple_choice', 'hard', 'Đáp án dựa trên chuẩn đầu ra của học phần.', 'QB010', 'KB051', TRUE, '2026-06-12 15:45:00', '2026-06-12 15:45:00', NULL),
    ('Q0024', 'CH0024', 'Bạn có góp ý gì để cải thiện học phần/dịch vụ? (Đó từ của.)', 'single_choice', 'medium', 'Đáp án dựa trên chuẩn đầu ra của học phần.', 'QB002', 'KB004', TRUE, '2026-06-12 15:45:00', '2026-06-12 15:45:00', NULL),
    ('Q0025', 'CH0025', 'Lịch thi được thông báo kịp thời và rõ ràng? (Sẽ theo trong đó.)', 'single_choice', 'medium', 'Đáp án dựa trên chuẩn đầu ra của học phần.', 'QB008', 'KB051', TRUE, '2026-06-12 15:45:00', '2026-06-12 15:45:00', NULL),
    ('Q0026', 'CH0026', 'Bạn hài lòng với trải nghiệm học tập của học phần này? (Có vài cách lớn dưới sẽ.)', 'true_false', 'hard', 'Đáp án dựa trên chuẩn đầu ra của học phần.', 'QB018', 'KB048', TRUE, '2026-06-12 15:45:00', '2026-06-12 15:45:00', NULL),
    ('Q0027', 'CH0027', 'Hình thức kiểm tra đánh giá phản ánh đúng năng lực người học? (Điều cách để giữa tôi nơi nhưng đang.)', 'fill_blank', 'easy', 'Đáp án dựa trên chuẩn đầu ra của học phần.', 'QB009', 'KB025', TRUE, '2026-06-12 15:45:00', '2026-06-12 15:45:00', NULL),
    ('Q0028', 'CH0028', 'Mức độ phù hợp của nội dung học phần với mục tiêu đào tạo? (Đã vài chỉ để để của.)', 'true_false', 'medium', 'Đáp án dựa trên chuẩn đầu ra của học phần.', 'QB002', 'KB054', TRUE, '2026-06-12 15:45:00', '2026-06-12 15:45:00', NULL),
    ('Q0029', 'CH0029', 'Quy trình coi thi được tổ chức nghiêm túc? (Nếu của vẫn như khiến với chỉ.)', 'single_choice', 'medium', 'Đáp án dựa trên chuẩn đầu ra của học phần.', 'QB019', 'KB031', TRUE, '2026-06-12 15:45:00', '2026-06-12 15:45:00', NULL),
    ('Q0030', 'CH0030', 'Tài liệu học tập được cung cấp đầy đủ? (Nếu một sau từ từ rất của nếu.)', 'true_false', 'medium', 'Đáp án dựa trên chuẩn đầu ra của học phần.', 'QB007', 'KB026', TRUE, '2026-06-12 15:45:00', '2026-06-12 15:45:00', NULL),
    ('Q0031', 'CH0031', 'Quy trình coi thi được tổ chức nghiêm túc? (Vẫn tự và nơi.)', 'essay', 'medium', 'Đáp án dựa trên chuẩn đầu ra của học phần.', 'QB023', 'KB051', TRUE, '2026-06-12 15:45:00', '2026-06-12 15:45:00', NULL),
    ('Q0032', 'CH0032', 'Hình thức kiểm tra đánh giá phản ánh đúng năng lực người học? (Nơi hoặc điều nhưng như nhưng.)', 'essay', 'hard', 'Đáp án dựa trên chuẩn đầu ra của học phần.', 'QB015', 'KB032', TRUE, '2026-06-12 15:45:00', '2026-06-12 15:45:00', NULL),
    ('Q0033', 'CH0033', 'Tài liệu học tập được cung cấp đầy đủ? (Bên như giữa hơn vẫn giữa.)', 'true_false', 'medium', 'Đáp án dựa trên chuẩn đầu ra của học phần.', 'QB010', 'KB003', TRUE, '2026-06-12 15:45:00', '2026-06-12 15:45:00', NULL),
    ('Q0034', 'CH0034', 'Giảng viên trình bày bài học rõ ràng và dễ hiểu? (Với không giống sau với.)', 'multiple_choice', 'medium', 'Đáp án dựa trên chuẩn đầu ra của học phần.', 'QB017', 'KB056', TRUE, '2026-06-12 15:45:00', '2026-06-12 15:45:00', NULL),
    ('Q0035', 'CH0035', 'Bạn hài lòng với trải nghiệm học tập của học phần này? (Như thay gần dưới cũng.)', 'single_choice', 'medium', 'Đáp án dựa trên chuẩn đầu ra của học phần.', 'QB015', 'KB024', TRUE, '2026-06-12 15:45:00', '2026-06-12 15:45:00', NULL),
    ('Q0036', 'CH0036', 'Giảng viên trình bày bài học rõ ràng và dễ hiểu? (Có trong chỉ.)', 'multiple_choice', 'medium', 'Đáp án dựa trên chuẩn đầu ra của học phần.', 'QB013', 'KB053', TRUE, '2026-06-12 15:45:00', '2026-06-12 15:45:00', NULL),
    ('Q0037', 'CH0037', 'Phòng học và thiết bị hỗ trợ học tập đáp ứng nhu cầu? (Trong một làm chưa thay rất.)', 'true_false', 'medium', 'Đáp án dựa trên chuẩn đầu ra của học phần.', 'QB016', 'KB018', TRUE, '2026-06-12 15:45:00', '2026-06-12 15:45:00', NULL),
    ('Q0038', 'CH0038', 'Phòng học và thiết bị hỗ trợ học tập đáp ứng nhu cầu? (Như tôi này vậy.)', 'single_choice', 'hard', 'Đáp án dựa trên chuẩn đầu ra của học phần.', 'QB007', 'KB026', TRUE, '2026-06-12 15:45:00', '2026-06-12 15:45:00', NULL),
    ('Q0039', 'CH0039', 'Phòng học và thiết bị hỗ trợ học tập đáp ứng nhu cầu? (Đó giữa mỗi tại có.)', 'single_choice', 'easy', 'Đáp án dựa trên chuẩn đầu ra của học phần.', 'QB011', 'KB014', TRUE, '2026-06-12 15:45:00', '2026-06-12 15:45:00', NULL),
    ('Q0040', 'CH0040', 'Tài liệu học tập được cung cấp đầy đủ? (Như lớn để cũng cũng đó điều không.)', 'single_choice', 'medium', 'Đáp án dựa trên chuẩn đầu ra của học phần.', 'QB020', 'KB014', TRUE, '2026-06-12 15:45:00', '2026-06-12 15:45:00', NULL),
    ('Q0041', 'CH0041', 'Hình thức kiểm tra đánh giá phản ánh đúng năng lực người học? (Với là để nếu tại từ như.)', 'fill_blank', 'medium', 'Đáp án dựa trên chuẩn đầu ra của học phần.', 'QB004', 'KB060', TRUE, '2026-06-12 15:45:00', '2026-06-12 15:45:00', NULL),
    ('Q0042', 'CH0042', 'Giảng viên trình bày bài học rõ ràng và dễ hiểu? (Như cũng khiến theo nơi trong.)', 'fill_blank', 'easy', 'Đáp án dựa trên chuẩn đầu ra của học phần.', 'QB020', 'KB010', TRUE, '2026-06-12 15:45:00', '2026-06-12 15:45:00', NULL),
    ('Q0043', 'CH0043', 'Đề thi có độ khó phù hợp với nội dung đã học? (Như của để vài theo vẫn đang.)', 'fill_blank', 'medium', 'Đáp án dựa trên chuẩn đầu ra của học phần.', 'QB024', 'KB045', TRUE, '2026-06-12 15:45:00', '2026-06-12 15:45:00', NULL),
    ('Q0044', 'CH0044', 'Tài liệu học tập được cung cấp đầy đủ? (Thế của tự vài vẫn.)', 'single_choice', 'hard', 'Đáp án dựa trên chuẩn đầu ra của học phần.', 'QB022', 'KB059', TRUE, '2026-06-12 15:45:00', '2026-06-12 15:45:00', NULL),
    ('Q0045', 'CH0045', 'Đề thi có độ khó phù hợp với nội dung đã học? (Nơi như từng.)', 'single_choice', 'hard', 'Đáp án dựa trên chuẩn đầu ra của học phần.', 'QB022', 'KB009', TRUE, '2026-06-12 15:45:00', '2026-06-12 15:45:00', NULL),
    ('Q0046', 'CH0046', 'Bạn có góp ý gì để cải thiện học phần/dịch vụ? (Một vì trong có vậy.)', 'single_choice', 'easy', 'Đáp án dựa trên chuẩn đầu ra của học phần.', 'QB021', 'KB029', TRUE, '2026-06-12 15:45:00', '2026-06-12 15:45:00', NULL),
    ('Q0047', 'CH0047', 'Tài liệu học tập được cung cấp đầy đủ? (Này đã đã cũng.)', 'multiple_choice', 'hard', 'Đáp án dựa trên chuẩn đầu ra của học phần.', 'QB004', 'KB011', TRUE, '2026-06-12 15:45:00', '2026-06-12 15:45:00', NULL),
    ('Q0048', 'CH0048', 'Lịch thi được thông báo kịp thời và rõ ràng? (Để nhiều tự chỉ như từ nhưng.)', 'true_false', 'medium', 'Đáp án dựa trên chuẩn đầu ra của học phần.', 'QB013', 'KB001', TRUE, '2026-06-12 15:45:00', '2026-06-12 15:45:00', NULL),
    ('Q0049', 'CH0049', 'Hình thức kiểm tra đánh giá phản ánh đúng năng lực người học? (Từ để như gần giống gần sẽ.)', 'essay', 'medium', 'Đáp án dựa trên chuẩn đầu ra của học phần.', 'QB025', 'KB051', TRUE, '2026-06-12 15:45:00', '2026-06-12 15:45:00', NULL),
    ('Q0050', 'CH0050', 'Tài liệu học tập được cung cấp đầy đủ? (Người của hơn được cũng giống chưa.)', 'essay', 'hard', 'Đáp án dựa trên chuẩn đầu ra của học phần.', 'QB007', 'KB059', TRUE, '2026-06-12 15:45:00', '2026-06-12 15:45:00', NULL),
    ('Q0051', 'CH0051', 'Hình thức kiểm tra đánh giá phản ánh đúng năng lực người học? (Hơn vài sẽ cách để.)', 'essay', 'hard', 'Đáp án dựa trên chuẩn đầu ra của học phần.', 'QB003', 'KB058', TRUE, '2026-06-12 15:45:00', '2026-06-12 15:45:00', NULL),
    ('Q0052', 'CH0052', 'Giảng viên trình bày bài học rõ ràng và dễ hiểu? (Từ về đi hoặc.)', 'single_choice', 'medium', 'Đáp án dựa trên chuẩn đầu ra của học phần.', 'QB010', 'KB019', TRUE, '2026-06-12 15:45:00', '2026-06-12 15:45:00', NULL),
    ('Q0053', 'CH0053', 'Bạn có góp ý gì để cải thiện học phần/dịch vụ? (Cho sau vẫn và.)', 'single_choice', 'medium', 'Đáp án dựa trên chuẩn đầu ra của học phần.', 'QB022', 'KB016', TRUE, '2026-06-12 15:45:00', '2026-06-12 15:45:00', NULL),
    ('Q0054', 'CH0054', 'Mức độ phù hợp của nội dung học phần với mục tiêu đào tạo? (Với từng nào từ chỉ để.)', 'multiple_choice', 'easy', 'Đáp án dựa trên chuẩn đầu ra của học phần.', 'QB006', 'KB010', TRUE, '2026-06-12 15:45:00', '2026-06-12 15:45:00', NULL),
    ('Q0055', 'CH0055', 'Phòng học và thiết bị hỗ trợ học tập đáp ứng nhu cầu? (Như đã không sau dưới này số.)', 'single_choice', 'hard', 'Đáp án dựa trên chuẩn đầu ra của học phần.', 'QB021', 'KB028', TRUE, '2026-06-12 15:45:00', '2026-06-12 15:45:00', NULL),
    ('Q0056', 'CH0056', 'Tài liệu học tập được cung cấp đầy đủ? (Cho tại từ đi.)', 'fill_blank', 'hard', 'Đáp án dựa trên chuẩn đầu ra của học phần.', 'QB007', 'KB033', TRUE, '2026-06-12 15:45:00', '2026-06-12 15:45:00', NULL),
    ('Q0057', 'CH0057', 'Đề thi có độ khó phù hợp với nội dung đã học? (Khi thay này.)', 'essay', 'hard', 'Đáp án dựa trên chuẩn đầu ra của học phần.', 'QB022', 'KB060', TRUE, '2026-06-12 15:45:00', '2026-06-12 15:45:00', NULL),
    ('Q0058', 'CH0058', 'Hình thức kiểm tra đánh giá phản ánh đúng năng lực người học? (Bạn bên để nếu như.)', 'true_false', 'easy', 'Đáp án dựa trên chuẩn đầu ra của học phần.', 'QB016', 'KB008', TRUE, '2026-06-12 15:45:00', '2026-06-12 15:45:00', NULL),
    ('Q0059', 'CH0059', 'Đề thi có độ khó phù hợp với nội dung đã học? (Để của nào vì điều có như.)', 'multiple_choice', 'hard', 'Đáp án dựa trên chuẩn đầu ra của học phần.', 'QB020', 'KB020', TRUE, '2026-06-12 15:45:00', '2026-06-12 15:45:00', NULL),
    ('Q0060', 'CH0060', 'Quy trình coi thi được tổ chức nghiêm túc? (Nơi có điều với giữa đến để.)', 'single_choice', 'medium', 'Đáp án dựa trên chuẩn đầu ra của học phần.', 'QB006', 'KB044', TRUE, '2026-06-12 15:45:00', '2026-06-12 15:45:00', NULL),
    ('Q0061', 'CH0061', 'Phòng học và thiết bị hỗ trợ học tập đáp ứng nhu cầu? (Về thì bên theo.)', 'essay', 'easy', 'Đáp án dựa trên chuẩn đầu ra của học phần.', 'QB007', 'KB059', TRUE, '2026-06-12 15:45:00', '2026-06-12 15:45:00', NULL),
    ('Q0062', 'CH0062', 'Phòng học và thiết bị hỗ trợ học tập đáp ứng nhu cầu? (Trong được nếu như bên không.)', 'essay', 'medium', 'Đáp án dựa trên chuẩn đầu ra của học phần.', 'QB016', 'KB032', TRUE, '2026-06-12 15:45:00', '2026-06-12 15:45:00', NULL),
    ('Q0063', 'CH0063', 'Lịch thi được thông báo kịp thời và rõ ràng? (Này giữa từ đó.)', 'essay', 'hard', 'Đáp án dựa trên chuẩn đầu ra của học phần.', 'QB015', 'KB016', TRUE, '2026-06-12 15:45:00', '2026-06-12 15:45:00', NULL),
    ('Q0064', 'CH0064', 'Bạn có góp ý gì để cải thiện học phần/dịch vụ? (Nơi như như rất để khi để.)', 'fill_blank', 'hard', 'Đáp án dựa trên chuẩn đầu ra của học phần.', 'QB018', 'KB007', TRUE, '2026-06-12 15:45:00', '2026-06-12 15:45:00', NULL),
    ('Q0065', 'CH0065', 'Quy trình coi thi được tổ chức nghiêm túc? (Nhiều là nếu số cách cũng tại.)', 'essay', 'hard', 'Đáp án dựa trên chuẩn đầu ra của học phần.', 'QB024', 'KB056', TRUE, '2026-06-12 15:45:00', '2026-06-12 15:45:00', NULL),
    ('Q0066', 'CH0066', 'Mức độ phù hợp của nội dung học phần với mục tiêu đào tạo? (Sau không nào.)', 'fill_blank', 'easy', 'Đáp án dựa trên chuẩn đầu ra của học phần.', 'QB005', 'KB032', TRUE, '2026-06-12 15:45:00', '2026-06-12 15:45:00', NULL),
    ('Q0067', 'CH0067', 'Bạn hài lòng với trải nghiệm học tập của học phần này? (Khiến chỉ như để mỗi dưới trong.)', 'multiple_choice', 'easy', 'Đáp án dựa trên chuẩn đầu ra của học phần.', 'QB009', 'KB013', TRUE, '2026-06-12 15:45:00', '2026-06-12 15:45:00', NULL),
    ('Q0068', 'CH0068', 'Quy trình coi thi được tổ chức nghiêm túc? (Các là mỗi đó với.)', 'true_false', 'hard', 'Đáp án dựa trên chuẩn đầu ra của học phần.', 'QB010', 'KB017', TRUE, '2026-06-12 15:45:00', '2026-06-12 15:45:00', NULL),
    ('Q0069', 'CH0069', 'Đề thi có độ khó phù hợp với nội dung đã học? (Đi đúng nhưng vài khi hoặc làm.)', 'essay', 'hard', 'Đáp án dựa trên chuẩn đầu ra của học phần.', 'QB007', 'KB025', TRUE, '2026-06-12 15:45:00', '2026-06-12 15:45:00', NULL),
    ('Q0070', 'CH0070', 'Tài liệu học tập được cung cấp đầy đủ? (Các đã của khiến điều mỗi khiến.)', 'fill_blank', 'medium', 'Đáp án dựa trên chuẩn đầu ra của học phần.', 'QB005', 'KB024', TRUE, '2026-06-12 15:45:00', '2026-06-12 15:45:00', NULL),
    ('Q0071', 'CH0071', 'Giảng viên trình bày bài học rõ ràng và dễ hiểu? (Điều hoặc của.)', 'true_false', 'hard', 'Đáp án dựa trên chuẩn đầu ra của học phần.', 'QB023', 'KB043', TRUE, '2026-06-12 15:45:00', '2026-06-12 15:45:00', NULL),
    ('Q0072', 'CH0072', 'Tài liệu học tập được cung cấp đầy đủ? (Hơn của đúng nhiều nào cách trong.)', 'single_choice', 'medium', 'Đáp án dựa trên chuẩn đầu ra của học phần.', 'QB021', 'KB011', TRUE, '2026-06-12 15:45:00', '2026-06-12 15:45:00', NULL),
    ('Q0073', 'CH0073', 'Hình thức kiểm tra đánh giá phản ánh đúng năng lực người học? (Với như thế đang vậy rất đang.)', 'single_choice', 'hard', 'Đáp án dựa trên chuẩn đầu ra của học phần.', 'QB014', 'KB046', TRUE, '2026-06-12 15:45:00', '2026-06-12 15:45:00', NULL),
    ('Q0074', 'CH0074', 'Quy trình coi thi được tổ chức nghiêm túc? (Giống có đúng thế.)', 'essay', 'hard', 'Đáp án dựa trên chuẩn đầu ra của học phần.', 'QB003', 'KB008', TRUE, '2026-06-12 15:45:00', '2026-06-12 15:45:00', NULL),
    ('Q0075', 'CH0075', 'Hình thức kiểm tra đánh giá phản ánh đúng năng lực người học? (Như của như của như điều được.)', 'fill_blank', 'easy', 'Đáp án dựa trên chuẩn đầu ra của học phần.', 'QB006', 'KB005', TRUE, '2026-06-12 15:45:00', '2026-06-12 15:45:00', NULL),
    ('Q0076', 'CH0076', 'Mức độ phù hợp của nội dung học phần với mục tiêu đào tạo? (Sẽ hoặc của chưa chưa nơi.)', 'single_choice', 'easy', 'Đáp án dựa trên chuẩn đầu ra của học phần.', 'QB002', 'KB007', TRUE, '2026-06-12 15:45:00', '2026-06-12 15:45:00', NULL),
    ('Q0077', 'CH0077', 'Mức độ phù hợp của nội dung học phần với mục tiêu đào tạo? (Và nếu nhưng với của.)', 'single_choice', 'medium', 'Đáp án dựa trên chuẩn đầu ra của học phần.', 'QB003', 'KB020', TRUE, '2026-06-12 15:45:00', '2026-06-12 15:45:00', NULL),
    ('Q0078', 'CH0078', 'Lịch thi được thông báo kịp thời và rõ ràng? (Từ không trong một hơn.)', 'multiple_choice', 'easy', 'Đáp án dựa trên chuẩn đầu ra của học phần.', 'QB024', 'KB052', TRUE, '2026-06-12 15:45:00', '2026-06-12 15:45:00', NULL),
    ('Q0079', 'CH0079', 'Phòng học và thiết bị hỗ trợ học tập đáp ứng nhu cầu? (Tại trong có vì là.)', 'essay', 'medium', 'Đáp án dựa trên chuẩn đầu ra của học phần.', 'QB018', 'KB050', TRUE, '2026-06-12 15:45:00', '2026-06-12 15:45:00', NULL),
    ('Q0080', 'CH0080', 'Hình thức kiểm tra đánh giá phản ánh đúng năng lực người học? (Vậy về vẫn gần nào không.)', 'single_choice', 'hard', 'Đáp án dựa trên chuẩn đầu ra của học phần.', 'QB004', 'KB008', TRUE, '2026-06-12 15:45:00', '2026-06-12 15:45:00', NULL),
    ('Q0081', 'CH0081', 'Quy trình coi thi được tổ chức nghiêm túc? (Khiến bạn từ của.)', 'true_false', 'easy', 'Đáp án dựa trên chuẩn đầu ra của học phần.', 'QB004', 'KB030', TRUE, '2026-06-12 15:45:00', '2026-06-12 15:45:00', NULL),
    ('Q0082', 'CH0082', 'Đề thi có độ khó phù hợp với nội dung đã học? (Cũng bên đúng bên.)', 'single_choice', 'medium', 'Đáp án dựa trên chuẩn đầu ra của học phần.', 'QB003', 'KB030', TRUE, '2026-06-12 15:45:00', '2026-06-12 15:45:00', NULL),
    ('Q0083', 'CH0083', 'Mức độ phù hợp của nội dung học phần với mục tiêu đào tạo? (Gần để tôi mỗi cũng.)', 'multiple_choice', 'medium', 'Đáp án dựa trên chuẩn đầu ra của học phần.', 'QB019', 'KB034', TRUE, '2026-06-12 15:45:00', '2026-06-12 15:45:00', NULL),
    ('Q0084', 'CH0084', 'Mức độ phù hợp của nội dung học phần với mục tiêu đào tạo? (Nếu như lớn nhiều có đúng để.)', 'true_false', 'easy', 'Đáp án dựa trên chuẩn đầu ra của học phần.', 'QB006', 'KB048', TRUE, '2026-06-12 15:45:00', '2026-06-12 15:45:00', NULL),
    ('Q0085', 'CH0085', 'Giảng viên trình bày bài học rõ ràng và dễ hiểu? (Sau tại tự như từ của.)', 'multiple_choice', 'hard', 'Đáp án dựa trên chuẩn đầu ra của học phần.', 'QB007', 'KB058', TRUE, '2026-06-12 15:45:00', '2026-06-12 15:45:00', NULL),
    ('Q0086', 'CH0086', 'Bạn hài lòng với trải nghiệm học tập của học phần này? (Người làm thay hơn cái.)', 'essay', 'medium', 'Đáp án dựa trên chuẩn đầu ra của học phần.', 'QB009', 'KB038', TRUE, '2026-06-12 15:45:00', '2026-06-12 15:45:00', NULL),
    ('Q0087', 'CH0087', 'Phòng học và thiết bị hỗ trợ học tập đáp ứng nhu cầu? (Như của cách mà.)', 'true_false', 'easy', 'Đáp án dựa trên chuẩn đầu ra của học phần.', 'QB004', 'KB008', TRUE, '2026-06-12 15:45:00', '2026-06-12 15:45:00', NULL),
    ('Q0088', 'CH0088', 'Hình thức kiểm tra đánh giá phản ánh đúng năng lực người học? (Tại đến rất bạn.)', 'fill_blank', 'hard', 'Đáp án dựa trên chuẩn đầu ra của học phần.', 'QB020', 'KB005', TRUE, '2026-06-12 15:45:00', '2026-06-12 15:45:00', NULL),
    ('Q0089', 'CH0089', 'Đề thi có độ khó phù hợp với nội dung đã học? (Để của sau thế là người đó cũng.)', 'single_choice', 'easy', 'Đáp án dựa trên chuẩn đầu ra của học phần.', 'QB010', 'KB009', TRUE, '2026-06-12 15:45:00', '2026-06-12 15:45:00', NULL),
    ('Q0090', 'CH0090', 'Quy trình coi thi được tổ chức nghiêm túc? (Đã giống đến có của.)', 'single_choice', 'easy', 'Đáp án dựa trên chuẩn đầu ra của học phần.', 'QB012', 'KB038', TRUE, '2026-06-12 15:45:00', '2026-06-12 15:45:00', NULL),
    ('Q0091', 'CH0091', 'Mức độ phù hợp của nội dung học phần với mục tiêu đào tạo? (Vì của hơn như.)', 'multiple_choice', 'easy', 'Đáp án dựa trên chuẩn đầu ra của học phần.', 'QB011', 'KB044', TRUE, '2026-06-12 15:45:00', '2026-06-12 15:45:00', NULL),
    ('Q0092', 'CH0092', 'Giảng viên trình bày bài học rõ ràng và dễ hiểu? (Thế bên với tại.)', 'multiple_choice', 'medium', 'Đáp án dựa trên chuẩn đầu ra của học phần.', 'QB021', 'KB041', TRUE, '2026-06-12 15:45:00', '2026-06-12 15:45:00', NULL),
    ('Q0093', 'CH0093', 'Đề thi có độ khó phù hợp với nội dung đã học? (Có có tự như.)', 'multiple_choice', 'easy', 'Đáp án dựa trên chuẩn đầu ra của học phần.', 'QB010', 'KB006', TRUE, '2026-06-12 15:45:00', '2026-06-12 15:45:00', NULL),
    ('Q0094', 'CH0094', 'Bạn hài lòng với trải nghiệm học tập của học phần này? (Cho với như từng.)', 'true_false', 'hard', 'Đáp án dựa trên chuẩn đầu ra của học phần.', 'QB020', 'KB024', TRUE, '2026-06-12 15:45:00', '2026-06-12 15:45:00', NULL),
    ('Q0095', 'CH0095', 'Giảng viên trình bày bài học rõ ràng và dễ hiểu? (Được của là vài.)', 'true_false', 'hard', 'Đáp án dựa trên chuẩn đầu ra của học phần.', 'QB006', 'KB009', TRUE, '2026-06-12 15:45:00', '2026-06-12 15:45:00', NULL),
    ('Q0096', 'CH0096', 'Tài liệu học tập được cung cấp đầy đủ? (Cũng thay hơn để thế số.)', 'multiple_choice', 'hard', 'Đáp án dựa trên chuẩn đầu ra của học phần.', 'QB017', 'KB030', TRUE, '2026-06-12 15:45:00', '2026-06-12 15:45:00', NULL),
    ('Q0097', 'CH0097', 'Quy trình coi thi được tổ chức nghiêm túc? (Vẫn như tôi thay.)', 'essay', 'medium', 'Đáp án dựa trên chuẩn đầu ra của học phần.', 'QB008', 'KB031', TRUE, '2026-06-12 15:45:00', '2026-06-12 15:45:00', NULL),
    ('Q0098', 'CH0098', 'Tài liệu học tập được cung cấp đầy đủ? (Mỗi vài sau vậy.)', 'multiple_choice', 'easy', 'Đáp án dựa trên chuẩn đầu ra của học phần.', 'QB001', 'KB056', TRUE, '2026-06-12 15:45:00', '2026-06-12 15:45:00', NULL),
    ('Q0099', 'CH0099', 'Phòng học và thiết bị hỗ trợ học tập đáp ứng nhu cầu? (Từng trong giống.)', 'fill_blank', 'easy', 'Đáp án dựa trên chuẩn đầu ra của học phần.', 'QB013', 'KB040', TRUE, '2026-06-12 15:45:00', '2026-06-12 15:45:00', NULL),
    ('Q0100', 'CH0100', 'Hình thức kiểm tra đánh giá phản ánh đúng năng lực người học? (Thế điều từ vậy sẽ cũng đi.)', 'fill_blank', 'medium', 'Đáp án dựa trên chuẩn đầu ra của học phần.', 'QB014', 'KB026', TRUE, '2026-06-12 15:45:00', '2026-06-12 15:45:00', NULL);

INSERT INTO question_options (id, question_id, option_label, content, is_correct, created_at) VALUES
    ('QO0002A', 'Q0002', 'A', 'Đúng', TRUE, '2026-06-12 15:45:00'),
    ('QO0002B', 'Q0002', 'B', 'Một của giữa hoặc vì.', FALSE, '2026-06-12 15:45:00'),
    ('QO0003A', 'Q0003', 'A', 'Đúng', TRUE, '2026-06-12 15:45:00'),
    ('QO0003B', 'Q0003', 'B', 'Chưa vậy của vẫn tự với.', FALSE, '2026-06-12 15:45:00'),
    ('QO0004A', 'Q0004', 'A', 'Người bên là gần hoặc.', FALSE, '2026-06-12 15:45:00'),
    ('QO0004B', 'Q0004', 'B', 'Theo khi vậy như và đi nơi giống vì của.', FALSE, '2026-06-12 15:45:00'),
    ('QO0004C', 'Q0004', 'C', 'Vẫn cái này với thế giống.', FALSE, '2026-06-12 15:45:00'),
    ('QO0004D', 'Q0004', 'D', 'Chưa của giữa có của rất của vì có của.', TRUE, '2026-06-12 15:45:00'),
    ('QO0005A', 'Q0005', 'A', 'Thế đã mà người mà cho mà người.', FALSE, '2026-06-12 15:45:00'),
    ('QO0005B', 'Q0005', 'B', 'Vài chưa nhiều đã đến các nơi nếu.', TRUE, '2026-06-12 15:45:00'),
    ('QO0005C', 'Q0005', 'C', 'Tại nhưng thì và.', FALSE, '2026-06-12 15:45:00'),
    ('QO0005D', 'Q0005', 'D', 'Và như bên có người người này.', FALSE, '2026-06-12 15:45:00'),
    ('QO0006A', 'Q0006', 'A', 'Đúng', FALSE, '2026-06-12 15:45:00'),
    ('QO0006B', 'Q0006', 'B', 'Của chưa trong của hơn.', TRUE, '2026-06-12 15:45:00'),
    ('QO0007A', 'Q0007', 'A', 'Đúng', FALSE, '2026-06-12 15:45:00'),
    ('QO0007B', 'Q0007', 'B', 'Khiến nào có khi một là theo vẫn đến của.', TRUE, '2026-06-12 15:45:00'),
    ('QO0008A', 'Q0008', 'A', 'Tại tại mà giữa người mà thế gần lớn.', TRUE, '2026-06-12 15:45:00'),
    ('QO0008B', 'Q0008', 'B', 'Các và để nếu hơn chưa.', FALSE, '2026-06-12 15:45:00'),
    ('QO0008C', 'Q0008', 'C', 'Khiến thay hơn bên có từ số thay.', FALSE, '2026-06-12 15:45:00'),
    ('QO0008D', 'Q0008', 'D', 'Chưa về vì với hoặc giữa không cũng.', FALSE, '2026-06-12 15:45:00'),
    ('QO0009A', 'Q0009', 'A', 'Giống cái cũng chỉ điều.', FALSE, '2026-06-12 15:45:00'),
    ('QO0009B', 'Q0009', 'B', 'Này theo vài đúng làm của rất từng vài.', TRUE, '2026-06-12 15:45:00'),
    ('QO0009C', 'Q0009', 'C', 'Tại thì cũng từ không người là từng khiến bạn.', FALSE, '2026-06-12 15:45:00'),
    ('QO0009D', 'Q0009', 'D', 'Gần từ nhiều bên đang của gần hơn.', FALSE, '2026-06-12 15:45:00'),
    ('QO0010A', 'Q0010', 'A', 'Khiến tại đang vậy khi có là rất.', TRUE, '2026-06-12 15:45:00'),
    ('QO0010B', 'Q0010', 'B', 'Mà đúng cái một là chỉ đến khi mỗi đi cũng.', FALSE, '2026-06-12 15:45:00'),
    ('QO0010C', 'Q0010', 'C', 'Các khiến cũng mà.', FALSE, '2026-06-12 15:45:00'),
    ('QO0010D', 'Q0010', 'D', 'Có vài từng nơi khiến tại thay đến cách tại.', FALSE, '2026-06-12 15:45:00'),
    ('QO0011A', 'Q0011', 'A', 'Đúng', TRUE, '2026-06-12 15:45:00'),
    ('QO0011B', 'Q0011', 'B', 'Đúng vì của vậy người thay người thì này.', FALSE, '2026-06-12 15:45:00'),
    ('QO0013A', 'Q0013', 'A', 'Hơn thay nếu làm về chỉ.', TRUE, '2026-06-12 15:45:00'),
    ('QO0013B', 'Q0013', 'B', 'Các vẫn điều sau theo đến một cũng tự số.', FALSE, '2026-06-12 15:45:00'),
    ('QO0013C', 'Q0013', 'C', 'Từng cũng bạn gần dưới có hơn được.', FALSE, '2026-06-12 15:45:00'),
    ('QO0013D', 'Q0013', 'D', 'Cũng như này của được các.', FALSE, '2026-06-12 15:45:00'),
    ('QO0015A', 'Q0015', 'A', 'Người đã khi đúng tôi có khiến các.', FALSE, '2026-06-12 15:45:00'),
    ('QO0015B', 'Q0015', 'B', 'Thì mà vẫn chỉ tại từ thì.', TRUE, '2026-06-12 15:45:00'),
    ('QO0015C', 'Q0015', 'C', 'Nhưng được rất cách hoặc cũng trong.', FALSE, '2026-06-12 15:45:00'),
    ('QO0015D', 'Q0015', 'D', 'Từ cái về người có khi hoặc.', FALSE, '2026-06-12 15:45:00'),
    ('QO0018A', 'Q0018', 'A', 'Với về trong từng vài và để vài một.', FALSE, '2026-06-12 15:45:00'),
    ('QO0018B', 'Q0018', 'B', 'Hoặc bạn đó với để để nhưng với.', TRUE, '2026-06-12 15:45:00'),
    ('QO0018C', 'Q0018', 'C', 'Hoặc và đang một thay các khi.', FALSE, '2026-06-12 15:45:00'),
    ('QO0018D', 'Q0018', 'D', 'Dưới dưới một cũng vậy đang để.', FALSE, '2026-06-12 15:45:00'),
    ('QO0019A', 'Q0019', 'A', 'Trong này trong như nếu đến đi giống.', TRUE, '2026-06-12 15:45:00'),
    ('QO0019B', 'Q0019', 'B', 'Hoặc theo với khi mỗi điều dưới bên cũng như.', FALSE, '2026-06-12 15:45:00'),
    ('QO0019C', 'Q0019', 'C', 'Giống đúng vậy nhiều dưới và cũng tại làm.', FALSE, '2026-06-12 15:45:00'),
    ('QO0019D', 'Q0019', 'D', 'Từ lớn thì từng trong tự giữa nếu.', FALSE, '2026-06-12 15:45:00'),
    ('QO0020A', 'Q0020', 'A', 'Rất từ đúng để khi làm và từ không.', FALSE, '2026-06-12 15:45:00'),
    ('QO0020B', 'Q0020', 'B', 'Dưới từ chỉ cái chỉ như như làm tự.', FALSE, '2026-06-12 15:45:00'),
    ('QO0020C', 'Q0020', 'C', 'Trong theo sau trong không trong.', TRUE, '2026-06-12 15:45:00'),
    ('QO0020D', 'Q0020', 'D', 'Vì mỗi trong cũng đã.', FALSE, '2026-06-12 15:45:00'),
    ('QO0022A', 'Q0022', 'A', 'Đúng', FALSE, '2026-06-12 15:45:00'),
    ('QO0022B', 'Q0022', 'B', 'Tại của sẽ giữa cách về đến.', TRUE, '2026-06-12 15:45:00'),
    ('QO0023A', 'Q0023', 'A', 'Làm của tự nào vậy tự có không như đang.', FALSE, '2026-06-12 15:45:00'),
    ('QO0023B', 'Q0023', 'B', 'Bạn chưa được người gần trong để nhiều.', FALSE, '2026-06-12 15:45:00'),
    ('QO0023C', 'Q0023', 'C', 'Nhiều này theo dưới của.', TRUE, '2026-06-12 15:45:00'),
    ('QO0023D', 'Q0023', 'D', 'Này và như vì đi để các.', FALSE, '2026-06-12 15:45:00'),
    ('QO0024A', 'Q0024', 'A', 'Vài khiến có cái đúng.', FALSE, '2026-06-12 15:45:00'),
    ('QO0024B', 'Q0024', 'B', 'Để đúng để như đến một nơi.', FALSE, '2026-06-12 15:45:00'),
    ('QO0024C', 'Q0024', 'C', 'Vì như cũng hơn cách chưa.', FALSE, '2026-06-12 15:45:00'),
    ('QO0024D', 'Q0024', 'D', 'Về rất đi cách nhiều để vì mỗi chỉ từ.', TRUE, '2026-06-12 15:45:00'),
    ('QO0025A', 'Q0025', 'A', 'Thế như nhiều từ cũng.', TRUE, '2026-06-12 15:45:00'),
    ('QO0025B', 'Q0025', 'B', 'Mà đi chưa với người vài.', FALSE, '2026-06-12 15:45:00'),
    ('QO0025C', 'Q0025', 'C', 'Từng sẽ như hoặc cái các tại nơi giống một.', FALSE, '2026-06-12 15:45:00'),
    ('QO0025D', 'Q0025', 'D', 'Từ cách như của rất đã chưa giống.', FALSE, '2026-06-12 15:45:00'),
    ('QO0026A', 'Q0026', 'A', 'Đúng', TRUE, '2026-06-12 15:45:00'),
    ('QO0026B', 'Q0026', 'B', 'Nhiều các cũng nhiều hơn.', FALSE, '2026-06-12 15:45:00'),
    ('QO0028A', 'Q0028', 'A', 'Đúng', FALSE, '2026-06-12 15:45:00'),
    ('QO0028B', 'Q0028', 'B', 'Từ khiến giống của của từ nhưng đi cho gần.', TRUE, '2026-06-12 15:45:00'),
    ('QO0029A', 'Q0029', 'A', 'Gần khiến khi thay nhưng tại sau với đúng nhiều.', FALSE, '2026-06-12 15:45:00'),
    ('QO0029B', 'Q0029', 'B', 'Với như sẽ giữa tại của lớn.', TRUE, '2026-06-12 15:45:00'),
    ('QO0029C', 'Q0029', 'C', 'Để đi mỗi có trong tôi này như.', FALSE, '2026-06-12 15:45:00'),
    ('QO0029D', 'Q0029', 'D', 'Tự để đúng của mà khi sẽ vậy đó.', FALSE, '2026-06-12 15:45:00'),
    ('QO0030A', 'Q0030', 'A', 'Đúng', TRUE, '2026-06-12 15:45:00'),
    ('QO0030B', 'Q0030', 'B', 'Hoặc giống người như hơn.', FALSE, '2026-06-12 15:45:00'),
    ('QO0033A', 'Q0033', 'A', 'Đúng', FALSE, '2026-06-12 15:45:00'),
    ('QO0033B', 'Q0033', 'B', 'Nhưng tự để chưa tại giữa.', TRUE, '2026-06-12 15:45:00'),
    ('QO0034A', 'Q0034', 'A', 'Từ từ cái bên trong đến đến người đang để.', FALSE, '2026-06-12 15:45:00'),
    ('QO0034B', 'Q0034', 'B', 'Chưa tại thay gần sau chưa được để giữa.', FALSE, '2026-06-12 15:45:00'),
    ('QO0034C', 'Q0034', 'C', 'Trong vậy về trong sẽ là.', TRUE, '2026-06-12 15:45:00'),
    ('QO0034D', 'Q0034', 'D', 'Của với cái lớn nếu cũng với như tại.', FALSE, '2026-06-12 15:45:00'),
    ('QO0035A', 'Q0035', 'A', 'Tôi của như vậy từng như như thế dưới vì.', FALSE, '2026-06-12 15:45:00'),
    ('QO0035B', 'Q0035', 'B', 'Đến trong hoặc được.', TRUE, '2026-06-12 15:45:00'),
    ('QO0035C', 'Q0035', 'C', 'Như được nào có giống trong như.', FALSE, '2026-06-12 15:45:00'),
    ('QO0035D', 'Q0035', 'D', 'Theo thế gần chỉ rất.', FALSE, '2026-06-12 15:45:00'),
    ('QO0036A', 'Q0036', 'A', 'Mỗi từ đúng nào từ cách của bên có với đang.', FALSE, '2026-06-12 15:45:00'),
    ('QO0036B', 'Q0036', 'B', 'Từ hoặc khiến thay của lớn như và.', FALSE, '2026-06-12 15:45:00'),
    ('QO0036C', 'Q0036', 'C', 'Với có có vài khi như sau có từ cũng.', FALSE, '2026-06-12 15:45:00'),
    ('QO0036D', 'Q0036', 'D', 'Theo trong theo trong với được mỗi các nhưng.', TRUE, '2026-06-12 15:45:00'),
    ('QO0037A', 'Q0037', 'A', 'Đúng', TRUE, '2026-06-12 15:45:00'),
    ('QO0037B', 'Q0037', 'B', 'Người nếu vài gần chỉ khiến.', FALSE, '2026-06-12 15:45:00'),
    ('QO0038A', 'Q0038', 'A', 'Sau cách với đi bạn.', TRUE, '2026-06-12 15:45:00'),
    ('QO0038B', 'Q0038', 'B', 'Tự hoặc nơi không chỉ từng cách.', FALSE, '2026-06-12 15:45:00'),
    ('QO0038C', 'Q0038', 'C', 'Cũng để bên đúng nhiều khi vài vì.', FALSE, '2026-06-12 15:45:00'),
    ('QO0038D', 'Q0038', 'D', 'Từ số trong nào có sẽ các vẫn có này.', FALSE, '2026-06-12 15:45:00'),
    ('QO0039A', 'Q0039', 'A', 'Vì lớn mỗi đã từng vì như để đi.', FALSE, '2026-06-12 15:45:00'),
    ('QO0039B', 'Q0039', 'B', 'Tôi vì để đang từng cũng vài này.', FALSE, '2026-06-12 15:45:00'),
    ('QO0039C', 'Q0039', 'C', 'Như như hơn với nào.', FALSE, '2026-06-12 15:45:00'),
    ('QO0039D', 'Q0039', 'D', 'Tại từ khi cũng từ cho.', TRUE, '2026-06-12 15:45:00'),
    ('QO0040A', 'Q0040', 'A', 'Để của mà hơn vài cái.', TRUE, '2026-06-12 15:45:00'),
    ('QO0040B', 'Q0040', 'B', 'Rất nơi có tại hơn.', FALSE, '2026-06-12 15:45:00'),
    ('QO0040C', 'Q0040', 'C', 'Vài mà vẫn các này đến với khiến.', FALSE, '2026-06-12 15:45:00'),
    ('QO0040D', 'Q0040', 'D', 'Vài vậy tôi chưa như nơi vậy đi vậy.', FALSE, '2026-06-12 15:45:00'),
    ('QO0044A', 'Q0044', 'A', 'Nhiều thay được và đi đã cũng như tự.', TRUE, '2026-06-12 15:45:00'),
    ('QO0044B', 'Q0044', 'B', 'Số sau nhưng mỗi nhiều về lớn hơn nếu có.', FALSE, '2026-06-12 15:45:00'),
    ('QO0044C', 'Q0044', 'C', 'Như vài tôi chỉ giữa hơn.', FALSE, '2026-06-12 15:45:00'),
    ('QO0044D', 'Q0044', 'D', 'Như làm có như cũng như với nào thay.', FALSE, '2026-06-12 15:45:00'),
    ('QO0045A', 'Q0045', 'A', 'Sẽ số các khi vì sẽ bên rất giống của giống.', FALSE, '2026-06-12 15:45:00'),
    ('QO0045B', 'Q0045', 'B', 'Thì như của khi số tại giống.', TRUE, '2026-06-12 15:45:00'),
    ('QO0045C', 'Q0045', 'C', 'Của với hoặc các bên đã thế thì.', FALSE, '2026-06-12 15:45:00'),
    ('QO0045D', 'Q0045', 'D', 'Thay sẽ sẽ sau tôi bên rất.', FALSE, '2026-06-12 15:45:00'),
    ('QO0046A', 'Q0046', 'A', 'Nào làm mỗi cũng để.', FALSE, '2026-06-12 15:45:00'),
    ('QO0046B', 'Q0046', 'B', 'Như mỗi bạn chưa từ người.', FALSE, '2026-06-12 15:45:00'),
    ('QO0046C', 'Q0046', 'C', 'Số vài vẫn tại nhiều tại không với.', TRUE, '2026-06-12 15:45:00'),
    ('QO0046D', 'Q0046', 'D', 'Sẽ cái đó về hơn như khiến cũng hơn đến.', FALSE, '2026-06-12 15:45:00'),
    ('QO0047A', 'Q0047', 'A', 'Một vài khiến trong người này cho sau người.', TRUE, '2026-06-12 15:45:00'),
    ('QO0047B', 'Q0047', 'B', 'Vậy từng hoặc số nơi bên.', FALSE, '2026-06-12 15:45:00'),
    ('QO0047C', 'Q0047', 'C', 'Này để chỉ vài bên đó.', FALSE, '2026-06-12 15:45:00'),
    ('QO0047D', 'Q0047', 'D', 'Người cho giữa điều mà đúng như.', FALSE, '2026-06-12 15:45:00'),
    ('QO0048A', 'Q0048', 'A', 'Đúng', FALSE, '2026-06-12 15:45:00'),
    ('QO0048B', 'Q0048', 'B', 'Nhưng nhiều mỗi gần vì mà như để điều.', TRUE, '2026-06-12 15:45:00'),
    ('QO0052A', 'Q0052', 'A', 'Như của đi đó bạn của như làm.', FALSE, '2026-06-12 15:45:00'),
    ('QO0052B', 'Q0052', 'B', 'Trong hoặc với này hoặc người chỉ bên.', FALSE, '2026-06-12 15:45:00'),
    ('QO0052C', 'Q0052', 'C', 'Vẫn cách vì đang để với điều với theo.', TRUE, '2026-06-12 15:45:00'),
    ('QO0052D', 'Q0052', 'D', 'Lớn các tại cách tại trong thì nhưng các có.', FALSE, '2026-06-12 15:45:00'),
    ('QO0053A', 'Q0053', 'A', 'Như các nhiều số thì của hoặc là này.', FALSE, '2026-06-12 15:45:00'),
    ('QO0053B', 'Q0053', 'B', 'Như chỉ vẫn vậy sau.', FALSE, '2026-06-12 15:45:00'),
    ('QO0053C', 'Q0053', 'C', 'Khi với cái đã này để từ thế trong có.', TRUE, '2026-06-12 15:45:00'),
    ('QO0053D', 'Q0053', 'D', 'Của đã một như nếu.', FALSE, '2026-06-12 15:45:00'),
    ('QO0054A', 'Q0054', 'A', 'Có các cái giữa điều.', FALSE, '2026-06-12 15:45:00'),
    ('QO0054B', 'Q0054', 'B', 'Cho đúng với mỗi theo số của.', TRUE, '2026-06-12 15:45:00'),
    ('QO0054C', 'Q0054', 'C', 'Dưới làm tự khiến nhưng.', FALSE, '2026-06-12 15:45:00'),
    ('QO0054D', 'Q0054', 'D', 'Bạn vẫn để đang nhiều thay này đang.', FALSE, '2026-06-12 15:45:00'),
    ('QO0055A', 'Q0055', 'A', 'Từng này với như thay đã.', FALSE, '2026-06-12 15:45:00'),
    ('QO0055B', 'Q0055', 'B', 'Như hơn nhưng nào tại mà giữa.', FALSE, '2026-06-12 15:45:00'),
    ('QO0055C', 'Q0055', 'C', 'Thì mà của sẽ có sau một.', FALSE, '2026-06-12 15:45:00'),
    ('QO0055D', 'Q0055', 'D', 'Để khi bên có để hoặc được như cách giống.', TRUE, '2026-06-12 15:45:00'),
    ('QO0058A', 'Q0058', 'A', 'Đúng', TRUE, '2026-06-12 15:45:00'),
    ('QO0058B', 'Q0058', 'B', 'Thế và đi thì được từ.', FALSE, '2026-06-12 15:45:00'),
    ('QO0059A', 'Q0059', 'A', 'Khiến giữa theo bên với theo dưới.', TRUE, '2026-06-12 15:45:00'),
    ('QO0059B', 'Q0059', 'B', 'Thế của trong và số số.', FALSE, '2026-06-12 15:45:00'),
    ('QO0059C', 'Q0059', 'C', 'Đã để thì nhiều khi.', FALSE, '2026-06-12 15:45:00'),
    ('QO0059D', 'Q0059', 'D', 'Chỉ và có gần dưới đến đó giống người khi.', FALSE, '2026-06-12 15:45:00'),
    ('QO0060A', 'Q0060', 'A', 'Cách đó tại người.', TRUE, '2026-06-12 15:45:00'),
    ('QO0060B', 'Q0060', 'B', 'Cách có hoặc vài gần bạn nếu gần đến hơn.', FALSE, '2026-06-12 15:45:00'),
    ('QO0060C', 'Q0060', 'C', 'Đến nào này có giữa để là trong của.', FALSE, '2026-06-12 15:45:00'),
    ('QO0060D', 'Q0060', 'D', 'Trong người cũng thay cái tôi cách cho thì.', FALSE, '2026-06-12 15:45:00'),
    ('QO0067A', 'Q0067', 'A', 'Cho với bạn gần từng điều của nhiều khi.', FALSE, '2026-06-12 15:45:00'),
    ('QO0067B', 'Q0067', 'B', 'Bạn dưới từ tôi vẫn của đã để gần không.', FALSE, '2026-06-12 15:45:00'),
    ('QO0067C', 'Q0067', 'C', 'Đúng giống để thay thì một.', FALSE, '2026-06-12 15:45:00'),
    ('QO0067D', 'Q0067', 'D', 'Chưa như của nào để này cho tự.', TRUE, '2026-06-12 15:45:00'),
    ('QO0068A', 'Q0068', 'A', 'Đúng', TRUE, '2026-06-12 15:45:00'),
    ('QO0068B', 'Q0068', 'B', 'Với khi đi sẽ và của mỗi.', FALSE, '2026-06-12 15:45:00'),
    ('QO0071A', 'Q0071', 'A', 'Đúng', FALSE, '2026-06-12 15:45:00'),
    ('QO0071B', 'Q0071', 'B', 'Bên cũng hơn dưới như bạn hơn để đã từng lớn.', TRUE, '2026-06-12 15:45:00'),
    ('QO0072A', 'Q0072', 'A', 'Như tự chỉ đi là cũng để.', FALSE, '2026-06-12 15:45:00'),
    ('QO0072B', 'Q0072', 'B', 'Gần cũng tại mà có nhiều từng rất tôi đi.', FALSE, '2026-06-12 15:45:00'),
    ('QO0072C', 'Q0072', 'C', 'Như tại của tự nơi.', FALSE, '2026-06-12 15:45:00'),
    ('QO0072D', 'Q0072', 'D', 'Này đến gần bạn bạn hơn với.', TRUE, '2026-06-12 15:45:00'),
    ('QO0073A', 'Q0073', 'A', 'Từ tôi này với nếu.', FALSE, '2026-06-12 15:45:00'),
    ('QO0073B', 'Q0073', 'B', 'Đã từ nếu vậy.', FALSE, '2026-06-12 15:45:00'),
    ('QO0073C', 'Q0073', 'C', 'Vì vài cũng và thì từ giữa tự cách như.', FALSE, '2026-06-12 15:45:00'),
    ('QO0073D', 'Q0073', 'D', 'Đi số cho thay sẽ mỗi như cũng vì.', TRUE, '2026-06-12 15:45:00'),
    ('QO0076A', 'Q0076', 'A', 'Tại là cách thế không có bên tại.', FALSE, '2026-06-12 15:45:00'),
    ('QO0076B', 'Q0076', 'B', 'Không nhiều cũng từng đó.', TRUE, '2026-06-12 15:45:00'),
    ('QO0076C', 'Q0076', 'C', 'Để như từ sau có cũng của từng.', FALSE, '2026-06-12 15:45:00'),
    ('QO0076D', 'Q0076', 'D', 'Điều vậy từ của của đã để đó.', FALSE, '2026-06-12 15:45:00'),
    ('QO0077A', 'Q0077', 'A', 'Tại tự theo cũng hơn.', FALSE, '2026-06-12 15:45:00'),
    ('QO0077B', 'Q0077', 'B', 'Mỗi người bạn cũng đúng thay chưa của bên.', TRUE, '2026-06-12 15:45:00'),
    ('QO0077C', 'Q0077', 'C', 'Cho từ một để dưới là để.', FALSE, '2026-06-12 15:45:00'),
    ('QO0077D', 'Q0077', 'D', 'Theo tại số cũng rất có thế của như như.', FALSE, '2026-06-12 15:45:00'),
    ('QO0078A', 'Q0078', 'A', 'Cách nơi từng khi được sẽ nếu đến lớn đã.', FALSE, '2026-06-12 15:45:00'),
    ('QO0078B', 'Q0078', 'B', 'Thế lớn nhiều hơn về lớn có từng là vẫn.', FALSE, '2026-06-12 15:45:00'),
    ('QO0078C', 'Q0078', 'C', 'Từng cho này mà một chưa tự.', TRUE, '2026-06-12 15:45:00'),
    ('QO0078D', 'Q0078', 'D', 'Của chưa chưa cho nơi hơn đó các.', FALSE, '2026-06-12 15:45:00'),
    ('QO0080A', 'Q0080', 'A', 'Trong chưa đã điều về nhiều cho.', FALSE, '2026-06-12 15:45:00'),
    ('QO0080B', 'Q0080', 'B', 'Tự chưa vậy hơn để với như như trong không.', TRUE, '2026-06-12 15:45:00'),
    ('QO0080C', 'Q0080', 'C', 'Của rất vài có khi để.', FALSE, '2026-06-12 15:45:00'),
    ('QO0080D', 'Q0080', 'D', 'Dưới đó đã cũng của hơn thế của.', FALSE, '2026-06-12 15:45:00'),
    ('QO0081A', 'Q0081', 'A', 'Đúng', TRUE, '2026-06-12 15:45:00'),
    ('QO0081B', 'Q0081', 'B', 'Sẽ hoặc với tại để về.', FALSE, '2026-06-12 15:45:00'),
    ('QO0082A', 'Q0082', 'A', 'Các của số theo hoặc đi của tôi cái có về.', TRUE, '2026-06-12 15:45:00'),
    ('QO0082B', 'Q0082', 'B', 'Như gần và và của từ để hoặc tại.', FALSE, '2026-06-12 15:45:00'),
    ('QO0082C', 'Q0082', 'C', 'Cho hơn hoặc là nhưng vẫn.', FALSE, '2026-06-12 15:45:00'),
    ('QO0082D', 'Q0082', 'D', 'Vài có của từ này nhưng rất chưa và giữa.', FALSE, '2026-06-12 15:45:00'),
    ('QO0083A', 'Q0083', 'A', 'Vậy đang vậy giống tại chỉ cho nơi nếu giữa.', FALSE, '2026-06-12 15:45:00'),
    ('QO0083B', 'Q0083', 'B', 'Tôi đúng đã giống để cách với hoặc đi nơi chưa.', TRUE, '2026-06-12 15:45:00'),
    ('QO0083C', 'Q0083', 'C', 'Cũng sau theo gần chỉ cũng cách từ.', FALSE, '2026-06-12 15:45:00'),
    ('QO0083D', 'Q0083', 'D', 'Về với với để các tại có điều của dưới.', FALSE, '2026-06-12 15:45:00'),
    ('QO0084A', 'Q0084', 'A', 'Đúng', TRUE, '2026-06-12 15:45:00'),
    ('QO0084B', 'Q0084', 'B', 'Có không theo vậy nếu để đến vì sẽ.', FALSE, '2026-06-12 15:45:00'),
    ('QO0085A', 'Q0085', 'A', 'Nào không số bạn nơi được như gần.', FALSE, '2026-06-12 15:45:00'),
    ('QO0085B', 'Q0085', 'B', 'Cho trong vì với nơi.', FALSE, '2026-06-12 15:45:00'),
    ('QO0085C', 'Q0085', 'C', 'Vì từng tại cũng tại nơi chỉ hoặc.', FALSE, '2026-06-12 15:45:00'),
    ('QO0085D', 'Q0085', 'D', 'Của như không các dưới chưa người lớn vẫn để.', TRUE, '2026-06-12 15:45:00'),
    ('QO0087A', 'Q0087', 'A', 'Đúng', FALSE, '2026-06-12 15:45:00'),
    ('QO0087B', 'Q0087', 'B', 'Sau điều tôi đến tự nhưng nhiều một hoặc.', TRUE, '2026-06-12 15:45:00'),
    ('QO0089A', 'Q0089', 'A', 'Là vậy tại mà hơn.', TRUE, '2026-06-12 15:45:00'),
    ('QO0089B', 'Q0089', 'B', 'Khiến nơi được tại như.', FALSE, '2026-06-12 15:45:00'),
    ('QO0089C', 'Q0089', 'C', 'Điều có trong điều với cho.', FALSE, '2026-06-12 15:45:00'),
    ('QO0089D', 'Q0089', 'D', 'Để như có nào cái của gần.', FALSE, '2026-06-12 15:45:00'),
    ('QO0090A', 'Q0090', 'A', 'Điều từ từ vậy.', FALSE, '2026-06-12 15:45:00'),
    ('QO0090B', 'Q0090', 'B', 'Để trong chỉ cái hơn khi cũng với.', TRUE, '2026-06-12 15:45:00'),
    ('QO0090C', 'Q0090', 'C', 'Nào cách từng sau nếu nơi.', FALSE, '2026-06-12 15:45:00'),
    ('QO0090D', 'Q0090', 'D', 'Có vì không nào này sau có từ dưới nếu.', FALSE, '2026-06-12 15:45:00'),
    ('QO0091A', 'Q0091', 'A', 'Hoặc là sau nhưng để lớn nơi bên bạn.', FALSE, '2026-06-12 15:45:00'),
    ('QO0091B', 'Q0091', 'B', 'Các điều với khi này cũng gần đã lớn.', FALSE, '2026-06-12 15:45:00'),
    ('QO0091C', 'Q0091', 'C', 'Cũng vài từ bạn theo thế có hoặc này.', TRUE, '2026-06-12 15:45:00'),
    ('QO0091D', 'Q0091', 'D', 'Tự vài nào giữa nhưng tại làm.', FALSE, '2026-06-12 15:45:00'),
    ('QO0092A', 'Q0092', 'A', 'Vậy theo hơn cũng bên mỗi để với bạn.', TRUE, '2026-06-12 15:45:00'),
    ('QO0092B', 'Q0092', 'B', 'Đã nhưng mà này của bên giữa.', FALSE, '2026-06-12 15:45:00'),
    ('QO0092C', 'Q0092', 'C', 'Vì nào đang được đi dưới.', FALSE, '2026-06-12 15:45:00'),
    ('QO0092D', 'Q0092', 'D', 'Cho thay cũng khiến bên không được cái không.', FALSE, '2026-06-12 15:45:00'),
    ('QO0093A', 'Q0093', 'A', 'Và vậy thế giữa nào hơn cách khiến không.', FALSE, '2026-06-12 15:45:00'),
    ('QO0093B', 'Q0093', 'B', 'Nhưng nhưng từng khi từng mà.', TRUE, '2026-06-12 15:45:00'),
    ('QO0093C', 'Q0093', 'C', 'Lớn đã hơn hơn của vài nếu nếu.', FALSE, '2026-06-12 15:45:00'),
    ('QO0093D', 'Q0093', 'D', 'Cho đến một từng theo với cho hơn mỗi với đã.', FALSE, '2026-06-12 15:45:00'),
    ('QO0094A', 'Q0094', 'A', 'Đúng', FALSE, '2026-06-12 15:45:00'),
    ('QO0094B', 'Q0094', 'B', 'Để từ bạn về không sau trong.', TRUE, '2026-06-12 15:45:00'),
    ('QO0095A', 'Q0095', 'A', 'Đúng', TRUE, '2026-06-12 15:45:00'),
    ('QO0095B', 'Q0095', 'B', 'Gần đúng từ cũng như đã có.', FALSE, '2026-06-12 15:45:00'),
    ('QO0096A', 'Q0096', 'A', 'Thì thế giữa cũng của vậy của để.', FALSE, '2026-06-12 15:45:00'),
    ('QO0096B', 'Q0096', 'B', 'Trong đã cũng nào đúng các một cách.', TRUE, '2026-06-12 15:45:00'),
    ('QO0096C', 'Q0096', 'C', 'Mà tại các giống như từng.', FALSE, '2026-06-12 15:45:00'),
    ('QO0096D', 'Q0096', 'D', 'Như gần thế để nào như.', FALSE, '2026-06-12 15:45:00'),
    ('QO0098A', 'Q0098', 'A', 'Bạn tại tại có mỗi với trong.', TRUE, '2026-06-12 15:45:00'),
    ('QO0098B', 'Q0098', 'B', 'Vẫn hơn số khiến cái về.', FALSE, '2026-06-12 15:45:00'),
    ('QO0098C', 'Q0098', 'C', 'Có như vài để thế mỗi.', FALSE, '2026-06-12 15:45:00'),
    ('QO0098D', 'Q0098', 'D', 'Gần thế người lớn để của giống.', FALSE, '2026-06-12 15:45:00');

INSERT INTO exam_banks (id, code, exam_code, description, exam_time, explain, exam_day, is_note, hoc_ky_id, lop_hoc_phan_id, exam_matrix_id, active, created_at, updated_at, created_by) VALUES
    ('EB001', 'DT001', 'M001', 'Đề thi sinh tự động từ ngân hàng câu hỏi', 60, 'Sinh viên đọc kỹ đề trước khi làm bài', '2026-07-22 15:45:00', FALSE, 'HK008', 'LHP110', 'EM005', TRUE, '2026-06-12 15:45:00', '2026-06-12 15:45:00', NULL),
    ('EB002', 'DT002', 'M002', 'Đề thi sinh tự động từ ngân hàng câu hỏi', 90, 'Sinh viên đọc kỹ đề trước khi làm bài', '2026-06-21 15:45:00', FALSE, 'HK010', 'LHP031', 'EM019', TRUE, '2026-06-12 15:45:00', '2026-06-12 15:45:00', NULL),
    ('EB003', 'DT003', 'M003', 'Đề thi sinh tự động từ ngân hàng câu hỏi', 90, 'Sinh viên đọc kỹ đề trước khi làm bài', '2026-08-20 15:45:00', FALSE, 'HK013', 'LHP005', 'EM023', TRUE, '2026-06-12 15:45:00', '2026-06-12 15:45:00', NULL),
    ('EB004', 'DT004', 'M004', 'Đề thi sinh tự động từ ngân hàng câu hỏi', 60, 'Sinh viên đọc kỹ đề trước khi làm bài', '2026-08-30 15:45:00', FALSE, 'HK014', 'LHP073', 'EM028', TRUE, '2026-06-12 15:45:00', '2026-06-12 15:45:00', NULL),
    ('EB005', 'DT005', 'M005', 'Đề thi sinh tự động từ ngân hàng câu hỏi', 90, 'Sinh viên đọc kỹ đề trước khi làm bài', '2026-10-05 15:45:00', FALSE, 'HK010', 'LHP044', 'EM014', TRUE, '2026-06-12 15:45:00', '2026-06-12 15:45:00', NULL),
    ('EB006', 'DT006', 'M006', 'Đề thi sinh tự động từ ngân hàng câu hỏi', 90, 'Sinh viên đọc kỹ đề trước khi làm bài', '2026-08-15 15:45:00', TRUE, 'HK002', 'LHP038', 'EM007', TRUE, '2026-06-12 15:45:00', '2026-06-12 15:45:00', NULL),
    ('EB007', 'DT007', 'M007', 'Đề thi sinh tự động từ ngân hàng câu hỏi', 60, 'Sinh viên đọc kỹ đề trước khi làm bài', '2026-06-20 15:45:00', TRUE, 'HK012', 'LHP052', 'EM018', TRUE, '2026-06-12 15:45:00', '2026-06-12 15:45:00', NULL),
    ('EB008', 'DT008', 'M008', 'Đề thi sinh tự động từ ngân hàng câu hỏi', 45, 'Sinh viên đọc kỹ đề trước khi làm bài', '2026-09-12 15:45:00', TRUE, 'HK004', 'LHP058', 'EM026', TRUE, '2026-06-12 15:45:00', '2026-06-12 15:45:00', NULL),
    ('EB009', 'DT009', 'M009', 'Đề thi sinh tự động từ ngân hàng câu hỏi', 60, 'Sinh viên đọc kỹ đề trước khi làm bài', '2026-10-05 15:45:00', FALSE, 'HK011', 'LHP007', 'EM002', TRUE, '2026-06-12 15:45:00', '2026-06-12 15:45:00', NULL),
    ('EB010', 'DT010', 'M010', 'Đề thi sinh tự động từ ngân hàng câu hỏi', 120, 'Sinh viên đọc kỹ đề trước khi làm bài', '2026-09-09 15:45:00', FALSE, 'HK012', 'LHP068', 'EM008', TRUE, '2026-06-12 15:45:00', '2026-06-12 15:45:00', NULL),
    ('EB011', 'DT011', 'M011', 'Đề thi sinh tự động từ ngân hàng câu hỏi', 90, 'Sinh viên đọc kỹ đề trước khi làm bài', '2026-06-26 15:45:00', FALSE, 'HK012', 'LHP070', 'EM017', TRUE, '2026-06-12 15:45:00', '2026-06-12 15:45:00', NULL),
    ('EB012', 'DT012', 'M012', 'Đề thi sinh tự động từ ngân hàng câu hỏi', 45, 'Sinh viên đọc kỹ đề trước khi làm bài', '2026-10-06 15:45:00', FALSE, 'HK011', 'LHP030', 'EM015', TRUE, '2026-06-12 15:45:00', '2026-06-12 15:45:00', NULL),
    ('EB013', 'DT013', 'M013', 'Đề thi sinh tự động từ ngân hàng câu hỏi', 90, 'Sinh viên đọc kỹ đề trước khi làm bài', '2026-07-30 15:45:00', FALSE, 'HK011', 'LHP048', 'EM008', TRUE, '2026-06-12 15:45:00', '2026-06-12 15:45:00', NULL),
    ('EB014', 'DT014', 'M014', 'Đề thi sinh tự động từ ngân hàng câu hỏi', 90, 'Sinh viên đọc kỹ đề trước khi làm bài', '2026-06-18 15:45:00', FALSE, 'HK005', 'LHP117', 'EM016', TRUE, '2026-06-12 15:45:00', '2026-06-12 15:45:00', NULL),
    ('EB015', 'DT015', 'M015', 'Đề thi sinh tự động từ ngân hàng câu hỏi', 45, 'Sinh viên đọc kỹ đề trước khi làm bài', '2026-07-14 15:45:00', FALSE, 'HK001', 'LHP118', 'EM016', TRUE, '2026-06-12 15:45:00', '2026-06-12 15:45:00', NULL);

INSERT INTO exam_bank_questions (exam_bank_id, question_id, question_order, points) VALUES
    ('EB001', 'Q0005', 1, 0.5),
    ('EB001', 'Q0078', 2, 0.5),
    ('EB001', 'Q0013', 3, 1.0),
    ('EB001', 'Q0091', 4, 0.25),
    ('EB001', 'Q0002', 5, 1.0),
    ('EB001', 'Q0003', 6, 1.0),
    ('EB001', 'Q0081', 7, 0.25),
    ('EB001', 'Q0012', 8, 1.0),
    ('EB001', 'Q0014', 9, 0.5),
    ('EB001', 'Q0022', 10, 1.0),
    ('EB001', 'Q0035', 11, 1.0),
    ('EB001', 'Q0069', 12, 0.25),
    ('EB001', 'Q0020', 13, 1.0),
    ('EB001', 'Q0064', 14, 0.5),
    ('EB001', 'Q0057', 15, 0.25),
    ('EB001', 'Q0017', 16, 0.5),
    ('EB001', 'Q0063', 17, 0.25),
    ('EB001', 'Q0029', 18, 1.0),
    ('EB001', 'Q0038', 19, 0.25),
    ('EB001', 'Q0036', 20, 1.0),
    ('EB002', 'Q0071', 1, 0.5),
    ('EB002', 'Q0048', 2, 0.5),
    ('EB002', 'Q0039', 3, 0.5),
    ('EB002', 'Q0050', 4, 1.0),
    ('EB002', 'Q0098', 5, 1.0),
    ('EB002', 'Q0004', 6, 0.25),
    ('EB002', 'Q0089', 7, 1.0),
    ('EB002', 'Q0027', 8, 0.5),
    ('EB002', 'Q0063', 9, 1.0),
    ('EB002', 'Q0012', 10, 0.5),
    ('EB002', 'Q0072', 11, 1.0),
    ('EB002', 'Q0038', 12, 1.0),
    ('EB002', 'Q0013', 13, 0.25),
    ('EB002', 'Q0084', 14, 0.25),
    ('EB002', 'Q0018', 15, 1.0),
    ('EB002', 'Q0054', 16, 0.5),
    ('EB002', 'Q0019', 17, 1.0),
    ('EB002', 'Q0007', 18, 0.5),
    ('EB002', 'Q0097', 19, 0.5),
    ('EB002', 'Q0058', 20, 0.25),
    ('EB003', 'Q0079', 1, 0.25),
    ('EB003', 'Q0002', 2, 0.25),
    ('EB003', 'Q0005', 3, 0.5),
    ('EB003', 'Q0022', 4, 0.25),
    ('EB003', 'Q0080', 5, 0.25),
    ('EB003', 'Q0078', 6, 1.0),
    ('EB003', 'Q0068', 7, 0.5),
    ('EB003', 'Q0075', 8, 1.0),
    ('EB003', 'Q0050', 9, 0.25),
    ('EB003', 'Q0072', 10, 0.25),
    ('EB003', 'Q0010', 11, 0.5),
    ('EB003', 'Q0062', 12, 1.0),
    ('EB003', 'Q0076', 13, 0.25),
    ('EB003', 'Q0043', 14, 1.0),
    ('EB003', 'Q0044', 15, 0.5),
    ('EB003', 'Q0052', 16, 0.5),
    ('EB003', 'Q0055', 17, 1.0),
    ('EB003', 'Q0089', 18, 0.25),
    ('EB003', 'Q0018', 19, 0.5),
    ('EB003', 'Q0029', 20, 0.5),
    ('EB004', 'Q0002', 1, 0.25),
    ('EB004', 'Q0004', 2, 0.5),
    ('EB004', 'Q0064', 3, 0.5),
    ('EB004', 'Q0089', 4, 1.0),
    ('EB004', 'Q0016', 5, 0.25),
    ('EB004', 'Q0028', 6, 0.5),
    ('EB004', 'Q0021', 7, 1.0),
    ('EB004', 'Q0027', 8, 1.0),
    ('EB004', 'Q0043', 9, 1.0),
    ('EB004', 'Q0073', 10, 0.25),
    ('EB004', 'Q0070', 11, 1.0),
    ('EB004', 'Q0020', 12, 1.0),
    ('EB004', 'Q0062', 13, 0.25),
    ('EB004', 'Q0049', 14, 0.5),
    ('EB004', 'Q0087', 15, 0.25),
    ('EB004', 'Q0071', 16, 1.0),
    ('EB004', 'Q0044', 17, 1.0),
    ('EB004', 'Q0065', 18, 0.25),
    ('EB004', 'Q0031', 19, 0.5),
    ('EB004', 'Q0050', 20, 0.5),
    ('EB005', 'Q0015', 1, 0.5),
    ('EB005', 'Q0024', 2, 0.25),
    ('EB005', 'Q0005', 3, 1.0),
    ('EB005', 'Q0079', 4, 0.5),
    ('EB005', 'Q0071', 5, 0.25),
    ('EB005', 'Q0044', 6, 1.0),
    ('EB005', 'Q0055', 7, 1.0),
    ('EB005', 'Q0020', 8, 0.5),
    ('EB005', 'Q0097', 9, 1.0),
    ('EB005', 'Q0050', 10, 1.0),
    ('EB005', 'Q0093', 11, 0.5),
    ('EB005', 'Q0099', 12, 0.25),
    ('EB005', 'Q0026', 13, 1.0),
    ('EB005', 'Q0054', 14, 1.0),
    ('EB005', 'Q0092', 15, 0.25),
    ('EB005', 'Q0046', 16, 1.0),
    ('EB005', 'Q0070', 17, 0.25),
    ('EB005', 'Q0098', 18, 0.5),
    ('EB005', 'Q0076', 19, 0.5),
    ('EB005', 'Q0086', 20, 0.5),
    ('EB006', 'Q0050', 1, 0.5),
    ('EB006', 'Q0083', 2, 0.5),
    ('EB006', 'Q0074', 3, 0.5),
    ('EB006', 'Q0011', 4, 0.25),
    ('EB006', 'Q0040', 5, 0.5),
    ('EB006', 'Q0094', 6, 0.25),
    ('EB006', 'Q0084', 7, 1.0),
    ('EB006', 'Q0059', 8, 0.5),
    ('EB006', 'Q0035', 9, 0.25),
    ('EB006', 'Q0082', 10, 1.0),
    ('EB006', 'Q0063', 11, 1.0),
    ('EB006', 'Q0046', 12, 1.0),
    ('EB006', 'Q0052', 13, 1.0),
    ('EB006', 'Q0053', 14, 1.0),
    ('EB006', 'Q0002', 15, 0.5),
    ('EB006', 'Q0020', 16, 0.25),
    ('EB006', 'Q0022', 17, 0.5),
    ('EB006', 'Q0027', 18, 0.25),
    ('EB006', 'Q0093', 19, 0.25),
    ('EB006', 'Q0009', 20, 0.5),
    ('EB007', 'Q0042', 1, 0.25),
    ('EB007', 'Q0023', 2, 1.0),
    ('EB007', 'Q0055', 3, 0.5),
    ('EB007', 'Q0004', 4, 0.5),
    ('EB007', 'Q0013', 5, 1.0),
    ('EB007', 'Q0093', 6, 1.0),
    ('EB007', 'Q0098', 7, 0.25),
    ('EB007', 'Q0086', 8, 1.0),
    ('EB007', 'Q0051', 9, 0.5),
    ('EB007', 'Q0081', 10, 1.0),
    ('EB007', 'Q0067', 11, 0.5),
    ('EB007', 'Q0037', 12, 0.5),
    ('EB007', 'Q0028', 13, 0.5),
    ('EB007', 'Q0043', 14, 1.0),
    ('EB007', 'Q0100', 15, 0.5),
    ('EB007', 'Q0064', 16, 0.5),
    ('EB007', 'Q0099', 17, 0.25),
    ('EB007', 'Q0077', 18, 0.25),
    ('EB007', 'Q0052', 19, 1.0),
    ('EB007', 'Q0046', 20, 0.25),
    ('EB008', 'Q0061', 1, 0.5),
    ('EB008', 'Q0048', 2, 0.5),
    ('EB008', 'Q0019', 3, 0.5),
    ('EB008', 'Q0092', 4, 1.0),
    ('EB008', 'Q0062', 5, 1.0),
    ('EB008', 'Q0083', 6, 0.5),
    ('EB008', 'Q0046', 7, 0.25),
    ('EB008', 'Q0089', 8, 0.5),
    ('EB008', 'Q0034', 9, 1.0),
    ('EB008', 'Q0010', 10, 1.0),
    ('EB008', 'Q0090', 11, 0.5),
    ('EB008', 'Q0031', 12, 0.5),
    ('EB008', 'Q0084', 13, 0.25),
    ('EB008', 'Q0060', 14, 0.25),
    ('EB008', 'Q0094', 15, 0.25),
    ('EB008', 'Q0051', 16, 0.5),
    ('EB008', 'Q0058', 17, 1.0),
    ('EB008', 'Q0027', 18, 0.25),
    ('EB008', 'Q0018', 19, 0.25),
    ('EB008', 'Q0006', 20, 1.0),
    ('EB009', 'Q0083', 1, 0.25),
    ('EB009', 'Q0014', 2, 0.5),
    ('EB009', 'Q0027', 3, 1.0),
    ('EB009', 'Q0067', 4, 0.5),
    ('EB009', 'Q0085', 5, 1.0),
    ('EB009', 'Q0005', 6, 0.25),
    ('EB009', 'Q0070', 7, 0.5),
    ('EB009', 'Q0078', 8, 1.0),
    ('EB009', 'Q0100', 9, 0.25),
    ('EB009', 'Q0099', 10, 0.5),
    ('EB009', 'Q0082', 11, 1.0),
    ('EB009', 'Q0041', 12, 1.0),
    ('EB009', 'Q0038', 13, 0.5),
    ('EB009', 'Q0057', 14, 0.5),
    ('EB009', 'Q0054', 15, 0.25),
    ('EB009', 'Q0001', 16, 1.0),
    ('EB009', 'Q0069', 17, 1.0),
    ('EB009', 'Q0073', 18, 1.0),
    ('EB009', 'Q0072', 19, 0.5),
    ('EB009', 'Q0074', 20, 1.0),
    ('EB010', 'Q0031', 1, 0.25),
    ('EB010', 'Q0004', 2, 1.0),
    ('EB010', 'Q0001', 3, 0.25),
    ('EB010', 'Q0092', 4, 1.0),
    ('EB010', 'Q0067', 5, 1.0),
    ('EB010', 'Q0085', 6, 1.0),
    ('EB010', 'Q0006', 7, 1.0),
    ('EB010', 'Q0002', 8, 1.0),
    ('EB010', 'Q0018', 9, 1.0),
    ('EB010', 'Q0040', 10, 1.0),
    ('EB010', 'Q0011', 11, 1.0),
    ('EB010', 'Q0053', 12, 0.25),
    ('EB010', 'Q0013', 13, 0.5),
    ('EB010', 'Q0064', 14, 1.0),
    ('EB010', 'Q0029', 15, 0.25),
    ('EB010', 'Q0041', 16, 1.0),
    ('EB010', 'Q0048', 17, 0.5),
    ('EB010', 'Q0097', 18, 0.25),
    ('EB010', 'Q0060', 19, 0.25),
    ('EB010', 'Q0051', 20, 0.25),
    ('EB011', 'Q0024', 1, 1.0),
    ('EB011', 'Q0091', 2, 0.25),
    ('EB011', 'Q0019', 3, 1.0),
    ('EB011', 'Q0083', 4, 0.25),
    ('EB011', 'Q0022', 5, 0.5),
    ('EB011', 'Q0056', 6, 1.0),
    ('EB011', 'Q0079', 7, 0.25),
    ('EB011', 'Q0067', 8, 1.0),
    ('EB011', 'Q0042', 9, 1.0),
    ('EB011', 'Q0092', 10, 0.5),
    ('EB011', 'Q0007', 11, 1.0),
    ('EB011', 'Q0045', 12, 0.25),
    ('EB011', 'Q0005', 13, 1.0),
    ('EB011', 'Q0046', 14, 0.5),
    ('EB011', 'Q0074', 15, 0.5),
    ('EB011', 'Q0060', 16, 0.25),
    ('EB011', 'Q0071', 17, 0.25),
    ('EB011', 'Q0026', 18, 1.0),
    ('EB011', 'Q0087', 19, 0.5),
    ('EB011', 'Q0023', 20, 0.25),
    ('EB012', 'Q0089', 1, 0.5),
    ('EB012', 'Q0030', 2, 0.25),
    ('EB012', 'Q0015', 3, 0.25),
    ('EB012', 'Q0013', 4, 1.0),
    ('EB012', 'Q0067', 5, 1.0),
    ('EB012', 'Q0093', 6, 1.0),
    ('EB012', 'Q0087', 7, 0.25),
    ('EB012', 'Q0083', 8, 0.5),
    ('EB012', 'Q0024', 9, 0.25),
    ('EB012', 'Q0028', 10, 1.0),
    ('EB012', 'Q0004', 11, 1.0),
    ('EB012', 'Q0065', 12, 0.5),
    ('EB012', 'Q0027', 13, 1.0),
    ('EB012', 'Q0085', 14, 0.25),
    ('EB012', 'Q0057', 15, 0.25),
    ('EB012', 'Q0026', 16, 1.0),
    ('EB012', 'Q0063', 17, 1.0),
    ('EB012', 'Q0095', 18, 1.0),
    ('EB012', 'Q0023', 19, 0.25),
    ('EB012', 'Q0038', 20, 0.25),
    ('EB013', 'Q0034', 1, 0.5),
    ('EB013', 'Q0080', 2, 1.0),
    ('EB013', 'Q0062', 3, 0.5),
    ('EB013', 'Q0079', 4, 0.25),
    ('EB013', 'Q0008', 5, 0.25),
    ('EB013', 'Q0078', 6, 0.5),
    ('EB013', 'Q0039', 7, 1.0),
    ('EB013', 'Q0001', 8, 0.5),
    ('EB013', 'Q0084', 9, 0.5),
    ('EB013', 'Q0071', 10, 0.5),
    ('EB013', 'Q0028', 11, 1.0),
    ('EB013', 'Q0073', 12, 1.0),
    ('EB013', 'Q0066', 13, 0.5),
    ('EB013', 'Q0089', 14, 0.25),
    ('EB013', 'Q0006', 15, 0.25),
    ('EB013', 'Q0050', 16, 0.5),
    ('EB013', 'Q0095', 17, 1.0),
    ('EB013', 'Q0012', 18, 1.0),
    ('EB013', 'Q0063', 19, 0.25),
    ('EB013', 'Q0017', 20, 0.25),
    ('EB014', 'Q0009', 1, 0.25),
    ('EB014', 'Q0060', 2, 0.5),
    ('EB014', 'Q0013', 3, 0.25),
    ('EB014', 'Q0021', 4, 1.0),
    ('EB014', 'Q0045', 5, 1.0),
    ('EB014', 'Q0026', 6, 0.25),
    ('EB014', 'Q0051', 7, 0.25),
    ('EB014', 'Q0048', 8, 1.0),
    ('EB014', 'Q0086', 9, 1.0),
    ('EB014', 'Q0082', 10, 1.0),
    ('EB014', 'Q0083', 11, 1.0),
    ('EB014', 'Q0027', 12, 1.0),
    ('EB014', 'Q0064', 13, 0.5),
    ('EB014', 'Q0035', 14, 1.0),
    ('EB014', 'Q0092', 15, 0.25),
    ('EB014', 'Q0074', 16, 1.0),
    ('EB014', 'Q0068', 17, 0.25),
    ('EB014', 'Q0003', 18, 1.0),
    ('EB014', 'Q0028', 19, 0.5),
    ('EB014', 'Q0053', 20, 1.0),
    ('EB015', 'Q0018', 1, 1.0),
    ('EB015', 'Q0054', 2, 1.0),
    ('EB015', 'Q0012', 3, 1.0),
    ('EB015', 'Q0048', 4, 1.0),
    ('EB015', 'Q0015', 5, 0.5),
    ('EB015', 'Q0045', 6, 0.25),
    ('EB015', 'Q0003', 7, 1.0),
    ('EB015', 'Q0042', 8, 0.5),
    ('EB015', 'Q0094', 9, 1.0),
    ('EB015', 'Q0014', 10, 0.5),
    ('EB015', 'Q0005', 11, 1.0),
    ('EB015', 'Q0098', 12, 1.0),
    ('EB015', 'Q0051', 13, 1.0),
    ('EB015', 'Q0079', 14, 0.5),
    ('EB015', 'Q0070', 15, 0.25),
    ('EB015', 'Q0020', 16, 0.5),
    ('EB015', 'Q0058', 17, 1.0),
    ('EB015', 'Q0027', 18, 0.5),
    ('EB015', 'Q0096', 19, 1.0),
    ('EB015', 'Q0046', 20, 1.0);

INSERT INTO survey_topics (id, code, name, type, description, active, created_at, updated_at, created_by) VALUES
    ('ST001', 'CDKS001', 'Khảo sát chất lượng giảng dạy', 'course_feedback', 'Chủ đề khảo sát phục vụ cải tiến chất lượng', TRUE, '2026-06-12 15:45:00', '2026-06-12 15:45:00', NULL),
    ('ST002', 'CDKS002', 'Khảo sát học phần cuối kỳ', 'lecturer_feedback', 'Chủ đề khảo sát phục vụ cải tiến chất lượng', TRUE, '2026-06-12 15:45:00', '2026-06-12 15:45:00', NULL),
    ('ST003', 'CDKS003', 'Khảo sát dịch vụ đào tạo', 'service_feedback', 'Chủ đề khảo sát phục vụ cải tiến chất lượng', TRUE, '2026-06-12 15:45:00', '2026-06-12 15:45:00', NULL),
    ('ST004', 'CDKS004', 'Khảo sát cơ sở vật chất', 'general', 'Chủ đề khảo sát phục vụ cải tiến chất lượng', TRUE, '2026-06-12 15:45:00', '2026-06-12 15:45:00', NULL),
    ('ST005', 'CDKS005', 'Khảo sát hoạt động khảo thí', 'course_feedback', 'Chủ đề khảo sát phục vụ cải tiến chất lượng', TRUE, '2026-06-12 15:45:00', '2026-06-12 15:45:00', NULL),
    ('ST006', 'CDKS006', 'Khảo sát cố vấn học tập', 'lecturer_feedback', 'Chủ đề khảo sát phục vụ cải tiến chất lượng', TRUE, '2026-06-12 15:45:00', '2026-06-12 15:45:00', NULL),
    ('ST007', 'CDKS007', 'Khảo sát trải nghiệm sinh viên', 'service_feedback', 'Chủ đề khảo sát phục vụ cải tiến chất lượng', TRUE, '2026-06-12 15:45:00', '2026-06-12 15:45:00', NULL),
    ('ST008', 'CDKS008', 'Khảo sát chương trình đào tạo', 'general', 'Chủ đề khảo sát phục vụ cải tiến chất lượng', TRUE, '2026-06-12 15:45:00', '2026-06-12 15:45:00', NULL);

INSERT INTO survey_object_types (id, code, name, description, training_object_type_code, active, created_at, updated_at, created_by) VALUES
    ('SOT001', 'HV', 'Học viên', 'Đối tượng khảo sát là học viên/sinh viên', 'student', TRUE, '2026-06-12 15:45:00', '2026-06-12 15:45:00', NULL),
    ('SOT002', 'GV', 'Giảng viên', 'Đối tượng khảo sát là giảng viên', 'lecturer', TRUE, '2026-06-12 15:45:00', '2026-06-12 15:45:00', NULL),
    ('SOT003', 'CBQL', 'Cán bộ quản lý', 'Đối tượng khảo sát là cán bộ quản lý', 'staff', TRUE, '2026-06-12 15:45:00', '2026-06-12 15:45:00', NULL);

INSERT INTO cluster_surveys (id, code, name, description, survey_topic_id, active, created_at, updated_at, created_by) VALUES
    ('CS001', 'CUMKS001', 'Cụm khảo sát 1', 'Nhóm đối tượng khảo sát theo chủ đề', 'ST007', TRUE, '2026-06-12 15:45:00', '2026-06-12 15:45:00', NULL),
    ('CS002', 'CUMKS002', 'Cụm khảo sát 2', 'Nhóm đối tượng khảo sát theo chủ đề', 'ST008', TRUE, '2026-06-12 15:45:00', '2026-06-12 15:45:00', NULL),
    ('CS003', 'CUMKS003', 'Cụm khảo sát 3', 'Nhóm đối tượng khảo sát theo chủ đề', 'ST004', TRUE, '2026-06-12 15:45:00', '2026-06-12 15:45:00', NULL),
    ('CS004', 'CUMKS004', 'Cụm khảo sát 4', 'Nhóm đối tượng khảo sát theo chủ đề', 'ST007', TRUE, '2026-06-12 15:45:00', '2026-06-12 15:45:00', NULL),
    ('CS005', 'CUMKS005', 'Cụm khảo sát 5', 'Nhóm đối tượng khảo sát theo chủ đề', 'ST007', TRUE, '2026-06-12 15:45:00', '2026-06-12 15:45:00', NULL),
    ('CS006', 'CUMKS006', 'Cụm khảo sát 6', 'Nhóm đối tượng khảo sát theo chủ đề', 'ST001', TRUE, '2026-06-12 15:45:00', '2026-06-12 15:45:00', NULL),
    ('CS007', 'CUMKS007', 'Cụm khảo sát 7', 'Nhóm đối tượng khảo sát theo chủ đề', 'ST004', TRUE, '2026-06-12 15:45:00', '2026-06-12 15:45:00', NULL),
    ('CS008', 'CUMKS008', 'Cụm khảo sát 8', 'Nhóm đối tượng khảo sát theo chủ đề', 'ST001', TRUE, '2026-06-12 15:45:00', '2026-06-12 15:45:00', NULL),
    ('CS009', 'CUMKS009', 'Cụm khảo sát 9', 'Nhóm đối tượng khảo sát theo chủ đề', 'ST008', TRUE, '2026-06-12 15:45:00', '2026-06-12 15:45:00', NULL),
    ('CS010', 'CUMKS010', 'Cụm khảo sát 10', 'Nhóm đối tượng khảo sát theo chủ đề', 'ST007', TRUE, '2026-06-12 15:45:00', '2026-06-12 15:45:00', NULL),
    ('CS011', 'CUMKS011', 'Cụm khảo sát 11', 'Nhóm đối tượng khảo sát theo chủ đề', 'ST003', TRUE, '2026-06-12 15:45:00', '2026-06-12 15:45:00', NULL),
    ('CS012', 'CUMKS012', 'Cụm khảo sát 12', 'Nhóm đối tượng khảo sát theo chủ đề', 'ST008', TRUE, '2026-06-12 15:45:00', '2026-06-12 15:45:00', NULL);

INSERT INTO survey_question_groups (id, code, name, description, active, created_at, updated_at, created_by) VALUES
    ('SQG001', 'NCH001', 'Nội dung học phần', 'Nhóm câu hỏi dùng trong phiếu khảo sát', TRUE, '2026-06-12 15:45:00', '2026-06-12 15:45:00', NULL),
    ('SQG002', 'NCH002', 'Phương pháp giảng dạy', 'Nhóm câu hỏi dùng trong phiếu khảo sát', TRUE, '2026-06-12 15:45:00', '2026-06-12 15:45:00', NULL),
    ('SQG003', 'NCH003', 'Tài liệu học tập', 'Nhóm câu hỏi dùng trong phiếu khảo sát', TRUE, '2026-06-12 15:45:00', '2026-06-12 15:45:00', NULL),
    ('SQG004', 'NCH004', 'Cơ sở vật chất', 'Nhóm câu hỏi dùng trong phiếu khảo sát', TRUE, '2026-06-12 15:45:00', '2026-06-12 15:45:00', NULL),
    ('SQG005', 'NCH005', 'Tổ chức thi', 'Nhóm câu hỏi dùng trong phiếu khảo sát', TRUE, '2026-06-12 15:45:00', '2026-06-12 15:45:00', NULL),
    ('SQG006', 'NCH006', 'Thái độ phục vụ', 'Nhóm câu hỏi dùng trong phiếu khảo sát', TRUE, '2026-06-12 15:45:00', '2026-06-12 15:45:00', NULL),
    ('SQG007', 'NCH007', 'Mức độ hài lòng chung', 'Nhóm câu hỏi dùng trong phiếu khảo sát', TRUE, '2026-06-12 15:45:00', '2026-06-12 15:45:00', NULL),
    ('SQG008', 'NCH008', 'Đánh giá giảng viên', 'Nhóm câu hỏi dùng trong phiếu khảo sát', TRUE, '2026-06-12 15:45:00', '2026-06-12 15:45:00', NULL),
    ('SQG009', 'NCH009', 'Đánh giá đề thi', 'Nhóm câu hỏi dùng trong phiếu khảo sát', TRUE, '2026-06-12 15:45:00', '2026-06-12 15:45:00', NULL),
    ('SQG010', 'NCH010', 'Góp ý cải tiến', 'Nhóm câu hỏi dùng trong phiếu khảo sát', TRUE, '2026-06-12 15:45:00', '2026-06-12 15:45:00', NULL);

INSERT INTO survey_questions (id, code, name, type, description, survey_question_group_id, active, created_at, updated_at, created_by) VALUES
    ('SQ001', 'CHKS001', 'Quy trình coi thi được tổ chức nghiêm túc?', 'multiple_choice', 'Câu hỏi khảo sát định kỳ', 'SQG002', TRUE, '2026-06-12 15:45:00', '2026-06-12 15:45:00', NULL),
    ('SQ002', 'CHKS002', 'Lịch thi được thông báo kịp thời và rõ ràng?', 'text', 'Câu hỏi khảo sát định kỳ', 'SQG006', TRUE, '2026-06-12 15:45:00', '2026-06-12 15:45:00', NULL),
    ('SQ003', 'CHKS003', 'Tài liệu học tập được cung cấp đầy đủ?', 'text', 'Câu hỏi khảo sát định kỳ', 'SQG006', TRUE, '2026-06-12 15:45:00', '2026-06-12 15:45:00', NULL),
    ('SQ004', 'CHKS004', 'Tài liệu học tập được cung cấp đầy đủ?', 'single_choice', 'Câu hỏi khảo sát định kỳ', 'SQG009', TRUE, '2026-06-12 15:45:00', '2026-06-12 15:45:00', NULL),
    ('SQ005', 'CHKS005', 'Giảng viên trình bày bài học rõ ràng và dễ hiểu?', 'single_choice', 'Câu hỏi khảo sát định kỳ', 'SQG004', TRUE, '2026-06-12 15:45:00', '2026-06-12 15:45:00', NULL),
    ('SQ006', 'CHKS006', 'Phòng học và thiết bị hỗ trợ học tập đáp ứng nhu cầu?', 'rating', 'Câu hỏi khảo sát định kỳ', 'SQG008', TRUE, '2026-06-12 15:45:00', '2026-06-12 15:45:00', NULL),
    ('SQ007', 'CHKS007', 'Hình thức kiểm tra đánh giá phản ánh đúng năng lực người học?', 'rating', 'Câu hỏi khảo sát định kỳ', 'SQG003', TRUE, '2026-06-12 15:45:00', '2026-06-12 15:45:00', NULL),
    ('SQ008', 'CHKS008', 'Đề thi có độ khó phù hợp với nội dung đã học?', 'text', 'Câu hỏi khảo sát định kỳ', 'SQG002', TRUE, '2026-06-12 15:45:00', '2026-06-12 15:45:00', NULL),
    ('SQ009', 'CHKS009', 'Giảng viên trình bày bài học rõ ràng và dễ hiểu?', 'single_choice', 'Câu hỏi khảo sát định kỳ', 'SQG006', TRUE, '2026-06-12 15:45:00', '2026-06-12 15:45:00', NULL),
    ('SQ010', 'CHKS010', 'Bạn có góp ý gì để cải thiện học phần/dịch vụ?', 'multiple_choice', 'Câu hỏi khảo sát định kỳ', 'SQG009', TRUE, '2026-06-12 15:45:00', '2026-06-12 15:45:00', NULL),
    ('SQ011', 'CHKS011', 'Lịch thi được thông báo kịp thời và rõ ràng?', 'rating', 'Câu hỏi khảo sát định kỳ', 'SQG003', TRUE, '2026-06-12 15:45:00', '2026-06-12 15:45:00', NULL),
    ('SQ012', 'CHKS012', 'Mức độ phù hợp của nội dung học phần với mục tiêu đào tạo?', 'rating', 'Câu hỏi khảo sát định kỳ', 'SQG007', TRUE, '2026-06-12 15:45:00', '2026-06-12 15:45:00', NULL),
    ('SQ013', 'CHKS013', 'Hình thức kiểm tra đánh giá phản ánh đúng năng lực người học?', 'rating', 'Câu hỏi khảo sát định kỳ', 'SQG004', TRUE, '2026-06-12 15:45:00', '2026-06-12 15:45:00', NULL),
    ('SQ014', 'CHKS014', 'Lịch thi được thông báo kịp thời và rõ ràng?', 'multiple_choice', 'Câu hỏi khảo sát định kỳ', 'SQG006', TRUE, '2026-06-12 15:45:00', '2026-06-12 15:45:00', NULL),
    ('SQ015', 'CHKS015', 'Bạn có góp ý gì để cải thiện học phần/dịch vụ?', 'text', 'Câu hỏi khảo sát định kỳ', 'SQG008', TRUE, '2026-06-12 15:45:00', '2026-06-12 15:45:00', NULL),
    ('SQ016', 'CHKS016', 'Lịch thi được thông báo kịp thời và rõ ràng?', 'rating', 'Câu hỏi khảo sát định kỳ', 'SQG004', TRUE, '2026-06-12 15:45:00', '2026-06-12 15:45:00', NULL),
    ('SQ017', 'CHKS017', 'Bạn hài lòng với trải nghiệm học tập của học phần này?', 'text', 'Câu hỏi khảo sát định kỳ', 'SQG003', TRUE, '2026-06-12 15:45:00', '2026-06-12 15:45:00', NULL),
    ('SQ018', 'CHKS018', 'Bạn có góp ý gì để cải thiện học phần/dịch vụ?', 'multiple_choice', 'Câu hỏi khảo sát định kỳ', 'SQG001', TRUE, '2026-06-12 15:45:00', '2026-06-12 15:45:00', NULL),
    ('SQ019', 'CHKS019', 'Lịch thi được thông báo kịp thời và rõ ràng?', 'single_choice', 'Câu hỏi khảo sát định kỳ', 'SQG007', TRUE, '2026-06-12 15:45:00', '2026-06-12 15:45:00', NULL),
    ('SQ020', 'CHKS020', 'Mức độ phù hợp của nội dung học phần với mục tiêu đào tạo?', 'single_choice', 'Câu hỏi khảo sát định kỳ', 'SQG002', TRUE, '2026-06-12 15:45:00', '2026-06-12 15:45:00', NULL),
    ('SQ021', 'CHKS021', 'Tài liệu học tập được cung cấp đầy đủ?', 'text', 'Câu hỏi khảo sát định kỳ', 'SQG007', TRUE, '2026-06-12 15:45:00', '2026-06-12 15:45:00', NULL),
    ('SQ022', 'CHKS022', 'Tài liệu học tập được cung cấp đầy đủ?', 'single_choice', 'Câu hỏi khảo sát định kỳ', 'SQG001', TRUE, '2026-06-12 15:45:00', '2026-06-12 15:45:00', NULL),
    ('SQ023', 'CHKS023', 'Đề thi có độ khó phù hợp với nội dung đã học?', 'multiple_choice', 'Câu hỏi khảo sát định kỳ', 'SQG002', TRUE, '2026-06-12 15:45:00', '2026-06-12 15:45:00', NULL),
    ('SQ024', 'CHKS024', 'Giảng viên trình bày bài học rõ ràng và dễ hiểu?', 'text', 'Câu hỏi khảo sát định kỳ', 'SQG004', TRUE, '2026-06-12 15:45:00', '2026-06-12 15:45:00', NULL),
    ('SQ025', 'CHKS025', 'Bạn hài lòng với trải nghiệm học tập của học phần này?', 'rating', 'Câu hỏi khảo sát định kỳ', 'SQG006', TRUE, '2026-06-12 15:45:00', '2026-06-12 15:45:00', NULL),
    ('SQ026', 'CHKS026', 'Bạn hài lòng với trải nghiệm học tập của học phần này?', 'text', 'Câu hỏi khảo sát định kỳ', 'SQG003', TRUE, '2026-06-12 15:45:00', '2026-06-12 15:45:00', NULL),
    ('SQ027', 'CHKS027', 'Giảng viên trình bày bài học rõ ràng và dễ hiểu?', 'rating', 'Câu hỏi khảo sát định kỳ', 'SQG006', TRUE, '2026-06-12 15:45:00', '2026-06-12 15:45:00', NULL),
    ('SQ028', 'CHKS028', 'Giảng viên trình bày bài học rõ ràng và dễ hiểu?', 'text', 'Câu hỏi khảo sát định kỳ', 'SQG007', TRUE, '2026-06-12 15:45:00', '2026-06-12 15:45:00', NULL),
    ('SQ029', 'CHKS029', 'Mức độ phù hợp của nội dung học phần với mục tiêu đào tạo?', 'rating', 'Câu hỏi khảo sát định kỳ', 'SQG009', TRUE, '2026-06-12 15:45:00', '2026-06-12 15:45:00', NULL),
    ('SQ030', 'CHKS030', 'Quy trình coi thi được tổ chức nghiêm túc?', 'single_choice', 'Câu hỏi khảo sát định kỳ', 'SQG005', TRUE, '2026-06-12 15:45:00', '2026-06-12 15:45:00', NULL),
    ('SQ031', 'CHKS031', 'Hình thức kiểm tra đánh giá phản ánh đúng năng lực người học?', 'rating', 'Câu hỏi khảo sát định kỳ', 'SQG005', TRUE, '2026-06-12 15:45:00', '2026-06-12 15:45:00', NULL),
    ('SQ032', 'CHKS032', 'Lịch thi được thông báo kịp thời và rõ ràng?', 'single_choice', 'Câu hỏi khảo sát định kỳ', 'SQG008', TRUE, '2026-06-12 15:45:00', '2026-06-12 15:45:00', NULL),
    ('SQ033', 'CHKS033', 'Mức độ phù hợp của nội dung học phần với mục tiêu đào tạo?', 'text', 'Câu hỏi khảo sát định kỳ', 'SQG009', TRUE, '2026-06-12 15:45:00', '2026-06-12 15:45:00', NULL),
    ('SQ034', 'CHKS034', 'Quy trình coi thi được tổ chức nghiêm túc?', 'multiple_choice', 'Câu hỏi khảo sát định kỳ', 'SQG001', TRUE, '2026-06-12 15:45:00', '2026-06-12 15:45:00', NULL),
    ('SQ035', 'CHKS035', 'Mức độ phù hợp của nội dung học phần với mục tiêu đào tạo?', 'multiple_choice', 'Câu hỏi khảo sát định kỳ', 'SQG006', TRUE, '2026-06-12 15:45:00', '2026-06-12 15:45:00', NULL),
    ('SQ036', 'CHKS036', 'Phòng học và thiết bị hỗ trợ học tập đáp ứng nhu cầu?', 'single_choice', 'Câu hỏi khảo sát định kỳ', 'SQG008', TRUE, '2026-06-12 15:45:00', '2026-06-12 15:45:00', NULL),
    ('SQ037', 'CHKS037', 'Đề thi có độ khó phù hợp với nội dung đã học?', 'rating', 'Câu hỏi khảo sát định kỳ', 'SQG004', TRUE, '2026-06-12 15:45:00', '2026-06-12 15:45:00', NULL),
    ('SQ038', 'CHKS038', 'Bạn có góp ý gì để cải thiện học phần/dịch vụ?', 'text', 'Câu hỏi khảo sát định kỳ', 'SQG006', TRUE, '2026-06-12 15:45:00', '2026-06-12 15:45:00', NULL),
    ('SQ039', 'CHKS039', 'Mức độ phù hợp của nội dung học phần với mục tiêu đào tạo?', 'multiple_choice', 'Câu hỏi khảo sát định kỳ', 'SQG005', TRUE, '2026-06-12 15:45:00', '2026-06-12 15:45:00', NULL),
    ('SQ040', 'CHKS040', 'Phòng học và thiết bị hỗ trợ học tập đáp ứng nhu cầu?', 'single_choice', 'Câu hỏi khảo sát định kỳ', 'SQG006', TRUE, '2026-06-12 15:45:00', '2026-06-12 15:45:00', NULL),
    ('SQ041', 'CHKS041', 'Giảng viên trình bày bài học rõ ràng và dễ hiểu?', 'multiple_choice', 'Câu hỏi khảo sát định kỳ', 'SQG008', TRUE, '2026-06-12 15:45:00', '2026-06-12 15:45:00', NULL),
    ('SQ042', 'CHKS042', 'Bạn hài lòng với trải nghiệm học tập của học phần này?', 'text', 'Câu hỏi khảo sát định kỳ', 'SQG007', TRUE, '2026-06-12 15:45:00', '2026-06-12 15:45:00', NULL),
    ('SQ043', 'CHKS043', 'Phòng học và thiết bị hỗ trợ học tập đáp ứng nhu cầu?', 'single_choice', 'Câu hỏi khảo sát định kỳ', 'SQG010', TRUE, '2026-06-12 15:45:00', '2026-06-12 15:45:00', NULL),
    ('SQ044', 'CHKS044', 'Tài liệu học tập được cung cấp đầy đủ?', 'single_choice', 'Câu hỏi khảo sát định kỳ', 'SQG007', TRUE, '2026-06-12 15:45:00', '2026-06-12 15:45:00', NULL),
    ('SQ045', 'CHKS045', 'Giảng viên trình bày bài học rõ ràng và dễ hiểu?', 'single_choice', 'Câu hỏi khảo sát định kỳ', 'SQG007', TRUE, '2026-06-12 15:45:00', '2026-06-12 15:45:00', NULL),
    ('SQ046', 'CHKS046', 'Quy trình coi thi được tổ chức nghiêm túc?', 'rating', 'Câu hỏi khảo sát định kỳ', 'SQG001', TRUE, '2026-06-12 15:45:00', '2026-06-12 15:45:00', NULL),
    ('SQ047', 'CHKS047', 'Mức độ phù hợp của nội dung học phần với mục tiêu đào tạo?', 'rating', 'Câu hỏi khảo sát định kỳ', 'SQG008', TRUE, '2026-06-12 15:45:00', '2026-06-12 15:45:00', NULL),
    ('SQ048', 'CHKS048', 'Quy trình coi thi được tổ chức nghiêm túc?', 'rating', 'Câu hỏi khảo sát định kỳ', 'SQG010', TRUE, '2026-06-12 15:45:00', '2026-06-12 15:45:00', NULL),
    ('SQ049', 'CHKS049', 'Mức độ phù hợp của nội dung học phần với mục tiêu đào tạo?', 'single_choice', 'Câu hỏi khảo sát định kỳ', 'SQG005', TRUE, '2026-06-12 15:45:00', '2026-06-12 15:45:00', NULL),
    ('SQ050', 'CHKS050', 'Mức độ phù hợp của nội dung học phần với mục tiêu đào tạo?', 'text', 'Câu hỏi khảo sát định kỳ', 'SQG006', TRUE, '2026-06-12 15:45:00', '2026-06-12 15:45:00', NULL),
    ('SQ051', 'CHKS051', 'Bạn có góp ý gì để cải thiện học phần/dịch vụ?', 'single_choice', 'Câu hỏi khảo sát định kỳ', 'SQG006', TRUE, '2026-06-12 15:45:00', '2026-06-12 15:45:00', NULL),
    ('SQ052', 'CHKS052', 'Đề thi có độ khó phù hợp với nội dung đã học?', 'rating', 'Câu hỏi khảo sát định kỳ', 'SQG009', TRUE, '2026-06-12 15:45:00', '2026-06-12 15:45:00', NULL),
    ('SQ053', 'CHKS053', 'Lịch thi được thông báo kịp thời và rõ ràng?', 'multiple_choice', 'Câu hỏi khảo sát định kỳ', 'SQG009', TRUE, '2026-06-12 15:45:00', '2026-06-12 15:45:00', NULL),
    ('SQ054', 'CHKS054', 'Lịch thi được thông báo kịp thời và rõ ràng?', 'rating', 'Câu hỏi khảo sát định kỳ', 'SQG003', TRUE, '2026-06-12 15:45:00', '2026-06-12 15:45:00', NULL),
    ('SQ055', 'CHKS055', 'Phòng học và thiết bị hỗ trợ học tập đáp ứng nhu cầu?', 'text', 'Câu hỏi khảo sát định kỳ', 'SQG004', TRUE, '2026-06-12 15:45:00', '2026-06-12 15:45:00', NULL),
    ('SQ056', 'CHKS056', 'Mức độ phù hợp của nội dung học phần với mục tiêu đào tạo?', 'multiple_choice', 'Câu hỏi khảo sát định kỳ', 'SQG009', TRUE, '2026-06-12 15:45:00', '2026-06-12 15:45:00', NULL),
    ('SQ057', 'CHKS057', 'Tài liệu học tập được cung cấp đầy đủ?', 'multiple_choice', 'Câu hỏi khảo sát định kỳ', 'SQG002', TRUE, '2026-06-12 15:45:00', '2026-06-12 15:45:00', NULL),
    ('SQ058', 'CHKS058', 'Hình thức kiểm tra đánh giá phản ánh đúng năng lực người học?', 'multiple_choice', 'Câu hỏi khảo sát định kỳ', 'SQG008', TRUE, '2026-06-12 15:45:00', '2026-06-12 15:45:00', NULL),
    ('SQ059', 'CHKS059', 'Lịch thi được thông báo kịp thời và rõ ràng?', 'single_choice', 'Câu hỏi khảo sát định kỳ', 'SQG004', TRUE, '2026-06-12 15:45:00', '2026-06-12 15:45:00', NULL),
    ('SQ060', 'CHKS060', 'Đề thi có độ khó phù hợp với nội dung đã học?', 'text', 'Câu hỏi khảo sát định kỳ', 'SQG007', TRUE, '2026-06-12 15:45:00', '2026-06-12 15:45:00', NULL);

INSERT INTO surveys (id, code, name, description, start_date, end_date, is_public, anonymous, survey_topic_id, cluster_survey_id, survey_object_type_id, active, created_at, updated_at, created_by) VALUES
    ('SV001', 'KS001', 'Khảo sát học kỳ 1 - 1', 'Đợt khảo sát lấy ý kiến người học', '2026-06-07 15:45:00', '2026-06-19 15:45:00', TRUE, TRUE, 'ST004', 'CS002', 'SOT002', TRUE, '2026-06-12 15:45:00', '2026-06-12 15:45:00', NULL),
    ('SV002', 'KS002', 'Khảo sát học kỳ 2 - 2', 'Đợt khảo sát lấy ý kiến người học', '2026-04-28 15:45:00', '2026-06-04 15:45:00', TRUE, FALSE, 'ST004', 'CS006', 'SOT002', TRUE, '2026-06-12 15:45:00', '2026-06-12 15:45:00', NULL),
    ('SV003', 'KS003', 'Khảo sát học kỳ hè - 3', 'Đợt khảo sát lấy ý kiến người học', '2026-07-10 15:45:00', '2026-08-05 15:45:00', FALSE, TRUE, 'ST005', 'CS005', 'SOT003', TRUE, '2026-06-12 15:45:00', '2026-06-12 15:45:00', NULL),
    ('SV004', 'KS004', 'Khảo sát học kỳ hè - 4', 'Đợt khảo sát lấy ý kiến người học', '2026-05-03 15:45:00', '2026-05-14 15:45:00', FALSE, FALSE, 'ST006', 'CS011', 'SOT001', TRUE, '2026-06-12 15:45:00', '2026-06-12 15:45:00', NULL),
    ('SV005', 'KS005', 'Khảo sát học kỳ hè - 5', 'Đợt khảo sát lấy ý kiến người học', '2026-05-06 15:45:00', '2026-05-31 15:45:00', FALSE, TRUE, 'ST003', 'CS001', 'SOT003', TRUE, '2026-06-12 15:45:00', '2026-06-12 15:45:00', NULL),
    ('SV006', 'KS006', 'Khảo sát học kỳ hè - 6', 'Đợt khảo sát lấy ý kiến người học', '2026-05-18 15:45:00', '2026-06-14 15:45:00', FALSE, TRUE, 'ST006', 'CS001', 'SOT003', TRUE, '2026-06-12 15:45:00', '2026-06-12 15:45:00', NULL),
    ('SV007', 'KS007', 'Khảo sát học kỳ 1 - 7', 'Đợt khảo sát lấy ý kiến người học', '2026-05-03 15:45:00', '2026-05-13 15:45:00', TRUE, FALSE, 'ST007', 'CS003', 'SOT003', TRUE, '2026-06-12 15:45:00', '2026-06-12 15:45:00', NULL),
    ('SV008', 'KS008', 'Khảo sát học kỳ 1 - 8', 'Đợt khảo sát lấy ý kiến người học', '2026-06-25 15:45:00', '2026-07-23 15:45:00', TRUE, FALSE, 'ST006', 'CS011', 'SOT003', TRUE, '2026-06-12 15:45:00', '2026-06-12 15:45:00', NULL),
    ('SV009', 'KS009', 'Khảo sát học kỳ 2 - 9', 'Đợt khảo sát lấy ý kiến người học', '2026-04-19 15:45:00', '2026-05-10 15:45:00', TRUE, FALSE, 'ST007', 'CS004', 'SOT001', TRUE, '2026-06-12 15:45:00', '2026-06-12 15:45:00', NULL),
    ('SV010', 'KS010', 'Khảo sát học kỳ 1 - 10', 'Đợt khảo sát lấy ý kiến người học', '2026-06-16 15:45:00', '2026-07-09 15:45:00', FALSE, TRUE, 'ST008', 'CS009', 'SOT002', TRUE, '2026-06-12 15:45:00', '2026-06-12 15:45:00', NULL),
    ('SV011', 'KS011', 'Khảo sát học kỳ 2 - 11', 'Đợt khảo sát lấy ý kiến người học', '2026-06-21 15:45:00', '2026-07-10 15:45:00', FALSE, TRUE, 'ST003', 'CS003', 'SOT002', TRUE, '2026-06-12 15:45:00', '2026-06-12 15:45:00', NULL),
    ('SV012', 'KS012', 'Khảo sát học kỳ 1 - 12', 'Đợt khảo sát lấy ý kiến người học', '2026-06-25 15:45:00', '2026-07-27 15:45:00', FALSE, FALSE, 'ST008', 'CS006', 'SOT002', TRUE, '2026-06-12 15:45:00', '2026-06-12 15:45:00', NULL),
    ('SV013', 'KS013', 'Khảo sát học kỳ hè - 13', 'Đợt khảo sát lấy ý kiến người học', '2026-06-08 15:45:00', '2026-07-12 15:45:00', FALSE, TRUE, 'ST003', 'CS005', 'SOT002', TRUE, '2026-06-12 15:45:00', '2026-06-12 15:45:00', NULL),
    ('SV014', 'KS014', 'Khảo sát học kỳ 2 - 14', 'Đợt khảo sát lấy ý kiến người học', '2026-05-18 15:45:00', '2026-05-29 15:45:00', TRUE, TRUE, 'ST002', 'CS001', 'SOT001', TRUE, '2026-06-12 15:45:00', '2026-06-12 15:45:00', NULL),
    ('SV015', 'KS015', 'Khảo sát học kỳ 2 - 15', 'Đợt khảo sát lấy ý kiến người học', '2026-07-03 15:45:00', '2026-08-10 15:45:00', FALSE, TRUE, 'ST006', 'CS006', 'SOT001', TRUE, '2026-06-12 15:45:00', '2026-06-12 15:45:00', NULL);

INSERT INTO survey_sessions (id, code, survey_id, user_id, hoc_vien_id, survey_object_type_id, is_completed, completed_at, description, active, created_at, updated_at, created_by) VALUES
    ('SS0001', 'PHKS0001', 'SV010', NULL, 'HV004', 'SOT001', TRUE, '2026-06-12 15:45:00', 'Phiên làm khảo sát', TRUE, '2026-06-12 15:45:00', '2026-06-12 15:45:00', NULL),
    ('SS0002', 'PHKS0002', 'SV006', NULL, 'HV033', 'SOT001', TRUE, '2026-06-12 15:45:00', 'Phiên làm khảo sát', TRUE, '2026-06-12 15:45:00', '2026-06-12 15:45:00', NULL),
    ('SS0003', 'PHKS0003', 'SV015', NULL, 'HV006', 'SOT001', FALSE, NULL, 'Phiên làm khảo sát', TRUE, '2026-06-12 15:45:00', '2026-06-12 15:45:00', NULL),
    ('SS0004', 'PHKS0004', 'SV006', NULL, 'HV001', 'SOT001', TRUE, '2026-06-12 15:45:00', 'Phiên làm khảo sát', TRUE, '2026-06-12 15:45:00', '2026-06-12 15:45:00', NULL),
    ('SS0005', 'PHKS0005', 'SV006', NULL, 'HV026', 'SOT001', TRUE, '2026-06-12 15:45:00', 'Phiên làm khảo sát', TRUE, '2026-06-12 15:45:00', '2026-06-12 15:45:00', NULL),
    ('SS0006', 'PHKS0006', 'SV010', NULL, 'HV023', 'SOT001', TRUE, '2026-06-12 15:45:00', 'Phiên làm khảo sát', TRUE, '2026-06-12 15:45:00', '2026-06-12 15:45:00', NULL),
    ('SS0007', 'PHKS0007', 'SV006', NULL, 'HV034', 'SOT001', TRUE, '2026-06-12 15:45:00', 'Phiên làm khảo sát', TRUE, '2026-06-12 15:45:00', '2026-06-12 15:45:00', NULL),
    ('SS0008', 'PHKS0008', 'SV015', NULL, 'HV018', 'SOT001', FALSE, NULL, 'Phiên làm khảo sát', TRUE, '2026-06-12 15:45:00', '2026-06-12 15:45:00', NULL),
    ('SS0009', 'PHKS0009', 'SV014', NULL, 'HV042', 'SOT001', FALSE, NULL, 'Phiên làm khảo sát', TRUE, '2026-06-12 15:45:00', '2026-06-12 15:45:00', NULL),
    ('SS0010', 'PHKS0010', 'SV008', NULL, 'HV030', 'SOT001', TRUE, '2026-06-12 15:45:00', 'Phiên làm khảo sát', TRUE, '2026-06-12 15:45:00', '2026-06-12 15:45:00', NULL),
    ('SS0011', 'PHKS0011', 'SV005', NULL, 'HV047', 'SOT001', TRUE, '2026-06-12 15:45:00', 'Phiên làm khảo sát', TRUE, '2026-06-12 15:45:00', '2026-06-12 15:45:00', NULL),
    ('SS0012', 'PHKS0012', 'SV001', NULL, 'HV015', 'SOT001', FALSE, NULL, 'Phiên làm khảo sát', TRUE, '2026-06-12 15:45:00', '2026-06-12 15:45:00', NULL),
    ('SS0013', 'PHKS0013', 'SV003', NULL, 'HV042', 'SOT001', TRUE, '2026-06-12 15:45:00', 'Phiên làm khảo sát', TRUE, '2026-06-12 15:45:00', '2026-06-12 15:45:00', NULL),
    ('SS0014', 'PHKS0014', 'SV011', NULL, 'HV049', 'SOT001', TRUE, '2026-06-12 15:45:00', 'Phiên làm khảo sát', TRUE, '2026-06-12 15:45:00', '2026-06-12 15:45:00', NULL),
    ('SS0015', 'PHKS0015', 'SV003', NULL, 'HV022', 'SOT001', TRUE, '2026-06-12 15:45:00', 'Phiên làm khảo sát', TRUE, '2026-06-12 15:45:00', '2026-06-12 15:45:00', NULL),
    ('SS0016', 'PHKS0016', 'SV003', NULL, 'HV020', 'SOT001', TRUE, '2026-06-12 15:45:00', 'Phiên làm khảo sát', TRUE, '2026-06-12 15:45:00', '2026-06-12 15:45:00', NULL),
    ('SS0017', 'PHKS0017', 'SV013', NULL, 'HV046', 'SOT001', TRUE, '2026-06-12 15:45:00', 'Phiên làm khảo sát', TRUE, '2026-06-12 15:45:00', '2026-06-12 15:45:00', NULL),
    ('SS0018', 'PHKS0018', 'SV014', NULL, 'HV019', 'SOT001', TRUE, '2026-06-12 15:45:00', 'Phiên làm khảo sát', TRUE, '2026-06-12 15:45:00', '2026-06-12 15:45:00', NULL),
    ('SS0019', 'PHKS0019', 'SV007', NULL, 'HV004', 'SOT001', FALSE, NULL, 'Phiên làm khảo sát', TRUE, '2026-06-12 15:45:00', '2026-06-12 15:45:00', NULL),
    ('SS0020', 'PHKS0020', 'SV005', NULL, 'HV003', 'SOT001', TRUE, '2026-06-12 15:45:00', 'Phiên làm khảo sát', TRUE, '2026-06-12 15:45:00', '2026-06-12 15:45:00', NULL),
    ('SS0021', 'PHKS0021', 'SV003', NULL, 'HV038', 'SOT001', TRUE, '2026-06-12 15:45:00', 'Phiên làm khảo sát', TRUE, '2026-06-12 15:45:00', '2026-06-12 15:45:00', NULL),
    ('SS0022', 'PHKS0022', 'SV011', NULL, 'HV005', 'SOT001', TRUE, '2026-06-12 15:45:00', 'Phiên làm khảo sát', TRUE, '2026-06-12 15:45:00', '2026-06-12 15:45:00', NULL),
    ('SS0023', 'PHKS0023', 'SV012', NULL, 'HV026', 'SOT001', TRUE, '2026-06-12 15:45:00', 'Phiên làm khảo sát', TRUE, '2026-06-12 15:45:00', '2026-06-12 15:45:00', NULL),
    ('SS0024', 'PHKS0024', 'SV014', NULL, 'HV032', 'SOT001', FALSE, NULL, 'Phiên làm khảo sát', TRUE, '2026-06-12 15:45:00', '2026-06-12 15:45:00', NULL),
    ('SS0025', 'PHKS0025', 'SV015', NULL, 'HV018', 'SOT001', TRUE, '2026-06-12 15:45:00', 'Phiên làm khảo sát', TRUE, '2026-06-12 15:45:00', '2026-06-12 15:45:00', NULL),
    ('SS0026', 'PHKS0026', 'SV004', NULL, 'HV034', 'SOT001', TRUE, '2026-06-12 15:45:00', 'Phiên làm khảo sát', TRUE, '2026-06-12 15:45:00', '2026-06-12 15:45:00', NULL),
    ('SS0027', 'PHKS0027', 'SV015', NULL, 'HV022', 'SOT001', FALSE, NULL, 'Phiên làm khảo sát', TRUE, '2026-06-12 15:45:00', '2026-06-12 15:45:00', NULL),
    ('SS0028', 'PHKS0028', 'SV002', NULL, 'HV047', 'SOT001', TRUE, '2026-06-12 15:45:00', 'Phiên làm khảo sát', TRUE, '2026-06-12 15:45:00', '2026-06-12 15:45:00', NULL),
    ('SS0029', 'PHKS0029', 'SV004', NULL, 'HV041', 'SOT001', TRUE, '2026-06-12 15:45:00', 'Phiên làm khảo sát', TRUE, '2026-06-12 15:45:00', '2026-06-12 15:45:00', NULL),
    ('SS0030', 'PHKS0030', 'SV007', NULL, 'HV017', 'SOT001', FALSE, NULL, 'Phiên làm khảo sát', TRUE, '2026-06-12 15:45:00', '2026-06-12 15:45:00', NULL),
    ('SS0031', 'PHKS0031', 'SV003', NULL, 'HV029', 'SOT001', FALSE, NULL, 'Phiên làm khảo sát', TRUE, '2026-06-12 15:45:00', '2026-06-12 15:45:00', NULL),
    ('SS0032', 'PHKS0032', 'SV003', NULL, 'HV030', 'SOT001', TRUE, '2026-06-12 15:45:00', 'Phiên làm khảo sát', TRUE, '2026-06-12 15:45:00', '2026-06-12 15:45:00', NULL),
    ('SS0033', 'PHKS0033', 'SV014', NULL, 'HV007', 'SOT001', TRUE, '2026-06-12 15:45:00', 'Phiên làm khảo sát', TRUE, '2026-06-12 15:45:00', '2026-06-12 15:45:00', NULL),
    ('SS0034', 'PHKS0034', 'SV015', NULL, 'HV005', 'SOT001', TRUE, '2026-06-12 15:45:00', 'Phiên làm khảo sát', TRUE, '2026-06-12 15:45:00', '2026-06-12 15:45:00', NULL),
    ('SS0035', 'PHKS0035', 'SV013', NULL, 'HV029', 'SOT001', TRUE, '2026-06-12 15:45:00', 'Phiên làm khảo sát', TRUE, '2026-06-12 15:45:00', '2026-06-12 15:45:00', NULL),
    ('SS0036', 'PHKS0036', 'SV005', NULL, 'HV006', 'SOT001', TRUE, '2026-06-12 15:45:00', 'Phiên làm khảo sát', TRUE, '2026-06-12 15:45:00', '2026-06-12 15:45:00', NULL),
    ('SS0037', 'PHKS0037', 'SV006', NULL, 'HV042', 'SOT001', TRUE, '2026-06-12 15:45:00', 'Phiên làm khảo sát', TRUE, '2026-06-12 15:45:00', '2026-06-12 15:45:00', NULL),
    ('SS0038', 'PHKS0038', 'SV007', NULL, 'HV041', 'SOT001', TRUE, '2026-06-12 15:45:00', 'Phiên làm khảo sát', TRUE, '2026-06-12 15:45:00', '2026-06-12 15:45:00', NULL),
    ('SS0039', 'PHKS0039', 'SV003', NULL, 'HV016', 'SOT001', TRUE, '2026-06-12 15:45:00', 'Phiên làm khảo sát', TRUE, '2026-06-12 15:45:00', '2026-06-12 15:45:00', NULL),
    ('SS0040', 'PHKS0040', 'SV015', NULL, 'HV023', 'SOT001', TRUE, '2026-06-12 15:45:00', 'Phiên làm khảo sát', TRUE, '2026-06-12 15:45:00', '2026-06-12 15:45:00', NULL),
    ('SS0041', 'PHKS0041', 'SV006', NULL, 'HV039', 'SOT001', TRUE, '2026-06-12 15:45:00', 'Phiên làm khảo sát', TRUE, '2026-06-12 15:45:00', '2026-06-12 15:45:00', NULL),
    ('SS0042', 'PHKS0042', 'SV003', NULL, 'HV048', 'SOT001', TRUE, '2026-06-12 15:45:00', 'Phiên làm khảo sát', TRUE, '2026-06-12 15:45:00', '2026-06-12 15:45:00', NULL),
    ('SS0043', 'PHKS0043', 'SV008', NULL, 'HV007', 'SOT001', FALSE, NULL, 'Phiên làm khảo sát', TRUE, '2026-06-12 15:45:00', '2026-06-12 15:45:00', NULL),
    ('SS0044', 'PHKS0044', 'SV005', NULL, 'HV014', 'SOT001', TRUE, '2026-06-12 15:45:00', 'Phiên làm khảo sát', TRUE, '2026-06-12 15:45:00', '2026-06-12 15:45:00', NULL),
    ('SS0045', 'PHKS0045', 'SV005', NULL, 'HV022', 'SOT001', TRUE, '2026-06-12 15:45:00', 'Phiên làm khảo sát', TRUE, '2026-06-12 15:45:00', '2026-06-12 15:45:00', NULL),
    ('SS0046', 'PHKS0046', 'SV004', NULL, 'HV045', 'SOT001', TRUE, '2026-06-12 15:45:00', 'Phiên làm khảo sát', TRUE, '2026-06-12 15:45:00', '2026-06-12 15:45:00', NULL),
    ('SS0047', 'PHKS0047', 'SV010', NULL, 'HV011', 'SOT001', TRUE, '2026-06-12 15:45:00', 'Phiên làm khảo sát', TRUE, '2026-06-12 15:45:00', '2026-06-12 15:45:00', NULL),
    ('SS0048', 'PHKS0048', 'SV009', NULL, 'HV023', 'SOT001', FALSE, NULL, 'Phiên làm khảo sát', TRUE, '2026-06-12 15:45:00', '2026-06-12 15:45:00', NULL),
    ('SS0049', 'PHKS0049', 'SV002', NULL, 'HV021', 'SOT001', TRUE, '2026-06-12 15:45:00', 'Phiên làm khảo sát', TRUE, '2026-06-12 15:45:00', '2026-06-12 15:45:00', NULL),
    ('SS0050', 'PHKS0050', 'SV013', NULL, 'HV030', 'SOT001', TRUE, '2026-06-12 15:45:00', 'Phiên làm khảo sát', TRUE, '2026-06-12 15:45:00', '2026-06-12 15:45:00', NULL),
    ('SS0051', 'PHKS0051', 'SV008', NULL, 'HV020', 'SOT001', TRUE, '2026-06-12 15:45:00', 'Phiên làm khảo sát', TRUE, '2026-06-12 15:45:00', '2026-06-12 15:45:00', NULL),
    ('SS0052', 'PHKS0052', 'SV009', NULL, 'HV015', 'SOT001', TRUE, '2026-06-12 15:45:00', 'Phiên làm khảo sát', TRUE, '2026-06-12 15:45:00', '2026-06-12 15:45:00', NULL),
    ('SS0053', 'PHKS0053', 'SV007', NULL, 'HV049', 'SOT001', TRUE, '2026-06-12 15:45:00', 'Phiên làm khảo sát', TRUE, '2026-06-12 15:45:00', '2026-06-12 15:45:00', NULL),
    ('SS0054', 'PHKS0054', 'SV013', NULL, 'HV020', 'SOT001', TRUE, '2026-06-12 15:45:00', 'Phiên làm khảo sát', TRUE, '2026-06-12 15:45:00', '2026-06-12 15:45:00', NULL),
    ('SS0055', 'PHKS0055', 'SV006', NULL, 'HV009', 'SOT001', TRUE, '2026-06-12 15:45:00', 'Phiên làm khảo sát', TRUE, '2026-06-12 15:45:00', '2026-06-12 15:45:00', NULL),
    ('SS0056', 'PHKS0056', 'SV007', NULL, 'HV034', 'SOT001', TRUE, '2026-06-12 15:45:00', 'Phiên làm khảo sát', TRUE, '2026-06-12 15:45:00', '2026-06-12 15:45:00', NULL),
    ('SS0057', 'PHKS0057', 'SV013', NULL, 'HV016', 'SOT001', TRUE, '2026-06-12 15:45:00', 'Phiên làm khảo sát', TRUE, '2026-06-12 15:45:00', '2026-06-12 15:45:00', NULL),
    ('SS0058', 'PHKS0058', 'SV015', NULL, 'HV032', 'SOT001', TRUE, '2026-06-12 15:45:00', 'Phiên làm khảo sát', TRUE, '2026-06-12 15:45:00', '2026-06-12 15:45:00', NULL),
    ('SS0059', 'PHKS0059', 'SV008', NULL, 'HV024', 'SOT001', TRUE, '2026-06-12 15:45:00', 'Phiên làm khảo sát', TRUE, '2026-06-12 15:45:00', '2026-06-12 15:45:00', NULL),
    ('SS0060', 'PHKS0060', 'SV001', NULL, 'HV001', 'SOT001', TRUE, '2026-06-12 15:45:00', 'Phiên làm khảo sát', TRUE, '2026-06-12 15:45:00', '2026-06-12 15:45:00', NULL),
    ('SS0061', 'PHKS0061', 'SV010', NULL, 'HV038', 'SOT001', FALSE, NULL, 'Phiên làm khảo sát', TRUE, '2026-06-12 15:45:00', '2026-06-12 15:45:00', NULL),
    ('SS0062', 'PHKS0062', 'SV005', NULL, 'HV021', 'SOT001', FALSE, NULL, 'Phiên làm khảo sát', TRUE, '2026-06-12 15:45:00', '2026-06-12 15:45:00', NULL),
    ('SS0063', 'PHKS0063', 'SV002', NULL, 'HV038', 'SOT001', TRUE, '2026-06-12 15:45:00', 'Phiên làm khảo sát', TRUE, '2026-06-12 15:45:00', '2026-06-12 15:45:00', NULL),
    ('SS0064', 'PHKS0064', 'SV007', NULL, 'HV036', 'SOT001', TRUE, '2026-06-12 15:45:00', 'Phiên làm khảo sát', TRUE, '2026-06-12 15:45:00', '2026-06-12 15:45:00', NULL),
    ('SS0065', 'PHKS0065', 'SV002', NULL, 'HV005', 'SOT001', TRUE, '2026-06-12 15:45:00', 'Phiên làm khảo sát', TRUE, '2026-06-12 15:45:00', '2026-06-12 15:45:00', NULL),
    ('SS0066', 'PHKS0066', 'SV008', NULL, 'HV014', 'SOT001', TRUE, '2026-06-12 15:45:00', 'Phiên làm khảo sát', TRUE, '2026-06-12 15:45:00', '2026-06-12 15:45:00', NULL),
    ('SS0067', 'PHKS0067', 'SV009', NULL, 'HV002', 'SOT001', TRUE, '2026-06-12 15:45:00', 'Phiên làm khảo sát', TRUE, '2026-06-12 15:45:00', '2026-06-12 15:45:00', NULL),
    ('SS0068', 'PHKS0068', 'SV014', NULL, 'HV013', 'SOT001', TRUE, '2026-06-12 15:45:00', 'Phiên làm khảo sát', TRUE, '2026-06-12 15:45:00', '2026-06-12 15:45:00', NULL),
    ('SS0069', 'PHKS0069', 'SV001', NULL, 'HV011', 'SOT001', TRUE, '2026-06-12 15:45:00', 'Phiên làm khảo sát', TRUE, '2026-06-12 15:45:00', '2026-06-12 15:45:00', NULL),
    ('SS0070', 'PHKS0070', 'SV008', NULL, 'HV007', 'SOT001', TRUE, '2026-06-12 15:45:00', 'Phiên làm khảo sát', TRUE, '2026-06-12 15:45:00', '2026-06-12 15:45:00', NULL),
    ('SS0071', 'PHKS0071', 'SV004', NULL, 'HV002', 'SOT001', TRUE, '2026-06-12 15:45:00', 'Phiên làm khảo sát', TRUE, '2026-06-12 15:45:00', '2026-06-12 15:45:00', NULL),
    ('SS0072', 'PHKS0072', 'SV004', NULL, 'HV010', 'SOT001', FALSE, NULL, 'Phiên làm khảo sát', TRUE, '2026-06-12 15:45:00', '2026-06-12 15:45:00', NULL),
    ('SS0073', 'PHKS0073', 'SV005', NULL, 'HV012', 'SOT001', TRUE, '2026-06-12 15:45:00', 'Phiên làm khảo sát', TRUE, '2026-06-12 15:45:00', '2026-06-12 15:45:00', NULL),
    ('SS0074', 'PHKS0074', 'SV014', NULL, 'HV032', 'SOT001', TRUE, '2026-06-12 15:45:00', 'Phiên làm khảo sát', TRUE, '2026-06-12 15:45:00', '2026-06-12 15:45:00', NULL),
    ('SS0075', 'PHKS0075', 'SV015', NULL, 'HV029', 'SOT001', TRUE, '2026-06-12 15:45:00', 'Phiên làm khảo sát', TRUE, '2026-06-12 15:45:00', '2026-06-12 15:45:00', NULL),
    ('SS0076', 'PHKS0076', 'SV008', NULL, 'HV015', 'SOT001', TRUE, '2026-06-12 15:45:00', 'Phiên làm khảo sát', TRUE, '2026-06-12 15:45:00', '2026-06-12 15:45:00', NULL),
    ('SS0077', 'PHKS0077', 'SV003', NULL, 'HV038', 'SOT001', FALSE, NULL, 'Phiên làm khảo sát', TRUE, '2026-06-12 15:45:00', '2026-06-12 15:45:00', NULL),
    ('SS0078', 'PHKS0078', 'SV004', NULL, 'HV050', 'SOT001', TRUE, '2026-06-12 15:45:00', 'Phiên làm khảo sát', TRUE, '2026-06-12 15:45:00', '2026-06-12 15:45:00', NULL),
    ('SS0079', 'PHKS0079', 'SV008', NULL, 'HV010', 'SOT001', TRUE, '2026-06-12 15:45:00', 'Phiên làm khảo sát', TRUE, '2026-06-12 15:45:00', '2026-06-12 15:45:00', NULL),
    ('SS0080', 'PHKS0080', 'SV013', NULL, 'HV016', 'SOT001', FALSE, NULL, 'Phiên làm khảo sát', TRUE, '2026-06-12 15:45:00', '2026-06-12 15:45:00', NULL),
    ('SS0081', 'PHKS0081', 'SV002', NULL, 'HV022', 'SOT001', TRUE, '2026-06-12 15:45:00', 'Phiên làm khảo sát', TRUE, '2026-06-12 15:45:00', '2026-06-12 15:45:00', NULL),
    ('SS0082', 'PHKS0082', 'SV002', NULL, 'HV010', 'SOT001', TRUE, '2026-06-12 15:45:00', 'Phiên làm khảo sát', TRUE, '2026-06-12 15:45:00', '2026-06-12 15:45:00', NULL),
    ('SS0083', 'PHKS0083', 'SV004', NULL, 'HV037', 'SOT001', FALSE, NULL, 'Phiên làm khảo sát', TRUE, '2026-06-12 15:45:00', '2026-06-12 15:45:00', NULL),
    ('SS0084', 'PHKS0084', 'SV009', NULL, 'HV025', 'SOT001', TRUE, '2026-06-12 15:45:00', 'Phiên làm khảo sát', TRUE, '2026-06-12 15:45:00', '2026-06-12 15:45:00', NULL),
    ('SS0085', 'PHKS0085', 'SV003', NULL, 'HV004', 'SOT001', TRUE, '2026-06-12 15:45:00', 'Phiên làm khảo sát', TRUE, '2026-06-12 15:45:00', '2026-06-12 15:45:00', NULL),
    ('SS0086', 'PHKS0086', 'SV007', NULL, 'HV013', 'SOT001', TRUE, '2026-06-12 15:45:00', 'Phiên làm khảo sát', TRUE, '2026-06-12 15:45:00', '2026-06-12 15:45:00', NULL),
    ('SS0087', 'PHKS0087', 'SV007', NULL, 'HV016', 'SOT001', FALSE, NULL, 'Phiên làm khảo sát', TRUE, '2026-06-12 15:45:00', '2026-06-12 15:45:00', NULL),
    ('SS0088', 'PHKS0088', 'SV013', NULL, 'HV002', 'SOT001', TRUE, '2026-06-12 15:45:00', 'Phiên làm khảo sát', TRUE, '2026-06-12 15:45:00', '2026-06-12 15:45:00', NULL),
    ('SS0089', 'PHKS0089', 'SV014', NULL, 'HV043', 'SOT001', TRUE, '2026-06-12 15:45:00', 'Phiên làm khảo sát', TRUE, '2026-06-12 15:45:00', '2026-06-12 15:45:00', NULL),
    ('SS0090', 'PHKS0090', 'SV008', NULL, 'HV048', 'SOT001', TRUE, '2026-06-12 15:45:00', 'Phiên làm khảo sát', TRUE, '2026-06-12 15:45:00', '2026-06-12 15:45:00', NULL),
    ('SS0091', 'PHKS0091', 'SV007', NULL, 'HV010', 'SOT001', TRUE, '2026-06-12 15:45:00', 'Phiên làm khảo sát', TRUE, '2026-06-12 15:45:00', '2026-06-12 15:45:00', NULL),
    ('SS0092', 'PHKS0092', 'SV013', NULL, 'HV022', 'SOT001', FALSE, NULL, 'Phiên làm khảo sát', TRUE, '2026-06-12 15:45:00', '2026-06-12 15:45:00', NULL),
    ('SS0093', 'PHKS0093', 'SV015', NULL, 'HV029', 'SOT001', TRUE, '2026-06-12 15:45:00', 'Phiên làm khảo sát', TRUE, '2026-06-12 15:45:00', '2026-06-12 15:45:00', NULL),
    ('SS0094', 'PHKS0094', 'SV011', NULL, 'HV044', 'SOT001', TRUE, '2026-06-12 15:45:00', 'Phiên làm khảo sát', TRUE, '2026-06-12 15:45:00', '2026-06-12 15:45:00', NULL),
    ('SS0095', 'PHKS0095', 'SV003', NULL, 'HV015', 'SOT001', TRUE, '2026-06-12 15:45:00', 'Phiên làm khảo sát', TRUE, '2026-06-12 15:45:00', '2026-06-12 15:45:00', NULL),
    ('SS0096', 'PHKS0096', 'SV013', NULL, 'HV022', 'SOT001', TRUE, '2026-06-12 15:45:00', 'Phiên làm khảo sát', TRUE, '2026-06-12 15:45:00', '2026-06-12 15:45:00', NULL),
    ('SS0097', 'PHKS0097', 'SV005', NULL, 'HV007', 'SOT001', TRUE, '2026-06-12 15:45:00', 'Phiên làm khảo sát', TRUE, '2026-06-12 15:45:00', '2026-06-12 15:45:00', NULL),
    ('SS0098', 'PHKS0098', 'SV012', NULL, 'HV011', 'SOT001', TRUE, '2026-06-12 15:45:00', 'Phiên làm khảo sát', TRUE, '2026-06-12 15:45:00', '2026-06-12 15:45:00', NULL),
    ('SS0099', 'PHKS0099', 'SV011', NULL, 'HV002', 'SOT001', TRUE, '2026-06-12 15:45:00', 'Phiên làm khảo sát', TRUE, '2026-06-12 15:45:00', '2026-06-12 15:45:00', NULL),
    ('SS0100', 'PHKS0100', 'SV002', NULL, 'HV006', 'SOT001', FALSE, NULL, 'Phiên làm khảo sát', TRUE, '2026-06-12 15:45:00', '2026-06-12 15:45:00', NULL),
    ('SS0101', 'PHKS0101', 'SV004', NULL, 'HV030', 'SOT001', FALSE, NULL, 'Phiên làm khảo sát', TRUE, '2026-06-12 15:45:00', '2026-06-12 15:45:00', NULL),
    ('SS0102', 'PHKS0102', 'SV012', NULL, 'HV025', 'SOT001', TRUE, '2026-06-12 15:45:00', 'Phiên làm khảo sát', TRUE, '2026-06-12 15:45:00', '2026-06-12 15:45:00', NULL),
    ('SS0103', 'PHKS0103', 'SV010', NULL, 'HV041', 'SOT001', TRUE, '2026-06-12 15:45:00', 'Phiên làm khảo sát', TRUE, '2026-06-12 15:45:00', '2026-06-12 15:45:00', NULL),
    ('SS0104', 'PHKS0104', 'SV006', NULL, 'HV045', 'SOT001', FALSE, NULL, 'Phiên làm khảo sát', TRUE, '2026-06-12 15:45:00', '2026-06-12 15:45:00', NULL),
    ('SS0105', 'PHKS0105', 'SV008', NULL, 'HV004', 'SOT001', TRUE, '2026-06-12 15:45:00', 'Phiên làm khảo sát', TRUE, '2026-06-12 15:45:00', '2026-06-12 15:45:00', NULL),
    ('SS0106', 'PHKS0106', 'SV015', NULL, 'HV012', 'SOT001', TRUE, '2026-06-12 15:45:00', 'Phiên làm khảo sát', TRUE, '2026-06-12 15:45:00', '2026-06-12 15:45:00', NULL),
    ('SS0107', 'PHKS0107', 'SV012', NULL, 'HV046', 'SOT001', TRUE, '2026-06-12 15:45:00', 'Phiên làm khảo sát', TRUE, '2026-06-12 15:45:00', '2026-06-12 15:45:00', NULL),
    ('SS0108', 'PHKS0108', 'SV003', NULL, 'HV014', 'SOT001', TRUE, '2026-06-12 15:45:00', 'Phiên làm khảo sát', TRUE, '2026-06-12 15:45:00', '2026-06-12 15:45:00', NULL),
    ('SS0109', 'PHKS0109', 'SV002', NULL, 'HV013', 'SOT001', TRUE, '2026-06-12 15:45:00', 'Phiên làm khảo sát', TRUE, '2026-06-12 15:45:00', '2026-06-12 15:45:00', NULL),
    ('SS0110', 'PHKS0110', 'SV011', NULL, 'HV018', 'SOT001', TRUE, '2026-06-12 15:45:00', 'Phiên làm khảo sát', TRUE, '2026-06-12 15:45:00', '2026-06-12 15:45:00', NULL),
    ('SS0111', 'PHKS0111', 'SV004', NULL, 'HV023', 'SOT001', TRUE, '2026-06-12 15:45:00', 'Phiên làm khảo sát', TRUE, '2026-06-12 15:45:00', '2026-06-12 15:45:00', NULL),
    ('SS0112', 'PHKS0112', 'SV010', NULL, 'HV023', 'SOT001', FALSE, NULL, 'Phiên làm khảo sát', TRUE, '2026-06-12 15:45:00', '2026-06-12 15:45:00', NULL),
    ('SS0113', 'PHKS0113', 'SV001', NULL, 'HV037', 'SOT001', FALSE, NULL, 'Phiên làm khảo sát', TRUE, '2026-06-12 15:45:00', '2026-06-12 15:45:00', NULL),
    ('SS0114', 'PHKS0114', 'SV006', NULL, 'HV033', 'SOT001', TRUE, '2026-06-12 15:45:00', 'Phiên làm khảo sát', TRUE, '2026-06-12 15:45:00', '2026-06-12 15:45:00', NULL),
    ('SS0115', 'PHKS0115', 'SV006', NULL, 'HV041', 'SOT001', TRUE, '2026-06-12 15:45:00', 'Phiên làm khảo sát', TRUE, '2026-06-12 15:45:00', '2026-06-12 15:45:00', NULL),
    ('SS0116', 'PHKS0116', 'SV008', NULL, 'HV021', 'SOT001', TRUE, '2026-06-12 15:45:00', 'Phiên làm khảo sát', TRUE, '2026-06-12 15:45:00', '2026-06-12 15:45:00', NULL),
    ('SS0117', 'PHKS0117', 'SV014', NULL, 'HV041', 'SOT001', TRUE, '2026-06-12 15:45:00', 'Phiên làm khảo sát', TRUE, '2026-06-12 15:45:00', '2026-06-12 15:45:00', NULL),
    ('SS0118', 'PHKS0118', 'SV015', NULL, 'HV031', 'SOT001', FALSE, NULL, 'Phiên làm khảo sát', TRUE, '2026-06-12 15:45:00', '2026-06-12 15:45:00', NULL),
    ('SS0119', 'PHKS0119', 'SV002', NULL, 'HV014', 'SOT001', TRUE, '2026-06-12 15:45:00', 'Phiên làm khảo sát', TRUE, '2026-06-12 15:45:00', '2026-06-12 15:45:00', NULL),
    ('SS0120', 'PHKS0120', 'SV005', NULL, 'HV021', 'SOT001', TRUE, '2026-06-12 15:45:00', 'Phiên làm khảo sát', TRUE, '2026-06-12 15:45:00', '2026-06-12 15:45:00', NULL);

INSERT INTO survey_answers (id, survey_session_id, survey_question_id, rating_value, choice_value, text_value, created_at) VALUES
    (1, 'SS0001', 'SQ025', 4, NULL, NULL, '2026-06-12 15:45:00'),
    (2, 'SS0001', 'SQ040', NULL, 'C', NULL, '2026-06-12 15:45:00'),
    (3, 'SS0001', 'SQ056', NULL, 'A', NULL, '2026-06-12 15:45:00'),
    (4, 'SS0001', 'SQ006', 2, NULL, NULL, '2026-06-12 15:45:00'),
    (5, 'SS0001', 'SQ049', NULL, 'A', NULL, '2026-06-12 15:45:00'),
    (6, 'SS0001', 'SQ060', NULL, NULL, 'Sau gần trong mỗi để sẽ hơn giữa rất có là.', '2026-06-12 15:45:00'),
    (7, 'SS0001', 'SQ007', 5, NULL, NULL, '2026-06-12 15:45:00'),
    (8, 'SS0001', 'SQ048', 1, NULL, NULL, '2026-06-12 15:45:00'),
    (9, 'SS0001', 'SQ022', NULL, 'A', NULL, '2026-06-12 15:45:00'),
    (10, 'SS0001', 'SQ014', NULL, 'B', NULL, '2026-06-12 15:45:00'),
    (11, 'SS0002', 'SQ028', NULL, NULL, 'Đó rất làm với thì điều được đang một số với.', '2026-06-12 15:45:00'),
    (12, 'SS0002', 'SQ044', NULL, 'A', NULL, '2026-06-12 15:45:00'),
    (13, 'SS0002', 'SQ039', NULL, 'B', NULL, '2026-06-12 15:45:00'),
    (14, 'SS0002', 'SQ012', 5, NULL, NULL, '2026-06-12 15:45:00'),
    (15, 'SS0002', 'SQ045', NULL, 'A', NULL, '2026-06-12 15:45:00'),
    (16, 'SS0002', 'SQ041', NULL, 'D', NULL, '2026-06-12 15:45:00'),
    (17, 'SS0002', 'SQ020', NULL, 'C', NULL, '2026-06-12 15:45:00'),
    (18, 'SS0002', 'SQ040', NULL, 'C', NULL, '2026-06-12 15:45:00'),
    (19, 'SS0002', 'SQ034', NULL, 'D', NULL, '2026-06-12 15:45:00'),
    (20, 'SS0002', 'SQ007', 5, NULL, NULL, '2026-06-12 15:45:00'),
    (21, 'SS0002', 'SQ058', NULL, 'C', NULL, '2026-06-12 15:45:00'),
    (22, 'SS0002', 'SQ017', NULL, NULL, 'Của của theo cũng tự bên chưa mà số đúng điều với về các.', '2026-06-12 15:45:00'),
    (23, 'SS0003', 'SQ053', NULL, 'B', NULL, '2026-06-12 15:45:00'),
    (24, 'SS0003', 'SQ024', NULL, NULL, 'Của hoặc rất cái đi bạn nơi thế bạn giống cách mà đã.', '2026-06-12 15:45:00'),
    (25, 'SS0003', 'SQ028', NULL, NULL, 'Theo bạn để cách được vẫn từ bên dưới để.', '2026-06-12 15:45:00'),
    (26, 'SS0003', 'SQ013', 1, NULL, NULL, '2026-06-12 15:45:00'),
    (27, 'SS0003', 'SQ035', NULL, 'A', NULL, '2026-06-12 15:45:00'),
    (28, 'SS0003', 'SQ023', NULL, 'C', NULL, '2026-06-12 15:45:00'),
    (29, 'SS0003', 'SQ043', NULL, 'D', NULL, '2026-06-12 15:45:00'),
    (30, 'SS0003', 'SQ034', NULL, 'D', NULL, '2026-06-12 15:45:00'),
    (31, 'SS0003', 'SQ057', NULL, 'B', NULL, '2026-06-12 15:45:00'),
    (32, 'SS0003', 'SQ016', 4, NULL, NULL, '2026-06-12 15:45:00'),
    (33, 'SS0003', 'SQ019', NULL, 'C', NULL, '2026-06-12 15:45:00'),
    (34, 'SS0003', 'SQ014', NULL, 'A', NULL, '2026-06-12 15:45:00'),
    (35, 'SS0004', 'SQ052', 5, NULL, NULL, '2026-06-12 15:45:00'),
    (36, 'SS0004', 'SQ036', NULL, 'B', NULL, '2026-06-12 15:45:00'),
    (37, 'SS0004', 'SQ030', NULL, 'A', NULL, '2026-06-12 15:45:00'),
    (38, 'SS0004', 'SQ029', 5, NULL, NULL, '2026-06-12 15:45:00'),
    (39, 'SS0004', 'SQ001', NULL, 'B', NULL, '2026-06-12 15:45:00'),
    (40, 'SS0004', 'SQ023', NULL, 'A', NULL, '2026-06-12 15:45:00'),
    (41, 'SS0004', 'SQ044', NULL, 'B', NULL, '2026-06-12 15:45:00'),
    (42, 'SS0004', 'SQ024', NULL, NULL, 'Đó tôi số chưa tại hơn của đến.', '2026-06-12 15:45:00'),
    (43, 'SS0005', 'SQ023', NULL, 'C', NULL, '2026-06-12 15:45:00'),
    (44, 'SS0005', 'SQ001', NULL, 'D', NULL, '2026-06-12 15:45:00'),
    (45, 'SS0005', 'SQ052', 1, NULL, NULL, '2026-06-12 15:45:00'),
    (46, 'SS0005', 'SQ046', 1, NULL, NULL, '2026-06-12 15:45:00'),
    (47, 'SS0005', 'SQ013', 3, NULL, NULL, '2026-06-12 15:45:00'),
    (48, 'SS0005', 'SQ021', NULL, NULL, 'Tự giống người thay nhưng như tại thế như đi một cũng.', '2026-06-12 15:45:00'),
    (49, 'SS0005', 'SQ006', 3, NULL, NULL, '2026-06-12 15:45:00'),
    (50, 'SS0005', 'SQ034', NULL, 'D', NULL, '2026-06-12 15:45:00'),
    (51, 'SS0006', 'SQ028', NULL, NULL, 'Bên như thế nhiều trong vài nơi này nhiều và chưa nếu.', '2026-06-12 15:45:00'),
    (52, 'SS0006', 'SQ032', NULL, 'D', NULL, '2026-06-12 15:45:00'),
    (53, 'SS0006', 'SQ025', 3, NULL, NULL, '2026-06-12 15:45:00'),
    (54, 'SS0006', 'SQ015', NULL, NULL, 'Theo nhiều rất lớn thay thì của đúng.', '2026-06-12 15:45:00'),
    (55, 'SS0006', 'SQ018', NULL, 'A', NULL, '2026-06-12 15:45:00'),
    (56, 'SS0006', 'SQ044', NULL, 'C', NULL, '2026-06-12 15:45:00'),
    (57, 'SS0006', 'SQ041', NULL, 'B', NULL, '2026-06-12 15:45:00'),
    (58, 'SS0006', 'SQ030', NULL, 'A', NULL, '2026-06-12 15:45:00'),
    (59, 'SS0007', 'SQ057', NULL, 'B', NULL, '2026-06-12 15:45:00'),
    (60, 'SS0007', 'SQ011', 5, NULL, NULL, '2026-06-12 15:45:00'),
    (61, 'SS0007', 'SQ024', NULL, NULL, 'Với đến trong rất mà từ của thì như.', '2026-06-12 15:45:00'),
    (62, 'SS0007', 'SQ041', NULL, 'B', NULL, '2026-06-12 15:45:00'),
    (63, 'SS0007', 'SQ025', 1, NULL, NULL, '2026-06-12 15:45:00'),
    (64, 'SS0007', 'SQ007', 2, NULL, NULL, '2026-06-12 15:45:00'),
    (65, 'SS0007', 'SQ054', 3, NULL, NULL, '2026-06-12 15:45:00'),
    (66, 'SS0007', 'SQ004', NULL, 'D', NULL, '2026-06-12 15:45:00'),
    (67, 'SS0007', 'SQ042', NULL, NULL, 'Tại tự các từ đúng để sau với là.', '2026-06-12 15:45:00'),
    (68, 'SS0007', 'SQ052', 5, NULL, NULL, '2026-06-12 15:45:00'),
    (69, 'SS0007', 'SQ038', NULL, NULL, 'Làm lớn trong các như thay đến như của cũng.', '2026-06-12 15:45:00'),
    (70, 'SS0007', 'SQ018', NULL, 'B', NULL, '2026-06-12 15:45:00'),
    (71, 'SS0007', 'SQ039', NULL, 'D', NULL, '2026-06-12 15:45:00'),
    (72, 'SS0007', 'SQ056', NULL, 'C', NULL, '2026-06-12 15:45:00'),
    (73, 'SS0007', 'SQ022', NULL, 'A', NULL, '2026-06-12 15:45:00'),
    (74, 'SS0008', 'SQ060', NULL, NULL, 'Chưa tại có của thế mà có.', '2026-06-12 15:45:00'),
    (75, 'SS0008', 'SQ009', NULL, 'A', NULL, '2026-06-12 15:45:00'),
    (76, 'SS0008', 'SQ039', NULL, 'C', NULL, '2026-06-12 15:45:00'),
    (77, 'SS0008', 'SQ041', NULL, 'C', NULL, '2026-06-12 15:45:00'),
    (78, 'SS0008', 'SQ023', NULL, 'A', NULL, '2026-06-12 15:45:00'),
    (79, 'SS0008', 'SQ049', NULL, 'D', NULL, '2026-06-12 15:45:00'),
    (80, 'SS0008', 'SQ047', 3, NULL, NULL, '2026-06-12 15:45:00'),
    (81, 'SS0008', 'SQ025', 1, NULL, NULL, '2026-06-12 15:45:00'),
    (82, 'SS0008', 'SQ036', NULL, 'A', NULL, '2026-06-12 15:45:00'),
    (83, 'SS0008', 'SQ010', NULL, 'B', NULL, '2026-06-12 15:45:00'),
    (84, 'SS0008', 'SQ052', 2, NULL, NULL, '2026-06-12 15:45:00'),
    (85, 'SS0008', 'SQ005', NULL, 'D', NULL, '2026-06-12 15:45:00'),
    (86, 'SS0009', 'SQ020', NULL, 'B', NULL, '2026-06-12 15:45:00'),
    (87, 'SS0009', 'SQ058', NULL, 'D', NULL, '2026-06-12 15:45:00'),
    (88, 'SS0009', 'SQ027', 3, NULL, NULL, '2026-06-12 15:45:00'),
    (89, 'SS0009', 'SQ007', 3, NULL, NULL, '2026-06-12 15:45:00'),
    (90, 'SS0009', 'SQ012', 3, NULL, NULL, '2026-06-12 15:45:00'),
    (91, 'SS0009', 'SQ031', 2, NULL, NULL, '2026-06-12 15:45:00'),
    (92, 'SS0009', 'SQ040', NULL, 'A', NULL, '2026-06-12 15:45:00'),
    (93, 'SS0009', 'SQ010', NULL, 'B', NULL, '2026-06-12 15:45:00'),
    (94, 'SS0009', 'SQ001', NULL, 'C', NULL, '2026-06-12 15:45:00'),
    (95, 'SS0009', 'SQ051', NULL, 'A', NULL, '2026-06-12 15:45:00'),
    (96, 'SS0009', 'SQ044', NULL, 'D', NULL, '2026-06-12 15:45:00'),
    (97, 'SS0009', 'SQ035', NULL, 'D', NULL, '2026-06-12 15:45:00'),
    (98, 'SS0009', 'SQ047', 3, NULL, NULL, '2026-06-12 15:45:00'),
    (99, 'SS0009', 'SQ045', NULL, 'D', NULL, '2026-06-12 15:45:00'),
    (100, 'SS0009', 'SQ006', 5, NULL, NULL, '2026-06-12 15:45:00'),
    (101, 'SS0010', 'SQ037', 5, NULL, NULL, '2026-06-12 15:45:00'),
    (102, 'SS0010', 'SQ006', 3, NULL, NULL, '2026-06-12 15:45:00'),
    (103, 'SS0010', 'SQ056', NULL, 'A', NULL, '2026-06-12 15:45:00'),
    (104, 'SS0010', 'SQ046', 2, NULL, NULL, '2026-06-12 15:45:00'),
    (105, 'SS0010', 'SQ014', NULL, 'C', NULL, '2026-06-12 15:45:00'),
    (106, 'SS0010', 'SQ044', NULL, 'C', NULL, '2026-06-12 15:45:00'),
    (107, 'SS0010', 'SQ017', NULL, NULL, 'Vậy gần trong tự và của của nào bên được chỉ như sau.', '2026-06-12 15:45:00'),
    (108, 'SS0010', 'SQ043', NULL, 'B', NULL, '2026-06-12 15:45:00'),
    (109, 'SS0010', 'SQ019', NULL, 'B', NULL, '2026-06-12 15:45:00'),
    (110, 'SS0010', 'SQ011', 5, NULL, NULL, '2026-06-12 15:45:00'),
    (111, 'SS0010', 'SQ004', NULL, 'B', NULL, '2026-06-12 15:45:00'),
    (112, 'SS0011', 'SQ010', NULL, 'C', NULL, '2026-06-12 15:45:00'),
    (113, 'SS0011', 'SQ050', NULL, NULL, 'Lớn thì như từng tại để khiến đúng trong nhiều.', '2026-06-12 15:45:00'),
    (114, 'SS0011', 'SQ013', 4, NULL, NULL, '2026-06-12 15:45:00'),
    (115, 'SS0011', 'SQ002', NULL, NULL, 'Vậy đang trong giống chỉ không chỉ giống đã mà từ.', '2026-06-12 15:45:00'),
    (116, 'SS0011', 'SQ036', NULL, 'C', NULL, '2026-06-12 15:45:00'),
    (117, 'SS0011', 'SQ053', NULL, 'A', NULL, '2026-06-12 15:45:00'),
    (118, 'SS0011', 'SQ027', 4, NULL, NULL, '2026-06-12 15:45:00'),
    (119, 'SS0011', 'SQ033', NULL, NULL, 'Hơn lớn dưới theo chỉ hơn cũng hoặc cũng vài điều bên.', '2026-06-12 15:45:00'),
    (120, 'SS0011', 'SQ040', NULL, 'D', NULL, '2026-06-12 15:45:00'),
    (121, 'SS0011', 'SQ057', NULL, 'D', NULL, '2026-06-12 15:45:00'),
    (122, 'SS0011', 'SQ020', NULL, 'B', NULL, '2026-06-12 15:45:00'),
    (123, 'SS0011', 'SQ009', NULL, 'C', NULL, '2026-06-12 15:45:00'),
    (124, 'SS0011', 'SQ024', NULL, NULL, 'Thế không để giữa giống nơi chỉ vì đến nếu một.', '2026-06-12 15:45:00'),
    (125, 'SS0011', 'SQ038', NULL, NULL, 'Chỉ đi thay từ hoặc thì từng với hoặc làm đến có cũng vẫn.', '2026-06-12 15:45:00'),
    (126, 'SS0012', 'SQ024', NULL, NULL, 'Cho chưa khi không khi được để có của bạn cái tại đúng.', '2026-06-12 15:45:00'),
    (127, 'SS0012', 'SQ055', NULL, NULL, 'Như dưới nơi tôi như sẽ như vì của về vẫn giống mỗi một.', '2026-06-12 15:45:00'),
    (128, 'SS0012', 'SQ047', 1, NULL, NULL, '2026-06-12 15:45:00'),
    (129, 'SS0012', 'SQ039', NULL, 'C', NULL, '2026-06-12 15:45:00'),
    (130, 'SS0012', 'SQ040', NULL, 'C', NULL, '2026-06-12 15:45:00'),
    (131, 'SS0012', 'SQ018', NULL, 'C', NULL, '2026-06-12 15:45:00'),
    (132, 'SS0012', 'SQ029', 1, NULL, NULL, '2026-06-12 15:45:00'),
    (133, 'SS0012', 'SQ027', 4, NULL, NULL, '2026-06-12 15:45:00'),
    (134, 'SS0012', 'SQ012', 2, NULL, NULL, '2026-06-12 15:45:00'),
    (135, 'SS0013', 'SQ028', NULL, NULL, 'Không hơn khiến sau chưa đúng đi rất này tại để bạn.', '2026-06-12 15:45:00'),
    (136, 'SS0013', 'SQ052', 4, NULL, NULL, '2026-06-12 15:45:00'),
    (137, 'SS0013', 'SQ040', NULL, 'C', NULL, '2026-06-12 15:45:00'),
    (138, 'SS0013', 'SQ022', NULL, 'D', NULL, '2026-06-12 15:45:00'),
    (139, 'SS0013', 'SQ003', NULL, NULL, 'Gần giữa lớn này đúng từ cái được.', '2026-06-12 15:45:00'),
    (140, 'SS0013', 'SQ038', NULL, NULL, 'Để đang nếu và không vậy với tự mỗi vậy cũng tại.', '2026-06-12 15:45:00'),
    (141, 'SS0013', 'SQ018', NULL, 'B', NULL, '2026-06-12 15:45:00'),
    (142, 'SS0013', 'SQ024', NULL, NULL, 'Như điều cho theo đi bên để có và trong thế giữa các như.', '2026-06-12 15:45:00'),
    (143, 'SS0013', 'SQ050', NULL, NULL, 'Mỗi như hoặc mỗi với đó chưa để người với như điều được với mỗi như.', '2026-06-12 15:45:00'),
    (144, 'SS0014', 'SQ001', NULL, 'B', NULL, '2026-06-12 15:45:00'),
    (145, 'SS0014', 'SQ005', NULL, 'D', NULL, '2026-06-12 15:45:00'),
    (146, 'SS0014', 'SQ050', NULL, NULL, 'Của một có tôi của là cái tôi nhiều có cho bạn.', '2026-06-12 15:45:00'),
    (147, 'SS0014', 'SQ043', NULL, 'B', NULL, '2026-06-12 15:45:00'),
    (148, 'SS0014', 'SQ034', NULL, 'A', NULL, '2026-06-12 15:45:00'),
    (149, 'SS0014', 'SQ049', NULL, 'A', NULL, '2026-06-12 15:45:00'),
    (150, 'SS0014', 'SQ058', NULL, 'D', NULL, '2026-06-12 15:45:00'),
    (151, 'SS0014', 'SQ046', 1, NULL, NULL, '2026-06-12 15:45:00'),
    (152, 'SS0015', 'SQ004', NULL, 'B', NULL, '2026-06-12 15:45:00'),
    (153, 'SS0015', 'SQ039', NULL, 'C', NULL, '2026-06-12 15:45:00'),
    (154, 'SS0015', 'SQ051', NULL, 'A', NULL, '2026-06-12 15:45:00'),
    (155, 'SS0015', 'SQ021', NULL, NULL, 'Chưa gần đang thay đến và nhiều để vì hơn khi cũng không thay của.', '2026-06-12 15:45:00'),
    (156, 'SS0015', 'SQ041', NULL, 'B', NULL, '2026-06-12 15:45:00'),
    (157, 'SS0015', 'SQ024', NULL, NULL, 'Tại như và một có mỗi thay từng vì vì nào vì hoặc tự cái bạn.', '2026-06-12 15:45:00'),
    (158, 'SS0015', 'SQ011', 3, NULL, NULL, '2026-06-12 15:45:00'),
    (159, 'SS0015', 'SQ043', NULL, 'B', NULL, '2026-06-12 15:45:00'),
    (160, 'SS0015', 'SQ052', 4, NULL, NULL, '2026-06-12 15:45:00'),
    (161, 'SS0015', 'SQ037', 5, NULL, NULL, '2026-06-12 15:45:00'),
    (162, 'SS0016', 'SQ035', NULL, 'A', NULL, '2026-06-12 15:45:00'),
    (163, 'SS0016', 'SQ030', NULL, 'D', NULL, '2026-06-12 15:45:00'),
    (164, 'SS0016', 'SQ033', NULL, NULL, 'Hoặc trong cách này theo theo đi là đã của về lớn làm hơn bạn chưa.', '2026-06-12 15:45:00'),
    (165, 'SS0016', 'SQ045', NULL, 'C', NULL, '2026-06-12 15:45:00'),
    (166, 'SS0016', 'SQ017', NULL, NULL, 'Có nhiều có như này để làm gần rất chỉ cái như đi với làm từ.', '2026-06-12 15:45:00'),
    (167, 'SS0016', 'SQ015', NULL, NULL, 'Vì cũng thế từng có để theo nào.', '2026-06-12 15:45:00'),
    (168, 'SS0016', 'SQ004', NULL, 'A', NULL, '2026-06-12 15:45:00'),
    (169, 'SS0016', 'SQ036', NULL, 'C', NULL, '2026-06-12 15:45:00'),
    (170, 'SS0016', 'SQ023', NULL, 'A', NULL, '2026-06-12 15:45:00'),
    (171, 'SS0016', 'SQ056', NULL, 'C', NULL, '2026-06-12 15:45:00'),
    (172, 'SS0016', 'SQ044', NULL, 'B', NULL, '2026-06-12 15:45:00'),
    (173, 'SS0016', 'SQ018', NULL, 'B', NULL, '2026-06-12 15:45:00'),
    (174, 'SS0017', 'SQ025', 1, NULL, NULL, '2026-06-12 15:45:00'),
    (175, 'SS0017', 'SQ016', 1, NULL, NULL, '2026-06-12 15:45:00'),
    (176, 'SS0017', 'SQ018', NULL, 'B', NULL, '2026-06-12 15:45:00'),
    (177, 'SS0017', 'SQ048', 5, NULL, NULL, '2026-06-12 15:45:00'),
    (178, 'SS0017', 'SQ027', 2, NULL, NULL, '2026-06-12 15:45:00'),
    (179, 'SS0017', 'SQ008', NULL, NULL, 'Nhưng được sau để đến nhiều đi cách chỉ như.', '2026-06-12 15:45:00'),
    (180, 'SS0017', 'SQ031', 2, NULL, NULL, '2026-06-12 15:45:00'),
    (181, 'SS0017', 'SQ053', NULL, 'D', NULL, '2026-06-12 15:45:00'),
    (182, 'SS0017', 'SQ021', NULL, NULL, 'Tự để nơi nhiều mà nào nếu của thì giữa cũng bên là cái.', '2026-06-12 15:45:00'),
    (183, 'SS0017', 'SQ017', NULL, NULL, 'Với nào đi tự một từ một mỗi theo đến đã tại có lớn thì.', '2026-06-12 15:45:00'),
    (184, 'SS0017', 'SQ038', NULL, NULL, 'Sau các từ và như như và các đã về như gần từng cái làm.', '2026-06-12 15:45:00'),
    (185, 'SS0017', 'SQ023', NULL, 'C', NULL, '2026-06-12 15:45:00'),
    (186, 'SS0017', 'SQ028', NULL, NULL, 'Từng chưa chỉ bạn của nào từ như.', '2026-06-12 15:45:00'),
    (187, 'SS0017', 'SQ030', NULL, 'C', NULL, '2026-06-12 15:45:00'),
    (188, 'SS0017', 'SQ035', NULL, 'C', NULL, '2026-06-12 15:45:00'),
    (189, 'SS0018', 'SQ033', NULL, NULL, 'Có hơn vài trong sẽ vài lớn mà đang giữa từng hoặc bạn vài.', '2026-06-12 15:45:00'),
    (190, 'SS0018', 'SQ031', 2, NULL, NULL, '2026-06-12 15:45:00'),
    (191, 'SS0018', 'SQ028', NULL, NULL, 'Nào vì thế và của làm đi cũng nào cái cũng bạn của cách người.', '2026-06-12 15:45:00'),
    (192, 'SS0018', 'SQ037', 5, NULL, NULL, '2026-06-12 15:45:00'),
    (193, 'SS0018', 'SQ051', NULL, 'A', NULL, '2026-06-12 15:45:00'),
    (194, 'SS0018', 'SQ015', NULL, NULL, 'Và khiến hơn thì thay nếu đã có bên lớn nơi đúng.', '2026-06-12 15:45:00'),
    (195, 'SS0018', 'SQ029', 1, NULL, NULL, '2026-06-12 15:45:00'),
    (196, 'SS0018', 'SQ032', NULL, 'C', NULL, '2026-06-12 15:45:00'),
    (197, 'SS0018', 'SQ006', 2, NULL, NULL, '2026-06-12 15:45:00'),
    (198, 'SS0019', 'SQ002', NULL, NULL, 'Với làm đến nơi chưa được mà bên sau nhưng vẫn tại của về.', '2026-06-12 15:45:00'),
    (199, 'SS0019', 'SQ020', NULL, 'A', NULL, '2026-06-12 15:45:00'),
    (200, 'SS0019', 'SQ004', NULL, 'B', NULL, '2026-06-12 15:45:00'),
    (201, 'SS0019', 'SQ007', 5, NULL, NULL, '2026-06-12 15:45:00'),
    (202, 'SS0019', 'SQ005', NULL, 'B', NULL, '2026-06-12 15:45:00'),
    (203, 'SS0019', 'SQ032', NULL, 'C', NULL, '2026-06-12 15:45:00'),
    (204, 'SS0019', 'SQ051', NULL, 'A', NULL, '2026-06-12 15:45:00'),
    (205, 'SS0019', 'SQ038', NULL, NULL, 'Số với bên hơn một các như nào của một như thì về nếu đi vì.', '2026-06-12 15:45:00'),
    (206, 'SS0019', 'SQ057', NULL, 'D', NULL, '2026-06-12 15:45:00'),
    (207, 'SS0019', 'SQ053', NULL, 'A', NULL, '2026-06-12 15:45:00'),
    (208, 'SS0019', 'SQ017', NULL, NULL, 'Thì cũng vẫn với không thay rất và đúng vài tại người này hơn nơi.', '2026-06-12 15:45:00'),
    (209, 'SS0019', 'SQ006', 5, NULL, NULL, '2026-06-12 15:45:00'),
    (210, 'SS0019', 'SQ026', NULL, NULL, 'Như của khiến dưới bên rất theo giống này của tại vẫn.', '2026-06-12 15:45:00'),
    (211, 'SS0020', 'SQ054', 1, NULL, NULL, '2026-06-12 15:45:00'),
    (212, 'SS0020', 'SQ027', 1, NULL, NULL, '2026-06-12 15:45:00'),
    (213, 'SS0020', 'SQ041', NULL, 'C', NULL, '2026-06-12 15:45:00'),
    (214, 'SS0020', 'SQ033', NULL, NULL, 'Nơi đang đó chưa nhưng thì cũng.', '2026-06-12 15:45:00'),
    (215, 'SS0020', 'SQ032', NULL, 'B', NULL, '2026-06-12 15:45:00'),
    (216, 'SS0020', 'SQ036', NULL, 'D', NULL, '2026-06-12 15:45:00'),
    (217, 'SS0020', 'SQ051', NULL, 'A', NULL, '2026-06-12 15:45:00'),
    (218, 'SS0020', 'SQ008', NULL, NULL, 'Cách hơn sau của có bạn như cách cho của.', '2026-06-12 15:45:00'),
    (219, 'SS0020', 'SQ014', NULL, 'C', NULL, '2026-06-12 15:45:00'),
    (220, 'SS0020', 'SQ030', NULL, 'B', NULL, '2026-06-12 15:45:00'),
    (221, 'SS0020', 'SQ034', NULL, 'D', NULL, '2026-06-12 15:45:00'),
    (222, 'SS0020', 'SQ056', NULL, 'B', NULL, '2026-06-12 15:45:00'),
    (223, 'SS0020', 'SQ012', 4, NULL, NULL, '2026-06-12 15:45:00'),
    (224, 'SS0021', 'SQ018', NULL, 'B', NULL, '2026-06-12 15:45:00'),
    (225, 'SS0021', 'SQ001', NULL, 'B', NULL, '2026-06-12 15:45:00'),
    (226, 'SS0021', 'SQ016', 3, NULL, NULL, '2026-06-12 15:45:00'),
    (227, 'SS0021', 'SQ027', 1, NULL, NULL, '2026-06-12 15:45:00'),
    (228, 'SS0021', 'SQ009', NULL, 'C', NULL, '2026-06-12 15:45:00'),
    (229, 'SS0021', 'SQ040', NULL, 'D', NULL, '2026-06-12 15:45:00'),
    (230, 'SS0021', 'SQ054', 1, NULL, NULL, '2026-06-12 15:45:00'),
    (231, 'SS0021', 'SQ042', NULL, NULL, 'Sau hơn trong khiến khi để lớn sẽ mỗi.', '2026-06-12 15:45:00'),
    (232, 'SS0021', 'SQ022', NULL, 'C', NULL, '2026-06-12 15:45:00'),
    (233, 'SS0021', 'SQ020', NULL, 'B', NULL, '2026-06-12 15:45:00'),
    (234, 'SS0021', 'SQ005', NULL, 'A', NULL, '2026-06-12 15:45:00'),
    (235, 'SS0022', 'SQ010', NULL, 'D', NULL, '2026-06-12 15:45:00'),
    (236, 'SS0022', 'SQ032', NULL, 'B', NULL, '2026-06-12 15:45:00'),
    (237, 'SS0022', 'SQ009', NULL, 'A', NULL, '2026-06-12 15:45:00'),
    (238, 'SS0022', 'SQ051', NULL, 'D', NULL, '2026-06-12 15:45:00'),
    (239, 'SS0022', 'SQ040', NULL, 'D', NULL, '2026-06-12 15:45:00'),
    (240, 'SS0022', 'SQ026', NULL, NULL, 'Thế vẫn từ tôi của điều đó chỉ sau để vì tại điều.', '2026-06-12 15:45:00'),
    (241, 'SS0022', 'SQ004', NULL, 'D', NULL, '2026-06-12 15:45:00'),
    (242, 'SS0022', 'SQ048', 5, NULL, NULL, '2026-06-12 15:45:00'),
    (243, 'SS0022', 'SQ011', 1, NULL, NULL, '2026-06-12 15:45:00'),
    (244, 'SS0022', 'SQ024', NULL, NULL, 'Làm sẽ đã theo chưa dưới cách khiến nếu sau mà nào số nào nơi.', '2026-06-12 15:45:00'),
    (245, 'SS0022', 'SQ025', 2, NULL, NULL, '2026-06-12 15:45:00'),
    (246, 'SS0022', 'SQ047', 2, NULL, NULL, '2026-06-12 15:45:00'),
    (247, 'SS0022', 'SQ029', 5, NULL, NULL, '2026-06-12 15:45:00'),
    (248, 'SS0023', 'SQ031', 2, NULL, NULL, '2026-06-12 15:45:00'),
    (249, 'SS0023', 'SQ014', NULL, 'A', NULL, '2026-06-12 15:45:00'),
    (250, 'SS0023', 'SQ051', NULL, 'C', NULL, '2026-06-12 15:45:00'),
    (251, 'SS0023', 'SQ018', NULL, 'C', NULL, '2026-06-12 15:45:00'),
    (252, 'SS0023', 'SQ046', 1, NULL, NULL, '2026-06-12 15:45:00'),
    (253, 'SS0023', 'SQ017', NULL, NULL, 'Chỉ mỗi đó từ nếu mà để hơn được mà giống.', '2026-06-12 15:45:00'),
    (254, 'SS0023', 'SQ045', NULL, 'C', NULL, '2026-06-12 15:45:00'),
    (255, 'SS0023', 'SQ053', NULL, 'C', NULL, '2026-06-12 15:45:00'),
    (256, 'SS0023', 'SQ003', NULL, NULL, 'Trong để vì có nhưng và một hơn trong các để tôi này từ khiến không.', '2026-06-12 15:45:00'),
    (257, 'SS0023', 'SQ015', NULL, NULL, 'Vài thay đi lớn như tự hơn sau đúng cái như để mỗi.', '2026-06-12 15:45:00'),
    (258, 'SS0023', 'SQ058', NULL, 'B', NULL, '2026-06-12 15:45:00'),
    (259, 'SS0023', 'SQ023', NULL, 'C', NULL, '2026-06-12 15:45:00'),
    (260, 'SS0023', 'SQ043', NULL, 'D', NULL, '2026-06-12 15:45:00'),
    (261, 'SS0023', 'SQ006', 4, NULL, NULL, '2026-06-12 15:45:00'),
    (262, 'SS0024', 'SQ007', 5, NULL, NULL, '2026-06-12 15:45:00'),
    (263, 'SS0024', 'SQ055', NULL, NULL, 'Lớn của như không theo được có thì khiến.', '2026-06-12 15:45:00'),
    (264, 'SS0024', 'SQ023', NULL, 'C', NULL, '2026-06-12 15:45:00'),
    (265, 'SS0024', 'SQ050', NULL, NULL, 'Đã tại vẫn gần thế chưa hoặc làm của mỗi.', '2026-06-12 15:45:00'),
    (266, 'SS0024', 'SQ046', 5, NULL, NULL, '2026-06-12 15:45:00'),
    (267, 'SS0024', 'SQ003', NULL, NULL, 'Từ sau sau từng đến chưa đi mỗi như và làm rất dưới đó.', '2026-06-12 15:45:00'),
    (268, 'SS0024', 'SQ002', NULL, NULL, 'Hoặc với vài bạn cho thì từ điều.', '2026-06-12 15:45:00'),
    (269, 'SS0024', 'SQ053', NULL, 'C', NULL, '2026-06-12 15:45:00'),
    (270, 'SS0024', 'SQ060', NULL, NULL, 'Thì chỉ như như nếu đang về sẽ theo để nào mà thay trong có.', '2026-06-12 15:45:00'),
    (271, 'SS0024', 'SQ012', 3, NULL, NULL, '2026-06-12 15:45:00'),
    (272, 'SS0024', 'SQ041', NULL, 'A', NULL, '2026-06-12 15:45:00'),
    (273, 'SS0025', 'SQ028', NULL, NULL, 'Từ thay để là chỉ nơi như.', '2026-06-12 15:45:00'),
    (274, 'SS0025', 'SQ013', 1, NULL, NULL, '2026-06-12 15:45:00'),
    (275, 'SS0025', 'SQ025', 4, NULL, NULL, '2026-06-12 15:45:00'),
    (276, 'SS0025', 'SQ003', NULL, NULL, 'Đã với cách vẫn tại tại sau không một mỗi lớn có về tôi.', '2026-06-12 15:45:00'),
    (277, 'SS0025', 'SQ034', NULL, 'D', NULL, '2026-06-12 15:45:00'),
    (278, 'SS0025', 'SQ042', NULL, NULL, 'Đến vẫn để với từng dưới khi được đến đã của hoặc hơn như sau.', '2026-06-12 15:45:00'),
    (279, 'SS0025', 'SQ038', NULL, NULL, 'Vài đã của tôi từ từ trong với với nào của.', '2026-06-12 15:45:00'),
    (280, 'SS0025', 'SQ051', NULL, 'D', NULL, '2026-06-12 15:45:00'),
    (281, 'SS0025', 'SQ024', NULL, NULL, 'Để được vài có đó từng theo số.', '2026-06-12 15:45:00'),
    (282, 'SS0025', 'SQ021', NULL, NULL, 'Mà được với nhưng vài như như dưới.', '2026-06-12 15:45:00'),
    (283, 'SS0025', 'SQ037', 2, NULL, NULL, '2026-06-12 15:45:00'),
    (284, 'SS0025', 'SQ046', 2, NULL, NULL, '2026-06-12 15:45:00'),
    (285, 'SS0025', 'SQ050', NULL, NULL, 'Về tự dưới để của hơn của hơn rất không.', '2026-06-12 15:45:00'),
    (286, 'SS0026', 'SQ024', NULL, NULL, 'Thì bên này thế chỉ như với đang của số tự như.', '2026-06-12 15:45:00'),
    (287, 'SS0026', 'SQ031', 3, NULL, NULL, '2026-06-12 15:45:00'),
    (288, 'SS0026', 'SQ047', 4, NULL, NULL, '2026-06-12 15:45:00'),
    (289, 'SS0026', 'SQ054', 4, NULL, NULL, '2026-06-12 15:45:00'),
    (290, 'SS0026', 'SQ027', 5, NULL, NULL, '2026-06-12 15:45:00'),
    (291, 'SS0026', 'SQ053', NULL, 'A', NULL, '2026-06-12 15:45:00'),
    (292, 'SS0026', 'SQ004', NULL, 'B', NULL, '2026-06-12 15:45:00'),
    (293, 'SS0026', 'SQ025', 3, NULL, NULL, '2026-06-12 15:45:00'),
    (294, 'SS0026', 'SQ048', 5, NULL, NULL, '2026-06-12 15:45:00'),
    (295, 'SS0026', 'SQ010', NULL, 'B', NULL, '2026-06-12 15:45:00'),
    (296, 'SS0026', 'SQ044', NULL, 'B', NULL, '2026-06-12 15:45:00'),
    (297, 'SS0026', 'SQ058', NULL, 'D', NULL, '2026-06-12 15:45:00'),
    (298, 'SS0026', 'SQ045', NULL, 'C', NULL, '2026-06-12 15:45:00'),
    (299, 'SS0026', 'SQ019', NULL, 'B', NULL, '2026-06-12 15:45:00'),
    (300, 'SS0027', 'SQ005', NULL, 'B', NULL, '2026-06-12 15:45:00'),
    (301, 'SS0027', 'SQ056', NULL, 'C', NULL, '2026-06-12 15:45:00'),
    (302, 'SS0027', 'SQ058', NULL, 'C', NULL, '2026-06-12 15:45:00'),
    (303, 'SS0027', 'SQ052', 2, NULL, NULL, '2026-06-12 15:45:00'),
    (304, 'SS0027', 'SQ011', 4, NULL, NULL, '2026-06-12 15:45:00'),
    (305, 'SS0027', 'SQ027', 4, NULL, NULL, '2026-06-12 15:45:00'),
    (306, 'SS0027', 'SQ033', NULL, NULL, 'Với vậy từ số như được cách cho như trong từ có.', '2026-06-12 15:45:00'),
    (307, 'SS0027', 'SQ025', 2, NULL, NULL, '2026-06-12 15:45:00'),
    (308, 'SS0027', 'SQ044', NULL, 'C', NULL, '2026-06-12 15:45:00'),
    (309, 'SS0027', 'SQ035', NULL, 'C', NULL, '2026-06-12 15:45:00'),
    (310, 'SS0027', 'SQ036', NULL, 'A', NULL, '2026-06-12 15:45:00'),
    (311, 'SS0028', 'SQ017', NULL, NULL, 'Như nào bên lớn nào sau cũng của sau người để mỗi từ.', '2026-06-12 15:45:00'),
    (312, 'SS0028', 'SQ051', NULL, 'A', NULL, '2026-06-12 15:45:00'),
    (313, 'SS0028', 'SQ001', NULL, 'D', NULL, '2026-06-12 15:45:00'),
    (314, 'SS0028', 'SQ049', NULL, 'B', NULL, '2026-06-12 15:45:00'),
    (315, 'SS0028', 'SQ037', 3, NULL, NULL, '2026-06-12 15:45:00'),
    (316, 'SS0028', 'SQ021', NULL, NULL, 'Là các thì vẫn đi hơn như bên được sẽ theo như tôi cái gần.', '2026-06-12 15:45:00'),
    (317, 'SS0028', 'SQ023', NULL, 'B', NULL, '2026-06-12 15:45:00'),
    (318, 'SS0028', 'SQ044', NULL, 'A', NULL, '2026-06-12 15:45:00'),
    (319, 'SS0028', 'SQ008', NULL, NULL, 'Của cái của trong người của hơn hoặc nhiều sẽ.', '2026-06-12 15:45:00'),
    (320, 'SS0029', 'SQ047', 4, NULL, NULL, '2026-06-12 15:45:00'),
    (321, 'SS0029', 'SQ020', NULL, 'D', NULL, '2026-06-12 15:45:00'),
    (322, 'SS0029', 'SQ030', NULL, 'A', NULL, '2026-06-12 15:45:00'),
    (323, 'SS0029', 'SQ043', NULL, 'C', NULL, '2026-06-12 15:45:00'),
    (324, 'SS0029', 'SQ026', NULL, NULL, 'Vài này chưa nhưng đã mà thì làm rất khi tôi có.', '2026-06-12 15:45:00'),
    (325, 'SS0029', 'SQ027', 4, NULL, NULL, '2026-06-12 15:45:00'),
    (326, 'SS0029', 'SQ036', NULL, 'C', NULL, '2026-06-12 15:45:00'),
    (327, 'SS0029', 'SQ016', 4, NULL, NULL, '2026-06-12 15:45:00'),
    (328, 'SS0029', 'SQ039', NULL, 'A', NULL, '2026-06-12 15:45:00'),
    (329, 'SS0029', 'SQ019', NULL, 'B', NULL, '2026-06-12 15:45:00'),
    (330, 'SS0029', 'SQ041', NULL, 'D', NULL, '2026-06-12 15:45:00'),
    (331, 'SS0029', 'SQ059', NULL, 'C', NULL, '2026-06-12 15:45:00'),
    (332, 'SS0029', 'SQ005', NULL, 'C', NULL, '2026-06-12 15:45:00'),
    (333, 'SS0029', 'SQ048', 1, NULL, NULL, '2026-06-12 15:45:00'),
    (334, 'SS0029', 'SQ029', 3, NULL, NULL, '2026-06-12 15:45:00'),
    (335, 'SS0030', 'SQ019', NULL, 'D', NULL, '2026-06-12 15:45:00'),
    (336, 'SS0030', 'SQ056', NULL, 'D', NULL, '2026-06-12 15:45:00'),
    (337, 'SS0030', 'SQ030', NULL, 'A', NULL, '2026-06-12 15:45:00'),
    (338, 'SS0030', 'SQ008', NULL, NULL, 'Hoặc người thế được như của như hoặc cũng này như chỉ để hơn giữa.', '2026-06-12 15:45:00'),
    (339, 'SS0030', 'SQ034', NULL, 'B', NULL, '2026-06-12 15:45:00'),
    (340, 'SS0030', 'SQ004', NULL, 'D', NULL, '2026-06-12 15:45:00'),
    (341, 'SS0030', 'SQ046', 2, NULL, NULL, '2026-06-12 15:45:00'),
    (342, 'SS0030', 'SQ040', NULL, 'C', NULL, '2026-06-12 15:45:00'),
    (343, 'SS0030', 'SQ020', NULL, 'D', NULL, '2026-06-12 15:45:00'),
    (344, 'SS0031', 'SQ059', NULL, 'B', NULL, '2026-06-12 15:45:00'),
    (345, 'SS0031', 'SQ026', NULL, NULL, 'Như nhiều khiến vài mà vài hơn từng cũng trong người.', '2026-06-12 15:45:00'),
    (346, 'SS0031', 'SQ012', 4, NULL, NULL, '2026-06-12 15:45:00'),
    (347, 'SS0031', 'SQ051', NULL, 'D', NULL, '2026-06-12 15:45:00'),
    (348, 'SS0031', 'SQ013', 3, NULL, NULL, '2026-06-12 15:45:00'),
    (349, 'SS0031', 'SQ018', NULL, 'D', NULL, '2026-06-12 15:45:00'),
    (350, 'SS0031', 'SQ057', NULL, 'A', NULL, '2026-06-12 15:45:00'),
    (351, 'SS0031', 'SQ054', 3, NULL, NULL, '2026-06-12 15:45:00'),
    (352, 'SS0031', 'SQ022', NULL, 'B', NULL, '2026-06-12 15:45:00'),
    (353, 'SS0031', 'SQ060', NULL, NULL, 'Của vì thì hơn đó để rất đó từng cũng điều chỉ là hơn.', '2026-06-12 15:45:00'),
    (354, 'SS0031', 'SQ045', NULL, 'A', NULL, '2026-06-12 15:45:00'),
    (355, 'SS0031', 'SQ014', NULL, 'B', NULL, '2026-06-12 15:45:00'),
    (356, 'SS0031', 'SQ010', NULL, 'C', NULL, '2026-06-12 15:45:00'),
    (357, 'SS0031', 'SQ053', NULL, 'A', NULL, '2026-06-12 15:45:00'),
    (358, 'SS0032', 'SQ016', 3, NULL, NULL, '2026-06-12 15:45:00'),
    (359, 'SS0032', 'SQ011', 4, NULL, NULL, '2026-06-12 15:45:00'),
    (360, 'SS0032', 'SQ047', 5, NULL, NULL, '2026-06-12 15:45:00'),
    (361, 'SS0032', 'SQ054', 4, NULL, NULL, '2026-06-12 15:45:00'),
    (362, 'SS0032', 'SQ009', NULL, 'B', NULL, '2026-06-12 15:45:00'),
    (363, 'SS0032', 'SQ017', NULL, NULL, 'Cũng đã vì và đang người nhưng đến nhưng cái vài này là.', '2026-06-12 15:45:00'),
    (364, 'SS0032', 'SQ033', NULL, NULL, 'Vẫn hoặc cái hơn để lớn khi đúng với.', '2026-06-12 15:45:00'),
    (365, 'SS0032', 'SQ023', NULL, 'D', NULL, '2026-06-12 15:45:00'),
    (366, 'SS0032', 'SQ008', NULL, NULL, 'Nào vài được đúng tại khiến bên có chỉ là.', '2026-06-12 15:45:00'),
    (367, 'SS0032', 'SQ029', 2, NULL, NULL, '2026-06-12 15:45:00'),
    (368, 'SS0032', 'SQ006', 5, NULL, NULL, '2026-06-12 15:45:00'),
    (369, 'SS0032', 'SQ028', NULL, NULL, 'Hơn tại này theo dưới chỉ cũng một.', '2026-06-12 15:45:00'),
    (370, 'SS0032', 'SQ038', NULL, NULL, 'Này tự tự làm cách khi giữa vẫn.', '2026-06-12 15:45:00'),
    (371, 'SS0032', 'SQ015', NULL, NULL, 'Điều theo người cho bạn một theo đã với như hoặc.', '2026-06-12 15:45:00'),
    (372, 'SS0033', 'SQ034', NULL, 'A', NULL, '2026-06-12 15:45:00'),
    (373, 'SS0033', 'SQ032', NULL, 'C', NULL, '2026-06-12 15:45:00'),
    (374, 'SS0033', 'SQ042', NULL, NULL, 'Tự giống trong khiến với để là sẽ này thì từng về đến để.', '2026-06-12 15:45:00'),
    (375, 'SS0033', 'SQ035', NULL, 'B', NULL, '2026-06-12 15:45:00'),
    (376, 'SS0033', 'SQ013', 2, NULL, NULL, '2026-06-12 15:45:00'),
    (377, 'SS0033', 'SQ046', 5, NULL, NULL, '2026-06-12 15:45:00'),
    (378, 'SS0033', 'SQ010', NULL, 'D', NULL, '2026-06-12 15:45:00'),
    (379, 'SS0033', 'SQ001', NULL, 'B', NULL, '2026-06-12 15:45:00'),
    (380, 'SS0033', 'SQ036', NULL, 'D', NULL, '2026-06-12 15:45:00'),
    (381, 'SS0033', 'SQ030', NULL, 'D', NULL, '2026-06-12 15:45:00'),
    (382, 'SS0033', 'SQ012', 1, NULL, NULL, '2026-06-12 15:45:00'),
    (383, 'SS0033', 'SQ025', 1, NULL, NULL, '2026-06-12 15:45:00'),
    (384, 'SS0033', 'SQ026', NULL, NULL, 'Khiến của sau cũng này từng mà.', '2026-06-12 15:45:00'),
    (385, 'SS0034', 'SQ040', NULL, 'C', NULL, '2026-06-12 15:45:00'),
    (386, 'SS0034', 'SQ022', NULL, 'D', NULL, '2026-06-12 15:45:00'),
    (387, 'SS0034', 'SQ011', 1, NULL, NULL, '2026-06-12 15:45:00'),
    (388, 'SS0034', 'SQ047', 2, NULL, NULL, '2026-06-12 15:45:00'),
    (389, 'SS0034', 'SQ046', 4, NULL, NULL, '2026-06-12 15:45:00'),
    (390, 'SS0034', 'SQ057', NULL, 'C', NULL, '2026-06-12 15:45:00'),
    (391, 'SS0034', 'SQ007', 4, NULL, NULL, '2026-06-12 15:45:00'),
    (392, 'SS0034', 'SQ016', 2, NULL, NULL, '2026-06-12 15:45:00'),
    (393, 'SS0035', 'SQ017', NULL, NULL, 'Và của theo với mà đến giống như đến như khi.', '2026-06-12 15:45:00'),
    (394, 'SS0035', 'SQ022', NULL, 'A', NULL, '2026-06-12 15:45:00'),
    (395, 'SS0035', 'SQ026', NULL, NULL, 'Với hoặc sau hơn về hơn số nếu để giữa của.', '2026-06-12 15:45:00'),
    (396, 'SS0035', 'SQ043', NULL, 'B', NULL, '2026-06-12 15:45:00'),
    (397, 'SS0035', 'SQ053', NULL, 'C', NULL, '2026-06-12 15:45:00'),
    (398, 'SS0035', 'SQ057', NULL, 'A', NULL, '2026-06-12 15:45:00'),
    (399, 'SS0035', 'SQ015', NULL, NULL, 'Đúng cách có cũng như dưới cách theo đã hơn.', '2026-06-12 15:45:00'),
    (400, 'SS0035', 'SQ029', 5, NULL, NULL, '2026-06-12 15:45:00'),
    (401, 'SS0035', 'SQ020', NULL, 'D', NULL, '2026-06-12 15:45:00'),
    (402, 'SS0036', 'SQ056', NULL, 'D', NULL, '2026-06-12 15:45:00'),
    (403, 'SS0036', 'SQ037', 5, NULL, NULL, '2026-06-12 15:45:00'),
    (404, 'SS0036', 'SQ024', NULL, NULL, 'Sẽ người bên một đó như vì khi vì một như cũng hơn.', '2026-06-12 15:45:00'),
    (405, 'SS0036', 'SQ026', NULL, NULL, 'Dưới thay vì này như sẽ về đến.', '2026-06-12 15:45:00'),
    (406, 'SS0036', 'SQ043', NULL, 'D', NULL, '2026-06-12 15:45:00'),
    (407, 'SS0036', 'SQ057', NULL, 'A', NULL, '2026-06-12 15:45:00'),
    (408, 'SS0036', 'SQ058', NULL, 'A', NULL, '2026-06-12 15:45:00'),
    (409, 'SS0036', 'SQ011', 1, NULL, NULL, '2026-06-12 15:45:00'),
    (410, 'SS0037', 'SQ006', 1, NULL, NULL, '2026-06-12 15:45:00'),
    (411, 'SS0037', 'SQ055', NULL, NULL, 'Làm các thế thế như như như đúng đến rất để đã từ thế như.', '2026-06-12 15:45:00'),
    (412, 'SS0037', 'SQ044', NULL, 'B', NULL, '2026-06-12 15:45:00'),
    (413, 'SS0037', 'SQ025', 1, NULL, NULL, '2026-06-12 15:45:00'),
    (414, 'SS0037', 'SQ054', 5, NULL, NULL, '2026-06-12 15:45:00'),
    (415, 'SS0037', 'SQ030', NULL, 'C', NULL, '2026-06-12 15:45:00'),
    (416, 'SS0037', 'SQ018', NULL, 'B', NULL, '2026-06-12 15:45:00'),
    (417, 'SS0037', 'SQ009', NULL, 'B', NULL, '2026-06-12 15:45:00'),
    (418, 'SS0037', 'SQ029', 5, NULL, NULL, '2026-06-12 15:45:00'),
    (419, 'SS0037', 'SQ020', NULL, 'A', NULL, '2026-06-12 15:45:00'),
    (420, 'SS0037', 'SQ051', NULL, 'D', NULL, '2026-06-12 15:45:00'),
    (421, 'SS0037', 'SQ059', NULL, 'A', NULL, '2026-06-12 15:45:00'),
    (422, 'SS0037', 'SQ026', NULL, NULL, 'Như hơn đúng để đang người lớn điều sau để hoặc.', '2026-06-12 15:45:00'),
    (423, 'SS0038', 'SQ055', NULL, NULL, 'Gần hoặc sẽ như nếu thì bên thay vẫn các về cũng vài đúng điều nhưng.', '2026-06-12 15:45:00'),
    (424, 'SS0038', 'SQ039', NULL, 'C', NULL, '2026-06-12 15:45:00'),
    (425, 'SS0038', 'SQ040', NULL, 'C', NULL, '2026-06-12 15:45:00'),
    (426, 'SS0038', 'SQ037', 5, NULL, NULL, '2026-06-12 15:45:00'),
    (427, 'SS0038', 'SQ028', NULL, NULL, 'Với thế nơi để thay khiến với như từng đến tại cũng như.', '2026-06-12 15:45:00'),
    (428, 'SS0038', 'SQ022', NULL, 'C', NULL, '2026-06-12 15:45:00'),
    (429, 'SS0038', 'SQ012', 3, NULL, NULL, '2026-06-12 15:45:00'),
    (430, 'SS0038', 'SQ036', NULL, 'C', NULL, '2026-06-12 15:45:00'),
    (431, 'SS0038', 'SQ015', NULL, NULL, 'Khi như đã nhưng bên để người như tại của.', '2026-06-12 15:45:00'),
    (432, 'SS0038', 'SQ047', 1, NULL, NULL, '2026-06-12 15:45:00'),
    (433, 'SS0038', 'SQ056', NULL, 'A', NULL, '2026-06-12 15:45:00'),
    (434, 'SS0039', 'SQ005', NULL, 'A', NULL, '2026-06-12 15:45:00'),
    (435, 'SS0039', 'SQ036', NULL, 'A', NULL, '2026-06-12 15:45:00'),
    (436, 'SS0039', 'SQ033', NULL, NULL, 'Tự nhiều nhưng như từ sẽ khi nơi một.', '2026-06-12 15:45:00'),
    (437, 'SS0039', 'SQ017', NULL, NULL, 'Trong với mà số tôi là của tại tự về nào.', '2026-06-12 15:45:00'),
    (438, 'SS0039', 'SQ048', 4, NULL, NULL, '2026-06-12 15:45:00'),
    (439, 'SS0039', 'SQ032', NULL, 'C', NULL, '2026-06-12 15:45:00'),
    (440, 'SS0039', 'SQ039', NULL, 'D', NULL, '2026-06-12 15:45:00'),
    (441, 'SS0039', 'SQ057', NULL, 'D', NULL, '2026-06-12 15:45:00'),
    (442, 'SS0039', 'SQ008', NULL, NULL, 'Cho của cái như vẫn này tại rất không rất chưa.', '2026-06-12 15:45:00'),
    (443, 'SS0040', 'SQ049', NULL, 'D', NULL, '2026-06-12 15:45:00'),
    (444, 'SS0040', 'SQ013', 3, NULL, NULL, '2026-06-12 15:45:00'),
    (445, 'SS0040', 'SQ037', 4, NULL, NULL, '2026-06-12 15:45:00'),
    (446, 'SS0040', 'SQ015', NULL, NULL, 'Cái không đó không nếu đến tự tự cũng cũng cách trong như vậy.', '2026-06-12 15:45:00'),
    (447, 'SS0040', 'SQ044', NULL, 'C', NULL, '2026-06-12 15:45:00'),
    (448, 'SS0040', 'SQ010', NULL, 'D', NULL, '2026-06-12 15:45:00'),
    (449, 'SS0040', 'SQ029', 3, NULL, NULL, '2026-06-12 15:45:00'),
    (450, 'SS0040', 'SQ021', NULL, NULL, 'Khi được với để tự như trong theo thì vẫn vài từng mà và.', '2026-06-12 15:45:00'),
    (451, 'SS0040', 'SQ060', NULL, NULL, 'Mỗi cũng đến cũng để như theo đến.', '2026-06-12 15:45:00'),
    (452, 'SS0040', 'SQ023', NULL, 'A', NULL, '2026-06-12 15:45:00'),
    (453, 'SS0041', 'SQ005', NULL, 'D', NULL, '2026-06-12 15:45:00'),
    (454, 'SS0041', 'SQ045', NULL, 'D', NULL, '2026-06-12 15:45:00'),
    (455, 'SS0041', 'SQ053', NULL, 'D', NULL, '2026-06-12 15:45:00'),
    (456, 'SS0041', 'SQ027', 5, NULL, NULL, '2026-06-12 15:45:00'),
    (457, 'SS0041', 'SQ048', 3, NULL, NULL, '2026-06-12 15:45:00'),
    (458, 'SS0041', 'SQ001', NULL, 'D', NULL, '2026-06-12 15:45:00'),
    (459, 'SS0041', 'SQ019', NULL, 'C', NULL, '2026-06-12 15:45:00'),
    (460, 'SS0041', 'SQ036', NULL, 'B', NULL, '2026-06-12 15:45:00'),
    (461, 'SS0041', 'SQ052', 5, NULL, NULL, '2026-06-12 15:45:00'),
    (462, 'SS0041', 'SQ002', NULL, NULL, 'Của đúng đúng mỗi giống của tại lớn.', '2026-06-12 15:45:00'),
    (463, 'SS0041', 'SQ023', NULL, 'B', NULL, '2026-06-12 15:45:00'),
    (464, 'SS0042', 'SQ012', 1, NULL, NULL, '2026-06-12 15:45:00'),
    (465, 'SS0042', 'SQ010', NULL, 'A', NULL, '2026-06-12 15:45:00'),
    (466, 'SS0042', 'SQ016', 5, NULL, NULL, '2026-06-12 15:45:00'),
    (467, 'SS0042', 'SQ045', NULL, 'B', NULL, '2026-06-12 15:45:00'),
    (468, 'SS0042', 'SQ038', NULL, NULL, 'Như một thế sẽ để vẫn giữa khi của cũng khi hoặc nơi.', '2026-06-12 15:45:00'),
    (469, 'SS0042', 'SQ022', NULL, 'A', NULL, '2026-06-12 15:45:00'),
    (470, 'SS0042', 'SQ043', NULL, 'A', NULL, '2026-06-12 15:45:00'),
    (471, 'SS0042', 'SQ030', NULL, 'C', NULL, '2026-06-12 15:45:00'),
    (472, 'SS0042', 'SQ034', NULL, 'B', NULL, '2026-06-12 15:45:00'),
    (473, 'SS0042', 'SQ019', NULL, 'A', NULL, '2026-06-12 15:45:00'),
    (474, 'SS0042', 'SQ004', NULL, 'A', NULL, '2026-06-12 15:45:00'),
    (475, 'SS0042', 'SQ037', 3, NULL, NULL, '2026-06-12 15:45:00'),
    (476, 'SS0043', 'SQ013', 2, NULL, NULL, '2026-06-12 15:45:00'),
    (477, 'SS0043', 'SQ046', 5, NULL, NULL, '2026-06-12 15:45:00'),
    (478, 'SS0043', 'SQ018', NULL, 'C', NULL, '2026-06-12 15:45:00'),
    (479, 'SS0043', 'SQ037', 1, NULL, NULL, '2026-06-12 15:45:00'),
    (480, 'SS0043', 'SQ006', 1, NULL, NULL, '2026-06-12 15:45:00'),
    (481, 'SS0043', 'SQ052', 4, NULL, NULL, '2026-06-12 15:45:00'),
    (482, 'SS0043', 'SQ027', 2, NULL, NULL, '2026-06-12 15:45:00'),
    (483, 'SS0043', 'SQ024', NULL, NULL, 'Thay người người về trong chưa là khi các theo cách sẽ từ và về chưa.', '2026-06-12 15:45:00'),
    (484, 'SS0043', 'SQ015', NULL, NULL, 'Nơi để sau người nhiều thì cái.', '2026-06-12 15:45:00'),
    (485, 'SS0043', 'SQ019', NULL, 'D', NULL, '2026-06-12 15:45:00'),
    (486, 'SS0043', 'SQ022', NULL, 'A', NULL, '2026-06-12 15:45:00'),
    (487, 'SS0044', 'SQ051', NULL, 'B', NULL, '2026-06-12 15:45:00'),
    (488, 'SS0044', 'SQ032', NULL, 'B', NULL, '2026-06-12 15:45:00'),
    (489, 'SS0044', 'SQ033', NULL, NULL, 'Với đến đúng của khiến về tại nào mà số cái có với gần cho theo.', '2026-06-12 15:45:00'),
    (490, 'SS0044', 'SQ056', NULL, 'D', NULL, '2026-06-12 15:45:00'),
    (491, 'SS0044', 'SQ010', NULL, 'B', NULL, '2026-06-12 15:45:00'),
    (492, 'SS0044', 'SQ048', 2, NULL, NULL, '2026-06-12 15:45:00'),
    (493, 'SS0044', 'SQ018', NULL, 'A', NULL, '2026-06-12 15:45:00'),
    (494, 'SS0044', 'SQ007', 1, NULL, NULL, '2026-06-12 15:45:00'),
    (495, 'SS0044', 'SQ001', NULL, 'A', NULL, '2026-06-12 15:45:00'),
    (496, 'SS0044', 'SQ031', 5, NULL, NULL, '2026-06-12 15:45:00'),
    (497, 'SS0045', 'SQ023', NULL, 'D', NULL, '2026-06-12 15:45:00'),
    (498, 'SS0045', 'SQ036', NULL, 'A', NULL, '2026-06-12 15:45:00'),
    (499, 'SS0045', 'SQ035', NULL, 'D', NULL, '2026-06-12 15:45:00'),
    (500, 'SS0045', 'SQ024', NULL, NULL, 'Tự vậy hơn thế làm cách là tự có như có với là.', '2026-06-12 15:45:00');

INSERT INTO survey_answers (id, survey_session_id, survey_question_id, rating_value, choice_value, text_value, created_at) VALUES
    (501, 'SS0045', 'SQ033', NULL, NULL, 'Là vậy trong vài hoặc nơi nơi từ sẽ.', '2026-06-12 15:45:00'),
    (502, 'SS0045', 'SQ007', 3, NULL, NULL, '2026-06-12 15:45:00'),
    (503, 'SS0045', 'SQ040', NULL, 'B', NULL, '2026-06-12 15:45:00'),
    (504, 'SS0045', 'SQ017', NULL, NULL, 'Gần của nào rất tại của giống về đang sau bên khiến.', '2026-06-12 15:45:00'),
    (505, 'SS0045', 'SQ034', NULL, 'D', NULL, '2026-06-12 15:45:00'),
    (506, 'SS0045', 'SQ038', NULL, NULL, 'Cho nhiều từ được đã mỗi là nếu đang.', '2026-06-12 15:45:00'),
    (507, 'SS0045', 'SQ009', NULL, 'C', NULL, '2026-06-12 15:45:00'),
    (508, 'SS0045', 'SQ060', NULL, NULL, 'Sau làm của sau hoặc thế trong cho chưa đúng vậy bên tự.', '2026-06-12 15:45:00'),
    (509, 'SS0045', 'SQ047', 4, NULL, NULL, '2026-06-12 15:45:00'),
    (510, 'SS0045', 'SQ051', NULL, 'A', NULL, '2026-06-12 15:45:00'),
    (511, 'SS0046', 'SQ043', NULL, 'A', NULL, '2026-06-12 15:45:00'),
    (512, 'SS0046', 'SQ019', NULL, 'B', NULL, '2026-06-12 15:45:00'),
    (513, 'SS0046', 'SQ045', NULL, 'B', NULL, '2026-06-12 15:45:00'),
    (514, 'SS0046', 'SQ039', NULL, 'B', NULL, '2026-06-12 15:45:00'),
    (515, 'SS0046', 'SQ022', NULL, 'C', NULL, '2026-06-12 15:45:00'),
    (516, 'SS0046', 'SQ021', NULL, NULL, 'Tự có tại có của tôi có trong là nơi nhiều được nhưng cho vì.', '2026-06-12 15:45:00'),
    (517, 'SS0046', 'SQ053', NULL, 'D', NULL, '2026-06-12 15:45:00'),
    (518, 'SS0046', 'SQ050', NULL, NULL, 'Được bạn đang người vẫn nào như cũng của.', '2026-06-12 15:45:00'),
    (519, 'SS0046', 'SQ018', NULL, 'A', NULL, '2026-06-12 15:45:00'),
    (520, 'SS0047', 'SQ001', NULL, 'A', NULL, '2026-06-12 15:45:00'),
    (521, 'SS0047', 'SQ028', NULL, NULL, 'Sẽ bạn với của tại từ đang người chưa mỗi giữa có cũng của.', '2026-06-12 15:45:00'),
    (522, 'SS0047', 'SQ004', NULL, 'D', NULL, '2026-06-12 15:45:00'),
    (523, 'SS0047', 'SQ038', NULL, NULL, 'Thì vậy gần đúng như đến đúng hoặc hơn.', '2026-06-12 15:45:00'),
    (524, 'SS0047', 'SQ022', NULL, 'D', NULL, '2026-06-12 15:45:00'),
    (525, 'SS0047', 'SQ052', 2, NULL, NULL, '2026-06-12 15:45:00'),
    (526, 'SS0047', 'SQ009', NULL, 'B', NULL, '2026-06-12 15:45:00'),
    (527, 'SS0047', 'SQ056', NULL, 'C', NULL, '2026-06-12 15:45:00'),
    (528, 'SS0047', 'SQ006', 3, NULL, NULL, '2026-06-12 15:45:00'),
    (529, 'SS0047', 'SQ024', NULL, NULL, 'Từ bạn điều thế sau tự để vì không giống chỉ đã mỗi của vì.', '2026-06-12 15:45:00'),
    (530, 'SS0047', 'SQ036', NULL, 'B', NULL, '2026-06-12 15:45:00'),
    (531, 'SS0047', 'SQ025', 4, NULL, NULL, '2026-06-12 15:45:00'),
    (532, 'SS0047', 'SQ051', NULL, 'B', NULL, '2026-06-12 15:45:00'),
    (533, 'SS0048', 'SQ020', NULL, 'A', NULL, '2026-06-12 15:45:00'),
    (534, 'SS0048', 'SQ039', NULL, 'A', NULL, '2026-06-12 15:45:00'),
    (535, 'SS0048', 'SQ045', NULL, 'C', NULL, '2026-06-12 15:45:00'),
    (536, 'SS0048', 'SQ011', 1, NULL, NULL, '2026-06-12 15:45:00'),
    (537, 'SS0048', 'SQ041', NULL, 'B', NULL, '2026-06-12 15:45:00'),
    (538, 'SS0048', 'SQ022', NULL, 'A', NULL, '2026-06-12 15:45:00'),
    (539, 'SS0048', 'SQ004', NULL, 'C', NULL, '2026-06-12 15:45:00'),
    (540, 'SS0048', 'SQ058', NULL, 'D', NULL, '2026-06-12 15:45:00'),
    (541, 'SS0048', 'SQ040', NULL, 'B', NULL, '2026-06-12 15:45:00'),
    (542, 'SS0048', 'SQ049', NULL, 'D', NULL, '2026-06-12 15:45:00'),
    (543, 'SS0048', 'SQ009', NULL, 'C', NULL, '2026-06-12 15:45:00'),
    (544, 'SS0048', 'SQ032', NULL, 'A', NULL, '2026-06-12 15:45:00'),
    (545, 'SS0048', 'SQ027', 2, NULL, NULL, '2026-06-12 15:45:00'),
    (546, 'SS0048', 'SQ010', NULL, 'B', NULL, '2026-06-12 15:45:00'),
    (547, 'SS0049', 'SQ012', 4, NULL, NULL, '2026-06-12 15:45:00'),
    (548, 'SS0049', 'SQ040', NULL, 'C', NULL, '2026-06-12 15:45:00'),
    (549, 'SS0049', 'SQ052', 3, NULL, NULL, '2026-06-12 15:45:00'),
    (550, 'SS0049', 'SQ018', NULL, 'D', NULL, '2026-06-12 15:45:00'),
    (551, 'SS0049', 'SQ035', NULL, 'B', NULL, '2026-06-12 15:45:00'),
    (552, 'SS0049', 'SQ022', NULL, 'B', NULL, '2026-06-12 15:45:00'),
    (553, 'SS0049', 'SQ045', NULL, 'D', NULL, '2026-06-12 15:45:00'),
    (554, 'SS0049', 'SQ028', NULL, NULL, 'Nhưng như cái để tự hơn tại là cho nào hoặc cái đó nhiều khiến.', '2026-06-12 15:45:00'),
    (555, 'SS0049', 'SQ051', NULL, 'B', NULL, '2026-06-12 15:45:00'),
    (556, 'SS0050', 'SQ004', NULL, 'D', NULL, '2026-06-12 15:45:00'),
    (557, 'SS0050', 'SQ050', NULL, NULL, 'Tại gần được thế nếu các nhưng làm lớn tại này khi tôi chỉ cho nhiều.', '2026-06-12 15:45:00'),
    (558, 'SS0050', 'SQ032', NULL, 'D', NULL, '2026-06-12 15:45:00'),
    (559, 'SS0050', 'SQ027', 5, NULL, NULL, '2026-06-12 15:45:00'),
    (560, 'SS0050', 'SQ029', 2, NULL, NULL, '2026-06-12 15:45:00'),
    (561, 'SS0050', 'SQ044', NULL, 'D', NULL, '2026-06-12 15:45:00'),
    (562, 'SS0050', 'SQ056', NULL, 'A', NULL, '2026-06-12 15:45:00'),
    (563, 'SS0050', 'SQ055', NULL, NULL, 'Thay đã thế làm để nhưng để có là chưa như.', '2026-06-12 15:45:00'),
    (564, 'SS0050', 'SQ041', NULL, 'D', NULL, '2026-06-12 15:45:00'),
    (565, 'SS0051', 'SQ011', 2, NULL, NULL, '2026-06-12 15:45:00'),
    (566, 'SS0051', 'SQ004', NULL, 'B', NULL, '2026-06-12 15:45:00'),
    (567, 'SS0051', 'SQ032', NULL, 'D', NULL, '2026-06-12 15:45:00'),
    (568, 'SS0051', 'SQ033', NULL, NULL, 'Sau của để này một tại bên như.', '2026-06-12 15:45:00'),
    (569, 'SS0051', 'SQ009', NULL, 'D', NULL, '2026-06-12 15:45:00'),
    (570, 'SS0051', 'SQ055', NULL, NULL, 'Bên sẽ số để đi vài với hoặc đã đó chưa.', '2026-06-12 15:45:00'),
    (571, 'SS0051', 'SQ058', NULL, 'B', NULL, '2026-06-12 15:45:00'),
    (572, 'SS0051', 'SQ034', NULL, 'D', NULL, '2026-06-12 15:45:00'),
    (573, 'SS0051', 'SQ044', NULL, 'B', NULL, '2026-06-12 15:45:00'),
    (574, 'SS0051', 'SQ051', NULL, 'B', NULL, '2026-06-12 15:45:00'),
    (575, 'SS0052', 'SQ024', NULL, NULL, 'Giữa tự về của tự như đúng như làm số.', '2026-06-12 15:45:00'),
    (576, 'SS0052', 'SQ047', 1, NULL, NULL, '2026-06-12 15:45:00'),
    (577, 'SS0052', 'SQ033', NULL, NULL, 'Số khiến sau tự đang nhiều thì sẽ.', '2026-06-12 15:45:00'),
    (578, 'SS0052', 'SQ038', NULL, NULL, 'Với về và nhưng khi tại như tại đi.', '2026-06-12 15:45:00'),
    (579, 'SS0052', 'SQ054', 3, NULL, NULL, '2026-06-12 15:45:00'),
    (580, 'SS0052', 'SQ049', NULL, 'C', NULL, '2026-06-12 15:45:00'),
    (581, 'SS0052', 'SQ059', NULL, 'A', NULL, '2026-06-12 15:45:00'),
    (582, 'SS0052', 'SQ053', NULL, 'C', NULL, '2026-06-12 15:45:00'),
    (583, 'SS0052', 'SQ005', NULL, 'D', NULL, '2026-06-12 15:45:00'),
    (584, 'SS0052', 'SQ036', NULL, 'C', NULL, '2026-06-12 15:45:00'),
    (585, 'SS0053', 'SQ024', NULL, NULL, 'Người của khiến thì cũng như rất bên vậy từ này.', '2026-06-12 15:45:00'),
    (586, 'SS0053', 'SQ008', NULL, NULL, 'Chưa cách các thay cho không dưới cái khiến đang thì nhưng đi đang mà và.', '2026-06-12 15:45:00'),
    (587, 'SS0053', 'SQ001', NULL, 'A', NULL, '2026-06-12 15:45:00'),
    (588, 'SS0053', 'SQ056', NULL, 'D', NULL, '2026-06-12 15:45:00'),
    (589, 'SS0053', 'SQ049', NULL, 'D', NULL, '2026-06-12 15:45:00'),
    (590, 'SS0053', 'SQ047', 1, NULL, NULL, '2026-06-12 15:45:00'),
    (591, 'SS0053', 'SQ027', 1, NULL, NULL, '2026-06-12 15:45:00'),
    (592, 'SS0053', 'SQ042', NULL, NULL, 'Cho đó không có hoặc tại để đúng hoặc.', '2026-06-12 15:45:00'),
    (593, 'SS0054', 'SQ034', NULL, 'D', NULL, '2026-06-12 15:45:00'),
    (594, 'SS0054', 'SQ029', 1, NULL, NULL, '2026-06-12 15:45:00'),
    (595, 'SS0054', 'SQ004', NULL, 'B', NULL, '2026-06-12 15:45:00'),
    (596, 'SS0054', 'SQ016', 3, NULL, NULL, '2026-06-12 15:45:00'),
    (597, 'SS0054', 'SQ030', NULL, 'D', NULL, '2026-06-12 15:45:00'),
    (598, 'SS0054', 'SQ023', NULL, 'A', NULL, '2026-06-12 15:45:00'),
    (599, 'SS0054', 'SQ048', 5, NULL, NULL, '2026-06-12 15:45:00'),
    (600, 'SS0054', 'SQ042', NULL, NULL, 'Cho theo đến người sẽ sau khi như có để.', '2026-06-12 15:45:00'),
    (601, 'SS0054', 'SQ038', NULL, NULL, 'Trong đang thế mà điều như cách giữa tôi.', '2026-06-12 15:45:00'),
    (602, 'SS0055', 'SQ008', NULL, NULL, 'Làm theo và tại giống chỉ từ khi cái có trong để giữa đi để như.', '2026-06-12 15:45:00'),
    (603, 'SS0055', 'SQ021', NULL, NULL, 'Người từ cái trong như như đang đi giống như với trong vậy từng.', '2026-06-12 15:45:00'),
    (604, 'SS0055', 'SQ035', NULL, 'B', NULL, '2026-06-12 15:45:00'),
    (605, 'SS0055', 'SQ032', NULL, 'D', NULL, '2026-06-12 15:45:00'),
    (606, 'SS0055', 'SQ030', NULL, 'C', NULL, '2026-06-12 15:45:00'),
    (607, 'SS0055', 'SQ044', NULL, 'B', NULL, '2026-06-12 15:45:00'),
    (608, 'SS0055', 'SQ026', NULL, NULL, 'Các cái bên nếu tự để cũng vài từ hoặc được chỉ của của.', '2026-06-12 15:45:00'),
    (609, 'SS0055', 'SQ016', 1, NULL, NULL, '2026-06-12 15:45:00'),
    (610, 'SS0055', 'SQ005', NULL, 'B', NULL, '2026-06-12 15:45:00'),
    (611, 'SS0055', 'SQ015', NULL, NULL, 'Sẽ để với khiến nơi gần được tại cho tại đó người.', '2026-06-12 15:45:00'),
    (612, 'SS0056', 'SQ057', NULL, 'C', NULL, '2026-06-12 15:45:00'),
    (613, 'SS0056', 'SQ043', NULL, 'C', NULL, '2026-06-12 15:45:00'),
    (614, 'SS0056', 'SQ060', NULL, NULL, 'Của đi cái mà này bên từ.', '2026-06-12 15:45:00'),
    (615, 'SS0056', 'SQ001', NULL, 'C', NULL, '2026-06-12 15:45:00'),
    (616, 'SS0056', 'SQ037', 1, NULL, NULL, '2026-06-12 15:45:00'),
    (617, 'SS0056', 'SQ003', NULL, NULL, 'Tôi trong tại một số của tự một để tại này được sau theo tự làm.', '2026-06-12 15:45:00'),
    (618, 'SS0056', 'SQ022', NULL, 'B', NULL, '2026-06-12 15:45:00'),
    (619, 'SS0056', 'SQ016', 3, NULL, NULL, '2026-06-12 15:45:00'),
    (620, 'SS0056', 'SQ006', 2, NULL, NULL, '2026-06-12 15:45:00'),
    (621, 'SS0057', 'SQ016', 5, NULL, NULL, '2026-06-12 15:45:00'),
    (622, 'SS0057', 'SQ034', NULL, 'A', NULL, '2026-06-12 15:45:00'),
    (623, 'SS0057', 'SQ004', NULL, 'B', NULL, '2026-06-12 15:45:00'),
    (624, 'SS0057', 'SQ028', NULL, NULL, 'Vẫn sau là nơi đang cái của từ để theo để cái có.', '2026-06-12 15:45:00'),
    (625, 'SS0057', 'SQ015', NULL, NULL, 'Mà nơi được bên khiến lớn vì tại đang đó theo sẽ không số tôi về.', '2026-06-12 15:45:00'),
    (626, 'SS0057', 'SQ050', NULL, NULL, 'Như cũng có hơn như trong khiến rất rất.', '2026-06-12 15:45:00'),
    (627, 'SS0057', 'SQ030', NULL, 'A', NULL, '2026-06-12 15:45:00'),
    (628, 'SS0057', 'SQ013', 3, NULL, NULL, '2026-06-12 15:45:00'),
    (629, 'SS0057', 'SQ047', 1, NULL, NULL, '2026-06-12 15:45:00'),
    (630, 'SS0057', 'SQ032', NULL, 'C', NULL, '2026-06-12 15:45:00'),
    (631, 'SS0057', 'SQ045', NULL, 'D', NULL, '2026-06-12 15:45:00'),
    (632, 'SS0057', 'SQ014', NULL, 'B', NULL, '2026-06-12 15:45:00'),
    (633, 'SS0057', 'SQ027', 3, NULL, NULL, '2026-06-12 15:45:00'),
    (634, 'SS0057', 'SQ054', 2, NULL, NULL, '2026-06-12 15:45:00'),
    (635, 'SS0057', 'SQ059', NULL, 'D', NULL, '2026-06-12 15:45:00'),
    (636, 'SS0058', 'SQ031', 1, NULL, NULL, '2026-06-12 15:45:00'),
    (637, 'SS0058', 'SQ052', 4, NULL, NULL, '2026-06-12 15:45:00'),
    (638, 'SS0058', 'SQ008', NULL, NULL, 'Cho đi người sau giống vẫn các này đã bạn bên để gần.', '2026-06-12 15:45:00'),
    (639, 'SS0058', 'SQ001', NULL, 'A', NULL, '2026-06-12 15:45:00'),
    (640, 'SS0058', 'SQ016', 2, NULL, NULL, '2026-06-12 15:45:00'),
    (641, 'SS0058', 'SQ019', NULL, 'D', NULL, '2026-06-12 15:45:00'),
    (642, 'SS0058', 'SQ049', NULL, 'D', NULL, '2026-06-12 15:45:00'),
    (643, 'SS0058', 'SQ032', NULL, 'A', NULL, '2026-06-12 15:45:00'),
    (644, 'SS0058', 'SQ004', NULL, 'D', NULL, '2026-06-12 15:45:00'),
    (645, 'SS0059', 'SQ043', NULL, 'B', NULL, '2026-06-12 15:45:00'),
    (646, 'SS0059', 'SQ040', NULL, 'A', NULL, '2026-06-12 15:45:00'),
    (647, 'SS0059', 'SQ029', 4, NULL, NULL, '2026-06-12 15:45:00'),
    (648, 'SS0059', 'SQ059', NULL, 'D', NULL, '2026-06-12 15:45:00'),
    (649, 'SS0059', 'SQ008', NULL, NULL, 'Trong vì mà cho một từ tại.', '2026-06-12 15:45:00'),
    (650, 'SS0059', 'SQ004', NULL, 'B', NULL, '2026-06-12 15:45:00'),
    (651, 'SS0059', 'SQ002', NULL, NULL, 'Đang sau cho này đến đó đúng gần hoặc đang cho nơi của.', '2026-06-12 15:45:00'),
    (652, 'SS0059', 'SQ056', NULL, 'A', NULL, '2026-06-12 15:45:00'),
    (653, 'SS0059', 'SQ028', NULL, NULL, 'Như được lớn cho của cũng mỗi nơi vài.', '2026-06-12 15:45:00'),
    (654, 'SS0059', 'SQ052', 2, NULL, NULL, '2026-06-12 15:45:00'),
    (655, 'SS0059', 'SQ027', 2, NULL, NULL, '2026-06-12 15:45:00'),
    (656, 'SS0059', 'SQ060', NULL, NULL, 'Đến sẽ cho thế vì thì là một nhiều như với các như làm của.', '2026-06-12 15:45:00'),
    (657, 'SS0059', 'SQ033', NULL, NULL, 'Rất số mỗi như cho tôi mỗi từ vài của để từ một của với.', '2026-06-12 15:45:00'),
    (658, 'SS0059', 'SQ017', NULL, NULL, 'Để của số này của điều mỗi.', '2026-06-12 15:45:00'),
    (659, 'SS0059', 'SQ050', NULL, NULL, 'Không rất cũng để đó vài của.', '2026-06-12 15:45:00'),
    (660, 'SS0060', 'SQ050', NULL, NULL, 'Làm sau có từ tại như lớn đó cách tại nào với để.', '2026-06-12 15:45:00'),
    (661, 'SS0060', 'SQ016', 5, NULL, NULL, '2026-06-12 15:45:00'),
    (662, 'SS0060', 'SQ003', NULL, NULL, 'Bên cách như như tại làm với như bạn hoặc khiến của theo nơi để cũng.', '2026-06-12 15:45:00'),
    (663, 'SS0060', 'SQ011', 4, NULL, NULL, '2026-06-12 15:45:00'),
    (664, 'SS0060', 'SQ021', NULL, NULL, 'Số không lớn vậy khi lớn cũng của để có người và thế khiến là rất.', '2026-06-12 15:45:00'),
    (665, 'SS0060', 'SQ044', NULL, 'B', NULL, '2026-06-12 15:45:00'),
    (666, 'SS0060', 'SQ010', NULL, 'B', NULL, '2026-06-12 15:45:00'),
    (667, 'SS0060', 'SQ037', 4, NULL, NULL, '2026-06-12 15:45:00'),
    (668, 'SS0060', 'SQ012', 2, NULL, NULL, '2026-06-12 15:45:00'),
    (669, 'SS0061', 'SQ052', 1, NULL, NULL, '2026-06-12 15:45:00'),
    (670, 'SS0061', 'SQ039', NULL, 'D', NULL, '2026-06-12 15:45:00'),
    (671, 'SS0061', 'SQ048', 5, NULL, NULL, '2026-06-12 15:45:00'),
    (672, 'SS0061', 'SQ058', NULL, 'D', NULL, '2026-06-12 15:45:00'),
    (673, 'SS0061', 'SQ009', NULL, 'B', NULL, '2026-06-12 15:45:00'),
    (674, 'SS0061', 'SQ031', 2, NULL, NULL, '2026-06-12 15:45:00'),
    (675, 'SS0061', 'SQ017', NULL, NULL, 'Từng bên được đúng và chưa người mà nơi là này vậy tại từ.', '2026-06-12 15:45:00'),
    (676, 'SS0061', 'SQ002', NULL, NULL, 'Cách vẫn có chỉ trong như là tại được về với theo như nhiều.', '2026-06-12 15:45:00'),
    (677, 'SS0062', 'SQ059', NULL, 'D', NULL, '2026-06-12 15:45:00'),
    (678, 'SS0062', 'SQ017', NULL, NULL, 'Và mỗi vì vậy cách lớn đó lớn với của người làm.', '2026-06-12 15:45:00'),
    (679, 'SS0062', 'SQ010', NULL, 'C', NULL, '2026-06-12 15:45:00'),
    (680, 'SS0062', 'SQ013', 4, NULL, NULL, '2026-06-12 15:45:00'),
    (681, 'SS0062', 'SQ038', NULL, NULL, 'Từng trong thế vậy để để từng.', '2026-06-12 15:45:00'),
    (682, 'SS0062', 'SQ053', NULL, 'B', NULL, '2026-06-12 15:45:00'),
    (683, 'SS0062', 'SQ052', 5, NULL, NULL, '2026-06-12 15:45:00'),
    (684, 'SS0062', 'SQ047', 5, NULL, NULL, '2026-06-12 15:45:00'),
    (685, 'SS0062', 'SQ026', NULL, NULL, 'Đúng tại như vậy khiến vẫn bạn chưa tại được đang nào.', '2026-06-12 15:45:00'),
    (686, 'SS0062', 'SQ058', NULL, 'C', NULL, '2026-06-12 15:45:00'),
    (687, 'SS0062', 'SQ019', NULL, 'B', NULL, '2026-06-12 15:45:00'),
    (688, 'SS0062', 'SQ060', NULL, NULL, 'Một tôi trong thay các lớn với từ cách mà như và.', '2026-06-12 15:45:00'),
    (689, 'SS0062', 'SQ037', 2, NULL, NULL, '2026-06-12 15:45:00'),
    (690, 'SS0063', 'SQ034', NULL, 'D', NULL, '2026-06-12 15:45:00'),
    (691, 'SS0063', 'SQ012', 1, NULL, NULL, '2026-06-12 15:45:00'),
    (692, 'SS0063', 'SQ010', NULL, 'B', NULL, '2026-06-12 15:45:00'),
    (693, 'SS0063', 'SQ006', 4, NULL, NULL, '2026-06-12 15:45:00'),
    (694, 'SS0063', 'SQ014', NULL, 'A', NULL, '2026-06-12 15:45:00'),
    (695, 'SS0063', 'SQ019', NULL, 'C', NULL, '2026-06-12 15:45:00'),
    (696, 'SS0063', 'SQ039', NULL, 'A', NULL, '2026-06-12 15:45:00'),
    (697, 'SS0063', 'SQ060', NULL, NULL, 'Lớn hơn bạn sau có để nơi vài số có.', '2026-06-12 15:45:00'),
    (698, 'SS0063', 'SQ041', NULL, 'A', NULL, '2026-06-12 15:45:00'),
    (699, 'SS0063', 'SQ016', 4, NULL, NULL, '2026-06-12 15:45:00'),
    (700, 'SS0064', 'SQ007', 2, NULL, NULL, '2026-06-12 15:45:00'),
    (701, 'SS0064', 'SQ019', NULL, 'A', NULL, '2026-06-12 15:45:00'),
    (702, 'SS0064', 'SQ021', NULL, NULL, 'Đó thì vì cho vì trong gần dưới.', '2026-06-12 15:45:00'),
    (703, 'SS0064', 'SQ056', NULL, 'A', NULL, '2026-06-12 15:45:00'),
    (704, 'SS0064', 'SQ026', NULL, NULL, 'Sau vì khiến như khiến giống này bạn như có đó chỉ như từ.', '2026-06-12 15:45:00'),
    (705, 'SS0064', 'SQ017', NULL, NULL, 'Nếu một vì với nhiều nơi của người đúng đã như giống.', '2026-06-12 15:45:00'),
    (706, 'SS0064', 'SQ001', NULL, 'D', NULL, '2026-06-12 15:45:00'),
    (707, 'SS0064', 'SQ016', 2, NULL, NULL, '2026-06-12 15:45:00'),
    (708, 'SS0064', 'SQ059', NULL, 'B', NULL, '2026-06-12 15:45:00'),
    (709, 'SS0064', 'SQ012', 5, NULL, NULL, '2026-06-12 15:45:00'),
    (710, 'SS0064', 'SQ044', NULL, 'B', NULL, '2026-06-12 15:45:00'),
    (711, 'SS0064', 'SQ055', NULL, NULL, 'Vẫn mà đúng đi nơi giống của nhưng rất như.', '2026-06-12 15:45:00'),
    (712, 'SS0065', 'SQ001', NULL, 'A', NULL, '2026-06-12 15:45:00'),
    (713, 'SS0065', 'SQ032', NULL, 'C', NULL, '2026-06-12 15:45:00'),
    (714, 'SS0065', 'SQ059', NULL, 'B', NULL, '2026-06-12 15:45:00'),
    (715, 'SS0065', 'SQ037', 2, NULL, NULL, '2026-06-12 15:45:00'),
    (716, 'SS0065', 'SQ045', NULL, 'A', NULL, '2026-06-12 15:45:00'),
    (717, 'SS0065', 'SQ002', NULL, NULL, 'Với là làm làm với đã làm của bên vậy để đã vì khiến.', '2026-06-12 15:45:00'),
    (718, 'SS0065', 'SQ038', NULL, NULL, 'Gần các vì chưa chưa đúng lớn là trong sau hơn với như vài người.', '2026-06-12 15:45:00'),
    (719, 'SS0065', 'SQ046', 2, NULL, NULL, '2026-06-12 15:45:00'),
    (720, 'SS0065', 'SQ043', NULL, 'B', NULL, '2026-06-12 15:45:00'),
    (721, 'SS0065', 'SQ056', NULL, 'A', NULL, '2026-06-12 15:45:00'),
    (722, 'SS0065', 'SQ055', NULL, NULL, 'Các như của tự vẫn đến của rất vì cũng đang.', '2026-06-12 15:45:00'),
    (723, 'SS0066', 'SQ050', NULL, NULL, 'Đang đã như số hoặc là khi nơi vài không mỗi sau như chưa dưới.', '2026-06-12 15:45:00'),
    (724, 'SS0066', 'SQ019', NULL, 'C', NULL, '2026-06-12 15:45:00'),
    (725, 'SS0066', 'SQ022', NULL, 'C', NULL, '2026-06-12 15:45:00'),
    (726, 'SS0066', 'SQ031', 1, NULL, NULL, '2026-06-12 15:45:00'),
    (727, 'SS0066', 'SQ014', NULL, 'C', NULL, '2026-06-12 15:45:00'),
    (728, 'SS0066', 'SQ026', NULL, NULL, 'Từ chưa được đang nếu chỉ với như không và một đó.', '2026-06-12 15:45:00'),
    (729, 'SS0066', 'SQ060', NULL, NULL, 'Nhưng đó hoặc của là nào có nhiều với hơn với thay như.', '2026-06-12 15:45:00'),
    (730, 'SS0066', 'SQ045', NULL, 'C', NULL, '2026-06-12 15:45:00'),
    (731, 'SS0066', 'SQ024', NULL, NULL, 'Chưa này vậy để cho điều cũng thay.', '2026-06-12 15:45:00'),
    (732, 'SS0066', 'SQ021', NULL, NULL, 'Từng bên điều dưới nhiều cái có người làm vì.', '2026-06-12 15:45:00'),
    (733, 'SS0066', 'SQ052', 4, NULL, NULL, '2026-06-12 15:45:00'),
    (734, 'SS0066', 'SQ038', NULL, NULL, 'Tại đó chỉ thay cái vài các về giống vậy được để số đi điều.', '2026-06-12 15:45:00'),
    (735, 'SS0066', 'SQ055', NULL, NULL, 'Các về như đang như như để và cái như để như có từng người.', '2026-06-12 15:45:00'),
    (736, 'SS0067', 'SQ020', NULL, 'B', NULL, '2026-06-12 15:45:00'),
    (737, 'SS0067', 'SQ029', 3, NULL, NULL, '2026-06-12 15:45:00'),
    (738, 'SS0067', 'SQ056', NULL, 'A', NULL, '2026-06-12 15:45:00'),
    (739, 'SS0067', 'SQ030', NULL, 'D', NULL, '2026-06-12 15:45:00'),
    (740, 'SS0067', 'SQ028', NULL, NULL, 'Không tôi tự và của đúng vì từ từng từ thì tôi nhưng được.', '2026-06-12 15:45:00'),
    (741, 'SS0067', 'SQ008', NULL, NULL, 'Sau từ của có bên đúng được để.', '2026-06-12 15:45:00'),
    (742, 'SS0067', 'SQ017', NULL, NULL, 'Thì với một vậy tôi về cách như của.', '2026-06-12 15:45:00'),
    (743, 'SS0067', 'SQ037', 4, NULL, NULL, '2026-06-12 15:45:00'),
    (744, 'SS0067', 'SQ002', NULL, NULL, 'Khi vẫn rất hoặc sẽ khi các đang khiến hoặc như đi khi làm gần.', '2026-06-12 15:45:00'),
    (745, 'SS0067', 'SQ032', NULL, 'C', NULL, '2026-06-12 15:45:00'),
    (746, 'SS0068', 'SQ002', NULL, NULL, 'Thế gần như vậy cũng tự cũng đó dưới như nào hơn.', '2026-06-12 15:45:00'),
    (747, 'SS0068', 'SQ009', NULL, 'D', NULL, '2026-06-12 15:45:00'),
    (748, 'SS0068', 'SQ038', NULL, NULL, 'Mỗi nếu để giữa người cũng nơi khiến mỗi vì để trong giữa.', '2026-06-12 15:45:00'),
    (749, 'SS0068', 'SQ039', NULL, 'A', NULL, '2026-06-12 15:45:00'),
    (750, 'SS0068', 'SQ028', NULL, NULL, 'Đến từ đi rất tại tôi đi đến để cái số khiến sau tại chỉ thay.', '2026-06-12 15:45:00'),
    (751, 'SS0068', 'SQ018', NULL, 'B', NULL, '2026-06-12 15:45:00'),
    (752, 'SS0068', 'SQ050', NULL, NULL, 'Của theo như giống đi của rất dưới như đi tự nơi vì nào.', '2026-06-12 15:45:00'),
    (753, 'SS0068', 'SQ044', NULL, 'D', NULL, '2026-06-12 15:45:00'),
    (754, 'SS0068', 'SQ059', NULL, 'C', NULL, '2026-06-12 15:45:00'),
    (755, 'SS0068', 'SQ014', NULL, 'B', NULL, '2026-06-12 15:45:00'),
    (756, 'SS0068', 'SQ013', 4, NULL, NULL, '2026-06-12 15:45:00'),
    (757, 'SS0068', 'SQ029', 5, NULL, NULL, '2026-06-12 15:45:00'),
    (758, 'SS0069', 'SQ046', 2, NULL, NULL, '2026-06-12 15:45:00'),
    (759, 'SS0069', 'SQ049', NULL, 'C', NULL, '2026-06-12 15:45:00'),
    (760, 'SS0069', 'SQ025', 5, NULL, NULL, '2026-06-12 15:45:00'),
    (761, 'SS0069', 'SQ004', NULL, 'B', NULL, '2026-06-12 15:45:00'),
    (762, 'SS0069', 'SQ003', NULL, NULL, 'Là khi thì lớn dưới nếu với tự sau khiến.', '2026-06-12 15:45:00'),
    (763, 'SS0069', 'SQ008', NULL, NULL, 'Các thay gần là hoặc của như như có thay như.', '2026-06-12 15:45:00'),
    (764, 'SS0069', 'SQ051', NULL, 'D', NULL, '2026-06-12 15:45:00'),
    (765, 'SS0069', 'SQ044', NULL, 'A', NULL, '2026-06-12 15:45:00'),
    (766, 'SS0069', 'SQ043', NULL, 'A', NULL, '2026-06-12 15:45:00'),
    (767, 'SS0069', 'SQ028', NULL, NULL, 'Của theo để này như đã vì từ với tự.', '2026-06-12 15:45:00'),
    (768, 'SS0069', 'SQ015', NULL, NULL, 'Lớn đúng gần với làm được tại rất như tự nhưng sau cái.', '2026-06-12 15:45:00'),
    (769, 'SS0070', 'SQ026', NULL, NULL, 'Vài của cũng giống có để vậy như.', '2026-06-12 15:45:00'),
    (770, 'SS0070', 'SQ039', NULL, 'C', NULL, '2026-06-12 15:45:00'),
    (771, 'SS0070', 'SQ058', NULL, 'C', NULL, '2026-06-12 15:45:00'),
    (772, 'SS0070', 'SQ036', NULL, 'A', NULL, '2026-06-12 15:45:00'),
    (773, 'SS0070', 'SQ049', NULL, 'B', NULL, '2026-06-12 15:45:00'),
    (774, 'SS0070', 'SQ027', 4, NULL, NULL, '2026-06-12 15:45:00'),
    (775, 'SS0070', 'SQ030', NULL, 'A', NULL, '2026-06-12 15:45:00'),
    (776, 'SS0070', 'SQ031', 4, NULL, NULL, '2026-06-12 15:45:00'),
    (777, 'SS0070', 'SQ046', 1, NULL, NULL, '2026-06-12 15:45:00'),
    (778, 'SS0070', 'SQ052', 2, NULL, NULL, '2026-06-12 15:45:00'),
    (779, 'SS0070', 'SQ006', 5, NULL, NULL, '2026-06-12 15:45:00'),
    (780, 'SS0070', 'SQ029', 3, NULL, NULL, '2026-06-12 15:45:00'),
    (781, 'SS0070', 'SQ041', NULL, 'B', NULL, '2026-06-12 15:45:00'),
    (782, 'SS0070', 'SQ017', NULL, NULL, 'Để mà với chưa thế không một thay cho.', '2026-06-12 15:45:00'),
    (783, 'SS0071', 'SQ034', NULL, 'B', NULL, '2026-06-12 15:45:00'),
    (784, 'SS0071', 'SQ041', NULL, 'A', NULL, '2026-06-12 15:45:00'),
    (785, 'SS0071', 'SQ055', NULL, NULL, 'Đã vài hơn như tại hoặc mà đến của trong nhiều.', '2026-06-12 15:45:00'),
    (786, 'SS0071', 'SQ014', NULL, 'A', NULL, '2026-06-12 15:45:00'),
    (787, 'SS0071', 'SQ048', 2, NULL, NULL, '2026-06-12 15:45:00'),
    (788, 'SS0071', 'SQ006', 5, NULL, NULL, '2026-06-12 15:45:00'),
    (789, 'SS0071', 'SQ024', NULL, NULL, 'Không đang các không từng nơi được và từ chỉ một của thế vì.', '2026-06-12 15:45:00'),
    (790, 'SS0071', 'SQ035', NULL, 'D', NULL, '2026-06-12 15:45:00'),
    (791, 'SS0072', 'SQ006', 1, NULL, NULL, '2026-06-12 15:45:00'),
    (792, 'SS0072', 'SQ048', 3, NULL, NULL, '2026-06-12 15:45:00'),
    (793, 'SS0072', 'SQ016', 1, NULL, NULL, '2026-06-12 15:45:00'),
    (794, 'SS0072', 'SQ040', NULL, 'A', NULL, '2026-06-12 15:45:00'),
    (795, 'SS0072', 'SQ034', NULL, 'A', NULL, '2026-06-12 15:45:00'),
    (796, 'SS0072', 'SQ031', 3, NULL, NULL, '2026-06-12 15:45:00'),
    (797, 'SS0072', 'SQ024', NULL, NULL, 'Số để đang mà tại thì gần rất đi.', '2026-06-12 15:45:00'),
    (798, 'SS0072', 'SQ009', NULL, 'C', NULL, '2026-06-12 15:45:00'),
    (799, 'SS0072', 'SQ023', NULL, 'D', NULL, '2026-06-12 15:45:00'),
    (800, 'SS0072', 'SQ054', 5, NULL, NULL, '2026-06-12 15:45:00'),
    (801, 'SS0072', 'SQ010', NULL, 'B', NULL, '2026-06-12 15:45:00'),
    (802, 'SS0072', 'SQ053', NULL, 'B', NULL, '2026-06-12 15:45:00'),
    (803, 'SS0072', 'SQ045', NULL, 'D', NULL, '2026-06-12 15:45:00'),
    (804, 'SS0073', 'SQ044', NULL, 'C', NULL, '2026-06-12 15:45:00'),
    (805, 'SS0073', 'SQ054', 2, NULL, NULL, '2026-06-12 15:45:00'),
    (806, 'SS0073', 'SQ021', NULL, NULL, 'Của giữa các để có của người tại hơn cách thế.', '2026-06-12 15:45:00'),
    (807, 'SS0073', 'SQ023', NULL, 'B', NULL, '2026-06-12 15:45:00'),
    (808, 'SS0073', 'SQ033', NULL, NULL, 'Nhưng một như tại là bạn khiến khiến theo đúng khi có.', '2026-06-12 15:45:00'),
    (809, 'SS0073', 'SQ012', 5, NULL, NULL, '2026-06-12 15:45:00'),
    (810, 'SS0073', 'SQ010', NULL, 'A', NULL, '2026-06-12 15:45:00'),
    (811, 'SS0073', 'SQ053', NULL, 'C', NULL, '2026-06-12 15:45:00'),
    (812, 'SS0073', 'SQ001', NULL, 'B', NULL, '2026-06-12 15:45:00'),
    (813, 'SS0073', 'SQ048', 5, NULL, NULL, '2026-06-12 15:45:00'),
    (814, 'SS0073', 'SQ040', NULL, 'B', NULL, '2026-06-12 15:45:00'),
    (815, 'SS0073', 'SQ029', 3, NULL, NULL, '2026-06-12 15:45:00'),
    (816, 'SS0073', 'SQ056', NULL, 'B', NULL, '2026-06-12 15:45:00'),
    (817, 'SS0073', 'SQ042', NULL, NULL, 'Sau nhiều mà nơi cho của vẫn không.', '2026-06-12 15:45:00'),
    (818, 'SS0073', 'SQ039', NULL, 'A', NULL, '2026-06-12 15:45:00'),
    (819, 'SS0074', 'SQ028', NULL, NULL, 'Giữa dưới có từ vậy một tôi với thế được bạn đó theo với.', '2026-06-12 15:45:00'),
    (820, 'SS0074', 'SQ001', NULL, 'A', NULL, '2026-06-12 15:45:00'),
    (821, 'SS0074', 'SQ022', NULL, 'B', NULL, '2026-06-12 15:45:00'),
    (822, 'SS0074', 'SQ010', NULL, 'B', NULL, '2026-06-12 15:45:00'),
    (823, 'SS0074', 'SQ007', 2, NULL, NULL, '2026-06-12 15:45:00'),
    (824, 'SS0074', 'SQ049', NULL, 'C', NULL, '2026-06-12 15:45:00'),
    (825, 'SS0074', 'SQ003', NULL, NULL, 'Nếu nhưng nào bạn khi đã nơi để trong thay để tự với làm.', '2026-06-12 15:45:00'),
    (826, 'SS0074', 'SQ014', NULL, 'A', NULL, '2026-06-12 15:45:00'),
    (827, 'SS0074', 'SQ002', NULL, NULL, 'Hơn bên là của không với với thay chưa nơi thì vì.', '2026-06-12 15:45:00'),
    (828, 'SS0074', 'SQ030', NULL, 'D', NULL, '2026-06-12 15:45:00'),
    (829, 'SS0074', 'SQ009', NULL, 'A', NULL, '2026-06-12 15:45:00'),
    (830, 'SS0074', 'SQ032', NULL, 'C', NULL, '2026-06-12 15:45:00'),
    (831, 'SS0075', 'SQ017', NULL, NULL, 'Tại nhưng nơi số bạn nhưng về theo vậy có làm tự số.', '2026-06-12 15:45:00'),
    (832, 'SS0075', 'SQ026', NULL, NULL, 'Giữa nào là tại thế dưới sau chưa là bạn các nhiều các chưa.', '2026-06-12 15:45:00'),
    (833, 'SS0075', 'SQ011', 2, NULL, NULL, '2026-06-12 15:45:00'),
    (834, 'SS0075', 'SQ007', 1, NULL, NULL, '2026-06-12 15:45:00'),
    (835, 'SS0075', 'SQ015', NULL, NULL, 'Người như trong thay thì giống nhiều vì hơn nào các cũng thế của không thế.', '2026-06-12 15:45:00'),
    (836, 'SS0075', 'SQ040', NULL, 'B', NULL, '2026-06-12 15:45:00'),
    (837, 'SS0075', 'SQ053', NULL, 'B', NULL, '2026-06-12 15:45:00'),
    (838, 'SS0075', 'SQ005', NULL, 'D', NULL, '2026-06-12 15:45:00'),
    (839, 'SS0075', 'SQ033', NULL, NULL, 'Từ vẫn để để mà cách hoặc đang đã có.', '2026-06-12 15:45:00'),
    (840, 'SS0075', 'SQ038', NULL, NULL, 'Thay thế khiến thế đang nhiều thế nơi thay theo chưa của không như được có.', '2026-06-12 15:45:00'),
    (841, 'SS0076', 'SQ031', 5, NULL, NULL, '2026-06-12 15:45:00'),
    (842, 'SS0076', 'SQ028', NULL, NULL, 'Như có đúng từ đó tại với người chưa.', '2026-06-12 15:45:00'),
    (843, 'SS0076', 'SQ020', NULL, 'A', NULL, '2026-06-12 15:45:00'),
    (844, 'SS0076', 'SQ026', NULL, NULL, 'Lớn tại một mà với nếu bạn mỗi cách điều từng vài khi được hơn.', '2026-06-12 15:45:00'),
    (845, 'SS0076', 'SQ012', 4, NULL, NULL, '2026-06-12 15:45:00'),
    (846, 'SS0076', 'SQ038', NULL, NULL, 'Này nhưng trong làm đi được cách có từng bạn lớn đi chỉ nhiều.', '2026-06-12 15:45:00'),
    (847, 'SS0076', 'SQ008', NULL, NULL, 'Vẫn bên để khi giống bạn mỗi bạn.', '2026-06-12 15:45:00'),
    (848, 'SS0076', 'SQ037', 2, NULL, NULL, '2026-06-12 15:45:00'),
    (849, 'SS0076', 'SQ029', 5, NULL, NULL, '2026-06-12 15:45:00'),
    (850, 'SS0076', 'SQ011', 3, NULL, NULL, '2026-06-12 15:45:00'),
    (851, 'SS0076', 'SQ055', NULL, NULL, 'Được hơn dưới từ trong cách đó thì của dưới rất nào chỉ.', '2026-06-12 15:45:00'),
    (852, 'SS0076', 'SQ021', NULL, NULL, 'Cái nếu nếu hoặc cách giống cho.', '2026-06-12 15:45:00'),
    (853, 'SS0076', 'SQ010', NULL, 'D', NULL, '2026-06-12 15:45:00'),
    (854, 'SS0076', 'SQ015', NULL, NULL, 'Từng cũng có mỗi lớn giữa có từ.', '2026-06-12 15:45:00'),
    (855, 'SS0076', 'SQ024', NULL, NULL, 'Cho như không cũng cách với từng để theo như từng khi nhưng bạn và.', '2026-06-12 15:45:00'),
    (856, 'SS0077', 'SQ045', NULL, 'A', NULL, '2026-06-12 15:45:00'),
    (857, 'SS0077', 'SQ017', NULL, NULL, 'Dưới như đang tôi điều cũng lớn khi thay của số sau là để tại.', '2026-06-12 15:45:00'),
    (858, 'SS0077', 'SQ032', NULL, 'B', NULL, '2026-06-12 15:45:00'),
    (859, 'SS0077', 'SQ046', 2, NULL, NULL, '2026-06-12 15:45:00'),
    (860, 'SS0077', 'SQ033', NULL, NULL, 'Gần chỉ với với được là thế hơn người cho như nhưng mà này.', '2026-06-12 15:45:00'),
    (861, 'SS0077', 'SQ036', NULL, 'A', NULL, '2026-06-12 15:45:00'),
    (862, 'SS0077', 'SQ047', 3, NULL, NULL, '2026-06-12 15:45:00'),
    (863, 'SS0077', 'SQ002', NULL, NULL, 'Này như và làm gần lớn chỉ lớn theo từ nơi một tôi nếu gần.', '2026-06-12 15:45:00'),
    (864, 'SS0077', 'SQ052', 3, NULL, NULL, '2026-06-12 15:45:00'),
    (865, 'SS0077', 'SQ035', NULL, 'B', NULL, '2026-06-12 15:45:00'),
    (866, 'SS0077', 'SQ003', NULL, NULL, 'Để giống tôi này như và từ không chỉ như như theo lớn với.', '2026-06-12 15:45:00'),
    (867, 'SS0077', 'SQ050', NULL, NULL, 'Làm mà thế hơn đúng khiến trong hơn như có.', '2026-06-12 15:45:00'),
    (868, 'SS0078', 'SQ046', 4, NULL, NULL, '2026-06-12 15:45:00'),
    (869, 'SS0078', 'SQ026', NULL, NULL, 'Cũng một giống cho như đã nhưng cách về với thay mỗi vẫn cho lớn.', '2026-06-12 15:45:00'),
    (870, 'SS0078', 'SQ014', NULL, 'A', NULL, '2026-06-12 15:45:00'),
    (871, 'SS0078', 'SQ005', NULL, 'B', NULL, '2026-06-12 15:45:00'),
    (872, 'SS0078', 'SQ051', NULL, 'D', NULL, '2026-06-12 15:45:00'),
    (873, 'SS0078', 'SQ034', NULL, 'A', NULL, '2026-06-12 15:45:00'),
    (874, 'SS0078', 'SQ041', NULL, 'A', NULL, '2026-06-12 15:45:00'),
    (875, 'SS0078', 'SQ021', NULL, NULL, 'Làm từ tại để khi vì đi để nhiều người dưới của có nơi.', '2026-06-12 15:45:00'),
    (876, 'SS0078', 'SQ008', NULL, NULL, 'Tại của vẫn điều đúng lớn tại với thế cách rất điều đi nơi điều.', '2026-06-12 15:45:00'),
    (877, 'SS0078', 'SQ060', NULL, NULL, 'Tại đã này đến hoặc từ không đó sau nhưng.', '2026-06-12 15:45:00'),
    (878, 'SS0079', 'SQ031', 5, NULL, NULL, '2026-06-12 15:45:00'),
    (879, 'SS0079', 'SQ032', NULL, 'A', NULL, '2026-06-12 15:45:00'),
    (880, 'SS0079', 'SQ014', NULL, 'A', NULL, '2026-06-12 15:45:00'),
    (881, 'SS0079', 'SQ017', NULL, NULL, 'Khi cũng từ chưa trong rất là nhiều.', '2026-06-12 15:45:00'),
    (882, 'SS0079', 'SQ044', NULL, 'C', NULL, '2026-06-12 15:45:00'),
    (883, 'SS0079', 'SQ024', NULL, NULL, 'Từ chưa mỗi trong không khi của đã cách đến thế số khi vậy hơn.', '2026-06-12 15:45:00'),
    (884, 'SS0079', 'SQ007', 4, NULL, NULL, '2026-06-12 15:45:00'),
    (885, 'SS0079', 'SQ052', 5, NULL, NULL, '2026-06-12 15:45:00'),
    (886, 'SS0079', 'SQ021', NULL, NULL, 'Mỗi cho từ làm đã vẫn như cho thay được đang khi của chưa.', '2026-06-12 15:45:00'),
    (887, 'SS0079', 'SQ018', NULL, 'B', NULL, '2026-06-12 15:45:00'),
    (888, 'SS0079', 'SQ005', NULL, 'C', NULL, '2026-06-12 15:45:00'),
    (889, 'SS0079', 'SQ054', 5, NULL, NULL, '2026-06-12 15:45:00'),
    (890, 'SS0079', 'SQ053', NULL, 'C', NULL, '2026-06-12 15:45:00'),
    (891, 'SS0080', 'SQ055', NULL, NULL, 'Chưa đã sau như cho như dưới giống không.', '2026-06-12 15:45:00'),
    (892, 'SS0080', 'SQ041', NULL, 'C', NULL, '2026-06-12 15:45:00'),
    (893, 'SS0080', 'SQ028', NULL, NULL, 'Lớn hơn người là từng từ với đến.', '2026-06-12 15:45:00'),
    (894, 'SS0080', 'SQ047', 3, NULL, NULL, '2026-06-12 15:45:00'),
    (895, 'SS0080', 'SQ056', NULL, 'B', NULL, '2026-06-12 15:45:00'),
    (896, 'SS0080', 'SQ036', NULL, 'C', NULL, '2026-06-12 15:45:00'),
    (897, 'SS0080', 'SQ017', NULL, NULL, 'Đó tại thay sẽ trong khi là mỗi dưới mỗi để các cũng của.', '2026-06-12 15:45:00'),
    (898, 'SS0080', 'SQ014', NULL, 'B', NULL, '2026-06-12 15:45:00'),
    (899, 'SS0080', 'SQ029', 2, NULL, NULL, '2026-06-12 15:45:00'),
    (900, 'SS0080', 'SQ032', NULL, 'C', NULL, '2026-06-12 15:45:00'),
    (901, 'SS0080', 'SQ016', 3, NULL, NULL, '2026-06-12 15:45:00'),
    (902, 'SS0080', 'SQ022', NULL, 'C', NULL, '2026-06-12 15:45:00'),
    (903, 'SS0080', 'SQ030', NULL, 'C', NULL, '2026-06-12 15:45:00'),
    (904, 'SS0080', 'SQ051', NULL, 'B', NULL, '2026-06-12 15:45:00'),
    (905, 'SS0081', 'SQ046', 3, NULL, NULL, '2026-06-12 15:45:00'),
    (906, 'SS0081', 'SQ015', NULL, NULL, 'Mà cái như chỉ khi như này đang nhưng đến tại vậy của giữa gần gần.', '2026-06-12 15:45:00'),
    (907, 'SS0081', 'SQ014', NULL, 'B', NULL, '2026-06-12 15:45:00'),
    (908, 'SS0081', 'SQ003', NULL, NULL, 'Hơn cái không đến trong trong cách được hơn của.', '2026-06-12 15:45:00'),
    (909, 'SS0081', 'SQ007', 5, NULL, NULL, '2026-06-12 15:45:00'),
    (910, 'SS0081', 'SQ025', 2, NULL, NULL, '2026-06-12 15:45:00'),
    (911, 'SS0081', 'SQ004', NULL, 'C', NULL, '2026-06-12 15:45:00'),
    (912, 'SS0081', 'SQ022', NULL, 'C', NULL, '2026-06-12 15:45:00'),
    (913, 'SS0081', 'SQ033', NULL, NULL, 'Số hoặc giống trong thay chưa từng khiến để mà trong đi đi từ với làm.', '2026-06-12 15:45:00'),
    (914, 'SS0081', 'SQ053', NULL, 'C', NULL, '2026-06-12 15:45:00'),
    (915, 'SS0081', 'SQ009', NULL, 'C', NULL, '2026-06-12 15:45:00'),
    (916, 'SS0081', 'SQ021', NULL, NULL, 'Cho đến chưa như dưới một từng từng.', '2026-06-12 15:45:00'),
    (917, 'SS0081', 'SQ011', 3, NULL, NULL, '2026-06-12 15:45:00'),
    (918, 'SS0081', 'SQ030', NULL, 'B', NULL, '2026-06-12 15:45:00'),
    (919, 'SS0081', 'SQ042', NULL, NULL, 'Gần như không của vì từng người.', '2026-06-12 15:45:00'),
    (920, 'SS0082', 'SQ038', NULL, NULL, 'Bạn nếu là thay rất đã cách đúng có vì.', '2026-06-12 15:45:00'),
    (921, 'SS0082', 'SQ057', NULL, 'D', NULL, '2026-06-12 15:45:00'),
    (922, 'SS0082', 'SQ010', NULL, 'A', NULL, '2026-06-12 15:45:00'),
    (923, 'SS0082', 'SQ006', 1, NULL, NULL, '2026-06-12 15:45:00'),
    (924, 'SS0082', 'SQ032', NULL, 'C', NULL, '2026-06-12 15:45:00'),
    (925, 'SS0082', 'SQ017', NULL, NULL, 'Tự điều cho trong một đi tự làm.', '2026-06-12 15:45:00'),
    (926, 'SS0082', 'SQ055', NULL, NULL, 'Đang một tại cái thì như hơn.', '2026-06-12 15:45:00'),
    (927, 'SS0082', 'SQ025', 3, NULL, NULL, '2026-06-12 15:45:00'),
    (928, 'SS0082', 'SQ020', NULL, 'A', NULL, '2026-06-12 15:45:00'),
    (929, 'SS0082', 'SQ053', NULL, 'D', NULL, '2026-06-12 15:45:00'),
    (930, 'SS0082', 'SQ028', NULL, NULL, 'Như nhiều số từ giống thay sau hơn.', '2026-06-12 15:45:00'),
    (931, 'SS0082', 'SQ003', NULL, NULL, 'Cũng sau từ rất từ trong để với đúng mỗi đến của để trong.', '2026-06-12 15:45:00'),
    (932, 'SS0082', 'SQ011', 3, NULL, NULL, '2026-06-12 15:45:00'),
    (933, 'SS0083', 'SQ018', NULL, 'A', NULL, '2026-06-12 15:45:00'),
    (934, 'SS0083', 'SQ041', NULL, 'A', NULL, '2026-06-12 15:45:00'),
    (935, 'SS0083', 'SQ016', 4, NULL, NULL, '2026-06-12 15:45:00'),
    (936, 'SS0083', 'SQ035', NULL, 'C', NULL, '2026-06-12 15:45:00'),
    (937, 'SS0083', 'SQ045', NULL, 'A', NULL, '2026-06-12 15:45:00'),
    (938, 'SS0083', 'SQ051', NULL, 'A', NULL, '2026-06-12 15:45:00'),
    (939, 'SS0083', 'SQ009', NULL, 'C', NULL, '2026-06-12 15:45:00'),
    (940, 'SS0083', 'SQ002', NULL, NULL, 'Đến sau mà để trong không từng.', '2026-06-12 15:45:00'),
    (941, 'SS0083', 'SQ006', 4, NULL, NULL, '2026-06-12 15:45:00'),
    (942, 'SS0083', 'SQ059', NULL, 'D', NULL, '2026-06-12 15:45:00'),
    (943, 'SS0083', 'SQ019', NULL, 'B', NULL, '2026-06-12 15:45:00'),
    (944, 'SS0083', 'SQ025', 2, NULL, NULL, '2026-06-12 15:45:00'),
    (945, 'SS0084', 'SQ049', NULL, 'A', NULL, '2026-06-12 15:45:00'),
    (946, 'SS0084', 'SQ047', 5, NULL, NULL, '2026-06-12 15:45:00'),
    (947, 'SS0084', 'SQ029', 1, NULL, NULL, '2026-06-12 15:45:00'),
    (948, 'SS0084', 'SQ007', 4, NULL, NULL, '2026-06-12 15:45:00'),
    (949, 'SS0084', 'SQ046', 3, NULL, NULL, '2026-06-12 15:45:00'),
    (950, 'SS0084', 'SQ001', NULL, 'B', NULL, '2026-06-12 15:45:00'),
    (951, 'SS0084', 'SQ009', NULL, 'C', NULL, '2026-06-12 15:45:00'),
    (952, 'SS0084', 'SQ054', 4, NULL, NULL, '2026-06-12 15:45:00'),
    (953, 'SS0084', 'SQ037', 3, NULL, NULL, '2026-06-12 15:45:00'),
    (954, 'SS0085', 'SQ040', NULL, 'A', NULL, '2026-06-12 15:45:00'),
    (955, 'SS0085', 'SQ055', NULL, NULL, 'Hơn vẫn dưới cách giống một sau cách khi giữa sẽ các như giống như từ.', '2026-06-12 15:45:00'),
    (956, 'SS0085', 'SQ018', NULL, 'C', NULL, '2026-06-12 15:45:00'),
    (957, 'SS0085', 'SQ039', NULL, 'A', NULL, '2026-06-12 15:45:00'),
    (958, 'SS0085', 'SQ013', 5, NULL, NULL, '2026-06-12 15:45:00'),
    (959, 'SS0085', 'SQ017', NULL, NULL, 'Sẽ này hoặc gần đi dưới một cho tại vậy có cũng không để.', '2026-06-12 15:45:00'),
    (960, 'SS0085', 'SQ036', NULL, 'C', NULL, '2026-06-12 15:45:00'),
    (961, 'SS0085', 'SQ058', NULL, 'A', NULL, '2026-06-12 15:45:00'),
    (962, 'SS0085', 'SQ045', NULL, 'A', NULL, '2026-06-12 15:45:00'),
    (963, 'SS0085', 'SQ043', NULL, 'B', NULL, '2026-06-12 15:45:00'),
    (964, 'SS0085', 'SQ056', NULL, 'C', NULL, '2026-06-12 15:45:00'),
    (965, 'SS0086', 'SQ007', 5, NULL, NULL, '2026-06-12 15:45:00'),
    (966, 'SS0086', 'SQ040', NULL, 'D', NULL, '2026-06-12 15:45:00'),
    (967, 'SS0086', 'SQ005', NULL, 'C', NULL, '2026-06-12 15:45:00'),
    (968, 'SS0086', 'SQ058', NULL, 'D', NULL, '2026-06-12 15:45:00'),
    (969, 'SS0086', 'SQ030', NULL, 'C', NULL, '2026-06-12 15:45:00'),
    (970, 'SS0086', 'SQ059', NULL, 'B', NULL, '2026-06-12 15:45:00'),
    (971, 'SS0086', 'SQ012', 2, NULL, NULL, '2026-06-12 15:45:00'),
    (972, 'SS0086', 'SQ016', 4, NULL, NULL, '2026-06-12 15:45:00'),
    (973, 'SS0086', 'SQ035', NULL, 'A', NULL, '2026-06-12 15:45:00'),
    (974, 'SS0086', 'SQ015', NULL, NULL, 'Cái đang như của bên rất về đúng các.', '2026-06-12 15:45:00'),
    (975, 'SS0086', 'SQ051', NULL, 'B', NULL, '2026-06-12 15:45:00'),
    (976, 'SS0087', 'SQ025', 3, NULL, NULL, '2026-06-12 15:45:00'),
    (977, 'SS0087', 'SQ015', NULL, NULL, 'Trong rất tự nơi tại đang đến hơn.', '2026-06-12 15:45:00'),
    (978, 'SS0087', 'SQ039', NULL, 'C', NULL, '2026-06-12 15:45:00'),
    (979, 'SS0087', 'SQ056', NULL, 'B', NULL, '2026-06-12 15:45:00'),
    (980, 'SS0087', 'SQ044', NULL, 'D', NULL, '2026-06-12 15:45:00'),
    (981, 'SS0087', 'SQ052', 5, NULL, NULL, '2026-06-12 15:45:00'),
    (982, 'SS0087', 'SQ017', NULL, NULL, 'Và của của như đã từng rất từ đến.', '2026-06-12 15:45:00'),
    (983, 'SS0087', 'SQ048', 5, NULL, NULL, '2026-06-12 15:45:00'),
    (984, 'SS0087', 'SQ027', 4, NULL, NULL, '2026-06-12 15:45:00'),
    (985, 'SS0088', 'SQ029', 3, NULL, NULL, '2026-06-12 15:45:00'),
    (986, 'SS0088', 'SQ037', 5, NULL, NULL, '2026-06-12 15:45:00'),
    (987, 'SS0088', 'SQ052', 4, NULL, NULL, '2026-06-12 15:45:00'),
    (988, 'SS0088', 'SQ033', NULL, NULL, 'Giữa sau từng vẫn điều của nếu với để làm một.', '2026-06-12 15:45:00'),
    (989, 'SS0088', 'SQ024', NULL, NULL, 'Giống giống cũng vậy hơn nào để về dưới dưới theo tại.', '2026-06-12 15:45:00'),
    (990, 'SS0088', 'SQ016', 2, NULL, NULL, '2026-06-12 15:45:00'),
    (991, 'SS0088', 'SQ026', NULL, NULL, 'Của giống từ tại sẽ các với làm cho bạn từ.', '2026-06-12 15:45:00'),
    (992, 'SS0088', 'SQ040', NULL, 'D', NULL, '2026-06-12 15:45:00'),
    (993, 'SS0088', 'SQ048', 1, NULL, NULL, '2026-06-12 15:45:00'),
    (994, 'SS0089', 'SQ038', NULL, NULL, 'Tại này đang giữa cũng đến này hơn.', '2026-06-12 15:45:00'),
    (995, 'SS0089', 'SQ010', NULL, 'D', NULL, '2026-06-12 15:45:00'),
    (996, 'SS0089', 'SQ019', NULL, 'A', NULL, '2026-06-12 15:45:00'),
    (997, 'SS0089', 'SQ046', 4, NULL, NULL, '2026-06-12 15:45:00'),
    (998, 'SS0089', 'SQ055', NULL, NULL, 'Để một như để từ khiến tại cái.', '2026-06-12 15:45:00'),
    (999, 'SS0089', 'SQ036', NULL, 'D', NULL, '2026-06-12 15:45:00'),
    (1000, 'SS0089', 'SQ002', NULL, NULL, 'Giống theo để chỉ thế bên đến là về rất chỉ nào từng không bạn nhiều.', '2026-06-12 15:45:00');

INSERT INTO survey_answers (id, survey_session_id, survey_question_id, rating_value, choice_value, text_value, created_at) VALUES
    (1001, 'SS0089', 'SQ017', NULL, NULL, 'Các mỗi hoặc tự nào sẽ được gần bạn đó mà chưa cái để.', '2026-06-12 15:45:00'),
    (1002, 'SS0089', 'SQ034', NULL, 'A', NULL, '2026-06-12 15:45:00'),
    (1003, 'SS0089', 'SQ051', NULL, 'D', NULL, '2026-06-12 15:45:00'),
    (1004, 'SS0089', 'SQ020', NULL, 'D', NULL, '2026-06-12 15:45:00'),
    (1005, 'SS0090', 'SQ039', NULL, 'D', NULL, '2026-06-12 15:45:00'),
    (1006, 'SS0090', 'SQ044', NULL, 'A', NULL, '2026-06-12 15:45:00'),
    (1007, 'SS0090', 'SQ051', NULL, 'A', NULL, '2026-06-12 15:45:00'),
    (1008, 'SS0090', 'SQ024', NULL, NULL, 'Cái và theo nơi vì có có thế đúng một giống nhưng các hơn.', '2026-06-12 15:45:00'),
    (1009, 'SS0090', 'SQ053', NULL, 'B', NULL, '2026-06-12 15:45:00'),
    (1010, 'SS0090', 'SQ023', NULL, 'C', NULL, '2026-06-12 15:45:00'),
    (1011, 'SS0090', 'SQ037', 1, NULL, NULL, '2026-06-12 15:45:00'),
    (1012, 'SS0090', 'SQ038', NULL, NULL, 'Đến từng cái chỉ trong vẫn nhưng.', '2026-06-12 15:45:00'),
    (1013, 'SS0090', 'SQ027', 2, NULL, NULL, '2026-06-12 15:45:00'),
    (1014, 'SS0090', 'SQ025', 4, NULL, NULL, '2026-06-12 15:45:00'),
    (1015, 'SS0090', 'SQ059', NULL, 'A', NULL, '2026-06-12 15:45:00'),
    (1016, 'SS0090', 'SQ005', NULL, 'B', NULL, '2026-06-12 15:45:00'),
    (1017, 'SS0090', 'SQ034', NULL, 'D', NULL, '2026-06-12 15:45:00'),
    (1018, 'SS0091', 'SQ037', 1, NULL, NULL, '2026-06-12 15:45:00'),
    (1019, 'SS0091', 'SQ002', NULL, NULL, 'Hoặc nào nhưng của để cũng là đang đã thì khi bạn một không điều dưới.', '2026-06-12 15:45:00'),
    (1020, 'SS0091', 'SQ019', NULL, 'A', NULL, '2026-06-12 15:45:00'),
    (1021, 'SS0091', 'SQ032', NULL, 'C', NULL, '2026-06-12 15:45:00'),
    (1022, 'SS0091', 'SQ021', NULL, NULL, 'Để cũng thay như được giống tôi giống có đến theo tại điều là về.', '2026-06-12 15:45:00'),
    (1023, 'SS0091', 'SQ003', NULL, NULL, 'Từ có cách đó lớn rất các vài rất một khiến.', '2026-06-12 15:45:00'),
    (1024, 'SS0091', 'SQ034', NULL, 'D', NULL, '2026-06-12 15:45:00'),
    (1025, 'SS0091', 'SQ025', 1, NULL, NULL, '2026-06-12 15:45:00'),
    (1026, 'SS0091', 'SQ055', NULL, NULL, 'Cũng vài này đúng cách giống đúng đã của để của.', '2026-06-12 15:45:00'),
    (1027, 'SS0091', 'SQ047', 2, NULL, NULL, '2026-06-12 15:45:00'),
    (1028, 'SS0092', 'SQ034', NULL, 'A', NULL, '2026-06-12 15:45:00'),
    (1029, 'SS0092', 'SQ032', NULL, 'B', NULL, '2026-06-12 15:45:00'),
    (1030, 'SS0092', 'SQ033', NULL, NULL, 'Cũng thì chưa chưa từ tôi từ với như theo của dưới.', '2026-06-12 15:45:00'),
    (1031, 'SS0092', 'SQ031', 2, NULL, NULL, '2026-06-12 15:45:00'),
    (1032, 'SS0092', 'SQ006', 5, NULL, NULL, '2026-06-12 15:45:00'),
    (1033, 'SS0092', 'SQ002', NULL, NULL, 'Vài sẽ thế cho có mà đến nơi không theo nhưng.', '2026-06-12 15:45:00'),
    (1034, 'SS0092', 'SQ014', NULL, 'A', NULL, '2026-06-12 15:45:00'),
    (1035, 'SS0092', 'SQ046', 2, NULL, NULL, '2026-06-12 15:45:00'),
    (1036, 'SS0092', 'SQ011', 2, NULL, NULL, '2026-06-12 15:45:00'),
    (1037, 'SS0092', 'SQ051', NULL, 'C', NULL, '2026-06-12 15:45:00'),
    (1038, 'SS0092', 'SQ020', NULL, 'B', NULL, '2026-06-12 15:45:00'),
    (1039, 'SS0092', 'SQ029', 4, NULL, NULL, '2026-06-12 15:45:00'),
    (1040, 'SS0092', 'SQ019', NULL, 'C', NULL, '2026-06-12 15:45:00'),
    (1041, 'SS0093', 'SQ010', NULL, 'B', NULL, '2026-06-12 15:45:00'),
    (1042, 'SS0093', 'SQ038', NULL, NULL, 'Vậy nếu bạn nhưng từng số đi đang như có này cách mỗi về gần.', '2026-06-12 15:45:00'),
    (1043, 'SS0093', 'SQ017', NULL, NULL, 'Nào dưới cho như như vẫn một số từ giữa với đang để từng.', '2026-06-12 15:45:00'),
    (1044, 'SS0093', 'SQ026', NULL, NULL, 'Khi như bạn người được từng tôi không gần đến tự vì tại như.', '2026-06-12 15:45:00'),
    (1045, 'SS0093', 'SQ014', NULL, 'C', NULL, '2026-06-12 15:45:00'),
    (1046, 'SS0093', 'SQ021', NULL, NULL, 'Hoặc số của nhiều có sẽ trong tự tại để làm và.', '2026-06-12 15:45:00'),
    (1047, 'SS0093', 'SQ031', 2, NULL, NULL, '2026-06-12 15:45:00'),
    (1048, 'SS0093', 'SQ055', NULL, NULL, 'Để làm rất khiến về vài vậy nhưng cái như về rất số đi rất để.', '2026-06-12 15:45:00'),
    (1049, 'SS0093', 'SQ028', NULL, NULL, 'Nếu mỗi nếu của theo làm cũng như vài nếu.', '2026-06-12 15:45:00'),
    (1050, 'SS0093', 'SQ052', 2, NULL, NULL, '2026-06-12 15:45:00'),
    (1051, 'SS0093', 'SQ034', NULL, 'C', NULL, '2026-06-12 15:45:00'),
    (1052, 'SS0094', 'SQ048', 4, NULL, NULL, '2026-06-12 15:45:00'),
    (1053, 'SS0094', 'SQ044', NULL, 'C', NULL, '2026-06-12 15:45:00'),
    (1054, 'SS0094', 'SQ059', NULL, 'B', NULL, '2026-06-12 15:45:00'),
    (1055, 'SS0094', 'SQ040', NULL, 'C', NULL, '2026-06-12 15:45:00'),
    (1056, 'SS0094', 'SQ002', NULL, NULL, 'Để đi người vì tự sẽ để vẫn các khiến không từ vẫn các chưa vì.', '2026-06-12 15:45:00'),
    (1057, 'SS0094', 'SQ027', 2, NULL, NULL, '2026-06-12 15:45:00'),
    (1058, 'SS0094', 'SQ053', NULL, 'C', NULL, '2026-06-12 15:45:00'),
    (1059, 'SS0094', 'SQ023', NULL, 'A', NULL, '2026-06-12 15:45:00'),
    (1060, 'SS0094', 'SQ045', NULL, 'A', NULL, '2026-06-12 15:45:00'),
    (1061, 'SS0094', 'SQ058', NULL, 'C', NULL, '2026-06-12 15:45:00'),
    (1062, 'SS0094', 'SQ034', NULL, 'D', NULL, '2026-06-12 15:45:00'),
    (1063, 'SS0094', 'SQ014', NULL, 'A', NULL, '2026-06-12 15:45:00'),
    (1064, 'SS0095', 'SQ060', NULL, NULL, 'Sau thế nào nào thay vậy là nhưng hơn nhưng để là về nhiều.', '2026-06-12 15:45:00'),
    (1065, 'SS0095', 'SQ039', NULL, 'C', NULL, '2026-06-12 15:45:00'),
    (1066, 'SS0095', 'SQ051', NULL, 'A', NULL, '2026-06-12 15:45:00'),
    (1067, 'SS0095', 'SQ007', 2, NULL, NULL, '2026-06-12 15:45:00'),
    (1068, 'SS0095', 'SQ027', 5, NULL, NULL, '2026-06-12 15:45:00'),
    (1069, 'SS0095', 'SQ032', NULL, 'C', NULL, '2026-06-12 15:45:00'),
    (1070, 'SS0095', 'SQ043', NULL, 'D', NULL, '2026-06-12 15:45:00'),
    (1071, 'SS0095', 'SQ005', NULL, 'B', NULL, '2026-06-12 15:45:00'),
    (1072, 'SS0095', 'SQ031', 3, NULL, NULL, '2026-06-12 15:45:00'),
    (1073, 'SS0095', 'SQ058', NULL, 'B', NULL, '2026-06-12 15:45:00'),
    (1074, 'SS0096', 'SQ006', 5, NULL, NULL, '2026-06-12 15:45:00'),
    (1075, 'SS0096', 'SQ052', 5, NULL, NULL, '2026-06-12 15:45:00'),
    (1076, 'SS0096', 'SQ018', NULL, 'B', NULL, '2026-06-12 15:45:00'),
    (1077, 'SS0096', 'SQ032', NULL, 'D', NULL, '2026-06-12 15:45:00'),
    (1078, 'SS0096', 'SQ003', NULL, NULL, 'Đi cho hơn hơn từ khiến mà một người tại hơn.', '2026-06-12 15:45:00'),
    (1079, 'SS0096', 'SQ045', NULL, 'A', NULL, '2026-06-12 15:45:00'),
    (1080, 'SS0096', 'SQ011', 2, NULL, NULL, '2026-06-12 15:45:00'),
    (1081, 'SS0096', 'SQ043', NULL, 'C', NULL, '2026-06-12 15:45:00'),
    (1082, 'SS0097', 'SQ015', NULL, NULL, 'Từ bên số của tự hơn vậy dưới một đúng như như.', '2026-06-12 15:45:00'),
    (1083, 'SS0097', 'SQ032', NULL, 'B', NULL, '2026-06-12 15:45:00'),
    (1084, 'SS0097', 'SQ023', NULL, 'A', NULL, '2026-06-12 15:45:00'),
    (1085, 'SS0097', 'SQ043', NULL, 'C', NULL, '2026-06-12 15:45:00'),
    (1086, 'SS0097', 'SQ060', NULL, NULL, 'Khi dưới sẽ cũng chỉ nơi vài khiến cũng.', '2026-06-12 15:45:00'),
    (1087, 'SS0097', 'SQ016', 1, NULL, NULL, '2026-06-12 15:45:00'),
    (1088, 'SS0097', 'SQ029', 2, NULL, NULL, '2026-06-12 15:45:00'),
    (1089, 'SS0097', 'SQ024', NULL, NULL, 'Với tôi vì thay bạn có để tôi với hơn hoặc với giữa của.', '2026-06-12 15:45:00'),
    (1090, 'SS0097', 'SQ030', NULL, 'B', NULL, '2026-06-12 15:45:00'),
    (1091, 'SS0097', 'SQ021', NULL, NULL, 'Trong của tự không cho của để bên.', '2026-06-12 15:45:00'),
    (1092, 'SS0097', 'SQ019', NULL, 'C', NULL, '2026-06-12 15:45:00'),
    (1093, 'SS0097', 'SQ050', NULL, NULL, 'Không là tại cách nhưng nhưng nếu đúng với khiến có vẫn trong đang.', '2026-06-12 15:45:00'),
    (1094, 'SS0097', 'SQ013', 4, NULL, NULL, '2026-06-12 15:45:00'),
    (1095, 'SS0097', 'SQ031', 1, NULL, NULL, '2026-06-12 15:45:00'),
    (1096, 'SS0098', 'SQ006', 4, NULL, NULL, '2026-06-12 15:45:00'),
    (1097, 'SS0098', 'SQ022', NULL, 'D', NULL, '2026-06-12 15:45:00'),
    (1098, 'SS0098', 'SQ049', NULL, 'B', NULL, '2026-06-12 15:45:00'),
    (1099, 'SS0098', 'SQ032', NULL, 'D', NULL, '2026-06-12 15:45:00'),
    (1100, 'SS0098', 'SQ016', 5, NULL, NULL, '2026-06-12 15:45:00'),
    (1101, 'SS0098', 'SQ044', NULL, 'D', NULL, '2026-06-12 15:45:00'),
    (1102, 'SS0098', 'SQ057', NULL, 'B', NULL, '2026-06-12 15:45:00'),
    (1103, 'SS0098', 'SQ026', NULL, NULL, 'Đi chỉ nhiều tự gần bên tại tôi được.', '2026-06-12 15:45:00'),
    (1104, 'SS0098', 'SQ056', NULL, 'B', NULL, '2026-06-12 15:45:00'),
    (1105, 'SS0098', 'SQ011', 2, NULL, NULL, '2026-06-12 15:45:00'),
    (1106, 'SS0099', 'SQ013', 3, NULL, NULL, '2026-06-12 15:45:00'),
    (1107, 'SS0099', 'SQ038', NULL, NULL, 'Của tại để các từ số với là có vài từ.', '2026-06-12 15:45:00'),
    (1108, 'SS0099', 'SQ044', NULL, 'C', NULL, '2026-06-12 15:45:00'),
    (1109, 'SS0099', 'SQ011', 4, NULL, NULL, '2026-06-12 15:45:00'),
    (1110, 'SS0099', 'SQ042', NULL, NULL, 'Nhưng như có bạn là thì cách được một.', '2026-06-12 15:45:00'),
    (1111, 'SS0099', 'SQ041', NULL, 'D', NULL, '2026-06-12 15:45:00'),
    (1112, 'SS0099', 'SQ058', NULL, 'D', NULL, '2026-06-12 15:45:00'),
    (1113, 'SS0099', 'SQ002', NULL, NULL, 'Tại như như bên sẽ thế thế khi cho đúng vậy số và của.', '2026-06-12 15:45:00'),
    (1114, 'SS0099', 'SQ008', NULL, NULL, 'Dưới mà số số từng nơi tôi hơn trong.', '2026-06-12 15:45:00'),
    (1115, 'SS0099', 'SQ014', NULL, 'C', NULL, '2026-06-12 15:45:00'),
    (1116, 'SS0099', 'SQ040', NULL, 'D', NULL, '2026-06-12 15:45:00'),
    (1117, 'SS0100', 'SQ034', NULL, 'B', NULL, '2026-06-12 15:45:00'),
    (1118, 'SS0100', 'SQ057', NULL, 'C', NULL, '2026-06-12 15:45:00'),
    (1119, 'SS0100', 'SQ035', NULL, 'C', NULL, '2026-06-12 15:45:00'),
    (1120, 'SS0100', 'SQ054', 2, NULL, NULL, '2026-06-12 15:45:00'),
    (1121, 'SS0100', 'SQ003', NULL, NULL, 'Giống từ cũng đúng cũng nhiều dưới khi giống cách.', '2026-06-12 15:45:00'),
    (1122, 'SS0100', 'SQ018', NULL, 'B', NULL, '2026-06-12 15:45:00'),
    (1123, 'SS0100', 'SQ060', NULL, NULL, 'Lớn từ nếu khiến tự vài vì.', '2026-06-12 15:45:00'),
    (1124, 'SS0100', 'SQ038', NULL, NULL, 'Người trong vài làm của hơn nếu giữa trong.', '2026-06-12 15:45:00'),
    (1125, 'SS0100', 'SQ024', NULL, NULL, 'Đi trong mà nhưng số đã người để hơn cũng từng là và này sẽ như.', '2026-06-12 15:45:00'),
    (1126, 'SS0100', 'SQ046', 2, NULL, NULL, '2026-06-12 15:45:00'),
    (1127, 'SS0100', 'SQ022', NULL, 'C', NULL, '2026-06-12 15:45:00'),
    (1128, 'SS0100', 'SQ025', 2, NULL, NULL, '2026-06-12 15:45:00'),
    (1129, 'SS0100', 'SQ021', NULL, NULL, 'Mỗi số vậy cái thay giống cách số bạn cho.', '2026-06-12 15:45:00'),
    (1130, 'SS0101', 'SQ044', NULL, 'B', NULL, '2026-06-12 15:45:00'),
    (1131, 'SS0101', 'SQ016', 4, NULL, NULL, '2026-06-12 15:45:00'),
    (1132, 'SS0101', 'SQ040', NULL, 'A', NULL, '2026-06-12 15:45:00'),
    (1133, 'SS0101', 'SQ001', NULL, 'A', NULL, '2026-06-12 15:45:00'),
    (1134, 'SS0101', 'SQ010', NULL, 'C', NULL, '2026-06-12 15:45:00'),
    (1135, 'SS0101', 'SQ023', NULL, 'A', NULL, '2026-06-12 15:45:00'),
    (1136, 'SS0101', 'SQ009', NULL, 'A', NULL, '2026-06-12 15:45:00'),
    (1137, 'SS0101', 'SQ056', NULL, 'A', NULL, '2026-06-12 15:45:00'),
    (1138, 'SS0101', 'SQ005', NULL, 'D', NULL, '2026-06-12 15:45:00'),
    (1139, 'SS0102', 'SQ060', NULL, NULL, 'Mỗi rất giữa tại đúng cách để tôi này chưa đúng.', '2026-06-12 15:45:00'),
    (1140, 'SS0102', 'SQ025', 4, NULL, NULL, '2026-06-12 15:45:00'),
    (1141, 'SS0102', 'SQ005', NULL, 'A', NULL, '2026-06-12 15:45:00'),
    (1142, 'SS0102', 'SQ041', NULL, 'D', NULL, '2026-06-12 15:45:00'),
    (1143, 'SS0102', 'SQ008', NULL, NULL, 'Hơn đúng thế tại tại đi trong tôi bạn thay số và giống.', '2026-06-12 15:45:00'),
    (1144, 'SS0102', 'SQ020', NULL, 'C', NULL, '2026-06-12 15:45:00'),
    (1145, 'SS0102', 'SQ047', 5, NULL, NULL, '2026-06-12 15:45:00'),
    (1146, 'SS0102', 'SQ033', NULL, NULL, 'Là thế như đến của nhiều đó.', '2026-06-12 15:45:00'),
    (1147, 'SS0102', 'SQ027', 5, NULL, NULL, '2026-06-12 15:45:00'),
    (1148, 'SS0102', 'SQ036', NULL, 'A', NULL, '2026-06-12 15:45:00'),
    (1149, 'SS0102', 'SQ026', NULL, NULL, 'Dưới đang từng từ một đó hơn.', '2026-06-12 15:45:00'),
    (1150, 'SS0102', 'SQ012', 4, NULL, NULL, '2026-06-12 15:45:00'),
    (1151, 'SS0103', 'SQ028', NULL, NULL, 'Mà đi điều theo đang người với được để.', '2026-06-12 15:45:00'),
    (1152, 'SS0103', 'SQ017', NULL, NULL, 'Thế thay sau đến này từ cho dưới nếu để cách được với được khiến như.', '2026-06-12 15:45:00'),
    (1153, 'SS0103', 'SQ043', NULL, 'C', NULL, '2026-06-12 15:45:00'),
    (1154, 'SS0103', 'SQ014', NULL, 'C', NULL, '2026-06-12 15:45:00'),
    (1155, 'SS0103', 'SQ030', NULL, 'B', NULL, '2026-06-12 15:45:00'),
    (1156, 'SS0103', 'SQ057', NULL, 'A', NULL, '2026-06-12 15:45:00'),
    (1157, 'SS0103', 'SQ048', 3, NULL, NULL, '2026-06-12 15:45:00'),
    (1158, 'SS0103', 'SQ036', NULL, 'A', NULL, '2026-06-12 15:45:00'),
    (1159, 'SS0103', 'SQ008', NULL, NULL, 'Của mà tôi bên thay vậy khi.', '2026-06-12 15:45:00'),
    (1160, 'SS0104', 'SQ029', 2, NULL, NULL, '2026-06-12 15:45:00'),
    (1161, 'SS0104', 'SQ004', NULL, 'D', NULL, '2026-06-12 15:45:00'),
    (1162, 'SS0104', 'SQ027', 5, NULL, NULL, '2026-06-12 15:45:00'),
    (1163, 'SS0104', 'SQ013', 1, NULL, NULL, '2026-06-12 15:45:00'),
    (1164, 'SS0104', 'SQ049', NULL, 'B', NULL, '2026-06-12 15:45:00'),
    (1165, 'SS0104', 'SQ036', NULL, 'C', NULL, '2026-06-12 15:45:00'),
    (1166, 'SS0104', 'SQ002', NULL, NULL, 'Trong từ điều mỗi đến được hơn và làm tôi một trong.', '2026-06-12 15:45:00'),
    (1167, 'SS0104', 'SQ026', NULL, NULL, 'Vì với vẫn hơn đúng vì cũng tôi.', '2026-06-12 15:45:00'),
    (1168, 'SS0104', 'SQ041', NULL, 'C', NULL, '2026-06-12 15:45:00'),
    (1169, 'SS0104', 'SQ053', NULL, 'B', NULL, '2026-06-12 15:45:00'),
    (1170, 'SS0104', 'SQ028', NULL, NULL, 'Cũng tôi đúng gần như là bạn vài tự.', '2026-06-12 15:45:00'),
    (1171, 'SS0104', 'SQ016', 4, NULL, NULL, '2026-06-12 15:45:00'),
    (1172, 'SS0104', 'SQ040', NULL, 'B', NULL, '2026-06-12 15:45:00'),
    (1173, 'SS0104', 'SQ015', NULL, NULL, 'Rất gần đang với thay các trong số từ và nhiều bạn một mà cũng sẽ.', '2026-06-12 15:45:00'),
    (1174, 'SS0104', 'SQ045', NULL, 'C', NULL, '2026-06-12 15:45:00'),
    (1175, 'SS0105', 'SQ022', NULL, 'C', NULL, '2026-06-12 15:45:00'),
    (1176, 'SS0105', 'SQ042', NULL, NULL, 'Tự từng trong có để làm cho.', '2026-06-12 15:45:00'),
    (1177, 'SS0105', 'SQ023', NULL, 'C', NULL, '2026-06-12 15:45:00'),
    (1178, 'SS0105', 'SQ001', NULL, 'C', NULL, '2026-06-12 15:45:00'),
    (1179, 'SS0105', 'SQ020', NULL, 'D', NULL, '2026-06-12 15:45:00'),
    (1180, 'SS0105', 'SQ006', 2, NULL, NULL, '2026-06-12 15:45:00'),
    (1181, 'SS0105', 'SQ005', NULL, 'C', NULL, '2026-06-12 15:45:00'),
    (1182, 'SS0105', 'SQ012', 5, NULL, NULL, '2026-06-12 15:45:00'),
    (1183, 'SS0105', 'SQ016', 2, NULL, NULL, '2026-06-12 15:45:00'),
    (1184, 'SS0105', 'SQ030', NULL, 'C', NULL, '2026-06-12 15:45:00'),
    (1185, 'SS0106', 'SQ053', NULL, 'C', NULL, '2026-06-12 15:45:00'),
    (1186, 'SS0106', 'SQ014', NULL, 'B', NULL, '2026-06-12 15:45:00'),
    (1187, 'SS0106', 'SQ056', NULL, 'D', NULL, '2026-06-12 15:45:00'),
    (1188, 'SS0106', 'SQ043', NULL, 'C', NULL, '2026-06-12 15:45:00'),
    (1189, 'SS0106', 'SQ025', 2, NULL, NULL, '2026-06-12 15:45:00'),
    (1190, 'SS0106', 'SQ016', 4, NULL, NULL, '2026-06-12 15:45:00'),
    (1191, 'SS0106', 'SQ032', NULL, 'B', NULL, '2026-06-12 15:45:00'),
    (1192, 'SS0106', 'SQ048', 3, NULL, NULL, '2026-06-12 15:45:00'),
    (1193, 'SS0107', 'SQ034', NULL, 'C', NULL, '2026-06-12 15:45:00'),
    (1194, 'SS0107', 'SQ010', NULL, 'D', NULL, '2026-06-12 15:45:00'),
    (1195, 'SS0107', 'SQ056', NULL, 'B', NULL, '2026-06-12 15:45:00'),
    (1196, 'SS0107', 'SQ039', NULL, 'B', NULL, '2026-06-12 15:45:00'),
    (1197, 'SS0107', 'SQ052', 3, NULL, NULL, '2026-06-12 15:45:00'),
    (1198, 'SS0107', 'SQ002', NULL, NULL, 'Chỉ cũng vài có chưa để được cách như cho khiến là người gần bạn.', '2026-06-12 15:45:00'),
    (1199, 'SS0107', 'SQ027', 4, NULL, NULL, '2026-06-12 15:45:00'),
    (1200, 'SS0107', 'SQ043', NULL, 'B', NULL, '2026-06-12 15:45:00'),
    (1201, 'SS0107', 'SQ025', 3, NULL, NULL, '2026-06-12 15:45:00'),
    (1202, 'SS0107', 'SQ054', 3, NULL, NULL, '2026-06-12 15:45:00'),
    (1203, 'SS0107', 'SQ007', 1, NULL, NULL, '2026-06-12 15:45:00'),
    (1204, 'SS0107', 'SQ015', NULL, NULL, 'Của số có khi như là khi cho tại từng lớn nhiều là.', '2026-06-12 15:45:00'),
    (1205, 'SS0107', 'SQ038', NULL, NULL, 'Của sẽ tự bạn để về tôi với.', '2026-06-12 15:45:00'),
    (1206, 'SS0107', 'SQ032', NULL, 'A', NULL, '2026-06-12 15:45:00'),
    (1207, 'SS0108', 'SQ030', NULL, 'A', NULL, '2026-06-12 15:45:00'),
    (1208, 'SS0108', 'SQ004', NULL, 'B', NULL, '2026-06-12 15:45:00'),
    (1209, 'SS0108', 'SQ050', NULL, NULL, 'Của các có sẽ bên không thay sau được trong.', '2026-06-12 15:45:00'),
    (1210, 'SS0108', 'SQ008', NULL, NULL, 'Như được nhưng chưa cũng này đi về số như sẽ các đến.', '2026-06-12 15:45:00'),
    (1211, 'SS0108', 'SQ047', 2, NULL, NULL, '2026-06-12 15:45:00'),
    (1212, 'SS0108', 'SQ002', NULL, NULL, 'Đó thì từng số tự hơn một tự tự.', '2026-06-12 15:45:00'),
    (1213, 'SS0108', 'SQ019', NULL, 'C', NULL, '2026-06-12 15:45:00'),
    (1214, 'SS0108', 'SQ006', 5, NULL, NULL, '2026-06-12 15:45:00'),
    (1215, 'SS0109', 'SQ019', NULL, 'D', NULL, '2026-06-12 15:45:00'),
    (1216, 'SS0109', 'SQ037', 5, NULL, NULL, '2026-06-12 15:45:00'),
    (1217, 'SS0109', 'SQ021', NULL, NULL, 'Cũng bên cách từ nếu nào thế đúng như làm như.', '2026-06-12 15:45:00'),
    (1218, 'SS0109', 'SQ055', NULL, NULL, 'Nếu với vẫn vì như đã đã trong đang rất thì nơi.', '2026-06-12 15:45:00'),
    (1219, 'SS0109', 'SQ035', NULL, 'D', NULL, '2026-06-12 15:45:00'),
    (1220, 'SS0109', 'SQ029', 4, NULL, NULL, '2026-06-12 15:45:00'),
    (1221, 'SS0109', 'SQ013', 2, NULL, NULL, '2026-06-12 15:45:00'),
    (1222, 'SS0109', 'SQ033', NULL, NULL, 'Này chưa trong tại vẫn vẫn thì.', '2026-06-12 15:45:00'),
    (1223, 'SS0109', 'SQ011', 5, NULL, NULL, '2026-06-12 15:45:00'),
    (1224, 'SS0109', 'SQ015', NULL, NULL, 'Trong vì để hơn từ và rất có thế mà sau từ.', '2026-06-12 15:45:00'),
    (1225, 'SS0109', 'SQ048', 4, NULL, NULL, '2026-06-12 15:45:00'),
    (1226, 'SS0109', 'SQ028', NULL, NULL, 'Từng dưới có người có đến điều nếu sẽ từ với đã.', '2026-06-12 15:45:00'),
    (1227, 'SS0109', 'SQ053', NULL, 'C', NULL, '2026-06-12 15:45:00'),
    (1228, 'SS0109', 'SQ058', NULL, 'D', NULL, '2026-06-12 15:45:00'),
    (1229, 'SS0110', 'SQ043', NULL, 'C', NULL, '2026-06-12 15:45:00'),
    (1230, 'SS0110', 'SQ058', NULL, 'B', NULL, '2026-06-12 15:45:00'),
    (1231, 'SS0110', 'SQ022', NULL, 'A', NULL, '2026-06-12 15:45:00'),
    (1232, 'SS0110', 'SQ016', 2, NULL, NULL, '2026-06-12 15:45:00'),
    (1233, 'SS0110', 'SQ005', NULL, 'B', NULL, '2026-06-12 15:45:00'),
    (1234, 'SS0110', 'SQ053', NULL, 'A', NULL, '2026-06-12 15:45:00'),
    (1235, 'SS0110', 'SQ034', NULL, 'C', NULL, '2026-06-12 15:45:00'),
    (1236, 'SS0110', 'SQ038', NULL, NULL, 'Vài khi vì đang đúng từ cũng từng cái.', '2026-06-12 15:45:00'),
    (1237, 'SS0110', 'SQ052', 1, NULL, NULL, '2026-06-12 15:45:00'),
    (1238, 'SS0110', 'SQ056', NULL, 'A', NULL, '2026-06-12 15:45:00'),
    (1239, 'SS0110', 'SQ003', NULL, NULL, 'Để thay rất với như một với mỗi với cũng trong chỉ.', '2026-06-12 15:45:00'),
    (1240, 'SS0110', 'SQ041', NULL, 'C', NULL, '2026-06-12 15:45:00'),
    (1241, 'SS0110', 'SQ039', NULL, 'D', NULL, '2026-06-12 15:45:00'),
    (1242, 'SS0110', 'SQ021', NULL, NULL, 'Thế tại cách đã đúng lớn vài thay để chỉ cái vì các.', '2026-06-12 15:45:00'),
    (1243, 'SS0110', 'SQ028', NULL, NULL, 'Nhưng rất vậy làm để mỗi về nào về sau vậy bên.', '2026-06-12 15:45:00'),
    (1244, 'SS0111', 'SQ001', NULL, 'A', NULL, '2026-06-12 15:45:00'),
    (1245, 'SS0111', 'SQ052', 3, NULL, NULL, '2026-06-12 15:45:00'),
    (1246, 'SS0111', 'SQ058', NULL, 'A', NULL, '2026-06-12 15:45:00'),
    (1247, 'SS0111', 'SQ012', 1, NULL, NULL, '2026-06-12 15:45:00'),
    (1248, 'SS0111', 'SQ042', NULL, NULL, 'Đúng một đi hoặc như đó như này rất.', '2026-06-12 15:45:00'),
    (1249, 'SS0111', 'SQ020', NULL, 'D', NULL, '2026-06-12 15:45:00'),
    (1250, 'SS0111', 'SQ019', NULL, 'B', NULL, '2026-06-12 15:45:00'),
    (1251, 'SS0111', 'SQ055', NULL, NULL, 'Như hơn cũng có đi giống sau tại khiến số.', '2026-06-12 15:45:00'),
    (1252, 'SS0111', 'SQ049', NULL, 'A', NULL, '2026-06-12 15:45:00'),
    (1253, 'SS0111', 'SQ037', 1, NULL, NULL, '2026-06-12 15:45:00'),
    (1254, 'SS0111', 'SQ040', NULL, 'C', NULL, '2026-06-12 15:45:00'),
    (1255, 'SS0111', 'SQ050', NULL, NULL, 'Cái cách bên lớn đó hơn về để một mỗi chỉ một cho này gần.', '2026-06-12 15:45:00'),
    (1256, 'SS0111', 'SQ051', NULL, 'C', NULL, '2026-06-12 15:45:00'),
    (1257, 'SS0112', 'SQ057', NULL, 'B', NULL, '2026-06-12 15:45:00'),
    (1258, 'SS0112', 'SQ035', NULL, 'A', NULL, '2026-06-12 15:45:00'),
    (1259, 'SS0112', 'SQ032', NULL, 'C', NULL, '2026-06-12 15:45:00'),
    (1260, 'SS0112', 'SQ015', NULL, NULL, 'Làm tự tự từ một thì này thế.', '2026-06-12 15:45:00'),
    (1261, 'SS0112', 'SQ012', 2, NULL, NULL, '2026-06-12 15:45:00'),
    (1262, 'SS0112', 'SQ039', NULL, 'A', NULL, '2026-06-12 15:45:00'),
    (1263, 'SS0112', 'SQ025', 5, NULL, NULL, '2026-06-12 15:45:00'),
    (1264, 'SS0112', 'SQ043', NULL, 'B', NULL, '2026-06-12 15:45:00'),
    (1265, 'SS0112', 'SQ060', NULL, NULL, 'Đang của từ như các mỗi có của đi của điều hoặc như không nhưng.', '2026-06-12 15:45:00'),
    (1266, 'SS0112', 'SQ046', 1, NULL, NULL, '2026-06-12 15:45:00'),
    (1267, 'SS0112', 'SQ045', NULL, 'B', NULL, '2026-06-12 15:45:00'),
    (1268, 'SS0113', 'SQ025', 4, NULL, NULL, '2026-06-12 15:45:00'),
    (1269, 'SS0113', 'SQ050', NULL, NULL, 'Từ cách vì không hoặc như điều thế nhiều vì là vẫn sau.', '2026-06-12 15:45:00'),
    (1270, 'SS0113', 'SQ047', 1, NULL, NULL, '2026-06-12 15:45:00'),
    (1271, 'SS0113', 'SQ029', 5, NULL, NULL, '2026-06-12 15:45:00'),
    (1272, 'SS0113', 'SQ051', NULL, 'C', NULL, '2026-06-12 15:45:00'),
    (1273, 'SS0113', 'SQ042', NULL, NULL, 'Hơn nơi cho như khi có này.', '2026-06-12 15:45:00'),
    (1274, 'SS0113', 'SQ009', NULL, 'A', NULL, '2026-06-12 15:45:00'),
    (1275, 'SS0113', 'SQ027', 3, NULL, NULL, '2026-06-12 15:45:00'),
    (1276, 'SS0113', 'SQ060', NULL, NULL, 'Tự để chưa gần chỉ chỉ đến mỗi từ của sẽ đã giống với.', '2026-06-12 15:45:00'),
    (1277, 'SS0113', 'SQ039', NULL, 'C', NULL, '2026-06-12 15:45:00'),
    (1278, 'SS0114', 'SQ034', NULL, 'D', NULL, '2026-06-12 15:45:00'),
    (1279, 'SS0114', 'SQ003', NULL, NULL, 'Rất làm với vài và với này dưới thế để.', '2026-06-12 15:45:00'),
    (1280, 'SS0114', 'SQ054', 3, NULL, NULL, '2026-06-12 15:45:00'),
    (1281, 'SS0114', 'SQ032', NULL, 'A', NULL, '2026-06-12 15:45:00'),
    (1282, 'SS0114', 'SQ027', 1, NULL, NULL, '2026-06-12 15:45:00'),
    (1283, 'SS0114', 'SQ007', 1, NULL, NULL, '2026-06-12 15:45:00'),
    (1284, 'SS0114', 'SQ038', NULL, NULL, 'Nếu một đang tôi chưa hoặc của tôi mà tôi hơn.', '2026-06-12 15:45:00'),
    (1285, 'SS0114', 'SQ013', 1, NULL, NULL, '2026-06-12 15:45:00'),
    (1286, 'SS0114', 'SQ057', NULL, 'D', NULL, '2026-06-12 15:45:00'),
    (1287, 'SS0114', 'SQ019', NULL, 'B', NULL, '2026-06-12 15:45:00'),
    (1288, 'SS0115', 'SQ014', NULL, 'A', NULL, '2026-06-12 15:45:00'),
    (1289, 'SS0115', 'SQ046', 1, NULL, NULL, '2026-06-12 15:45:00'),
    (1290, 'SS0115', 'SQ023', NULL, 'A', NULL, '2026-06-12 15:45:00'),
    (1291, 'SS0115', 'SQ016', 4, NULL, NULL, '2026-06-12 15:45:00'),
    (1292, 'SS0115', 'SQ026', NULL, NULL, 'Cách như nếu theo thì làm đến từ được đang người nếu nhưng.', '2026-06-12 15:45:00'),
    (1293, 'SS0115', 'SQ059', NULL, 'B', NULL, '2026-06-12 15:45:00'),
    (1294, 'SS0115', 'SQ035', NULL, 'C', NULL, '2026-06-12 15:45:00'),
    (1295, 'SS0115', 'SQ056', NULL, 'C', NULL, '2026-06-12 15:45:00'),
    (1296, 'SS0115', 'SQ022', NULL, 'C', NULL, '2026-06-12 15:45:00'),
    (1297, 'SS0115', 'SQ053', NULL, 'C', NULL, '2026-06-12 15:45:00'),
    (1298, 'SS0115', 'SQ006', 2, NULL, NULL, '2026-06-12 15:45:00'),
    (1299, 'SS0115', 'SQ034', NULL, 'D', NULL, '2026-06-12 15:45:00'),
    (1300, 'SS0115', 'SQ009', NULL, 'A', NULL, '2026-06-12 15:45:00'),
    (1301, 'SS0115', 'SQ018', NULL, 'A', NULL, '2026-06-12 15:45:00'),
    (1302, 'SS0116', 'SQ052', 5, NULL, NULL, '2026-06-12 15:45:00'),
    (1303, 'SS0116', 'SQ057', NULL, 'C', NULL, '2026-06-12 15:45:00'),
    (1304, 'SS0116', 'SQ051', NULL, 'D', NULL, '2026-06-12 15:45:00'),
    (1305, 'SS0116', 'SQ049', NULL, 'C', NULL, '2026-06-12 15:45:00'),
    (1306, 'SS0116', 'SQ060', NULL, NULL, 'Từ không đúng giống thay tự cũng đi nơi cũng như với như như vậy.', '2026-06-12 15:45:00'),
    (1307, 'SS0116', 'SQ030', NULL, 'C', NULL, '2026-06-12 15:45:00'),
    (1308, 'SS0116', 'SQ015', NULL, NULL, 'Làm của mà chỉ để lớn của các điều cách vì cách từ vẫn.', '2026-06-12 15:45:00'),
    (1309, 'SS0116', 'SQ026', NULL, NULL, 'Giữa sẽ về chưa với để giống khi được tại tôi như khi trong.', '2026-06-12 15:45:00'),
    (1310, 'SS0117', 'SQ045', NULL, 'A', NULL, '2026-06-12 15:45:00'),
    (1311, 'SS0117', 'SQ023', NULL, 'D', NULL, '2026-06-12 15:45:00'),
    (1312, 'SS0117', 'SQ057', NULL, 'B', NULL, '2026-06-12 15:45:00'),
    (1313, 'SS0117', 'SQ039', NULL, 'C', NULL, '2026-06-12 15:45:00'),
    (1314, 'SS0117', 'SQ020', NULL, 'C', NULL, '2026-06-12 15:45:00'),
    (1315, 'SS0117', 'SQ017', NULL, NULL, 'Của chỉ tôi được cho đó thì vài mỗi khi mà để.', '2026-06-12 15:45:00'),
    (1316, 'SS0117', 'SQ026', NULL, NULL, 'Một nếu theo về trong cái này vài tại cái thế cho đi đang lớn về.', '2026-06-12 15:45:00'),
    (1317, 'SS0117', 'SQ006', 4, NULL, NULL, '2026-06-12 15:45:00'),
    (1318, 'SS0117', 'SQ005', NULL, 'C', NULL, '2026-06-12 15:45:00'),
    (1319, 'SS0117', 'SQ037', 3, NULL, NULL, '2026-06-12 15:45:00'),
    (1320, 'SS0117', 'SQ016', 3, NULL, NULL, '2026-06-12 15:45:00'),
    (1321, 'SS0117', 'SQ056', NULL, 'A', NULL, '2026-06-12 15:45:00'),
    (1322, 'SS0118', 'SQ050', NULL, NULL, 'Hơn cho điều khi của nhưng đúng mỗi người gần.', '2026-06-12 15:45:00'),
    (1323, 'SS0118', 'SQ025', 1, NULL, NULL, '2026-06-12 15:45:00'),
    (1324, 'SS0118', 'SQ027', 3, NULL, NULL, '2026-06-12 15:45:00'),
    (1325, 'SS0118', 'SQ041', NULL, 'A', NULL, '2026-06-12 15:45:00'),
    (1326, 'SS0118', 'SQ030', NULL, 'C', NULL, '2026-06-12 15:45:00'),
    (1327, 'SS0118', 'SQ045', NULL, 'C', NULL, '2026-06-12 15:45:00'),
    (1328, 'SS0118', 'SQ051', NULL, 'C', NULL, '2026-06-12 15:45:00'),
    (1329, 'SS0118', 'SQ038', NULL, NULL, 'Dưới với cho đi tại sau tự rất vậy đi.', '2026-06-12 15:45:00'),
    (1330, 'SS0118', 'SQ044', NULL, 'D', NULL, '2026-06-12 15:45:00'),
    (1331, 'SS0118', 'SQ056', NULL, 'C', NULL, '2026-06-12 15:45:00'),
    (1332, 'SS0118', 'SQ003', NULL, NULL, 'Giống người để nơi mỗi sẽ số.', '2026-06-12 15:45:00'),
    (1333, 'SS0118', 'SQ048', 4, NULL, NULL, '2026-06-12 15:45:00'),
    (1334, 'SS0118', 'SQ059', NULL, 'A', NULL, '2026-06-12 15:45:00'),
    (1335, 'SS0118', 'SQ034', NULL, 'B', NULL, '2026-06-12 15:45:00'),
    (1336, 'SS0119', 'SQ012', 1, NULL, NULL, '2026-06-12 15:45:00'),
    (1337, 'SS0119', 'SQ029', 5, NULL, NULL, '2026-06-12 15:45:00'),
    (1338, 'SS0119', 'SQ025', 2, NULL, NULL, '2026-06-12 15:45:00'),
    (1339, 'SS0119', 'SQ031', 3, NULL, NULL, '2026-06-12 15:45:00'),
    (1340, 'SS0119', 'SQ023', NULL, 'B', NULL, '2026-06-12 15:45:00'),
    (1341, 'SS0119', 'SQ004', NULL, 'D', NULL, '2026-06-12 15:45:00'),
    (1342, 'SS0119', 'SQ008', NULL, NULL, 'Từ hơn nào với tại của từng của điều này mỗi có của.', '2026-06-12 15:45:00'),
    (1343, 'SS0119', 'SQ007', 2, NULL, NULL, '2026-06-12 15:45:00'),
    (1344, 'SS0119', 'SQ042', NULL, NULL, 'Với dưới khi cái từ mà theo.', '2026-06-12 15:45:00'),
    (1345, 'SS0119', 'SQ028', NULL, NULL, 'Số vài lớn và trong như cũng về của cách trong khi vì.', '2026-06-12 15:45:00'),
    (1346, 'SS0119', 'SQ045', NULL, 'B', NULL, '2026-06-12 15:45:00'),
    (1347, 'SS0120', 'SQ015', NULL, NULL, 'Này nhưng này có tự cách trong không từ chưa sau cái.', '2026-06-12 15:45:00'),
    (1348, 'SS0120', 'SQ021', NULL, NULL, 'Từng này chỉ tôi như rất có trong người như từ tôi tại nhưng.', '2026-06-12 15:45:00'),
    (1349, 'SS0120', 'SQ038', NULL, NULL, 'Để mỗi sẽ lớn cái giữa gần.', '2026-06-12 15:45:00'),
    (1350, 'SS0120', 'SQ053', NULL, 'A', NULL, '2026-06-12 15:45:00'),
    (1351, 'SS0120', 'SQ002', NULL, NULL, 'Từ gần hơn như thì cũng của như như hơn các dưới để chỉ giữa.', '2026-06-12 15:45:00'),
    (1352, 'SS0120', 'SQ049', NULL, 'B', NULL, '2026-06-12 15:45:00'),
    (1353, 'SS0120', 'SQ030', NULL, 'B', NULL, '2026-06-12 15:45:00'),
    (1354, 'SS0120', 'SQ025', 3, NULL, NULL, '2026-06-12 15:45:00'),
    (1355, 'SS0120', 'SQ044', NULL, 'D', NULL, '2026-06-12 15:45:00'),
    (1356, 'SS0120', 'SQ001', NULL, 'B', NULL, '2026-06-12 15:45:00');

SET session_replication_role = 'origin';
ANALYZE;
